VideoID,diff_start,diff_end
03-05-2024_08-46-23_p0030_s48_b1,31,36
07-03-2024_13-58-22_p0010_s122_b2,-4,13
08-01-2025_16-19-27_p0063_s20_b1,76,22
26-08-2024_16-41-14_p0019_s184_b3,95,37
28-03-2025_15-55-01_p0081,43,39
30-01-2025_16-29-12_p0068_s206_b3,26,17
29-02-2024_14-12-22_p0010_s63_b1,16,78
23-04-2024_15-04-15_p0026_s10_b1,15,53
13-02-2025_14-49-56_p0067_s20_b1,70,27
19-11-2024_15-42-32_p0054_s167_b3,24,18
25-03-2024_16-00-40_p0020_s281_b4,39,40
05-06-2024_15-11-22_p0037_s224_b4,20,29
10-08-2024_10-33-45_p0043_s83_b2,64,23
07-12-2024_10-38-51_p0053_s263_b4,22,30
25-03-2024_15-39-21_p0020_s233_b4,35,108
18-06-2024_16-50-10_p0028_s264_b4,22,26
09-05-2024_15-07-55_p0033,39,19
18-04-2024_10-32-01_p0025_s61_b1,-3,18
12-06-2024_09-56-27_p0036_s112_b2,56,11
26-08-2024_16-12-26_p0019_s161_b3,53,21
25-03-2025_18-53-22_p0079_s241_b3,64,18
08-04-2024_15-29-40_p0021_s90_b2,21,48
11-03-2024_15-34-28_p0020_s169_b3,-18,68
03-04-2025_13-42-31_p0080,28,19
12-06-2024_17-06-04_p0038,42,32
27-11-2024_15-18-07_p0054_s230_b4,32,32
24-07-2024_14-08-13_p0041_s3_b1,54,13
03-04-2025_14-05-10_p0080,25,20
18-01-2025_09-39-58_p0057_s213_b4,16,28
05-06-2024_10-25-19_p0036,105,14
10-05-2024_09-35-11_p0030_s212_b4,40,29
12-12-2024_18-51-51_p0058_s86_b2,54,15
22-01-2025_17-36-19_p0066,36,37
17-07-2024_14-09-11_p0041_sP04_b2,156,38
27-05-2024_16-32-15_p0032_s7_b1,23,77
27-03-2025_14-28-09_p0080_s201_b3,38,42
06-08-2024_16-50-48_p0039_s81_b1,42,31
29-04-2024_16-10-27_p0024_s241_b3,43,60
21-01-2025_14-58-44_p0065_s229_b4,38,26
25-02-2025_18-27-07_p0075,68,21
18-06-2024_16-08-53_p0028_s211_b4,27,18
19-02-2025_11-07-13_p0074,42,27
22-02-2024_13-26-53_p0018_s25_b1,38,22
25-03-2025_18-16-36_p0079_s161_b3,80,27
06-08-2024_16-13-45_p0039_s5_b1,159,26
04-07-2024_16-04-40_p0039_s201_b3,30,42
20-12-2024_15-07-27_p0061,-4,30
26-11-2024_16-21-43_p0056_s150_b2,57,37
11-05-2024_09-44-10_p0034_s174_b3,52,2
08-06-2024_09-59-25_p0031,27,50
05-10-2024_11-34-06_p0050_s66_b1,19,13
25-02-2025_19-36-36_p0075,31,16
26-03-2024_15-23-19_p0022_sP12_b3,15,24
24-05-2024_18-35-13_p0031_s91_b2,37,46
21-08-2024_14-48-11_p0044_s185_b3,60,14
05-06-2024_10-33-06_p0036_s274_b4,33,15
07-01-2025_13-44-19_p0062_s6_b1,49,61
25-03-2024_16-16-56_p0020_s109_b2,20,9
04-09-2024_14-29-52_p0044_s223_b4,29,18
13-09-2024_16-34-19_p0046_s29_b1,24,3
17-07-2024_14-27-58_p0041,21,43
24-03-2025_17-16-16_p0076,56,22
08-10-2024_16-09-59_p0049_s137_b2,23,10
19-12-2024_15-43-05_p0062_s162_b3,91,49
27-05-2024_16-44-37_p0032_s34_b1,20,75
06-02-2025_14-13-28_p0067,18,13
19-12-2024_15-44-42_p0062_s164_b3,69,22
11-03-2025_18-52-14_p0075_s46_b1,103,24
12-12-2024_16-06-44_p0057_s134_b2,44,25
13-11-2024_17-59-31_p0051_s276_b4,32,17
05-12-2024_17-08-16_p0055_s245_b4,100,27
29-02-2024_13-41-27_p0010_s11_b1,7,46
20-03-2025_16-26-38_p0078,24,7
22-01-2025_17-45-06_p0066_s202_b3,62,39
10-01-2025_14-27-22_p0062_sP04_b2,132,52
05-06-2024_10-12-33_p0036_s247_b4,27,8
31-01-2024_14-51-44_p13,29,25
12-12-2024_19-33-05_p0058_s145_b2,70,12
10-12-2024_16-16-31_p0056_s276_b4,46,37
04-02-2025_16-39-10_p0066_s112_b2,32,23
07-05-2024_15-12-21_p0027_s59_b1,16,12
28-08-2024_15-29-01_p0038_s127_b2,118,6
05-09-2024_16-08-20_p0047_s247_b4,52,31
28-08-2024_10-04-09_p0044,48,21
26-02-2025_10-40-48_p0074_s150_b2,51,27
07-05-2024_15-00-40_p0027_s24_b1,14,16
23-07-2024_16-05-06_p0039_s87_b2,17,23
27-05-2024_15-09-16_p0032_s159_b3,27,33
21-02-2024_16-09-49_p0016,3,22
12-12-2024_16-10-52_p0057_s141_b2,42,35
23-05-2024_14-49-26_p0035_s168_b3,32,58
14-02-2025_18-18-35_p0073,18,10
11-03-2025_15-21-59_p0073,83,31
02-05-2024_14-39-07_p0026,16,18
28-03-2025_15-30-51_p0081_s100_b2,76,50
15-02-2025_11-54-40_p0070_s102_b2,64,9
28-03-2025_15-51-29_p0081_s144_b2,57,41
10-09-2024_14-57-24_p0048_s156_b2,20,13
08-08-2024_14-59-15_p0042_s117_b2,34,26
10-05-2024_09-12-23_p0030_sP20_b3,41,45
05-10-2024_09-30-00_p0050_s223_b4,24,24
04-09-2024_15-44-57_p0044_s5_b1,90,11
11-03-2025_15-24-51_p0073_s261_b4,13,24
16-10-2024_16-26-38_p0049_s14_b1,19,7
18-03-2024_11-31-43_p0013_s258_b4,9,19
05-06-2024_09-52-51_p0036_s221_b4,30,26
17-07-2024_14-30-48_p0041_s122_b2,44,30
12-03-2024_10-36-19_p0021_s247_b4,7,55
16-10-2024_16-32-11_p0049_s28_b1,18,2
30-01-2024_15-03-05_p12,52,38
19-06-2024_09-50-42_p0036_s5_b1,37,38
03-10-2024_16-01-24_p0050_s206_b3,24,11
16-09-2024_16-59-47_p0045_s51_b1,14,28
03-05-2024_14-26-10_p0027,23,15
17-09-2024_16-12-20_p0048_s269_b4,22,18
08-05-2024_09-56-59_p0030,35,22
23-07-2024_16-38-47_p0039_s144_b2,60,19
08-05-2024_10-01-47_p0030,46,34
05-06-2024_09-59-13_p0036_s222_b4,43,9
06-02-2025_14-53-03_p0068_s103_b2,26,24
21-08-2024_15-01-19_p0044_s200_b3,43,19
21-02-2025_18-25-43_p0068_s68_b1,94,16
13-02-2025_18-56-47_p0070_s194_b3,46,31
13-09-2024_15-46-27_p0046_s257_b4,38,4
27-02-2025_14-03-28_p0073,17,2
24-05-2024_19-08-09_p0031,33,29
03-08-2024_10-34-37_p0043,58,-1
20-05-2024_15-53-08_p0023_s140_b2,10,12
19-02-2025_10-19-20_p0074_s167_b3,22,23
24-05-2024_18-55-52_p0031_s126_b2,1,41
08-01-2025_16-32-43_p0063_s49_b1,107,43
01-02-2025_14-40-14_p0064_s78_b1,101,16
01-02-2025_10-40-47_p0069_s56_b1,32,18
12-12-2024_15-36-04_p0057_s95_b2,24,23
21-11-2024_15-43-32_p0055_s191_b3,34,43
11-03-2025_19-02-25_p0075_s66_b1,84,23
30-04-2024_13-49-34_p0024,44,44
10-12-2024_17-34-20_p0056_s59_b1,39,38
05-12-2024_16-13-24_p0055_s61_b1,42,27
14-01-2025_16-07-20_p0060_s154_b2,20,24
11-07-2024_15-49-32_p0041_s241_b3,88,22
20-05-2024_11-57-16_p0034_s78_b1,39,43
10-09-2024_17-07-37_p0045,59,27
06-02-2025_15-12-03_p0068_s130_b2,16,32
28-11-2024_15-56-23_p0055_s129_b2,64,42
22-08-2024_16-06-59_p0042_s278_b4,20,8
12-07-2024_14-35-35_p0040_s169_b3,27,-12
26-10-2024_12-09-46_p0051_s173_b3,50,8
23-07-2024_16-21-06_p0039,37,25
19-07-2024_15-22-38_p0040_s19_b1,59,18
13-03-2024_15-16-37_p0014_s133_b2,58,30
27-05-2024_15-56-18_p0032_s194_b3,26,44
13-12-2024_15-01-46_p0054_s114_b2,39,25
13-12-2024_16-39-44_p0054_s79_b1,42,19
22-02-2024_11-00-36_p0017,21,35
21-02-2025_18-06-00_p0068_s30_b1,35,18
07-02-2025_16-30-52_p0046_s172_b3,15,22
03-04-2025_13-39-11_p0080_s97_b2,60,11
12-03-2024_14-43-30_p0022_s66_b1,43,29
11-06-2024_14-10-29_p0035_s109_b2,37,32
07-03-2024_14-03-48_p0010_s138_b2,31,15
10-08-2024_11-11-07_p0043,27,26
21-11-2024_15-11-08_p0055_s165_b3,24,37
26-04-2024_15-08-25_p0028_s71_b1,23,20
01-08-2024_17-03-38_p0042,45,17
06-11-2024_17-00-06_p0051,25,16
31-01-2024_14-59-14_p13,19,40
30-01-2025_16-00-36_p0068,28,6
31-01-2025_15-39-23_p0065,78,35
04-02-2025_17-02-53_p0066,31,17
23-05-2024_15-14-24_p0035,64,41
26-04-2024_15-06-57_p0028_s68_b1,25,24
03-10-2024_16-03-26_p0050_s208_b3,22,6
03-02-2025_16-58-26_p0071_s116_b2,31,21
06-02-2025_18-32-19_p0069,15,21
31-08-2024_13-25-25_p0047_s194_b3,45,32
17-08-2024_10-26-13_p0043_s48_b1,111,22
28-09-2024_14-36-51_p0016_s73_b1,5,13
30-04-2024_13-12-39_p0024_s102_b2,20,50
18-12-2024_16-50-07_p0057_s169_b3,31,18
26-03-2024_15-07-42_p0022_s167_b3,20,43
28-08-2024_16-29-29_p0038_s22_b1,40,15
21-12-2024_10-24-32_p0061_s53_b1,93,28
01-02-2025_12-10-20_p0070_s249_b4,76,3
25-03-2024_16-28-50_p0020_s129_b2,13,15
28-02-2024_16-37-57_p0011_s123_b2,42,32
21-02-2025_17-14-37_p0068_s228_b4,17,18
12-02-2025_17-14-31_p0072,46,14
21-11-2024_15-50-04_p0055,35,39
20-03-2025_14-59-11_p0076,26,21
21-08-2024_15-08-41_p0044,37,13
15-02-2025_10-36-38_p0065,57,20
19-03-2024_15-53-47_p0022_s154_b2,68,32
06-11-2024_16-27-13_p0051_s93_b2,49,17
17-09-2024_14-42-31_p0048_s29_b1,20,34
15-02-2025_10-26-09_p0065_s81_b1,126,22
13-12-2024_16-26-38_p0054_s52_b1,34,24
23-05-2024_15-10-55_p0035_s191_b3,47,29
05-10-2024_09-20-20_p0050_s214_b4,31,6
10-05-2024_16-26-44_p0033_s11_b1,16,13
24-01-2025_14-37-11_p0060,15,39
14-12-2024_10-44-51_p0059_s90_b2,34,10
25-03-2024_16-35-17_p0020_s146_b2,17,16
04-02-2025_17-05-18_p0066,29,26
02-04-2024_15-37-44_p0021_s190_b3,46,22
12-06-2024_10-20-27_p0036,14,9
10-08-2024_10-55-13_p0043,51,30
18-03-2024_11-37-40_p0013_s265_b4,17,17
20-03-2025_15-00-26_p0076,27,17
24-07-2024_15-06-37_p0041_s233_b4,22,23
01-02-2025_14-28-07_p0064_s56_b1,33,26
19-02-2025_16-34-16_p0072_s18_b1,55,12
31-08-2024_14-13-06_p0047_s243_b3,84,33
28-06-2024_14-20-18_p0035_s38_b1,34,38
18-01-2025_13-02-10_p0064_s187_b3,70,39
19-06-2024_15-07-33_p0023_s164_b3,42,41
02-04-2024_15-02-33_p0021,47,16
27-11-2024_15-28-09_p0054_s251_b4,11,25
24-07-2024_14-26-38_p0041_s48_b1,42,14
03-12-2024_15-34-19_p0056,31,63
11-05-2024_09-41-12_p0034,127,34
17-08-2024_10-31-55_p0043_s61_b1,50,19
28-06-2024_15-42-36_p0035_s267_b4,1,5
20-05-2024_16-06-31_p0023,11,11
17-06-2024_15-29-31_p0019_s147_b2,21,30
18-06-2024_15-08-52_p0028_s116_b2,38,38
26-02-2025_09-24-53_p0074_s83_b2,63,21
28-09-2024_14-01-53_p0016_s2_b1,24,5
08-11-2024_14-47-39_p0052_s37_b1,38,55
10-12-2024_17-57-07_p0056_s78_b1,40,45
26-04-2024_15-01-38_p0028_s60_b1,71,24
08-01-2025_14-55-29_p0063,18,45
31-03-2025_18-19-44_p0079_s213_b4,38,51
08-11-2024_15-37-16_p0053_sP05_b2,42,39
17-07-2024_14-50-35_p0041,33,54
20-12-2024_15-04-31_p0061,5,20
05-03-2024_10-43-49_p0014_sP02_b1,43,48
14-01-2025_15-23-07_p0060_s111_b2,27,42
28-02-2024_16-56-54_p0011,5,25
23-07-2024_16-27-58_p0039_s126_b2,29,27
06-02-2025_15-07-49_p0068_s122_b2,85,26
30-01-2024_14-13-15_p12,7,18
03-02-2025_17-21-19_p0071,47,8
25-02-2025_19-30-55_p0075,39,28
18-03-2024_15-44-27_p0020_s72_b1,12,32
04-07-2024_15-58-29_p0039,49,54
20-12-2024_14-53-49_p0061_s131_b2,75,32
08-06-2024_10-18-29_p0031_sP01_b1,25,6
05-03-2024_10-25-22_p0014_s13_b1,59,46
15-02-2025_09-58-28_p0065_s31_b1,47,26
13-03-2024_15-25-46_p0014,34,27
06-09-2024_15-16-17_p0047_s87_b2,15,18
24-05-2024_18-56-39_p0031_s128_b2,49,30
15-02-2025_10-14-47_p0065_s63_b1,96,20
23-11-2024_13-04-30_p0052_s96_b2,13,46
27-03-2024_15-36-23_p0015,17,14
08-01-2025_14-44-05_p0063,53,29
12-12-2024_19-35-40_p0058,12,29
07-12-2024_11-17-23_p0053_s49_b1,41,18
19-07-2024_15-34-22_p0040_s43_b1,70,21
26-02-2024_15-50-51_p0019_s239_b4,25,40
16-04-2024_15-42-24_p0016_s183_b3,0,23
10-09-2024_16-57-15_p0045,30,19
06-05-2024_15-41-09_p0032_s254_b4,58,46
11-03-2024_15-49-21_p0020_s180_b3,-8,64
10-01-2025_15-04-13_p0062_s135_b2,79,35
05-12-2024_16-12-14_p0055_s58_b1,65,28
20-02-2025_19-12-03_p0075_s182_b3,40,26
22-03-2025_12-10-49_p0079,46,29
04-09-2024_15-56-17_p0044_s24_b1,55,21
20-03-2025_14-45-28_p0076,18,37
26-08-2024_16-51-07_p0019,26,16
14-12-2024_12-00-47_p0059,11,17
07-03-2024_13-53-42_p0010,7,56
06-05-2024_15-55-46_p0032,50,51
10-08-2024_10-53-48_p0043_s124_b2,60,29
19-07-2024_15-16-26_p0040_s8_b1,36,5
26-03-2024_15-17-34_p0022_s171_b3,58,23
19-07-2024_13-54-45_p0040_s94_b2,41,20
15-02-2025_11-28-17_p0065_s149_b2,31,12
15-02-2025_10-01-07_p0065_s38_b1,106,16
30-10-2024_14-37-40_p0052_s160_b3,58,48
18-01-2025_09-46-37_p0057,33,31
12-03-2025_10-28-45_p0074_s259_b4,100,19
22-02-2024_14-05-10_p0018_s94_b2,8,20
05-02-2025_17-42-25_p0072,61,16
24-01-2024_17-42-49_p10,23,7
04-09-2024_16-13-41_p0044_s57_b1,37,8
20-03-2024_15-27-27_p0015_s204_b3,45,59
29-04-2024_16-02-01_p0024_s200_b3,40,51
30-04-2024_13-21-18_p0024,32,108
24-03-2025_16-42-59_p0076,115,27
10-01-2025_15-31-56_p0063_s212_b4,28,39
14-12-2024_12-06-52_p0059,26,9
04-09-2024_14-42-20_p0044_s251_b4,22,25
15-05-2024_15-16-48_p0032_sP05_b2,60,39
13-11-2024_17-47-02_p0051_s258_b4,17,26
28-06-2024_14-16-50_p0035_s29_b1,60,41
18-03-2024_15-43-22_p0020_s68_b1,10,16
11-02-2025_19-17-13_p0069,8,23
12-06-2024_16-25-04_p0038,38,17
25-03-2024_16-37-07_p0020,8,5
28-08-2024_10-09-06_p0044,23,29
17-06-2024_14-55-20_p0019_s94_b2,25,42
30-10-2024_15-19-51_p0052_s199_b3,53,64
08-11-2024_15-42-19_p0053_s95_b2,28,56
13-02-2025_19-51-32_p0070_s78_b1,58,33
01-02-2025_12-28-05_p0070_s283_b4,35,13
07-05-2024_15-05-09_p0027_s38_b1,19,3
12-03-2025_10-49-04_p0074_s20_b1,82,33
06-09-2024_16-11-39_p0047,19,-8
03-05-2024_14-27-21_p0027,17,25
05-09-2024_14-51-18_p0047_s29_b1,81,19
19-06-2024_10-03-10_p0036_s31_b1,71,23
12-06-2024_16-24-09_p0038,39,57
22-08-2024_16-54-31_p0042_s51_b1,27,45
03-04-2024_15-59-48_p0023_s258_b4,45,35
20-03-2025_14-48-49_p0076_s129_b2,34,36
25-03-2024_15-52-08_p0020_s261_b4,16,41
19-06-2024_16-51-20_p0023_s78_b1,9,15
19-12-2024_15-37-34_p0062,47,45
25-03-2025_18-37-09_p0079_s189_b3,63,21
30-10-2024_14-44-57_p0052,27,25
10-01-2025_16-11-49_p0063_s276_b4,43,33
20-02-2025_19-39-15_p0075_s199_b3,36,22
13-02-2025_19-51-04_p0070_s77_b1,54,37
21-02-2024_16-08-34_p0016,10,6
03-09-2024_14-29-04_p0048_s163_b3,57,12
08-05-2024_10-02-33_p0030,39,29
05-10-2024_09-53-40_p0050_s255_b4,35,12
13-03-2024_16-11-31_p0014_s265_b4,18,36
28-02-2024_16-58-07_p0011,-2,35
22-08-2024_16-49-32_p0042_s39_b1,81,14
06-02-2025_13-32-25_p0067_s89_b2,34,16
05-06-2024_10-37-27_p0036_s280_b4,29,3
19-03-2024_15-40-01_p0022,21,28
28-09-2024_13-48-08_p0016_s282_b4,28,10
16-05-2024_15-13-37_p0034,58,39
08-06-2024_10-01-43_p0031_s266_b4,26,41
07-03-2024_13-49-45_p0010_s105_b2,5,-5
19-06-2024_10-29-48_p0036_s80_b1,30,26
28-08-2024_16-35-50_p0038_s31_b1,41,1
07-03-2024_14-18-34_p0010_s156_b2,-2,4
10-09-2024_17-05-39_p0045_s177_b3,41,15
06-08-2024_16-20-51_p0039_s20_b1,20,22
20-03-2025_14-26-32_p0076_s87_b2,1,19
23-04-2024_15-34-49_p0026_s77_b1,34,54
21-02-2024_15-40-27_p0016_s118_b2,-3,25
08-06-2024_10-27-20_p0031_s24_b1,36,18
11-06-2024_14-43-41_p0035_s150_b2,24,19
22-08-2024_15-51-30_p0042_s250_b4,9,101
04-09-2024_16-14-15_p0044_s58_b1,65,11
06-11-2024_16-35-38_p0051,28,19
18-12-2024_09-22-39_p0061,107,41
21-02-2024_15-20-43_p0016_s90_b2,22,11
08-01-2025_15-36-01_p0063_s205_b3,50,35
24-07-2024_15-19-26_p0041_s259_b4,42,23
17-02-2025_18-21-54_p0071_s256_b4,38,22
03-10-2024_16-05-11_p0050_s241_b3,17,9
13-03-2024_15-12-37_p0014,81,44
13-02-2025_19-34-03_p0070_s42_b1,41,27
22-08-2024_16-00-31_p0042,34,9
04-07-2024_15-15-29_p0039,38,28
10-12-2024_16-13-39_p0056_s272_b4,45,36
04-02-2025_17-03-27_p0066,29,26
14-03-2025_17-16-17_p0077_s17_b1,57,34
10-08-2024_10-38-25_p0043_s93_b2,72,24
03-05-2024_18-54-29_p0031_s192_b3,30,26
28-09-2024_13-06-55_p0016_s219_b4,10,14
28-08-2024_16-22-16_p0038_s6_b1,54,8
15-02-2025_11-01-58_p0065_s125_b2,69,10
28-08-2024_10-09-50_p0044,27,21
04-07-2024_16-03-51_p0039_s199_b3,62,56
24-01-2024_17-31-30_p10,42,12
05-06-2024_10-36-24_p0036_s279_b4,59,16
24-07-2024_15-12-04_p0041_s246_b4,30,25
07-12-2024_11-19-20_p0053_s56_b1,29,31
12-06-2024_16-46-14_p0038_s189_b3,180,42
01-02-2025_13-24-28_p0064_s229_b4,27,25
04-09-2024_16-22-28_p0044_s68_b1,92,10
30-08-2024_16-25-49_p0046,11,15
13-02-2025_19-33-04_p0070_s40_b1,46,31
26-08-2024_16-12-57_p0019,39,26
06-02-2025_13-48-34_p0067_s117_b2,27,32
13-09-2024_16-42-48_p0046_s51_b1,14,12
13-12-2024_15-53-45_p0054,16,37
17-09-2024_14-53-22_p0048_s49_b1,27,8
30-04-2024_13-44-45_p0024,53,59
08-05-2024_09-47-12_p0030_s124_b2,37,28
25-01-2025_13-35-52_p0064,34,43
01-02-2025_13-23-54_p0064_s227_b4,19,19
18-03-2024_15-18-38_p0020_s19_b1,-23,29
11-02-2025_18-27-43_p0066_s79_b1,22,18
20-03-2025_14-26-46_p0076_s88_b2,-21,25
16-04-2024_15-56-40_p0016_s201_b3,9,22
28-02-2024_16-30-27_p0011,11,30
28-03-2025_15-39-10_p0081_s116_b2,45,44
12-12-2024_16-04-09_p0057_s130_b2,60,32
03-05-2024_14-02-11_p0027_s87_b2,23,24
17-02-2025_18-37-32_p0071_s278_b4,29,21
05-03-2024_10-23-27_p0014_s7_b1,12,50
10-02-2025_16-36-59_p0071,142,1
27-03-2025_14-27-45_p0080_s200_b3,51,42
16-04-2024_10-53-08_p0025_s264_b4,34,48
21-12-2024_09-32-18_p0061_s234_b4,37,2
19-03-2024_15-44-05_p0022,23,26
20-03-2024_15-10-44_p0015_s179_b3,5,12
03-09-2024_14-42-16_p0048,10,18
13-11-2024_16-47-42_p0051_s23_b1,14,27
18-06-2024_15-39-27_p0028,30,59
17-07-2024_14-16-34_p0041_s93_b2,58,27
20-05-2024_15-21-51_p0023_s100_b2,9,26
21-01-2025_14-58-01_p0065_s227_b4,33,34
14-12-2024_10-51-50_p0059_s100_b2,39,8
31-01-2025_14-58-38_p0065_s169_b3,29,51
04-07-2024_15-16-32_p0039,45,48
28-09-2024_13-19-39_p0016_s225_b4,29,10
01-02-2025_13-37-07_p0064_s255_b4,34,19
02-05-2024_14-42-51_p0026,11,18
24-01-2024_17-15-49_p10,29,12
15-02-2025_10-42-13_p0065_s98_b2,26,14
10-12-2024_17-20-36_p0056_s33_b1,134,28
04-09-2024_14-25-13_p0044_s220_b4,25,21
17-07-2024_14-26-26_p0041_s116_b2,19,38
30-04-2024_13-50-29_p0024,39,49
08-11-2024_16-14-49_p0053_s140_b2,27,40
10-05-2024_16-39-23_p0033_s40_b1,18,7
29-02-2024_13-48-48_p0010_s20_b1,22,44
11-03-2025_18-51-44_p0075_s44_b1,74,16
28-08-2024_10-12-58_p0044,29,27
27-03-2025_14-29-56_p0080_s205_b3,43,35
08-06-2024_09-56-04_p0031,22,38
20-12-2024_14-37-20_p0061_s110_b2,47,23
08-06-2024_10-32-57_p0031_s40_b1,29,30
05-10-2024_09-21-39_p0050_s218_b4,18,17
19-07-2024_14-39-39_p0040_s155_b2,32,23
27-05-2024_16-30-45_p0032_s3_b1,25,65
17-09-2024_15-41-00_p0048_s223_b4,32,3
10-08-2024_11-07-53_p0043,23,28
26-03-2024_15-37-03_p0022_s191_b3,11,27
10-05-2024_09-56-43_p0030,50,31
25-03-2024_16-12-50_p0020_s97_b2,11,20
10-05-2024_15-40-38_p0033,39,43
10-05-2024_15-43-50_p0033_s263_b4,38,39
08-05-2024_09-33-09_p0030_s95_b2,20,24
01-02-2025_12-00-13_p0070_s223_b4,44,24
12-12-2024_19-04-31_p0058_s101_b2,24,33
02-05-2024_15-01-30_p0026_s177_b3,10,19
18-04-2024_15-22-20_p0026_sP05_b2,86,21
21-02-2024_15-55-45_p0016,-6,21
17-08-2024_10-44-35_p0043,49,29
25-01-2025_13-07-11_p0064_s113_b2,49,23
24-04-2024_15-38-41_p0027_s172_b3,77,131
06-08-2024_16-24-00_p0039_s28_b1,60,27
20-03-2025_15-49-09_p0078_s82_b2,42,63
13-09-2024_16-22-29_p0046_s3_b1,83,4
22-02-2024_14-29-22_p0018_s146_b2,-1,22
21-11-2024_15-12-47_p0055_s166_b3,69,43
03-05-2024_18-34-57_p0031,20,36
08-08-2024_15-13-21_p0042_s139_b2,28,31
17-02-2025_17-33-57_p0071_s60_b1,65,27
05-09-2024_14-39-32_p0047_s13_b1,76,19
25-01-2025_13-17-46_p0064_s129_b2,36,20
20-03-2024_15-11-06_p0015_s180_b3,26,57
14-03-2025_16-56-52_p0077_s281_b4,71,28
03-02-2025_17-25-11_p0071,56,6
13-12-2024_15-06-41_p0054,12,35
25-03-2024_15-59-56_p0020_s280_b4,35,31
13-11-2024_16-55-44_p0051_s42_b1,63,20
05-12-2024_16-09-33_p0055_s53_b1,111,45
19-07-2024_14-09-50_p0040_s120_b2,70,31
30-10-2024_15-21-13_p0052_s201_b3,12,29
07-12-2024_11-23-55_p0053_s71_b1,13,27
18-01-2025_10-20-30_p0057_s264_b4,22,28
21-01-2025_15-23-29_p0065_s268_b4,79,23
20-12-2024_14-32-30_p0061_s103_b2,49,32
02-05-2024_15-22-01_p0026,3,21
11-03-2025_18-56-16_p0075_s56_b1,35,18
29-04-2024_12-01-05_p0029,26,11
14-02-2025_18-17-16_p0073,24,14
01-02-2025_09-30-54_p0069,26,24
13-11-2024_16-48-24_p0051_s25_b1,28,34
18-06-2024_15-27-00_p0028_s138_b2,38,52
21-12-2024_10-34-29_p0061_s70_b1,111,17
01-02-2025_12-21-34_p0070_s269_b4,69,14
18-12-2024_09-39-12_p0061_s173_b3,46,25
27-05-2024_16-29-54_p0032_s1_b1,1,21
16-09-2024_17-07-19_p0045_s63_b1,117,-4
12-07-2024_14-59-17_p0040_s173_b3,65,57
05-10-2024_11-19-05_p0050_s23_b1,29,7
19-11-2024_16-36-26_p0054_s198_b3,31,18
19-06-2024_15-38-18_p0023,50,67
22-02-2024_11-56-57_p0017_s276_b4,29,46
27-03-2024_15-27-36_p0015_s131_b2,23,28
22-08-2024_15-42-18_p0042_s235_b4,-78,169
23-05-2024_14-53-37_p0035,28,24
10-05-2024_09-09-04_p0030_s204_b3,43,48
10-08-2024_11-14-46_p0043_s150_b2,42,11
29-04-2024_11-38-49_p0029_s113_b2,24,10
14-03-2025_16-44-29_p0077,55,33
25-03-2025_18-27-20_p0079,101,23
24-03-2025_17-07-58_p0076_s250_b4,31,12
22-02-2024_11-51-17_p0017,39,30
31-03-2025_18-38-11_p0079_s257_b4,58,49
04-09-2024_14-22-31_p0044_s214_b4,22,19
21-08-2024_14-55-09_p0044_s192_b3,51,15
05-12-2024_16-56-36_p0055_s222_b4,26,12
20-03-2025_15-00-39_p0076,-2,12
11-03-2025_15-26-08_p0073,45,42
04-10-2024_15-16-40_p0050,28,27
12-02-2025_17-05-08_p0072_s142_b2,6,23
18-01-2025_09-47-15_p0057_s222_b4,25,8
19-11-2024_16-09-37_p0054_s185_b3,21,18
24-03-2025_17-38-03_p0076_s34_b1,57,25
02-04-2024_15-49-34_p0021_s202_b3,8,25
21-08-2024_14-34-27_p0044,13,2
17-08-2024_11-16-57_p0043,64,14
03-09-2024_15-00-20_p0048_s179_b3,31,12
03-02-2025_16-58-02_p0071_s115_b2,59,10
16-07-2024_16-53-06_p0039_s267_b4,44,17
06-02-2025_13-52-20_p0067_s125_b2,44,17
07-12-2024_10-29-23_p0053_s252_b4,13,24
16-10-2024_15-45-59_p0049_s180_b3,15,12
18-06-2024_16-34-21_p0028,24,28
07-01-2025_14-04-20_p0062_s42_b1,62,67
18-03-2024_11-22-51_p0013_s235_b4,11,20
07-12-2024_11-22-44_p0053_s67_b1,64,26
14-12-2024_10-43-29_p0059,88,16
10-05-2024_18-06-08_p0025_sP05_b2,13,14
22-04-2024_09-19-36_p0025,10,20
03-02-2025_17-04-31_p0071_s123_b2,81,25
31-08-2024_12-20-41_p0047_s161_b3,60,35
12-12-2024_19-44-58_p0058_s151_b2,61,29
13-03-2024_15-55-23_p0014_s232_b4,19,42
06-09-2024_15-51-53_p0047_s135_b2,15,19
26-02-2025_10-28-02_p0074_s143_b2,65,33
23-11-2024_13-40-18_p0052,0,13
16-09-2024_15-29-50_p0045_s110_b2,51,7
10-02-2025_16-38-44_p0071,12,12
10-12-2024_15-39-56_p0056_s238_b4,39,53
25-02-2025_18-28-05_p0075_s90_b2,52,18
12-12-2024_19-18-06_p0058_s120_b2,69,37
07-05-2024_14-30-29_p0027,34,47
27-03-2024_16-10-58_p0015_s33_b1,21,25
07-12-2024_10-25-07_p0053_s246_b4,13,17
26-11-2024_16-22-26_p0056_s152_b2,86,46
18-06-2024_15-20-22_p0028_s128_b2,28,46
29-02-2024_14-19-58_p0010_s80_b1,9,35
04-02-2025_16-32-56_p0066_s99_b2,34,23
16-10-2024_15-27-36_p0049_s168_b3,16,18
13-02-2025_19-28-49_p0070_s30_b1,97,26
24-05-2024_19-12-27_p0031,13,36
21-02-2025_17-06-40_p0068_s215_b4,15,18
17-09-2024_16-15-20_p0048_s275_b4,21,18
30-10-2024_14-57-17_p0052_s174_b3,26,7
22-03-2025_12-05-09_p0079_s147_b2,94,40
10-02-2025_16-52-59_p0071_s178_b3,64,10
27-03-2024_16-10-19_p0015_s31_b1,44,26
24-05-2024_18-31-50_p0031_s85_b2,49,27
19-02-2025_10-11-42_p0074,56,32
24-01-2025_15-06-14_p0060_s257_b4,22,35
26-08-2024_16-44-39_p0019_s189_b3,30,28
13-09-2024_16-22-05_p0046_s2_b1,32,12
24-05-2024_18-57-16_p0031_s130_b2,31,24
06-08-2024_16-37-42_p0039_s56_b1,31,29
03-02-2025_17-01-21_p0071_s117_b2,53,21
08-08-2024_14-36-00_p0042,30,31
27-11-2024_15-40-06_p0054,40,27
04-02-2025_17-06-57_p0066,45,33
24-07-2024_14-24-05_p0041_s42_b1,41,22
17-09-2024_15-33-10_p0048_s214_b4,13,13
01-02-2025_09-43-12_p0069_s231_b4,33,32
14-08-2024_16-28-21_p0038_s273_b4,18,23
20-05-2024_15-19-25_p0023_s94_b2,13,11
19-06-2024_15-25-00_p0023_s178_b3,27,44
30-01-2024_11-16-23_p11,6,35
05-10-2024_10-03-10_p0050,69,23
03-02-2025_16-50-21_p0071_s105_b2,44,27
28-08-2024_16-35-26_p0038_s30_b1,69,3
15-02-2025_09-51-16_p0065_s18_b1,45,26
16-04-2024_15-50-45_p0016_s192_b3,15,25
26-03-2024_16-27-40_p0022,19,46
19-02-2025_16-03-27_p0072,95,15
22-04-2024_09-11-13_p0025_s163_b3,21,30
03-04-2024_15-53-20_p0023_s245_b4,78,41
13-11-2024_17-09-35_p0051_s65_b1,98,38
07-02-2025_16-22-58_p0046_s169_b3,32,25
17-08-2024_10-19-37_p0043_s33_b1,88,23
27-03-2024_15-22-49_p0015_s123_b2,38,25
24-05-2024_19-10-35_p0031,59,40
16-09-2024_16-48-48_p0045_s35_b1,37,13
05-09-2024_16-18-54_p0047_s257_b4,38,28
12-03-2025_10-20-51_p0074_s239_b4,11,21
07-12-2024_11-20-56_p0053_s62_b1,38,29
01-08-2024_16-46-23_p0042,18,13
24-04-2024_15-23-20_p0027_s165_b3,58,90
21-08-2024_15-04-18_p0044,53,9
08-10-2024_16-06-48_p0049_s131_b2,21,13
02-04-2024_15-54-44_p0021,12,9
10-01-2025_14-54-13_p0062_s119_b2,103,42
18-04-2024_10-12-16_p0025_s13_b1,49,33
28-08-2024_15-10-23_p0038_s103_b2,44,10
14-08-2024_15-57-06_p0038_s233_b4,33,7
19-02-2025_15-48-39_p0072_s226_b4,46,23
09-05-2024_14-20-43_p0033_s94_b2,53,28
08-07-2024_12-33-40_p0040_s280_b4,30,18
08-10-2024_16-20-01_p0049,11,2
26-04-2024_15-00-18_p0028_s56_b1,16,23
20-12-2024_15-05-33_p0061,6,37
03-02-2025_17-14-38_p0071_s140_b2,70,1
07-02-2025_16-34-32_p0046_s178_b3,23,18
13-02-2025_14-15-13_p0067_s276_b4,57,31
10-01-2025_15-05-02_p0062_s137_b2,32,43
21-12-2024_10-25-53_p0061_s56_b1,36,19
05-06-2024_15-00-14_p0037,17,30
02-05-2024_16-14-10_p0026_s271_b4,9,25
08-11-2024_16-23-47_p0053,29,43
10-09-2024_13-55-27_p0048,48,19
15-02-2025_11-30-37_p0065_s157_b2,36,26
26-03-2024_15-40-21_p0022_s194_b3,22,18
23-07-2024_16-09-10_p0039_s96_b2,37,27
17-07-2024_14-51-47_p0041,37,51
12-02-2025_16-39-01_p0072,82,10
20-05-2024_12-10-21_p0034_s226_b4,49,57
21-02-2024_15-21-12_p0016_s92_b2,20,14
14-08-2024_15-39-15_p0038_s211_b4,36,14
08-10-2024_15-58-19_p0049,26,5
06-09-2024_15-29-26_p0047_s111_b2,5,7
15-02-2025_10-23-56_p0065_s75_b1,73,19
05-06-2024_15-16-51_p0037_s238_b4,11,33
27-05-2024_16-58-47_p0032_s66_b1,20,73
30-08-2024_16-13-42_p0046_s140_b2,19,7
13-11-2024_16-45-15_p0051_s16_b1,38,16
03-05-2024_14-25-47_p0027,23,10
18-04-2024_15-27-12_p0026_s101_b2,8,30
04-09-2024_16-11-09_p0044_s52_b1,58,4
18-01-2025_10-04-02_p0057_s246_b4,33,30
01-08-2024_16-54-16_p0042_s200_b3,33,7
18-03-2024_11-41-38_p0013_s275_b4,14,25
25-02-2025_19-43-43_p0075_s156_b2,86,17
20-02-2025_18-36-15_p0075_s160_b3,37,23
24-03-2025_16-59-58_p0076_s228_b4,50,21
27-05-2024_16-42-25_p0032_s28_b1,37,66
13-12-2024_16-25-51_p0054_s50_b1,57,27
11-02-2025_16-55-40_p0066_s223_b4,30,10
07-05-2024_15-11-14_p0027_s56_b1,13,12
27-05-2024_16-46-48_p0032_s40_b1,25,50
08-11-2024_14-40-34_p0052_s31_b1,41,50
17-12-2024_16-19-46_p0060_s166_b3,19,17
28-09-2024_13-41-43_p0016_s269_b4,15,13
22-04-2024_09-13-15_p0025,26,45
07-12-2024_11-19-03_p0053_s55_b1,73,31
01-02-2025_09-31-31_p0069_s210_b4,38,33
29-08-2024_16-25-06_p0045_s279_b4,29,36
08-10-2024_16-25-09_p0049,-13,-2
12-03-2024_14-20-45_p0022_s12_b1,51,26
07-01-2025_15-36-44_p0063_s86_b2,52,53
16-04-2024_10-35-58_p0025_s236_b4,18,48
22-08-2024_15-43-46_p0042_s238_b4,21,17
18-01-2025_10-24-16_p0057,50,23
02-04-2024_15-02-02_p0021_s159_b3,57,44
24-03-2025_17-39-18_p0076_s40_b1,15,20
18-03-2024_15-33-21_p0020_s50_b1,9,24
19-06-2024_10-08-49_p0036_s42_b1,37,25
09-05-2024_14-52-48_p0033_s135_b2,46,24
05-09-2024_14-52-17_p0047_s31_b1,25,16
25-03-2025_18-42-38_p0079_s197_b3,34,14
15-02-2025_10-05-36_p0065_s47_b1,7,43
08-01-2025_14-55-48_p0063,15,37
11-03-2025_19-06-07_p0075_s75_b1,70,12
10-05-2024_18-07-13_p0025,24,15
30-08-2024_15-34-52_p0046_s107_b2,21,25
05-06-2024_15-24-06_p0037_s254_b4,24,7
25-01-2025_13-32-16_p0064,38,19
22-02-2024_11-38-28_p0017_s219_b4,14,35
28-02-2024_16-33-30_p0011_s119_b2,0,23
08-10-2024_16-02-02_p0049_s122_b2,16,3
25-03-2024_16-16-04_p0020_s106_b2,5,20
22-01-2024_16-53-39_p9,130,23
01-08-2024_16-53-05_p0042_s199_b3,58,49
11-06-2024_14-38-20_p0035,37,32
22-02-2024_11-20-06_p0017_s242_b3,36,45
19-02-2025_10-09-30_p0074_s159_b3,44,43
23-11-2024_10-14-33_p0053_s198_b3,23,22
05-10-2024_10-13-20_p0050,26,21
17-07-2024_14-33-55_p0041_s129_b2,77,43
28-03-2025_15-46-00_p0081_s128_b2,149,55
22-08-2024_16-59-03_p0042_s64_b1,25,31
20-03-2025_16-05-17_p0078_s115_b2,62,39
11-03-2025_15-49-59_p0073_s22_b1,31,32
10-09-2024_14-08-59_p0048_sP05_b2,80,20
23-11-2024_09-24-50_p0053,36,30
29-08-2024_16-17-38_p0045_s268_b4,66,24
06-09-2024_15-15-33_p0047_sP05_b2,131,28
04-09-2024_15-51-35_p0044_s16_b1,61,10
28-02-2024_16-19-27_p0011_s101_b2,23,18
21-08-2024_14-35-45_p0044,12,11
25-02-2025_19-42-46_p0075_s154_b2,87,16
23-07-2024_16-20-02_p0039,33,23
25-01-2025_13-03-35_p0064_s105_b2,50,23
10-08-2024_10-55-44_p0043_s125_b2,32,23
03-09-2024_15-12-10_p0048_s191_b3,35,15
08-11-2024_14-41-22_p0052_s32_b1,49,72
16-09-2024_17-00-13_p0045_s52_b1,52,16
17-06-2024_15-59-06_p0019_s150_b2,20,12
10-05-2024_15-21-03_p0033_s229_b4,44,32
13-05-2024_16-32-23_p0028,27,10
27-05-2024_15-59-05_p0032_s196_b3,27,39
19-07-2024_14-12-56_p0040_s124_b2,91,22
29-02-2024_13-39-24_p0010_s7_b1,21,58
05-02-2025_17-35-38_p0072_s198_b3,37,7
29-04-2024_11-31-33_p0029_s97_b2,24,15
18-01-2025_10-09-06_p0057_s253_b4,30,15
22-03-2025_11-45-43_p0079_s104_b2,47,23
08-01-2025_16-12-19_p0063_s9_b1,15,44
05-02-2025_17-29-11_p0072_s193_b3,38,16
11-03-2025_15-05-17_p0073_s210_b4,30,36
08-10-2024_16-07-49_p0049_s134_b2,19,8
05-06-2024_15-30-10_p0037_s261_b4,28,34
13-12-2024_16-12-55_p0054_s20_b1,55,49
06-09-2024_15-20-58_p0047_s94_b2,5,25
07-12-2024_10-42-45_p0053_s270_b4,22,33
24-03-2025_17-00-42_p0076_s231_b4,31,11
08-06-2024_10-35-29_p0031_s45_b1,31,42
13-02-2025_18-54-48_p0070_s193_b3,58,34
21-02-2024_12-05-32_p0013_s75_b1,27,26
10-05-2024_16-44-44_p0033_s55_b1,51,12
08-01-2025_14-48-14_p0063_s167_b3,50,37
28-11-2024_15-34-04_p0055_s104_b2,17,41
10-05-2024_08-42-52_p0030_s174_b3,55,42
30-08-2024_16-23-16_p0046,13,22
13-09-2024_16-33-56_p0046_s28_b1,49,11
20-05-2024_11-43-02_p0034_s50_b1,47,46
17-07-2024_14-31-09_p0041_s123_b2,45,34
05-10-2024_10-14-12_p0050_s273_b4,41,21
28-02-2024_16-59-33_p0011,0,27
08-05-2024_15-32-16_p0033,51,44
16-10-2024_16-28-25_p0049_s18_b1,26,2
01-02-2025_09-40-24_p0069,59,14
28-08-2024_15-50-10_p0038,29,14
13-09-2024_15-59-20_p0046_s274_b4,43,-4
20-03-2024_14-54-51_p0015_s165_b3,39,30
14-12-2024_10-41-10_p0059_s87_b2,51,12
19-02-2025_17-02-36_p0072_s74_b1,105,13
19-06-2024_15-39-41_p0023_s192_b3,42,34
16-04-2024_10-37-59_p0025_s240_b4,13,51
13-02-2025_14-10-19_p0067_s270_b4,55,15
19-02-2025_16-45-55_p0072_s42_b1,39,24
17-12-2024_16-31-19_p0060,10,5
30-04-2024_13-01-25_p0024_s82_b2,15,46
12-06-2024_09-54-21_p0036_s107_b2,24,8
26-04-2024_14-33-29_p0028_s7_b1,27,20
19-07-2024_14-37-16_p0040_s149_b2,59,21
10-09-2024_13-56-39_p0048,27,3
24-01-2024_17-25-35_p10,34,36
27-03-2024_16-29-43_p0015_s75_b1,20,33
16-05-2024_14-28-23_p0034_s97_b2,48,41
17-08-2024_10-38-49_p0043_s73_b1,88,27
05-12-2024_17-18-30_p0055_s261_b4,19,28
03-12-2024_15-31-44_p0056,49,61
27-05-2024_16-08-07_p0032,29,15
05-06-2024_15-04-51_p0037_s215_b4,26,26
06-05-2024_15-24-59_p0032_s222_b4,55,51
06-08-2024_16-26-21_p0039_s34_b1,31,35
13-02-2025_18-47-43_p0070_s181_b3,75,39
16-05-2024_15-04-52_p0034,62,55
01-02-2025_14-34-00_p0064_s67_b1,96,21
24-07-2024_14-20-50_p0041_s34_b1,27,28
13-02-2025_14-43-38_p0067_s8_b1,28,17
05-06-2024_10-32-34_p0036_s273_b4,37,10
21-02-2025_17-50-59_p0068_s2_b1,20,28
19-06-2024_10-07-27_p0036_s39_b1,117,30
07-01-2025_13-57-07_p0062_s30_b1,84,43
26-02-2025_09-30-38_p0074_s92_b2,68,32
30-01-2024_15-07-09_p12,53,33
17-06-2024_15-04-04_p0019_s108_b2,34,24
11-02-2025_17-28-17_p0066_s278_b4,24,17
11-07-2024_15-12-25_p0041_s168_b3,34,29
30-04-2024_13-46-15_p0024,44,47
18-03-2024_11-37-57_p0013_s266_b4,15,22
31-01-2025_15-15-06_p0065_s178_b3,57,60
07-01-2025_15-56-25_p0063,40,59
02-05-2024_16-01-16_p0026_s251_b4,7,16
05-06-2024_15-02-46_p0037_s211_b4,44,42
15-02-2025_10-07-47_p0065_s50_b1,28,36
16-09-2024_15-01-05_p0045,57,23
10-05-2024_16-09-44_p0033_s276_b4,42,36
15-02-2025_12-21-47_p0070,16,12
28-11-2024_15-36-41_p0055_s105_b2,63,34
12-12-2024_16-11-13_p0057_s142_b2,32,26
28-08-2024_17-00-12_p0038_s75_b1,82,11
07-02-2025_16-11-16_p0046_s161_b3,75,11
28-09-2024_13-41-05_p0016_s267_b4,17,0
01-02-2025_13-47-11_p0064_s271_b4,59,10
06-08-2024_16-25-09_p0039_s31_b1,56,36
29-04-2024_11-42-04_p0029_sP07_b2,55,34
13-11-2024_17-29-29_p0051,22,24
21-11-2024_15-50-49_p0055_s196_b3,52,30
26-02-2025_09-36-10_p0074_s102_b2,69,45
10-05-2024_16-09-09_p0033_s275_b4,15,10
19-02-2025_10-47-15_p0074_s179_b3,61,13
22-02-2024_14-08-13_p0018_s101_b2,1,6
07-05-2024_14-57-11_p0027_s14_b1,17,9
07-05-2024_15-19-20_p0027_s75_b1,38,0
22-02-2024_11-42-17_p0017_s229_b4,24,62
05-06-2024_10-35-58_p0036_s278_b4,29,5
15-05-2024_15-45-25_p0032,44,25
30-01-2024_14-53-29_p12,43,33
08-04-2024_16-15-42_p0021,19,17
25-03-2024_15-42-08_p0020_s240_b4,13,30
13-12-2024_15-52-37_p0054,34,20
22-02-2024_14-24-15_p0018_s133_b2,22,17
17-06-2024_15-36-59_p0019,14,31
19-07-2024_15-41-56_p0040_s57_b1,47,24
04-10-2024_15-19-05_p0050,16,23
31-01-2025_15-30-18_p0065_s194_b3,41,42
18-12-2024_17-28-52_p0057,22,20
12-03-2024_10-42-08_p0021,64,50
19-11-2024_15-58-58_p0054,24,27
13-11-2024_17-38-49_p0051_s245_b4,52,14
08-06-2024_10-29-09_p0031_s30_b1,37,43
16-04-2024_15-32-57_p0016,9,7
12-06-2024_17-13-19_p0038,9,30
12-02-2025_17-17-25_p0072_s149_b2,49,30
21-02-2025_17-13-03_p0068_s224_b4,49,24
01-02-2025_09-46-15_p0069_s239_b4,25,22
14-01-2025_15-11-06_p0060_s88_b2,10,42
07-12-2024_11-24-15_p0053_s72_b1,18,32
22-08-2024_15-53-40_p0042_s255_b4,36,30
02-05-2024_15-56-48_p0026_s236_b4,15,13
02-05-2024_15-15-16_p0026,12,14
19-07-2024_15-36-17_p0040_s47_b1,47,16
18-04-2024_10-11-09_p0025_s10_b1,11,18
10-12-2024_15-41-29_p0056_s240_b4,46,33
27-02-2025_14-19-53_p0073_s178_b3,7,13
08-06-2024_09-53-35_p0031_s258_b4,34,40
05-02-2025_17-04-47_p0072,69,16
22-03-2025_12-09-11_p0079,21,17
04-09-2024_14-35-48_p0044_s236_b4,30,15
14-08-2024_15-44-11_p0038_s216_b4,30,14
07-01-2025_15-24-11_p0062_s274_b4,43,37
21-12-2024_10-06-33_p0061_s14_b1,56,11
26-03-2024_15-13-45_p0022,45,21
17-07-2024_14-44-21_p0041_s154_b2,65,36
30-09-2024_15-30-18_p0049_s220_b4,31,8
10-05-2024_10-02-34_p0030_s268_b4,39,57
19-02-2025_16-56-33_p0072_s64_b1,111,9
25-03-2025_18-15-16_p0079,50,24
19-07-2024_14-02-40_p0040_s113_b2,23,22
06-02-2025_13-33-06_p0067_s91_b2,18,22
14-03-2025_17-34-33_p0077_s68_b1,45,19
16-09-2024_15-44-24_p0045,50,22
31-03-2025_18-36-30_p0079_s255_b4,26,45
30-01-2024_11-04-59_p11,4,39
11-02-2025_17-07-34_p0066_s247_b4,42,28
11-06-2024_14-31-47_p0035_s144_b2,31,31
15-05-2024_16-18-06_p0032_s145_b2,19,22
18-04-2024_15-21-26_p0026_s85_b2,21,12
02-04-2024_15-22-39_p0021_s171_b3,37,24
21-02-2025_17-59-41_p0068_s21_b1,53,20
15-05-2024_16-14-59_p0032,72,19
30-01-2025_16-20-29_p0068,29,15
24-01-2025_15-54-18_p0060_s61_b1,6,41
12-03-2024_10-24-57_p0021_s227_b4,22,34
18-06-2024_15-27-49_p0028_s140_b2,39,61
14-12-2024_12-01-20_p0059,19,2
05-12-2024_17-10-25_p0055_s249_b4,18,12
17-08-2024_10-36-28_p0043_s68_b1,76,1
09-05-2024_14-15-49_p0033_sP05_b2,105,39
10-05-2024_08-44-48_p0030_s177_b3,41,56
05-09-2024_16-29-27_p0047_s269_b4,27,27
03-05-2024_14-07-42_p0027_s106_b2,18,25
29-04-2024_16-50-59_p0024_s46_b1,16,27
28-08-2024_15-09-01_p0038_s100_b2,41,24
07-01-2025_15-42-05_p0063_s96_b2,60,41
19-06-2024_10-22-40_p0036_s67_b1,77,35
10-09-2024_17-22-47_p0045_s190_b3,67,-2
28-09-2024_14-22-26_p0016_s39_b1,16,7
10-02-2025_17-10-52_p0071_s194_b3,55,2
05-09-2024_15-16-11_p0047_s40_b1,25,10
21-02-2025_17-40-37_p0068_s268_b4,44,18
14-01-2025_15-31-14_p0060_s118_b2,5,34
08-11-2024_16-07-04_p0053_s128_b2,25,44
12-02-2025_16-24-00_p0072_s82_b2,110,25
01-08-2024_16-02-37_p0042_s163_b3,98,10
25-01-2025_13-09-53_p0064,38,20
05-12-2024_15-52-36_p0055_s29_b1,59,39
30-04-2024_13-53-54_p0024_s155_b2,30,73
21-01-2025_14-59-06_p0065_s230_b4,37,33
26-10-2024_12-16-47_p0051_s179_b3,23,6
17-07-2024_14-23-47_p0041_s109_b2,62,35
29-04-2024_11-30-19_p0029_s93_b2,23,23
11-06-2024_14-16-46_p0035,19,21
05-12-2024_16-05-10_p0055_s46_b1,44,28
29-02-2024_14-13-09_p0010_s64_b1,3,41
08-11-2024_14-25-45_p0052_s5_b1,52,63
13-09-2024_16-24-59_p0046_s9_b1,23,16
11-06-2024_14-19-45_p0035_s121_b2,62,31
10-02-2025_16-53-45_p0071,37,29
23-07-2024_16-37-14_p0039,99,17
27-11-2024_15-32-12_p0054_s257_b4,31,24
16-04-2024_10-54-35_p0025_s268_b4,21,50
16-09-2024_15-07-10_p0045,61,25
10-01-2025_14-43-45_p0062_s108_b2,31,33
28-11-2024_15-29-13_p0055_s97_b2,32,28
10-12-2024_16-08-21_p0056_s265_b4,44,26
13-03-2024_15-57-39_p0014_s238_b4,26,25
18-06-2024_15-10-30_p0028,23,53
01-02-2025_09-32-34_p0069_s212_b4,24,16
03-04-2024_15-51-39_p0023_s238_b4,16,17
21-11-2024_15-24-24_p0055,20,40
26-03-2024_15-19-41_p0022_s174_b3,17,23
01-02-2025_10-07-10_p0069_s276_b4,61,7
31-01-2025_15-33-26_p0065,30,33
11-03-2025_15-06-41_p0073_s216_b4,29,27
10-09-2024_14-55-02_p0048_s150_b2,20,10
12-02-2025_16-34-42_p0072_s99_b2,41,24
21-02-2025_17-15-28_p0068_s230_b4,13,28
12-12-2024_15-32-25_p0057_s90_b2,20,38
27-03-2025_14-14-19_p0080_s175_b3,65,42
11-03-2025_15-30-45_p0073_s272_b4,14,19
25-03-2025_18-23-42_p0079,31,14
12-06-2024_10-13-14_p0036_s139_b2,45,11
20-05-2024_12-35-23_p0034_s274_b4,42,38
01-02-2025_09-44-51_p0069_s236_b4,24,21
14-03-2025_17-28-03_p0077_s52_b1,72,18
15-02-2025_12-07-36_p0070,82,21
22-03-2025_12-01-54_p0079_s138_b2,94,29
19-12-2024_15-53-43_p0062,31,31
06-02-2025_15-13-34_p0068_s133_b2,36,23
19-12-2024_15-42-00_p0062_s161_b3,99,22
22-04-2024_09-39-58_p0025_s198_b3,17,47
22-04-2024_09-47-46_p0025_s243_b3,15,35
08-11-2024_15-52-46_p0053_s112_b2,26,40
13-11-2024_16-56-06_p0051_s43_b1,35,23
31-03-2025_18-45-35_p0079,110,34
11-03-2025_15-18-24_p0073_s251_b4,20,39
13-11-2024_16-47-16_p0051_s22_b1,39,24
19-07-2024_14-38-57_p0040_s153_b2,79,24
30-08-2024_15-21-17_p0046_sP04_b2,142,18
07-02-2025_16-29-31_p0046,6,7
28-09-2024_13-29-10_p0016_s252_b4,24,6
31-03-2025_18-28-49_p0079_s232_b4,57,39
13-02-2025_19-45-26_p0070_s66_b1,105,39
17-08-2024_11-30-10_p0043_s282_b4,72,15
03-02-2025_16-43-10_p0071_s91_b2,46,10
13-02-2025_13-48-42_p0067_s228_b4,25,40
19-02-2025_15-41-17_p0072_s219_b4,71,30
05-03-2024_10-27-27_p0014_s20_b1,40,26
25-02-2025_18-46-07_p0075_s109_b2,37,18
12-03-2024_14-30-45_p0022_s38_b1,102,31
11-02-2025_17-56-11_p0066_s4_b1,40,22
28-06-2024_15-40-17_p0035,40,6
04-09-2024_14-22-10_p0044_s213_b4,36,20
25-02-2025_18-55-37_p0075_s118_b2,42,20
19-06-2024_16-40-02_p0023_s52_b1,28,14
21-12-2024_09-24-52_p0061_s221_b4,35,17
26-03-2024_15-08-46_p0022_s168_b3,20,10
25-03-2024_16-31-20_p0020_s136_b2,7,58
19-11-2024_16-55-33_p0054_s243_b3,90,19
26-03-2024_16-31-44_p0022_s265_b4,35,30
06-11-2024_16-34-27_p0051_s104_b2,65,23
12-12-2024_15-31-42_p0057,29,26
12-12-2024_19-38-37_p0058,32,27
11-03-2025_18-20-07_p0075_s269_b4,62,23
21-01-2025_15-35-43_p0065_s282_b4,106,20
21-12-2024_10-14-42_p0061_s34_b1,40,18
24-07-2024_14-39-50_p0041_s80_b1,33,20
19-02-2025_15-53-28_p0072_s234_b4,38,18
21-12-2024_10-21-18_p0061_s46_b1,64,7
23-04-2024_11-38-04_p0024,17,24
27-02-2025_14-17-38_p0073_s172_b3,10,8
01-02-2025_13-21-29_p0064,25,20
23-05-2024_15-25-37_p0035_s242_b3,48,31
18-01-2025_12-44-16_p0064,40,13
29-04-2024_16-53-51_p0024_s53_b1,33,35
04-02-2025_16-28-40_p0066_s90_b2,45,22
19-06-2024_10-06-21_p0036_s37_b1,35,29
30-04-2024_13-07-01_p0024_s90_b2,29,56
10-12-2024_15-32-31_p0056_s226_b4,36,31
17-08-2024_10-25-47_p0043_s47_b1,56,16
13-03-2024_15-39-58_p0014,43,13
26-08-2024_15-25-40_p0019_s29_b1,59,32
10-05-2024_16-10-37_p0033_s278_b4,41,17
18-12-2024_17-00-33_p0057,34,15
21-12-2024_09-30-47_p0061_s230_b4,13,30
31-03-2025_18-41-55_p0079,71,36
08-11-2024_16-03-30_p0053_s123_b2,30,29
06-11-2024_16-33-35_p0051_s102_b2,130,17
29-04-2024_11-36-13_p0029,38,24
20-05-2024_12-12-46_p0034_s232_b4,49,60
15-02-2025_09-46-14_p0065_s5_b1,59,21
19-02-2025_17-04-53_p0072_s80_b1,112,12
31-08-2024_14-12-37_p0047_s241_b3,112,30
10-01-2025_15-44-13_p0063_s232_b4,19,42
24-03-2025_17-01-39_p0076_s233_b4,62,7
12-12-2024_16-20-42_p0057,10,16
22-08-2024_15-32-21_p0042,47,15
03-05-2024_08-59-29_p0030_s81_b1,21,30
26-11-2024_15-38-11_p0056_s115_b2,63,50
28-11-2024_16-09-39_p0055_s144_b2,60,75
14-02-2025_18-23-04_p0073,21,12
01-02-2025_12-02-52_p0070_s230_b4,70,24
09-05-2024_14-55-18_p0033_s139_b2,44,33
16-07-2024_16-36-14_p0039,59,18
18-01-2025_12-48-10_p0064_s172_b3,75,35
22-04-2024_09-19-06_p0025,20,22
07-05-2024_14-54-53_p0027_s7_b1,14,17
23-04-2024_15-03-52_p0026_s9_b1,30,73
13-12-2024_16-10-00_p0054_s16_b1,23,27
08-10-2024_15-52-22_p0049_s106_b2,9,14
27-02-2025_14-25-25_p0073_s185_b3,9,20
10-12-2024_15-18-29_p0056_s212_b4,36,36
16-09-2024_15-13-53_p0045_s87_b2,112,5
29-08-2024_15-49-09_p0045_s247_b4,21,54
05-12-2024_17-08-46_p0055_s246_b4,70,21
13-02-2025_15-03-03_p0067_s38_b1,89,19
11-02-2025_17-18-09_p0066,34,20
22-04-2024_09-38-41_p0025_s196_b3,20,38
17-06-2024_14-55-56_p0019_s95_b2,34,23
23-07-2024_16-07-23_p0039_s92_b2,37,20
08-04-2024_16-36-41_p0021_s13_b1,24,36
18-12-2024_17-34-37_p0057_s199_b3,35,20
16-09-2024_15-59-58_p0045_s145_b2,76,15
16-09-2024_16-33-30_p0045_s6_b1,38,18
20-05-2024_16-05-10_p0023,14,3
06-09-2024_16-15-41_p0047_s151_b2,20,-9
16-04-2024_10-59-39_p0025_s277_b4,31,40
10-08-2024_10-42-27_p0043_s103_b2,30,32
10-02-2025_16-26-16_p0071,33,16
15-02-2025_09-47-08_p0065_s8_b1,18,13
18-06-2024_15-02-29_p0028_s103_b2,28,55
19-06-2024_11-21-24_p0036,30,28
06-02-2025_18-58-42_p0069_s205_b3,39,31
14-03-2025_17-35-31_p0077_s72_b1,46,19
06-02-2025_14-43-16_p0068_s86_b2,35,41
19-02-2025_10-46-06_p0074,52,40
11-06-2024_14-20-55_p0035_s124_b2,35,29
13-02-2025_15-17-58_p0067_s62_b1,54,21
30-10-2024_14-40-08_p0052,37,3
27-05-2024_16-45-17_p0032_s36_b1,34,38
08-06-2024_10-25-12_p0031_s18_b1,31,39
01-02-2025_13-49-53_p0064_s277_b4,26,26
11-07-2024_15-15-37_p0041,30,26
28-08-2024_09-23-24_p0044_s87_b2,31,28
03-08-2024_11-13-04_p0043,26,22
25-02-2025_18-28-29_p0075_s91_b2,56,17
14-03-2025_17-27-05_p0077_s48_b1,60,6
10-12-2024_16-07-53_p0056_s264_b4,34,31
11-05-2024_10-12-17_p0034,59,40
24-05-2024_19-16-09_p0031_s157_b2,25,31
29-04-2024_16-29-09_p0024_s10_b1,24,26
08-11-2024_16-29-15_p0053_s149_b2,25,55
10-08-2024_11-06-48_p0043,37,27
17-02-2025_18-16-22_p0071_s245_b4,67,26
24-04-2024_15-53-10_p0027_s189_b3,87,65
16-10-2024_15-47-16_p0049_s183_b3,17,1
13-05-2024_15-57-20_p0028_s173_b3,48,9
21-11-2024_15-31-00_p0055_s177_b3,17,39
11-03-2025_15-07-22_p0073_s219_b4,33,21
16-09-2024_17-09-25_p0045_s65_b1,92,21
23-07-2024_16-53-00_p0039_s153_b2,33,21
15-02-2025_10-51-34_p0065_s116_b2,61,36
17-06-2024_15-31-13_p0019,7,17
28-08-2024_15-50-52_p0038,10,12
14-03-2025_17-14-20_p0077_s11_b1,59,19
20-05-2024_12-20-22_p0034_s251_b4,30,74
17-08-2024_11-30-42_p0043_s283_b4,61,9
08-01-2025_15-16-57_p0063_s181_b3,60,26
22-08-2024_15-56-08_p0042_s257_b4,45,16
03-10-2024_14-46-34_p0050,26,19
07-12-2024_10-38-39_p0053_s262_b4,25,26
12-06-2024_16-07-11_p0038,42,62
13-09-2024_15-20-24_p0046_s219_b4,47,16
31-03-2025_18-20-40_p0079_s217_b4,46,58
28-08-2024_16-48-02_p0038_s53_b1,114,29
10-02-2025_16-28-20_p0071_s166_b3,43,17
29-04-2024_11-59-45_p0029,19,15
24-03-2025_17-42-02_p0076_s50_b1,29,8
18-04-2024_10-22-35_p0025_s38_b1,59,25
12-03-2025_10-45-09_p0074_s12_b1,46,45
19-02-2025_16-49-40_p0072_s50_b1,53,24
18-03-2024_15-12-33_p0020_s1_b1,17,34
18-04-2024_15-43-47_p0026_s144_b2,18,32
03-09-2024_15-44-54_p0048_s206_b3,44,18
08-05-2024_15-39-19_p0033_s175_b3,114,43
24-01-2025_15-32-40_p0060_s13_b1,8,84
13-11-2024_17-43-18_p0051_s249_b4,16,19
08-11-2024_15-55-12_p0053_s115_b2,44,71
18-03-2024_11-36-10_p0013,56,22
03-04-2024_16-10-56_p0023_s276_b4,62,21
03-04-2025_13-58-37_p0080_s147_b2,33,17
31-03-2025_18-49-34_p0079_s282_b4,68,45
01-02-2025_10-17-26_p0069_s5_b1,49,13
03-02-2025_17-05-48_p0071_s125_b2,48,34
24-04-2024_15-12-46_p0027,236,120
18-12-2024_09-57-36_p0061_sP14_b3,40,41
23-04-2024_15-24-24_p0026_s52_b1,23,61
24-07-2024_15-13-55_p0041_s250_b4,22,24
07-12-2024_10-18-05_p0053_s235_b4,6,33
13-12-2024_16-34-55_p0054_s69_b1,29,25
28-01-2025_13-29-48_p0067,38,24
17-12-2024_16-45-10_p0060_s181_b3,13,18
04-09-2024_14-42-47_p0044_s252_b4,69,23
13-09-2024_15-57-23_p0046_s271_b4,36,2
01-02-2025_13-27-25_p0064_s235_b4,19,31
19-06-2024_15-02-36_p0023_s158_b3,51,45
26-08-2024_16-38-35_p0019_s179_b3,38,17
29-08-2024_16-08-42_p0045_s258_b4,20,24
20-12-2024_14-36-03_p0061_s107_b2,65,34
10-02-2025_17-03-44_p0071_s186_b3,60,1
30-01-2024_11-05-14_p11,8,28
18-12-2024_09-39-37_p0061,93,25
17-07-2024_14-49-44_p0041,33,44
23-04-2024_15-35-54_p0026_s80_b1,27,51
20-02-2025_19-41-40_p0075,86,22
28-09-2024_14-29-08_p0016_s56_b1,14,-3
29-02-2024_13-44-06_p0010_s16_b1,34,55
17-06-2024_15-03-30_p0019_s107_b2,46,28
10-05-2024_08-45-10_p0030_s178_b3,43,57
10-01-2025_16-19-08_p0063,43,31
20-05-2024_11-23-30_p0034_s9_b1,46,40
08-10-2024_16-07-10_p0049_s132_b2,11,4
13-02-2025_18-16-27_p0070_s158_b3,46,28
28-11-2024_15-51-18_p0055_s122_b2,111,44
17-09-2024_15-09-42_p0048_sP03_b1,117,35
24-07-2024_15-12-41_p0041_s247_b4,28,37
15-02-2025_11-21-32_p0065,52,15
04-09-2024_15-49-43_p0044_s13_b1,38,48
06-02-2025_15-09-37_p0068,67,37
16-10-2024_15-20-08_p0049_s161_b3,26,12
19-07-2024_15-48-47_p0040_s68_b1,81,16
03-04-2025_13-44-07_p0080_s111_b2,9,23
12-03-2025_11-11-09_p0074_s68_b1,214,33
10-05-2024_09-43-29_p0030_s226_b4,30,23
30-01-2024_14-54-11_p12,45,31
03-10-2024_15-03-56_p0050,7,4
24-01-2024_17-14-37_p10,22,33
10-05-2024_09-15-41_p0030_s242_b3,41,35
10-02-2025_16-34-15_p0071,23,14
10-05-2024_16-31-30_p0033_s23_b1,35,6
14-03-2025_17-18-43_p0077_s24_b1,68,48
19-07-2024_15-40-36_p0040_s54_b1,30,33
18-01-2025_12-51-47_p0064_s178_b3,58,25
23-05-2024_15-23-28_p0035_sP20_b3,55,41
08-08-2024_14-44-51_p0042_s98_b2,20,35
25-03-2025_18-50-20_p0079_s203_b3,41,20
21-11-2024_15-02-02_p0055,60,27
08-05-2024_09-38-57_p0030_s107_b2,19,36
11-05-2024_09-52-58_p0034_s186_b3,69,38
22-03-2025_12-11-48_p0079,33,16
30-01-2025_15-58-24_p0068,8,5
17-06-2024_15-11-44_p0019,7,25
14-03-2025_16-35-32_p0077_s253_b4,55,32
21-12-2024_09-36-55_p0061_s247_b4,44,30
15-02-2025_10-21-03_p0065_s71_b1,47,21
30-01-2025_15-48-38_p0068_s165_b3,26,26
30-01-2024_11-17-31_p11,7,19
20-03-2025_15-07-17_p0076_s157_b2,40,30
18-01-2025_09-49-22_p0057_s223_b4,24,33
23-11-2024_09-42-24_p0053,23,21
26-02-2025_10-39-06_p0074,10,21
01-08-2024_16-48-27_p0042,25,41
16-04-2024_15-30-37_p0016,-2,4
07-01-2025_14-46-02_p0062_s214_b4,23,46
10-08-2024_10-43-56_p0043,44,23
12-12-2024_18-58-56_p0058_s95_b2,78,38
19-02-2025_10-55-07_p0074,24,51
01-02-2025_14-34-28_p0064_sP02_b1,47,23
10-12-2024_17-14-34_p0056_s29_b1,93,18
15-05-2024_15-50-53_p0032_s117_b2,40,12
20-05-2024_11-30-17_p0034_s24_b1,44,41
18-01-2025_12-45-58_p0064,32,56
09-05-2024_14-29-02_p0033,41,36
10-05-2024_16-25-25_p0033_s7_b1,17,5
03-05-2024_18-53-55_p0031,28,24
30-09-2024_15-53-57_p0049_s257_b4,7,1
10-05-2024_08-58-00_p0030_s193_b3,60,57
22-08-2024_15-33-00_p0042_s222_b4,42,3
27-05-2024_15-43-04_p0032_s182_b3,20,34
05-06-2024_15-17-19_p0037_s239_b4,21,32
17-06-2024_15-35-27_p0019,21,28
17-08-2024_10-40-51_p0043_s79_b1,88,13
03-05-2024_08-35-05_p0030_s22_b1,27,31
21-08-2024_14-23-45_p0044_s166_b3,67,15
06-05-2024_15-16-17_p0032_s214_b4,61,47
13-03-2024_15-16-58_p0014_s134_b2,19,26
10-05-2024_18-37-01_p0025_s127_b2,19,15
16-09-2024_15-41-35_p0045_s120_b2,75,24
14-01-2025_15-57-14_p0060,51,40
12-02-2025_16-37-20_p0072_s104_b2,44,27
19-03-2024_15-42-17_p0022,11,38
13-12-2024_16-17-30_p0054_s30_b1,74,27
28-09-2024_14-07-57_p0016_s15_b1,28,-10
01-08-2024_16-59-52_p0042,8,13
26-03-2024_16-09-01_p0022_s219_b4,40,34
27-03-2025_14-23-40_p0080,39,63
08-10-2024_16-20-50_p0049,5,-1
25-03-2024_16-32-23_p0020_s139_b2,20,12
08-01-2025_14-48-56_p0063,38,34
19-06-2024_11-16-20_p0036_s193_b3,26,39
21-02-2025_17-30-32_p0068_s259_b4,116,18
11-05-2024_09-27-56_p0034_s162_b3,120,43
06-11-2024_16-45-29_p0051_s121_b2,109,35
13-03-2024_15-47-55_p0014_s220_b4,41,29
10-12-2024_15-58-35_p0056_s258_b4,41,38
20-03-2025_16-04-36_p0078_s113_b2,61,29
23-11-2024_09-37-08_p0053_s168_b3,20,25
20-02-2024_16-48-57_p0015_s256_b4,11,17
04-07-2024_15-18-03_p0039_s172_b3,20,33
24-07-2024_15-28-30_p0041_s277_b4,24,31
05-09-2024_16-29-07_p0047_s268_b4,31,28
06-09-2024_15-45-23_p0047_s124_b2,-2,35
05-03-2024_10-43-28_p0014_s67_b1,-21,42
08-06-2024_10-38-42_p0031_s53_b1,31,36
26-11-2024_16-23-20_p0056_s154_b2,53,33
06-02-2025_18-45-33_p0069_s188_b3,31,30
27-02-2025_14-29-53_p0073_s194_b3,19,19
23-04-2024_15-15-54_p0026_s31_b1,28,54
10-05-2024_09-49-13_p0030,31,25
21-12-2024_10-11-34_p0061_s26_b1,25,23
12-12-2024_18-57-28_p0058_s92_b2,42,40
28-11-2024_15-42-31_p0055_s114_b2,32,36
21-02-2024_15-26-46_p0016_s107_b2,16,51
21-02-2024_15-45-14_p0016_s126_b2,2,16
26-03-2024_15-44-04_p0022_s201_b3,24,15
14-01-2025_15-07-18_p0060_s85_b2,1,39
18-01-2025_13-21-45_p0064,90,13
08-10-2024_16-06-02_p0049_s129_b2,20,2
18-06-2024_15-41-14_p0028,50,49
13-12-2024_16-07-00_p0054_s9_b1,27,19
14-03-2025_17-17-06_p0077_s19_b1,63,39
14-12-2024_12-00-33_p0059,21,7
11-03-2025_15-07-37_p0073_s220_b4,14,28
19-02-2025_16-57-40_p0072_s66_b1,99,19
18-04-2024_15-24-57_p0026_s94_b2,16,27
24-01-2025_15-09-06_p0060_s261_b4,29,47
25-03-2024_16-40-42_p0020,23,8
12-06-2024_09-58-58_p0036,29,40
08-08-2024_14-57-26_p0042,35,37
03-05-2024_19-03-29_p0031_s205_b3,14,7
11-06-2024_14-29-51_p0035_s141_b2,70,29
16-04-2024_15-49-17_p0016_s191_b3,2,20
08-11-2024_15-41-18_p0053_s93_b2,43,61
08-01-2025_16-34-03_p0063_s52_b1,39,45
10-01-2025_15-50-55_p0063_s248_b4,34,27
25-03-2025_18-18-02_p0079_s164_b3,33,24
20-03-2025_15-54-59_p0078_s93_b2,89,30
30-08-2024_15-27-40_p0046_s94_b2,16,20
05-10-2024_11-09-55_p0050_s5_b1,44,5
29-02-2024_13-52-32_p0010_s28_b1,45,56
28-08-2024_09-39-06_p0044_s113_b2,37,22
21-11-2024_14-59-44_p0055,110,34
03-10-2024_14-42-39_p0050_s160_b3,38,6
19-06-2024_11-08-09_p0036_s183_b3,29,36
20-03-2025_14-58-48_p0076,17,17
10-05-2024_18-25-26_p0025_s112_b2,25,21
03-05-2024_08-59-10_p0030_s80_b1,22,14
12-12-2024_19-00-26_p0058_s98_b2,63,67
07-01-2025_15-56-54_p0063,34,52
19-02-2025_16-51-44_p0072_s55_b1,102,11
10-05-2024_09-33-30_p0030,27,32
07-01-2025_14-08-00_p0062_s50_b1,75,45
19-06-2024_11-05-59_p0036_s179_b3,5,29
12-12-2024_19-29-01_p0058_s137_b2,29,22
10-08-2024_10-50-38_p0043_sP07_b2,31,46
08-07-2024_11-50-18_p0040_s216_b4,31,10
11-06-2024_14-45-54_p0035_s155_b2,27,33
10-05-2024_15-19-59_p0033_s227_b4,44,29
05-09-2024_15-58-38_p0047_s229_b4,38,28
13-11-2024_17-49-32_p0051,14,15
08-04-2024_16-11-11_p0021,19,13
10-05-2024_10-06-13_p0030_s276_b4,35,32
13-02-2025_19-25-36_p0070_s23_b1,4,31
11-02-2025_16-46-05_p0066_s212_b4,35,32
13-09-2024_16-46-50_p0046_s62_b1,53,8
23-07-2024_16-48-06_p0039,34,19
21-01-2025_14-38-00_p0065,42,27
21-02-2024_15-43-39_p0016_s124_b2,3,14
12-02-2025_17-14-47_p0072,49,24
22-01-2025_17-04-55_p0066_s158_b3,61,42
10-01-2025_14-48-51_p0062,33,37
04-02-2025_16-24-29_p0066_s83_b2,32,29
03-09-2024_15-39-12_p0048_s198_b3,57,19
04-10-2024_14-30-14_p0050_s97_b2,4,44
22-02-2024_11-59-17_p0017_s282_b4,34,51
16-04-2024_15-51-58_p0016_sP14_b3,25,29
02-04-2024_15-29-08_p0021,38,25
10-01-2025_15-10-30_p0062_s146_b2,72,34
19-03-2024_15-03-58_p0022_s100_b2,36,48
24-01-2025_14-52-25_p0060_s230_b4,7,47
22-01-2025_17-43-23_p0066_s198_b3,41,20
20-12-2024_15-13-18_p0061_s149_b2,-5,31
17-06-2024_15-24-20_p0019_s139_b2,30,22
12-06-2024_10-14-44_p0036,67,16
03-10-2024_15-24-28_p0050_s191_b3,32,8
31-08-2024_13-22-17_p0047_s192_b3,38,42
14-03-2025_17-15-03_p0077_s13_b1,52,19
17-02-2025_18-26-27_p0071_s261_b4,52,19
17-08-2024_10-03-32_p0043_sP01_b1,60,10
08-06-2024_10-47-26_p0031_s70_b1,34,24
08-07-2024_11-48-47_p0040_s214_b4,30,-12
20-12-2024_15-09-56_p0061,8,34
25-03-2024_16-36-36_p0020,5,13
08-07-2024_12-10-03_p0040_s252_b4,83,25
23-11-2024_10-14-12_p0053_s197_b3,44,25
16-10-2024_15-22-18_p0049,24,10
17-09-2024_14-48-14_p0048_s40_b1,7,21
16-04-2024_15-41-07_p0016_s180_b3,7,22
18-12-2024_17-12-42_p0057,51,24
18-12-2024_17-34-17_p0057_s198_b3,31,13
05-03-2024_10-23-58_p0014_s9_b1,107,54
08-10-2024_16-27-37_p0049_s156_b2,12,-2
14-08-2024_15-40-16_p0038_s213_b4,42,22
14-01-2025_15-47-35_p0060_s138_b2,27,56
05-06-2024_10-19-28_p0036_s258_b4,37,13
01-08-2024_16-40-23_p0042_s181_b3,33,32
27-11-2024_15-25-22_p0054_s246_b4,43,25
19-02-2025_15-55-06_p0072_s238_b4,56,21
15-02-2025_10-11-10_p0065_s58_b1,65,25
07-01-2025_14-46-56_p0062_s216_b4,19,61
12-12-2024_16-24-20_p0057,19,17
14-08-2024_15-34-46_p0038_s209_b4,55,31
07-12-2024_11-01-50_p0053_s18_b1,25,29
18-01-2025_13-15-06_p0064_s202_b3,36,39
05-12-2024_16-03-58_p0055_s43_b1,33,32
30-08-2024_16-20-35_p0046,8,21
10-05-2024_16-29-11_p0033_s17_b1,16,24
27-05-2024_16-06-20_p0032,27,32
12-03-2025_10-23-30_p0074_s249_b4,22,26
06-11-2024_16-56-10_p0051_s145_b2,31,27
28-08-2024_09-43-18_p0044,49,30
17-02-2025_17-45-03_p0071_s80_b1,75,26
20-12-2024_14-56-34_p0061_s136_b2,65,32
11-03-2024_16-13-10_p0020,46,46
06-02-2025_14-09-33_p0067,8,19
03-05-2024_18-56-55_p0031_s194_b3,17,12
17-02-2025_18-33-37_p0071_s273_b4,57,17
06-02-2025_14-12-07_p0067,25,14
07-02-2025_17-05-57_p0046_s242_b3,61,17
23-11-2024_13-02-29_p0052_s90_b2,18,48
13-05-2024_15-53-10_p0028,6,9
10-05-2024_18-04-58_p0025_s85_b2,45,25
13-09-2024_16-31-41_p0046_s24_b1,25,4
14-08-2024_16-30-50_p0038_s277_b4,94,19
20-03-2025_16-32-43_p0078_s154_b2,97,54
08-01-2025_15-19-17_p0063_s186_b3,39,28
30-08-2024_16-28-12_p0046_s151_b2,12,23
28-03-2025_15-43-53_p0081_s124_b2,70,44
10-01-2025_14-54-41_p0062_s120_b2,65,48
31-01-2025_15-13-45_p0065_s175_b3,92,85
07-12-2024_10-14-27_p0053_s228_b4,27,30
22-02-2024_11-54-40_p0017_s267_b4,24,46
17-07-2024_14-36-58_p0041_s137_b2,47,25
10-12-2024_16-00-10_p0056,81,9
06-05-2024_15-18-24_p0032_s219_b4,35,58
06-02-2025_14-02-59_p0067_s142_b2,19,29
29-02-2024_14-15-27_p0010_s68_b1,6,38
06-11-2024_16-50-42_p0051_s131_b2,68,12
26-08-2024_15-47-32_p0019_s72_b1,53,50
18-12-2024_09-54-00_p0061_s190_b3,62,51
03-02-2025_17-00-02_p0071,49,22
04-07-2024_16-02-06_p0039_s196_b3,48,38
19-12-2024_16-15-27_p0062,17,23
12-03-2025_10-22-23_p0074_s246_b4,62,21
04-10-2024_15-24-15_p0050,14,43
30-01-2024_14-32-57_p12,46,31
21-01-2025_15-10-46_p0065_s251_b4,17,32
12-06-2024_10-15-10_p0036_s143_b2,32,18
25-01-2025_13-34-40_p0064,9,10
12-02-2025_16-53-25_p0072_s122_b2,127,26
22-08-2024_16-54-09_p0042_s50_b1,41,32
03-05-2024_08-27-33_p0030_s2_b1,28,40
10-09-2024_14-41-22_p0048_s130_b2,26,0
02-05-2024_16-12-10_p0026_s267_b4,11,21
24-04-2024_15-36-11_p0027,47,52
12-06-2024_10-05-14_p0036,56,3
21-02-2025_17-05-56_p0068_s213_b4,24,26
19-06-2024_10-39-56_p0036,25,35
12-12-2024_16-01-47_p0057_s125_b2,30,33
01-02-2025_14-33-34_p0064_s66_b1,135,8
11-03-2025_18-06-49_p0075_s234_b4,68,17
15-02-2025_10-11-29_p0065_s59_b1,66,21
05-03-2024_10-46-52_p0014_s77_b1,30,63
21-02-2025_17-56-09_p0068_s13_b1,41,20
21-12-2024_10-05-44_p0061_s12_b1,108,11
19-07-2024_14-27-11_p0040,18,15
12-03-2024_14-39-46_p0022_s57_b1,14,9
06-02-2025_13-49-20_p0067_s119_b2,90,50
16-07-2024_16-39-20_p0039_s250_b4,22,13
21-02-2024_16-08-23_p0016,7,12
27-03-2025_14-59-35_p0078_s158_b3,68,67
03-05-2024_19-03-10_p0031_s204_b3,10,15
03-05-2024_08-30-43_p0030_s11_b1,26,33
19-02-2025_10-56-07_p0074_s193_b3,29,44
23-07-2024_16-16-43_p0039_s110_b2,33,16
06-05-2024_15-25-36_p0032,80,50
01-02-2025_09-28-58_p0069,42,23
18-04-2024_10-40-54_p0025_s79_b1,20,30
26-02-2024_15-37-07_p0019_s222_b4,30,38
30-04-2024_13-45-04_p0024,18,90
06-08-2024_16-19-11_p0039_s16_b1,48,20
05-10-2024_11-40-20_p0050_s78_b1,28,-2
26-03-2024_15-05-57_p0022_s164_b3,11,24
05-12-2024_16-20-17_p0055_s67_b1,94,21
14-03-2025_17-24-05_p0077_s40_b1,66,24
20-03-2025_14-43-09_p0076_s121_b2,108,10
03-04-2024_16-04-50_p0023_s263_b4,16,37
25-02-2025_19-32-18_p0075,37,22
20-03-2025_15-06-27_p0076_s153_b2,25,22
10-05-2024_08-57-28_p0030_s192_b3,60,53
24-07-2024_14-23-04_p0041_s39_b1,31,15
17-08-2024_10-47-28_p0043_s217_b4,45,20
19-03-2024_15-24-24_p0022_s130_b2,78,45
10-12-2024_17-31-02_p0056_s54_b1,40,42
21-12-2024_10-13-55_p0061_s32_b1,40,22
16-09-2024_16-50-44_p0045_s38_b1,36,26
08-06-2024_09-37-03_p0031_s228_b4,23,57
26-03-2024_15-52-01_p0022_s244_b3,54,17
28-01-2025_14-06-59_p0067_s206_b3,44,22
29-04-2024_11-58-11_p0029,36,19
18-12-2024_09-38-21_p0061_s171_b3,108,20
19-06-2024_15-11-05_p0023_s168_b3,55,35
15-02-2025_11-58-57_p0070_s109_b2,41,14
22-02-2024_11-48-26_p0017_s252_b4,88,61
08-05-2024_09-54-25_p0030_s143_b2,32,28
15-02-2025_11-58-15_p0070_s108_b2,43,21
10-08-2024_11-14-10_p0043,73,39
15-02-2025_10-09-28_p0065_s54_b1,242,24
07-01-2025_16-22-30_p0063,-2,66
14-12-2024_10-46-40_p0059_s94_b2,52,7
11-02-2025_19-15-39_p0069,9,20
17-02-2025_17-16-17_p0071_s43_b1,84,29
03-09-2024_14-20-54_p0048,30,20
25-03-2024_15-46-23_p0020_s251_b4,29,73
16-09-2024_16-45-00_p0045_s28_b1,71,34
17-07-2024_14-45-56_p0041,37,38
31-01-2024_15-10-15_p13,5,8
07-12-2024_10-49-39_p0053_s282_b4,35,34
17-02-2025_17-02-01_p0071_s8_b1,38,21
28-08-2024_09-54-37_p0044_s134_b2,67,33
04-10-2024_14-22-20_p0050_s86_b2,31,43
13-09-2024_15-17-57_p0046_s215_b4,57,32
30-01-2025_16-04-26_p0068_s173_b3,48,20
20-05-2024_16-03-29_p0023,20,4
19-07-2024_15-28-11_p0040_s31_b1,59,14
31-01-2024_14-59-54_p13,74,19
08-11-2024_14-58-26_p0052_s54_b1,49,79
13-02-2025_15-00-38_p0067_s33_b1,108,23
22-08-2024_17-06-06_p0042_s81_b1,50,49
13-02-2025_13-37-04_p0067_s211_b4,30,36
17-02-2025_17-39-17_p0071_sP02_b1,101,34
10-05-2024_15-43-27_p0033_s262_b4,42,38
19-12-2024_16-05-16_p0062_s186_b3,50,23
07-01-2025_14-00-42_p0062_s36_b1,89,55
20-03-2024_15-08-52_p0015,25,172
06-02-2025_18-31-46_p0069,14,43
29-04-2024_11-38-10_p0029_s111_b2,24,22
04-09-2024_15-49-10_p0044_s12_b1,98,5
19-11-2024_16-11-23_p0054_s187_b3,74,40
11-03-2025_15-27-08_p0073_s267_b4,14,57
03-02-2025_17-16-20_p0071_s142_b2,31,20
04-09-2024_15-52-06_p0044_s17_b1,63,-3
16-10-2024_16-40-40_p0049_s53_b1,16,4
26-03-2024_15-17-54_p0022_s172_b3,39,33
08-04-2024_16-37-46_p0021_s16_b1,16,35
19-06-2024_15-22-45_p0023,32,66
04-09-2024_14-49-54_p0044_s262_b4,49,21
29-02-2024_13-38-28_p0010_s5_b1,120,52
22-02-2024_10-41-37_p0017_s165_b3,-27,31
05-12-2024_17-16-46_p0055_s259_b4,89,15
06-05-2024_15-33-23_p0032_s236_b4,57,50
11-02-2025_19-13-29_p0069,11,16
23-11-2024_12-59-16_p0052_s83_b2,43,17
26-02-2025_10-20-47_p0074_s130_b2,124,26
12-06-2024_17-11-24_p0038_s244_b3,37,38
30-01-2025_15-44-09_p0068_s158_b3,33,19
16-05-2024_15-07-37_p0034,47,45
10-05-2024_18-30-46_p0025,23,25
10-08-2024_11-16-20_p0043_s155_b2,40,10
04-10-2024_14-53-30_p0050_s122_b2,11,25
28-09-2024_14-38-33_p0016_s79_b1,20,0
26-08-2024_15-32-15_p0019_s44_b1,59,29
19-12-2024_16-09-10_p0062_s191_b3,47,20
30-04-2024_13-41-27_p0024_s145_b2,60,46
17-09-2024_15-33-58_p0048_s216_b4,17,22
25-02-2025_18-52-11_p0075,32,16
14-08-2024_16-10-41_p0038_s253_b4,62,10
13-03-2024_16-02-04_p0014_s250_b4,34,21
14-03-2025_17-33-11_p0077_s64_b1,117,32
21-11-2024_15-45-15_p0055_s192_b3,54,62
03-04-2025_13-50-45_p0080_s126_b2,51,26
12-02-2025_16-29-53_p0072_s91_b2,59,27
08-11-2024_14-29-42_p0052_s12_b1,92,60
24-01-2025_14-52-05_p0060_s229_b4,12,41
12-07-2024_14-55-01_p0040,15,43
30-04-2024_13-32-40_p0024_s133_b2,45,41
16-04-2024_10-21-30_p0025_s213_b4,35,39
22-01-2025_17-04-26_p0066,83,29
22-01-2024_17-18-50_p9,49,42
27-05-2024_16-43-51_p0032_s32_b1,33,44
07-05-2024_14-53-15_p0027_s2_b1,12,18
05-12-2024_15-57-58_p0055_s34_b1,24,27
20-05-2024_16-06-16_p0023,19,12
20-12-2024_14-28-49_p0061_s97_b2,58,12
22-04-2024_09-06-37_p0025,16,22
28-02-2024_16-10-50_p0011_s87_b2,21,24
13-09-2024_15-41-42_p0046_s254_b4,25,10
23-11-2024_09-43-02_p0053,16,19
19-06-2024_11-18-14_p0036,37,35
22-02-2024_15-31-46_p0014,14,28
07-03-2024_13-50-49_p0010_s107_b2,8,31
26-04-2024_15-12-53_p0028_s78_b1,32,31
28-03-2025_15-48-17_p0081_s136_b2,108,49
30-01-2025_16-19-58_p0068,25,21
28-11-2024_16-14-48_p0055,38,59
11-07-2024_15-40-45_p0041,37,28
13-02-2025_19-00-38_p0070_s201_b3,43,28
13-09-2024_15-46-56_p0046,88,1
08-06-2024_10-28-49_p0031_s29_b1,30,43
07-05-2024_14-29-14_p0027,47,29
17-02-2025_17-41-32_p0071_s72_b1,49,28
29-08-2024_16-20-01_p0045_s272_b4,30,35
01-02-2025_10-37-28_p0069_s48_b1,91,15
28-09-2024_14-27-41_p0016_s52_b1,26,19
13-12-2024_14-48-02_p0054_s92_b2,45,33
12-03-2025_10-36-03_p0074_s276_b4,44,24
25-02-2025_19-16-36_p0075_s132_b2,82,17
18-12-2024_17-06-23_p0057,18,18
16-05-2024_14-27-01_p0034_s94_b2,34,31
18-01-2025_10-08-02_p0057_s251_b4,15,56
08-04-2024_16-39-04_p0021_s20_b1,11,34
19-07-2024_15-32-52_p0040_s39_b1,66,24
20-03-2025_14-57-45_p0076,8,26
04-09-2024_15-45-26_p0044_s6_b1,72,14
14-12-2024_10-59-19_p0059_s109_b2,28,20
22-01-2025_17-42-12_p0066_s196_b3,34,22
12-06-2024_16-53-03_p0038_sP14_b3,78,88
07-03-2024_14-03-20_p0010_s136_b2,32,27
12-03-2025_10-33-06_p0074_s267_b4,43,32
03-08-2024_10-23-46_p0043_s165_b3,40,21
01-02-2025_10-20-37_p0069_s12_b1,47,19
12-06-2024_16-49-50_p0038,29,49
13-12-2024_16-38-02_p0054_s75_b1,55,21
21-02-2024_12-05-21_p0013_s74_b1,61,40
10-12-2024_17-22-19_p0056_s37_b1,41,49
24-01-2025_14-43-18_p0060_s221_b4,6,51
20-12-2024_15-01-07_p0061_s145_b2,73,30
03-05-2024_14-05-30_p0027_s99_b2,19,40
13-02-2025_14-12-18_p0067_s272_b4,22,22
06-08-2024_16-28-04_p0039_s38_b1,51,35
03-02-2025_17-30-35_p0071_s149_b2,49,8
28-06-2024_14-33-42_p0035_s66_b1,124,49
12-06-2024_10-31-23_p0036_s149_b2,31,10
11-07-2024_15-41-08_p0041_s197_b3,37,25
16-07-2024_16-30-46_p0039_s231_b4,14,29
03-08-2024_11-08-24_p0043_s184_b3,73,9
14-03-2025_16-42-17_p0077_s262_b4,56,33
28-06-2024_14-21-38_p0035_s42_b1,37,56
23-11-2024_13-33-32_p0052_s143_b2,14,32
05-12-2024_15-49-56_p0055_s23_b1,84,15
27-02-2025_14-14-36_p0073,6,15
20-03-2025_14-39-03_p0076_s114_b2,32,26
12-03-2025_10-55-21_p0074_s37_b1,51,26
24-01-2025_14-41-42_p0060_s217_b4,10,53
11-02-2025_18-53-33_p0069,66,33
13-02-2025_13-50-12_p0067_s232_b4,21,34
10-12-2024_17-09-39_p0056_s27_b1,94,44
12-03-2024_10-37-27_p0021_s251_b4,11,51
22-01-2025_17-21-54_p0066,50,16
11-03-2025_18-49-26_p0075_s35_b1,42,19
16-04-2024_16-02-04_p0016_s208_b3,7,18
26-02-2025_10-30-52_p0074,25,21
18-03-2024_11-42-18_p0013_s277_b4,26,29
23-11-2024_13-03-11_p0052_s92_b2,16,43
06-02-2025_19-02-37_p0069_s243_b3,67,24
20-05-2024_12-25-46_p0034,44,44
24-01-2025_15-18-22_p0060_s274_b4,13,37
05-12-2024_17-02-32_p0055_s232_b4,12,13
21-01-2025_14-58-24_p0065_s228_b4,28,20
19-02-2025_11-06-07_p0074_s204_b3,54,42
30-01-2024_11-02-48_p11,1,36
23-11-2024_13-27-59_p0052_s134_b2,24,41
28-08-2024_09-20-47_p0044_s83_b2,128,27
28-11-2024_16-08-13_p0055_s142_b2,43,56
15-05-2024_16-25-49_p0032,20,26
30-04-2024_13-46-00_p0024,30,49
28-03-2025_15-44-42_p0081_s125_b2,50,32
31-01-2025_14-54-04_p0065,263,34
21-02-2025_18-17-41_p0068_s54_b1,29,19
28-06-2024_15-35-00_p0035_s258_b4,15,11
05-12-2024_16-22-43_p0055_s71_b1,44,25
06-11-2024_16-59-02_p0051,15,10
17-09-2024_14-37-17_p0048_s18_b1,15,16
21-02-2024_11-42-47_p0013_s38_b1,13,39
20-05-2024_12-19-08_p0034_s248_b4,54,31
24-01-2025_14-42-53_p0060_s220_b4,10,41
26-10-2024_11-58-55_p0051_s167_b3,58,16
27-03-2025_14-12-40_p0080_s172_b3,71,29
08-04-2024_15-32-33_p0021_s97_b2,14,43
14-03-2025_17-21-15_p0077_s31_b1,70,79
05-12-2024_17-07-27_p0055_s240_b4,17,8
14-02-2025_18-00-17_p0073_s111_b2,6,20
13-03-2024_15-08-11_p0014_s117_b2,34,9
01-02-2025_12-03-58_p0070_s232_b4,33,12
16-05-2024_14-36-39_p0034_s112_b2,47,38
13-11-2024_16-43-11_p0051_s10_b1,13,9
01-02-2025_13-16-24_p0064_s217_b4,54,18
19-02-2025_16-19-37_p0072_s280_b4,40,18
10-02-2025_16-27-11_p0071_s165_b3,54,14
11-03-2025_18-07-28_p0075_s236_b4,60,28
04-07-2024_16-09-22_p0039,38,46
17-07-2024_14-38-21_p0041_s139_b2,43,40
20-03-2025_16-16-41_p0078_s139_b2,58,35
05-10-2024_09-19-21_p0050_s211_b4,15,13
08-10-2024_16-08-08_p0049_s135_b2,21,7
25-01-2025_13-38-12_p0064,11,21
24-04-2024_15-56-29_p0027_s192_b3,92,78
19-02-2025_15-40-01_p0072_s215_b4,17,5
25-03-2024_15-50-30_p0020,20,51
01-02-2025_09-43-54_p0069_s233_b4,36,23
04-07-2024_16-09-49_p0039_s207_b3,28,42
13-02-2025_14-57-24_p0067_s25_b1,52,29
17-08-2024_11-25-09_p0043_s278_b4,64,24
11-03-2025_18-41-39_p0075_s10_b1,55,21
26-08-2024_16-24-32_p0019,25,28
11-03-2025_18-29-16_p0075_s282_b4,31,22
12-03-2025_10-08-30_p0074,76,29
15-02-2025_09-44-50_p0065_s3_b1,52,29
12-07-2024_15-17-54_p0040_s197_b3,33,12
18-04-2024_15-29-59_p0026_s109_b2,6,34
30-01-2024_14-14-20_p12,31,27
22-02-2024_11-11-40_p0017_s195_b3,14,65
16-04-2024_15-53-19_p0016_s194_b3,8,27
07-05-2024_14-37-53_p0027_s273_b4,58,23
30-01-2025_15-46-52_p0068_s162_b3,74,15
29-04-2024_16-36-30_p0024_s18_b1,26,32
08-04-2024_16-35-59_p0021_s11_b1,11,39
10-01-2025_15-20-00_p0062,38,35
26-08-2024_16-43-43_p0019_s187_b3,55,35
28-06-2024_15-27-20_p0035_s250_b4,4,10
03-12-2024_15-12-40_p0056,93,56
21-12-2024_09-46-12_p0061,32,2
12-12-2024_15-43-59_p0057,24,32
26-08-2024_15-44-40_p0019_s66_b1,81,46
21-02-2024_15-28-23_p0016_s113_b2,4,39
25-01-2025_13-40-47_p0064_s154_b2,90,2
25-03-2024_15-56-16_p0020_s270_b4,29,17
05-02-2025_17-22-35_p0072_s188_b3,39,21
13-02-2025_15-21-43_p0067_sP02_b1,63,35
06-02-2025_14-08-58_p0067,14,10
10-09-2024_14-50-53_p0048,126,-9
16-09-2024_16-36-15_p0045_s11_b1,42,14
02-05-2024_15-51-58_p0026_s225_b4,12,24
16-09-2024_17-11-16_p0045_s67_b1,40,15
19-11-2024_15-56-52_p0054_s175_b3,66,33
12-03-2025_10-43-01_p0074_s4_b1,53,34
10-02-2025_17-17-53_p0071_s205_b3,65,8
07-01-2025_16-18-13_p0063,37,64
12-12-2024_19-36-28_p0058,16,18
07-01-2025_14-06-30_p0062_s47_b1,67,49
03-10-2024_15-20-42_p0050_s188_b3,20,20
03-02-2025_17-23-27_p0071,42,11
12-06-2024_16-44-21_p0038_s187_b3,69,34
25-03-2025_18-49-03_p0079_s200_b3,44,16
18-03-2024_11-21-46_p0013_s232_b4,25,25
19-02-2025_15-57-16_p0072_s246_b4,63,18
18-06-2024_16-41-12_p0028_s256_b4,32,35
05-12-2024_17-04-08_p0055_s235_b4,10,13
19-11-2024_16-29-16_p0054_s195_b3,70,27
20-03-2025_14-58-28_p0076,18,17
28-06-2024_15-18-37_p0035_s231_b4,8,21
30-01-2024_11-04-44_p11,12,38
24-04-2024_15-59-09_p0027,82,58
14-12-2024_10-55-20_p0059_s106_b2,39,12
18-03-2024_11-35-30_p0013_s262_b4,10,24
07-12-2024_10-55-29_p0053_s7_b1,26,26
24-07-2024_14-07-53_p0041_s2_b1,44,14
06-11-2024_16-57-19_p0051,76,3
16-10-2024_15-36-08_p0049,17,22
27-03-2025_14-23-15_p0080_sP14_b3,45,49
19-07-2024_15-27-45_p0040_s30_b1,87,34
14-03-2025_16-30-51_p0077_s239_b4,51,26
26-10-2024_12-00-00_p0051_s168_b3,33,7
05-03-2024_10-34-55_p0014_s41_b1,13,48
02-04-2024_15-52-17_p0021_s204_b3,30,26
11-02-2025_18-09-45_p0066_s35_b1,28,31
19-06-2024_10-40-27_p0036_s160_b3,36,43
12-12-2024_15-32-03_p0057_s89_b2,19,26
04-02-2025_16-50-11_p0066_s127_b2,96,28
16-10-2024_16-51-44_p0049_s79_b1,16,-10
04-10-2024_14-53-05_p0050_s121_b2,25,34
14-03-2025_17-27-50_p0077_s51_b1,50,13
16-07-2024_16-56-07_p0039_s274_b4,54,36
22-08-2024_15-24-17_p0042,14,10
21-01-2025_15-15-48_p0065,25,34
26-10-2024_11-57-40_p0051,127,3
16-04-2024_10-33-01_p0025_s231_b4,15,71
05-10-2024_09-43-50_p0050,50,12
28-08-2024_16-22-59_p0038_s8_b1,32,3
04-02-2025_16-43-18_p0066,42,22
12-07-2024_15-23-46_p0040_s207_b3,36,21
10-08-2024_10-46-14_p0043_s111_b2,36,20
28-08-2024_15-51-26_p0038,7,12
13-02-2025_19-48-31_p0070_s72_b1,53,26
11-05-2024_09-50-26_p0034_s181_b3,67,29
24-07-2024_15-15-27_p0041_s253_b4,40,21
17-09-2024_16-05-11_p0048,32,18
12-07-2024_15-12-36_p0040,48,6
29-08-2024_16-07-00_p0045_s254_b4,38,37
28-08-2024_09-56-02_p0044_s137_b2,53,29
21-11-2024_15-12-03_p0055,125,48
16-10-2024_16-46-03_p0049_s65_b1,21,-5
20-03-2025_15-56-21_p0078_s97_b2,42,29
28-09-2024_14-28-01_p0016_s53_b1,35,4
03-08-2024_11-21-26_p0043_s202_b3,27,8
10-12-2024_15-15-47_p0056,66,69
17-09-2024_15-07-41_p0048_s71_b1,21,19
17-12-2024_16-15-26_p0060_s162_b3,35,28
16-05-2024_14-29-39_p0034_s100_b2,16,42
11-03-2025_15-55-57_p0073_s42_b1,-7,42
12-07-2024_15-23-20_p0040,70,13
06-05-2024_16-01-20_p0032_s267_b4,54,59
03-05-2024_08-47-00_p0030_s50_b1,38,31
27-03-2025_14-06-36_p0080_s169_b3,34,23
15-02-2025_10-39-55_p0065_s97_b2,21,14
05-12-2024_16-58-00_p0055_s224_b4,27,33
12-12-2024_15-29-44_p0057_sP05_b2,81,35
21-02-2024_11-54-31_p0013_s63_b1,38,69
13-12-2024_16-19-03_p0054_s34_b1,38,27
26-04-2024_14-45-47_p0028_s32_b1,68,92
12-12-2024_18-59-57_p0058_s97_b2,47,44
26-08-2024_16-18-25_p0019,52,34
13-11-2024_17-33-24_p0051_s226_b4,66,10
17-07-2024_14-44-41_p0041_s155_b2,46,26
05-06-2024_15-41-27_p0037_s279_b4,18,26
06-11-2024_17-08-21_p0051_s154_b2,40,16
23-11-2024_09-50-34_p0053_s174_b3,21,23
12-06-2024_10-19-48_p0036,70,20
28-06-2024_14-28-26_p0035_s55_b1,35,58
06-02-2025_18-24-15_p0069,32,25
10-09-2024_17-42-29_p0045_s207_b3,49,19
22-02-2024_11-57-43_p0017_s279_b4,5,27
30-08-2024_16-26-06_p0046,54,18
26-10-2024_12-10-09_p0051,97,0
17-08-2024_10-56-21_p0043_s230_b4,38,17
29-04-2024_11-39-57_p0029_s116_b2,25,19
03-05-2024_18-42-14_p0031_s175_b3,14,13
18-04-2024_15-35-21_p0026_s122_b2,14,31
16-04-2024_10-51-25_p0025_s263_b4,60,45
20-03-2025_15-51-23_p0078_sP05_b2,117,26
07-05-2024_14-07-58_p0027_s210_b4,34,44
13-03-2024_15-03-01_p0014_s109_b2,55,7
19-02-2025_16-37-38_p0072_s23_b1,29,18
08-10-2024_16-27-54_p0049_s157_b2,20,-10
28-02-2024_16-47-42_p0011_s138_b2,52,28
29-02-2024_14-12-00_p0010_s62_b1,54,69
10-05-2024_16-42-28_p0033_s48_b1,22,22
20-03-2025_16-23-09_p0078,21,22
01-02-2025_12-27-40_p0070_s282_b4,57,10
07-03-2024_14-13-16_p0010,32,24
25-03-2024_16-31-58_p0020_s138_b2,6,14
05-09-2024_15-15-49_p0047_s39_b1,40,29
19-07-2024_15-48-20_p0040_sP02_b1,87,23
28-11-2024_15-22-23_p0055_s85_b2,45,33
15-02-2025_12-26-31_p0070,24,5
10-01-2025_15-36-15_p0063_s220_b4,42,36
28-02-2024_16-17-06_p0011_s98_b2,8,31
12-06-2024_16-40-30_p0038_s180_b3,-85,228
12-03-2024_14-32-47_p0022_s43_b1,48,30
18-04-2024_10-19-46_p0025_s31_b1,6,25
03-09-2024_15-47-08_p0048_s208_b3,27,13
19-02-2025_16-43-58_p0072_s38_b1,130,27
28-08-2024_09-47-24_p0044_s122_b2,90,35
07-12-2024_10-56-35_p0053_s10_b1,23,33
16-09-2024_17-17-51_p0045_s80_b1,36,29
31-01-2025_15-18-39_p0065_s180_b3,38,39
13-02-2025_14-10-59_p0067_s271_b4,48,47
03-05-2024_14-02-25_p0027_s88_b2,29,16
11-03-2025_18-50-44_p0075_s40_b1,54,15
13-02-2025_19-11-33_p0070_s244_b3,59,23
23-04-2024_14-58-22_p0026_s2_b1,56,55
21-02-2025_18-11-55_p0068_s44_b1,42,30
11-03-2025_18-44-02_p0075_s19_b1,64,19
22-02-2024_15-38-11_p0014_s180_b3,41,27
03-10-2024_14-46-56_p0050_s164_b3,41,18
03-10-2024_14-45-19_p0050_s162_b3,96,32
22-04-2024_09-20-48_p0025,11,24
11-03-2025_15-45-18_p0073_s11_b1,35,45
01-08-2024_15-56-07_p0042,0,12
27-03-2025_15-29-36_p0078,91,61
21-11-2024_15-26-49_p0055_s171_b3,128,51
25-03-2024_15-35-23_p0020_s224_b4,30,32
20-12-2024_14-25-10_p0061_s89_b2,50,26
15-02-2025_10-46-09_p0065_s105_b2,32,17
20-02-2025_18-40-58_p0075_s167_b3,37,22
20-03-2024_15-06-27_p0015_s174_b3,33,49
24-04-2024_16-09-21_p0027_s206_b3,49,82
26-08-2024_15-31-07_p0019_s41_b1,22,28
18-04-2024_15-27-44_p0026_s103_b2,11,25
18-12-2024_17-21-06_p0057_s187_b3,47,23
19-11-2024_15-34-10_p0054_s161_b3,65,35
11-05-2024_10-08-09_p0034_s206_b3,66,44
07-12-2024_10-34-37_p0053_s256_b4,26,20
03-09-2024_14-32-42_p0048,44,15
15-02-2025_09-48-03_p0065_s11_b1,35,19
10-05-2024_09-45-54_p0030_s232_b4,26,40
19-06-2024_15-14-47_p0023,38,38
15-05-2024_15-36-55_p0032_s108_b2,25,24
03-04-2024_15-52-06_p0023_s239_b4,43,61
20-12-2024_14-23-17_p0061_s86_b2,45,31
23-11-2024_10-14-52_p0053_s199_b3,22,26
05-09-2024_16-11-01_p0047_s251_b4,25,19
26-11-2024_15-55-23_p0056_s135_b2,114,58
28-11-2024_15-41-39_p0055_s112_b2,14,39
26-03-2024_15-51-38_p0022_s242_b3,84,23
27-03-2025_15-04-27_p0078_s166_b3,49,52
30-08-2024_15-54-46_p0046_sP07_b2,25,20
13-03-2024_15-11-24_p0014_s122_b2,88,43
27-03-2025_14-04-41_p0080_s166_b3,63,55
07-05-2024_14-59-40_p0027_s21_b1,16,12
22-08-2024_16-40-34_p0042_s26_b1,39,35
08-04-2024_16-41-25_p0021_s24_b1,19,53
08-04-2024_15-39-49_p0021_s106_b2,16,41
10-09-2024_16-56-54_p0045,38,23
17-06-2024_15-17-49_p0019_s126_b2,25,23
25-02-2025_19-22-29_p0075_s140_b2,65,27
24-07-2024_14-22-41_p0041_s38_b1,49,17
11-05-2024_10-09-02_p0034_s207_b3,58,37
29-02-2024_14-02-14_p0010_s38_b1,25,51
11-07-2024_15-37-57_p0041_sP14_b3,32,36
26-10-2024_12-39-09_p0051_s241_b3,31,5
18-12-2024_17-18-37_p0057_s181_b3,25,21
23-04-2024_15-25-51_p0026_s56_b1,22,58
20-03-2025_15-06-40_p0076_s154_b2,12,21
17-12-2024_16-16-59_p0060,26,30
28-08-2024_15-14-41_p0038_s106_b2,56,13
28-01-2025_14-05-13_p0067_s203_b3,39,42
19-06-2024_10-27-19_p0036_s74_b1,23,29
11-05-2024_09-43-32_p0034,135,69
20-12-2024_14-21-29_p0061_sP04_b2,113,26
26-02-2025_09-32-38_p0074_s96_b2,89,36
22-01-2025_17-39-06_p0066,46,33
31-03-2025_18-37-01_p0079_s258_b4,36,43
11-07-2024_15-04-24_p0041_s160_b3,61,33
28-08-2024_09-48-49_p0044,91,19
18-03-2024_11-17-47_p0013_s222_b4,27,21
22-03-2025_11-41-31_p0079_s94_b2,69,36
19-06-2024_15-09-54_p0023_s167_b3,37,45
01-02-2025_13-50-46_p0064_s278_b4,24,19
03-04-2025_13-40-58_p0080_s103_b2,54,16
05-12-2024_17-20-55_p0055_s265_b4,9,9
03-02-2025_17-15-04_p0071_s141_b2,70,12
14-02-2025_18-04-02_p0073_s117_b2,8,23
03-04-2025_14-01-20_p0080,21,12
05-06-2024_15-37-09_p0037_s272_b4,25,29
10-05-2024_18-14-01_p0025_s95_b2,20,13
15-02-2025_09-48-44_p0065_s13_b1,49,23
06-11-2024_16-32-33_p0051_s100_b2,29,14
22-02-2024_11-59-36_p0017_s283_b4,38,41
23-11-2024_09-31-41_p0053_s162_b3,22,26
16-04-2024_15-38-47_p0016,18,21
28-09-2024_14-24-22_p0016_s44_b1,18,-4
03-04-2025_13-47-00_p0080,14,22
08-06-2024_10-26-54_p0031_s23_b1,33,50
03-05-2024_14-18-32_p0027_s137_b2,12,27
06-02-2025_14-04-44_p0067_s145_b2,89,15
11-03-2025_18-05-31_p0075_s230_b4,35,25
30-08-2024_16-21-28_p0046,37,14
08-08-2024_15-15-47_p0042_s143_b2,18,31
13-12-2024_16-26-14_p0054_s51_b1,57,29
29-04-2024_11-47-42_p0029_s127_b2,14,2
13-03-2024_15-14-10_p0014_s127_b2,107,60
05-03-2024_10-27-13_p0014_s19_b1,36,74
21-02-2024_15-44-57_p0016_s125_b2,-8,20
07-05-2024_14-52-49_p0027_s1_b1,14,12
17-09-2024_15-54-44_p0048_s248_b4,24,14
15-05-2024_15-23-31_p0032_s87_b2,40,26
05-06-2024_10-20-49_p0036_s257_b4,37,13
26-02-2025_10-22-58_p0074_s134_b2,72,45
03-08-2024_10-35-33_p0043,22,21
17-06-2024_15-07-31_p0019_s112_b2,26,13
26-11-2024_15-16-59_p0056_s88_b2,64,53
26-10-2024_12-15-35_p0051,27,3
22-01-2025_17-19-54_p0066_s171_b3,43,26
21-01-2025_14-45-15_p0065_s219_b4,53,23
03-08-2024_11-14-18_p0043_s193_b3,63,11
21-02-2025_17-58-50_p0068_s19_b1,29,70
05-09-2024_15-40-53_p0047_s209_b4,28,28
21-11-2024_15-33-25_p0055,41,62
08-05-2024_09-51-39_p0030_s137_b2,27,30
01-02-2025_09-33-35_p0069_s215_b4,20,28
13-03-2024_15-23-37_p0014,20,42
28-09-2024_14-26-37_p0016_s51_b1,8,3
28-11-2024_15-27-05_p0055_s92_b2,31,35
23-04-2024_11-27-56_p0024_s234_b4,21,16
30-01-2024_14-58-15_p12,45,7
18-03-2024_15-21-18_p0020_s28_b1,2,26
06-09-2024_15-12-17_p0047_s82_b2,24,25
22-01-2025_17-33-45_p0066_s188_b3,40,52
28-01-2025_14-08-40_p0067,51,27
11-05-2024_09-37-43_p0034,49,51
19-11-2024_16-25-10_p0054_s194_b3,22,25
08-04-2024_16-06-45_p0021,18,15
13-09-2024_16-22-58_p0046_s4_b1,24,1
21-02-2025_18-22-13_p0068_s64_b1,163,28
08-01-2025_15-18-26_p0063_s184_b3,66,43
04-07-2024_15-17-18_p0039_s171_b3,12,14
16-04-2024_10-20-28_p0025_s211_b4,-3,20
17-06-2024_15-14-48_p0019_s121_b2,27,31
05-09-2024_16-27-22_p0047_s264_b4,14,28
13-02-2025_15-20-59_p0067_s67_b1,92,19
11-02-2025_16-46-26_p0066_s213_b4,36,20
21-02-2024_11-39-12_p0013_s31_b1,21,34
28-06-2024_14-13-13_p0035_s19_b1,40,39
11-07-2024_15-09-38_p0041_s165_b3,30,39
06-05-2024_15-09-06_p0032,53,45
11-03-2025_18-49-15_p0075_s34_b1,32,18
13-02-2025_15-20-29_p0067_s66_b1,100,13
19-06-2024_11-22-54_p0036_s199_b3,25,42
15-02-2025_10-21-21_p0065_s72_b1,59,23
01-02-2025_13-35-24_p0064_s250_b4,21,21
21-02-2024_15-17-05_p0016_s85_b2,-1,11
21-02-2025_17-36-49_p0068,75,22
30-01-2024_14-34-04_p12,31,37
22-02-2024_14-11-27_p0018_s113_b2,8,27
08-11-2024_15-53-12_p0053_s113_b2,16,50
05-12-2024_15-52-12_p0055_s28_b1,24,33
12-03-2025_10-44-01_p0074_s8_b1,39,33
12-02-2025_17-18-38_p0072_s153_b2,85,24
17-02-2025_18-12-55_p0071_s236_b4,29,16
06-02-2025_14-08-35_p0067,14,15
24-07-2024_15-29-44_p0041_s280_b4,34,33
12-06-2024_17-00-18_p0038_s200_b3,24,51
11-02-2025_17-57-49_p0066_s8_b1,64,21
24-01-2025_16-07-46_p0060_s72_b1,4,48
21-02-2025_17-29-09_p0068_s257_b4,40,19
22-02-2024_13-42-56_p0018_s57_b1,26,22
21-08-2024_14-43-36_p0044_sP12_b3,32,14
18-04-2024_10-40-12_p0025_s77_b1,11,21
29-04-2024_11-37-51_p0029_s110_b2,18,20
21-01-2025_14-54-58_p0065_s222_b4,82,37
07-12-2024_10-41-57_p0053_s267_b4,22,26
23-11-2024_13-15-56_p0052_s112_b2,16,38
19-06-2024_15-28-25_p0023_s180_b3,60,35
13-02-2025_13-52-06_p0067_s237_b4,49,40
23-04-2024_11-36-02_p0024_s256_b4,17,23
31-01-2025_14-52-22_p0065_s163_b3,70,43
08-06-2024_10-40-57_p0031_s59_b1,18,50
26-11-2024_15-19-44_p0056_s93_b2,85,49
12-06-2024_10-13-57_p0036_s141_b2,34,12
06-08-2024_16-17-58_p0039_s14_b1,43,23
21-08-2024_14-21-21_p0044,43,14
27-02-2025_14-19-32_p0073_s176_b3,8,15
05-10-2024_11-37-31_p0050_s70_b1,18,3
19-06-2024_11-02-59_p0036_s178_b3,23,48
04-10-2024_14-28-32_p0050_s94_b2,25,49
03-05-2024_08-46-42_p0030_s49_b1,29,30
25-03-2024_16-14-03_p0020_s101_b2,11,12
30-08-2024_16-20-52_p0046,4,15
07-05-2024_14-16-30_p0027_s226_b4,23,38
18-04-2024_10-14-37_p0025_s18_b1,37,18
13-09-2024_16-43-09_p0046_s52_b1,13,9
17-06-2024_15-06-16_p0019_s111_b2,29,22
28-08-2024_10-11-42_p0044,28,29
04-10-2024_15-16-13_p0050,-111,140
24-01-2024_17-03-32_p10,58,28
17-09-2024_16-13-13_p0048_s271_b4,32,19
20-03-2025_14-35-20_p0076_s105_b2,10,22
11-03-2024_15-30-31_p0020_s163_b3,53,69
12-06-2024_15-58-21_p0038_s162_b3,93,28
16-09-2024_17-16-52_p0045_s78_b1,42,25
01-02-2025_10-44-00_p0069_s61_b1,35,16
11-03-2025_18-16-59_p0075_s262_b4,36,56
10-09-2024_17-49-41_p0045_s243_b3,134,19
27-02-2025_14-25-00_p0073_s183_b3,12,17
07-03-2024_13-42-04_p0010_s87_b2,17,24
26-08-2024_15-34-51_p0019_s49_b1,33,36
10-08-2024_10-58-16_p0043_s131_b2,76,27
10-12-2024_17-35-55_p0056_s62_b1,29,51
03-05-2024_19-04-24_p0031_s207_b3,14,13
20-02-2024_16-19-06_p0015_s217_b4,17,8
17-12-2024_16-53-04_p0060_s191_b3,23,21
21-12-2024_10-27-49_p0061_s61_b1,70,28
10-01-2025_15-14-43_p0062,25,32
26-11-2024_15-17-53_p0056_s89_b2,89,35
20-03-2025_14-49-52_p0076_s133_b2,45,41
27-02-2025_14-27-34_p0073_s190_b3,17,19
22-02-2024_13-59-23_p0018_s83_b2,10,17
27-03-2025_14-13-40_p0080_s174_b3,45,52
13-11-2024_16-54-48_p0051_s39_b1,46,15
29-04-2024_11-51-04_p0029_s137_b2,22,15
15-02-2025_12-23-14_p0070,17,12
08-10-2024_16-02-21_p0049_s123_b2,5,0
12-03-2025_10-25-03_p0074_s253_b4,9,30
19-06-2024_16-31-57_p0023_s34_b1,24,25
12-12-2024_19-14-42_p0058,23,21
27-02-2025_14-24-30_p0073_s182_b3,9,22
16-10-2024_16-04-01_p0049_s199_b3,17,4
10-05-2024_18-41-05_p0025_s137_b2,10,12
03-04-2024_16-06-24_p0023_s264_b4,20,43
08-05-2024_09-31-58_p0030_s92_b2,27,23
12-07-2024_14-27-10_p0040_s160_b3,36,39
12-03-2024_14-28-40_p0022_s32_b1,107,24
21-02-2025_18-23-15_p0068_s66_b1,110,28
03-09-2024_14-41-30_p0048,26,19
19-12-2024_15-55-23_p0062_s171_b3,97,28
19-02-2025_16-39-58_p0072_s29_b1,92,22
12-06-2024_16-29-33_p0038_s171_b3,26,29
13-11-2024_17-34-46_p0051_s230_b4,7,16
19-02-2025_15-50-27_p0072_s230_b4,20,18
13-02-2025_13-41-16_p0067_s221_b4,34,27
08-05-2024_16-18-32_p0033_s202_b3,40,55
17-07-2024_14-14-00_p0041_s90_b2,51,29
27-11-2024_15-46-07_p0054_s283_b4,49,30
05-09-2024_15-33-34_p0047_s72_b1,25,31
20-12-2024_14-46-04_p0061_sP07_b2,55,42
12-03-2024_10-38-10_p0021_s253_b4,24,46
10-08-2024_10-51-06_p0043_s117_b2,31,32
24-07-2024_14-08-55_p0041_s5_b1,37,8
11-06-2024_14-11-24_p0035_s111_b2,29,35
13-03-2024_15-35-45_p0014_s156_b2,24,33
13-09-2024_16-47-58_p0046_s64_b1,16,2
11-06-2024_14-30-50_p0035,44,22
03-12-2024_15-04-57_p0056,77,41
11-02-2025_19-04-19_p0069_s135_b2,94,33
11-03-2025_15-26-24_p0073_s264_b4,7,37
06-11-2024_16-23-08_p0051,31,22
17-12-2024_17-15-41_p0060_s204_b3,17,12
21-11-2024_16-00-11_p0055_s208_b3,27,57
08-04-2024_16-53-04_p0021_s59_b1,13,48
05-06-2024_10-04-51_p0036_s230_b4,40,12
26-02-2025_10-31-54_p0074,27,25
07-12-2024_10-25-29_p0053_s247_b4,32,28
06-02-2025_13-29-30_p0067_s85_b2,33,17
21-11-2024_15-36-27_p0055_s183_b3,15,78
24-05-2024_18-33-25_p0031_s87_b2,43,30
12-03-2024_10-40-11_p0021_s258_b4,42,56
17-02-2025_18-32-27_p0071_s271_b4,81,3
11-06-2024_14-07-53_p0035_s105_b2,23,31
18-06-2024_16-30-56_p0028_s234_b4,7,28
08-11-2024_16-10-12_p0053_s134_b2,5,54
07-03-2024_14-03-35_p0010_s137_b2,5,31
15-02-2025_11-29-18_p0065_s153_b2,54,16
05-03-2024_10-24-35_p0014_s11_b1,16,45
30-01-2024_11-18-36_p11,6,20
07-01-2025_16-23-39_p0063,29,85
21-02-2025_17-41-42_p0068_s270_b4,27,15
07-03-2024_13-54-13_p0010,15,50
11-06-2024_14-35-13_p0035,0,22
04-09-2024_14-56-55_p0044_s273_b4,34,24
17-02-2025_18-37-52_p0071_s279_b4,43,16
25-02-2025_18-57-05_p0075_s121_b2,155,19
24-05-2024_18-47-50_p0031_s118_b2,29,35
26-03-2024_15-01-04_p0022_s158_b3,44,24
19-06-2024_11-27-40_p0036_s205_b3,27,40
29-04-2024_17-03-43_p0024_s72_b1,27,33
24-01-2024_17-10-01_p10,56,46
08-08-2024_14-50-06_p0042_s107_b2,20,29
22-03-2025_11-38-24_p0079_s85_b2,65,25
04-07-2024_16-04-16_p0039_s200_b3,35,34
24-03-2025_17-42-14_p0076_s51_b1,20,15
30-08-2024_16-28-30_p0046_s152_b2,5,23
13-03-2024_14-52-58_p0014_s89_b2,50,44
08-05-2024_09-59-33_p0030,36,29
19-02-2025_15-58-28_p0072_s249_b4,30,11
12-03-2024_10-52-17_p0021_s279_b4,35,42
26-04-2024_15-08-42_p0028_s72_b1,24,18
08-11-2024_16-19-49_p0053,37,30
19-06-2024_16-36-42_p0023_s45_b1,32,21
29-08-2024_16-11-54_p0045,37,32
11-03-2025_15-44-01_p0073_s6_b1,23,30
28-11-2024_15-38-44_p0055_s108_b2,40,35
26-11-2024_15-44-15_p0056_s121_b2,155,69
26-08-2024_16-10-43_p0019_s159_b3,67,24
16-07-2024_16-43-44_p0039,79,19
10-09-2024_17-23-20_p0045_s191_b3,34,14
08-11-2024_14-59-05_p0052_s55_b1,42,57
08-08-2024_14-32-49_p0042,16,24
22-02-2024_15-42-38_p0014_s190_b3,54,44
19-06-2024_10-45-10_p0036,107,38
11-06-2024_14-34-11_p0035,29,25
04-07-2024_15-15-15_p0039,15,25
28-02-2024_17-05-10_p0011_s156_b2,36,26
15-02-2025_10-11-49_p0065_s60_b1,71,43
04-02-2025_16-30-18_p0066_s94_b2,49,25
07-12-2024_10-12-41_p0053_s224_b4,33,27
28-08-2024_10-05-31_p0044,31,22
13-03-2024_15-23-06_p0014,38,40
30-10-2024_15-18-29_p0052,26,46
19-06-2024_15-03-52_p0023,51,47
27-03-2024_15-38-37_p0015,14,18
06-02-2025_13-41-32_p0067_s107_b2,30,20
27-05-2024_15-42-35_p0032_s181_b3,22,49
12-03-2024_14-22-56_p0022_s17_b1,57,17
07-02-2025_16-27-39_p0046,23,23
03-02-2025_17-18-33_p0071_s144_b2,35,12
05-12-2024_15-44-30_p0055_s14_b1,44,27
16-05-2024_14-18-43_p0034_sP04_b2,156,29
28-08-2024_17-02-09_p0038_s78_b1,71,11
31-03-2025_18-19-10_p0079_s211_b4,44,42
17-07-2024_14-18-10_p0041_s96_b2,51,26
08-01-2025_16-15-35_p0063_s15_b1,18,36
11-03-2025_15-25-00_p0073_s262_b4,22,22
20-05-2024_15-13-58_p0023_s85_b2,7,13
07-05-2024_14-55-31_p0027_s9_b1,18,8
08-04-2024_16-57-53_p0021_s67_b1,14,33
20-02-2024_16-18-34_p0015_s215_b4,9,29
27-02-2025_14-21-07_p0073_sP12_b3,22,26
21-01-2025_14-34-11_p0065_s209_b4,54,53
31-08-2024_12-32-46_p0047,38,36
28-09-2024_14-09-41_p0016_s20_b1,16,1
14-08-2024_16-14-33_p0038,89,21
07-01-2025_13-42-37_p0062_s4_b1,56,26
15-05-2024_15-14-56_p0032_s84_b2,75,50
11-02-2025_18-24-49_p0066_s72_b1,2,21
01-02-2025_12-20-30_p0070_s266_b4,73,1
11-03-2025_15-42-49_p0073_s1_b1,29,35
12-03-2025_10-34-33_p0074,71,57
22-04-2024_09-20-06_p0025,9,18
22-02-2024_14-20-42_p0018_s122_b2,36,21
13-03-2024_14-50-45_p0014_s87_b2,37,34
16-10-2024_16-35-32_p0049_s38_b1,25,1
14-12-2024_12-10-14_p0059_s151_b2,15,16
24-03-2025_17-11-08_p0076_s256_b4,17,27
16-10-2024_15-50-38_p0049_s187_b3,28,14
10-12-2024_16-55-44_p0056_s11_b1,37,32
19-06-2024_16-47-09_p0023_s68_b1,49,17
03-04-2025_14-07-33_p0080_s151_b2,31,7
08-01-2025_15-20-39_p0063_s188_b3,46,35
13-02-2025_19-22-37_p0070_s15_b1,41,38
10-05-2024_09-54-21_p0030_s255_b4,42,27
28-06-2024_15-39-31_p0035_s262_b4,9,17
18-04-2024_10-31-18_p0025_s59_b1,51,28
08-06-2024_10-20-08_p0031_s4_b1,31,34
31-01-2024_14-59-28_p13,15,24
16-09-2024_15-30-17_p0045_s111_b2,23,9
18-01-2025_13-13-38_p0064_s198_b3,39,15
20-02-2025_18-34-23_p0075_s158_b3,58,22
17-08-2024_10-13-20_p0043_s24_b1,53,15
05-03-2024_10-32-27_p0014_s33_b1,32,29
11-06-2024_13-54-19_p0035_s86_b2,37,30
29-04-2024_11-48-26_p0029_s129_b2,12,18
15-02-2025_10-25-18_p0065_s79_b1,159,18
11-03-2025_19-00-09_p0075_s59_b1,71,41
27-03-2025_14-02-58_p0080_s164_b3,30,40
07-01-2025_15-40-48_p0063_s93_b2,28,58
15-05-2024_15-32-28_p0032_s102_b2,17,16
19-02-2025_16-51-23_p0072_s54_b1,45,27
07-03-2024_14-10-04_p0010,20,27
17-09-2024_16-11-18_p0048_s267_b4,24,20
02-05-2024_14-56-06_p0026,24,21
30-04-2024_13-51-08_p0024,51,48
05-06-2024_10-38-19_p0036_s281_b4,43,13
28-08-2024_15-26-29_p0038_s124_b2,85,6
13-02-2025_18-46-54_p0070_s179_b3,44,34
03-04-2024_15-49-20_p0023_s232_b4,34,72
20-03-2025_14-49-20_p0076_s131_b2,123,43
20-03-2025_16-04-52_p0078_s114_b2,55,28
08-11-2024_16-00-50_p0053_s120_b2,32,59
16-09-2024_15-32-13_p0045_s114_b2,48,9
22-04-2024_09-07-45_p0025_s158_b3,13,41
24-01-2025_15-47-08_p0060_s44_b1,7,54
13-12-2024_16-30-20_p0054_s61_b1,38,27
05-12-2024_17-22-44_p0055_s269_b4,44,17
05-12-2024_15-42-49_p0055_s11_b1,29,30
17-12-2024_17-17-50_p0060,22,20
05-10-2024_11-10-53_p0050_s8_b1,12,-1
13-02-2025_19-49-28_p0070_s73_b1,115,23
18-06-2024_16-08-27_p0028_s210_b4,30,30
12-03-2024_14-31-31_p0022_s40_b1,64,39
18-03-2024_11-13-57_p0013_s218_b4,40,43
07-12-2024_11-08-36_p0053_s37_b1,55,36
17-07-2024_14-30-03_p0041_s120_b2,61,34
26-08-2024_16-28-25_p0019,52,31
27-03-2025_14-21-32_p0080,30,43
12-03-2024_10-26-12_p0021_s232_b4,28,50
13-11-2024_17-31-25_p0051_s224_b4,34,20
06-02-2025_15-14-37_p0068_s136_b2,36,22
22-02-2024_15-46-13_p0014,28,23
30-09-2024_15-27-40_p0049_s213_b4,30,-2
28-06-2024_15-39-10_p0035_s261_b4,88,15
13-02-2025_19-39-12_p0070_s52_b1,111,17
07-03-2024_13-45-50_p0010_s95_b2,34,29
22-02-2024_14-33-03_p0018,0,26
12-12-2024_19-17-15_p0058_s119_b2,80,33
17-08-2024_10-52-36_p0043,84,24
17-08-2024_10-46-30_p0043_s214_b4,31,19
27-03-2024_16-10-00_p0015_s30_b1,18,28
09-05-2024_14-33-24_p0033_s113_b2,48,33
05-06-2024_15-35-16_p0037_s268_b4,15,26
19-03-2024_15-46-11_p0022,15,48
28-08-2024_15-28-03_p0038_s125_b2,56,18
25-03-2024_16-38-15_p0020,3,12
08-10-2024_15-41-55_p0049_s86_b2,22,-6
28-03-2025_15-24-07_p0081_s86_b2,127,30
22-02-2024_11-10-35_p0017,42,56
10-08-2024_10-41-30_p0043_s101_b2,23,24
24-03-2025_17-01-52_p0076_s234_b4,50,15
10-12-2024_16-52-21_p0056_s4_b1,42,74
22-03-2025_12-04-37_p0079_s145_b2,66,30
19-07-2024_15-35-26_p0040_s45_b1,87,16
03-04-2024_15-35-36_p0023_s219_b4,49,43
19-02-2025_16-21-08_p0072_s283_b4,56,17
22-01-2025_17-23-03_p0066_s177_b3,117,18
27-03-2024_15-43-56_p0015_s153_b2,18,23
16-10-2024_16-38-17_p0049_s47_b1,26,4
18-01-2025_09-58-41_p0057_s234_b4,21,13
17-08-2024_11-14-02_p0043_s260_b4,41,14
22-03-2025_12-06-46_p0079,31,33
12-06-2024_10-14-15_p0036_s142_b2,27,12
27-11-2024_15-08-54_p0054_s216_b4,86,12
26-04-2024_14-57-44_p0028_s51_b1,109,16
07-01-2025_16-05-46_p0063_s127_b2,84,57
12-06-2024_10-29-49_p0036,49,16
12-07-2024_15-06-44_p0040_s182_b3,17,5
21-02-2025_17-43-49_p0068_s274_b4,37,12
06-08-2024_16-33-01_p0039_s51_b1,41,39
22-08-2024_16-54-50_p0042_s52_b1,19,22
04-10-2024_14-59-43_p0050_s130_b2,22,38
14-01-2025_15-26-42_p0060,24,50
28-03-2025_15-29-23_p0081_s96_b2,95,42
03-12-2024_15-29-55_p0056,20,35
17-09-2024_15-33-31_p0048_s215_b4,37,24
21-02-2024_11-40-30_p0013_s36_b1,4,12
11-06-2024_14-39-05_p0035,24,36
22-02-2024_14-05-53_p0018_s96_b2,5,7
19-03-2024_15-01-56_p0022_s96_b2,66,19
18-04-2024_10-23-15_p0025_s40_b1,34,32
11-03-2025_18-42-32_p0075_s13_b1,57,19
20-05-2024_11-37-53_p0034_s40_b1,47,28
03-08-2024_11-27-26_p0043_s207_b3,31,14
07-02-2025_16-28-56_p0046,10,14
31-01-2024_14-52-08_p13,28,36
30-01-2024_11-18-22_p11,4,28
14-01-2025_15-05-35_p0060_sP04_b2,146,29
08-05-2024_15-31-53_p0033,48,62
08-11-2024_14-23-44_p0052_s1_b1,60,47
10-01-2025_14-36-09_p0062_s97_b2,89,48
13-11-2024_16-41-04_p0051_s5_b1,37,35
13-02-2025_13-56-09_p0067_s250_b4,40,36
18-12-2024_09-22-10_p0061_s165_b3,53,41
23-11-2024_13-14-14_p0052_s108_b2,8,53
01-02-2025_10-51-37_p0069_s74_b1,69,11
13-02-2025_18-51-25_p0070_s188_b3,31,40
04-02-2025_16-51-06_p0066_s129_b2,53,32
08-01-2025_16-08-11_p0063_sP01_b1,64,33
06-05-2024_16-08-00_p0032_s277_b4,64,60
11-05-2024_09-28-41_p0034_s163_b3,114,55
26-02-2025_10-35-01_p0074,38,22
15-02-2025_10-43-22_p0065_s101_b2,43,13
08-10-2024_16-20-33_p0049,9,12
11-03-2025_15-44-31_p0073_s8_b1,16,41
29-04-2024_12-01-37_p0029,26,25
29-02-2024_14-20-11_p0010_s81_b1,30,16
24-07-2024_14-55-28_p0041_s215_b4,17,23
29-08-2024_15-45-57_p0045_s238_b4,56,29
12-06-2024_09-47-11_p0036_s92_b2,28,14
03-02-2025_17-32-10_p0071_s152_b2,42,13
30-01-2024_15-01-37_p12,62,36
05-12-2024_17-19-28_p0055,44,16
11-03-2024_15-39-17_p0020,-45,59
11-06-2024_14-06-53_p0035_s103_b2,24,26
11-07-2024_15-02-54_p0041_s159_b3,30,26
12-06-2024_10-30-46_p0036,22,28
04-07-2024_15-03-35_p0039_s163_b3,18,53
30-01-2024_14-38-47_p12,33,32
27-02-2025_14-08-21_p0073,11,29
06-11-2024_17-02-28_p0051,14,15
14-02-2025_17-49-55_p0073_s90_b2,10,9
03-02-2025_17-08-46_p0071_s132_b2,84,13
05-10-2024_09-22-26_p0050_s220_b4,24,13
31-03-2025_18-20-56_p0079_s218_b4,21,38
11-03-2025_18-11-06_p0075_s250_b4,55,24
22-02-2024_15-38-31_p0014_s181_b3,25,15
11-07-2024_15-03-56_p0041,29,31
08-06-2024_10-50-52_p0031_s76_b1,25,25
20-03-2025_14-39-59_p0076_s116_b2,-1,19
14-02-2025_17-56-46_p0073_s102_b2,8,26
12-12-2024_19-09-49_p0058_s110_b2,34,36
28-03-2025_16-03-11_p0081_s155_b2,94,41
21-08-2024_14-36-35_p0044,48,59
23-11-2024_09-37-26_p0053_s169_b3,20,24
21-02-2024_15-56-40_p0016_s146_b2,2,23
22-02-2024_11-40-14_p0017_s222_b4,21,23
08-11-2024_14-57-19_p0052_s52_b1,55,71
07-05-2024_14-25-05_p0027_s253_b4,28,35
11-03-2025_17-55-15_p0075_s217_b4,44,36
28-02-2024_17-02-25_p0011_s150_b2,5,24
13-12-2024_14-59-56_p0054_s110_b2,58,18
12-03-2024_14-25-01_p0022_s21_b1,47,18
13-09-2024_16-49-03_p0046_s67_b1,14,8
08-05-2024_15-20-47_p0033,164,69
10-12-2024_16-17-37_p0056_s278_b4,50,38
13-09-2024_16-29-46_p0046_s20_b1,22,0
12-03-2024_10-34-11_p0021_s245_b4,79,26
20-05-2024_11-23-55_p0034_s10_b1,30,31
17-09-2024_14-58-27_p0048_s59_b1,20,27
05-12-2024_17-24-05_p0055_s271_b4,61,14
10-09-2024_14-07-35_p0048_s84_b2,27,-1
30-09-2024_16-09-13_p0049_s274_b4,23,-3
27-02-2025_14-05-11_p0073,15,30
01-02-2025_10-50-05_p0069_s72_b1,81,26
06-02-2025_15-20-06_p0068,13,17
18-03-2024_15-27-43_p0020_s31_b1,2,27
16-05-2024_14-25-55_p0034_s92_b2,45,35
13-02-2025_15-01-08_p0067_s34_b1,24,17
13-11-2024_17-24-57_p0051_s213_b4,9,10
16-05-2024_14-58-36_p0034_s138_b2,90,54
15-02-2025_09-52-59_p0065_s22_b1,28,19
02-04-2024_15-16-31_p0021,49,28
18-06-2024_15-29-20_p0028_s142_b2,30,49
28-09-2024_14-28-46_p0016_s55_b1,30,1
26-04-2024_14-34-12_p0028_s9_b1,12,37
02-05-2024_15-19-34_p0026_s200_b3,12,23
11-07-2024_15-37-29_p0041_s193_b3,33,38
14-02-2025_17-48-46_p0073_s87_b2,14,18
06-11-2024_16-42-19_p0051,32,54
11-07-2024_15-17-36_p0041,29,31
15-05-2024_16-43-04_p0032,22,15
06-11-2024_17-05-52_p0051_s149_b2,40,13
11-02-2025_19-05-06_p0069_s137_b2,54,24
02-05-2024_16-06-41_p0026_s262_b4,12,21
26-02-2025_10-39-39_p0074,16,21
06-11-2024_16-56-30_p0051_s146_b2,25,11
06-02-2025_14-48-40_p0068_s96_b2,24,27
23-11-2024_12-58-57_p0052_s82_b2,16,35
21-12-2024_10-08-54_p0061_s19_b1,60,3
18-04-2024_10-26-41_p0025_s48_b1,16,28
08-08-2024_14-29-16_p0042,29,26
12-03-2024_10-53-37_p0021_s282_b4,47,47
20-05-2024_12-11-13_p0034_s228_b4,38,55
26-02-2024_16-20-36_p0019_s280_b4,21,31
19-02-2025_16-41-07_p0072_s31_b1,47,22
08-04-2024_16-08-41_p0021,17,49
19-02-2025_16-11-40_p0072_s268_b4,69,14
12-12-2024_16-22-24_p0057,35,18
05-06-2024_15-11-41_p0037_s225_b4,11,30
05-02-2025_17-05-56_p0072_s174_b3,67,20
17-02-2025_16-59-59_p0071_s3_b1,78,31
08-01-2025_15-29-16_p0063_s195_b3,37,32
05-12-2024_16-53-35_p0055_s221_b4,14,24
16-10-2024_16-07-53_p0049_s204_b3,84,1
11-06-2024_14-39-27_p0035,22,52
28-02-2024_16-55-58_p0011,21,48
04-02-2025_16-43-41_p0066_sP07_b2,38,25
17-09-2024_14-40-26_p0048_s25_b1,18,19
21-08-2024_14-37-17_p0044_s171_b3,102,14
16-09-2024_15-51-27_p0045_s135_b2,32,23
07-05-2024_14-29-33_p0027,28,23
19-12-2024_15-38-57_p0062,136,2
28-03-2025_15-35-50_p0081_s109_b2,64,47
20-03-2025_16-17-26_p0078_s140_b2,86,33
25-03-2025_18-18-38_p0079,135,24
08-06-2024_10-07-19_p0031_s277_b4,43,40
28-02-2024_16-37-22_p0011_s122_b2,50,42
23-07-2024_16-46-41_p0039,26,16
31-01-2024_15-10-43_p13,4,2
28-08-2024_16-57-51_p0038_s71_b1,55,11
10-05-2024_16-35-35_p0033_s31_b1,22,14
26-02-2024_15-54-32_p0019_s247_b4,66,28
09-05-2024_14-12-48_p0033_s83_b2,42,27
12-03-2025_10-18-17_p0074_s232_b4,36,15
05-06-2024_15-30-58_p0037_s263_b4,25,20
07-05-2024_14-56-30_p0027_s12_b1,10,1
14-02-2025_18-00-36_p0073_s112_b2,10,15
15-02-2025_11-22-07_p0065,33,12
20-03-2025_14-42-38_p0076_s119_b2,110,34
16-04-2024_10-58-46_p0025_s276_b4,25,47
19-07-2024_14-37-59_p0040_s151_b2,77,15
28-08-2024_16-35-00_p0038_s29_b1,92,32
20-02-2025_19-47-53_p0075_s241_b3,60,19
16-10-2024_16-41-05_p0049_s54_b1,20,14
08-08-2024_14-35-06_p0042,15,26
20-12-2024_15-14-46_p0061_s152_b2,14,23
30-08-2024_16-08-15_p0046_s137_b2,31,27
22-03-2025_11-45-24_p0079_s103_b2,45,42
08-05-2024_10-04-38_p0030_s153_b2,26,53
26-03-2024_16-26-56_p0022_s257_b4,25,25
24-01-2025_15-46-28_p0060_s42_b1,8,38
08-04-2024_15-41-49_p0021_s111_b2,27,44
24-01-2025_14-46-35_p0060_s222_b4,24,40
11-05-2024_10-09-53_p0034_s208_b3,55,35
12-03-2024_10-15-55_p0021_s210_b4,46,53
31-01-2025_15-41-44_p0065,145,38
18-03-2024_11-36-37_p0013,30,23
21-02-2024_11-33-16_p0013_s15_b1,45,50
30-09-2024_16-03-41_p0049_s266_b4,16,14
17-02-2025_17-14-50_p0071_s39_b1,92,22
17-02-2025_17-37-13_p0071_s65_b1,93,29
21-01-2025_14-46-16_p0065_s220_b4,32,16
18-04-2024_10-25-50_p0025_s46_b1,5,24
17-06-2024_15-34-28_p0019,26,18
19-06-2024_10-21-55_p0036_s66_b1,152,14
27-11-2024_15-37-22_p0054_s265_b4,27,10
23-05-2024_15-22-20_p0035_s207_b3,32,28
19-02-2025_10-12-06_p0074_s162_b3,79,28
04-10-2024_14-38-30_p0050,31,38
08-10-2024_15-49-08_p0049_s99_b2,16,3
11-02-2025_19-09-10_p0069_s143_b2,92,30
21-02-2024_16-04-03_p0016,3,11
28-06-2024_15-44-05_p0035,13,10
19-11-2024_16-39-27_p0054_s202_b3,24,29
17-09-2024_15-36-28_p0048_s221_b4,50,25
15-05-2024_15-26-34_p0032_s92_b2,39,34
21-12-2024_10-22-48_p0061_s49_b1,65,18
06-02-2025_14-07-41_p0067,11,5
29-04-2024_16-44-39_p0024_s32_b1,33,52
02-04-2024_15-50-03_p0021_sP16_b3,17,42
15-05-2024_15-53-20_p0032_s120_b2,56,27
13-03-2024_15-29-14_p0014,20,21
15-02-2025_12-11-37_p0070_s128_b2,94,2
01-02-2025_12-08-59_p0070_s246_b4,40,24
11-02-2025_16-59-56_p0066_s233_b4,23,19
13-03-2024_15-29-43_p0014,18,33
14-03-2025_16-50-39_p0077_s269_b4,52,-3
17-09-2024_14-37-43_p0048_s19_b1,29,6
18-04-2024_10-18-42_p0025_s28_b1,18,29
28-03-2025_15-37-22_p0081_s112_b2,84,39
27-03-2025_14-17-33_p0080_s181_b3,53,52
13-02-2025_13-53-39_p0067,64,31
26-10-2024_11-54-13_p0051_s160_b3,53,5
07-12-2024_11-23-04_p0053_sP02_b1,24,22
11-03-2025_15-49-06_p0073_s19_b1,12,33
18-12-2024_16-43-27_p0057,110,24
11-03-2025_15-44-49_p0073_s9_b1,27,35
08-10-2024_15-45-10_p0049_s91_b2,31,1
21-11-2024_15-38-58_p0055_s185_b3,63,22
26-11-2024_15-41-17_p0056_sP07_b2,45,56
17-09-2024_14-40-50_p0048_s26_b1,25,22
13-11-2024_17-26-20_p0051_s216_b4,22,9
28-11-2024_15-59-45_p0055_s132_b2,79,50
13-11-2024_17-53-09_p0051,34,22
16-04-2024_15-37-47_p0016_s176_b3,11,28
18-04-2024_15-45-34_p0026,43,37
05-02-2025_17-15-09_p0072_s179_b3,16,21
11-03-2025_15-07-05_p0073_s218_b4,22,38
31-01-2025_14-53-39_p0065_s165_b3,45,43
20-03-2025_16-33-21_p0078_s156_b2,114,37
29-04-2024_15-39-57_p0024_s175_b3,59,53
10-01-2025_16-03-42_p0063,54,41
27-05-2024_16-57-55_p0032_s64_b1,34,93
22-02-2024_13-44-55_p0018_s61_b1,36,29
19-06-2024_16-46-21_p0023_s67_b1,36,20
16-10-2024_15-19-19_p0049,30,21
10-05-2024_08-49-18_p0030_s181_b3,52,42
08-08-2024_15-19-26_p0042_s155_b2,21,31
29-04-2024_11-35-51_p0029_s105_b2,24,23
28-08-2024_10-02-18_p0044_s146_b2,66,25
15-02-2025_11-28-32_p0065_s150_b2,30,11
20-03-2024_14-48-11_p0015_s158_b3,46,50
11-03-2025_15-53-23_p0073_s34_b1,28,29
26-08-2024_15-24-33_p0019_s26_b1,34,42
14-03-2025_16-24-15_p0077_s223_b4,61,31
22-02-2024_14-13-52_p0018,15,19
11-03-2025_16-01-20_p0073_s56_b1,6,35
08-07-2024_11-51-41_p0040_s220_b4,11,16
18-04-2024_10-41-13_p0025_s80_b1,34,23
22-02-2024_15-22-30_p0014_s163_b3,101,25
12-03-2025_10-52-17_p0074_s28_b1,69,27
18-12-2024_17-21-57_p0057_s188_b3,22,24
26-04-2024_14-35-19_p0028_s11_b1,41,25
10-01-2025_14-30-16_p0062_sP05_b2,102,41
20-02-2024_16-40-03_p0015_s239_b4,7,35
01-02-2025_10-19-14_p0069_s9_b1,23,17
05-06-2024_15-38-00_p0037_s274_b4,22,43
04-02-2025_17-02-38_p0066,2,26
13-03-2024_15-59-22_p0014_s245_b4,54,22
08-04-2024_16-45-28_p0021_s37_b1,22,38
28-08-2024_16-40-47_p0038_s41_b1,35,21
28-09-2024_13-00-27_p0016,19,14
27-05-2024_16-54-36_p0032_s56_b1,44,38
13-03-2024_15-07-19_p0014,48,46
02-05-2024_14-57-16_p0026,53,27
05-10-2024_11-36-56_p0050_s68_b1,20,2
08-06-2024_10-11-15_p0031_s282_b4,21,47
13-02-2025_18-43-55_p0070_s177_b3,58,29
29-04-2024_12-04-05_p0029_s151_b2,22,23
07-05-2024_15-09-29_p0027_s51_b1,19,15
23-11-2024_09-55-33_p0053_sP12_b3,34,28
21-02-2024_15-56-26_p0016_s145_b2,3,17
24-03-2025_17-49-31_p0076_s79_b1,28,21
16-07-2024_16-20-24_p0039_s219_b4,45,18
02-05-2024_15-48-05_p0026_s219_b4,13,12
20-03-2025_14-45-10_p0076_s124_b2,16,25
05-03-2024_10-23-44_p0014_s8_b1,33,52
16-10-2024_16-50-52_p0049_s76_b1,20,0
12-12-2024_18-56-38_p0058_s90_b2,22,21
22-08-2024_15-34-52_p0042_s223_b4,13,4
14-08-2024_16-09-36_p0038_s252_b4,72,15
16-04-2024_10-24-56_p0025_s219_b4,0,46
27-03-2025_15-03-41_p0078_s165_b3,56,60
13-05-2024_15-51-22_p0028,8,7
20-05-2024_16-06-02_p0023,17,8
05-09-2024_15-35-15_p0047_s74_b1,12,18
27-03-2024_15-37-14_p0015,18,22
05-09-2024_16-20-03_p0047_s259_b4,147,14
30-08-2024_15-36-31_p0046_s111_b2,21,24
03-04-2024_15-40-57_p0023_s223_b4,61,36
28-01-2025_13-30-29_p0067_s171_b3,122,14
28-08-2024_16-59-13_p0038_s73_b1,105,12
18-04-2024_10-17-36_p0025_s25_b1,32,25
06-02-2025_18-51-31_p0069_s194_b3,32,35
17-02-2025_17-02-42_p0071_s10_b1,32,24
03-08-2024_11-09-58_p0043_s187_b3,52,17
26-02-2024_15-46-39_p0019_s234_b4,12,59
19-07-2024_13-59-21_p0040_s105_b2,11,19
08-05-2024_15-51-42_p0033_s183_b3,42,48
05-06-2024_15-09-32_p0037_s222_b4,24,45
06-02-2025_15-08-13_p0068_s123_b2,76,33
20-05-2024_15-37-18_p0023,13,12
08-10-2024_15-53-25_p0049_s107_b2,9,7
25-01-2025_13-33-56_p0064,33,13
06-05-2024_15-30-14_p0032_s231_b4,68,60
13-12-2024_15-55-39_p0054,34,25
17-09-2024_16-12-52_p0048_s270_b4,27,22
08-04-2024_17-03-10_p0021_s79_b1,9,57
11-02-2025_19-05-27_p0069_s138_b2,49,38
12-07-2024_15-24-10_p0040,54,9
19-02-2025_10-49-34_p0074_s184_b3,60,40
24-03-2025_17-50-05_p0076_s81_b1,103,32
04-07-2024_15-35-34_p0039_s187_b3,54,45
19-11-2024_15-40-54_p0054_s165_b3,24,20
08-05-2024_09-45-38_p0030_s119_b2,14,15
29-08-2024_16-23-31_p0045_s276_b4,29,29
25-03-2025_18-14-17_p0079,141,28
27-03-2025_14-17-03_p0080_s180_b3,45,41
08-11-2024_14-40-04_p0052_s30_b1,70,58
11-06-2024_14-16-20_p0035,28,28
18-06-2024_15-07-18_p0028_s112_b2,21,57
18-01-2025_12-31-46_p0064_s159_b3,35,35
06-02-2025_14-12-23_p0067,25,14
16-04-2024_10-35-06_p0025_s234_b4,8,48
07-02-2025_16-27-23_p0046,27,20
03-04-2025_13-56-51_p0080_s143_b2,104,12
27-03-2025_15-36-38_p0078,88,79
03-05-2024_14-28-58_p0027_s149_b2,17,43
20-05-2024_12-33-44_p0034_s271_b4,48,42
11-02-2025_17-18-34_p0066_s261_b4,31,22
05-03-2024_10-46-10_p0014_s74_b1,12,54
28-09-2024_13-44-14_p0016_s275_b4,21,10
06-05-2024_15-37-58_p0032_s248_b4,46,36
07-01-2025_14-10-52_p0062_s56_b1,92,60
12-12-2024_18-48-56_p0058_sP04_b2,43,31
16-09-2024_15-47-33_p0045_s129_b2,33,11
07-03-2024_13-48-33_p0010_s101_b2,9,28
06-02-2025_13-31-47_p0067_s88_b2,21,13
27-03-2024_15-44-33_p0015_s155_b2,19,20
11-07-2024_15-44-02_p0041,46,38
22-02-2024_14-34-54_p0018,1,14
06-02-2025_13-44-36_p0067_s112_b2,23,20
08-11-2024_15-37-49_p0053_s87_b2,32,33
07-05-2024_14-09-53_p0027_s214_b4,28,35
12-07-2024_14-29-59_p0040_s163_b3,107,36
05-09-2024_16-33-46_p0047_s277_b4,50,26
12-02-2025_16-30-33_p0072_s92_b2,45,22
28-06-2024_14-12-43_p0035_s18_b1,34,41
29-04-2024_17-06-12_p0024_s78_b1,25,37
23-05-2024_15-01-14_p0035_s175_b3,69,36
23-11-2024_09-52-44_p0053_s178_b3,32,26
10-09-2024_14-33-57_p0048_s120_b2,71,9
10-05-2024_08-41-10_p0030_s172_b3,39,49
08-05-2024_09-40-40_p0030_s110_b2,42,33
21-08-2024_15-10-16_p0044,47,4
28-06-2024_15-28-03_p0035_s252_b4,7,17
03-05-2024_08-33-00_p0030_s17_b1,37,40
03-05-2024_14-13-34_p0027_s119_b2,17,29
20-02-2025_19-07-59_p0075,59,25
22-01-2025_17-21-27_p0066_s174_b3,42,26
30-01-2025_15-43-32_p0068,74,12
30-08-2024_16-24-05_p0046,21,11
29-04-2024_16-27-39_p0024_s8_b1,19,38
23-04-2024_11-27-16_p0024_s232_b4,6,45
28-02-2024_16-13-35_p0011_s91_b2,13,25
01-02-2025_10-39-58_p0069_s54_b1,14,12
05-02-2025_17-47-13_p0072_sP20_b3,118,77
14-03-2025_17-24-19_p0077_s41_b1,68,25
25-03-2025_18-39-16_p0079_s193_b3,68,25
12-12-2024_15-25-52_p0057_s82_b2,116,23
03-09-2024_15-14-37_p0048_sP14_b3,42,11
14-02-2025_18-06-22_p0073_s124_b2,5,20
24-01-2025_14-51-29_p0060_s228_b4,9,45
24-07-2024_14-32-49_p0041_s64_b1,123,12
20-02-2025_19-06-26_p0075_s177_b3,45,15
08-11-2024_15-17-56_p0052_s80_b1,61,56
07-01-2025_15-55-11_p0063_s115_b2,4,30
07-03-2024_13-40-17_p0010_s83_b2,41,33
21-12-2024_09-23-40_p0061_s218_b4,48,30
11-03-2025_18-42-45_p0075_s14_b1,52,27
06-02-2025_15-22-10_p0068,13,13
15-02-2025_12-29-13_p0070_s149_b2,31,7
06-02-2025_13-36-13_p0067_s97_b2,55,30
19-02-2025_15-58-11_p0072_s248_b4,52,17
25-02-2025_18-32-58_p0075_s98_b2,54,26
10-01-2025_15-04-37_p0062_s136_b2,77,28
20-12-2024_14-25-30_p0061_s90_b2,44,26
11-07-2024_15-25-31_p0041_sP12_b3,23,27
23-04-2024_15-19-48_p0026_s40_b1,24,49
15-02-2025_12-31-30_p0070_s156_b2,65,12
12-07-2024_14-54-30_p0040,18,32
20-03-2024_14-53-35_p0015_s163_b3,122,46
12-03-2024_10-49-46_p0021,12,58
11-06-2024_14-11-02_p0035_s110_b2,20,30
21-02-2025_18-18-39_p0068_s56_b1,124,20
12-12-2024_15-38-15_p0057_s99_b2,16,34
10-08-2024_11-04-06_p0043_s145_b2,67,42
18-12-2024_17-18-03_p0057_s180_b3,194,18
08-11-2024_16-16-35_p0053,95,45
28-08-2024_15-43-28_p0038,36,20
24-03-2025_17-33-06_p0076_s15_b1,37,33
09-05-2024_15-17-21_p0033_s153_b2,37,35
31-08-2024_13-22-51_p0047_s193_b3,33,35
29-04-2024_11-28-10_p0029_s87_b2,28,20
19-03-2024_14-57-46_p0022,49,41
18-06-2024_15-31-46_p0028_s145_b2,34,50
10-05-2024_16-37-40_p0033_s36_b1,15,14
02-04-2024_15-58-33_p0021_s242_b3,18,18
16-09-2024_16-31-11_p0045_s1_b1,38,25
29-02-2024_14-03-29_p0010_s42_b1,13,44
21-11-2024_15-29-59_p0055_s175_b3,62,56
07-01-2025_16-22-09_p0063,26,48
28-11-2024_16-19-09_p0055,8,39
27-02-2025_14-05-37_p0073_s160_b3,15,22
10-05-2024_18-34-29_p0025_s123_b2,28,18
26-02-2025_10-26-55_p0074_s142_b2,42,35
19-07-2024_14-09-18_p0040_s119_b2,112,21
01-02-2025_14-42-44_p0064_s81_b1,138,14
19-11-2024_15-49-19_p0054,32,20
17-08-2024_10-13-57_p0043_s26_b1,48,17
26-11-2024_16-05-18_p0056_s140_b2,91,34
27-03-2024_15-33-54_p0015_s147_b2,17,17
12-03-2025_11-01-52_p0074_s50_b1,59,56
16-05-2024_14-49-06_p0034,79,48
10-12-2024_17-42-55_p0056_s69_b1,15,49
10-01-2025_15-42-26_p0063_s228_b4,21,42
18-06-2024_15-40-41_p0028,39,53
28-01-2025_13-19-23_p0067_s166_b3,72,66
16-04-2024_16-01-18_p0016_s207_b3,9,34
21-12-2024_10-31-02_p0061_s65_b1,109,27
11-03-2025_18-55-34_p0075_s53_b1,129,16
24-03-2025_16-47-16_p0076_s213_b4,38,28
05-09-2024_15-46-38_p0047_s218_b4,69,27
25-01-2025_13-14-01_p0064_s123_b2,69,1
28-02-2024_16-54-45_p0011,7,26
18-12-2024_17-26-13_p0057_s192_b3,43,10
10-05-2024_18-46-11_p0025_s147_b2,23,13
20-03-2025_15-02-52_p0076,30,19
17-12-2024_16-12-49_p0060,18,24
05-06-2024_15-17-48_p0037_s240_b4,26,40
07-01-2025_14-56-45_p0062_s231_b4,43,39
11-05-2024_10-07-24_p0034_s204_b3,95,24
25-01-2025_13-20-39_p0064_s137_b2,162,5
08-05-2024_15-46-13_p0033_sP12_b3,74,67
13-12-2024_15-58-24_p0054_s151_b2,47,21
31-03-2025_18-46-15_p0079_s273_b4,60,58
20-03-2025_14-31-44_p0076_s98_b2,36,23
15-02-2025_12-04-46_p0070_s119_b2,91,2
26-03-2024_16-31-26_p0022_s264_b4,-6,34
24-07-2024_15-03-27_p0041_s224_b4,4,32
16-10-2024_16-37-00_p0049_s43_b1,20,3
26-11-2024_15-11-52_p0056_s83_b2,109,41
15-05-2024_15-12-26_p0032_sP04_b2,27,30
27-02-2025_14-18-07_p0073,24,17
08-11-2024_15-43-13_p0053_s96_b2,28,48
08-01-2025_15-26-11_p0063,84,49
10-01-2025_15-15-55_p0062,31,48
28-06-2024_14-34-42_p0035_sP02_b1,23,53
06-08-2024_16-16-42_p0039_s12_b1,68,29
10-05-2024_09-42-17_p0030_s223_b4,30,32
14-08-2024_15-47-42_p0038_s221_b4,108,22
26-03-2024_16-15-12_p0022_s230_b4,27,33
18-04-2024_10-25-26_p0025_s45_b1,22,38
15-05-2024_16-05-59_p0032_s133_b2,66,20
17-09-2024_15-39-19_p0048,23,27
10-05-2024_15-21-50_p0033_s230_b4,41,33
13-02-2025_14-06-53_p0067_s264_b4,27,34
31-08-2024_13-29-31_p0047_s198_b3,40,48
28-03-2025_15-59-28_p0081_s149_b2,69,42
08-04-2024_16-49-38_p0021_s49_b1,2,38
03-05-2024_19-02-11_p0031,24,12
23-11-2024_13-25-32_p0052_s127_b2,8,41
22-08-2024_16-51-28_p0042_s45_b1,14,18
24-07-2024_14-16-56_p0041_s26_b1,42,18
07-01-2025_16-06-17_p0063_s128_b2,91,92
01-02-2025_09-48-42_p0069_s247_b4,45,14
04-02-2025_17-10-16_p0066_s152_b2,41,25
28-03-2025_15-56-51_p0081,34,39
27-03-2024_16-32-33_p0015_s79_b1,26,21
25-03-2025_18-26-29_p0079_s171_b3,180,23
20-12-2024_14-21-56_p0061_s82_b2,70,24
19-06-2024_16-44-38_p0023_s64_b1,92,23
24-05-2024_18-38-55_p0031_s101_b2,34,39
03-12-2024_16-32-55_p0056,31,27
16-10-2024_16-08-53_p0049,25,6
08-04-2024_16-51-19_p0021_s54_b1,45,40
03-05-2024_19-04-44_p0031,21,6
26-04-2024_14-42-03_p0028_s27_b1,7,18
12-07-2024_14-32-43_p0040,142,41
08-11-2024_16-29-37_p0053_s150_b2,28,26
26-08-2024_15-51-19_p0019_s81_b1,79,31
08-04-2024_15-59-21_p0021_s143_b2,22,33
27-02-2025_14-07-48_p0073_s164_b3,10,25
05-10-2024_09-48-28_p0050_s249_b4,38,9
11-02-2025_18-26-11_p0066_s75_b1,-2,23
30-01-2024_14-31-51_p12,38,46
08-08-2024_14-45-11_p0042_s99_b2,22,25
11-02-2025_18-37-35_p0069_s88_b2,13,26
03-05-2024_19-03-45_p0031_s206_b3,15,8
16-04-2024_10-22-47_p0025_s215_b4,14,51
18-01-2025_10-28-17_p0057_s275_b4,11,28
25-01-2025_13-06-26_p0064_s111_b2,76,20
11-02-2025_19-15-10_p0069,8,15
20-03-2025_16-14-35_p0078_s137_b2,73,14
07-12-2024_11-18-42_p0053_s54_b1,20,27
08-10-2024_16-21-25_p0049,15,-3
19-02-2025_16-14-16_p0072_s272_b4,33,15
19-06-2024_15-41-43_p0023,42,47
11-03-2024_16-14-22_p0020_s205_b3,25,52
14-01-2025_15-22-45_p0060_s110_b2,7,40
08-04-2024_15-31-16_p0021_s94_b2,15,63
23-11-2024_09-43-31_p0053,14,25
20-05-2024_16-11-21_p0023_s155_b2,14,6
07-05-2024_15-10-29_p0027_s54_b1,12,40
01-02-2025_13-44-51_p0064_s265_b4,24,15
19-12-2024_15-40-54_p0062,57,8
19-07-2024_15-42-53_p0040_s59_b1,81,25
15-02-2025_12-01-14_p0070_s115_b2,36,12
05-12-2024_15-48-05_p0055_s19_b1,62,23
21-02-2025_17-31-16_p0068_s260_b4,49,22
24-05-2024_18-45-56_p0031,35,34
08-04-2024_16-38-24_p0021_s18_b1,11,33
12-03-2025_11-06-50_p0074_s59_b1,85,26
23-05-2024_14-55-52_p0035,17,36
11-03-2025_19-07-22_p0075_s81_b1,124,18
07-12-2024_10-11-02_p0053_s222_b4,26,25
13-09-2024_15-53-17_p0046,12,15
15-02-2025_09-47-44_p0065_s10_b1,50,23
27-03-2024_16-08-24_p0015_s25_b1,22,33
22-02-2024_13-19-23_p0018_s4_b1,32,33
26-10-2024_12-10-38_p0051_s174_b3,48,-1
31-03-2025_18-41-39_p0079_s263_b4,41,36
06-11-2024_16-21-29_p0051_sP05_b2,148,31
16-09-2024_15-03-34_p0045,38,20
20-03-2025_16-10-47_p0078_s126_b2,113,28
08-08-2024_14-33-24_p0042,12,38
17-02-2025_18-23-54_p0071,88,25
15-05-2024_16-45-24_p0032,14,27
28-08-2024_14-59-58_p0038_s86_b2,65,19
20-03-2024_15-00-07_p0015,40,44
07-05-2024_14-24-02_p0027_s250_b4,22,43
10-05-2024_16-51-58_p0033_s77_b1,14,0
10-05-2024_09-51-01_p0030_s248_b4,30,45
11-07-2024_15-33-25_p0041_s188_b3,38,29
13-02-2025_19-06-37_p0070,41,34
05-06-2024_09-47-06_p0036_s212_b4,127,16
24-01-2025_15-39-05_p0060_s27_b1,13,41
11-03-2025_18-17-25_p0075_s263_b4,46,28
05-12-2024_15-59-20_p0055_s36_b1,53,22
13-02-2025_14-56-37_p0067_s23_b1,22,17
19-06-2024_16-38-20_p0023_s48_b1,50,18
20-05-2024_15-16-10_p0023_s88_b2,16,4
26-10-2024_12-05-19_p0051,33,-5
13-03-2024_15-00-58_p0014_s105_b2,22,18
08-11-2024_16-21-09_p0053,25,38
26-03-2024_16-05-41_p0022_s211_b4,44,25
08-10-2024_16-02-39_p0049_s124_b2,12,6
28-02-2024_16-24-25_p0011_s108_b2,25,37
10-05-2024_16-24-00_p0033_s4_b1,18,16
17-09-2024_16-07-58_p0048_s261_b4,40,15
18-03-2024_11-21-24_p0013_s231_b4,18,28
14-08-2024_16-12-07_p0038_s256_b4,16,7
28-01-2025_13-15-03_p0067_s161_b3,94,34
21-12-2024_09-31-55_p0061_s233_b4,-8,19
30-01-2024_11-02-21_p11,15,29
01-02-2025_09-52-18_p0069_s256_b4,26,13
28-08-2024_10-07-39_p0044,21,13
09-05-2024_14-19-24_p0033_s91_b2,54,20
11-03-2025_18-12-14_p0075_s253_b4,67,33
23-04-2024_15-03-05_p0026_s8_b1,18,59
10-01-2025_15-50-25_p0063_s247_b4,69,61
12-03-2025_11-12-47_p0074_s73_b1,90,15
03-04-2025_13-55-43_p0080_s140_b2,60,20
23-11-2024_13-03-31_p0052_s93_b2,14,28
14-08-2024_16-21-20_p0038_s265_b4,19,2
28-08-2024_15-24-35_p0038_s120_b2,77,14
21-12-2024_09-36-14_p0061_s246_b4,22,22
12-12-2024_19-27-26_p0058_s133_b2,46,26
26-02-2024_15-40-20_p0019_s227_b4,25,43
20-05-2024_11-53-30_p0034_s70_b1,67,26
14-02-2025_18-16-07_p0073,31,14
08-04-2024_15-26-26_p0021,22,45
13-02-2025_13-37-39_p0067_s212_b4,22,23
03-05-2024_18-39-55_p0031_s173_b3,17,16
31-03-2025_18-36-01_p0079_s254_b4,39,41
17-08-2024_11-34-45_p0043,39,22
10-05-2024_16-33-24_p0033_s26_b1,17,15
19-02-2025_16-33-25_p0072_s16_b1,82,18
31-01-2025_15-11-17_p0065_s173_b3,69,47
16-07-2024_16-27-39_p0039_s223_b4,40,7
05-09-2024_16-03-01_p0047_s236_b4,29,29
24-07-2024_14-11-20_p0041_s12_b1,16,13
27-03-2024_15-05-43_p0015_s88_b2,34,24
14-12-2024_10-46-17_p0059_s93_b2,71,17
20-02-2025_19-37-49_p0075_s197_b3,44,22
20-12-2024_15-02-52_p0061,21,46
28-09-2024_14-02-31_p0016_s4_b1,16,22
21-08-2024_14-52-27_p0044_s189_b3,49,16
03-02-2025_17-08-00_p0071_s130_b2,84,16
21-11-2024_15-14-55_p0055_s168_b3,40,64
14-02-2025_17-49-01_p0073_s88_b2,11,19
21-01-2025_15-18-32_p0065_s262_b4,39,27
17-09-2024_15-14-09_p0048_s81_b1,22,11
04-07-2024_15-14-59_p0039,10,47
29-08-2024_15-39-16_p0045_s225_b4,9,24
08-07-2024_11-57-01_p0040_s223_b4,36,26
19-06-2024_11-00-08_p0036_s174_b3,29,22
16-09-2024_15-59-21_p0045_s144_b2,40,14
23-11-2024_10-13-13_p0053,28,18
15-02-2025_12-30-39_p0070_s153_b2,56,15
03-04-2025_14-02-51_p0080,28,18
29-08-2024_16-12-20_p0045_s261_b4,24,21
19-07-2024_14-15-29_p0040_s127_b2,108,21
19-11-2024_15-51-29_p0054,24,20
30-01-2024_11-23-57_p11,16,49
08-11-2024_15-18-24_p0052_s81_b1,25,62
17-09-2024_14-50-51_p0048_s46_b1,23,26
19-07-2024_14-08-54_p0040_s118_b2,32,28
24-07-2024_15-26-18_p0041_s272_b4,25,29
27-02-2025_14-38-24_p0073_s243_b3,20,16
19-07-2024_15-43-34_p0040_s60_b1,84,8
18-04-2024_15-47-54_p0026,18,47
18-12-2024_10-05-47_p0061,83,47
26-02-2024_15-57-09_p0019_s252_b4,20,27
08-05-2024_15-10-59_p0033,52,67
25-02-2025_18-30-09_p0075_s94_b2,62,28
22-02-2024_14-33-24_p0018,15,8
10-02-2025_16-28-44_p0071_s167_b3,24,9
06-09-2024_16-10-29_p0047,25,-8
31-08-2024_12-18-37_p0047,35,71
30-01-2025_16-27-51_p0068_s203_b3,11,21
06-02-2025_18-31-30_p0069,6,19
07-05-2024_15-06-37_p0027_s42_b1,17,-5
05-09-2024_15-26-25_p0047_s60_b1,30,17
21-11-2024_15-36-02_p0055_s182_b3,44,43
06-05-2024_16-10-22_p0032_s281_b4,57,54
26-02-2025_10-20-16_p0074_s129_b2,68,35
27-03-2025_15-32-15_p0078_s196_b3,53,36
26-11-2024_15-45-34_p0056_s123_b2,101,53
13-12-2024_15-50-48_p0054,61,17
22-08-2024_16-50-51_p0042_s43_b1,12,29
19-03-2024_14-58-36_p0022_s90_b2,29,33
22-02-2024_14-11-13_p0018_s112_b2,10,19
16-10-2024_16-42-09_p0049_s57_b1,13,4
13-12-2024_16-06-17_p0054_s7_b1,33,30
12-06-2024_09-47-34_p0036_s93_b2,42,19
28-02-2024_16-14-38_p0011_s93_b2,11,15
22-02-2024_14-39-10_p0018_s152_b2,11,23
28-08-2024_15-51-08_p0038,8,11
08-01-2025_16-15-56_p0063_s16_b1,73,47
25-01-2025_13-12-13_p0064_s120_b2,60,3
26-10-2024_12-31-43_p0051,30,9
08-01-2025_15-32-21_p0063_s201_b3,27,38
14-08-2024_15-51-30_p0038,62,20
29-04-2024_15-16-41_p0024_s159_b3,41,52
19-06-2024_16-22-05_p0023_s13_b1,31,24
29-02-2024_14-02-30_p0010_s39_b1,7,105
25-03-2024_16-31-40_p0020_s137_b2,10,13
10-05-2024_18-57-14_p0025,27,20
10-09-2024_13-58-21_p0048,10,9
12-12-2024_16-24-36_p0057,19,16
14-03-2025_17-34-20_p0077_sP02_b1,44,28
24-01-2025_14-42-05_p0060_s218_b4,10,39
24-07-2024_15-14-26_p0041_s251_b4,31,23
14-01-2025_16-08-24_p0060_s157_b2,17,20
24-05-2024_18-34-27_p0031_s89_b2,27,39
16-10-2024_16-39-02_p0049_s49_b1,24,-2
23-11-2024_13-42-50_p0052_s149_b2,24,45
29-04-2024_15-47-45_p0024_s184_b3,41,55
19-06-2024_15-22-27_p0023_s174_b3,38,38
31-01-2025_15-02-39_p0065,55,33
22-02-2024_14-17-39_p0018_s119_b2,1,22
03-05-2024_18-37-02_p0031,14,12
14-12-2024_10-54-30_p0059_s105_b2,70,2
16-05-2024_14-25-00_p0034_s90_b2,50,50
27-02-2025_14-37-05_p0073_s208_b3,17,13
10-09-2024_14-39-37_p0048_s127_b2,87,-10
25-01-2025_13-02-20_p0064_s103_b2,55,18
11-07-2024_15-20-53_p0041_s174_b3,34,18
12-03-2025_10-05-57_p0074_s218_b4,24,67
14-03-2025_17-18-12_p0077_s23_b1,53,69
22-02-2024_14-13-32_p0018,-11,18
28-02-2024_16-58-21_p0011,6,20
08-04-2024_15-42-59_p0021_s114_b2,17,26
08-01-2025_15-09-11_p0063,63,34
10-01-2025_14-37-45_p0062_s100_b2,31,33
26-10-2024_12-38-29_p0051_sP20_b3,22,20
26-02-2024_16-14-46_p0019_s270_b4,20,52
19-06-2024_09-52-29_p0036_s9_b1,39,40
28-09-2024_14-26-01_p0016_s49_b1,4,-2
25-02-2025_19-38-23_p0075,36,12
20-02-2024_16-13-07_p0015,31,20
29-04-2024_15-46-44_p0024_s182_b3,40,48
18-06-2024_16-55-29_p0028_s274_b4,31,22
11-03-2025_17-53-20_p0075_s211_b4,49,35
24-05-2024_18-56-58_p0031_s129_b2,39,50
28-01-2025_14-06-28_p0067_s205_b3,37,25
17-09-2024_14-27-59_p0048_sP01_b1,57,30
23-07-2024_16-21-43_p0039,30,19
22-02-2024_15-48-31_p0014_s200_b3,37,27
07-12-2024_11-21-44_p0053_s65_b1,62,32
23-07-2024_16-14-42_p0039_s106_b2,27,18
30-09-2024_15-42-20_p0049_s237_b4,16,0
08-04-2024_15-55-00_p0021_s134_b2,5,24
22-02-2024_10-53-54_p0017,15,54
21-12-2024_09-55-15_p0061_s276_b4,53,25
08-11-2024_14-36-22_p0052_s22_b1,56,71
17-08-2024_11-24-43_p0043_s277_b4,19,26
03-10-2024_14-47-28_p0050_s165_b3,30,16
19-07-2024_15-45-08_p0040_s63_b1,104,19
17-12-2024_16-24-21_p0060_s169_b3,13,34
05-06-2024_10-39-38_p0036_s283_b4,27,14
17-12-2024_16-13-34_p0060_s160_b3,23,27
19-12-2024_15-56-52_p0062_s172_b3,93,17
27-03-2024_16-09-21_p0015_s28_b1,55,25
18-01-2025_13-14-22_p0064_s200_b3,41,26
24-01-2025_15-41-16_p0060_s31_b1,10,43
07-05-2024_14-34-00_p0027_s266_b4,35,35
16-04-2024_15-31-07_p0016,2,20
04-10-2024_14-23-11_p0050_sP05_b2,73,34
13-02-2025_19-11-14_p0070_s242_b3,60,24
23-04-2024_11-40-18_p0024,6,30
10-09-2024_14-19-15_p0048_s101_b2,22,8
20-12-2024_14-22-39_p0061_s84_b2,44,34
28-08-2024_09-41-28_p0044_s116_b2,20,8
30-10-2024_15-24-58_p0052_s204_b3,50,37
17-02-2025_18-12-37_p0071_s235_b4,38,24
12-07-2024_15-04-37_p0040_sP12_b3,75,4
03-04-2024_15-56-38_p0023_s251_b4,38,36
27-05-2024_17-02-45_p0032_s75_b1,19,54
04-07-2024_16-03-25_p0039_s198_b3,21,45
05-09-2024_15-56-13_p0047_s223_b4,35,36
28-11-2024_16-17-12_p0055,20,57
10-09-2024_14-31-38_p0048_sP07_b2,59,4
16-10-2024_16-41-51_p0049_s56_b1,14,-4
26-03-2024_15-21-47_p0022_s178_b3,50,49
04-07-2024_15-19-25_p0039_s174_b3,39,18
28-09-2024_13-28-30_p0016_s250_b4,10,7
16-09-2024_16-38-09_p0045_s15_b1,71,18
26-08-2024_16-52-20_p0019,36,26
03-05-2024_14-29-35_p0027_s152_b2,16,22
03-10-2024_15-23-16_p0050,17,8
07-01-2025_15-11-07_p0062_s259_b4,120,34
10-05-2024_18-28-15_p0025,80,9
15-02-2025_10-23-34_p0065_s74_b1,101,18
10-09-2024_17-01-49_p0045_s173_b3,82,29
20-05-2024_15-50-39_p0023_s134_b2,9,2
26-02-2025_10-43-11_p0074_s156_b2,27,18
08-01-2025_16-39-20_p0063_s61_b1,32,76
12-03-2025_10-13-28_p0074_s226_b4,2,16
10-05-2024_16-38-38_p0033_s38_b1,13,22
27-02-2025_14-09-22_p0073_s167_b3,11,12
13-05-2024_16-33-36_p0028_s205_b3,11,-1
07-02-2025_16-28-10_p0046,23,16
17-02-2025_18-18-43_p0071_s249_b4,30,22
24-05-2024_19-04-33_p0031,46,33
22-03-2025_11-56-19_p0079_s124_b2,68,31
03-04-2025_13-35-02_p0080_s85_b2,44,21
05-10-2024_11-41-15_p0050_s81_b1,17,4
27-11-2024_15-37-56_p0054_s266_b4,19,27
08-07-2024_12-13-33_p0040_s255_b4,26,1
12-06-2024_09-56-02_p0036_s111_b2,70,26
07-05-2024_14-39-47_p0027_s278_b4,27,49
11-06-2024_14-27-01_p0035_s134_b2,39,22
13-02-2025_14-18-57_p0067_s283_b4,58,33
10-09-2024_16-45-37_p0045_s166_b3,58,33
27-05-2024_15-55-54_p0032,22,29
13-02-2025_14-01-51_p0067,58,26
26-04-2024_14-32-02_p0028_s3_b1,91,21
07-12-2024_10-50-27_p0053_s283_b4,45,28
07-01-2025_13-45-34_p0062_s9_b1,56,103
03-05-2024_14-26-30_p0027,21,17
16-05-2024_14-55-28_p0034_s131_b2,84,35
21-12-2024_09-42-02_p0061,97,23
01-08-2024_16-33-20_p0042_s173_b3,18,6
27-03-2024_15-13-15_p0015,24,22
26-03-2024_16-24-59_p0022_s255_b4,33,37
30-04-2024_13-43-38_p0024,16,66
11-06-2024_13-59-53_p0035_s93_b2,11,32
18-01-2025_09-50-51_p0057_s225_b4,33,14
14-02-2025_18-16-37_p0073,24,18
07-03-2024_13-51-17_p0010_s109_b2,9,24
28-09-2024_13-29-32_p0016_s253_b4,19,4
05-03-2024_10-35-54_p0014_s43_b1,37,46
27-05-2024_16-56-30_p0032_s61_b1,30,52
02-05-2024_16-06-26_p0026_s261_b4,13,22
12-06-2024_09-46-50_p0036_s91_b2,35,4
20-12-2024_14-48-43_p0061_s122_b2,66,26
26-04-2024_15-04-42_p0028_s65_b1,110,26
19-03-2024_15-18-29_p0022_s121_b2,137,28
26-03-2024_16-31-06_p0022,58,38
13-02-2025_18-40-32_p0070_s173_b3,82,29
23-05-2024_15-08-06_p0035_s187_b3,52,31
20-03-2024_15-03-27_p0015,33,51
18-03-2024_11-29-45_p0013_s253_b4,14,18
10-12-2024_15-42-04_p0056,53,39
10-12-2024_15-59-42_p0056_s257_b4,43,30
26-10-2024_12-36-11_p0051_s204_b3,81,9
19-02-2025_16-39-15_p0072_s27_b1,11,16
27-05-2024_16-46-28_p0032_s39_b1,13,54
19-11-2024_15-27-53_p0054,99,28
01-02-2025_12-02-14_p0070_s228_b4,65,16
13-03-2024_15-32-49_p0014_s154_b2,10,-12
17-02-2025_18-22-53_p0071,77,30
01-02-2025_10-23-34_p0069_s20_b1,92,21
25-02-2025_19-34-35_p0075,36,18
21-11-2024_15-23-04_p0055,26,46
30-01-2025_15-44-36_p0068_s159_b3,15,26
28-08-2024_15-21-18_p0038,45,12
04-09-2024_15-03-12_p0044_s283_b4,61,22
19-03-2024_15-35-53_p0022_s145_b2,67,53
24-01-2025_15-51-19_p0060_s53_b1,15,36
17-02-2025_18-33-59_p0071_s274_b4,61,19
28-02-2024_16-55-12_p0011,-35,25
18-04-2024_10-15-54_p0025_s21_b1,18,31
24-01-2025_15-04-24_p0060_s256_b4,11,38
28-11-2024_15-28-00_p0055_s94_b2,55,47
28-06-2024_15-11-02_p0035_s220_b4,-2,20
28-01-2025_13-17-23_p0067,56,19
22-01-2025_17-25-20_p0066_sP12_b3,28,14
12-12-2024_16-07-46_p0057_s136_b2,73,29
11-03-2025_15-58-32_p0073_s50_b1,35,49
08-10-2024_15-50-42_p0049_s103_b2,8,8
25-02-2025_18-39-43_p0075,80,29
28-08-2024_15-39-07_p0038_s143_b2,43,-6
03-08-2024_11-27-02_p0043,42,12
18-01-2025_12-51-09_p0064_s176_b3,38,23
22-03-2025_12-13-43_p0079_s150_b2,59,21
10-05-2024_16-33-10_p0033_s25_b1,12,10
16-09-2024_17-18-16_p0045_s81_b1,33,9
06-09-2024_15-43-49_p0047_s120_b2,64,21
01-02-2025_12-20-11_p0070_s265_b4,27,14
07-05-2024_15-18-34_p0027_s73_b1,16,6
21-02-2024_11-50-37_p0013_s51_b1,37,39
26-08-2024_16-49-21_p0019,29,27
08-07-2024_12-09-21_p0040_s250_b4,29,8
19-06-2024_10-01-50_p0036_s28_b1,46,26
13-09-2024_15-32-23_p0046_s237_b4,27,-12
28-08-2024_09-30-47_p0044_s100_b2,42,32
24-07-2024_14-11-43_p0041_s13_b1,64,10
01-02-2025_09-33-55_p0069_s216_b4,11,11
26-02-2025_10-33-26_p0074,32,24
26-02-2025_10-29-51_p0074_s147_b2,84,37
05-06-2024_10-18-56_p0036_s256_b4,31,6
22-02-2024_14-09-33_p0018,11,13
25-03-2024_15-58-47_p0020_s277_b4,20,30
11-02-2025_19-03-35_p0069_s133_b2,63,28
06-02-2025_14-09-49_p0067,14,20
19-07-2024_14-39-56_p0040_s156_b2,69,35
26-10-2024_12-14-25_p0051_s178_b3,50,5
20-12-2024_14-51-00_p0061_s126_b2,87,33
14-02-2025_18-18-08_p0073,16,20
18-04-2024_15-24-23_p0026_s92_b2,13,27
01-02-2025_11-55-10_p0070_s216_b4,39,27
19-03-2024_15-29-26_p0022_s138_b2,95,41
29-04-2024_11-42-35_p0029_s117_b2,12,21
23-04-2024_11-45-22_p0024_s268_b4,29,28
03-04-2024_15-51-17_p0023_s237_b4,17,51
19-06-2024_16-45-24_p0023_s66_b1,50,28
07-05-2024_15-03-27_p0027_s33_b1,19,20
07-02-2025_16-59-53_p0046_s207_b3,20,11
19-06-2024_16-52-27_p0023_s81_b1,8,22
18-01-2025_10-16-11_p0057_s260_b4,58,26
16-09-2024_15-42-03_p0045_s121_b2,68,31
02-05-2024_15-57-25_p0026_s238_b4,12,21
28-08-2024_10-08-46_p0044,6,24
18-06-2024_15-27-26_p0028_s139_b2,29,60
19-06-2024_15-23-21_p0023_s175_b3,47,35
28-06-2024_14-36-36_p0035_s71_b1,29,46
10-05-2024_18-12-41_p0025_s92_b2,18,5
14-03-2025_16-44-43_p0077_s264_b4,30,40
01-08-2024_17-03-59_p0042_s242_b3,54,14
19-06-2024_10-18-01_p0036_s61_b1,35,26
14-03-2025_16-22-21_p0077,39,28
07-05-2024_15-14-54_p0027_s64_b1,18,27
21-02-2025_18-28-44_p0068_s75_b1,19,21
21-02-2024_11-36-49_p0013_s26_b1,22,26
03-05-2024_14-26-42_p0027,14,18
26-04-2024_15-07-27_p0028_s69_b1,91,20
19-12-2024_16-02-26_p0062_s179_b3,31,35
15-02-2025_09-44-00_p0065_s2_b1,46,26
06-08-2024_16-28-46_p0039_s40_b1,36,30
24-07-2024_15-13-16_p0041_s248_b4,23,28
21-02-2025_18-09-11_p0068_s38_b1,47,24
26-03-2024_16-38-50_p0022_s282_b4,70,50
13-02-2025_14-06-25_p0067,53,32
17-09-2024_14-57-17_p0048_s57_b1,14,22
07-01-2025_15-39-08_p0063_s89_b2,48,54
19-06-2024_16-29-56_p0023_s28_b1,54,31
27-05-2024_15-13-45_p0032,30,64
24-05-2024_19-04-50_p0031,8,21
14-02-2025_18-11-36_p0073_s136_b2,9,25
27-03-2025_14-15-31_p0080_s178_b3,41,34
19-03-2024_15-11-03_p0022_s110_b2,51,37
10-09-2024_14-26-13_p0048_s111_b2,60,10
11-02-2025_18-24-01_p0066_s71_b1,49,20
08-06-2024_10-21-39_p0031_s8_b1,28,38
27-11-2024_15-09-16_p0054_s217_b4,18,23
14-03-2025_16-52-54_p0077_s272_b4,39,15
19-06-2024_15-18-02_p0023,41,31
13-03-2024_15-15-51_p0014_s131_b2,56,11
17-07-2024_14-12-54_p0041_s88_b2,20,32
11-03-2025_18-09-27_p0075_s245_b4,82,29
05-09-2024_14-35-59_p0047_s6_b1,74,18
14-08-2024_16-14-58_p0038,41,9
06-08-2024_16-39-15_p0039_s60_b1,49,27
23-11-2024_13-32-28_p0052_s142_b2,15,32
30-01-2024_14-15-35_p12,30,33
23-11-2024_09-32-03_p0053_s163_b3,28,28
21-08-2024_14-45-37_p0044_s181_b3,48,12
07-01-2025_13-46-04_p0062_s10_b1,42,59
28-03-2025_16-03-26_p0081_s156_b2,248,39
15-02-2025_10-10-53_p0065_s57_b1,28,16
18-03-2024_11-31-22_p0013_s256_b4,9,13
24-05-2024_19-11-08_p0031,30,39
19-03-2024_15-16-52_p0022_s118_b2,38,48
08-11-2024_16-26-37_p0053,42,62
10-02-2025_17-15-15_p0071_s201_b3,44,15
06-05-2024_15-36-07_p0032_s245_b4,69,62
30-04-2024_13-49-11_p0024,47,57
05-12-2024_16-59-22_p0055_s228_b4,15,25
25-03-2024_15-39-00_p0020_s232_b4,22,71
08-08-2024_15-19-42_p0042_s156_b2,33,36
11-06-2024_14-29-25_p0035_s140_b2,49,21
03-02-2025_17-06-16_p0071_s126_b2,84,21
18-01-2025_09-39-19_p0057_s211_b4,35,34
31-01-2025_15-23-57_p0065_s189_b3,46,40
02-05-2024_14-55-39_p0026,6,33
12-07-2024_14-33-49_p0040_s167_b3,25,17
12-03-2025_10-07-56_p0074,54,27
21-02-2025_17-29-32_p0068,57,18
01-02-2025_13-20-06_p0064,52,25
12-12-2024_19-37-02_p0058,19,15
10-12-2024_17-07-31_p0056_s23_b1,27,37
12-06-2024_10-30-19_p0036,25,4
17-06-2024_14-53-04_p0019_s89_b2,24,21
03-10-2024_14-59-24_p0050,213,12
05-10-2024_11-24-15_p0050_s40_b1,34,14
08-05-2024_16-15-02_p0033,50,66
22-02-2024_11-56-12_p0017_s273_b4,62,44
30-08-2024_15-22-55_p0046_s85_b2,17,13
23-05-2024_15-11-27_p0035,56,37
29-02-2024_14-19-21_p0010_s78_b1,1,29
17-02-2025_17-40-30_p0071_s70_b1,83,28
30-04-2024_13-30-51_p0024_s128_b2,1,26
07-12-2024_11-02-36_p0053_s21_b1,21,31
12-03-2024_10-16-52_p0021_s214_b4,-22,58
15-02-2025_10-52-01_p0065,41,24
22-02-2024_10-59-27_p0017,12,33
10-01-2025_15-12-24_p0062,36,22
13-11-2024_16-46-56_p0051_s21_b1,29,30
16-09-2024_15-34-29_p0045,27,6
02-05-2024_14-55-07_p0026,24,27
21-02-2024_16-07-46_p0016,1,7
13-09-2024_16-37-05_p0046_s37_b1,19,20
26-03-2024_16-35-47_p0022_s275_b4,40,38
13-03-2024_16-02-32_p0014_s251_b4,24,31
01-02-2025_10-32-42_p0069_s38_b1,75,9
28-11-2024_16-06-15_p0055_s139_b2,57,58
05-12-2024_15-51-24_p0055_s26_b1,27,30
08-04-2024_15-40-11_p0021_s107_b2,4,49
17-08-2024_10-55-03_p0043_s226_b4,40,24
01-08-2024_16-02-07_p0042_s162_b3,33,17
12-03-2025_10-20-37_p0074_s238_b4,38,29
11-02-2025_17-56-43_p0066_s5_b1,57,24
28-01-2025_13-43-57_p0067_s186_b3,6,26
06-11-2024_16-38-48_p0051_s113_b2,29,17
19-06-2024_10-23-45_p0036_s68_b1,67,35
17-06-2024_15-22-58_p0019_s136_b2,25,22
30-09-2024_16-14-28_p0049_s282_b4,19,2
13-02-2025_19-32-45_p0070_s39_b1,64,31
25-03-2025_18-38-21_p0079,30,21
21-11-2024_15-51-47_p0055_s197_b3,42,38
19-02-2025_15-47-49_p0072_s224_b4,51,21
03-10-2024_16-01-05_p0050_s205_b3,30,13
06-02-2025_15-27-30_p0068_s150_b2,22,28
30-01-2024_11-25-28_p11,9,30
23-07-2024_16-18-58_p0039_s115_b2,41,27
18-04-2024_15-45-47_p0026,23,15
08-01-2025_15-31-58_p0063_s200_b3,3,15
08-11-2024_14-38-39_p0052_s27_b1,70,73
13-03-2024_14-58-39_p0014_s101_b2,15,41
07-12-2024_11-19-34_p0053_s57_b1,14,20
31-08-2024_13-27-24_p0047_s196_b3,42,39
28-09-2024_14-32-56_p0016_s63_b1,29,14
12-03-2024_10-36-50_p0021_s249_b4,22,58
08-11-2024_15-05-45_p0052_s65_b1,94,43
23-05-2024_15-16-10_p0035,31,38
08-05-2024_10-00-18_p0030,43,27
15-02-2025_09-50-38_p0065_s16_b1,67,27
12-06-2024_16-42-34_p0038_s184_b3,119,61
02-04-2024_15-25-10_p0021,36,22
14-02-2025_18-00-54_p0073_s113_b2,12,12
18-03-2024_11-21-06_p0013_s230_b4,5,29
14-12-2024_10-52-14_p0059_s101_b2,34,2
07-02-2025_16-42-08_p0046_s186_b3,33,27
07-12-2024_11-17-36_p0053_s50_b1,32,21
22-03-2025_11-44-10_p0079_s100_b2,51,28
18-01-2025_10-10-01_p0057_s254_b4,27,28
11-03-2025_15-55-13_p0073_s39_b1,10,59
26-11-2024_16-12-33_p0056,44,39
19-06-2024_11-02-20_p0036_s176_b3,21,40
10-08-2024_11-06-01_p0043,28,26
08-06-2024_10-36-31_p0031_s48_b1,30,39
01-02-2025_12-21-14_p0070_s268_b4,71,17
16-09-2024_17-12-09_p0045_s68_b1,119,22
08-10-2024_15-56-31_p0049_s115_b2,11,5
19-06-2024_16-51-00_p0023_s77_b1,16,20
29-02-2024_14-02-45_p0010_s40_b1,15,62
11-03-2025_15-06-54_p0073_s217_b4,21,38
06-02-2025_15-13-54_p0068_s134_b2,26,21
08-07-2024_12-28-14_p0040_s277_b4,22,10
27-03-2024_16-30-46_p0015_s78_b1,23,14
23-07-2024_16-34-10_p0039_s139_b2,32,35
12-03-2025_10-52-48_p0074_s30_b1,98,22
12-03-2024_14-25-57_p0022_s24_b1,64,20
21-12-2024_10-01-42_p0061_s3_b1,61,31
02-04-2024_15-18-36_p0021,27,24
23-11-2024_13-36-17_p0052,27,43
28-08-2024_16-30-24_p0038_s24_b1,78,4
13-03-2024_15-20-02_p0014_s142_b2,2,12
19-02-2025_15-56-50_p0072_s245_b4,85,18
04-09-2024_14-19-22_p0044_s209_b4,41,27
03-05-2024_14-26-55_p0027,13,10
24-03-2025_17-03-58_p0076_s245_b4,71,31
25-03-2024_15-59-27_p0020_s279_b4,4,5
11-03-2025_16-00-55_p0073_s55_b1,42,20
21-12-2024_09-49-14_p0061_s268_b4,81,31
21-12-2024_10-18-23_p0061_s39_b1,88,7
17-09-2024_16-08-37_p0048_s263_b4,24,23
19-12-2024_16-16-41_p0062_s196_b3,52,-153
22-08-2024_16-57-46_p0042_s61_b1,13,27
05-09-2024_16-08-51_p0047_s248_b4,29,26
07-01-2025_13-53-46_p0062_s23_b1,63,39
13-09-2024_15-29-12_p0046_s230_b4,25,-2
27-11-2024_15-44-45_p0054_s281_b4,36,29
02-05-2024_15-26-06_p0026,8,18
27-02-2025_14-16-26_p0073,9,14
08-11-2024_14-51-53_p0052_s43_b1,57,56
11-07-2024_15-01-40_p0041,143,18
23-11-2024_09-59-55_p0053_s185_b3,21,20
15-02-2025_10-13-49_p0065_s62_b1,16,23
08-10-2024_16-22-58_p0049,8,6
21-02-2025_17-36-24_p0068_s263_b4,34,11
28-09-2024_14-01-26_p0016_s1_b1,38,7
08-01-2025_14-45-03_p0063_s163_b3,119,34
14-02-2025_17-57-44_p0073_s105_b2,7,22
21-02-2024_15-20-29_p0016_s89_b2,17,8
27-03-2025_14-18-57_p0080_s185_b3,47,63
17-02-2025_18-30-43_p0071_s268_b4,65,15
18-03-2024_15-43-57_p0020_s70_b1,31,7
28-09-2024_13-21-32_p0016_s230_b4,9,7
18-06-2024_14-56-34_p0028,57,46
07-12-2024_10-20-14_p0053_s240_b4,19,29
08-01-2025_15-10-36_p0063,49,45
28-09-2024_14-29-35_p0016_s57_b1,12,7
18-06-2024_16-38-15_p0028_s251_b4,30,12
26-10-2024_12-39-28_p0051_s243_b3,45,15
07-12-2024_10-43-08_p0053_s271_b4,25,30
22-02-2024_14-32-08_p0018,0,12
27-03-2025_15-00-32_p0078_s160_b3,27,53
11-03-2025_15-54-19_p0073_s35_b1,29,31
27-03-2024_15-33-36_p0015_s146_b2,31,21
19-02-2025_16-26-34_p0072,23,13
11-02-2025_18-54-24_p0069_sP07_b2,34,26
28-06-2024_15-15-40_p0035_s225_b4,2,16
17-02-2025_17-08-29_p0071_s24_b1,49,22
24-04-2024_15-11-31_p0027,24,230
15-02-2025_10-29-02_p0065_s84_b2,40,13
18-03-2024_11-39-32_p0013_s271_b4,36,17
20-05-2024_12-09-21_p0034_s224_b4,47,46
11-03-2025_18-41-58_p0075_s11_b1,64,17
14-03-2025_17-37-28_p0077_s76_b1,47,13
13-12-2024_14-53-49_p0054_s99_b2,31,24
10-09-2024_14-56-09_p0048_s153_b2,38,15
03-05-2024_14-02-54_p0027_s89_b2,22,27
04-10-2024_15-02-30_p0050_s136_b2,49,24
13-02-2025_14-48-44_p0067_s18_b1,31,30
02-05-2024_15-00-34_p0026_s175_b3,15,23
01-02-2025_10-52-21_p0069_s76_b1,36,20
17-02-2025_18-08-50_p0071_s225_b4,48,20
18-04-2024_15-41-24_p0026_s140_b2,7,28
10-12-2024_17-42-28_p0056_s68_b1,102,30
17-02-2025_17-17-55_p0071_s47_b1,75,28
25-02-2025_18-50-39_p0075_s116_b2,42,25
17-09-2024_14-48-37_p0048_s41_b1,17,21
23-05-2024_14-51-07_p0035_sP10_b3,37,36
10-02-2025_16-43-57_p0071_s175_b3,78,6
17-09-2024_16-03-39_p0048_s257_b4,39,19
27-03-2024_15-25-51_p0015_s127_b2,19,23
27-03-2025_15-16-56_p0078_s177_b3,51,48
05-06-2024_15-40-43_p0037_s278_b4,34,44
06-09-2024_15-35-30_p0047,12,10
19-02-2025_16-06-24_p0072_s263_b4,69,15
13-11-2024_16-42-11_p0051_s8_b1,9,24
26-08-2024_17-02-30_p0019_s244_b3,33,19
14-03-2025_17-23-36_p0077_s38_b1,49,31
16-05-2024_15-06-51_p0034,48,66
30-08-2024_15-25-18_p0046,27,20
30-01-2025_16-03-41_p0068_s171_b3,68,15
03-05-2024_18-46-56_p0031_s180_b3,21,15
22-02-2024_11-58-58_p0017_s281_b4,23,62
31-03-2025_18-48-49_p0079_s280_b4,52,46
14-02-2025_17-58-41_p0073_s107_b2,11,20
07-01-2025_16-19-33_p0063,6,34
20-03-2025_14-50-51_p0076_s137_b2,35,41
17-08-2024_10-04-32_p0043_s2_b1,49,20
13-09-2024_16-51-28_p0046_s70_b1,11,13
20-02-2025_19-49-54_p0075_s244_b3,57,17
05-10-2024_10-11-33_p0050_s267_b4,53,13
05-12-2024_16-49-07_p0055_s212_b4,10,35
04-07-2024_16-08-13_p0039_s204_b3,51,45
15-02-2025_10-01-59_p0065_s40_b1,49,27
08-05-2024_09-50-10_p0030_s132_b2,24,33
11-03-2024_15-40-13_p0020,-59,55
10-02-2025_16-24-13_p0071_s161_b3,81,21
03-04-2024_16-14-11_p0023_s281_b4,47,36
03-08-2024_11-26-44_p0043_s206_b3,28,13
17-02-2025_18-20-40_p0071_s253_b4,59,22
05-10-2024_10-01-20_p0050,25,16
30-09-2024_16-11-44_p0049_s279_b4,20,8
13-03-2024_15-13-45_p0014_s126_b2,107,34
05-09-2024_15-44-29_p0047_s215_b4,27,33
07-05-2024_14-19-49_p0027_s236_b4,29,37
17-08-2024_10-28-53_p0043_s53_b1,76,22
12-06-2024_10-21-06_p0036,31,12
21-11-2024_15-05-13_p0055_s163_b3,65,45
08-11-2024_15-12-47_p0052_sP03_b1,61,52
13-09-2024_15-40-50_p0046_s252_b4,20,15
18-12-2024_17-45-44_p0057,42,13
14-03-2025_17-14-05_p0077_s10_b1,58,34
28-11-2024_16-02-09_p0055_s135_b2,86,54
27-05-2024_15-52-33_p0032_s192_b3,40,37
07-05-2024_15-02-30_p0027_s30_b1,19,-1
19-07-2024_15-44-26_p0040_s62_b1,63,17
27-03-2025_14-21-13_p0080_s189_b3,39,44
13-11-2024_17-57-01_p0051_s271_b4,24,28
28-06-2024_14-09-22_p0035_s9_b1,28,62
26-04-2024_14-46-24_p0028_s33_b1,103,16
12-06-2024_16-41-27_p0038_s182_b3,57,43
23-05-2024_15-15-28_p0035_s195_b3,50,25
08-11-2024_15-47-58_p0053_s104_b2,10,47
19-11-2024_15-49-58_p0054,25,22
13-09-2024_16-28-26_p0046_s17_b1,20,11
18-03-2024_11-27-11_p0013_s247_b4,23,17
05-12-2024_16-25-22_p0055_s77_b1,51,13
22-02-2024_15-41-03_p0014_s187_b3,60,12
07-12-2024_10-36-12_p0053_s257_b4,56,23
07-12-2024_11-07-13_p0053_s32_b1,25,30
16-09-2024_15-45-05_p0045_s125_b2,41,22
17-07-2024_14-53-49_p0041,57,42
24-07-2024_15-28-55_p0041_s278_b4,42,32
08-08-2024_15-12-11_p0042_s135_b2,28,37
08-06-2024_10-42-44_p0031_s61_b1,44,48
13-11-2024_17-32-54_p0051_s225_b4,34,18
10-09-2024_14-32-48_p0048_s118_b2,22,7
10-02-2025_17-15-35_p0071_s202_b3,47,14
24-03-2025_16-57-30_p0076_s223_b4,44,20
15-05-2024_16-42-17_p0032,44,21
28-03-2025_15-54-34_p0081,35,38
10-12-2024_16-10-15_p0056_s269_b4,85,39
11-03-2025_18-47-59_p0075_s29_b1,80,23
29-04-2024_11-28-41_p0029,29,17
29-02-2024_13-35-13_p0010_s2_b1,21,47
28-02-2024_16-59-05_p0011,5,14
15-02-2025_10-48-19_p0065_s108_b2,64,18
11-05-2024_09-53-44_p0034_s187_b3,75,34
21-02-2024_16-11-17_p0016_s152_b2,1,25
10-12-2024_17-51-51_p0056_sP03_b1,63,34
23-04-2024_15-29-27_p0026_s64_b1,41,48
21-08-2024_14-35-06_p0044,13,13
10-02-2025_16-25-14_p0071_s162_b3,107,17
14-08-2024_15-46-14_p0038_s220_b4,45,21
20-03-2025_14-31-25_p0076_s97_b2,28,29
11-03-2025_15-52-34_p0073_s31_b1,-1,29
31-03-2025_18-29-08_p0079_s233_b4,34,42
21-02-2024_15-34-05_p0016,17,18
04-09-2024_14-55-36_p0044_s271_b4,74,18
19-02-2025_10-58-49_p0074_s195_b3,20,32
08-11-2024_15-47-34_p0053_s103_b2,19,40
01-02-2025_10-46-50_p0069_s67_b1,132,18
21-12-2024_10-19-54_p0061_s43_b1,28,18
10-01-2025_16-08-33_p0063_s270_b4,106,27
06-09-2024_15-49-49_p0047_s130_b2,83,55
16-09-2024_14-58-57_p0045,20,20
07-02-2025_16-32-15_p0046_s174_b3,31,14
28-06-2024_15-43-31_p0035_s270_b4,14,16
10-08-2024_11-13-53_p0043,36,30
18-12-2024_10-07-15_p0061_s204_b3,81,17
27-03-2025_15-37-35_p0078_s205_b3,36,84
05-02-2025_17-32-30_p0072,22,7
20-05-2024_15-42-52_p0023_s124_b2,23,8
11-03-2025_17-51-46_p0075,42,37
28-09-2024_14-02-13_p0016_s3_b1,33,-5
23-11-2024_09-40-31_p0053_sP10_b3,26,38
12-07-2024_15-05-19_p0040_s179_b3,35,3
17-09-2024_15-11-41_p0048_s76_b1,9,25
20-03-2025_16-02-14_p0078_s110_b2,64,38
20-03-2025_14-55-10_p0076_s143_b2,101,19
27-05-2024_16-49-06_p0032_s42_b1,35,44
20-02-2024_16-32-22_p0015_s231_b4,9,15
18-12-2024_17-15-54_p0057,19,29
15-02-2025_12-22-13_p0070,15,8
01-02-2025_14-33-09_p0064_s65_b1,119,19
18-01-2025_12-50-15_p0064,77,27
01-02-2025_11-56-42_p0070_s220_b4,50,31
28-06-2024_14-20-58_p0035_s40_b1,31,52
16-09-2024_15-36-59_p0045_s117_b2,43,-3
08-04-2024_15-23-29_p0021_s83_b2,43,38
30-09-2024_15-39-44_p0049_s230_b4,20,1
15-05-2024_16-43-53_p0032,32,9
26-03-2024_16-36-57_p0022_s278_b4,28,46
05-02-2025_16-48-55_p0072_s165_b3,1,25
11-02-2025_17-23-54_p0066_s272_b4,34,13
12-03-2025_10-48-45_p0074_s19_b1,69,35
06-02-2025_18-41-29_p0069_s181_b3,28,39
20-03-2025_16-07-49_p0078_s118_b2,55,28
19-06-2024_10-00-06_p0036_s24_b1,17,24
08-07-2024_12-14-24_p0040_s258_b4,-87,167
04-09-2024_14-37-17_p0044_s238_b4,51,24
28-08-2024_15-17-17_p0038_s111_b2,55,14
17-12-2024_16-57-32_p0060_s194_b3,6,41
26-04-2024_14-50-26_p0028_s36_b1,85,11
24-04-2024_16-00-12_p0027_s194_b3,73,68
21-11-2024_15-56-00_p0055,21,54
24-03-2025_17-21-35_p0076_s278_b4,43,13
14-12-2024_12-01-49_p0059,39,13
08-04-2024_16-17-11_p0021_s150_b2,23,32
13-11-2024_16-54-27_p0051_s38_b1,53,17
18-04-2024_15-35-35_p0026_s123_b2,18,26
26-10-2024_12-36-44_p0051_s206_b3,33,4
01-02-2025_10-17-46_p0069_s6_b1,53,19
30-10-2024_15-26-09_p0052,40,44
03-05-2024_19-05-30_p0031_sP20_b3,21,13
23-04-2024_11-33-26_p0024_s251_b4,18,15
23-04-2024_15-05-38_p0026_s13_b1,43,42
15-02-2025_10-10-28_p0065_s56_b1,32,21
15-02-2025_11-50-15_p0070_s89_b2,45,24
24-07-2024_14-58-08_p0041_s217_b4,27,10
27-03-2025_14-03-57_p0080_s165_b3,38,41
13-03-2024_15-26-17_p0014,59,26
14-03-2025_17-21-48_p0077_s33_b1,47,24
21-02-2025_17-16-17_p0068_s232_b4,45,12
20-03-2024_15-24-42_p0015_s200_b3,25,35
10-05-2024_18-11-30_p0025_s89_b2,64,13
31-08-2024_13-05-33_p0047_s178_b3,61,34
04-02-2025_17-07-47_p0066,25,25
15-05-2024_15-25-25_p0032_s90_b2,41,36
04-07-2024_16-09-01_p0039_s206_b3,33,32
10-05-2024_10-07-56_p0030_s280_b4,44,26
08-07-2024_12-02-13_p0040_s232_b4,34,26
05-10-2024_11-38-27_p0050_sP03_b1,33,8
10-05-2024_08-40-52_p0030_s171_b3,30,11
03-10-2024_15-29-23_p0050_s194_b3,21,11
14-02-2025_18-01-49_p0073_s116_b2,13,11
10-05-2024_18-31-50_p0025_s117_b2,19,29
01-02-2025_13-14-22_p0064_s213_b4,32,30
31-08-2024_13-13-03_p0047_s180_b3,40,34
03-04-2024_15-57-01_p0023_s252_b4,13,33
04-09-2024_16-21-09_p0044_s67_b1,37,6
14-12-2024_11-15-19_p0059_s119_b2,105,2
19-02-2025_16-20-08_p0072_s281_b4,47,21
21-01-2025_15-08-24_p0065_s247_b4,70,38
23-04-2024_11-19-29_p0024_s219_b4,34,19
29-08-2024_16-15-12_p0045,46,22
12-12-2024_19-43-15_p0058,50,20
11-06-2024_14-46-13_p0035_s156_b2,36,32
07-03-2024_14-12-32_p0010,21,27
30-04-2024_13-31-08_p0024_s129_b2,11,67
14-01-2025_16-06-17_p0060_s152_b2,7,46
05-03-2024_10-32-11_p0014_s32_b1,-14,25
13-11-2024_17-26-58_p0051_s218_b4,47,7
11-02-2025_18-00-31_p0066_s15_b1,40,25
28-09-2024_14-07-01_p0016_s13_b1,17,8
28-02-2024_16-26-45_p0011_s112_b2,8,29
05-09-2024_15-42-13_p0047_s210_b4,16,30
11-03-2025_18-09-51_p0075_s246_b4,44,35
20-05-2024_11-24-49_p0034_s12_b1,44,33
07-05-2024_14-15-05_p0027,39,39
09-05-2024_14-33-52_p0033_s114_b2,45,31
05-09-2024_16-04-44_p0047_s239_b4,36,23
01-02-2025_09-43-32_p0069_s232_b4,29,12
28-08-2024_09-49-31_p0044_s125_b2,26,37
04-02-2025_16-38-48_p0066_s111_b2,44,24
23-05-2024_14-52-44_p0035,37,52
01-02-2025_09-32-55_p0069_s213_b4,32,24
03-05-2024_14-23-51_p0027,21,22
17-08-2024_10-10-43_p0043_s17_b1,44,8
11-03-2025_19-03-08_p0075_s68_b1,83,13
04-07-2024_15-21-49_p0039_s177_b3,37,33
08-05-2024_10-02-49_p0030,36,22
25-02-2025_18-33-27_p0075_s99_b2,35,24
12-12-2024_19-13-57_p0058,22,34
09-05-2024_14-32-58_p0033_s112_b2,41,35
28-08-2024_14-58-20_p0038_s82_b2,78,15
28-11-2024_15-24-40_p0055_s88_b2,32,36
08-04-2024_16-14-47_p0021,15,33
28-08-2024_15-02-52_p0038_s87_b2,60,13
20-12-2024_14-55-12_p0061_s134_b2,52,24
27-03-2025_14-20-19_p0080_s187_b3,59,51
04-02-2025_16-48-18_p0066_s124_b2,62,31
13-09-2024_15-40-20_p0046_s251_b4,26,7
25-02-2025_18-23-09_p0075_s83_b2,56,38
28-11-2024_15-24-17_p0055_s87_b2,29,33
27-03-2024_15-36-59_p0015,11,20
13-09-2024_16-35-18_p0046_s32_b1,11,9
14-08-2024_16-21-52_p0038_s266_b4,43,20
04-07-2024_15-25-24_p0039_sP12_b3,44,48
21-02-2024_12-05-53_p0013_s76_b1,74,42
17-08-2024_10-09-02_p0043_s13_b1,23,25
19-11-2024_16-47-26_p0054,63,20
30-01-2024_11-03-08_p11,24,33
26-02-2025_10-11-32_p0074_s118_b2,24,36
11-02-2025_17-09-27_p0066_s248_b4,28,17
22-02-2024_14-33-44_p0018,16,29
22-02-2024_13-50-41_p0018_s76_b1,19,24
22-04-2024_09-46-53_p0025,36,36
07-01-2025_16-23-09_p0063,13,54
13-02-2025_14-01-06_p0067_s257_b4,20,31
12-06-2024_16-03-08_p0038_s167_b3,57,31
15-02-2025_09-51-36_p0065_s19_b1,58,24
04-09-2024_15-48-39_p0044_s11_b1,38,9
16-09-2024_15-55-15_p0045_s140_b2,58,9
05-06-2024_15-19-30_p0037_s246_b4,19,41
14-03-2025_16-17-12_p0077_s214_b4,53,32
15-05-2024_16-02-21_p0032_s127_b2,145,37
04-07-2024_16-10-22_p0039,35,50
22-08-2024_16-38-16_p0042_s21_b1,20,31
12-03-2025_11-15-34_p0074_s80_b1,106,34
13-11-2024_17-57-57_p0051_s273_b4,39,12
10-01-2025_15-01-50_p0062_s130_b2,70,36
19-02-2025_11-06-50_p0074_s206_b3,2,32
13-03-2024_15-56-10_p0014_s234_b4,20,27
19-02-2025_16-05-54_p0072_s261_b4,32,17
29-04-2024_11-44-46_p0029_s124_b2,18,21
16-09-2024_15-19-46_p0045_s98_b2,58,12
08-04-2024_15-47-17_p0021_s118_b2,21,38
01-08-2024_16-30-52_p0042,7,4
08-04-2024_16-59-50_p0021_s70_b1,13,40
13-03-2024_15-26-38_p0014,21,34
17-02-2025_17-12-53_p0071_s34_b1,44,23
10-08-2024_10-44-47_p0043_s107_b2,74,24
28-09-2024_13-06-23_p0016_s218_b4,25,18
30-01-2025_16-11-34_p0068_s182_b3,13,19
13-02-2025_13-33-40_p0067,32,28
07-01-2025_15-09-27_p0062_s257_b4,38,29
19-06-2024_11-15-00_p0036,44,45
20-03-2025_14-27-16_p0076_s89_b2,21,14
22-02-2024_13-50-29_p0018_s75_b1,20,40
19-06-2024_11-28-06_p0036_s206_b3,29,40
05-09-2024_16-04-17_p0047_s238_b4,42,31
20-03-2025_15-53-59_p0078_s91_b2,61,25
17-08-2024_11-00-39_p0043_s238_b4,39,19
31-01-2025_15-34-49_p0065,45,34
26-08-2024_16-36-35_p0019,29,20
12-07-2024_15-20-52_p0040_s203_b3,52,8
05-02-2025_17-28-02_p0072,20,18
05-06-2024_10-14-01_p0036_s250_b4,31,120
13-11-2024_16-55-09_p0051_s40_b1,20,11
30-01-2024_14-34-19_p12,31,36
16-10-2024_16-36-43_p0049_s42_b1,16,11
29-04-2024_16-54-40_p0024_s55_b1,28,34
21-02-2024_11-30-33_p0013_s6_b1,26,49
10-08-2024_10-36-40_p0043_s89_b2,46,24
06-05-2024_15-29-05_p0032_s228_b4,55,48
16-10-2024_15-42-56_p0049,23,10
07-05-2024_15-17-35_p0027_s71_b1,16,30
17-06-2024_14-49-07_p0019_s83_b2,23,28
18-06-2024_15-41-34_p0028,38,59
16-07-2024_16-45-17_p0039,25,19
03-09-2024_15-41-38_p0048_sP16_b3,44,28
26-02-2024_16-13-06_p0019_s268_b4,20,21
10-12-2024_15-14-01_p0056,55,42
23-11-2024_13-41-50_p0052,20,32
17-07-2024_14-48-23_p0041,22,50
22-01-2025_17-28-25_p0066_s180_b3,31,31
31-03-2025_18-26-56_p0079_s225_b4,24,48
05-12-2024_17-25-12_p0055_s272_b4,13,20
18-01-2025_09-42-56_p0057_s218_b4,33,26
27-02-2025_14-25-13_p0073_s184_b3,10,15
02-05-2024_16-06-58_p0026_s263_b4,13,16
20-05-2024_11-25-17_p0034_s13_b1,30,39
17-09-2024_15-50-13_p0048_s239_b4,34,17
19-03-2024_14-52-58_p0022_s82_b2,36,25
15-02-2025_11-52-05_p0070_s94_b2,42,14
24-05-2024_19-09-04_p0031,28,39
07-01-2025_14-05-38_p0062_s45_b1,125,42
07-02-2025_16-46-18_p0046_s190_b3,32,17
12-02-2025_16-26-32_p0072_s86_b2,44,25
28-09-2024_14-35-37_p0016_s70_b1,14,16
07-05-2024_14-26-31_p0027_s255_b4,24,35
11-07-2024_15-27-50_p0041_s183_b3,37,24
16-04-2024_10-56-55_p0025_s272_b4,14,59
06-09-2024_15-26-59_p0047_s106_b2,9,29
19-02-2025_10-43-03_p0074,49,41
17-08-2024_10-05-37_p0043_s5_b1,69,11
18-12-2024_17-17-01_p0057_sP12_b3,28,29
10-05-2024_09-13-05_p0030,42,43
10-05-2024_09-47-41_p0030_s237_b4,32,32
05-02-2025_16-43-56_p0072_s161_b3,51,38
26-02-2024_16-15-17_p0019,25,26
21-02-2025_17-04-01_p0068,182,15
29-08-2024_15-29-08_p0045_s213_b4,72,28
07-05-2024_14-28-54_p0027_s257_b4,30,45
14-03-2025_17-27-35_p0077_s50_b1,55,18
30-01-2024_14-56-23_p12,44,48
16-04-2024_15-48-55_p0016_s190_b3,6,25
13-09-2024_16-39-11_p0046_s42_b1,9,4
08-07-2024_11-59-25_p0040_s225_b4,22,14
11-06-2024_14-42-39_p0035,25,29
30-01-2024_14-13-02_p12,46,29
08-07-2024_11-59-51_p0040_s226_b4,18,25
14-02-2025_18-01-12_p0073_s114_b2,12,11
08-07-2024_12-25-25_p0040_s273_b4,64,6
07-12-2024_11-03-52_p0053_s25_b1,18,32
03-05-2024_18-41-36_p0031,35,18
14-02-2025_17-59-18_p0073_s109_b2,5,22
26-03-2024_15-22-16_p0022,28,34
29-04-2024_15-33-16_p0024,42,49
16-04-2024_15-35-13_p0016_s173_b3,12,15
12-12-2024_15-27-29_p0057_s86_b2,40,34
03-02-2025_17-20-58_p0071,26,1
15-02-2025_11-49-53_p0070,51,17
20-05-2024_12-17-52_p0034_s246_b4,37,77
20-03-2025_16-01-11_p0078_s109_b2,61,43
18-04-2024_10-07-57_p0025_s2_b1,7,31
05-09-2024_16-23-40_p0047_s262_b4,34,31
05-06-2024_15-25-48_p0037_s258_b4,32,35
03-04-2024_16-00-20_p0023,84,60
22-02-2024_10-53-20_p0017,11,47
27-05-2024_15-27-11_p0032,118,35
27-03-2024_15-19-52_p0015_sP07_b2,27,26
10-09-2024_17-26-43_p0045_sP14_b3,44,12
18-06-2024_16-34-48_p0028_s245_b4,22,29
12-02-2025_16-47-03_p0072,37,18
23-05-2024_15-02-55_p0035,33,31
03-10-2024_14-50-15_p0050_s168_b3,88,3
14-02-2025_18-14-07_p0073_s143_b2,10,18
17-07-2024_14-41-33_p0041_s146_b2,27,36
24-07-2024_15-02-36_p0041,52,14
26-08-2024_17-00-35_p0019,39,32
17-06-2024_14-58-19_p0019_s100_b2,41,44
15-05-2024_15-31-00_p0032_s99_b2,30,40
02-04-2024_15-27-11_p0021_s176_b3,21,17
17-08-2024_10-09-58_p0043_s15_b1,20,-8
22-08-2024_17-02-59_p0042_s74_b1,31,57
06-02-2025_13-49-47_p0067_s120_b2,56,18
21-01-2025_14-59-56_p0065_s232_b4,42,35
28-01-2025_14-08-07_p0067_s207_b3,30,26
22-02-2024_15-21-13_p0014_s161_b3,80,19
08-06-2024_10-29-54_p0031_s32_b1,30,29
20-05-2024_15-35-13_p0023_s113_b2,17,22
14-01-2025_15-58-09_p0060,5,34
02-04-2024_15-29-56_p0021_sP12_b3,9,22
01-02-2025_10-32-16_p0069_s37_b1,33,31
21-02-2024_11-37-20_p0013_s28_b1,53,62
28-08-2024_10-05-12_p0044,36,23
10-01-2025_14-46-33_p0062_s114_b2,30,43
31-08-2024_13-26-45_p0047_s195_b3,24,31
13-03-2024_15-01-50_p0014_s106_b2,28,17
19-02-2025_16-11-07_p0072_s267_b4,38,17
30-01-2024_11-25-42_p11,27,20
24-04-2024_15-54-25_p0027_s190_b3,86,59
15-02-2025_11-21-51_p0065,34,15
05-10-2024_11-31-17_p0050_s60_b1,26,-6
20-05-2024_11-31-54_p0034_s28_b1,42,25
25-03-2025_18-27-46_p0079_s174_b3,39,17
12-02-2025_16-27-59_p0072_s88_b2,22,14
16-09-2024_14-59-18_p0045,50,19
19-03-2024_15-53-26_p0022_s153_b2,56,31
19-06-2024_16-46-45_p0023_sP02_b1,31,22
08-04-2024_16-47-47_p0021_s44_b1,20,37
20-02-2025_19-04-40_p0075_s175_b3,91,22
10-12-2024_17-21-06_p0056_s34_b1,47,35
11-03-2025_15-10-11_p0073_s223_b4,33,39
29-04-2024_12-05-24_p0029_s155_b2,25,14
07-01-2025_15-00-34_p0062_s239_b4,78,45
20-02-2025_18-42-41_p0075,32,27
25-03-2025_18-24-10_p0079,33,16
01-02-2025_14-12-11_p0064_s25_b1,62,16
05-09-2024_15-29-25_p0047_s64_b1,37,11
14-01-2025_15-46-19_p0060_s137_b2,27,25
21-02-2025_18-19-07_p0068_s57_b1,45,18
22-02-2024_10-44-22_p0017_s168_b3,35,36
16-05-2024_14-29-15_p0034_s99_b2,17,26
17-06-2024_15-33-49_p0019,23,31
07-02-2025_16-09-58_p0046_s160_b3,48,53
21-12-2024_10-11-52_p0061_s27_b1,98,15
30-01-2024_14-52-58_p12,31,23
30-09-2024_15-33-08_p0049,66,0
21-02-2025_18-30-52_p0068_s80_b1,61,24
07-12-2024_11-31-49_p0053_s79_b1,14,27
18-04-2024_10-27-31_p0025_s50_b1,30,21
20-05-2024_12-02-09_p0034_s212_b4,54,58
25-03-2024_16-11-36_p0020_s96_b2,15,12
16-05-2024_14-56-30_p0034_s133_b2,64,46
18-12-2024_17-22-18_p0057_s189_b3,38,25
10-12-2024_17-35-29_p0056_s61_b1,37,34
29-08-2024_16-20-27_p0045_s273_b4,61,21
18-06-2024_16-50-30_p0028_s265_b4,27,31
14-08-2024_16-02-19_p0038_s239_b4,87,19
23-04-2024_11-39-39_p0024_s259_b4,12,15
03-05-2024_08-52-49_p0030_s64_b1,29,34
07-02-2025_17-05-05_p0046_s243_b3,69,15
12-07-2024_15-01-57_p0040_s177_b3,32,48
06-02-2025_13-56-24_p0067_s133_b2,63,13
08-08-2024_14-42-23_p0042_s91_b2,33,53
22-08-2024_16-29-23_p0042_s1_b1,22,29
22-02-2024_11-55-28_p0017_s271_b4,23,41
12-02-2025_17-11-14_p0072,35,18
05-09-2024_15-33-11_p0047_s71_b1,29,14
10-01-2025_15-02-17_p0062_s131_b2,81,36
18-12-2024_09-42-14_p0061_s176_b3,40,23
10-12-2024_15-34-04_p0056_s229_b4,49,38
30-01-2025_15-48-17_p0068_s164_b3,22,21
07-02-2025_16-56-01_p0046_s202_b3,41,20
20-03-2025_15-50-00_p0078_s85_b2,39,34
11-05-2024_09-39-50_p0034,42,31
10-01-2025_16-10-26_p0063_s273_b4,45,31
09-05-2024_14-37-57_p0033,44,28
06-05-2024_16-08-34_p0032_s278_b4,57,54
14-02-2025_18-21-58_p0073,16,9
05-12-2024_17-16-23_p0055,19,21
22-08-2024_15-54-17_p0042_s256_b4,40,18
19-02-2025_16-18-21_p0072_s278_b4,40,21
12-03-2024_10-23-11_p0021,63,44
04-07-2024_15-14-09_p0039,14,36
09-05-2024_14-16-33_p0033_s87_b2,105,23
28-08-2024_10-04-30_p0044,36,22
28-02-2024_16-14-04_p0011_s92_b2,33,39
18-01-2025_09-53-14_p0057_s228_b4,24,22
10-01-2025_14-31-20_p0062_s88_b2,36,40
21-02-2025_17-02-00_p0068,47,28
09-05-2024_15-06-57_p0033,35,27
16-09-2024_16-32-34_p0045_s4_b1,49,33
26-02-2024_15-33-54_p0019_s218_b4,30,32
23-11-2024_09-35-02_p0053_s166_b3,26,18
23-07-2024_16-30-07_p0039_s131_b2,40,27
08-06-2024_09-40-47_p0031_s235_b4,33,45
09-05-2024_14-13-53_p0033_s86_b2,43,25
10-12-2024_17-52-53_p0056_s74_b1,52,19
03-04-2024_16-13-28_p0023_s280_b4,39,32
27-05-2024_15-16-52_p0032,33,34
16-10-2024_16-38-44_p0049_s48_b1,20,-3
25-03-2024_16-42-33_p0020,7,14
28-03-2025_15-46-20_p0081_s129_b2,60,49
20-02-2024_16-49-12_p0015_s258_b4,16,33
10-05-2024_18-46-39_p0025,27,22
13-12-2024_16-07-21_p0054_s10_b1,31,28
08-07-2024_12-33-10_p0040_s279_b4,34,21
29-04-2024_12-03-30_p0029_s149_b2,30,21
03-05-2024_08-29-36_p0030_s8_b1,48,44
08-01-2025_15-34-59_p0063,154,8
08-06-2024_10-33-46_p0031_s41_b1,34,54
16-09-2024_16-35-50_p0045_s10_b1,34,21
22-01-2024_17-12-47_p9,46,41
07-01-2025_14-13-17_p0062_s61_b1,91,50
07-01-2025_15-47-52_p0063_s105_b2,52,70
17-09-2024_14-38-07_p0048_s20_b1,28,20
30-01-2024_14-32-12_p12,43,40
17-09-2024_15-47-13_p0048_s234_b4,12,21
28-02-2024_16-58-32_p0011,-6,3
16-09-2024_17-01-08_p0045_s54_b1,27,27
18-06-2024_16-50-51_p0028_s266_b4,28,31
15-02-2025_11-29-53_p0065_s155_b2,33,10
22-02-2024_13-44-04_p0018_s59_b1,36,44
22-02-2024_15-50-57_p0014_s206_b3,21,33
30-01-2024_15-08-17_p12,55,36
03-05-2024_14-30-35_p0027_s157_b2,9,24
10-01-2025_15-22-06_p0062_s153_b2,-4,34
12-12-2024_19-28-14_p0058_s135_b2,57,20
28-06-2024_15-39-49_p0035_s263_b4,12,17
05-02-2025_17-42-59_p0072_s207_b3,39,10
28-09-2024_13-05-01_p0016_s214_b4,21,14
24-03-2025_17-36-36_p0076_s29_b1,37,21
20-03-2025_16-30-37_p0078,27,11
17-02-2025_17-42-20_p0071_s73_b1,40,22
08-07-2024_12-27-04_p0040_s274_b4,39,14
15-02-2025_12-24-50_p0070,36,4
11-03-2025_15-22-59_p0073_s259_b4,33,13
16-09-2024_16-45-27_p0045_s29_b1,34,55
19-03-2024_15-45-14_p0022,16,26
04-10-2024_14-21-08_p0050_s82_b2,35,9
12-03-2024_14-44-31_p0022_sP02_b1,-10,24
15-02-2025_09-51-53_p0065_s20_b1,92,27
22-04-2024_09-32-19_p0025,21,35
14-02-2025_17-48-07_p0073_sP05_b2,34,56
11-03-2025_15-05-56_p0073_s213_b4,28,16
08-04-2024_17-02-49_p0021_s78_b1,15,43
20-12-2024_15-06-47_p0061,-3,34
10-01-2025_16-07-57_p0063_s269_b4,111,42
24-07-2024_15-21-50_p0041,103,31
14-01-2025_15-22-23_p0060_s109_b2,18,45
27-05-2024_16-30-22_p0032_s2_b1,19,63
10-01-2025_15-11-50_p0062,35,52
30-01-2024_11-28-29_p11,2,23
11-02-2025_18-45-14_p0069,43,19
03-08-2024_10-35-50_p0043,22,10
08-05-2024_09-39-56_p0030_s108_b2,24,51
02-04-2024_15-05-38_p0021_s163_b3,88,42
18-04-2024_10-39-49_p0025_s76_b1,32,19
11-02-2025_19-18-12_p0069,26,17
31-08-2024_14-06-33_p0047,88,27
19-03-2024_14-55-42_p0022_sP05_b2,24,37
04-07-2024_16-10-49_p0039_s208_b3,51,50
18-06-2024_14-58-27_p0028_s92_b2,15,51
01-02-2025_10-45-02_p0069_s63_b1,68,14
07-02-2025_16-53-26_p0046_s198_b3,53,19
20-12-2024_15-07-45_p0061,-5,44
19-06-2024_11-09-23_p0036_s185_b3,29,29
12-02-2025_17-13-21_p0072,23,10
22-03-2025_12-04-54_p0079_s146_b2,68,37
06-11-2024_16-20-04_p0051_s84_b2,37,28
28-03-2025_15-42-55_p0081_s122_b2,81,32
16-09-2024_15-20-16_p0045_s99_b2,23,17
05-10-2024_11-35-51_p0050_s67_b1,37,6
21-11-2024_16-01-04_p0055,59,57
05-10-2024_09-36-24_p0050_s228_b4,24,5
12-12-2024_15-38-40_p0057_s100_b2,33,26
17-06-2024_15-31-58_p0019,18,20
01-02-2025_09-56-25_p0069_s261_b4,19,16
12-03-2024_14-33-53_p0022_s45_b1,19,61
07-12-2024_11-20-02_p0053_s59_b1,16,29
10-09-2024_17-29-37_p0045,39,25
16-07-2024_16-56-44_p0039_s275_b4,30,9
05-06-2024_15-44-23_p0037_s281_b4,38,32
04-09-2024_16-25-05_p0044_s72_b1,40,16
26-11-2024_16-13-32_p0056,29,45
20-05-2024_12-11-35_p0034_s229_b4,41,44
19-07-2024_15-37-49_p0040_s50_b1,50,18
16-04-2024_15-54-44_p0016,8,16
18-01-2025_13-07-59_p0064_sP14_b3,39,31
10-05-2024_18-26-27_p0025_s115_b2,14,14
03-08-2024_11-20-03_p0043_s198_b3,22,3
05-06-2024_09-45-59_p0036_s210_b4,89,13
20-03-2025_15-01-05_p0076,8,32
31-08-2024_14-07-59_p0047_s206_b3,70,37
26-02-2025_10-33-55_p0074,27,25
16-07-2024_16-59-08_p0039_s280_b4,25,12
11-02-2025_18-25-55_p0066_s74_b1,12,24
08-11-2024_16-24-24_p0053,23,36
22-02-2024_13-29-58_p0018_s35_b1,24,33
16-04-2024_10-38-22_p0025,23,41
17-08-2024_11-19-15_p0043_s266_b4,54,20
21-02-2024_11-33-51_p0013_s17_b1,57,67
07-05-2024_14-31-25_p0027_s263_b4,28,106
13-03-2024_16-10-34_p0014,56,26
21-02-2024_15-32-47_p0016,1,13
29-04-2024_11-38-29_p0029_s112_b2,24,19
25-02-2025_18-34-41_p0075_s101_b2,56,23
16-05-2024_14-31-56_p0034_s105_b2,105,51
06-05-2024_16-04-58_p0032,76,43
12-03-2024_14-46-17_p0022_sP03_b1,61,37
24-01-2024_17-35-14_p10,28,9
07-03-2024_14-13-50_p0010,23,37
18-12-2024_09-52-10_p0061_s188_b3,48,26
19-02-2025_10-21-00_p0074_s168_b3,22,12
14-03-2025_16-53-11_p0077_s273_b4,45,14
24-01-2025_14-39-39_p0060_s214_b4,20,48
25-03-2024_16-06-34_p0020_s82_b2,8,7
06-11-2024_16-45-56_p0051_s122_b2,88,36
19-11-2024_16-39-05_p0054_s201_b3,56,16
10-01-2025_15-48-21_p0063_s240_b4,77,26
11-06-2024_14-45-08_p0035_s153_b2,12,27
02-04-2024_15-45-24_p0021,28,23
18-03-2024_15-30-25_p0020_s40_b1,4,36
22-03-2025_11-38-08_p0079_s84_b2,47,30
10-05-2024_18-03-30_p0025_s82_b2,26,10
24-03-2025_17-47-34_p0076_s71_b1,17,13
07-05-2024_15-15-37_p0027_s66_b1,26,3
16-09-2024_17-15-26_p0045_s74_b1,13,13
13-05-2024_16-17-38_p0028,35,18
19-06-2024_16-48-04_p0023_s70_b1,12,24
18-03-2024_11-15-01_p0013_s220_b4,22,32
22-08-2024_17-02-07_p0042_s72_b1,26,22
29-04-2024_16-03-09_p0024_s202_b3,50,65
24-01-2025_15-27-35_p0060_s1_b1,6,43
18-04-2024_15-32-00_p0026_s116_b2,19,28
13-12-2024_16-40-33_p0054_s81_b1,43,33
13-02-2025_13-39-41_p0067_s217_b4,15,36
04-09-2024_15-05-27_p0044,29,18
07-01-2025_14-50-55_p0062,34,38
24-07-2024_14-19-12_p0041_s30_b1,30,8
11-02-2025_18-23-08_p0066_s68_b1,29,21
19-11-2024_15-48-24_p0054,55,18
26-02-2024_16-15-54_p0019_s273_b4,23,34
13-03-2024_15-48-22_p0014_s221_b4,32,28
04-10-2024_14-29-22_p0050_s95_b2,16,33
24-01-2024_17-16-21_p10,20,20
17-08-2024_11-01-18_p0043_s239_b4,35,31
15-02-2025_10-27-16_p0065_sP04_b2,105,27
13-02-2025_18-47-17_p0070_s180_b3,48,35
08-06-2024_09-30-51_p0031,35,45
10-09-2024_17-17-49_p0045_s185_b3,71,21
23-05-2024_14-39-00_p0035,68,39
20-02-2025_18-44-33_p0075_s168_b3,37,24
08-10-2024_16-25-58_p0049_s150_b2,6,-2
12-06-2024_10-20-44_p0036,30,16
19-02-2025_16-45-07_p0072_s41_b1,42,17
16-07-2024_16-53-43_p0039_s269_b4,3,13
20-05-2024_16-11-54_p0023_s157_b2,6,4
03-09-2024_14-48-11_p0048_s173_b3,21,-10
28-08-2024_09-45-26_p0044_s118_b2,16,29
07-02-2025_16-48-26_p0046_sP14_b3,49,25
29-04-2024_16-27-13_p0024_s7_b1,34,41
08-11-2024_16-24-05_p0053,36,36
11-05-2024_09-25-46_p0034_s160_b3,60,59
08-11-2024_14-56-54_p0052_s51_b1,39,60
06-02-2025_13-35-50_p0067_s96_b2,34,24
20-05-2024_12-02-31_p0034_s213_b4,45,92
19-02-2025_16-00-00_p0072_s253_b4,53,18
22-08-2024_16-48-02_p0042_s37_b1,56,37
19-12-2024_16-00-16_p0062_s178_b3,41,47
25-02-2025_18-35-10_p0075_s102_b2,85,18
05-06-2024_10-03-35_p0036_s227_b4,26,6
17-09-2024_16-07-25_p0048,12,14
16-07-2024_16-30-03_p0039_s229_b4,15,19
26-02-2024_15-34-47_p0019_s220_b4,55,43
01-02-2025_14-05-57_p0064_s13_b1,36,26
23-07-2024_16-35-02_p0039_s141_b2,30,25
31-01-2025_15-20-49_p0065_s184_b3,109,25
13-03-2024_15-30-43_p0014,3,15
23-11-2024_13-41-19_p0052,4,24
10-09-2024_14-23-32_p0048_s106_b2,25,6
28-06-2024_14-07-53_p0035_s5_b1,59,57
20-02-2025_19-45-15_p0075_s208_b3,58,16
22-03-2025_11-46-57_p0079_s107_b2,87,36
28-02-2024_16-55-29_p0011,2,32
30-09-2024_15-33-35_p0049_s222_b4,15,13
13-02-2025_14-09-27_p0067_s269_b4,51,42
24-03-2025_17-34-00_p0076_s19_b1,28,10
10-05-2024_15-29-47_p0033_s239_b4,60,40
08-06-2024_10-11-45_p0031_s283_b4,21,39
08-05-2024_09-35-51_p0030_s98_b2,27,20
26-08-2024_16-53-58_p0019_s200_b3,21,19
05-09-2024_16-31-28_p0047_s273_b4,32,30
14-01-2025_15-56-02_p0060,7,52
24-01-2024_17-25-19_p10,40,16
04-02-2025_16-47-05_p0066_s121_b2,115,27
21-02-2024_15-24-27_p0016_s99_b2,6,33
22-02-2024_11-44-07_p0017_s236_b4,9,38
27-05-2024_16-53-30_p0032_s53_b1,20,77
16-04-2024_10-34-06_p0025_s233_b4,32,47
11-02-2025_19-21-50_p0069_s157_b2,34,27
05-09-2024_16-29-50_p0047_s270_b4,37,34
13-03-2024_16-07-14_p0014,28,24
11-02-2025_18-29-37_p0066_s81_b1,25,23
01-02-2025_09-47-43_p0069_s245_b4,84,11
28-09-2024_14-35-03_p0016_s68_b1,13,8
04-02-2025_17-01-12_p0066,36,27
14-12-2024_12-04-34_p0059,9,1
07-05-2024_14-19-02_p0027_s234_b4,14,46
11-03-2025_18-21-34_p0075_s271_b4,88,26
27-05-2024_16-08-29_p0032_s241_b3,28,26
01-02-2025_14-37-05_p0064_sP03_b1,89,19
21-02-2024_15-54-40_p0016_s139_b2,9,18
28-03-2025_16-02-12_p0081_s153_b2,80,35
12-06-2024_09-43-12_p0036_s84_b2,39,13
11-06-2024_14-15-53_p0035,34,28
22-03-2025_11-58-47_p0079_s129_b2,86,34
08-11-2024_15-01-47_p0052_s61_b1,44,95
19-06-2024_10-55-44_p0036,19,32
16-09-2024_16-01-54_p0045_s150_b2,20,6
11-03-2025_18-10-35_p0075_s248_b4,54,22
23-05-2024_15-18-01_p0035_s201_b3,22,39
21-08-2024_14-34-07_p0044,27,23
06-11-2024_16-40-55_p0051,62,57
16-09-2024_16-01-31_p0045_s149_b2,27,18
30-08-2024_16-01-30_p0046_s125_b2,23,47
13-03-2024_14-48-08_p0014_s82_b2,82,30
14-02-2025_18-13-05_p0073_s141_b2,3,24
10-08-2024_11-15-24_p0043_s152_b2,40,12
13-03-2024_16-18-16_p0014_s281_b4,31,26
01-08-2024_16-03-07_p0042,26,3
12-03-2025_10-31-58_p0074,43,38
28-01-2025_13-17-50_p0067_s164_b3,30,47
07-01-2025_13-54-14_p0062_s24_b1,74,39
11-03-2025_18-00-40_p0075_s224_b4,45,42
13-12-2024_16-40-07_p0054_s80_b1,38,30
20-03-2025_15-01-17_p0076,29,35
08-05-2024_09-52-30_p0030_s140_b2,35,27
08-05-2024_09-48-52_p0030_s128_b2,40,27
20-03-2025_15-59-39_p0078,64,34
02-05-2024_14-39-59_p0026,72,20
04-09-2024_14-38-36_p0044,69,21
23-11-2024_13-14-36_p0052_s109_b2,15,28
24-01-2024_16-59-11_p10,27,14
19-02-2025_16-48-58_p0072_s49_b1,133,22
30-01-2024_15-02-19_p12,71,30
03-05-2024_18-22-34_p0031_s159_b3,30,18
08-01-2025_15-08-46_p0063_s173_b3,52,43
10-02-2025_16-36-43_p0071,25,13
23-04-2024_11-47-49_p0024_s274_b4,44,24
10-05-2024_18-51-06_p0025,21,16
05-06-2024_10-33-44_p0036_s275_b4,27,12
11-05-2024_09-46-54_p0034_s178_b3,79,31
12-06-2024_16-27-02_p0038,26,56
28-08-2024_16-47-33_p0038_s52_b1,129,17
07-12-2024_11-23-28_p0053_s69_b1,16,17
26-02-2025_09-31-05_p0074_s93_b2,61,21
18-04-2024_15-48-39_p0026,26,17
02-04-2024_15-17-37_p0021,25,32
28-09-2024_13-23-44_p0016_s236_b4,16,7
23-07-2024_16-43-04_p0039,29,25
22-03-2025_12-07-18_p0079,27,15
31-08-2024_12-16-31_p0047_s158_b3,45,45
22-08-2024_16-44-59_p0042_s32_b1,45,18
12-12-2024_19-46-24_p0058_s154_b2,78,24
13-12-2024_15-37-53_p0054_s134_b2,88,18
21-12-2024_10-00-45_p0061_s1_b1,36,18
11-03-2024_15-51-38_p0020_s185_b3,188,93
24-01-2025_15-14-17_p0060_s269_b4,10,45
21-08-2024_15-03-47_p0044_s203_b3,35,1
01-08-2024_16-57-56_p0042_s206_b3,2,0
05-06-2024_10-34-38_p0036_s276_b4,28,8
04-10-2024_14-50-55_p0050_s117_b2,42,30
21-12-2024_10-22-23_p0061_s48_b1,54,17
11-03-2024_15-37-54_p0020,-105,168
06-08-2024_16-23-29_p0039_s27_b1,98,30
18-04-2024_15-51-04_p0026,34,17
06-09-2024_15-15-00_p0047_s86_b2,17,-2
04-07-2024_15-33-57_p0039_s184_b3,101,56
26-02-2024_16-14-22_p0019_s269_b4,13,25
24-03-2025_16-47-30_p0076_s214_b4,70,10
02-05-2024_16-10-54_p0026,18,9
08-08-2024_15-18-10_p0042_s151_b2,23,28
21-12-2024_10-16-33_p0061_s36_b1,15,22
29-04-2024_16-53-04_p0024_s51_b1,23,44
12-03-2025_09-44-34_p0074_s210_b4,76,24
22-02-2024_15-41-50_p0014_s189_b3,57,17
10-01-2025_15-07-22_p0062_s142_b2,55,42
26-02-2025_09-36-46_p0074_s103_b2,46,38
22-02-2024_15-24-30_p0014,50,23
11-03-2025_19-07-08_p0075_s80_b1,102,19
11-03-2025_18-39-46_p0075_s5_b1,69,17
21-02-2025_18-02-57_p0068_s24_b1,68,17
01-02-2025_10-00-07_p0069,22,25
08-10-2024_16-01-22_p0049_s120_b2,-33,16
08-06-2024_10-36-53_p0031_s49_b1,31,43
18-04-2024_15-53-08_p0026_s152_b2,16,37
06-02-2025_14-45-17_p0068,42,34
13-02-2025_18-46-11_p0070_sP12_b3,44,32
24-01-2025_15-02-45_p0060_s254_b4,29,39
20-05-2024_15-51-35_p0023_s137_b2,16,22
05-09-2024_15-37-50_p0047_s80_b1,8,21
31-08-2024_13-21-07_p0047_s191_b3,60,23
01-02-2025_10-51-01_p0069_s73_b1,108,8
04-09-2024_14-39-24_p0044_s245_b4,44,21
04-09-2024_16-28-57_p0044_s79_b1,107,14
18-12-2024_10-00-53_p0061_s196_b3,57,45
14-03-2025_16-19-46_p0077_s219_b4,31,18
21-02-2024_15-53-50_p0016_s136_b2,6,29
24-03-2025_17-32-41_p0076_s13_b1,53,10
09-05-2024_15-04-56_p0033,39,33
19-12-2024_15-39-47_p0062_s158_b3,66,9
08-04-2024_15-58-29_p0021_s142_b2,32,31
11-03-2025_18-46-57_p0075_s25_b1,52,20
12-12-2024_15-53-51_p0057,30,41
25-01-2025_13-39-29_p0064_s150_b2,38,2
24-07-2024_15-16-16_p0041_s255_b4,32,25
03-04-2024_16-00-58_p0023_s257_b4,49,32
22-03-2025_11-54-18_p0079_s121_b2,138,23
26-03-2024_16-17-41_p0022_s236_b4,21,35
29-02-2024_13-51-51_p0010_s27_b1,13,44
21-01-2025_15-00-55_p0065_s233_b4,27,30
23-05-2024_14-40-27_p0035_s159_b3,35,30
17-07-2024_14-51-07_p0041,39,52
15-02-2025_10-36-57_p0065_s89_b2,67,10
29-02-2024_14-00-33_p0010_s35_b1,37,28
30-10-2024_15-20-47_p0052_s200_b3,51,64
12-06-2024_15-55-02_p0038_s161_b3,139,46
28-08-2024_16-46-23_p0038_s50_b1,32,12
10-09-2024_14-17-14_p0048_s97_b2,41,10
30-08-2024_15-37-42_p0046_s114_b2,19,21
19-02-2025_16-27-58_p0072_s1_b1,48,20
04-09-2024_16-26-05_p0044_s73_b1,167,8
12-06-2024_09-49-42_p0036_s99_b2,33,13
27-03-2025_15-32-29_p0078,74,37
12-07-2024_14-28-35_p0040_s162_b3,47,47
13-03-2024_16-05-28_p0014_s258_b4,26,31
08-11-2024_16-18-42_p0053_s147_b2,29,39
28-08-2024_09-33-02_p0044_s104_b2,30,29
06-11-2024_16-49-38_p0051_s128_b2,49,18
12-03-2025_10-50-24_p0074_s24_b1,70,50
05-12-2024_17-01-57_p0055_s231_b4,42,24
01-02-2025_14-10-30_p0064_s22_b1,74,13
05-06-2024_15-33-00_p0037_s265_b4,20,26
26-02-2025_09-37-15_p0074_s104_b2,44,32
11-07-2024_15-26-58_p0041_s181_b3,56,42
05-10-2024_09-39-19_p0050_s234_b4,23,10
07-12-2024_10-40-55_p0053,70,22
07-05-2024_14-17-27_p0027_s229_b4,39,47
13-05-2024_15-38-41_p0028,135,9
09-05-2024_15-08-18_p0033,39,35
18-01-2025_12-57-00_p0064_sP12_b3,27,57
21-02-2024_12-03-37_p0013_s69_b1,61,48
01-02-2025_13-53-06_p0064_s283_b4,45,21
11-02-2025_16-56-45_p0066_s225_b4,27,23
30-08-2024_15-22-18_p0046_s83_b2,22,27
13-05-2024_16-31-31_p0028,12,18
29-04-2024_11-54-46_p0029_s146_b2,21,17
06-02-2025_18-50-39_p0069,36,30
07-12-2024_10-05-29_p0053_s214_b4,21,31
26-11-2024_16-20-40_p0056,32,44
28-08-2024_10-16-51_p0044_s157_b2,46,37
21-11-2024_15-42-27_p0055_s190_b3,31,39
13-03-2024_16-09-18_p0014_s263_b4,11,42
06-05-2024_16-00-32_p0032_s265_b4,50,48
27-05-2024_16-52-40_p0032_s51_b1,35,47
03-10-2024_15-23-49_p0050_s190_b3,55,14
22-08-2024_17-01-16_p0042_s69_b1,58,28
22-02-2024_11-19-50_p0017,0,38
30-01-2024_14-42-53_p12,37,43
14-08-2024_15-59-05_p0038_s235_b4,33,10
12-02-2025_16-29-12_p0072_s89_b2,41,17
16-09-2024_14-56-08_p0045,60,24
03-09-2024_14-41-10_p0048,17,22
16-05-2024_14-33-33_p0034_s107_b2,75,42
03-10-2024_14-48-38_p0050_s166_b3,49,11
22-02-2024_13-48-47_p0018_s70_b1,12,19
06-08-2024_16-33-22_p0039_s52_b1,54,26
24-01-2025_15-44-27_p0060_s37_b1,60,32
17-12-2024_16-50-56_p0060_s188_b3,57,2
17-09-2024_15-51-57_p0048_s245_b4,29,10
24-03-2025_17-42-38_p0076_s53_b1,20,12
18-06-2024_15-36-00_p0028,38,48
24-03-2025_17-45-11_p0076_s64_b1,35,14
15-05-2024_16-01-49_p0032_s126_b2,82,30
19-06-2024_11-08-42_p0036_s184_b3,75,44
19-06-2024_16-22-30_p0023_s14_b1,40,31
19-02-2025_16-42-08_p0072_s34_b1,32,22
17-07-2024_14-20-09_p0041_s101_b2,19,26
04-02-2025_17-10-31_p0066_s153_b2,31,27
18-06-2024_15-09-22_p0028,28,48
30-01-2025_16-28-32_p0068_s204_b3,50,23
11-07-2024_15-35-51_p0041_s191_b3,33,26
23-07-2024_16-11-13_p0039_s100_b2,18,16
06-02-2025_14-16-17_p0067_s150_b2,25,22
05-10-2024_11-18-29_p0050_s22_b1,46,6
22-03-2025_11-36-20_p0079_sP04_b2,117,53
21-08-2024_14-46-05_p0044_s182_b3,44,10
11-03-2025_18-22-21_p0075_s272_b4,29,19
18-12-2024_17-05-15_p0057,19,18
28-08-2024_10-14-28_p0044_s151_b2,55,17
21-02-2024_12-06-08_p0013_s77_b1,50,50
18-06-2024_16-27-15_p0028_s225_b4,28,4
19-02-2025_10-44-27_p0074_s177_b3,52,40
14-03-2025_17-17-51_p0077_s22_b1,64,2
12-06-2024_17-05-23_p0038,49,35
26-03-2024_16-35-23_p0022_s274_b4,51,31
13-12-2024_15-07-57_p0054_sP07_b2,31,13
15-02-2025_11-03-48_p0065_s130_b2,51,38
19-07-2024_15-22-06_p0040_s18_b1,63,9
08-01-2025_16-48-29_p0063_s78_b1,33,44
06-02-2025_14-18-19_p0067_s155_b2,21,18
16-04-2024_10-50-28_p0025_s261_b4,16,39
12-03-2024_10-53-19_p0021_s281_b4,33,41
18-04-2024_10-32-25_p0025_s62_b1,34,35
28-03-2025_15-27-02_p0081_s89_b2,80,30
28-08-2024_16-49-31_p0038_s56_b1,31,8
01-02-2025_14-32-08_p0064_s63_b1,107,17
23-11-2024_13-12-53_p0052_s105_b2,28,23
24-07-2024_14-54-08_p0041_s211_b4,23,7
29-08-2024_16-21-55_p0045_s274_b4,51,20
11-03-2025_18-19-54_p0075_s268_b4,70,25
19-06-2024_11-14-22_p0036_s191_b3,31,48
11-02-2025_17-02-08_p0066_s238_b4,30,16
16-05-2024_15-08-42_p0034,56,45
08-06-2024_10-04-51_p0031_s272_b4,27,43
13-09-2024_15-45-37_p0046,97,32
19-02-2025_16-36-13_p0072_s22_b1,58,17
28-08-2024_16-53-26_p0038_s63_b1,151,17
08-06-2024_10-37-43_p0031_s51_b1,20,42
01-02-2025_14-23-32_p0064_s47_b1,76,29
08-11-2024_15-58-52_p0053_s117_b2,35,54
22-01-2025_17-12-30_p0066,27,63
11-02-2025_18-40-06_p0069_s94_b2,13,27
26-02-2024_16-19-03_p0019_s278_b4,31,27
27-03-2024_16-30-17_p0015_s77_b1,17,8
15-05-2024_15-33-12_p0032_s103_b2,43,15
28-02-2024_16-21-20_p0011_s104_b2,6,59
07-05-2024_14-14-08_p0027,45,50
10-05-2024_18-41-23_p0025_s138_b2,16,26
26-04-2024_15-08-00_p0028_s70_b1,82,17
04-09-2024_14-50-46_p0044,59,29
05-12-2024_17-18-11_p0055,24,20
17-02-2025_18-09-15_p0071_s226_b4,62,23
18-04-2024_10-20-08_p0025_s32_b1,-5,36
16-05-2024_14-37-58_p0034_s115_b2,64,46
20-03-2025_14-57-13_p0076,22,28
24-03-2025_17-49-04_p0076_s77_b1,34,17
11-03-2025_18-53-04_p0075_s49_b1,111,20
28-09-2024_13-22-15_p0016_s232_b4,20,9
27-03-2025_15-25-55_p0078_s190_b3,36,50
04-09-2024_14-23-45_p0044_s217_b4,24,27
27-03-2025_15-10-48_p0078,55,72
03-05-2024_08-53-10_p0030_s65_b1,34,35
22-08-2024_15-43-00_p0042_s236_b4,-6,30
12-03-2024_10-32-50_p0021_s238_b4,34,54
25-02-2025_19-38-44_p0075,56,18
19-03-2024_15-42-37_p0022,11,32
01-08-2024_15-57-43_p0042_s158_b3,66,10
26-03-2024_15-12-41_p0022,27,26
04-09-2024_14-46-26_p0044_s257_b4,33,22
16-07-2024_16-40-05_p0039_s252_b4,65,8
18-12-2024_16-58-11_p0057,42,24
23-11-2024_10-23-59_p0053_s242_b3,50,31
28-08-2024_15-09-26_p0038_s101_b2,36,22
20-05-2024_11-33-39_p0034_s31_b1,43,35
11-03-2024_15-43-16_p0020,79,50
15-02-2025_11-26-04_p0065,24,2
07-01-2025_15-22-32_p0062_s272_b4,44,19
18-12-2024_17-14-56_p0057,44,18
15-05-2024_16-50-22_p0032,36,27
18-06-2024_15-11-03_p0028,23,57
28-09-2024_13-25-13_p0016_s240_b4,22,-6
08-06-2024_10-45-23_p0031_s65_b1,44,42
24-05-2024_19-08-46_p0031,21,30
24-01-2024_17-30-39_p10,41,16
28-09-2024_13-27-28_p0016_s247_b4,24,12
21-11-2024_15-57-56_p0055_s205_b3,25,40
06-11-2024_16-51-03_p0051_s132_b2,30,19
06-11-2024_16-22-11_p0051_s87_b2,23,27
26-10-2024_12-24-53_p0051,31,10
04-09-2024_16-09-39_p0044_s49_b1,65,9
21-11-2024_15-33-55_p0055_sP12_b3,44,54
03-08-2024_10-20-34_p0043_s161_b3,62,23
14-12-2024_11-16-05_p0059_s120_b2,24,21
11-06-2024_14-14-57_p0035_s116_b2,8,26
25-03-2025_18-54-37_p0079_s242_b3,68,14
12-12-2024_16-28-16_p0057,53,19
13-03-2024_15-50-15_p0014_s222_b4,27,44
20-02-2025_19-07-19_p0075,39,24
07-03-2024_13-47-51_p0010_s99_b2,8,34
11-07-2024_15-50-46_p0041_s242_b3,63,24
19-07-2024_15-21-36_p0040_s17_b1,80,18
21-01-2025_15-18-59_p0065_s263_b4,93,21
10-05-2024_15-48-50_p0033_s268_b4,28,25
28-08-2024_16-37-34_p0038_s34_b1,82,2
11-05-2024_09-22-57_p0034_s158_b3,93,44
29-04-2024_15-34-19_p0024,45,42
19-06-2024_16-48-25_p0023_s71_b1,29,28
06-05-2024_15-56-37_p0032_s260_b4,49,50
13-03-2024_15-15-07_p0014_s129_b2,29,10
15-02-2025_09-45-55_p0065_s4_b1,32,37
13-05-2024_15-52-28_p0028,5,12
10-05-2024_15-05-11_p0033,49,39
03-09-2024_15-38-20_p0048_s197_b3,161,23
24-05-2024_19-14-44_p0031_s152_b2,30,39
10-05-2024_09-07-14_p0030,36,47
19-06-2024_09-57-46_p0036_s19_b1,27,41
04-02-2025_16-28-17_p0066_s89_b2,33,23
01-02-2025_10-11-41_p0069,8,17
19-07-2024_15-54-22_p0040_s79_b1,112,24
08-06-2024_10-32-40_p0031_s39_b1,16,41
17-07-2024_14-39-29_p0041_s142_b2,53,27
24-07-2024_15-10-50_p0041_s240_b4,32,20
12-06-2024_15-56-22_p0038,59,44
06-02-2025_15-02-44_p0068_s118_b2,15,38
28-09-2024_14-15-39_p0016_s34_b1,4,9
21-02-2024_11-40-03_p0013_s34_b1,78,44
01-02-2025_10-33-41_p0069_s40_b1,36,19
03-05-2024_08-28-55_p0030_s6_b1,28,41
21-01-2025_14-57-03_p0065_s225_b4,163,21
13-02-2025_15-26-00_p0067_sP03_b1,25,30
26-11-2024_16-22-49_p0056_s153_b2,101,37
21-12-2024_09-29-05_p0061_s225_b4,27,29
27-02-2025_14-15-42_p0073,9,20
17-02-2025_18-16-47_p0071_s246_b4,61,17
23-11-2024_13-21-05_p0052_s117_b2,38,39
09-05-2024_14-57-33_p0033_s142_b2,57,12
04-07-2024_15-08-08_p0039_s167_b3,39,49
21-11-2024_15-34-34_p0055_s179_b3,39,31
11-03-2025_15-15-32_p0073_s240_b4,12,47
13-12-2024_15-56-47_p0054,35,10
22-03-2025_11-37-55_p0079_s83_b2,52,23
07-01-2025_16-25-51_p0063,9,41
08-01-2025_15-37-19_p0063_s207_b3,34,38
10-09-2024_13-58-56_p0048,16,22
12-06-2024_10-20-09_p0036,23,22
21-02-2024_16-03-50_p0016,31,14
27-05-2024_17-03-05_p0032_s76_b1,31,81
19-06-2024_10-26-53_p0036_s73_b1,58,35
05-06-2024_15-15-17_p0037_s234_b4,15,37
05-12-2024_17-31-20_p0055_s282_b4,35,20
09-05-2024_15-19-26_p0033_s156_b2,37,41
03-05-2024_14-23-38_p0027,20,32
28-06-2024_15-17-11_p0035_s229_b4,-3,7
23-11-2024_13-22-34_p0052_s121_b2,21,30
22-02-2024_15-16-18_p0014_s159_b3,-4,34
27-05-2024_16-56-52_p0032_s62_b1,52,92
13-12-2024_16-30-01_p0054_s60_b1,26,22
21-08-2024_14-22-17_p0044_s164_b3,38,13
21-02-2024_15-21-27_p0016_s93_b2,11,13
19-06-2024_16-49-45_p0023_s73_b1,16,19
06-02-2025_15-12-51_p0068_s131_b2,37,40
06-02-2025_14-42-36_p0068_s84_b2,38,21
10-12-2024_16-04-02_p0056_s261_b4,47,19
21-02-2024_15-19-58_p0016_s88_b2,24,21
10-12-2024_17-56-47_p0056_s77_b1,36,40
23-11-2024_13-34-31_p0052_s146_b2,15,33
12-06-2024_10-06-48_p0036_s126_b2,84,33
10-05-2024_18-40-04_p0025_s134_b2,14,13
19-07-2024_15-46-39_p0040_s65_b1,104,16
30-10-2024_15-30-59_p0052_s244_b3,50,44
18-12-2024_17-38-51_p0057_s207_b3,40,17
13-12-2024_14-57-29_p0054,32,16
23-11-2024_10-23-43_p0053,20,23
18-06-2024_15-21-10_p0028_s130_b2,27,64
26-02-2025_10-10-43_p0074_s117_b2,40,36
02-05-2024_15-23-58_p0026,-2,16
18-03-2024_11-50-02_p0013_s281_b4,20,19
03-05-2024_14-27-43_p0027,7,23
27-03-2024_15-30-09_p0015_s139_b2,37,32
13-12-2024_16-19-25_p0054_s35_b1,53,29
18-03-2024_11-23-34_p0013_s237_b4,11,33
03-09-2024_15-15-24_p0048,43,22
30-09-2024_16-04-51_p0049_s269_b4,18,5
12-06-2024_09-46-10_p0036_s89_b2,50,23
07-01-2025_14-47-20_p0062_s217_b4,69,23
24-01-2024_17-02-00_p10,32,11
25-03-2025_18-27-02_p0079_s173_b3,75,18
02-05-2024_15-18-14_p0026_s197_b3,15,15
07-03-2024_14-02-09_p0010_s133_b2,25,44
26-10-2024_12-04-53_p0051,20,5
10-05-2024_10-07-00_p0030_s278_b4,45,25
11-05-2024_09-34-08_p0034_s169_b3,45,75
13-03-2024_15-32-16_p0014_s152_b2,38,16
16-04-2024_10-23-42_p0025_s216_b4,-6,52
23-11-2024_09-57-00_p0053_s181_b3,24,31
28-11-2024_16-07-35_p0055_s141_b2,59,39
24-01-2024_17-27-35_p10,35,49
08-04-2024_15-36-56_p0021_s102_b2,16,49
17-02-2025_17-24-11_p0071_s56_b1,61,25
14-01-2025_15-29-20_p0060,59,31
16-09-2024_15-12-13_p0045_s86_b2,45,23
05-10-2024_11-17-01_p0050_s19_b1,18,9
24-05-2024_18-34-53_p0031_s90_b2,17,40
26-11-2024_15-39-20_p0056,58,49
23-07-2024_16-08-39_p0039_s95_b2,42,12
19-02-2025_15-59-40_p0072_s252_b4,72,19
20-05-2024_16-05-46_p0023,15,13
22-02-2024_15-27-11_p0014_s169_b3,22,45
28-03-2025_15-26-08_p0081_s88_b2,55,38
13-11-2024_17-49-01_p0051,63,22
06-02-2025_14-56-37_p0068_s111_b2,30,42
27-11-2024_15-39-20_p0054_s270_b4,52,17
24-07-2024_14-12-09_p0041_s14_b1,29,16
03-08-2024_10-16-37_p0043,41,46
07-12-2024_11-10-52_p0053_s44_b1,27,27
04-07-2024_16-12-59_p0039_s241_b3,58,58
08-04-2024_15-52-05_p0021_s128_b2,49,24
14-02-2025_18-07-25_p0073_s125_b2,26,21
13-12-2024_15-51-09_p0054,41,34
11-02-2025_18-19-41_p0066_s62_b1,58,27
20-02-2025_18-31-25_p0075,24,29
17-08-2024_10-21-34_p0043_s38_b1,101,22
30-01-2025_16-04-49_p0068,103,4
19-02-2025_16-56-58_p0072_s65_b1,94,19
14-03-2025_16-27-25_p0077_s230_b4,42,25
19-02-2025_15-48-14_p0072_s225_b4,38,20
19-02-2025_10-37-04_p0074,24,43
17-09-2024_16-04-03_p0048,56,14
24-05-2024_18-48-27_p0031_s120_b2,43,39
27-11-2024_15-28-55_p0054_s253_b4,38,23
13-12-2024_16-08-29_p0054_s13_b1,21,28
08-08-2024_14-57-03_p0042,39,31
17-07-2024_14-39-10_p0041_s141_b2,36,29
03-05-2024_18-57-17_p0031,19,18
20-05-2024_11-59-42_p0034_s209_b4,71,41
03-08-2024_11-21-06_p0043_s201_b3,36,14
22-02-2024_11-41-36_p0017_s226_b4,8,54
05-09-2024_15-29-48_p0047_s65_b1,12,12
05-06-2024_10-03-07_p0036_s226_b4,56,16
28-02-2024_16-20-05_p0011_s102_b2,6,26
12-03-2024_14-29-03_p0022_s33_b1,71,50
22-04-2024_09-19-21_p0025,17,21
29-04-2024_11-58-57_p0029,32,17
05-03-2024_10-25-04_p0014_s12_b1,99,50
17-12-2024_16-56-52_p0060,12,34
12-06-2024_17-03-53_p0038_s203_b3,18,43
21-01-2025_15-21-36_p0065_s264_b4,26,21
11-06-2024_14-06-24_p0035_s102_b2,49,16
24-03-2025_17-22-30_p0076_s279_b4,74,21
22-08-2024_15-23-24_p0042_s209_b4,68,18
28-02-2024_16-42-14_p0011_s129_b2,30,58
12-03-2024_10-49-31_p0021_s271_b4,22,48
28-11-2024_16-01-11_p0055_s133_b2,75,37
07-03-2024_13-52-59_p0010_s114_b2,17,40
16-04-2024_15-41-51_p0016_s182_b3,3,26
21-02-2025_18-02-33_p0068_s23_b1,41,19
24-01-2025_15-36-41_p0060_s21_b1,10,40
19-03-2024_14-58-12_p0022_s89_b2,29,26
12-12-2024_19-33-36_p0058_s146_b2,45,17
10-05-2024_09-52-09_p0030_s251_b4,36,42
03-04-2025_13-35-33_p0080_sP05_b2,93,10
08-01-2025_16-27-49_p0063_s38_b1,84,60
01-02-2025_14-34-48_p0064_s68_b1,65,9
25-03-2024_15-25-53_p0020,57,40
03-04-2025_13-38-53_p0080_s96_b2,63,23
28-08-2024_16-45-51_p0038_s49_b1,155,13
08-06-2024_09-43-36_p0031_s240_b4,38,53
22-02-2024_11-18-54_p0017,23,32
17-07-2024_14-45-00_p0041_s156_b2,39,30
22-02-2024_11-12-47_p0017_s198_b3,34,69
27-03-2025_15-11-36_p0078,29,39
25-03-2024_16-11-19_p0020_s95_b2,14,12
06-02-2025_13-41-58_p0067_s108_b2,27,30
24-03-2025_17-38-42_p0076_s37_b1,30,13
30-08-2024_16-23-34_p0046,18,19
20-03-2025_15-07-05_p0076_s156_b2,18,35
10-02-2025_16-27-48_p0071,111,17
12-12-2024_19-44-03_p0058_s149_b2,91,25
25-03-2024_15-36-59_p0020_s228_b4,32,53
12-03-2025_11-14-38_p0074_s77_b1,68,19
22-01-2025_17-42-35_p0066,38,28
18-06-2024_16-27-39_p0028_s226_b4,-75,160
16-04-2024_15-54-22_p0016_s196_b3,11,26
17-08-2024_10-24-38_p0043_s45_b1,89,18
20-05-2024_15-42-29_p0023_s123_b2,27,14
06-05-2024_15-38-21_p0032_s249_b4,52,46
16-04-2024_15-23-02_p0016_s164_b3,13,29
07-12-2024_11-16-43_p0053_s47_b1,44,24
17-09-2024_16-21-16_p0048_s281_b4,26,11
18-12-2024_09-34-53_p0061,32,16
08-06-2024_09-47-37_p0031_s249_b4,30,47
11-07-2024_15-23-39_p0041_s177_b3,76,41
30-09-2024_15-29-00_p0049_s217_b4,28,6
16-10-2024_16-24-25_p0049_s8_b1,20,0
10-05-2024_09-04-39_p0030_s200_b3,46,52
04-09-2024_15-47-41_p0044_s9_b1,31,8
11-03-2025_16-12-37_p0073_s78_b1,42,57
08-11-2024_15-01-23_p0052_s60_b1,47,81
27-02-2025_14-17-06_p0073,24,15
11-03-2024_15-26-33_p0020_s159_b3,48,41
01-02-2025_12-20-54_p0070_s267_b4,84,15
11-03-2025_18-12-50_p0075_s254_b4,35,29
15-02-2025_11-04-34_p0065_s132_b2,41,16
20-05-2024_15-44-26_p0023_s126_b2,25,12
28-11-2024_15-45-44_p0055_sP07_b2,30,30
25-02-2025_18-25-01_p0075_s86_b2,69,16
03-10-2024_14-40-47_p0050_s158_b3,-7,18
12-12-2024_19-28-39_p0058_s136_b2,51,25
13-02-2025_18-19-30_p0070,39,32
10-09-2024_16-59-51_p0045,48,-11
17-02-2025_18-29-42_p0071_s265_b4,49,8
08-10-2024_16-16-02_p0049_s146_b2,15,29
16-10-2024_15-33-45_p0049,23,10
07-01-2025_15-29-55_p0062_s282_b4,166,28
18-12-2024_09-26-32_p0061_s168_b3,30,20
19-06-2024_16-48-45_p0023_s72_b1,20,18
16-07-2024_16-59-55_p0039_s281_b4,27,13
28-03-2025_15-55-29_p0081,44,39
25-01-2025_13-37-21_p0064,26,1
22-01-2024_16-33-19_p9,126,30
28-06-2024_15-03-59_p0035,20,14
21-01-2025_15-21-54_p0065_s265_b4,30,19
06-02-2025_15-22-39_p0068,12,19
11-06-2024_13-55-27_p0035_sP05_b2,45,25
28-08-2024_10-13-17_p0044,22,29
16-10-2024_16-27-57_p0049_s17_b1,30,6
24-04-2024_16-08-54_p0027_s205_b3,58,74
26-02-2024_15-27-02_p0019_s213_b4,49,53
06-09-2024_15-49-00_p0047_s129_b2,71,4
20-05-2024_16-09-17_p0023,13,7
03-05-2024_14-08-11_p0027_s108_b2,16,20
04-02-2025_16-59-57_p0066_s146_b2,38,29
13-03-2024_14-53-46_p0014_s91_b2,34,52
26-08-2024_15-31-51_p0019_s43_b1,32,41
07-03-2024_14-10-32_p0010,12,29
17-12-2024_16-30-15_p0060,50,41
13-02-2025_15-23-42_p0067_s71_b1,13,35
13-03-2024_15-19-13_p0014_s140_b2,70,28
28-11-2024_16-10-35_p0055_s146_b2,40,54
31-01-2025_15-18-04_p0065_s179_b3,42,58
18-06-2024_15-00-24_p0028_s97_b2,32,52
13-03-2024_15-59-52_p0014_s246_b4,30,26
28-09-2024_13-05-41_p0016_s216_b4,26,4
17-08-2024_10-45-49_p0043_s212_b4,48,26
27-03-2025_14-06-05_p0080,-1,46
08-04-2024_16-33-31_p0021_s9_b1,9,54
03-05-2024_18-28-53_p0031,14,12
06-02-2025_13-38-54_p0067_s103_b2,28,17
23-04-2024_15-24-45_p0026_s53_b1,12,60
10-09-2024_14-25-48_p0048_s110_b2,28,11
10-05-2024_16-31-16_p0033_s22_b1,18,17
28-06-2024_15-37-28_p0035,35,11
13-12-2024_14-55-36_p0054_s103_b2,32,30
21-12-2024_10-33-34_p0061_s68_b1,53,7
28-06-2024_15-13-32_p0035_s222_b4,54,16
03-04-2025_13-57-06_p0080_s144_b2,21,16
17-02-2025_17-10-46_p0071_s29_b1,118,22
20-02-2025_19-27-58_p0075_s191_b3,40,20
13-05-2024_15-53-24_p0028,3,11
11-03-2025_18-43-31_p0075_s17_b1,82,23
31-01-2025_15-27-33_p0065_s193_b3,38,31
26-04-2024_14-33-52_p0028_s8_b1,33,14
11-03-2025_15-14-47_p0073_s238_b4,15,28
20-05-2024_12-26-32_p0034_s260_b4,59,20
22-08-2024_16-59-30_p0042_s65_b1,61,27
30-08-2024_16-00-11_p0046_s124_b2,7,24
16-09-2024_16-49-39_p0045_s37_b1,33,30
17-08-2024_10-58-41_p0043_s235_b4,48,26
07-02-2025_16-39-08_p0046_s181_b3,33,23
16-10-2024_16-43-53_p0049_s62_b1,16,33
27-02-2025_14-15-54_p0073,7,19
10-05-2024_08-50-15_p0030_s183_b3,52,70
08-10-2024_16-19-25_p0049,11,8
16-04-2024_15-41-29_p0016_s181_b3,2,26
28-06-2024_14-31-11_p0035_s62_b1,51,58
13-11-2024_17-10-43_p0051_s67_b1,129,32
10-08-2024_10-34-29_p0043_s85_b2,51,18
22-08-2024_16-29-55_p0042_s2_b1,22,30
15-02-2025_12-00-54_p0070_s114_b2,25,14
22-02-2024_11-45-07_p0017_s240_b4,20,54
17-02-2025_17-57-10_p0071_s209_b4,42,18
13-03-2024_14-49-30_p0014_s85_b2,48,14
10-01-2025_15-33-21_p0063_s215_b4,34,56
22-03-2025_11-46-36_p0079_s106_b2,69,25
13-12-2024_14-49-21_p0054_s95_b2,23,17
12-06-2024_17-00-39_p0038_s201_b3,25,58
13-12-2024_16-35-54_p0054_s72_b1,42,17
12-07-2024_15-03-19_p0040,35,14
26-08-2024_16-47-26_p0019_s192_b3,61,27
17-02-2025_18-11-12_p0071_s231_b4,79,19
30-08-2024_15-27-16_p0046_s93_b2,13,32
08-10-2024_16-10-28_p0049_s138_b2,19,20
14-01-2025_16-02-32_p0060,39,24
10-09-2024_14-14-20_p0048_s93_b2,31,-5
22-02-2024_11-04-29_p0017_s180_b3,26,66
08-08-2024_15-17-18_p0042_s147_b2,20,24
16-10-2024_16-12-46_p0049_s241_b3,35,7
01-02-2025_12-18-49_p0070,83,4
19-11-2024_15-38-48_p0054_s164_b3,34,24
24-03-2025_17-31-21_p0076_s11_b1,35,17
04-09-2024_15-44-04_p0044_s3_b1,74,10
13-12-2024_15-02-38_p0054_s115_b2,21,10
03-05-2024_08-31-23_p0030_s13_b1,19,35
14-03-2025_16-40-20_p0077_s259_b4,119,29
19-02-2025_16-17-37_p0072_s276_b4,56,16
18-06-2024_15-24-49_p0028_s133_b2,26,40
28-02-2024_16-27-53_p0011_s114_b2,13,40
26-04-2024_14-46-52_p0028_s34_b1,42,22
18-04-2024_10-10-04_p0025_s7_b1,37,28
23-07-2024_16-05-21_p0039_s88_b2,9,38
26-03-2024_16-07-13_p0022_s214_b4,50,28
10-05-2024_08-53-23_p0030_s187_b3,56,63
26-02-2025_10-28-30_p0074_s144_b2,49,35
08-01-2025_16-14-23_p0063_s13_b1,22,50
18-04-2024_10-24-39_p0025_s43_b1,49,29
06-11-2024_16-20-33_p0051_s85_b2,63,28
23-07-2024_16-09-35_p0039_s97_b2,37,41
12-06-2024_16-41-54_p0038_s183_b3,46,46
07-03-2024_13-40-55_p0010_s85_b2,34,22
08-07-2024_12-21-53_p0040_s266_b4,89,15
26-08-2024_15-48-24_p0019_s73_b1,25,35
11-02-2025_16-47-11_p0066_s215_b4,53,32
12-06-2024_09-57-32_p0036_s115_b2,68,13
11-06-2024_14-41-16_p0035,37,30
25-02-2025_19-15-38_p0075_s130_b2,93,24
08-05-2024_10-00-02_p0030,39,15
05-10-2024_10-02-00_p0050_s261_b4,27,18
15-02-2025_10-52-24_p0065,44,17
03-09-2024_14-45-08_p0048,34,26
19-07-2024_15-33-37_p0040_s41_b1,27,26
27-02-2025_14-08-02_p0073_s165_b3,12,22
08-06-2024_10-30-12_p0031_s33_b1,45,32
12-06-2024_16-31-44_p0038,116,31
16-10-2024_15-34-34_p0049,13,10
13-02-2025_19-50-07_p0070_s74_b1,58,35
31-08-2024_12-51-57_p0047,30,23
28-08-2024_09-50-03_p0044_s126_b2,101,27
13-05-2024_16-02-06_p0028_s178_b3,10,16
30-08-2024_16-29-11_p0046_s154_b2,12,34
17-02-2025_17-40-08_p0071_s69_b1,89,24
05-12-2024_16-25-01_p0055_s76_b1,30,24
20-03-2025_16-26-49_p0078,24,15
10-08-2024_11-10-52_p0043,35,32
07-12-2024_10-58-23_p0053_s13_b1,25,32
19-12-2024_15-57-44_p0062,110,17
20-03-2025_14-49-05_p0076_s130_b2,99,18
22-01-2025_17-37-14_p0066_s192_b3,36,29
25-02-2025_18-26-26_p0075_s87_b2,22,31
30-01-2025_16-11-56_p0068_s183_b3,37,22
20-03-2025_14-24-56_p0076_s84_b2,18,25
11-03-2025_15-26-58_p0073_s266_b4,12,39
24-07-2024_15-24-03_p0041_s267_b4,28,18
27-03-2025_15-23-03_p0078_s187_b3,71,45
20-02-2024_16-26-25_p0015_s227_b4,-4,17
03-10-2024_15-10-53_p0050_s177_b3,27,6
03-04-2024_16-12-30_p0023_s279_b4,49,26
06-05-2024_15-11-18_p0032_s209_b4,42,64
20-02-2025_19-29-18_p0075_s192_b3,53,26
22-03-2025_12-06-29_p0079,19,21
08-01-2025_14-57-00_p0063,22,36
10-09-2024_17-36-35_p0045_s200_b3,39,30
03-08-2024_10-37-39_p0043_s171_b3,97,-1
16-10-2024_16-00-05_p0049_s194_b3,24,6
29-04-2024_15-57-13_p0024_s194_b3,31,62
10-05-2024_16-29-26_p0033_s18_b1,21,47
14-08-2024_16-07-27_p0038_s248_b4,29,13
31-08-2024_12-51-38_p0047,29,22
20-03-2025_15-02-14_p0076,32,20
24-07-2024_15-07-16_p0041_s235_b4,17,33
04-10-2024_15-10-45_p0050_s142_b2,27,40
13-09-2024_15-39-28_p0046_s249_b4,33,9
30-04-2024_13-15-26_p0024_s106_b2,56,47
10-08-2024_11-13-05_p0043,38,16
08-01-2025_16-24-30_p0063_s30_b1,46,33
11-02-2025_17-13-33_p0066_s255_b4,57,20
07-02-2025_17-00-12_p0046,46,17
15-02-2025_09-56-45_p0065_s29_b1,75,19
03-05-2024_14-25-10_p0027,29,16
24-01-2024_17-02-51_p10,-4,32
29-02-2024_14-11-31_p0010_s61_b1,15,47
27-11-2024_15-30-50_p0054_s258_b4,41,18
16-05-2024_14-34-01_p0034_s108_b2,21,53
24-01-2025_15-12-52_p0060_s266_b4,20,47
10-05-2024_18-50-51_p0025,27,10
16-09-2024_15-49-20_p0045_s131_b2,17,20
20-03-2025_16-07-14_p0078_sP07_b2,45,28
23-11-2024_13-22-15_p0052_s120_b2,12,42
19-03-2024_14-53-18_p0022_s83_b2,32,42
08-06-2024_10-27-37_p0031_s25_b1,31,34
20-03-2025_16-13-49_p0078_s135_b2,93,22
24-03-2025_16-50-53_p0076_s221_b4,36,67
30-08-2024_16-27-37_p0046_s150_b2,83,12
30-01-2025_16-11-11_p0068_s181_b3,25,18
10-09-2024_14-02-37_p0048,17,10
05-10-2024_11-32-28_p0050_s62_b1,39,13
22-03-2025_12-07-30_p0079,23,16
19-06-2024_10-02-14_p0036_s29_b1,57,23
24-01-2025_14-52-49_p0060_s231_b4,13,53
22-04-2024_09-21-46_p0025_s172_b3,28,16
10-09-2024_14-13-47_p0048_s92_b2,22,-9
16-04-2024_10-57-18_p0025_s273_b4,37,57
28-06-2024_15-44-22_p0035_s272_b4,3,14
06-02-2025_15-07-21_p0068_s121_b2,124,24
24-01-2025_15-08-40_p0060,11,46
12-03-2025_10-53-04_p0074_s31_b1,69,28
17-08-2024_10-54-38_p0043_s225_b4,39,16
17-09-2024_14-47-20_p0048_s38_b1,31,3
08-08-2024_14-52-25_p0042_s113_b2,19,45
10-12-2024_15-20-57_p0056_s216_b4,24,44
10-05-2024_18-11-55_p0025_s90_b2,34,6
31-01-2025_14-50-33_p0065_s161_b3,91,55
06-08-2024_16-43-05_p0039_s67_b1,157,33
22-08-2024_16-36-52_p0042_s17_b1,36,27
08-01-2025_16-13-11_p0063_s11_b1,27,38
12-12-2024_19-10-45_p0058_s112_b2,28,38
16-07-2024_16-40-27_p0039_s253_b4,46,3
13-09-2024_15-15-57_p0046_s211_b4,48,33
24-04-2024_15-34-36_p0027,54,80
12-06-2024_16-36-27_p0038,58,57
25-01-2025_13-11-30_p0064_s118_b2,17,12
17-09-2024_15-28-41_p0048,67,35
30-01-2025_15-46-31_p0068,20,14
28-06-2024_14-37-40_p0035_s73_b1,25,42
28-11-2024_15-33-32_p0055_s103_b2,56,30
28-06-2024_14-17-41_p0035_s31_b1,38,36
06-11-2024_16-54-45_p0051_s142_b2,29,19
11-02-2025_18-27-24_p0066_s78_b1,21,20
30-10-2024_14-56-25_p0052_s173_b3,41,19
26-08-2024_16-52-46_p0019_s197_b3,37,25
16-07-2024_16-20-06_p0039_s218_b4,27,3
04-10-2024_15-00-11_p0050_s131_b2,34,33
10-05-2024_15-31-29_p0033_s245_b4,37,34
25-03-2025_18-19-22_p0079_s167_b3,46,23
21-01-2025_15-04-29_p0065_s240_b4,22,28
13-09-2024_16-27-04_p0046_s14_b1,22,11
21-02-2025_17-50-29_p0068_s1_b1,38,26
05-06-2024_09-48-00_p0036_s214_b4,28,17
12-03-2025_10-53-37_p0074_s33_b1,80,11
26-03-2024_15-06-45_p0022,38,29
11-02-2025_17-58-31_p0066_s10_b1,19,26
29-04-2024_11-39-36_p0029_s115_b2,15,10
21-02-2024_15-24-12_p0016_s98_b2,11,21
04-09-2024_16-13-16_p0044_s56_b1,45,10
05-09-2024_15-34-21_p0047_sP03_b1,16,18
19-02-2025_15-46-35_p0072_s222_b4,33,23
11-02-2025_17-59-21_p0066_s12_b1,24,32
03-08-2024_10-33-20_p0043,30,15
06-11-2024_16-41-51_p0051,56,53
12-03-2025_10-32-41_p0074_s265_b4,21,32
12-12-2024_16-08-52_p0057_s138_b2,43,26
31-08-2024_13-30-04_p0047_s199_b3,93,29
29-08-2024_16-10-28_p0045,31,23
20-05-2024_15-41-09_p0023_s120_b2,31,12
29-02-2024_13-40-44_p0010_s9_b1,13,74
12-03-2025_10-29-48_p0074_s262_b4,38,43
10-01-2025_16-02-27_p0063_s263_b4,38,25
08-08-2024_14-52-05_p0042_s112_b2,12,32
28-11-2024_16-15-28_p0055,24,70
12-03-2024_14-26-55_p0022_s27_b1,-7,31
05-09-2024_15-56-35_p0047_s224_b4,27,24
18-06-2024_15-25-36_p0028_s135_b2,40,36
24-03-2025_17-44-05_p0076_s59_b1,33,17
28-03-2025_15-52-55_p0081,29,39
10-09-2024_17-36-06_p0045_s199_b3,43,27
14-02-2025_18-15-19_p0073_s147_b2,8,19
08-11-2024_16-00-20_p0053_s119_b2,52,38
18-12-2024_09-53-23_p0061,39,38
30-08-2024_15-22-36_p0046_s84_b2,17,17
05-09-2024_15-28-58_p0047_s63_b1,23,3
30-01-2024_11-10-14_p11,4,18
22-03-2025_11-38-40_p0079_s86_b2,47,31
20-03-2025_14-36-52_p0076_s110_b2,30,32
05-06-2024_10-28-40_p0036_s267_b4,40,1
06-02-2025_14-17-39_p0067_s153_b2,46,2
26-08-2024_16-30-33_p0019,61,35
03-02-2025_16-39-03_p0071_s82_b2,77,35
13-02-2025_14-41-27_p0067_s5_b1,61,18
06-02-2025_15-20-21_p0068,7,9
25-03-2024_15-40-20_p0020_s236_b4,33,37
24-01-2025_15-21-14_p0060_s278_b4,38,50
05-12-2024_16-05-35_p0055_s47_b1,35,16
27-05-2024_15-32-47_p0032_s171_b3,29,25
12-07-2024_15-27-56_p0040_s244_b3,74,23
05-09-2024_15-35-57_p0047_s76_b1,16,20
30-08-2024_16-20-16_p0046,18,21
20-12-2024_14-22-17_p0061_s83_b2,59,24
18-12-2024_09-41-06_p0061,72,37
01-02-2025_14-11-45_p0064_s24_b1,72,15
18-04-2024_15-40-44_p0026_s138_b2,18,30
03-02-2025_17-07-36_p0071_s129_b2,91,23
24-04-2024_16-07-25_p0027_s203_b3,54,84
27-05-2024_15-46-46_p0032_s187_b3,48,34
04-07-2024_15-40-50_p0039,20,61
12-03-2024_14-39-21_p0022_s56_b1,27,24
06-02-2025_15-11-40_p0068_s129_b2,40,37
21-02-2024_15-39-30_p0016_sP07_b2,28,12
05-10-2024_09-36-46_p0050_s229_b4,25,18
27-05-2024_16-07-21_p0032_sP20_b3,24,38
27-11-2024_15-43-33_p0054_s279_b4,33,21
18-03-2024_11-41-13_p0013_s274_b4,44,24
20-03-2024_15-19-33_p0015,48,74
08-05-2024_16-13-04_p0033,66,56
26-08-2024_15-46-20_p0019_s69_b1,16,28
22-02-2024_13-19-06_p0018_s3_b1,28,28
13-03-2024_16-06-53_p0014,42,34
04-10-2024_15-01-35_p0050_s134_b2,19,52
24-03-2025_17-18-30_p0076_s269_b4,26,23
29-04-2024_16-55-05_p0024_s56_b1,23,49
28-11-2024_16-14-29_p0055,27,51
05-06-2024_15-28-06_p0037,22,24
14-03-2025_17-37-56_p0077_s78_b1,43,13
21-02-2025_17-19-55_p0068_s240_b4,27,10
07-02-2025_16-22-10_p0046,45,17
26-02-2025_10-15-24_p0074_s123_b2,55,24
08-01-2025_15-21-43_p0063,50,36
07-01-2025_13-59-52_p0062_s34_b1,59,59
10-05-2024_15-11-58_p0033_s221_b4,52,38
03-04-2024_16-11-18_p0023_s277_b4,29,48
01-02-2025_14-01-19_p0064_s5_b1,62,23
13-09-2024_16-53-31_p0046_s74_b1,12,6
25-03-2025_18-30-06_p0079,35,20
20-03-2024_15-19-13_p0015,45,53
29-08-2024_15-31-39_p0045_s217_b4,60,43
29-04-2024_16-25-48_p0024_s4_b1,31,35
01-02-2025_10-33-21_p0069_s39_b1,48,26
16-10-2024_16-45-09_p0049_s63_b1,32,11
11-03-2025_18-37-33_p0075_s2_b1,56,25
23-07-2024_16-52-17_p0039_s151_b2,29,14
26-03-2024_16-25-27_p0022_s256_b4,37,34
18-12-2024_16-35-03_p0057_s163_b3,102,23
25-03-2024_16-29-25_p0020_s130_b2,11,5
24-01-2025_14-54-55_p0060_s235_b4,7,47
01-02-2025_13-40-12_p0064,26,2
19-11-2024_16-00-58_p0054_s179_b3,54,16
19-02-2025_16-30-02_p0072_s7_b1,51,19
07-02-2025_16-33-31_p0046_s176_b3,-2,20
30-04-2024_13-45-38_p0024,45,55
18-03-2024_11-25-31_p0013_s245_b4,25,22
07-01-2025_13-41-46_p0062_s2_b1,61,53
12-12-2024_15-41-36_p0057_s104_b2,28,24
20-02-2025_19-00-11_p0075,29,19
10-08-2024_11-06-32_p0043,24,31
10-05-2024_09-50-38_p0030_s247_b4,34,18
06-02-2025_14-15-57_p0067_s149_b2,36,14
05-10-2024_09-21-20_p0050_s217_b4,25,10
08-07-2024_12-01-47_p0040_s231_b4,51,59
01-08-2024_16-42-55_p0042_s185_b3,20,4
24-05-2024_19-02-45_p0031_s145_b2,25,36
30-09-2024_15-28-21_p0049_s215_b4,15,15
22-02-2024_11-55-05_p0017_s269_b4,6,46
22-08-2024_15-50-26_p0042_s247_b4,30,24
21-02-2025_17-14-59_p0068_s229_b4,23,23
06-02-2025_15-28-42_p0068_s153_b2,21,18
08-11-2024_15-44-03_p0053_s98_b2,25,25
26-10-2024_12-11-52_p0051_s175_b3,68,-1
08-04-2024_17-01-50_p0021_s75_b1,12,51
11-03-2025_18-26-06_p0075_s275_b4,43,22
30-08-2024_16-07-14_p0046_s136_b2,13,42
07-03-2024_14-04-25_p0010_s141_b2,31,27
21-01-2025_15-25-53_p0065_s271_b4,100,32
28-02-2024_16-53-16_p0011,3,21
17-08-2024_10-55-45_p0043_s228_b4,30,22
08-05-2024_15-43-23_p0033_s178_b3,60,38
08-06-2024_10-48-06_p0031_s72_b1,33,20
27-11-2024_15-27-25_p0054_s249_b4,28,8
21-01-2025_15-25-28_p0065_s270_b4,87,22
03-05-2024_08-57-17_p0030_s74_b1,36,26
22-08-2024_15-58-24_p0042_s260_b4,79,12
22-02-2024_15-50-18_p0014,29,47
24-07-2024_14-37-23_p0041_s73_b1,18,20
13-09-2024_15-34-46_p0046_s240_b4,26,15
12-06-2024_10-33-06_p0036_s154_b2,31,7
05-10-2024_09-41-57_p0050_s238_b4,15,17
01-02-2025_13-52-45_p0064_s282_b4,43,25
28-09-2024_14-12-43_p0016_s24_b1,25,9
28-03-2025_16-01-26_p0081_s151_b2,59,34
06-02-2025_14-52-19_p0068_s101_b2,34,28
07-05-2024_14-10-59_p0027_s217_b4,44,37
26-10-2024_11-52-31_p0051_s158_b3,49,-4
08-06-2024_10-25-33_p0031_s19_b1,32,41
17-07-2024_14-23-12_p0041_s108_b2,14,48
08-01-2025_15-29-43_p0063_s196_b3,40,17
05-09-2024_16-03-22_p0047_s237_b4,38,23
19-12-2024_15-54-41_p0062,45,39
08-04-2024_16-31-32_p0021_s6_b1,21,43
26-04-2024_14-52-22_p0028_s41_b1,29,25
16-10-2024_16-32-58_p0049_s30_b1,23,5
05-06-2024_10-08-06_p0036_s236_b4,52,11
13-03-2024_16-15-09_p0014_s274_b4,61,20
02-05-2024_14-59-33_p0026_s174_b3,14,15
21-08-2024_14-54-29_p0044,40,58
26-03-2024_15-48-31_p0022_s208_b3,8,20
07-01-2025_16-29-26_p0063_s156_b2,18,44
12-03-2024_14-22-34_p0022_s16_b1,43,3
08-06-2024_09-58-49_p0031_s263_b4,18,44
08-08-2024_14-38-29_p0042_s85_b2,40,31
18-06-2024_15-32-10_p0028_s146_b2,36,67
12-12-2024_16-25-17_p0057,24,14
26-02-2025_10-41-34_p0074_s152_b2,46,29
17-09-2024_15-04-21_p0048_s66_b1,21,14
21-02-2025_18-27-33_p0068_sP03_b1,114,18
04-02-2025_17-06-24_p0066,21,21
26-08-2024_16-20-16_p0019,48,31
19-06-2024_10-10-12_p0036_s45_b1,40,33
28-03-2025_16-02-56_p0081_s154_b2,97,52
27-05-2024_15-31-16_p0032,31,29
26-08-2024_15-33-26_p0019_s46_b1,66,27
13-03-2024_15-21-46_p0014_s145_b2,26,15
07-02-2025_16-57-54_p0046,28,15
06-09-2024_15-47-38_p0047_s127_b2,71,16
10-02-2025_16-43-03_p0071_s174_b3,30,12
22-08-2024_15-40-57_p0042_s232_b4,15,3
07-12-2024_10-04-11_p0053_s211_b4,26,28
11-03-2025_18-15-55_p0075_s259_b4,181,23
17-08-2024_10-48-46_p0043_s219_b4,67,24
17-07-2024_14-42-15_p0041_s147_b2,66,21
12-12-2024_16-19-28_p0057,17,25
05-12-2024_15-47-29_p0055_s18_b1,33,39
11-03-2025_16-09-05_p0073_s68_b1,48,23
08-11-2024_16-25-02_p0053,31,39
26-02-2025_10-37-25_p0074,42,13
18-12-2024_09-29-42_p0061,50,23
28-01-2025_13-46-54_p0067_s188_b3,34,21
07-12-2024_10-54-06_p0053_s2_b1,22,28
19-06-2024_10-25-23_p0036_s71_b1,31,39
06-08-2024_16-29-07_p0039_s41_b1,28,32
01-02-2025_13-39-42_p0064,68,13
03-02-2025_16-39-28_p0071_s83_b2,72,2
21-02-2024_16-08-46_p0016,9,11
13-11-2024_17-38-26_p0051,45,17
23-04-2024_11-17-36_p0024_s215_b4,34,25
21-02-2024_16-10-50_p0016_s151_b2,30,14
06-02-2025_13-46-27_p0067,14,30
12-02-2025_17-09-53_p0072,31,15
24-07-2024_14-38-42_p0041_s77_b1,26,13
28-08-2024_10-10-18_p0044,41,23
17-06-2024_15-26-11_p0019_s141_b2,18,9
19-12-2024_16-21-45_p0062_s203_b3,31,29
07-01-2025_16-16-39_p0063,42,22
24-07-2024_14-19-34_p0041_s31_b1,25,24
08-08-2024_14-50-59_p0042_s109_b2,43,21
04-02-2025_16-56-51_p0066_s140_b2,52,29
08-08-2024_15-16-22_p0042_s144_b2,28,25
27-03-2024_16-33-21_p0015_s81_b1,15,29
12-06-2024_16-33-54_p0038_s176_b3,72,40
22-03-2025_11-50-53_p0079_s115_b2,53,34
11-02-2025_18-45-34_p0069_s106_b2,18,35
27-02-2025_14-28-43_p0073_s193_b3,21,18
20-05-2024_12-36-19_p0034_s276_b4,56,32
03-05-2024_14-00-46_p0027_s85_b2,22,25
30-09-2024_16-07-45_p0049,20,-1
16-10-2024_15-55-02_p0049_s191_b3,27,3
29-02-2024_14-04-27_p0010_s45_b1,7,61
13-02-2025_18-58-06_p0070_s196_b3,38,31
19-06-2024_10-18-52_p0036_s62_b1,19,38
18-06-2024_16-59-07_p0028_s281_b4,23,25
25-01-2025_13-35-30_p0064,31,15
20-12-2024_14-27-18_p0061_s93_b2,62,34
19-07-2024_14-19-13_p0040_s134_b2,81,35
07-03-2024_13-58-08_p0010_s121_b2,8,49
22-02-2024_13-26-20_p0018_s23_b1,23,21
13-12-2024_15-15-07_p0054,55,34
28-01-2025_13-59-13_p0067_s195_b3,60,19
08-11-2024_15-15-18_p0052_s76_b1,44,45
28-09-2024_14-38-49_p0016_s80_b1,7,7
21-02-2024_11-48-52_p0013_s46_b1,47,43
08-11-2024_15-43-38_p0053_s97_b2,26,61
24-07-2024_14-28-30_p0041_s53_b1,34,11
21-02-2024_15-25-44_p0016_s104_b2,0,19
24-01-2025_15-41-59_p0060_s33_b1,7,45
06-09-2024_15-24-10_p0047_s102_b2,46,21
23-07-2024_16-02-23_p0039_s82_b2,66,19
27-03-2025_14-22-02_p0080_s191_b3,54,45
18-01-2025_13-11-40_p0064_s195_b3,42,23
12-03-2025_10-21-29_p0074_s240_b4,15,28
28-08-2024_16-26-41_p0038_s16_b1,60,1
28-01-2025_13-31-24_p0067_s173_b3,60,42
28-08-2024_14-58-45_p0038_s83_b2,60,11
03-12-2024_16-15-10_p0056,158,42
21-02-2025_18-05-00_p0068_s28_b1,154,12
28-08-2024_15-19-09_p0038_s115_b2,44,18
27-03-2024_16-25-20_p0015_s66_b1,24,28
23-11-2024_10-15-32_p0053_s201_b3,18,18
01-02-2025_10-52-41_p0069_s77_b1,38,16
13-12-2024_16-20-59_p0054_s39_b1,44,25
05-12-2024_17-17-45_p0055_s260_b4,51,5
26-10-2024_12-31-03_p0051_s195_b3,58,11
13-12-2024_16-04-41_p0054_s3_b1,35,28
06-02-2025_15-00-58_p0068,31,28
27-05-2024_17-00-00_p0032_s68_b1,41,37
06-02-2025_14-17-58_p0067_s154_b2,36,18
26-11-2024_16-18-12_p0056,28,42
26-10-2024_12-07-03_p0051,28,20
06-09-2024_15-24-35_p0047_s103_b2,12,23
03-05-2024_08-58-14_p0030_s77_b1,39,22
15-02-2025_09-49-03_p0065_s14_b1,27,31
28-01-2025_13-41-06_p0067_s181_b3,36,60
10-12-2024_15-36-15_p0056_s232_b4,43,42
29-02-2024_14-07-02_p0010_s50_b1,9,46
03-05-2024_08-44-42_p0030_s44_b1,31,43
06-02-2025_15-27-48_p0068_s151_b2,23,21
10-05-2024_15-28-33_p0033_s236_b4,44,45
19-07-2024_13-56-40_p0040_s99_b2,23,27
11-02-2025_17-22-54_p0066_s271_b4,74,16
30-01-2024_11-23-37_p11,26,42
12-03-2025_10-38-54_p0074_s283_b4,57,34
23-04-2024_11-42-28_p0024,35,36
19-06-2024_15-17-41_p0023,41,44
19-02-2025_16-02-22_p0072_s258_b4,39,17
20-12-2024_15-10-18_p0061,13,23
27-05-2024_16-32-40_p0032_s8_b1,37,68
14-03-2025_16-24-53_p0077_s225_b4,30,8
29-04-2024_12-05-56_p0029_s157_b2,26,24
19-02-2025_15-46-11_p0072,40,16
18-12-2024_16-34-03_p0057,26,35
18-04-2024_15-38-27_p0026_s129_b2,18,25
28-03-2025_15-40-24_p0081,60,39
29-02-2024_13-42-07_p0010_s12_b1,40,61
03-09-2024_15-16-12_p0048_s194_b3,73,21
26-03-2024_16-34-39_p0022_s272_b4,15,30
13-02-2025_19-29-43_p0070_s32_b1,73,32
26-08-2024_16-26-59_p0019,16,20
19-11-2024_16-06-52_p0054_s180_b3,9,22
20-03-2024_15-15-03_p0015_s189_b3,37,47
11-02-2025_17-02-28_p0066_s239_b4,44,16
13-03-2024_15-29-58_p0014,16,28
30-01-2025_16-23-13_p0068,3,23
15-02-2025_11-51-24_p0070_s92_b2,43,13
19-12-2024_16-05-42_p0062_s187_b3,55,6
08-04-2024_15-33-39_p0021_s98_b2,26,38
26-10-2024_12-32-01_p0051_s197_b3,30,7
20-05-2024_11-46-41_p0034_s56_b1,43,50
06-05-2024_15-42-41_p0032_s255_b4,59,34
15-02-2025_11-02-44_p0065_s127_b2,86,4
20-12-2024_14-41-57_p0061_s116_b2,42,35
14-01-2025_15-52-24_p0060_s143_b2,8,39
28-06-2024_14-18-53_p0035_s34_b1,28,72
26-04-2024_14-39-08_p0028_s20_b1,112,24
30-08-2024_16-26-26_p0046,19,22
12-06-2024_09-58-02_p0036_s116_b2,52,4
10-01-2025_15-22-44_p0062_s155_b2,4,43
22-08-2024_16-37-36_p0042_s19_b1,34,24
13-03-2024_16-07-58_p0014_s260_b4,52,33
05-06-2024_10-27-44_p0036_s266_b4,34,18
10-02-2025_16-26-49_p0071_s164_b3,27,16
24-07-2024_14-53-21_p0041,36,22
07-05-2024_14-30-09_p0027_s260_b4,19,37
28-08-2024_15-52-31_p0038,14,8
24-01-2025_15-46-48_p0060_s43_b1,11,50
16-07-2024_16-29-43_p0039_s228_b4,27,10
24-07-2024_14-14-49_p0041_s21_b1,68,20
22-08-2024_15-30-29_p0042_s221_b4,53,10
22-08-2024_16-35-13_p0042_s13_b1,29,39
04-09-2024_14-44-15_p0044_s255_b4,49,20
28-01-2025_13-25-39_p0067,20,13
08-05-2024_09-51-04_p0030_s135_b2,20,53
22-01-2025_17-38-09_p0066_sP14_b3,30,30
13-12-2024_16-09-39_p0054_s15_b1,26,20
25-02-2025_19-26-16_p0075_s145_b2,77,11
25-03-2024_16-36-19_p0020,5,12
13-02-2025_19-12-49_p0070_s1_b1,31,35
13-02-2025_13-54-29_p0067_s246_b4,47,34
25-02-2025_19-10-31_p0075_s124_b2,75,27
10-08-2024_10-56-12_p0043_s126_b2,72,24
05-06-2024_09-52-05_p0036_s220_b4,27,18
05-06-2024_10-15-19_p0036_s252_b4,60,-2
07-01-2025_16-14-59_p0063_s145_b2,53,44
26-11-2024_15-27-36_p0056_s102_b2,90,49
03-09-2024_15-13-22_p0048_s192_b3,23,18
26-11-2024_15-34-20_p0056_s111_b2,86,55
19-12-2024_16-06-39_p0062_s188_b3,28,27
17-08-2024_10-27-30_p0043_s51_b1,95,11
18-01-2025_13-05-07_p0064_s191_b3,50,22
19-02-2025_16-46-43_p0072_s44_b1,80,19
27-03-2025_14-15-46_p0080,87,55
04-07-2024_15-20-53_p0039_s176_b3,34,60
14-03-2025_17-11-51_p0077_s2_b1,43,18
11-02-2025_19-19-57_p0069_s151_b2,40,17
21-12-2024_09-49-39_p0061_s269_b4,62,22
20-02-2024_16-19-21_p0015_s218_b4,42,26
11-03-2024_15-38-52_p0020,13,36
25-01-2025_12-55-36_p0064_s90_b2,31,30
08-11-2024_15-55-46_p0053_s116_b2,34,33
13-03-2024_15-16-14_p0014_s132_b2,90,31
24-05-2024_18-49-07_p0031_s122_b2,26,32
22-02-2024_15-53-05_p0014_s208_b3,36,50
28-09-2024_13-43-34_p0016_s273_b4,21,0
08-01-2025_15-42-36_p0063_s244_b3,66,22
06-05-2024_16-09-00_p0032_s279_b4,61,48
11-02-2025_17-03-22_p0066,63,29
03-02-2025_17-33-24_p0071_s156_b2,69,15
10-09-2024_17-04-30_p0045_s175_b3,74,15
06-02-2025_13-50-09_p0067_s121_b2,114,48
23-04-2024_15-35-32_p0026_s79_b1,22,50
12-02-2025_16-44-11_p0072_s115_b2,60,25
26-10-2024_11-56-24_p0051,25,6
12-07-2024_15-20-29_p0040,63,3
13-12-2024_15-59-50_p0054_s155_b2,39,26
06-02-2025_18-47-52_p0069,29,29
16-10-2024_16-39-52_p0049_s51_b1,25,5
28-08-2024_16-21-27_p0038_s4_b1,41,4
11-06-2024_14-24-40_p0035_s129_b2,40,31
12-03-2025_11-14-56_p0074_s78_b1,80,33
27-05-2024_16-40-57_p0032_s24_b1,25,55
22-03-2025_12-11-59_p0079,20,21
17-08-2024_11-16-36_p0043_s263_b4,46,21
09-05-2024_14-45-31_p0033,68,54
24-05-2024_19-07-53_p0031,30,33
07-05-2024_15-01-18_p0027_s26_b1,16,15
01-02-2025_10-37-00_p0069_s47_b1,62,32
19-07-2024_14-23-10_p0040_s142_b2,46,21
07-05-2024_15-02-49_p0027_s31_b1,19,-1
29-02-2024_14-07-44_p0010_s52_b1,21,36
10-09-2024_14-55-46_p0048_s152_b2,32,4
22-03-2025_11-49-04_p0079_s109_b2,59,21
22-01-2025_17-45-52_p0066_sP16_b3,64,31
18-12-2024_09-32-46_p0061,45,30
18-06-2024_15-06-54_p0028_s111_b2,12,89
23-11-2024_10-20-03_p0053_s207_b3,16,26
17-08-2024_10-12-37_p0043_s22_b1,39,22
23-11-2024_10-01-04_p0053_s187_b3,44,27
06-05-2024_15-57-02_p0032,64,51
17-08-2024_10-56-04_p0043_s229_b4,34,22
25-03-2024_16-43-35_p0020_s149_b2,10,18
20-12-2024_14-37-41_p0061_s111_b2,45,40
16-09-2024_15-31-14_p0045_s112_b2,32,13
08-06-2024_09-55-40_p0031_s257_b4,19,37
13-02-2025_19-23-19_p0070_s17_b1,33,27
08-06-2024_10-44-35_p0031_s63_b1,20,36
10-05-2024_18-59-04_p0025_s151_b2,32,13
18-06-2024_16-39-31_p0028_s253_b4,35,12
26-11-2024_16-07-32_p0056,129,25
13-02-2025_18-18-54_p0070_s161_b3,90,35
29-04-2024_16-56-23_p0024_s59_b1,19,43
30-10-2024_15-06-35_p0052_s184_b3,64,48
17-09-2024_16-13-34_p0048,28,14
31-01-2025_15-42-18_p0065_s207_b3,48,39
25-01-2025_13-06-06_p0064_s110_b2,42,25
12-03-2025_10-36-24_p0074_s277_b4,21,26
19-06-2024_11-23-23_p0036_s200_b3,27,30
27-05-2024_15-13-10_p0032_s163_b3,29,37
08-04-2024_15-42-13_p0021_s112_b2,16,44
03-09-2024_14-45-34_p0048,32,24
11-02-2025_18-15-32_p0066_s51_b1,79,29
13-12-2024_16-31-45_p0054_s64_b1,37,25
08-05-2024_15-32-41_p0033,52,47
11-03-2025_17-55-04_p0075_s216_b4,31,38
10-01-2025_15-17-39_p0062,33,35
03-05-2024_14-14-45_p0027_s124_b2,13,32
24-01-2025_15-36-19_p0060_s20_b1,12,46
03-08-2024_11-20-23_p0043_s199_b3,29,0
08-08-2024_15-12-28_p0042_s136_b2,25,23
22-01-2024_17-19-35_p9,71,32
26-11-2024_15-25-44_p0056_s100_b2,81,40
14-01-2025_15-17-56_p0060_s102_b2,32,46
06-02-2025_13-47-19_p0067,9,22
19-06-2024_11-33-29_p0036_s242_b3,38,24
06-02-2025_13-48-06_p0067_sP07_b2,27,25
05-06-2024_10-22-47_p0036_s260_b4,85,5
20-02-2025_19-40-03_p0075_s201_b3,45,26
28-02-2024_16-15-52_p0011_s96_b2,10,44
16-07-2024_16-51-56_p0039_s264_b4,22,10
11-03-2025_18-46-45_p0075_s24_b1,44,27
24-04-2024_16-02-57_p0027_s197_b3,72,52
23-11-2024_13-25-14_p0052_s126_b2,12,34
19-06-2024_09-50-08_p0036_s4_b1,11,41
01-02-2025_14-10-12_p0064_s21_b1,58,19
16-10-2024_15-41-30_p0049_s176_b3,20,4
05-10-2024_11-39-11_p0050_s74_b1,27,5
14-02-2025_17-50-42_p0073_s92_b2,11,20
10-05-2024_15-15-28_p0033_s223_b4,60,33
24-03-2025_17-25-22_p0076_s281_b4,43,6
24-03-2025_16-48-15_p0076_s217_b4,47,24
27-03-2025_14-27-33_p0080_s199_b3,41,35
30-04-2024_13-29-23_p0024,31,57
12-03-2025_11-00-11_p0074_s47_b1,77,27
01-02-2025_09-39-43_p0069,15,23
03-04-2025_13-48-15_p0080_s119_b2,78,30
14-01-2025_15-40-00_p0060_s125_b2,37,26
03-05-2024_14-27-32_p0027,13,15
06-11-2024_17-08-40_p0051_s155_b2,25,13
06-09-2024_15-46-32_p0047_s125_b2,54,25
05-09-2024_16-37-49_p0047_s281_b4,28,22
03-12-2024_16-17-25_p0056,25,51
04-07-2024_16-13-29_p0039_s243_b3,52,47
03-04-2025_13-40-28_p0080_s101_b2,23,25
25-03-2025_18-34-23_p0079_s183_b3,37,15
27-03-2024_16-29-26_p0015_s74_b1,8,20
21-02-2024_16-14-10_p0016_s154_b2,0,22
08-08-2024_14-43-28_p0042_s94_b2,20,31
06-08-2024_16-41-12_p0039_s63_b1,110,18
13-11-2024_17-54-20_p0051_s264_b4,21,22
30-09-2024_16-14-53_p0049_s283_b4,21,7
27-03-2025_15-00-11_p0078,65,43
19-06-2024_10-42-38_p0036_s163_b3,44,37
06-09-2024_15-22-46_p0047_s98_b2,9,19
17-02-2025_17-36-43_p0071_s64_b1,124,38
12-12-2024_15-57-26_p0057_sP07_b2,6,33
24-03-2025_16-59-45_p0076_s227_b4,37,13
06-02-2025_18-26-25_p0069_s167_b3,48,23
12-03-2025_10-24-46_p0074_s252_b4,21,30
08-08-2024_14-58-21_p0042,37,29
11-03-2025_19-03-19_p0075_s69_b1,82,18
26-04-2024_15-09-50_p0028_s74_b1,46,11
19-06-2024_10-15-12_p0036_s55_b1,78,23
18-04-2024_15-24-38_p0026_s93_b2,18,31
03-04-2024_15-33-41_p0023_s215_b4,41,40
11-03-2025_15-14-06_p0073_s236_b4,14,17
12-06-2024_16-26-40_p0038,65,31
18-04-2024_15-26-56_p0026_s100_b2,18,27
11-02-2025_19-16-07_p0069,11,15
21-02-2025_17-57-30_p0068_s16_b1,42,24
13-02-2025_14-09-05_p0067_s268_b4,58,35
19-02-2025_16-16-56_p0072_s275_b4,41,13
10-05-2024_18-35-23_p0025,101,11
10-09-2024_17-32-39_p0045_s195_b3,57,19
17-02-2025_18-01-31_p0071_s218_b4,47,23
08-04-2024_16-06-25_p0021,18,16
04-10-2024_14-24-31_p0050_s88_b2,13,22
01-02-2025_12-08-11_p0070,75,12
01-02-2025_11-59-40_p0070,76,24
10-09-2024_17-44-50_p0045_s208_b3,61,20
26-03-2024_15-03-06_p0022_s161_b3,29,28
11-05-2024_09-33-24_p0034_s168_b3,55,24
19-07-2024_15-24-38_p0040_s24_b1,82,27
24-01-2025_14-40-04_p0060_s215_b4,2,44
21-01-2025_14-40-10_p0065_s211_b4,21,26
23-04-2024_15-14-40_p0026_s30_b1,3,19
01-02-2025_10-24-48_p0069_s23_b1,32,23
27-05-2024_16-35-06_p0032_s14_b1,26,65
08-01-2025_16-34-26_p0063_s53_b1,14,35
20-02-2024_16-25-11_p0015_s223_b4,13,35
07-01-2025_14-45-10_p0062_s212_b4,39,25
21-01-2025_15-36-20_p0065_s283_b4,32,31
22-01-2025_17-54-51_p0066_s243_b3,62,20
17-02-2025_17-07-16_p0071_s21_b1,76,27
22-08-2024_16-04-10_p0042,9,6
07-02-2025_16-39-32_p0046_s182_b3,20,13
08-01-2025_16-45-32_p0063_s72_b1,28,46
08-04-2024_16-18-59_p0021_s155_b2,13,23
18-04-2024_10-37-20_p0025_sP03_b1,8,30
16-04-2024_10-54-15_p0025_s267_b4,22,40
14-03-2025_16-38-21_p0077_s257_b4,74,16
01-02-2025_14-21-59_p0064_s43_b1,60,20
05-03-2024_10-47-56_p0014_s81_b1,8,37
29-02-2024_14-19-34_p0010_s79_b1,8,42
07-01-2025_16-07-23_p0063_s130_b2,91,37
24-07-2024_15-31-12_p0041_s282_b4,55,24
21-02-2024_11-30-48_p0013_s7_b1,33,31
07-12-2024_10-03-17_p0053,28,27
29-04-2024_16-51-52_p0024_s48_b1,29,50
08-08-2024_14-51-45_p0042_s111_b2,16,24
26-03-2024_16-36-07_p0022_s276_b4,60,37
13-03-2024_15-51-49_p0014_s224_b4,25,34
08-06-2024_10-18-57_p0031_s1_b1,35,40
24-04-2024_16-18-05_p0027,48,53
12-02-2025_17-02-38_p0072_s138_b2,115,20
11-03-2025_18-15-24_p0075,96,36
07-01-2025_15-27-29_p0062_s279_b4,46,46
08-04-2024_16-16-16_p0021,17,31
30-01-2025_16-30-14_p0068,42,17
17-07-2024_14-24-14_p0041_s110_b2,26,39
11-02-2025_18-35-53_p0069_s86_b2,28,33
28-06-2024_15-34-07_p0035_s255_b4,27,11
20-12-2024_15-00-02_p0061_s143_b2,24,46
18-06-2024_15-05-48_p0028_s109_b2,14,64
02-05-2024_15-56-27_p0026_s235_b4,28,17
11-03-2024_15-50-29_p0020_s182_b3,19,109
12-07-2024_14-55-56_p0040,12,42
23-07-2024_16-19-35_p0039_s116_b2,28,29
08-06-2024_10-03-05_p0031_s269_b4,24,39
13-09-2024_15-48-43_p0046_s259_b4,100,2
13-09-2024_15-19-54_p0046_s218_b4,43,12
23-11-2024_13-41-35_p0052,-7,33
24-07-2024_15-22-49_p0041,59,26
26-11-2024_15-23-44_p0056_s98_b2,78,44
10-12-2024_17-52-24_p0056_s73_b1,102,48
29-04-2024_16-49-01_p0024_s41_b1,34,46
26-03-2024_15-20-06_p0022,38,25
30-10-2024_14-45-41_p0052_s168_b3,47,34
14-12-2024_10-38-53_p0059_sP05_b2,66,36
07-05-2024_14-23-12_p0027_s248_b4,29,28
19-06-2024_10-17-02_p0036_s59_b1,75,23
17-02-2025_18-22-16_p0071_s258_b4,34,23
20-03-2024_15-09-42_p0015,27,55
16-09-2024_15-15-04_p0045_s89_b2,46,18
14-12-2024_12-06-03_p0059,24,10
26-03-2024_15-04-01_p0022,13,23
20-05-2024_11-47-52_p0034_s59_b1,62,48
31-01-2024_14-59-01_p13,19,19
28-03-2025_15-49-28_p0081_s140_b2,96,58
11-02-2025_19-01-20_p0069_s128_b2,128,16
06-09-2024_16-11-24_p0047,26,20
12-02-2025_16-25-54_p0072_s85_b2,52,21
10-05-2024_18-13-04_p0025_s93_b2,6,6
27-03-2025_14-33-07_p0080_s242_b3,63,33
26-11-2024_16-21-19_p0056_s149_b2,88,33
07-02-2025_16-49-28_p0046,44,10
25-03-2025_18-23-52_p0079,20,20
01-08-2024_16-29-59_p0042,41,6
20-05-2024_11-42-30_p0034_s49_b1,41,25
20-03-2025_14-43-26_p0076_s122_b2,17,35
22-02-2024_15-35-17_p0014_s177_b3,17,32
31-01-2024_15-10-54_p13,10,3
06-02-2025_14-08-08_p0067,9,15
26-04-2024_14-57-06_p0028_s49_b1,73,19
08-11-2024_15-33-41_p0053_s83_b2,56,43
26-11-2024_15-42-36_p0056_s118_b2,59,46
04-09-2024_14-43-15_p0044_s253_b4,45,23
10-01-2025_15-13-04_p0062,33,48
10-05-2024_15-43-01_p0033_s261_b4,32,45
27-03-2025_15-11-16_p0078,33,49
14-03-2025_16-14-50_p0077,46,28
06-02-2025_18-53-51_p0069_s197_b3,49,28
05-12-2024_16-12-36_p0055_s59_b1,110,14
28-11-2024_16-19-47_p0055,30,47
18-04-2024_15-31-41_p0026_s115_b2,33,20
18-03-2024_11-34-13_p0013_s259_b4,14,20
23-11-2024_13-01-45_p0052,-2,42
20-05-2024_16-03-04_p0023,23,8
17-02-2025_17-13-14_p0071_s35_b1,37,25
07-02-2025_17-03-01_p0046,19,28
11-03-2025_18-14-25_p0075_s258_b4,40,23
18-12-2024_17-38-30_p0057,50,17
07-12-2024_11-08-15_p0053_s36_b1,22,31
29-04-2024_16-40-11_p0024_s24_b1,36,38
20-03-2025_16-26-15_p0078,21,32
14-01-2025_15-16-00_p0060_s97_b2,8,47
12-06-2024_09-41-43_p0036_sP04_b2,64,27
13-02-2025_13-42-29_p0067,22,32
10-01-2025_15-31-10_p0063_s210_b4,40,35
12-02-2025_16-22-39_p0072_sP04_b2,111,21
26-11-2024_15-19-17_p0056_s92_b2,70,45
15-02-2025_10-39-25_p0065_s96_b2,90,21
24-03-2025_17-30-20_p0076_s8_b1,50,17
28-11-2024_15-40-26_p0055_s110_b2,33,36
05-02-2025_16-42-22_p0072_s160_b3,21,27
15-02-2025_10-18-06_p0065_sP02_b1,84,31
19-02-2025_11-05-43_p0074,27,38
13-03-2024_15-24-27_p0014,24,38
16-10-2024_16-01-08_p0049,28,4
05-06-2024_15-31-24_p0037,29,39
04-10-2024_15-26-41_p0050_s154_b2,28,15
28-08-2024_09-51-09_p0044_s128_b2,101,40
24-04-2024_16-18-38_p0027_s207_b3,61,94
19-02-2025_16-47-43_p0072_s46_b1,75,23
11-03-2025_15-16-39_p0073_s245_b4,32,23
30-08-2024_15-23-57_p0046_sP05_b2,26,26
08-05-2024_09-52-55_p0030_s141_b2,36,45
17-09-2024_15-02-47_p0048_s64_b1,6,20
08-10-2024_16-14-27_p0049_s144_b2,15,8
17-09-2024_15-13-46_p0048_s80_b1,21,25
28-09-2024_14-08-41_p0016_s17_b1,10,-4
28-09-2024_14-33-40_p0016_s65_b1,19,8
20-03-2025_14-42-23_p0076_s118_b2,45,35
07-01-2025_14-25-53_p0062_s79_b1,80,44
22-08-2024_16-36-19_p0042_s16_b1,19,39
20-03-2024_15-25-23_p0015_s202_b3,19,15
04-02-2025_16-58-25_p0066_s143_b2,53,29
20-05-2024_11-47-05_p0034_s57_b1,32,30
30-04-2024_13-09-04_p0024_s94_b2,45,64
23-07-2024_16-44-31_p0039,10,19
31-01-2025_15-29-14_p0065,78,41
18-03-2024_11-25-04_p0013,25,17
14-03-2025_16-52-17_p0077,55,32
07-01-2025_15-36-21_p0063_s85_b2,59,73
05-10-2024_09-37-45_p0050_s232_b4,12,14
01-02-2025_09-45-40_p0069_s238_b4,56,2
19-07-2024_14-32-07_p0040,10,14
18-06-2024_15-44-53_p0028_s154_b2,26,44
13-02-2025_18-42-24_p0070_s175_b3,57,32
17-02-2025_18-20-02_p0071_s251_b4,35,28
28-06-2024_15-37-59_p0035_s259_b4,4,9
13-11-2024_16-50-32_p0051_s31_b1,-3,9
16-07-2024_16-53-24_p0039_s268_b4,61,11
18-01-2025_12-50-49_p0064_s175_b3,70,22
19-07-2024_15-13-25_p0040_s2_b1,59,19
19-03-2024_15-35-25_p0022_s144_b2,61,33
10-01-2025_15-45-25_p0063_s234_b4,0,34
10-05-2024_09-47-21_p0030_s236_b4,30,31
19-02-2025_16-04-15_p0072_s259_b4,105,8
25-02-2025_19-23-18_p0075_s141_b2,56,29
22-08-2024_16-30-16_p0042_s3_b1,40,31
03-08-2024_10-27-17_p0043_s168_b3,37,-12
28-06-2024_15-11-28_p0035_s221_b4,14,9
28-09-2024_13-23-25_p0016_s235_b4,7,5
18-04-2024_10-36-59_p0025_s72_b1,25,31
03-12-2024_15-30-56_p0056,39,36
10-12-2024_16-51-55_p0056_s3_b1,60,34
11-05-2024_10-11-48_p0034_s243_b3,72,39
30-01-2024_14-31-08_p12,17,37
07-01-2025_16-10-40_p0063_s136_b2,70,54
23-04-2024_15-27-47_p0026_s61_b1,31,54
08-11-2024_15-39-03_p0053_s89_b2,43,64
01-02-2025_10-03-20_p0069_s271_b4,63,14
13-02-2025_19-34-22_p0070_s43_b1,83,28
10-02-2025_17-13-25_p0071_s197_b3,28,12
13-12-2024_15-59-32_p0054_s154_b2,35,36
21-01-2025_14-54-28_p0065,26,35
13-11-2024_16-45-56_p0051_s18_b1,26,20
27-11-2024_15-26-21_p0054_s248_b4,25,14
25-03-2025_18-25-29_p0079,31,16
05-09-2024_15-43-00_p0047_s212_b4,29,37
24-03-2025_17-15-19_p0076_s261_b4,27,18
18-04-2024_15-51-32_p0026,29,23
21-02-2025_17-54-29_p0068_s9_b1,33,23
23-11-2024_13-21-59_p0052_s119_b2,19,32
18-06-2024_17-00-01_p0028_s283_b4,21,32
24-01-2025_15-39-58_p0060_s28_b1,17,46
06-02-2025_14-11-34_p0067,42,18
19-06-2024_15-20-13_p0023_s172_b3,68,41
24-01-2025_16-09-23_p0060_s74_b1,17,37
24-07-2024_14-14-06_p0041_s19_b1,37,14
25-03-2024_16-30-31_p0020_s133_b2,2,4
26-08-2024_17-02-08_p0019_s242_b3,40,21
07-05-2024_14-34-18_p0027_s267_b4,35,42
06-09-2024_16-04-06_p0047,15,17
08-01-2025_16-43-04_p0063_s67_b1,99,24
23-11-2024_09-44-14_p0053,15,24
13-02-2025_19-30-30_p0070_s34_b1,30,29
12-02-2025_16-42-15_p0072_s111_b2,38,19
26-02-2024_16-08-04_p0019,27,22
17-08-2024_10-39-28_p0043_s75_b1,71,15
13-12-2024_15-37-08_p0054_s133_b2,128,25
23-04-2024_15-20-27_p0026_s42_b1,26,61
03-05-2024_08-56-09_p0030_sP03_b1,24,33
21-12-2024_09-31-30_p0061_s232_b4,33,25
25-03-2024_15-54-01_p0020_s264_b4,34,25
03-02-2025_16-44-40_p0071_s95_b2,33,18
18-01-2025_12-43-43_p0064,30,23
27-11-2024_15-33-35_p0054_s259_b4,71,17
30-09-2024_16-02-53_p0049_s264_b4,18,-5
16-05-2024_14-58-14_p0034_s137_b2,56,25
13-02-2025_15-15-47_p0067_s58_b1,53,17
10-12-2024_17-21-32_p0056_s35_b1,55,46
11-06-2024_13-58-24_p0035_s90_b2,18,34
19-06-2024_10-41-34_p0036,23,28
17-02-2025_18-26-49_p0071_s262_b4,57,20
24-03-2025_16-47-00_p0076_s212_b4,43,40
12-03-2024_10-49-11_p0021_s270_b4,14,43
16-09-2024_15-05-31_p0045,43,32
08-05-2024_15-28-29_p0033,52,63
17-07-2024_14-47-29_p0041,24,39
07-01-2025_14-51-20_p0062_s222_b4,39,50
28-09-2024_14-22-42_p0016_s40_b1,14,4
13-02-2025_19-50-25_p0070_s75_b1,86,23
12-06-2024_10-19-30_p0036,14,23
01-08-2024_16-38-21_p0042_sP12_b3,16,-12
07-03-2024_13-45-03_p0010_s93_b2,16,56
06-02-2025_13-58-47_p0067_s139_b2,33,16
25-03-2024_15-55-10_p0020_s268_b4,15,67
13-11-2024_17-20-33_p0051,27,46
21-08-2024_15-06-18_p0044_s207_b3,48,19
25-01-2025_13-41-43_p0064_s157_b2,47,21
29-04-2024_11-43-51_p0029_s121_b2,20,24
22-02-2024_14-37-23_p0018,10,17
03-05-2024_08-55-52_p0030_s72_b1,33,39
08-01-2025_15-10-04_p0063_s174_b3,27,32
13-02-2025_13-55-02_p0067_s247_b4,43,28
23-04-2024_11-29-34_p0024_s239_b4,35,37
06-02-2025_18-40-22_p0069_s179_b3,43,27
05-12-2024_15-49-31_p0055_s22_b1,51,30
16-04-2024_15-32-42_p0016,2,27
03-09-2024_14-44-25_p0048,38,18
19-06-2024_10-27-43_p0036_s75_b1,34,24
10-05-2024_09-11-50_p0030_s208_b3,56,33
03-10-2024_16-06-48_p0050_s242_b3,60,23
13-02-2025_13-50-56_p0067_s234_b4,36,38
03-09-2024_15-17-25_p0048_s195_b3,42,18
25-03-2024_16-23-56_p0020_s122_b2,26,18
19-02-2025_10-56-34_p0074_sP14_b3,57,29
03-09-2024_15-02-55_p0048_s184_b3,96,26
18-01-2025_10-29-18_p0057_s277_b4,29,18
26-02-2025_09-38-40_p0074_s106_b2,101,36
07-01-2025_13-57-45_p0062_s31_b1,65,50
22-01-2025_17-29-15_p0066_s182_b3,23,25
04-09-2024_16-10-14_p0044_s50_b1,28,13
19-02-2025_16-38-21_p0072_s25_b1,59,18
08-06-2024_10-46-31_p0031_sP02_b1,12,29
22-08-2024_16-55-27_p0042_s54_b1,28,29
05-09-2024_14-34-21_p0047_s2_b1,65,22
05-12-2024_15-39-32_p0055_s6_b1,13,25
07-03-2024_14-14-31_p0010,22,29
03-08-2024_10-39-16_p0043_s174_b3,44,24
13-02-2025_18-56-23_p0070,64,34
12-03-2025_10-15-07_p0074_s230_b4,26,42
11-02-2025_17-29-12_p0066_s279_b4,38,18
17-12-2024_16-14-41_p0060,42,26
01-02-2025_13-34-48_p0064_s248_b4,55,13
16-10-2024_15-54-09_p0049,17,3
28-01-2025_13-50-17_p0067,42,46
03-05-2024_18-51-09_p0031_s189_b3,18,20
07-02-2025_16-33-14_p0046_s175_b3,24,18
30-09-2024_16-00-11_p0049_s263_b4,16,12
27-03-2024_15-33-12_p0015_s145_b2,27,20
13-02-2025_14-44-56_p0067_s11_b1,32,21
13-11-2024_17-24-05_p0051_s211_b4,35,27
01-02-2025_10-02-28_p0069_s269_b4,61,13
24-07-2024_15-24-43_p0041_s269_b4,50,24
13-02-2025_19-35-05_p0070_s45_b1,92,34
22-08-2024_15-26-15_p0042_s214_b4,24,4
29-08-2024_16-18-26_p0045_s269_b4,31,23
21-02-2025_18-07-44_p0068_s35_b1,78,19
24-05-2024_18-45-11_p0031,17,45
16-07-2024_16-18-45_p0039_s214_b4,18,9
18-03-2024_11-20-49_p0013_s229_b4,9,12
28-08-2024_15-08-34_p0038_s99_b2,33,24
10-05-2024_16-10-15_p0033_s277_b4,29,65
26-03-2024_15-43-10_p0022_s199_b3,36,19
07-05-2024_14-15-52_p0027_s224_b4,34,32
21-01-2025_14-55-32_p0065,79,22
28-11-2024_15-19-35_p0055_sP04_b2,58,41
07-12-2024_11-07-44_p0053_s34_b1,19,40
18-01-2025_09-52-00_p0057_s227_b4,-13,39
20-03-2025_14-59-49_p0076,27,31
13-09-2024_16-55-50_p0046_s81_b1,10,9
22-08-2024_16-55-10_p0042_s53_b1,4,30
17-07-2024_14-34-58_p0041_s132_b2,55,29
18-12-2024_10-09-12_p0061_s207_b3,49,30
26-02-2024_16-03-20_p0019_s257_b4,34,37
26-11-2024_15-47-11_p0056_s125_b2,88,48
08-08-2024_14-48-55_p0042_s105_b2,26,29
10-05-2024_18-57-50_p0025,22,14
14-03-2025_17-33-28_p0077_s65_b1,52,22
27-05-2024_16-34-18_p0032_s12_b1,26,58
20-03-2024_14-50-53_p0015_s160_b3,36,42
06-02-2025_13-26-26_p0067_sP04_b2,105,2
05-12-2024_16-15-53_p0055_s63_b1,111,20
16-10-2024_15-42-08_p0049_s177_b3,24,9
13-02-2025_18-16-57_p0070_s159_b3,31,29
12-03-2024_14-28-00_p0022_s30_b1,80,50
08-11-2024_15-17-34_p0052_s79_b1,57,46
10-05-2024_16-43-54_p0033_s54_b1,20,18
24-03-2025_17-45-27_p0076_s65_b1,35,10
08-05-2024_09-49-35_p0030_s130_b2,33,33
07-05-2024_14-12-16_p0027_s220_b4,42,30
03-10-2024_15-05-11_p0050_s172_b3,52,1
21-08-2024_14-37-41_p0044_s172_b3,104,2
03-02-2025_17-22-48_p0071,39,7
29-04-2024_16-42-42_p0024_s29_b1,21,35
05-03-2024_10-33-01_p0014_s35_b1,34,37
07-05-2024_15-10-51_p0027_s55_b1,13,1
04-09-2024_16-07-53_p0044_s46_b1,120,5
22-02-2024_14-31-32_p0018,9,11
05-06-2024_10-16-09_p0036_s254_b4,74,9
13-02-2025_19-43-49_p0070_s63_b1,105,30
27-05-2024_15-36-07_p0032_s176_b3,22,35
30-04-2024_13-47-24_p0024,26,69
08-11-2024_14-58-00_p0052_s53_b1,81,49
22-02-2024_11-46-43_p0017_s246_b4,7,24
21-08-2024_14-15-45_p0044,142,23
10-01-2025_14-39-08_p0062_s103_b2,12,40
10-05-2024_09-03-06_p0030,32,49
20-05-2024_12-09-44_p0034_s225_b4,60,59
25-01-2025_12-52-23_p0064_s85_b2,62,34
26-08-2024_16-46-52_p0019,25,22
07-12-2024_10-44-27_p0053_s272_b4,18,29
23-11-2024_13-37-26_p0052,24,33
12-12-2024_19-42-58_p0058,12,9
30-01-2025_15-57-45_p0068,29,7
22-08-2024_17-02-44_p0042_s73_b1,24,18
07-05-2024_14-17-47_p0027_s230_b4,38,29
30-08-2024_16-09-04_p0046_s139_b2,12,16
28-11-2024_16-17-32_p0055,44,54
08-11-2024_15-40-50_p0053_s92_b2,28,50
18-06-2024_16-56-35_p0028_s277_b4,20,29
23-11-2024_09-32-49_p0053,31,26
19-06-2024_15-56-06_p0023_s241_b3,55,49
05-09-2024_16-09-55_p0047_s250_b4,29,28
11-02-2025_19-20-31_p0069_s153_b2,34,21
25-02-2025_19-20-11_p0075_s137_b2,70,21
07-12-2024_10-37-53_p0053_s260_b4,59,35
28-08-2024_09-37-09_p0044_s109_b2,10,35
14-03-2025_17-36-05_p0077_s73_b1,23,21
10-02-2025_17-02-28_p0071_s183_b3,34,61
13-12-2024_16-29-40_p0054_s59_b1,44,26
05-09-2024_16-00-10_p0047_s232_b4,25,40
12-03-2025_10-09-12_p0074_s224_b4,17,21
10-08-2024_10-42-52_p0043_s104_b2,25,21
07-02-2025_16-52-24_p0046,27,15
14-12-2024_11-29-13_p0059_s135_b2,61,21
26-11-2024_16-23-42_p0056_s155_b2,67,40
27-05-2024_15-10-12_p0032,38,39
05-02-2025_17-01-43_p0072,24,23
08-04-2024_15-24-54_p0021_sP05_b2,-13,49
19-02-2025_10-50-59_p0074_s187_b3,6,25
16-05-2024_14-31-00_p0034_s103_b2,43,41
28-11-2024_15-51-44_p0055_s123_b2,116,36
04-10-2024_15-25-20_p0050_s150_b2,24,38
27-11-2024_15-42-40_p0054_s277_b4,45,23
15-02-2025_11-22-40_p0065,92,6
01-02-2025_13-52-19_p0064_s281_b4,48,17
21-02-2025_17-04-44_p0068_s210_b4,54,23
06-02-2025_15-18-15_p0068_s144_b2,30,40
14-12-2024_12-04-49_p0059,20,13
08-05-2024_16-12-33_p0033_s194_b3,111,68
07-01-2025_16-17-34_p0063,26,44
21-02-2024_11-40-16_p0013_s35_b1,53,54
14-02-2025_17-50-11_p0073_s91_b2,15,25
08-01-2025_16-39-50_p0063_s62_b1,45,49
03-09-2024_14-43-05_p0048,34,23
27-03-2024_15-39-55_p0015,19,14
07-03-2024_14-05-35_p0010_s144_b2,6,6
12-02-2025_16-25-32_p0072_s84_b2,27,14
20-05-2024_15-37-42_p0023,14,11
27-03-2025_15-14-54_p0078,88,52
03-05-2024_14-24-28_p0027,33,24
28-11-2024_16-23-30_p0055_s157_b2,30,57
12-03-2024_14-15-45_p0022_s4_b1,20,23
10-02-2025_17-08-33_p0071_s192_b3,42,11
28-06-2024_14-19-49_p0035_s37_b1,36,68
29-04-2024_11-52-44_p0029_s142_b2,19,20
01-02-2025_13-49-33_p0064_s276_b4,33,19
06-02-2025_18-20-13_p0069_s158_b3,68,28
24-07-2024_14-34-20_p0041_s67_b1,74,24
04-09-2024_16-28-30_p0044_s78_b1,67,39
23-11-2024_13-41-03_p0052,-9,42
10-01-2025_14-28-52_p0062_s83_b2,36,33
10-12-2024_16-54-18_p0056_s9_b1,15,41
18-12-2024_09-55-40_p0061_s192_b3,52,38
17-09-2024_16-10-56_p0048_s266_b4,31,17
03-05-2024_08-51-52_p0030_s62_b1,36,41
18-12-2024_09-35-41_p0061,32,37
06-05-2024_16-09-37_p0032_s280_b4,55,65
11-02-2025_18-11-34_p0066_s40_b1,35,27
19-07-2024_14-33-39_p0040,30,20
12-06-2024_09-51-39_p0036_s103_b2,22,9
25-03-2024_16-38-47_p0020,9,17
19-12-2024_15-52-39_p0062,40,1
27-11-2024_15-15-02_p0054_s224_b4,19,25
28-09-2024_13-20-55_p0016_s228_b4,16,21
10-05-2024_16-37-19_p0033_s35_b1,13,13
12-03-2024_10-26-28_p0021_s233_b4,16,42
03-04-2024_15-31-49_p0023_s210_b4,63,57
25-03-2024_15-27-58_p0020_s213_b4,37,35
16-05-2024_14-24-34_p0034_s89_b2,45,34
30-01-2025_16-02-15_p0068,2,13
27-02-2025_14-36-37_p0073,24,16
16-10-2024_15-16-50_p0049,110,17
07-03-2024_14-00-11_p0010_s125_b2,12,20
15-02-2025_11-55-37_p0070_s104_b2,36,16
21-12-2024_10-32-36_p0061_s67_b1,122,22
21-01-2025_14-44-28_p0065_s217_b4,39,32
01-02-2025_10-53-25_p0069_s79_b1,75,25
08-11-2024_14-38-14_p0052_s26_b1,44,68
14-12-2024_10-41-30_p0059_s88_b2,33,23
20-05-2024_12-03-25_p0034_s215_b4,43,34
25-02-2025_19-42-00_p0075_s153_b2,82,13
20-03-2024_15-16-06_p0015_s190_b3,57,40
03-05-2024_14-20-32_p0027_s144_b2,3,7
27-11-2024_15-07-47_p0054_s213_b4,29,42
18-04-2024_10-20-28_p0025_s33_b1,19,33
18-04-2024_15-26-03_p0026_s97_b2,28,25
27-03-2025_14-04-57_p0080_s167_b3,22,46
01-02-2025_14-04-29_p0064_s10_b1,51,25
24-01-2025_14-49-46_p0060_s227_b4,8,31
13-02-2025_13-52-53_p0067_s239_b4,25,38
20-12-2024_15-13-37_p0061_s150_b2,-1,28
30-01-2024_14-45-58_p12,32,30
28-08-2024_15-18-45_p0038_s114_b2,41,10
17-08-2024_11-07-52_p0043_s255_b4,40,40
19-02-2025_10-52-35_p0074_s188_b3,36,34
27-11-2024_15-19-44_p0054_s233_b4,28,16
31-08-2024_14-09-08_p0047,71,39
13-02-2025_13-59-37_p0067_s256_b4,16,33
02-04-2024_15-49-10_p0021_s201_b3,27,26
17-02-2025_17-09-06_p0071_s25_b1,37,29
31-03-2025_18-28-33_p0079_s231_b4,61,43
11-03-2025_16-11-05_p0073_s74_b1,29,49
08-01-2025_15-05-37_p0063_sP10_b3,-4,42
24-03-2025_17-40-34_p0076_s45_b1,25,-15
24-03-2025_17-38-31_p0076_s36_b1,37,5
12-12-2024_15-46-55_p0057_s110_b2,19,33
18-04-2024_15-29-00_p0026_s106_b2,6,27
27-03-2024_15-21-36_p0015_s120_b2,22,17
22-02-2024_11-14-41_p0017,42,26
27-03-2024_15-06-01_p0015,32,28
22-02-2024_10-53-31_p0017,22,54
21-02-2024_16-10-00_p0016,12,29
16-04-2024_15-34-02_p0016,27,21
20-05-2024_12-18-37_p0034_s247_b4,41,36
13-09-2024_16-40-34_p0046_s46_b1,18,9
24-01-2025_15-35-29_p0060_s18_b1,8,51
26-08-2024_15-45-38_p0019_sP02_b1,74,31
11-02-2025_19-10-28_p0069_s145_b2,54,22
05-06-2024_09-50-52_p0036_s218_b4,48,17
30-10-2024_15-00-43_p0052_s178_b3,33,23
13-12-2024_15-44-14_p0054_s145_b2,38,26
10-05-2024_16-25-12_p0033_s6_b1,24,3
30-09-2024_16-10-32_p0049_s277_b4,11,5
19-02-2025_10-30-48_p0074_s169_b3,19,20
11-03-2025_15-32-48_p0073_s277_b4,28,32
03-09-2024_15-04-28_p0048_s185_b3,41,33
22-08-2024_15-59-12_p0042_s261_b4,15,17
23-07-2024_16-23-05_p0039_s118_b2,31,21
07-01-2025_13-50-01_p0062_s17_b1,67,57
14-12-2024_11-11-49_p0059_s117_b2,45,15
24-03-2025_17-44-28_p0076_s61_b1,49,19
01-02-2025_14-36-07_p0064_s70_b1,31,20
27-02-2025_14-34-07_p0073_s204_b3,16,12
03-02-2025_17-23-04_p0071,13,6
05-10-2024_11-39-27_p0050_s75_b1,24,-8
20-02-2025_19-32-56_p0075_s194_b3,38,24
03-04-2024_15-55-06_p0023_s248_b4,41,33
29-04-2024_11-57-01_p0029,30,8
21-02-2025_17-38-10_p0068_s264_b4,18,19
10-05-2024_18-55-50_p0025,31,9
22-03-2025_12-04-20_p0079_s144_b2,40,32
24-07-2024_14-21-34_p0041_s35_b1,30,15
04-07-2024_15-38-08_p0039_s188_b3,32,40
11-05-2024_09-48-15_p0034,45,24
11-06-2024_14-43-19_p0035_s149_b2,10,36
07-01-2025_14-00-14_p0062_s35_b1,71,60
08-11-2024_15-13-45_p0052_s74_b1,34,68
14-03-2025_17-29-39_p0077_s56_b1,50,22
12-06-2024_09-51-05_p0036_s102_b2,50,9
28-06-2024_15-42-59_p0035_s268_b4,4,10
24-07-2024_14-15-14_p0041_s22_b1,29,19
21-02-2025_18-06-22_p0068_s31_b1,32,21
26-08-2024_15-28-19_p0019_s35_b1,23,59
13-03-2024_15-18-26_p0014_s138_b2,39,43
29-04-2024_11-39-18_p0029_s114_b2,30,14
30-09-2024_16-02-02_p0049,24,-1
16-07-2024_16-19-41_p0039_s217_b4,43,7
28-08-2024_16-57-03_p0038_s69_b1,93,14
13-03-2024_15-53-34_p0014_s227_b4,13,17
01-02-2025_12-14-12_p0070,77,49
23-05-2024_15-19-57_p0035_s203_b3,54,35
28-11-2024_16-01-45_p0055_s134_b2,94,40
27-03-2024_16-05-36_p0015_s17_b1,24,27
20-02-2025_18-58-00_p0075,33,22
10-01-2025_14-44-12_p0062_s109_b2,31,39
03-05-2024_18-47-26_p0031_s181_b3,36,26
07-01-2025_16-14-08_p0063_s143_b2,61,54
26-02-2024_15-55-24_p0019_s249_b4,33,36
15-05-2024_15-53-54_p0032_s121_b2,52,43
26-08-2024_16-18-58_p0019_s166_b3,36,31
20-12-2024_14-33-35_p0061_s105_b2,43,31
13-09-2024_15-54-15_p0046_s264_b4,20,14
02-04-2024_15-58-12_p0021,19,28
25-01-2025_13-27-14_p0064,30,22
28-06-2024_14-14-47_p0035_s23_b1,27,66
31-03-2025_18-23-53_p0079,33,35
01-02-2025_14-11-10_p0064_s23_b1,59,24
09-05-2024_14-11-13_p0033_sP04_b2,160,11
13-02-2025_19-24-28_p0070_s20_b1,73,34
10-02-2025_16-16-51_p0071,49,26
21-02-2024_15-26-03_p0016_s105_b2,21,24
02-04-2024_15-00-58_p0021,66,27
07-01-2025_14-03-31_p0062_s41_b1,48,60
29-04-2024_15-44-36_p0024_s179_b3,43,60
26-03-2024_15-35-16_p0022_s189_b3,39,16
24-03-2025_16-48-03_p0076_s216_b4,34,27
17-08-2024_11-15-59_p0043_s261_b4,23,9
08-01-2025_16-22-12_p0063_s26_b1,69,23
05-06-2024_10-23-58_p0036_s262_b4,39,17
25-02-2025_18-26-44_p0075_s88_b2,61,7
13-05-2024_15-30-46_p0028_s158_b3,32,17
23-11-2024_13-43-08_p0052_s150_b2,5,26
18-06-2024_16-33-01_p0028_s238_b4,15,33
11-03-2025_15-12-20_p0073_s230_b4,12,45
28-06-2024_14-15-47_p0035_s26_b1,16,18
10-01-2025_15-39-02_p0063_s222_b4,36,45
31-08-2024_13-17-38_p0047_s187_b3,54,42
11-02-2025_18-47-39_p0069_s111_b2,72,34
08-04-2024_15-30-00_p0021_s91_b2,14,44
05-03-2024_10-31-39_p0014_s30_b1,33,23
10-05-2024_16-12-41_p0033_s281_b4,52,40
02-05-2024_14-58-49_p0026,40,23
30-08-2024_16-18-25_p0046,13,8
17-08-2024_10-43-12_p0043_s209_b4,56,28
25-03-2024_15-58-26_p0020_s276_b4,21,1
12-06-2024_10-11-50_p0036_s135_b2,58,27
31-03-2025_18-25-35_p0079,39,50
13-02-2025_13-46-59_p0067_s224_b4,32,18
25-02-2025_19-10-04_p0075_s123_b2,84,19
15-05-2024_15-39-24_p0032_s112_b2,21,61
01-02-2025_14-18-32_p0064_s37_b1,57,17
19-07-2024_15-23-27_p0040_s21_b1,57,27
17-06-2024_15-37-45_p0019,14,17
18-12-2024_16-58-46_p0057,46,15
12-02-2025_17-09-37_p0072,36,14
01-02-2025_09-41-10_p0069_s224_b4,31,15
08-05-2024_09-27-34_p0030_sP04_b2,21,27
10-01-2025_15-17-58_p0062,38,47
10-05-2024_16-42-41_p0033_s49_b1,17,12
15-02-2025_11-26-41_p0065,31,6
07-01-2025_14-47-44_p0062_s218_b4,18,33
27-03-2024_15-32-27_p0015_s143_b2,22,22
20-03-2024_14-54-07_p0015,15,24
11-02-2025_18-49-05_p0069_s115_b2,108,29
06-02-2025_18-25-24_p0069,104,22
20-05-2024_12-03-00_p0034_s214_b4,41,57
18-03-2024_15-13-05_p0020_s2_b1,25,24
13-12-2024_15-52-57_p0054,20,14
02-04-2024_15-51-51_p0021,20,28
19-11-2024_15-38-07_p0054,25,36
19-07-2024_15-15-05_p0040_s6_b1,77,22
08-05-2024_09-55-40_p0030_s146_b2,48,45
18-06-2024_16-33-26_p0028_s239_b4,27,36
09-05-2024_15-11-08_p0033,30,21
11-03-2025_15-48-38_p0073_s17_b1,18,26
11-02-2025_17-06-52_p0066_s246_b4,50,27
12-02-2025_17-02-12_p0072_s137_b2,40,11
12-03-2024_14-20-27_p0022_s11_b1,9,38
11-02-2025_19-14-26_p0069,12,13
01-08-2024_16-39-27_p0042_s180_b3,30,3
03-04-2025_13-48-02_p0080_s118_b2,37,21
08-01-2025_14-49-53_p0063_s168_b3,53,34
26-03-2024_15-44-23_p0022_s202_b3,13,16
28-03-2025_15-33-45_p0081_s105_b2,45,65
08-11-2024_14-32-06_p0052_s16_b1,66,77
14-03-2025_17-12-27_p0077_s4_b1,53,29
22-02-2024_11-54-04_p0017_s264_b4,16,45
18-01-2025_13-12-24_p0064,44,16
26-03-2024_15-47-01_p0022_s206_b3,12,13
15-02-2025_11-46-06_p0070_s85_b2,31,10
22-01-2025_17-19-21_p0066,39,34
24-07-2024_15-27-37_p0041_s275_b4,33,27
05-06-2024_10-13-38_p0036_s249_b4,38,8
12-03-2025_10-18-32_p0074_s233_b4,65,22
11-05-2024_09-49-36_p0034_s179_b3,40,26
31-01-2024_15-11-17_p13,13,11
03-05-2024_08-54-11_p0030_sP02_b1,39,24
25-03-2025_18-52-06_p0079_s207_b3,46,12
07-01-2025_15-01-53_p0062_s245_b4,65,49
12-12-2024_18-51-28_p0058_s85_b2,54,27
02-04-2024_15-53-59_p0021,20,19
22-01-2025_17-50-17_p0066_s204_b3,39,26
13-11-2024_17-35-46_p0051_s233_b4,12,15
18-01-2025_12-33-22_p0064_s160_b3,50,33
18-03-2024_11-06-34_p0013_s209_b4,32,25
12-02-2025_16-41-06_p0072_s109_b2,111,15
03-08-2024_11-20-43_p0043_s200_b3,27,11
31-03-2025_18-47-43_p0079_s278_b4,57,31
27-03-2024_15-37-49_p0015,18,21
10-05-2024_16-05-02_p0033,41,32
07-01-2025_15-00-10_p0062_s238_b4,38,45
10-05-2024_16-41-56_p0033_s46_b1,17,17
15-02-2025_11-46-45_p0070_s86_b2,67,8
26-02-2024_15-38-33_p0019_s223_b4,30,103
27-03-2025_15-10-10_p0078,46,53
27-03-2024_15-42-22_p0015,20,13
22-02-2024_15-51-28_p0014_s207_b3,40,52
27-05-2024_16-31-30_p0032_s5_b1,21,22
11-03-2024_16-10-16_p0020_s201_b3,48,38
27-03-2024_16-23-18_p0015_s62_b1,34,28
18-06-2024_16-37-25_p0028_s249_b4,20,34
20-12-2024_14-51-50_p0061_s127_b2,94,34
17-02-2025_18-12-01_p0071_s233_b4,54,17
06-02-2025_18-59-55_p0069_s207_b3,51,33
18-04-2024_10-10-25_p0025_s8_b1,42,23
22-02-2024_14-26-49_p0018_s138_b2,55,10
07-05-2024_15-12-39_p0027_s60_b1,17,11
08-06-2024_10-29-35_p0031_s31_b1,33,44
11-03-2025_18-13-57_p0075_s256_b4,31,29
12-02-2025_16-55-32_p0072_s125_b2,56,14
04-10-2024_14-51-18_p0050_s118_b2,40,54
28-06-2024_15-09-45_p0035_s217_b4,47,14
07-05-2024_14-22-51_p0027_s247_b4,21,32
12-12-2024_16-20-57_p0057,48,17
28-03-2025_15-41-04_p0081_sP07_b2,85,37
24-01-2025_15-28-02_p0060_s2_b1,11,50
20-02-2025_19-42-48_p0075_s204_b3,81,18
18-04-2024_10-34-39_p0025_s67_b1,48,30
17-08-2024_10-55-27_p0043_s227_b4,21,18
07-12-2024_10-24-04_p0053_s245_b4,33,32
06-02-2025_15-25-03_p0068,14,17
06-02-2025_18-59-05_p0069_s206_b3,33,31
30-04-2024_13-40-17_p0024_s143_b2,46,48
10-05-2024_18-40-46_p0025_s136_b2,13,16
10-05-2024_15-07-50_p0033_s213_b4,51,34
21-08-2024_14-33-47_p0044,10,10
14-03-2025_17-27-20_p0077_s49_b1,72,34
13-11-2024_17-43-53_p0051_s251_b4,31,2
28-06-2024_15-20-31_p0035_s236_b4,11,15
24-01-2024_17-32-07_p10,20,12
23-05-2024_14-42-26_p0035_s161_b3,95,24
12-06-2024_16-38-25_p0038_sP12_b3,53,41
08-10-2024_16-24-53_p0049,8,-3
10-09-2024_16-41-57_p0045_s163_b3,116,32
24-07-2024_14-19-53_p0041_s32_b1,57,36
25-03-2025_18-17-25_p0079_s163_b3,103,35
05-03-2024_10-28-10_p0014_s22_b1,31,50
05-10-2024_11-26-16_p0050_s46_b1,22,12
29-04-2024_16-07-02_p0024_s206_b3,50,73
13-09-2024_15-49-47_p0046,38,11
30-08-2024_16-06-14_p0046_s134_b2,66,14
12-03-2024_14-38-28_p0022_s53_b1,10,34
16-10-2024_16-48-41_p0049_s71_b1,15,-7
22-01-2024_17-12-21_p9,17,79
06-02-2025_18-48-26_p0069_s192_b3,59,37
18-01-2025_09-56-41_p0057_s232_b4,18,32
13-12-2024_16-14-27_p0054_s23_b1,53,22
10-12-2024_16-17-01_p0056_s277_b4,42,34
16-09-2024_16-43-41_p0045_s25_b1,53,26
16-05-2024_15-03-24_p0034_s147_b2,99,22
19-07-2024_13-52-05_p0040_s87_b2,14,13
11-06-2024_14-44-47_p0035_s152_b2,48,20
26-02-2024_16-06-39_p0019_s263_b4,12,27
11-05-2024_09-55-16_p0034,50,33
03-12-2024_15-08-52_p0056,43,59
12-12-2024_19-04-05_p0058_s100_b2,27,19
04-10-2024_15-20-32_p0050,30,33
16-07-2024_16-21-00_p0039_s220_b4,22,51
08-01-2025_14-57-45_p0063,13,38
02-04-2024_15-08-31_p0021_s167_b3,33,34
23-05-2024_14-57-12_p0035,15,33
22-02-2024_13-29-42_p0018_s34_b1,39,32
10-12-2024_15-28-53_p0056,69,36
08-08-2024_14-35-42_p0042,25,29
08-01-2025_16-44-48_p0063_s70_b1,95,35
25-03-2024_16-16-21_p0020_s107_b2,10,9
15-02-2025_10-06-27_p0065_s49_b1,161,23
27-02-2025_14-19-43_p0073_s177_b3,6,11
02-05-2024_14-50-44_p0026_s169_b3,16,28
10-05-2024_09-49-35_p0030_s245_b4,34,30
08-11-2024_16-20-45_p0053,45,36
08-10-2024_15-40-41_p0049_s83_b2,14,2
12-03-2025_10-40-12_p0074,29,36
07-01-2025_15-22-04_p0062,65,55
03-05-2024_14-18-19_p0027_s136_b2,9,26
03-08-2024_11-27-50_p0043,25,17
20-03-2024_15-07-22_p0015_s175_b3,110,50
20-02-2025_18-39-20_p0075_s164_b3,30,22
18-04-2024_15-34-17_p0026_s118_b2,20,28
19-06-2024_15-53-41_p0023,28,57
10-05-2024_16-30-38_p0033_s21_b1,18,15
13-05-2024_16-24-06_p0028_s195_b3,17,9
31-01-2024_14-46-33_p13,33,21
08-06-2024_09-26-43_p0031_s220_b4,44,31
12-03-2024_14-22-05_p0022_s15_b1,46,33
10-12-2024_17-28-02_p0056_s48_b1,123,24
22-02-2024_14-25-34_p0018_s137_b2,1,31
03-10-2024_15-27-55_p0050_sP14_b3,40,12
08-04-2024_16-07-58_p0021,19,26
16-04-2024_16-00-34_p0016_s206_b3,13,20
19-03-2024_15-52-11_p0022_s149_b2,42,14
24-03-2025_17-11-25_p0076_s258_b4,48,15
15-02-2025_11-30-07_p0065_s156_b2,33,19
17-08-2024_10-11-09_p0043_s18_b1,35,22
06-11-2024_16-28-24_p0051_s95_b2,29,23
08-04-2024_16-14-26_p0021,18,22
22-02-2024_13-51-20_p0018_s79_b1,27,56
04-09-2024_15-58-36_p0044_s28_b1,47,11
10-08-2024_10-36-20_p0043,53,19
25-01-2025_12-56-57_p0064_s91_b2,50,28
25-03-2024_16-13-45_p0020_s100_b2,11,19
25-03-2025_18-28-50_p0079_s177_b3,54,16
24-01-2024_17-26-38_p10,32,23
02-05-2024_15-46-58_p0026_s215_b4,9,22
16-04-2024_15-49-59_p0016,21,34
11-02-2025_18-15-56_p0066_s52_b1,34,26
15-05-2024_16-04-57_p0032_s131_b2,46,28
30-01-2024_11-05-29_p11,1,48
10-12-2024_17-40-13_p0056_s67_b1,40,41
11-03-2025_19-05-51_p0075_s74_b1,78,15
17-02-2025_17-15-35_p0071_s41_b1,61,24
08-10-2024_16-21-40_p0049,12,-1
08-04-2024_16-44-32_p0021_s34_b1,24,40
26-03-2024_16-24-28_p0022_s254_b4,19,23
04-02-2025_16-34-53_p0066_s104_b2,46,24
17-07-2024_14-28-21_p0041,18,32
23-05-2024_15-06-01_p0035_s182_b3,21,32
07-01-2025_15-12-11_p0062,41,19
14-02-2025_18-16-22_p0073,14,18
02-04-2024_15-44-32_p0021_s195_b3,15,14
08-05-2024_10-01-08_p0030,39,31
10-01-2025_14-35-13_p0062_s95_b2,45,39
04-09-2024_16-29-55_p0044_s80_b1,41,8
19-11-2024_15-36-23_p0054_s162_b3,54,27
17-07-2024_14-17-50_p0041_s95_b2,62,26
23-11-2024_13-42-04_p0052,18,29
03-05-2024_08-36-57_p0030_s27_b1,47,31
31-08-2024_12-52-20_p0047,23,5
03-02-2025_17-22-11_p0071,22,10
12-03-2025_09-45-09_p0074_s212_b4,63,46
10-02-2025_17-10-29_p0071,56,4
19-02-2025_11-01-56_p0074_s201_b3,3,64
24-04-2024_15-44-04_p0027,68,55
04-09-2024_16-15-35_p0044_s61_b1,50,18
05-09-2024_15-36-22_p0047_s77_b1,61,10
20-02-2024_16-16-28_p0015_s211_b4,29,8
29-04-2024_11-58-27_p0029,25,18
27-03-2025_14-32-49_p0080,39,48
07-03-2024_14-06-16_p0010_s147_b2,33,17
20-05-2024_11-37-23_p0034_s39_b1,48,29
19-12-2024_16-01-22_p0062,41,13
17-02-2025_18-36-38_p0071_s277_b4,73,21
08-04-2024_16-43-36_p0021_s31_b1,31,42
15-02-2025_10-24-36_p0065_s77_b1,58,20
25-02-2025_18-32-08_p0075_s97_b2,79,16
03-05-2024_08-49-25_p0030_s57_b1,40,40
14-01-2025_15-45-57_p0060_s136_b2,31,27
22-03-2025_11-50-19_p0079_s113_b2,39,31
28-03-2025_15-48-32_p0081_s137_b2,58,52
07-05-2024_14-09-36_p0027_s213_b4,37,25
08-04-2024_15-30-26_p0021_s92_b2,17,44
19-02-2025_15-36-21_p0072_s209_b4,41,18
11-02-2025_16-57-17_p0066_s226_b4,1,24
08-04-2024_16-37-02_p0021_s14_b1,17,46
19-02-2025_10-34-02_p0074,25,42
12-02-2025_16-33-13_p0072_s98_b2,90,23
28-09-2024_14-24-42_p0016_s45_b1,14,1
24-03-2025_17-28-56_p0076_s2_b1,30,14
23-05-2024_14-58-50_p0035_s173_b3,92,37
31-03-2025_18-18-38_p0079_s210_b4,62,52
27-03-2024_15-40-36_p0015,22,8
11-02-2025_17-00-29_p0066_s235_b4,28,23
29-04-2024_12-05-08_p0029_s154_b2,34,22
14-01-2025_15-20-50_p0060_s106_b2,21,26
06-02-2025_13-43-07_p0067_s110_b2,26,32
14-12-2024_12-01-35_p0059,-4,13
19-07-2024_13-52-41_p0040,23,24
19-06-2024_11-27-09_p0036_s204_b3,73,37
13-11-2024_16-39-40_p0051_s2_b1,21,16
20-03-2025_16-24-41_p0078,24,14
11-02-2025_17-12-21_p0066_s253_b4,64,19
10-01-2025_15-47-17_p0063_s238_b4,40,49
20-12-2024_14-34-00_p0061,52,30
11-03-2025_18-08-04_p0075_s238_b4,84,20
14-08-2024_15-56-12_p0038_s231_b4,-10,19
10-08-2024_10-43-32_p0043_s105_b2,38,25
11-03-2025_17-56-27_p0075_s220_b4,29,34
11-06-2024_13-59-15_p0035_s92_b2,27,35
08-05-2024_15-52-21_p0033_s184_b3,98,79
29-02-2024_13-49-29_p0010_s22_b1,22,33
21-12-2024_09-42-32_p0061,25,18
18-06-2024_14-54-34_p0028_s88_b2,25,36
08-10-2024_15-56-13_p0049_s114_b2,9,3
01-02-2025_13-38-38_p0064_s258_b4,25,27
12-02-2025_17-14-13_p0072,48,25
19-07-2024_14-03-42_p0040_s116_b2,6,21
21-12-2024_09-37-40_p0061_s249_b4,17,24
12-02-2025_16-58-52_p0072_s131_b2,96,16
26-10-2024_12-40-06_p0051_s242_b3,62,8
17-06-2024_15-38-05_p0019,37,16
25-01-2025_13-39-49_p0064_s151_b2,56,27
10-01-2025_16-02-00_p0063_s262_b4,16,59
06-02-2025_15-19-22_p0068_s147_b2,28,22
20-03-2025_15-57-53_p0078_s102_b2,69,22
07-05-2024_15-04-25_p0027_s36_b1,9,3
17-07-2024_14-52-05_p0041,27,59
12-03-2025_10-29-02_p0074_s260_b4,58,28
30-10-2024_15-01-20_p0052,6,71
17-09-2024_14-41-53_p0048_s28_b1,10,10
07-01-2025_15-01-26_p0062,75,38
13-02-2025_18-30-39_p0070_s165_b3,33,26
06-02-2025_14-51-11_p0068_s100_b2,27,27
26-08-2024_16-35-04_p0019_s177_b3,11,27
16-04-2024_10-54-56_p0025_s269_b4,19,41
23-07-2024_16-44-15_p0039,12,16
16-04-2024_11-00-06_p0025_s278_b4,30,51
08-04-2024_15-59-43_p0021_s144_b2,29,50
22-03-2025_12-02-27_p0079_s140_b2,51,35
13-03-2024_16-03-43_p0014_s254_b4,26,27
06-09-2024_16-16-15_p0047_s153_b2,16,5
08-10-2024_15-46-21_p0049_s93_b2,17,10
14-12-2024_10-58-29_p0059_s108_b2,37,23
14-01-2025_15-55-09_p0060,35,65
15-05-2024_15-31-32_p0032_s100_b2,38,36
13-09-2024_15-39-54_p0046_s250_b4,19,5
21-02-2025_18-13-05_p0068_s47_b1,82,24
28-08-2024_15-20-50_p0038,27,18
24-01-2025_14-47-39_p0060_s223_b4,32,41
08-11-2024_15-50-54_p0053_s108_b2,40,60
20-12-2024_14-52-45_p0061_s129_b2,47,34
13-02-2025_14-03-35_p0067,20,39
19-07-2024_14-20-48_p0040_s138_b2,122,26
25-01-2025_13-20-17_p0064_s136_b2,80,22
27-11-2024_15-41-18_p0054_s274_b4,44,26
29-04-2024_12-02-54_p0029,16,13
11-02-2025_18-58-14_p0069_s123_b2,51,29
30-04-2024_13-18-36_p0024_s113_b2,35,63
28-09-2024_14-04-11_p0016_s8_b1,21,1
23-07-2024_16-23-31_p0039_s119_b2,58,28
16-04-2024_10-21-02_p0025_s212_b4,6,18
07-01-2025_14-52-24_p0062,61,32
22-02-2024_15-20-16_p0014_s160_b3,40,7
07-05-2024_14-59-20_p0027_s20_b1,20,15
22-03-2025_12-00-24_p0079_s135_b2,70,47
08-11-2024_16-26-19_p0053,48,25
22-03-2025_12-02-11_p0079_s139_b2,45,36
08-05-2024_09-51-55_p0030_s138_b2,30,42
26-02-2025_09-35-33_p0074_s101_b2,150,34
12-12-2024_19-23-24_p0058_s127_b2,24,19
30-08-2024_16-29-28_p0046_s155_b2,12,20
08-07-2024_11-45-31_p0040,62,12
03-05-2024_08-36-08_p0030_s25_b1,35,33
01-08-2024_16-56-36_p0042_s203_b3,29,15
13-09-2024_15-58-36_p0046_s273_b4,15,-1
01-02-2025_14-17-37_p0064_s34_b1,35,14
10-05-2024_15-40-17_p0033,35,41
10-05-2024_16-42-09_p0033_s47_b1,23,18
04-07-2024_15-05-55_p0039,52,43
26-02-2025_09-35-07_p0074_s100_b2,64,25
13-11-2024_16-42-47_p0051_s9_b1,12,11
08-11-2024_14-59-32_p0052_s56_b1,35,51
16-09-2024_15-46-55_p0045_s128_b2,44,14
02-04-2024_15-25-38_p0021_s174_b3,33,26
11-02-2025_19-20-50_p0069_s154_b2,38,18
11-03-2025_19-01-20_p0075_s62_b1,40,25
10-08-2024_11-09-50_p0043,22,38
13-11-2024_17-44-11_p0051_s252_b4,61,12
20-02-2025_19-06-52_p0075_s178_b3,55,20
19-06-2024_16-36-19_p0023_s44_b1,43,37
13-03-2024_15-02-36_p0014_s108_b2,39,37
11-03-2025_15-18-59_p0073_s252_b4,29,19
10-12-2024_17-25-44_p0056_s44_b1,99,31
08-01-2025_16-17-20_p0063_s18_b1,22,30
24-07-2024_14-23-41_p0041_s41_b1,21,9
08-06-2024_10-04-05_p0031_s271_b4,24,35
25-02-2025_19-13-52_p0075_s128_b2,92,22
28-02-2024_16-07-30_p0011_s84_b2,-3,25
07-12-2024_10-51-26_p0053,53,52
26-11-2024_15-32-45_p0056_s108_b2,55,56
19-07-2024_14-37-35_p0040_s150_b2,53,28
28-09-2024_14-23-34_p0016_s42_b1,8,5
04-02-2025_16-56-24_p0066_s139_b2,64,25
22-02-2024_13-35-13_p0018_s40_b1,32,23
12-06-2024_17-08-22_p0038,22,34
21-02-2025_17-53-46_p0068_s7_b1,17,35
16-04-2024_10-31-28_p0025_s227_b4,17,50
06-09-2024_15-26-04_p0047_s105_b2,22,27
24-07-2024_14-36-32_p0041_s72_b1,34,16
05-03-2024_10-39-54_p0014_s57_b1,27,84
16-10-2024_15-58-41_p0049,21,13
17-07-2024_14-49-09_p0041,31,45
10-12-2024_15-14-40_p0056_s209_b4,49,52
12-12-2024_19-07-59_p0058_s106_b2,106,24
12-12-2024_19-37-19_p0058,28,15
28-03-2025_15-34-10_p0081,46,44
01-02-2025_12-24-24_p0070_s276_b4,47,17
12-03-2024_10-48-05_p0021_s267_b4,40,31
17-02-2025_18-28-40_p0071,57,22
16-10-2024_16-52-35_p0049_s81_b1,16,9
11-02-2025_19-07-16_p0069_s141_b2,8,20
21-02-2025_18-07-05_p0068_s33_b1,19,17
01-02-2025_10-16-04_p0069_s1_b1,34,14
11-03-2024_16-08-21_p0020_s200_b3,8,65
07-05-2024_14-20-09_p0027_s237_b4,26,43
21-01-2025_15-26-21_p0065,83,45
10-05-2024_18-52-23_p0025,31,12
19-06-2024_10-53-45_p0036,30,12
22-02-2024_14-03-24_p0018_s87_b2,22,20
10-09-2024_16-50-48_p0045_s168_b3,37,28
16-09-2024_16-45-57_p0045_s30_b1,42,34
13-02-2025_19-34-44_p0070_s44_b1,85,30
08-04-2024_16-07-39_p0021,15,35
19-06-2024_15-51-33_p0023_s204_b3,33,37
04-10-2024_14-41-32_p0050_s110_b2,9,40
12-07-2024_15-24-32_p0040_s208_b3,30,16
22-02-2024_15-09-50_p0014,46,20
10-02-2025_17-12-36_p0071_s196_b3,49,7
10-09-2024_16-40-47_p0045,43,28
08-06-2024_10-44-57_p0031_s64_b1,40,41
13-05-2024_16-14-59_p0028_s189_b3,26,12
04-10-2024_15-17-46_p0050,17,34
03-04-2024_16-09-30_p0023_s273_b4,33,33
10-01-2025_15-51-44_p0063_s250_b4,14,50
29-04-2024_16-39-18_p0024_s22_b1,47,35
16-10-2024_16-02-54_p0049_s197_b3,20,9
11-03-2024_15-39-03_p0020,14,81
02-05-2024_14-43-18_p0026_s160_b3,28,34
19-03-2024_14-52-17_p0022_sP04_b2,136,28
17-07-2024_14-10-07_p0041_s83_b2,66,26
20-02-2025_19-42-26_p0075,42,24
06-02-2025_15-15-59_p0068_s140_b2,24,30
07-05-2024_14-57-56_p0027_s16_b1,20,18
20-05-2024_11-59-13_p0034,40,46
11-02-2025_18-15-11_p0066_s50_b1,41,32
02-04-2024_15-18-17_p0021,34,29
19-12-2024_16-28-51_p0062,32,22
19-07-2024_14-10-16_p0040_s121_b2,142,28
01-08-2024_16-39-04_p0042_s179_b3,28,6
19-02-2025_11-10-55_p0074,38,29
29-02-2024_13-35-57_p0010_s4_b1,38,38
08-01-2025_14-57-23_p0063,21,41
29-04-2024_17-01-25_p0024_s68_b1,20,34
23-05-2024_15-20-41_p0035_s204_b3,89,35
14-12-2024_11-17-11_p0059_s121_b2,113,17
10-05-2024_18-53-49_p0025,36,21
10-05-2024_15-47-49_p0033_s265_b4,39,38
24-07-2024_15-09-35_p0041_s237_b4,33,16
25-03-2025_18-14-59_p0079_s159_b3,32,17
21-02-2025_18-14-00_p0068_s49_b1,37,26
03-04-2025_13-51-50_p0080_s130_b2,66,21
04-02-2025_16-40-34_p0066_s115_b2,50,29
13-03-2024_15-49-47_p0014,20,49
28-08-2024_15-27-22_p0038,85,17
26-11-2024_16-08-41_p0056_s144_b2,45,64
20-05-2024_11-20-23_p0034_s3_b1,56,30
21-08-2024_14-53-59_p0044_s191_b3,44,12
03-02-2025_16-53-41_p0071_s109_b2,55,22
27-03-2025_15-40-23_p0078_s241_b3,104,46
31-01-2024_14-38-28_p13,22,31
08-11-2024_14-39-40_p0052_s29_b1,42,56
21-12-2024_10-01-20_p0061_s2_b1,29,24
10-08-2024_11-02-31_p0043_s142_b2,37,22
26-03-2024_16-12-04_p0022,76,40
07-03-2024_14-00-29_p0010_s126_b2,16,22
18-06-2024_15-45-26_p0028_s156_b2,34,54
13-02-2025_13-48-17_p0067_s227_b4,17,25
22-02-2024_11-02-21_p0017_s177_b3,5,36
30-09-2024_15-26-10_p0049,27,4
06-02-2025_13-50-37_p0067_s122_b2,70,23
24-03-2025_17-46-58_p0076_s68_b1,27,21
19-03-2024_15-02-56_p0022_s98_b2,47,39
12-03-2025_10-46-14_p0074_s14_b1,59,25
06-08-2024_16-33-46_p0039_s53_b1,24,21
08-06-2024_10-48-34_p0031_sP03_b1,31,40
24-03-2025_17-18-02_p0076_s267_b4,31,32
30-01-2024_11-01-47_p11,-10,28
13-11-2024_17-04-43_p0051_s57_b1,32,39
25-01-2025_13-26-11_p0064_s146_b2,54,17
23-04-2024_15-33-28_p0026_s73_b1,22,68
06-11-2024_17-00-37_p0051,16,15
17-06-2024_14-52-01_p0019_s87_b2,20,24
18-03-2024_15-30-39_p0020_s41_b1,17,24
05-02-2025_17-02-36_p0072,32,22
20-03-2025_16-32-26_p0078_s153_b2,87,16
10-01-2025_14-33-56_p0062_s92_b2,29,43
17-08-2024_10-04-08_p0043_s1_b1,27,15
23-11-2024_13-29-31_p0052_s137_b2,23,49
08-06-2024_09-45-38_p0031_s246_b4,43,60
27-11-2024_15-10-24_p0054_s220_b4,51,28
19-03-2024_14-59-27_p0022_s92_b2,20,62
17-07-2024_14-36-39_p0041_s136_b2,47,25
16-10-2024_15-57-36_p0049_s193_b3,5,6
25-03-2025_18-34-55_p0079_s185_b3,67,23
03-12-2024_15-29-35_p0056,69,38
25-03-2024_16-09-04_p0020,7,10
24-03-2025_17-34-45_p0076_s21_b1,62,13
18-03-2024_15-45-16_p0020_s74_b1,3,20
24-07-2024_15-25-49_p0041,30,23
15-02-2025_12-06-56_p0070_s123_b2,66,6
01-02-2025_13-35-07_p0064_s249_b4,20,9
14-01-2025_15-18-21_p0060_s103_b2,27,45
27-03-2025_15-11-01_p0078,31,47
05-02-2025_17-24-03_p0072_s189_b3,76,9
08-05-2024_15-35-14_p0033_s172_b3,99,56
25-01-2025_13-38-42_p0064,87,12
22-08-2024_16-57-29_p0042_s60_b1,10,22
30-08-2024_16-21-10_p0046,7,32
26-03-2024_15-12-26_p0022,31,10
27-05-2024_17-01-22_p0032_s72_b1,36,37
17-02-2025_18-21-01_p0071_s254_b4,58,19
29-04-2024_15-32-00_p0024,43,48
22-02-2024_10-38-38_p0017_s161_b3,-11,50
13-03-2024_15-30-58_p0014,17,18
28-11-2024_16-16-29_p0055,24,50
15-02-2025_11-05-29_p0065_s135_b2,66,9
28-08-2024_09-31-16_p0044_s101_b2,48,14
11-02-2025_18-56-02_p0069_s119_b2,77,22
12-07-2024_14-55-17_p0040,11,37
03-04-2025_13-44-22_p0080_s112_b2,37,20
26-11-2024_16-09-46_p0056_s146_b2,99,26
28-08-2024_15-22-25_p0038_sP07_b2,37,23
08-07-2024_11-55-33_p0040,30,13
19-02-2025_11-06-30_p0074_s205_b3,41,39
12-12-2024_19-42-35_p0058,46,20
14-12-2024_10-45-12_p0059_s91_b2,74,20
28-06-2024_15-13-10_p0035,20,20
24-05-2024_18-41-03_p0031_s106_b2,46,29
18-06-2024_15-37-01_p0028,47,47
13-11-2024_17-14-14_p0051_s71_b1,36,26
21-08-2024_15-05-53_p0044,59,11
29-02-2024_13-41-08_p0010_s10_b1,7,89
28-03-2025_15-46-55_p0081_s131_b2,97,42
22-08-2024_16-46-13_p0042_s33_b1,130,31
07-12-2024_10-49-02_p0053_s281_b4,29,26
14-02-2025_17-57-06_p0073_s103_b2,8,19
24-07-2024_15-04-12_p0041_s226_b4,16,28
17-06-2024_15-37-21_p0019,12,29
14-02-2025_18-04-19_p0073_s118_b2,7,22
11-03-2024_15-31-17_p0020_s164_b3,-72,81
13-03-2024_14-53-21_p0014_s90_b2,73,61
03-10-2024_15-28-38_p0050,67,23
11-07-2024_15-38-38_p0041,25,8
26-03-2024_15-05-35_p0022,20,23
08-05-2024_10-04-10_p0030_s151_b2,28,17
04-07-2024_16-05-03_p0039_s202_b3,27,44
13-11-2024_17-27-43_p0051_s220_b4,31,25
27-02-2025_14-20-46_p0073,10,19
15-02-2025_12-04-29_p0070_s118_b2,52,7
19-07-2024_15-52-21_p0040_s75_b1,47,23
12-06-2024_09-48-34_p0036_s96_b2,36,26
06-08-2024_16-44-16_p0039_s68_b1,34,31
07-03-2024_14-16-09_p0010_s153_b2,8,22
14-03-2025_16-57-34_p0077_s282_b4,63,34
27-03-2024_15-43-02_p0015_s150_b2,19,21
10-05-2024_16-39-34_p0033_s41_b1,13,18
12-12-2024_15-35-19_p0057_s93_b2,50,18
03-04-2025_13-44-53_p0080_s114_b2,21,14
06-02-2025_14-56-59_p0068_s112_b2,38,28
23-11-2024_09-33-38_p0053_s165_b3,17,33
16-09-2024_15-34-57_p0045,23,7
13-09-2024_15-28-50_p0046_s229_b4,34,8
07-12-2024_10-18-58_p0053_s237_b4,15,31
10-05-2024_18-12-19_p0025_s91_b2,14,9
22-08-2024_16-39-01_p0042_s23_b1,37,29
07-01-2025_14-08-52_p0062_s52_b1,133,69
16-04-2024_16-07-12_p0016_s243_b3,9,32
30-04-2024_13-11-40_p0024_s100_b2,58,66
24-01-2025_15-09-29_p0060_s262_b4,13,36
23-04-2024_15-08-26_p0026_s18_b1,14,44
07-02-2025_16-36-06_p0046_sP12_b3,39,19
13-12-2024_16-19-50_p0054_s36_b1,19,27
08-11-2024_15-12-16_p0052_s72_b1,38,54
09-05-2024_14-52-01_p0033_s133_b2,47,33
31-03-2025_18-17-59_p0079,58,37
16-07-2024_16-55-10_p0039_s272_b4,38,15
15-02-2025_12-28-32_p0070,97,12
11-02-2025_17-10-00_p0066_s249_b4,38,11
12-07-2024_15-06-05_p0040_s181_b3,37,10
27-02-2025_14-33-40_p0073_s203_b3,29,9
30-01-2024_11-14-37_p11,11,28
18-04-2024_15-41-38_p0026_s141_b2,23,42
12-12-2024_19-40-20_p0058,41,19
19-02-2025_10-45-25_p0074,45,8
08-06-2024_10-19-41_p0031_s3_b1,34,49
14-03-2025_17-22-19_p0077_s35_b1,59,27
26-10-2024_12-37-25_p0051_s207_b3,48,11
05-03-2024_10-42-01_p0014_s63_b1,117,40
05-06-2024_09-49-38_p0036_s216_b4,38,15
14-08-2024_15-55-26_p0038_s230_b4,38,5
08-07-2024_12-34-44_p0040_s282_b4,48,28
17-06-2024_15-15-42_p0019_s123_b2,31,11
14-02-2025_18-03-37_p0073_sP07_b2,31,24
12-02-2025_16-40-04_p0072_s107_b2,36,26
29-08-2024_16-06-35_p0045_s253_b4,31,31
17-08-2024_11-12-52_p0043,120,27
11-02-2025_17-55-49_p0066_s3_b1,31,28
06-09-2024_16-08-54_p0047,28,0
24-03-2025_17-36-13_p0076_s27_b1,26,20
28-02-2024_16-22-25_p0011,7,33
31-03-2025_18-26-05_p0079_s223_b4,47,39
19-06-2024_10-53-03_p0036,24,26
23-11-2024_13-11-51_p0052_s102_b2,35,31
13-12-2024_16-04-00_p0054_s1_b1,48,18
18-04-2024_15-47-40_p0026,15,20
29-04-2024_11-37-12_p0029_s108_b2,14,15
01-02-2025_12-16-44_p0070_s260_b4,92,3
14-12-2024_11-33-35_p0059_s143_b2,76,18
04-10-2024_14-25-31_p0050_s90_b2,20,4
05-02-2025_17-19-12_p0072_s185_b3,38,15
07-05-2024_14-11-54_p0027_s219_b4,44,33
19-03-2024_15-54-49_p0022_s157_b2,60,28
10-01-2025_15-08-42_p0062_s143_b2,99,36
26-03-2024_16-14-46_p0022_s229_b4,19,40
23-04-2024_15-16-28_p0026_s32_b1,19,86
03-09-2024_15-50-08_p0048_s242_b3,70,20
10-01-2025_15-57-48_p0063_s257_b4,47,67
01-08-2024_16-35-18_p0042_s175_b3,16,16
19-12-2024_16-22-27_p0062_s204_b3,43,41
12-12-2024_18-55-17_p0058_s89_b2,-10,22
21-12-2024_10-36-19_p0061_s73_b1,63,13
18-06-2024_15-42-47_p0028,46,29
02-04-2024_15-19-32_p0021,23,31
27-11-2024_15-18-52_p0054_s232_b4,18,34
22-08-2024_15-29-14_p0042_s218_b4,26,33
25-01-2025_13-28-25_p0064,30,2
20-05-2024_11-28-07_p0034_s19_b1,51,41
12-02-2025_17-16-17_p0072,42,19
08-04-2024_16-16-35_p0021,13,19
10-09-2024_14-45-11_p0048_s134_b2,32,11
30-01-2024_14-15-50_p12,35,22
13-11-2024_17-08-33_p0051_s63_b1,108,20
06-02-2025_13-40-12_p0067_s105_b2,23,23
12-12-2024_15-30-34_p0057_s87_b2,2,26
19-07-2024_13-57-19_p0040_s101_b2,19,16
03-02-2025_16-47-55_p0071_s101_b2,43,20
03-04-2025_14-01-43_p0080,29,17
04-09-2024_14-23-23_p0044_s216_b4,35,22
25-01-2025_13-31-59_p0064,30,20
08-06-2024_10-30-31_p0031_s34_b1,33,58
29-04-2024_12-00-19_p0029,27,7
08-05-2024_09-36-49_p0030_s101_b2,26,15
05-06-2024_10-15-44_p0036_s253_b4,15,12
03-05-2024_14-17-44_p0027_s134_b2,37,21
27-03-2025_14-21-49_p0080_s190_b3,44,38
24-03-2025_17-45-39_p0076_s66_b1,28,19
10-05-2024_18-50-33_p0025,32,6
10-05-2024_08-49-47_p0030_s182_b3,49,57
23-04-2024_15-34-07_p0026_s75_b1,28,62
11-06-2024_14-10-05_p0035_s108_b2,29,38
19-06-2024_10-16-37_p0036_s58_b1,69,35
08-08-2024_15-08-15_p0042_s129_b2,14,33
30-04-2024_13-27-41_p0024_s124_b2,41,51
31-01-2025_15-12-39_p0065_s174_b3,18,42
11-03-2025_18-40-48_p0075_s7_b1,31,17
08-07-2024_12-04-44_p0040_s238_b4,30,20
22-08-2024_15-25-26_p0042_s212_b4,23,3
01-02-2025_09-34-10_p0069_s217_b4,41,18
28-06-2024_15-38-20_p0035_s260_b4,57,15
27-03-2024_16-11-33_p0015_s35_b1,19,30
11-05-2024_09-42-39_p0034_s172_b3,110,33
22-02-2024_11-40-35_p0017,55,80
18-06-2024_15-02-09_p0028_s102_b2,32,29
20-05-2024_12-38-05_p0034_s279_b4,50,43
10-12-2024_15-40-29_p0056_s239_b4,37,25
27-11-2024_15-18-28_p0054_s231_b4,40,38
18-06-2024_16-28-38_p0028_s229_b4,25,34
07-05-2024_14-55-52_p0027_s10_b1,17,8
08-10-2024_16-05-43_p0049_s128_b2,19,3
28-08-2024_15-54-39_p0038_s150_b2,86,11
30-10-2024_15-15-49_p0052,52,27
26-02-2024_15-43-28_p0019_s232_b4,43,35
03-04-2025_13-37-09_p0080_s92_b2,20,20
03-04-2024_15-32-35_p0023_s212_b4,40,114
21-08-2024_15-00-22_p0044_s198_b3,44,15
12-12-2024_19-38-03_p0058,12,19
04-10-2024_14-36-01_p0050_s104_b2,12,27
26-03-2024_16-27-18_p0022,78,26
08-11-2024_15-35-32_p0053_s86_b2,33,36
21-12-2024_09-30-29_p0061_s229_b4,23,19
15-02-2025_12-19-19_p0070_s143_b2,86,1
27-03-2024_16-18-00_p0015_s47_b1,31,35
08-11-2024_16-04-46_p0053,37,34
17-08-2024_11-22-08_p0043,94,26
10-05-2024_15-37-01_p0033_s258_b4,53,42
08-10-2024_16-26-47_p0049_s153_b2,20,6
12-03-2025_10-32-15_p0074,52,27
22-03-2025_12-10-03_p0079,29,18
23-04-2024_15-31-54_p0026_s70_b1,16,52
10-12-2024_16-57-42_p0056_s15_b1,54,47
20-03-2025_14-54-54_p0076,78,24
14-08-2024_15-51-03_p0038_s222_b4,37,10
11-05-2024_09-44-44_p0034,66,37
06-09-2024_15-44-15_p0047_s121_b2,4,29
21-08-2024_15-06-42_p0044,58,7
07-02-2025_16-54-52_p0046_s199_b3,31,10
11-06-2024_13-57-00_p0035_s88_b2,25,24
05-06-2024_10-10-12_p0036_s240_b4,43,10
05-06-2024_15-32-39_p0037_s264_b4,27,31
03-02-2025_16-49-50_p0071_s104_b2,42,16
28-06-2024_14-17-12_p0035_s30_b1,34,40
19-12-2024_16-28-25_p0062_s243_b3,66,2
06-11-2024_16-35-58_p0051_s106_b2,45,15
10-05-2024_16-41-44_p0033_s45_b1,17,14
23-04-2024_15-11-14_p0026_s25_b1,41,55
13-11-2024_16-48-44_p0051_s26_b1,20,33
13-09-2024_16-00-42_p0046_s277_b4,10,7
27-05-2024_15-58-41_p0032_s195_b3,19,41
20-02-2024_16-54-27_p0015,10,24
25-02-2025_18-29-32_p0075_s93_b2,90,19
06-02-2025_18-28-01_p0069_s169_b3,24,35
26-11-2024_15-32-04_p0056_s107_b2,75,42
28-08-2024_16-49-01_p0038_s55_b1,58,18
13-02-2025_14-51-50_p0067_s22_b1,26,29
08-01-2025_15-31-03_p0063_s198_b3,18,31
16-04-2024_10-42-56_p0025_s251_b4,11,48
07-05-2024_14-22-12_p0027_s246_b4,44,61
27-03-2024_16-27-16_p0015_s71_b1,14,23
17-07-2024_14-50-01_p0041,27,46
13-11-2024_17-42-42_p0051_s247_b4,20,14
22-08-2024_15-30-04_p0042_s220_b4,25,26
07-12-2024_10-48-16_p0053_s280_b4,29,28
19-11-2024_16-49-55_p0054,32,16
26-02-2025_10-15-48_p0074_s124_b2,162,26
30-01-2025_16-02-29_p0068,-4,6
06-05-2024_15-38-46_p0032_s250_b4,38,56
13-03-2024_15-25-20_p0014,27,45
20-03-2025_16-26-27_p0078,20,13
25-03-2024_15-54-32_p0020_s266_b4,21,51
20-03-2025_16-26-59_p0078,22,22
19-06-2024_15-27-57_p0023_s179_b3,63,42
19-02-2025_10-20-16_p0074,44,15
17-02-2025_17-57-37_p0071,72,25
22-02-2024_11-52-25_p0017_s261_b4,22,52
12-12-2024_19-42-16_p0058,20,23
18-01-2025_10-06-49_p0057_s250_b4,7,6
28-03-2025_15-29-02_p0081_s95_b2,59,35
12-06-2024_16-28-08_p0038,88,140
28-06-2024_15-27-41_p0035_s251_b4,12,16
06-09-2024_16-06-24_p0047,41,2
08-01-2025_16-20-10_p0063_s22_b1,31,37
19-07-2024_14-18-16_p0040_s133_b2,56,19
07-03-2024_13-56-00_p0010_sP07_b2,22,47
12-03-2024_10-24-23_p0021_s225_b4,-3,39
30-08-2024_16-14-30_p0046_s141_b2,25,13
03-05-2024_18-52-44_p0031_s191_b3,24,19
04-07-2024_16-08-39_p0039_s205_b3,40,56
16-09-2024_15-11-03_p0045_s83_b2,59,24
13-03-2024_15-10-53_p0014_s121_b2,113,30
06-05-2024_16-05-56_p0032_s273_b4,76,70
25-03-2024_15-28-37_p0020_s215_b4,20,51
08-11-2024_16-24-42_p0053,24,33
11-02-2025_18-36-46_p0069_sP05_b2,66,29
05-03-2024_10-42-22_p0014_s64_b1,97,66
26-03-2024_15-39-42_p0022,19,27
08-01-2025_15-24-08_p0063_s192_b3,31,51
12-06-2024_09-57-13_p0036_s114_b2,15,14
22-02-2024_11-13-03_p0017_s199_b3,63,49
17-12-2024_16-32-09_p0060,16,14
29-02-2024_14-16-52_p0010_s71_b1,3,35
17-08-2024_10-07-27_p0043_s10_b1,33,27
22-02-2024_13-47-37_p0018_s66_b1,27,61
17-12-2024_16-55-18_p0060_s193_b3,19,19
06-02-2025_14-50-49_p0068_s99_b2,20,36
25-03-2025_18-33-17_p0079_s181_b3,42,16
22-02-2024_11-06-18_p0017_s185_b3,-10,35
28-06-2024_15-34-34_p0035_s256_b4,4,15
28-11-2024_16-12-33_p0055,37,52
10-02-2025_17-13-00_p0071,51,14
11-03-2025_18-47-29_p0075_s27_b1,85,22
08-01-2025_16-47-13_p0063_s75_b1,75,44
18-06-2024_16-23-42_p0028_s224_b4,13,27
14-01-2025_15-59-59_p0060,23,34
22-04-2024_09-33-42_p0025,24,48
16-05-2024_15-09-01_p0034,68,58
19-06-2024_10-20-44_p0036_s65_b1,87,17
07-05-2024_15-07-33_p0027_s45_b1,17,5
16-09-2024_16-38-37_p0045_s16_b1,51,33
13-02-2025_15-27-41_p0067_s76_b1,60,15
21-02-2025_18-12-19_p0068_s45_b1,45,22
28-01-2025_13-26-48_p0067,39,29
20-05-2024_12-31-51_p0034_s267_b4,53,39
10-12-2024_16-13-05_p0056,96,28
20-05-2024_11-34-04_p0034_s32_b1,37,23
06-02-2025_14-19-34_p0067_s157_b2,54,9
05-06-2024_10-29-23_p0036_s269_b4,37,4
10-08-2024_10-45-08_p0043_s108_b2,32,27
15-05-2024_16-53-35_p0032_s153_b2,28,23
27-02-2025_14-34-45_p0073_s206_b3,14,12
20-05-2024_15-30-34_p0023_s104_b2,15,18
21-12-2024_09-20-47_p0061_s210_b4,42,11
01-02-2025_10-18-11_p0069_s7_b1,17,23
13-05-2024_15-36-33_p0028,21,23
07-03-2024_13-45-16_p0010_s94_b2,12,32
18-03-2024_11-38-38_p0013_s268_b4,22,26
30-01-2025_16-35-21_p0068_s242_b3,84,13
30-01-2025_16-29-30_p0068,52,19
19-02-2025_15-35-55_p0072,52,25
10-02-2025_16-33-54_p0071,44,13
24-03-2025_17-35-36_p0076_s24_b1,14,12
08-10-2024_16-14-00_p0049_s143_b2,9,3
16-10-2024_15-37-48_p0049_s171_b3,30,17
11-02-2025_17-18-52_p0066_s262_b4,57,13
19-02-2025_10-58-19_p0074,38,48
25-01-2025_13-14-22_p0064_s124_b2,71,26
04-09-2024_14-35-25_p0044_s235_b4,30,18
11-07-2024_15-43-02_p0041_s202_b3,42,33
03-04-2025_13-52-53_p0080_s132_b2,62,28
09-05-2024_14-19-56_p0033_s92_b2,42,22
03-09-2024_14-35-42_p0048_s169_b3,-5,19
15-05-2024_16-46-54_p0032,32,28
20-12-2024_14-42-41_p0061,34,32
29-04-2024_15-40-47_p0024_s177_b3,40,58
28-11-2024_15-22-54_p0055_s86_b2,38,36
24-04-2024_15-33-11_p0027,32,59
26-08-2024_16-30-06_p0019_s173_b3,38,32
16-07-2024_16-46-28_p0039_s263_b4,32,14
22-02-2024_14-29-07_p0018_s145_b2,3,35
19-07-2024_14-19-37_p0040_s135_b2,83,25
27-03-2024_15-27-16_p0015_s130_b2,18,23
12-07-2024_15-01-17_p0040_s175_b3,61,58
11-03-2025_17-49-27_p0075,53,124
31-03-2025_18-22-06_p0079_s219_b4,25,41
05-03-2024_10-36-26_p0014_s45_b1,58,43
06-05-2024_15-35-08_p0032_s240_b4,51,31
23-11-2024_13-26-49_p0052_s131_b2,10,39
24-07-2024_15-16-45_p0041_s256_b4,28,36
22-02-2024_15-35-03_p0014_s176_b3,12,31
05-10-2024_09-16-55_p0050,34,21
15-02-2025_10-55-32_p0065_s118_b2,17,16
28-08-2024_10-01-04_p0044_s144_b2,28,34
24-07-2024_14-21-52_p0041_s36_b1,28,18
12-12-2024_19-21-14_p0058,36,30
30-01-2024_11-26-35_p11,7,39
25-02-2025_19-41-14_p0075_s151_b2,60,16
03-09-2024_14-54-16_p0048_s177_b3,50,22
18-04-2024_15-53-56_p0026_s156_b2,21,20
17-09-2024_15-59-15_p0048_s253_b4,46,15
07-01-2025_16-06-55_p0063_s129_b2,71,51
30-10-2024_15-03-09_p0052_s179_b3,49,26
24-01-2024_17-31-17_p10,24,23
12-03-2024_10-15-14_p0021,40,52
16-04-2024_15-31-37_p0016,18,18
01-02-2025_10-22-28_p0069_s17_b1,42,19
19-12-2024_16-19-02_p0062_s201_b3,32,-117
16-10-2024_16-37-59_p0049_s46_b1,16,9
03-08-2024_11-07-26_p0043_s182_b3,39,5
06-02-2025_13-37-40_p0067_s100_b2,26,18
13-09-2024_16-40-15_p0046_s45_b1,4,7
06-02-2025_13-42-21_p0067_s109_b2,35,11
14-01-2025_15-33-55_p0060,60,32
16-10-2024_15-35-17_p0049,19,19
07-12-2024_10-17-04_p0053_s231_b4,28,29
18-06-2024_16-45-26_p0028,34,25
16-04-2024_15-23-23_p0016_s165_b3,14,23
21-02-2025_18-07-26_p0068_s34_b1,29,21
25-03-2025_18-52-20_p0079,43,17
11-02-2025_17-17-24_p0066_s260_b4,69,25
24-01-2025_15-51-39_p0060_s54_b1,35,41
05-12-2024_17-24-47_p0055,62,16
14-12-2024_11-01-38_p0059_s112_b2,33,22
10-05-2024_18-03-46_p0025_s83_b2,27,14
05-12-2024_15-49-04_p0055_s21_b1,38,37
21-02-2025_18-25-01_p0068_sP02_b1,61,19
10-05-2024_09-33-06_p0030,36,24
13-03-2024_15-06-31_p0014,32,35
26-08-2024_15-14-55_p0019_s2_b1,76,32
22-03-2025_11-58-12_p0079_s127_b2,108,35
17-09-2024_14-36-08_p0048_s15_b1,14,17
31-08-2024_14-08-44_p0047_s207_b3,68,30
08-05-2024_09-37-24_p0030_s103_b2,22,31
05-09-2024_16-25-40_p0047,63,25
16-09-2024_16-04-19_p0045_s155_b2,27,11
03-10-2024_15-30-14_p0050_s195_b3,56,0
28-11-2024_16-13-50_p0055,35,42
18-01-2025_13-09-06_p0064,53,19
14-03-2025_17-15-54_p0077_s16_b1,63,12
09-05-2024_15-12-16_p0033,44,30
28-08-2024_10-10-42_p0044,19,33
03-05-2024_19-00-54_p0031_s202_b3,19,15
06-09-2024_15-24-58_p0047_s104_b2,50,19
19-06-2024_10-10-39_p0036_s46_b1,34,30
21-08-2024_14-47-13_p0044_s183_b3,41,29
11-02-2025_18-02-29_p0066_s18_b1,37,25
03-10-2024_15-57-00_p0050_s200_b3,26,16
10-09-2024_14-48-21_p0048_s139_b2,23,-2
13-03-2024_16-00-59_p0014_s248_b4,21,19
12-03-2025_11-03-26_p0074_s53_b1,146,45
12-12-2024_16-27-29_p0057,18,19
15-02-2025_11-24-57_p0065,33,12
16-10-2024_16-12-14_p0049,18,4
30-10-2024_15-24-34_p0052,33,26
12-03-2025_10-05-05_p0074_s216_b4,18,57
19-03-2024_15-00-39_p0022_s94_b2,45,34
17-02-2025_18-17-58_p0071_s247_b4,53,21
05-02-2025_17-16-54_p0072_s182_b3,32,20
05-06-2024_15-45-55_p0037,48,19
24-05-2024_18-37-48_p0031_s98_b2,31,28
08-01-2025_15-18-54_p0063_s185_b3,38,18
04-07-2024_15-41-27_p0039_s192_b3,45,47
06-02-2025_14-42-15_p0068_s83_b2,3,15
24-05-2024_18-39-36_p0031_s103_b2,26,39
20-03-2025_16-02-31_p0078_s111_b2,67,26
11-03-2024_16-12-44_p0020_s203_b3,28,60
12-12-2024_19-41-37_p0058,32,25
30-10-2024_15-25-23_p0052_s205_b3,41,11
12-12-2024_16-00-03_p0057_s122_b2,72,32
05-03-2024_10-35-37_p0014_s42_b1,45,22
18-03-2024_11-38-20_p0013_s267_b4,25,21
31-03-2025_18-45-19_p0079_s271_b4,86,39
31-01-2025_15-22-34_p0065_s186_b3,21,37
30-04-2024_13-53-02_p0024_s152_b2,29,69
07-05-2024_15-08-51_p0027_s49_b1,22,10
26-03-2024_15-47-20_p0022,88,27
13-09-2024_16-02-18_p0046_s280_b4,21,21
25-03-2024_15-35-07_p0020_s223_b4,17,42
06-08-2024_16-26-49_p0039_s35_b1,83,31
17-12-2024_17-09-41_p0060_s199_b3,15,14
03-04-2025_14-07-19_p0080_s150_b2,16,24
18-06-2024_16-13-38_p0028_s220_b4,17,19
08-01-2025_16-36-48_p0063_s55_b1,48,48
08-08-2024_15-13-04_p0042_s138_b2,34,28
30-04-2024_13-16-21_p0024_s108_b2,50,60
18-12-2024_09-48-01_p0061_s181_b3,64,32
07-01-2025_15-19-57_p0062_s270_b4,47,35
08-05-2024_16-11-01_p0033,56,57
28-11-2024_15-26-29_p0055_s91_b2,24,28
23-04-2024_11-33-08_p0024_s250_b4,10,19
28-06-2024_15-21-16_p0035_s238_b4,4,17
10-05-2024_09-58-01_p0030,30,28
28-03-2025_15-56-25_p0081,40,17
23-11-2024_13-19-33_p0052,72,38
08-06-2024_10-10-39_p0031_s281_b4,36,34
17-02-2025_17-41-52_p0071_sP03_b1,92,32
04-10-2024_15-23-38_p0050,21,32
23-05-2024_15-03-32_p0035,38,37
26-11-2024_15-37-12_p0056_s113_b2,53,37
31-01-2025_15-13-12_p0065,60,45
11-02-2025_18-14-50_p0066_s49_b1,37,25
27-03-2025_15-28-05_p0078_s193_b3,12,57
12-12-2024_19-23-52_p0058_s128_b2,96,21
29-04-2024_16-49-24_p0024_s42_b1,34,32
28-08-2024_09-42-20_p0044,50,25
24-05-2024_18-56-17_p0031_s127_b2,45,27
18-12-2024_17-19-00_p0057_s182_b3,34,21
03-08-2024_11-11-12_p0043_s189_b3,33,18
03-09-2024_15-05-14_p0048_s186_b3,31,23
11-05-2024_09-57-06_p0034,47,64
11-02-2025_18-07-24_p0066_s29_b1,81,27
19-12-2024_16-24-48_p0062_s207_b3,31,11
20-02-2024_16-57-56_p0015_s265_b4,22,21
16-05-2024_15-04-31_p0034,55,36
26-03-2024_16-23-14_p0022_s251_b4,16,40
07-05-2024_14-26-57_p0027_s256_b4,26,37
24-07-2024_14-59-38_p0041_s221_b4,23,23
10-01-2025_15-23-04_p0062_s156_b2,25,38
22-08-2024_17-01-52_p0042_s71_b1,30,17
26-02-2025_10-42-49_p0074_s155_b2,20,31
23-11-2024_09-43-45_p0053,11,21
01-02-2025_10-51-59_p0069_s75_b1,58,19
03-02-2025_17-10-41_p0071_s135_b2,72,17
31-01-2024_14-55-09_p13,24,15
13-02-2025_19-51-53_p0070_s79_b1,125,35
05-09-2024_15-20-56_p0047_s49_b1,38,19
12-03-2024_14-40-44_p0022_s60_b1,5,28
11-06-2024_14-19-18_p0035_s120_b2,45,28
28-03-2025_15-38-48_p0081_s115_b2,66,32
22-02-2024_10-38-15_p0017_s160_b3,-11,57
12-06-2024_16-40-59_p0038_s181_b3,74,45
06-02-2025_15-11-18_p0068_s128_b2,35,39
05-06-2024_15-37-31_p0037_s273_b4,28,33
25-03-2025_18-15-57_p0079_s161_b3,88,23
17-08-2024_10-04-54_p0043_s3_b1,50,24
14-02-2025_18-24-43_p0073_s152_b2,12,14
12-03-2024_14-38-42_p0022_s54_b1,47,26
27-03-2025_14-00-10_p0080_s159_b3,25,35
07-01-2025_13-41-18_p0062_s1_b1,50,37
20-03-2025_16-33-03_p0078_s155_b2,59,47
26-10-2024_12-14-57_p0051,39,42
03-05-2024_14-30-12_p0027_s155_b2,14,26
03-04-2024_16-03-28_p0023_s260_b4,58,35
18-12-2024_17-31-38_p0057_s195_b3,42,18
13-11-2024_17-56-06_p0051_s268_b4,40,14
23-07-2024_16-45-24_p0039,16,40
08-10-2024_15-59-10_p0049_sP07_b2,26,30
22-03-2025_11-41-13_p0079_s93_b2,54,37
22-02-2024_13-37-05_p0018_s46_b1,37,29
30-08-2024_16-14-51_p0046_s142_b2,36,18
07-03-2024_14-04-13_p0010_s140_b2,21,26
05-10-2024_09-43-29_p0050_s240_b4,29,8
14-01-2025_15-19-48_p0060,9,42
20-05-2024_12-08-57_p0034_s223_b4,48,58
25-03-2024_16-38-32_p0020,10,7
24-01-2025_15-42-24_p0060_s34_b1,61,38
30-08-2024_15-53-01_p0046,14,23
29-04-2024_11-36-32_p0029_s106_b2,22,24
07-05-2024_14-34-58_p0027_s269_b4,27,33
13-02-2025_13-55-50_p0067_s249_b4,17,26
04-07-2024_15-58-53_p0039_s194_b3,39,49
16-04-2024_10-44-34_p0025_s255_b4,24,45
13-09-2024_16-23-44_p0046_s6_b1,31,5
03-02-2025_16-40-49_p0071_sP05_b2,43,33
03-02-2025_17-25-40_p0071,27,6
28-02-2024_16-48-09_p0011_s139_b2,3,26
03-10-2024_15-24-57_p0050,29,15
10-09-2024_17-30-26_p0045_s194_b3,40,26
10-05-2024_15-36-01_p0033_s255_b4,43,36
03-08-2024_11-31-17_p0043_s242_b3,46,4
10-09-2024_16-33-52_p0045,65,5
23-11-2024_13-13-14_p0052,-11,50
30-01-2024_11-15-50_p11,-8,27
21-02-2025_18-31-16_p0068_s81_b1,11,31
27-03-2025_15-38-26_p0078,72,62
19-02-2025_16-31-02_p0072_s10_b1,67,16
21-02-2024_11-37-02_p0013_s27_b1,38,48
16-04-2024_15-52-38_p0016,8,26
03-10-2024_15-26-52_p0050_s192_b3,24,20
28-06-2024_14-24-38_p0035_s49_b1,25,46
28-02-2024_16-12-25_p0011_s89_b2,28,31
19-06-2024_15-46-09_p0023_s199_b3,40,46
08-08-2024_14-34-03_p0042,15,28
18-06-2024_16-36-57_p0028_s248_b4,11,34
07-12-2024_10-47-48_p0053_s279_b4,35,37
08-07-2024_12-22-47_p0040_s268_b4,73,24
24-01-2025_14-40-38_p0060_s216_b4,39,38
13-12-2024_14-44-52_p0054_s88_b2,44,35
12-07-2024_15-08-40_p0040_s186_b3,28,9
07-01-2025_13-53-12_p0062_s22_b1,59,42
12-03-2025_10-14-07_p0074_s228_b4,23,6
10-05-2024_09-43-56_p0030_s227_b4,33,31
24-04-2024_15-49-31_p0027_s184_b3,60,59
05-09-2024_16-20-32_p0047_s260_b4,86,19
28-08-2024_15-53-25_p0038,16,8
08-01-2025_16-20-56_p0063_s23_b1,29,40
30-01-2024_11-16-55_p11,12,27
27-05-2024_15-40-30_p0032,21,37
27-03-2024_15-40-16_p0015,19,12
17-08-2024_10-19-14_p0043_s32_b1,77,26
08-05-2024_16-07-49_p0033_s192_b3,66,55
26-02-2024_15-55-42_p0019_s250_b4,20,16
15-02-2025_10-47-21_p0065,41,14
28-09-2024_14-30-30_p0016_s60_b1,12,-2
28-03-2025_15-27-19_p0081_s90_b2,72,39
08-07-2024_11-59-08_p0040_s224_b4,27,18
04-09-2024_14-40-35_p0044_s247_b4,61,15
07-12-2024_11-10-20_p0053_s42_b1,28,28
26-11-2024_16-16-30_p0056,27,36
12-12-2024_18-53-18_p0058_sP05_b2,74,48
03-08-2024_10-39-39_p0043,46,13
13-09-2024_15-16-52_p0046_s213_b4,50,40
24-03-2025_17-47-49_p0076_s72_b1,18,21
14-03-2025_17-36-23_p0077_s74_b1,21,22
15-02-2025_12-01-36_p0070_s116_b2,22,9
03-02-2025_17-32-26_p0071_s153_b2,112,13
13-03-2024_16-02-56_p0014_s252_b4,51,16
18-12-2024_10-04-13_p0061_s201_b3,37,35
28-08-2024_16-57-26_p0038_s70_b1,92,10
11-06-2024_13-56-22_p0035_s87_b2,41,31
08-07-2024_12-10-55_p0040_s254_b4,21,15
26-04-2024_14-35-00_p0028_s10_b1,51,20
31-01-2025_14-47-46_p0065,50,31
26-04-2024_15-13-49_p0028_s80_b1,23,27
10-05-2024_16-36-40_p0033_s32_b1,19,21
03-02-2025_17-30-01_p0071,36,2
05-12-2024_17-04-59_p0055_s236_b4,8,35
17-02-2025_17-21-07_p0071_s54_b1,61,25
24-04-2024_15-43-36_p0027_s178_b3,80,61
26-08-2024_15-16-31_p0019_s6_b1,70,35
12-12-2024_19-38-57_p0058,40,25
21-12-2024_09-44-50_p0061_s261_b4,46,14
03-05-2024_18-22-11_p0031_s158_b3,52,27
12-06-2024_09-59-49_p0036,32,10
18-01-2025_13-14-45_p0064_s201_b3,29,29
22-01-2025_17-34-15_p0066_s189_b3,56,22
05-12-2024_15-36-20_p0055_s2_b1,40,16
30-04-2024_13-13-35_p0024_s104_b2,50,63
08-11-2024_15-00-59_p0052_s59_b1,59,62
19-06-2024_16-28-19_p0023_s24_b1,25,26
30-01-2024_14-14-51_p12,46,41
28-06-2024_14-42-00_p0035_s81_b1,19,12
19-06-2024_15-11-31_p0023_s169_b3,42,37
13-09-2024_15-51-06_p0046_s263_b4,24,11
30-08-2024_16-18-41_p0046,15,18
07-05-2024_14-38-19_p0027_s274_b4,32,33
11-03-2025_18-19-26_p0075_s266_b4,56,23
21-02-2025_17-16-59_p0068_s233_b4,29,17
26-03-2024_16-14-06_p0022_s227_b4,28,48
26-03-2024_15-16-07_p0022,36,24
26-11-2024_15-31-33_p0056_s106_b2,64,50
10-05-2024_09-44-39_p0030_s229_b4,32,36
03-04-2025_14-07-07_p0080_s149_b2,32,27
25-03-2025_18-20-25_p0079_s168_b3,33,22
16-09-2024_17-12-41_p0045_s69_b1,25,28
20-05-2024_12-00-50_p0034,45,44
18-06-2024_15-40-18_p0028,97,39
19-02-2025_16-53-34_p0072_s59_b1,86,21
01-02-2025_14-04-07_p0064_s9_b1,26,16
03-04-2024_15-36-26_p0023_s221_b4,44,80
04-09-2024_16-17-04_p0044_s62_b1,51,20
08-05-2024_15-16-15_p0033,53,48
03-10-2024_15-02-21_p0050,18,16
04-07-2024_15-13-38_p0039,14,38
28-08-2024_15-07-06_p0038_s96_b2,80,16
22-02-2024_13-40-58_p0018_s53_b1,29,31
23-05-2024_15-02-28_p0035_s178_b3,56,36
28-09-2024_13-44-52_p0016_s277_b4,21,1
28-03-2025_15-47-13_p0081_s132_b2,80,29
31-08-2024_12-24-45_p0047_s163_b3,64,37
24-01-2025_15-45-39_p0060_s40_b1,31,33
18-01-2025_13-20-40_p0064_sP20_b3,40,24
08-08-2024_14-44-31_p0042_s97_b2,24,29
16-07-2024_16-44-31_p0039_s259_b4,134,11
19-02-2025_10-15-51_p0074_s164_b3,48,45
03-05-2024_08-47-40_p0030_s52_b1,28,33
12-03-2025_11-03-59_p0074_s54_b1,52,31
19-07-2024_15-30-45_p0040_s36_b1,34,6
14-12-2024_11-22-44_p0059_s125_b2,31,22
27-03-2024_16-21-36_p0015_s57_b1,34,27
27-05-2024_15-29-37_p0032,25,33
03-09-2024_15-47-40_p0048_sP20_b3,21,24
14-02-2025_18-21-17_p0073,1,11
12-06-2024_10-03-00_p0036_s121_b2,110,14
12-06-2024_10-21-23_p0036,15,12
12-12-2024_16-01-15_p0057,62,36
24-04-2024_15-25-00_p0027_s166_b3,111,73
21-02-2025_18-26-06_p0068_s69_b1,22,24
19-02-2025_15-55-31_p0072_s239_b4,55,19
20-12-2024_14-55-59_p0061_s135_b2,74,20
31-08-2024_13-24-41_p0047,45,41
16-09-2024_15-37-39_p0045_s118_b2,39,12
10-05-2024_15-47-12_p0033_s264_b4,27,39
15-02-2025_11-22-25_p0065,28,12
05-12-2024_15-40-32_p0055_s8_b1,16,24
28-09-2024_14-15-04_p0016_s32_b1,7,14
27-02-2025_14-26-06_p0073_s186_b3,17,22
08-04-2024_17-00-09_p0021_s71_b1,36,33
12-12-2024_16-27-07_p0057,29,22
26-02-2024_15-25-09_p0019_s210_b4,19,45
21-02-2024_16-07-35_p0016,9,19
13-09-2024_15-37-08_p0046_s245_b4,72,6
08-06-2024_10-47-46_p0031_s71_b1,30,33
16-09-2024_16-04-44_p0045_s156_b2,26,9
19-07-2024_13-56-18_p0040_s98_b2,28,11
08-01-2025_16-29-42_p0063_s42_b1,9,41
18-01-2025_13-08-41_p0064,42,33
25-03-2025_18-28-38_p0079_s176_b3,39,16
20-03-2025_14-35-41_p0076,36,28
20-03-2024_15-28-48_p0015_s207_b3,59,35
05-10-2024_09-52-54_p0050_s253_b4,74,-7
11-06-2024_14-25-13_p0035_s130_b2,49,29
31-01-2025_14-48-27_p0065_s158_b3,31,43
06-02-2025_18-21-06_p0069,37,26
16-05-2024_15-02-29_p0034_s145_b2,78,44
07-12-2024_10-56-05_p0053_s9_b1,29,30
26-08-2024_16-32-30_p0019_s176_b3,27,160
17-02-2025_17-06-27_p0071_s19_b1,70,27
03-08-2024_11-23-40_p0043,64,6
05-03-2024_10-45-55_p0014_s73_b1,15,132
10-02-2025_17-16-31_p0071,65,5
13-11-2024_17-22-52_p0051_s210_b4,36,15
20-03-2024_14-51-52_p0015,35,40
13-09-2024_16-33-23_p0046_s27_b1,23,9
07-02-2025_16-59-23_p0046,54,18
17-09-2024_14-49-07_p0048_s42_b1,21,18
23-07-2024_16-14-04_p0039,13,19
08-06-2024_10-20-35_p0031_s5_b1,34,43
26-02-2025_10-37-49_p0074,19,19
21-02-2024_11-29-49_p0013_s3_b1,27,38
04-09-2024_15-01-21_p0044_s280_b4,38,30
11-07-2024_15-38-57_p0041,62,25
10-08-2024_10-44-16_p0043_s106_b2,61,26
05-12-2024_17-12-21_p0055_s253_b4,51,3
14-01-2025_15-17-06_p0060_s100_b2,8,32
21-12-2024_10-05-15_p0061_s11_b1,28,12
19-11-2024_16-56-36_p0054,25,31
22-02-2024_11-44-20_p0017_s237_b4,36,65
11-02-2025_18-07-50_p0066_s30_b1,89,29
21-12-2024_10-10-26_p0061_s23_b1,39,25
03-05-2024_14-04-28_p0027_s95_b2,16,29
08-01-2025_16-38-58_p0063_s60_b1,49,24
05-06-2024_15-28-27_p0037,8,35
17-12-2024_16-37-34_p0060_s174_b3,22,15
13-02-2025_13-53-20_p0067_s240_b4,21,32
11-05-2024_09-48-55_p0034_sP12_b3,47,35
11-03-2025_15-51-42_p0073_s29_b1,37,22
08-11-2024_14-37-24_p0052_s24_b1,40,39
03-04-2025_13-34-22_p0080_s82_b2,59,23
24-01-2025_15-13-17_p0060_s267_b4,33,28
28-06-2024_14-06-43_p0035_s2_b1,15,46
18-03-2024_11-41-57_p0013_s276_b4,20,9
27-05-2024_17-03-28_p0032_s77_b1,17,44
17-08-2024_10-57-31_p0043_s233_b4,30,28
28-08-2024_10-08-10_p0044,13,24
28-08-2024_09-36-31_p0044_s108_b2,62,38
26-02-2025_09-34-13_p0074_s98_b2,52,35
11-07-2024_15-46-35_p0041_s206_b3,35,36
08-05-2024_09-58-08_p0030,41,24
11-03-2025_18-29-32_p0075_s283_b4,84,23
13-03-2024_14-56-47_p0014_s98_b2,46,39
01-02-2025_09-51-03_p0069_s253_b4,64,13
26-10-2024_12-38-06_p0051_s208_b3,58,9
16-10-2024_15-35-49_p0049,54,0
08-11-2024_15-56-11_p0053,35,57
13-11-2024_17-45-56_p0051_s255_b4,11,7
27-05-2024_16-42-02_p0032_s27_b1,37,56
13-12-2024_15-48-56_p0054,28,31
11-02-2025_18-41-36_p0069_s98_b2,49,17
08-08-2024_15-14-35_p0042_s142_b2,57,45
22-02-2024_14-39-44_p0018_s155_b2,12,28
28-01-2025_13-25-56_p0067,29,23
16-10-2024_16-23-31_p0049_s5_b1,-9,2
22-08-2024_15-44-06_p0042_s239_b4,43,24
26-04-2024_15-05-12_p0028_s66_b1,24,21
17-09-2024_14-43-25_p0048_s31_b1,24,13
19-07-2024_13-52-24_p0040_s88_b2,13,8
22-02-2024_13-20-34_p0018_s9_b1,45,22
07-01-2025_15-17-52_p0062_s267_b4,45,63
10-01-2025_16-00-10_p0063,29,30
04-10-2024_15-00-35_p0050_s132_b2,23,32
25-03-2025_18-35-54_p0079_s186_b3,36,22
23-11-2024_10-08-22_p0053,23,27
08-04-2024_15-40-35_p0021_s108_b2,8,38
13-12-2024_16-20-37_p0054_s38_b1,23,27
11-03-2025_15-47-44_p0073_s15_b1,27,46
12-02-2025_16-35-08_p0072_s100_b2,58,10
03-09-2024_14-18-55_p0048,86,24
18-01-2025_12-36-05_p0064_s163_b3,90,38
15-02-2025_11-27-29_p0065,55,6
04-09-2024_14-48-38_p0044_s260_b4,74,30
12-03-2024_10-14-49_p0021_s209_b4,39,34
29-04-2024_11-50-42_p0029_s136_b2,17,19
12-06-2024_16-32-17_p0038_s174_b3,68,20
29-04-2024_11-48-02_p0029_s128_b2,15,14
03-08-2024_10-24-49_p0043_s166_b3,52,28
29-04-2024_15-52-15_p0024_s191_b3,49,58
26-02-2024_16-04-01_p0019,12,25
16-10-2024_16-51-59_p0049_s80_b1,22,4
11-03-2025_18-04-26_p0075_s228_b4,67,27
12-12-2024_16-23-07_p0057,54,18
24-05-2024_18-34-01_p0031,30,32
10-05-2024_08-54-02_p0030_s188_b3,45,72
20-03-2025_16-09-38_p0078_s124_b2,96,28
29-08-2024_16-33-43_p0045_s282_b4,53,32
22-02-2024_11-47-29_p0017_s248_b4,39,50
10-12-2024_16-15-57_p0056_s275_b4,46,28
01-02-2025_09-40-04_p0069_s222_b4,30,2
04-07-2024_15-32-28_p0039_s181_b3,40,68
16-09-2024_16-03-08_p0045_s152_b2,40,7
08-01-2025_16-30-25_p0063_s44_b1,30,42
26-02-2024_15-36-44_p0019,-126,32
10-01-2025_15-01-13_p0062_s129_b2,78,47
18-03-2024_11-05-45_p0013,25,27
08-05-2024_15-27-44_p0033,46,56
16-05-2024_15-15-29_p0034_s153_b2,43,29
10-05-2024_15-48-34_p0033_s267_b4,28,42
03-04-2025_14-08-44_p0080_s154_b2,35,20
03-04-2025_13-55-13_p0080_s138_b2,67,31
03-08-2024_11-29-21_p0043_sP20_b3,18,14
30-01-2024_14-45-00_p12,27,66
03-02-2025_17-10-00_p0071_s133_b2,38,20
10-12-2024_16-58-33_p0056_s17_b1,31,51
22-02-2024_11-06-01_p0017_s184_b3,1,31
22-03-2025_11-42-26_p0079_s95_b2,69,28
23-04-2024_15-20-07_p0026_s41_b1,42,53
04-10-2024_14-21-45_p0050_s84_b2,12,30
10-09-2024_17-37-28_p0045_s202_b3,33,24
10-01-2025_16-15-52_p0063_s281_b4,20,37
18-12-2024_10-07-45_p0061_s205_b3,22,50
10-01-2025_14-45-46_p0062_s112_b2,17,26
21-11-2024_15-27-42_p0055_s173_b3,65,27
24-03-2025_17-44-41_p0076_s62_b1,68,22
03-05-2024_18-27-53_p0031,14,12
28-06-2024_15-16-10_p0035_s226_b4,52,26
19-03-2024_15-36-24_p0022_s146_b2,73,133
05-10-2024_09-47-41_p0050_s247_b4,38,10
20-03-2024_14-55-51_p0015_s166_b3,57,43
11-06-2024_14-36-06_p0035,21,30
28-01-2025_13-27-07_p0067,20,34
16-09-2024_15-18-13_p0045_s95_b2,23,15
08-04-2024_16-44-13_p0021_s33_b1,17,43
16-10-2024_16-01-54_p0049_s196_b3,17,4
02-05-2024_15-57-44_p0026_s239_b4,12,22
07-03-2024_13-48-53_p0010_s102_b2,21,20
28-11-2024_15-37-40_p0055_s106_b2,34,39
14-03-2025_16-25-15_p0077_s226_b4,37,34
18-06-2024_16-53-01_p0028_s271_b4,27,40
13-03-2024_15-31-44_p0014_s150_b2,5,10
12-12-2024_16-29-25_p0057,8,21
05-06-2024_15-18-49_p0037_s245_b4,16,48
14-01-2025_15-11-23_p0060,32,31
04-09-2024_16-02-09_p0044_s35_b1,48,12
30-08-2024_15-25-03_p0046_s88_b2,7,14
28-03-2025_15-55-56_p0081,34,46
06-08-2024_16-22-48_p0039_s25_b1,64,29
30-01-2025_16-05-34_p0068_s174_b3,23,7
16-10-2024_16-25-42_p0049_s11_b1,12,-2
24-03-2025_17-19-36_p0076_s272_b4,36,28
07-12-2024_10-06-05_p0053_s215_b4,15,27
18-06-2024_15-36-19_p0028,44,56
03-05-2024_18-35-39_p0031,11,18
19-03-2024_15-13-43_p0022_s116_b2,11,47
13-02-2025_13-43-29_p0067,57,31
18-12-2024_09-36-56_p0061,28,32
25-02-2025_19-32-48_p0075,55,26
11-06-2024_14-37-03_p0035,25,31
26-04-2024_14-31-15_p0028_s1_b1,53,24
17-08-2024_10-30-27_p0043_s57_b1,42,17
13-02-2025_18-38-33_p0070,32,20
13-11-2024_16-46-36_p0051_s20_b1,36,24
22-02-2024_11-56-43_p0017_s275_b4,12,29
10-01-2025_15-59-14_p0063_s259_b4,121,37
16-05-2024_15-15-08_p0034_s152_b2,33,49
06-02-2025_15-17-20_p0068,88,29
21-12-2024_10-15-13_p0061_s35_b1,56,8
29-02-2024_14-18-52_p0010_s77_b1,1,32
13-02-2025_19-27-39_p0070_s28_b1,21,33
14-02-2025_17-45-54_p0073_s82_b2,17,19
28-06-2024_14-27-08_p0035_s54_b1,89,51
03-09-2024_15-15-48_p0048,59,7
15-02-2025_11-13-32_p0065_s139_b2,122,2
20-03-2025_14-24-20_p0076_s83_b2,111,36
05-03-2024_10-26-03_p0014_s15_b1,44,46
19-03-2024_15-26-07_p0022_s133_b2,51,39
20-03-2024_14-50-27_p0015,22,18
19-07-2024_14-16-25_p0040_s129_b2,88,18
11-07-2024_15-40-22_p0041_s196_b3,20,39
04-07-2024_14-59-20_p0039,123,38
26-04-2024_14-35-59_p0028_s13_b1,78,31
23-04-2024_11-28-36_p0024_s236_b4,19,29
03-05-2024_18-51-47_p0031,24,8
05-02-2025_16-45-02_p0072_s162_b3,30,30
13-03-2024_15-27-25_p0014,19,46
16-09-2024_14-57-38_p0045,40,20
24-07-2024_14-30-47_p0041_s59_b1,30,27
30-08-2024_15-29-00_p0046_s97_b2,23,14
15-02-2025_10-04-23_p0065_s46_b1,71,15
12-03-2025_10-49-43_p0074_s22_b1,53,36
20-03-2025_15-49-30_p0078_s83_b2,59,26
12-03-2024_14-34-10_p0022_s46_b1,27,34
11-03-2025_18-28-14_p0075_s280_b4,57,23
28-08-2024_15-34-17_p0038_s138_b2,119,14
03-12-2024_15-32-05_p0056,28,51
15-05-2024_15-35-17_p0032,30,25
14-02-2025_17-46-11_p0073_s83_b2,27,14
11-02-2025_18-19-22_p0066_s61_b1,20,30
12-03-2025_10-30-02_p0074_s263_b4,39,42
16-04-2024_15-30-51_p0016,5,20
12-03-2024_14-38-03_p0022_s52_b1,54,39
13-02-2025_15-13-05_p0067_s54_b1,36,24
27-05-2024_17-04-12_p0032_s79_b1,27,70
30-01-2025_16-25-05_p0068_s201_b3,3,21
22-08-2024_15-36-29_p0042_s225_b4,13,19
18-04-2024_10-08-46_p0025_s4_b1,39,25
07-12-2024_10-06-22_p0053_s216_b4,14,29
06-08-2024_16-36-55_p0039_s55_b1,35,41
04-07-2024_16-12-37_p0039,31,36
08-01-2025_14-42-13_p0063_s160_b3,52,54
05-10-2024_09-37-09_p0050_s230_b4,52,15
23-04-2024_15-09-38_p0026_s21_b1,18,52
02-04-2024_15-01-33_p0021_s158_b3,50,29
06-02-2025_15-20-34_p0068,12,16
26-02-2025_09-23-54_p0074_sP04_b2,112,23
03-04-2025_13-48-51_p0080_s120_b2,46,19
06-05-2024_15-53-09_p0032_s258_b4,47,38
20-03-2025_14-43-41_p0076_s123_b2,22,30
27-05-2024_15-20-45_p0032_s168_b3,27,32
13-02-2025_14-00-27_p0067,53,48
30-04-2024_13-52-02_p0024_s149_b2,30,61
19-06-2024_15-31-40_p0023_s184_b3,57,46
09-05-2024_14-23-14_p0033_s99_b2,45,26
22-02-2024_14-39-00_p0018_s151_b2,12,35
23-07-2024_16-54-42_p0039_s157_b2,59,22
14-02-2025_18-12-45_p0073_s140_b2,3,15
18-04-2024_15-32-21_p0026,23,23
29-04-2024_16-56-40_p0024_s60_b1,24,40
03-05-2024_14-15-51_p0027_s127_b2,12,23
17-02-2025_17-03-05_p0071_s11_b1,38,24
06-02-2025_18-25-58_p0069_s166_b3,63,22
12-03-2024_10-48-23_p0021_s268_b4,44,52
08-01-2025_16-24-51_p0063_s31_b1,28,39
19-12-2024_15-51-22_p0062,41,18
20-05-2024_16-02-34_p0023,19,9
07-12-2024_11-08-00_p0053_s35_b1,23,30
03-04-2025_13-36-41_p0080_s90_b2,36,15
12-07-2024_15-27-17_p0040,22,9
29-02-2024_13-54-12_p0010_s30_b1,14,48
17-02-2025_18-39-20_p0071_s281_b4,43,19
15-02-2025_09-54-01_p0065_s25_b1,44,32
13-11-2024_16-56-26_p0051_s44_b1,78,11
10-01-2025_14-57-02_p0062_s123_b2,58,42
08-10-2024_16-00-17_p0049_s118_b2,7,1
07-02-2025_17-05-29_p0046,121,14
28-08-2024_15-40-51_p0038_s146_b2,89,3
13-02-2025_19-47-23_p0070_s69_b1,90,32
28-11-2024_16-20-26_p0055_s149_b2,52,65
16-07-2024_16-38-13_p0039_s247_b4,46,11
08-11-2024_14-30-27_p0052_s13_b1,63,61
20-02-2024_17-02-51_p0015_s279_b4,25,22
06-02-2025_18-30-30_p0069,10,17
27-03-2025_14-31-58_p0080,36,31
19-02-2025_15-42-10_p0072_s220_b4,35,16
18-04-2024_15-38-12_p0026_s128_b2,20,23
07-01-2025_15-05-53_p0062_s252_b4,62,46
08-08-2024_14-58-46_p0042_sP07_b2,29,26
18-12-2024_17-29-30_p0057_s194_b3,55,21
03-04-2025_13-55-00_p0080_s137_b2,38,21
11-03-2025_18-50-12_p0075_s38_b1,120,19
11-02-2025_18-12-53_p0066_s44_b1,94,26
08-06-2024_09-23-37_p0031_s215_b4,25,37
07-01-2025_15-03-59_p0062_s249_b4,35,48
08-06-2024_10-28-12_p0031_s27_b1,31,39
17-02-2025_17-58-48_p0071_s211_b4,42,22
21-01-2025_15-16-13_p0065_s259_b4,110,24
17-12-2024_17-00-49_p0060_s196_b3,13,16
23-07-2024_16-26-13_p0039_s124_b2,85,11
29-04-2024_17-04-47_p0024_s74_b1,24,22
11-03-2024_15-33-43_p0020,33,55
27-03-2025_15-33-08_p0078_s198_b3,22,39
17-07-2024_14-19-28_p0041_s99_b2,30,49
06-02-2025_14-55-50_p0068_s109_b2,49,27
16-10-2024_15-42-30_p0049_s178_b3,21,16
11-03-2025_15-12-55_p0073_s232_b4,12,57
08-06-2024_09-56-25_p0031,17,39
28-09-2024_14-07-32_p0016_s14_b1,14,14
16-09-2024_15-35-38_p0045,23,8
05-06-2024_15-13-10_p0037_s229_b4,18,47
08-05-2024_09-38-04_p0030_s105_b2,20,25
13-09-2024_15-31-58_p0046_s236_b4,30,11
28-02-2024_16-43-13_p0011_s130_b2,47,43
27-03-2025_15-20-22_p0078_s181_b3,76,42
19-12-2024_15-59-56_p0062_s177_b3,45,-101
30-10-2024_15-14-13_p0052_s192_b3,56,17
18-04-2024_10-35-07_p0025_sP02_b1,15,24
06-02-2025_18-41-54_p0069_s182_b3,52,29
08-10-2024_16-00-40_p0049_s119_b2,20,1
13-02-2025_14-47-03_p0067_s15_b1,46,25
05-09-2024_16-19-16_p0047,22,41
01-02-2025_14-39-23_p0064_s76_b1,60,8
15-05-2024_16-53-05_p0032_s152_b2,17,5
12-03-2025_10-30-28_p0074,71,31
18-03-2024_11-39-51_p0013,22,25
07-01-2025_16-18-34_p0063,28,43
29-08-2024_16-22-30_p0045_s275_b4,39,35
02-04-2024_15-27-33_p0021_s177_b3,18,18
28-08-2024_16-41-29_p0038_s42_b1,50,13
02-04-2024_15-30-37_p0021_s179_b3,32,25
11-03-2025_19-05-32_p0075_s73_b1,42,12
06-11-2024_16-44-30_p0051_s119_b2,79,64
15-02-2025_12-27-31_p0070,39,7
18-06-2024_16-23-19_p0028_s223_b4,19,20
12-12-2024_19-30-14_p0058_s140_b2,11,12
13-12-2024_15-44-44_p0054_s146_b2,20,26
08-05-2024_09-36-30_p0030_s100_b2,20,31
26-08-2024_16-31-07_p0019_s174_b3,40,23
27-11-2024_15-41-48_p0054_s275_b4,32,20
20-02-2025_18-59-27_p0075,50,21
20-05-2024_11-27-36_p0034_s18_b1,42,44
20-05-2024_12-27-24_p0034_s261_b4,57,63
21-01-2025_14-40-33_p0065_s212_b4,44,27
03-08-2024_11-15-23_p0043,23,15
10-12-2024_16-06-49_p0056,52,72
03-04-2025_13-55-58_p0080_s141_b2,51,31
07-12-2024_10-33-02_p0053_s255_b4,33,39
28-03-2025_15-37-43_p0081_s113_b2,32,55
13-03-2024_15-42-20_p0014_s213_b4,57,26
11-07-2024_15-17-53_p0041,29,28
07-05-2024_14-23-43_p0027_s249_b4,41,22
26-04-2024_14-51-39_p0028_s39_b1,72,21
30-01-2024_14-53-57_p12,51,26
05-09-2024_14-38-27_p0047_s11_b1,33,24
18-03-2024_11-30-53_p0013_s255_b4,12,18
01-02-2025_09-29-55_p0069_s209_b4,33,20
05-09-2024_15-41-48_p0047,17,23
10-12-2024_16-04-57_p0056_s263_b4,34,26
05-10-2024_11-24-35_p0050_s41_b1,26,15
30-09-2024_16-03-22_p0049_s265_b4,16,3
23-11-2024_13-38-13_p0052,29,25
31-01-2024_14-43-27_p13,26,45
26-08-2024_15-17-16_p0019_s8_b1,58,30
10-01-2025_14-59-42_p0062_s126_b2,70,53
13-12-2024_16-21-28_p0054_s40_b1,45,23
30-09-2024_16-05-19_p0049_s270_b4,73,-1
10-12-2024_17-20-10_p0056_s32_b1,83,36
17-02-2025_17-20-39_p0071_s53_b1,151,28
24-03-2025_16-57-44_p0076_s224_b4,30,12
30-04-2024_13-37-13_p0024_s139_b2,48,59
08-06-2024_10-03-37_p0031_s270_b4,28,31
10-12-2024_16-51-36_p0056_s2_b1,34,39
18-04-2024_10-17-13_p0025_s24_b1,78,9
28-02-2024_16-54-31_p0011,-6,36
27-11-2024_15-13-31_p0054_s222_b4,56,25
13-02-2025_14-39-43_p0067_s1_b1,39,59
18-01-2025_13-00-03_p0064_s182_b3,33,23
16-10-2024_15-19-45_p0049_s160_b3,17,-2
14-02-2025_17-56-08_p0073_s101_b2,13,22
11-02-2025_18-34-09_p0069_sP04_b2,128,9
06-02-2025_14-09-14_p0067,7,21
13-11-2024_16-50-10_p0051_s30_b1,55,21
18-04-2024_15-25-14_p0026_s95_b2,18,25
30-04-2024_13-08-38_p0024_s93_b2,28,79
13-03-2024_15-53-56_p0014_s228_b4,13,23
13-02-2025_14-04-39_p0067_s263_b4,52,38
20-03-2024_14-56-45_p0015,7,16
10-08-2024_11-12-48_p0043,49,22
23-04-2024_11-26-22_p0024_s229_b4,15,13
18-06-2024_15-28-58_p0028_s141_b2,41,39
04-09-2024_14-59-13_p0044_s277_b4,18,24
02-04-2024_15-41-51_p0021_sP14_b3,13,20
01-02-2025_09-45-07_p0069_s237_b4,30,19
14-03-2025_16-36-46_p0077_s256_b4,41,24
27-03-2025_14-33-21_p0080_s244_b3,63,36
14-02-2025_18-13-23_p0073_s142_b2,0,30
17-02-2025_17-19-23_p0071_s50_b1,62,15
08-01-2025_15-42-08_p0063_s242_b3,81,32
12-06-2024_16-23-52_p0038,52,29
10-05-2024_10-00-46_p0030_s264_b4,30,24
18-04-2024_15-39-46_p0026_s134_b2,17,30
25-03-2024_16-44-21_p0020_s152_b2,15,13
17-12-2024_16-52-35_p0060_s190_b3,26,20
03-12-2024_15-33-05_p0056,24,107
22-02-2024_11-48-13_p0017_s251_b4,37,48
28-08-2024_15-44-11_p0038,17,27
25-03-2024_16-17-15_p0020_s110_b2,8,24
07-02-2025_17-00-32_p0046_s208_b3,38,15
19-06-2024_15-18-45_p0023,29,38
16-04-2024_10-32-17_p0025_s229_b4,8,49
30-08-2024_15-23-13_p0046_s86_b2,17,17
13-02-2025_13-35-52_p0067,18,31
25-03-2025_18-38-02_p0079_s191_b3,42,22
24-01-2024_17-30-50_p10,39,15
06-11-2024_17-09-20_p0051_s157_b2,20,16
02-05-2024_15-23-17_p0026,8,17
17-07-2024_14-51-30_p0041,43,51
08-07-2024_11-47-39_p0040_s211_b4,22,-4
20-02-2025_19-00-29_p0075,28,20
04-10-2024_15-26-19_p0050_s153_b2,38,37
17-02-2025_17-00-42_p0071_s5_b1,66,33
26-02-2024_15-26-14_p0019_s212_b4,21,71
22-02-2024_10-41-21_p0017_s164_b3,-4,31
22-02-2024_14-10-46_p0018_s110_b2,7,19
22-02-2024_11-49-47_p0017_s258_b4,20,62
02-04-2024_15-36-01_p0021_s188_b3,34,24
21-11-2024_15-23-48_p0055,27,45
31-01-2024_14-51-32_p13,22,34
12-06-2024_10-22-43_p0036,22,16
24-07-2024_14-23-23_p0041_s40_b1,24,17
03-05-2024_08-47-59_p0030_s53_b1,22,33
13-05-2024_15-52-57_p0028,2,9
14-02-2025_17-54-33_p0073_s96_b2,11,22
22-02-2024_10-34-06_p0017,-23,38
19-03-2024_15-45-51_p0022,32,37
31-08-2024_14-02-55_p0047_s202_b3,45,35
05-09-2024_16-30-08_p0047_s271_b4,47,30
20-12-2024_15-16-23_p0061_s157_b2,0,27
30-01-2025_16-24-44_p0068_s200_b3,13,18
26-08-2024_15-20-22_p0019_s15_b1,43,38
10-05-2024_08-46-45_p0030,52,49
18-03-2024_11-28-00_p0013_s249_b4,19,22
08-05-2024_15-53-36_p0033_s186_b3,69,50
18-01-2025_10-22-04_p0057_s268_b4,80,11
21-02-2025_18-12-45_p0068_s46_b1,22,21
17-08-2024_11-18-40_p0043_s265_b4,44,18
11-03-2025_18-21-20_p0075_s270_b4,50,16
08-04-2024_16-15-25_p0021,9,31
20-03-2025_16-29-28_p0078,25,24
08-01-2025_16-19-51_p0063_s21_b1,5,42
03-09-2024_14-52-08_p0048,68,4
19-06-2024_10-04-49_p0036_s34_b1,32,29
19-02-2025_16-59-28_p0072_s68_b1,77,15
12-07-2024_15-18-57_p0040_s200_b3,23,4
10-08-2024_11-01-02_p0043_s138_b2,75,20
11-03-2025_18-56-02_p0075_s55_b1,75,19
11-02-2025_17-30-11_p0066_s280_b4,40,10
13-02-2025_18-32-53_p0070,58,36
28-01-2025_13-59-59_p0067,47,44
16-07-2024_16-19-03_p0039_s215_b4,32,11
05-06-2024_15-06-42_p0037_s219_b4,25,27
17-09-2024_16-15-44_p0048_s276_b4,30,18
26-11-2024_15-21-47_p0056_s96_b2,88,53
05-12-2024_16-21-05_p0055_s68_b1,100,30
07-12-2024_11-10-34_p0053_s43_b1,35,31
14-03-2025_16-26-04_p0077_s228_b4,55,31
08-01-2025_14-54-00_p0063,13,33
04-09-2024_16-14-43_p0044_s59_b1,77,5
23-11-2024_13-30-52_p0052_s140_b2,31,52
28-02-2024_16-31-45_p0011_sP07_b2,11,49
24-01-2025_15-49-55_p0060_s49_b1,40,30
14-01-2025_15-12-05_p0060_s90_b2,11,24
12-12-2024_15-45-08_p0057_s107_b2,48,31
17-09-2024_16-14-08_p0048_s272_b4,22,16
20-03-2025_16-23-46_p0078,21,16
10-02-2025_16-30-56_p0071_s168_b3,27,38
28-01-2025_13-13-20_p0067_s159_b3,29,12
15-05-2024_16-51-59_p0032_s150_b2,15,25
23-05-2024_15-05-12_p0035_s180_b3,37,29
11-02-2025_19-13-43_p0069,21,19
23-11-2024_09-56-38_p0053_s180_b3,28,25
24-04-2024_16-06-09_p0027_sP16_b3,61,84
19-06-2024_11-02-39_p0036_s177_b3,30,36
19-11-2024_16-24-11_p0054,20,10
24-01-2025_15-56-10_p0060_s65_b1,44,39
21-02-2024_11-35-00_p0013_s21_b1,27,38
08-04-2024_17-03-29_p0021_s80_b1,11,47
03-10-2024_14-50-40_p0050_s169_b3,27,-1
01-02-2025_14-38-44_p0064_s74_b1,34,1
11-03-2025_15-20-12_p0073_s255_b4,32,46
26-02-2025_09-26-10_p0074_s86_b2,52,29
29-04-2024_15-34-40_p0024,40,43
19-07-2024_14-02-00_p0040_s111_b2,22,19
16-10-2024_16-11-17_p0049_sP20_b3,39,4
25-01-2025_13-05-16_p0064_s108_b2,52,21
10-05-2024_16-52-11_p0033_s78_b1,22,12
05-03-2024_10-38-53_p0014_s53_b1,7,45
10-08-2024_10-39-32_p0043_s96_b2,72,32
23-05-2024_15-06-26_p0035_s183_b3,56,30
22-08-2024_16-55-48_p0042_s55_b1,30,22
08-05-2024_15-11-59_p0033,142,40
11-06-2024_14-02-50_p0035_s98_b2,24,27
21-02-2024_11-38-19_p0013_s30_b1,79,43
13-02-2025_15-09-33_p0067_s49_b1,119,21
20-02-2025_19-20-35_p0075_s188_b3,37,21
03-09-2024_14-44-04_p0048,45,12
01-02-2025_14-39-54_p0064_s77_b1,59,16
26-03-2024_15-14-16_p0022,38,29
13-02-2025_15-29-49_p0067_s81_b1,111,37
21-02-2025_17-51-22_p0068_s3_b1,51,40
14-08-2024_16-14-11_p0038_s257_b4,20,13
12-03-2025_10-25-40_p0074_s255_b4,35,34
05-09-2024_15-20-11_p0047_s47_b1,9,2
04-07-2024_15-56-37_p0039_sP14_b3,45,54
03-04-2025_13-49-38_p0080_s123_b2,82,26
21-12-2024_09-21-28_p0061_s212_b4,31,17
18-06-2024_15-43-11_p0028_s149_b2,55,37
22-03-2025_11-59-04_p0079_s130_b2,66,51
01-02-2025_10-35-04_p0069_s42_b1,35,21
11-03-2025_18-42-15_p0075_s12_b1,108,24
03-09-2024_15-39-38_p0048_s199_b3,54,6
27-05-2024_16-34-42_p0032_s13_b1,40,59
18-01-2025_13-04-45_p0064_s190_b3,48,30
04-09-2024_16-19-09_p0044_s63_b1,112,-1
25-03-2024_16-07-18_p0020_s85_b2,7,15
04-09-2024_16-07-18_p0044_s45_b1,118,0
08-08-2024_14-35-22_p0042,81,20
29-04-2024_11-23-40_p0029_s82_b2,26,17
07-01-2025_15-28-07_p0062_s280_b4,18,43
04-07-2024_14-59-59_p0039_s158_b3,24,45
13-05-2024_15-33-47_p0028_s160_b3,25,21
21-02-2024_11-53-28_p0013_s61_b1,60,29
20-12-2024_14-47-20_p0061_s119_b2,92,36
19-06-2024_11-16-55_p0036_sP14_b3,89,40
22-08-2024_16-03-54_p0042_s271_b4,24,2
24-07-2024_14-27-26_p0041_s50_b1,21,20
30-08-2024_15-30-30_p0046_s99_b2,13,28
07-12-2024_11-07-28_p0053_s33_b1,25,32
05-10-2024_09-38-26_p0050_s233_b4,25,10
28-02-2024_17-00-16_p0011,8,39
18-01-2025_12-58-20_p0064_s180_b3,30,30
01-02-2025_10-16-45_p0069_s3_b1,56,25
28-06-2024_14-30-48_p0035_s61_b1,22,62
10-05-2024_10-04-23_p0030_s272_b4,34,30
11-03-2025_17-50-53_p0075_s209_b4,38,47
27-03-2025_14-13-22_p0080,87,44
22-04-2024_09-37-18_p0025,28,29
12-03-2025_11-08-29_p0074_s61_b1,71,33
15-02-2025_10-59-28_p0065_s124_b2,46,17
30-10-2024_14-51-13_p0052,4,10
28-06-2024_15-15-22_p0035_s224_b4,3,25
20-03-2025_16-19-44_p0078_s143_b2,120,26
13-03-2024_14-59-01_p0014_s102_b2,40,55
21-12-2024_10-09-15_p0061_s20_b1,72,14
29-04-2024_11-54-25_p0029_s145_b2,20,23
19-03-2024_15-28-39_p0022_s136_b2,99,20
26-03-2024_15-25-19_p0022_s181_b3,43,27
11-03-2025_15-45-03_p0073_s10_b1,3,36
13-02-2025_19-35-57_p0070_s47_b1,63,41
13-11-2024_17-21-35_p0051,49,29
19-12-2024_16-29-09_p0062_s242_b3,60,22
07-01-2025_16-27-19_p0063_s150_b2,48,54
10-01-2025_15-43-17_p0063_s230_b4,9,48
07-05-2024_15-04-43_p0027_s37_b1,25,15
07-05-2024_14-27-17_p0027_s258_b4,27,47
13-03-2024_15-04-56_p0014_s114_b2,32,37
10-01-2025_15-14-59_p0062,21,44
23-11-2024_13-34-08_p0052_s145_b2,-10,48
18-01-2025_10-15-44_p0057_s259_b4,65,14
28-03-2025_15-42-37_p0081_s121_b2,175,38
07-02-2025_16-20-19_p0046_s165_b3,23,21
19-12-2024_16-10-44_p0062_s193_b3,36,15
19-06-2024_16-37-58_p0023_s47_b1,29,19
05-10-2024_11-23-41_p0050_s38_b1,21,21
21-01-2025_15-12-02_p0065_s253_b4,21,40
22-01-2025_17-48-56_p0066,36,21
01-02-2025_10-20-10_p0069_s11_b1,42,2
23-11-2024_09-29-38_p0053_s160_b3,25,18
15-02-2025_11-57-04_p0070,52,10
08-05-2024_15-54-41_p0033_s188_b3,98,49
22-02-2024_15-51-52_p0014,48,36
24-01-2025_15-57-30_p0060_s67_b1,35,31
10-05-2024_16-51-10_p0033_s73_b1,18,10
08-05-2024_09-46-37_p0030_s122_b2,21,49
24-04-2024_15-21-12_p0027_s163_b3,128,87
08-08-2024_14-33-42_p0042,0,23
17-06-2024_15-05-50_p0019_s110_b2,19,48
23-07-2024_16-46-23_p0039,18,15
18-12-2024_16-56-53_p0057,41,23
26-02-2024_16-17-50_p0019_s276_b4,43,36
03-05-2024_08-42-19_p0030_s42_b1,29,25
20-02-2024_16-38-29_p0015_s234_b4,22,9
07-01-2025_16-00-49_p0063_s118_b2,98,44
28-11-2024_15-25-33_p0055_s89_b2,49,31
26-02-2025_10-34-40_p0074,19,23
13-09-2024_16-03-21_p0046_s281_b4,22,2
26-08-2024_15-49-04_p0019_s75_b1,35,39
08-11-2024_14-34-17_p0052_s18_b1,74,64
27-03-2024_16-22-14_p0015_s59_b1,26,23
27-03-2025_14-18-28_p0080_s183_b3,38,50
30-01-2024_14-39-55_p12,39,38
17-08-2024_10-38-19_p0043_sP03_b1,64,7
26-02-2024_15-59-08_p0019_s253_b4,40,27
26-02-2024_15-34-20_p0019_s219_b4,21,53
24-01-2025_15-53-35_p0060_s59_b1,33,38
19-06-2024_16-24-33_p0023_s17_b1,57,21
07-01-2025_13-49-23_p0062_s16_b1,171,32
31-01-2024_14-34-52_p13,141,52
13-03-2024_15-47-29_p0014_s219_b4,42,27
15-02-2025_09-58-47_p0065_s32_b1,76,33
10-01-2025_14-57-29_p0062_s124_b2,38,34
04-10-2024_14-49-23_p0050,25,68
20-02-2025_19-43-11_p0075_s205_b3,39,14
28-08-2024_09-27-42_p0044_s94_b2,75,29
01-02-2025_12-11-20_p0070_s252_b4,78,10
25-03-2025_18-34-07_p0079_s182_b3,38,17
13-09-2024_16-32-26_p0046_s26_b1,31,5
19-12-2024_16-10-11_p0062_s192_b3,51,13
08-07-2024_12-17-35_p0040_s259_b4,61,20
03-02-2025_17-04-08_p0071_s122_b2,86,15
15-02-2025_11-44-59_p0070_s82_b2,61,7
28-08-2024_14-59-35_p0038_s85_b2,70,20
07-03-2024_14-03-00_p0010_s135_b2,7,36
24-01-2025_15-56-58_p0060_s66_b1,124,37
11-03-2025_18-15-07_p0075_s257_b4,55,24
28-08-2024_16-21-01_p0038_s3_b1,71,10
04-07-2024_15-30-42_p0039_s179_b3,44,47
06-02-2025_18-31-15_p0069,21,21
26-02-2025_09-40-31_p0074_s108_b2,31,35
03-10-2024_15-17-33_p0050_s184_b3,30,8
25-03-2024_15-50-48_p0020,30,41
25-03-2025_18-26-07_p0079,99,21
29-04-2024_15-27-25_p0024_s168_b3,42,58
05-12-2024_17-12-56_p0055_s254_b4,33,20
22-02-2024_11-05-03_p0017_s182_b3,67,53
13-02-2025_19-13-57_p0070_s3_b1,52,35
24-03-2025_17-21-04_p0076_s276_b4,36,36
22-01-2025_17-31-10_p0066_s186_b3,35,26
13-02-2025_14-57-01_p0067_s24_b1,69,36
23-11-2024_12-58-26_p0052_sP04_b2,104,28
10-01-2025_15-09-37_p0062_s145_b2,79,45
01-02-2025_14-14-13_p0064_s29_b1,72,14
17-02-2025_18-10-29_p0071_s229_b4,35,16
15-05-2024_16-12-28_p0032_s140_b2,91,30
08-05-2024_15-15-18_p0033_s161_b3,90,43
23-04-2024_11-19-52_p0024_s220_b4,21,18
11-03-2025_15-15-15_p0073_s239_b4,24,35
11-03-2025_16-09-21_p0073_s69_b1,36,54
06-02-2025_15-21-11_p0068,4,22
19-06-2024_16-24-56_p0023_s18_b1,47,17
19-06-2024_10-05-20_p0036_s35_b1,37,26
10-05-2024_09-54-49_p0030_s256_b4,34,35
26-11-2024_16-15-27_p0056,36,39
16-05-2024_15-11-46_p0034,19,51
06-09-2024_15-56-22_p0047_s139_b2,46,25
11-05-2024_09-51-34_p0034_s183_b3,44,32
02-05-2024_16-14-24_p0026,11,21
14-02-2025_18-17-30_p0073,24,11
12-12-2024_16-09-11_p0057_s139_b2,59,29
22-01-2024_16-40-14_p9,22,2
09-05-2024_15-06-13_p0033,40,20
28-06-2024_15-21-37_p0035_s239_b4,8,2
30-08-2024_16-03-00_p0046_s127_b2,7,19
18-01-2025_13-00-31_p0064_s183_b3,39,30
12-02-2025_17-13-58_p0072,21,18
14-03-2025_16-41-43_p0077,40,29
12-03-2024_14-48-13_p0022_s78_b1,14,31
01-08-2024_15-51-03_p0042,43,29
10-12-2024_17-27-07_p0056_s47_b1,108,245
23-07-2024_16-12-35_p0039_s103_b2,30,24
29-04-2024_11-36-53_p0029_s107_b2,26,18
01-02-2025_10-03-00_p0069_s270_b4,60,17
13-11-2024_17-55-29_p0051_s266_b4,25,22
10-05-2024_09-42-59_p0030_s225_b4,33,39
15-05-2024_15-44-48_p0032,54,27
11-02-2025_18-44-38_p0069_s105_b2,88,36
28-08-2024_15-03-33_p0038,47,19
29-08-2024_15-37-23_p0045_s222_b4,31,42
03-05-2024_18-29-34_p0031_s167_b3,10,27
28-03-2025_15-53-08_p0081,25,32
04-09-2024_15-55-10_p0044_s22_b1,46,12
03-04-2024_15-35-15_p0023_s218_b4,40,42
20-03-2025_15-51-50_p0078_s87_b2,53,28
12-03-2024_10-45-27_p0021_s260_b4,55,57
26-03-2024_16-25-47_p0022_s258_b4,44,43
17-08-2024_10-33-15_p0043_s63_b1,82,20
08-04-2024_16-46-32_p0021_s40_b1,37,34
03-05-2024_19-02-33_p0031_s203_b3,11,12
12-03-2025_10-05-40_p0074_s217_b4,27,25
11-06-2024_13-57-33_p0035,24,29
22-08-2024_16-48-55_p0042_s38_b1,49,27
30-01-2025_16-01-36_p0068,5,10
24-04-2024_15-42-42_p0027_s176_b3,61,59
18-01-2025_13-17-07_p0064,61,14
04-02-2025_16-48-38_p0066,60,26
22-02-2024_14-39-55_p0018_s156_b2,12,26
16-10-2024_16-21-57_p0049_s1_b1,19,7
24-03-2025_17-42-49_p0076_s54_b1,29,20
14-08-2024_16-15-18_p0038_s259_b4,139,13
02-05-2024_15-45-30_p0026_s210_b4,13,11
05-10-2024_10-19-58_p0050_s281_b4,24,11
24-03-2025_17-02-07_p0076_s235_b4,41,15
24-03-2025_17-41-27_p0076_s49_b1,27,24
30-01-2024_11-26-22_p11,-4,38
01-02-2025_10-00-28_p0069,25,11
24-01-2025_15-29-26_p0060_s5_b1,14,53
13-02-2025_15-00-13_p0067_s32_b1,31,24
01-02-2025_10-49-01_p0069_s70_b1,59,34
28-02-2024_16-52-34_p0011_s147_b2,13,36
08-07-2024_12-19-31_p0040,50,13
10-08-2024_11-11-23_p0043,22,26
20-03-2025_15-57-33_p0078_s101_b2,44,81
07-12-2024_11-18-27_p0053_s53_b1,28,24
19-07-2024_15-39-39_p0040_s52_b1,112,17
02-04-2024_15-54-22_p0021_s207_b3,14,21
13-02-2025_19-23-41_p0070_s18_b1,65,32
03-04-2024_15-44-01_p0023_s229_b4,30,48
18-06-2024_16-48-10_p0028,30,31
13-02-2025_19-00-13_p0070_s200_b3,29,34
03-08-2024_10-44-03_p0043_s177_b3,47,7
10-05-2024_16-27-06_p0033_s12_b1,19,11
23-07-2024_16-03-07_p0039_s83_b2,35,22
17-07-2024_14-54-41_p0041,71,48
28-09-2024_13-27-54_p0016_s248_b4,26,12
07-01-2025_14-57-30_p0062_s232_b4,21,45
21-11-2024_16-01-31_p0055_s241_b3,61,50
08-01-2025_16-45-58_p0063_sP03_b1,49,35
28-06-2024_14-22-23_p0035_s44_b1,53,36
22-02-2024_11-54-26_p0017_s266_b4,46,52
11-02-2025_19-00-35_p0069_s127_b2,151,23
21-02-2025_17-24-46_p0068_s251_b4,19,12
09-05-2024_15-05-30_p0033,37,25
30-08-2024_16-26-44_p0046,22,29
22-02-2024_11-00-18_p0017_s173_b3,-9,30
18-03-2024_11-34-34_p0013_s260_b4,22,19
16-04-2024_15-20-50_p0016_s161_b3,31,28
01-08-2024_16-45-02_p0042,21,14
04-02-2025_16-42-34_p0066,35,25
22-02-2024_13-47-07_p0018_s64_b1,34,38
11-03-2025_18-56-29_p0075_s57_b1,38,22
31-08-2024_13-01-00_p0047_s174_b3,43,45
21-08-2024_15-04-44_p0044_s204_b3,105,11
23-07-2024_16-40-06_p0039_s146_b2,12,20
26-02-2025_10-37-04_p0074,15,25
21-02-2024_12-06-35_p0013_s79_b1,54,55
21-12-2024_09-30-11_p0061_s228_b4,24,18
30-01-2024_11-08-49_p11,-21,26
03-04-2024_15-30-33_p0023_s209_b4,73,53
23-07-2024_16-54-11_p0039_s156_b2,32,27
27-03-2025_15-29-54_p0078_s194_b3,34,40
03-10-2024_15-06-22_p0050,113,21
17-09-2024_15-44-33_p0048_s228_b4,22,17
25-03-2024_16-08-50_p0020_s88_b2,24,10
27-03-2025_14-09-21_p0080,24,34
18-04-2024_10-31-41_p0025_s60_b1,29,13
12-06-2024_09-45-50_p0036,33,31
22-04-2024_09-18-44_p0025,4,14
04-09-2024_14-47-24_p0044,27,20
12-03-2025_11-05-23_p0074_s56_b1,62,23
25-03-2025_18-41-39_p0079,28,20
21-08-2024_14-40-43_p0044_s175_b3,81,12
03-05-2024_19-05-04_p0031_s208_b3,18,6
01-02-2025_12-22-56_p0070_s272_b4,51,26
13-02-2025_15-07-06_p0067_s44_b1,35,27
18-03-2024_11-13-00_p0013_s216_b4,20,15
27-11-2024_15-07-26_p0054_s212_b4,68,29
04-02-2025_16-33-41_p0066_s101_b2,37,23
28-01-2025_13-14-29_p0067_s160_b3,39,30
10-01-2025_15-59-42_p0063_s260_b4,58,14
28-08-2024_16-29-54_p0038_s23_b1,38,5
20-05-2024_11-39-08_p0034_s43_b1,46,33
21-12-2024_10-17-52_p0061_s38_b1,118,11
21-12-2024_10-20-45_p0061_s45_b1,75,20
10-05-2024_09-45-11_p0030_s230_b4,32,22
25-03-2025_18-13-52_p0079,18,31
09-05-2024_14-56-52_p0033_s141_b2,40,43
13-12-2024_14-38-42_p0054_s85_b2,62,25
13-02-2025_14-58-35_p0067_s28_b1,55,30
24-03-2025_17-32-26_p0076_s12_b1,103,31
24-01-2025_15-28-30_p0060_s3_b1,13,41
28-09-2024_14-06-23_p0016_s11_b1,15,7
18-01-2025_10-32-09_p0057_s281_b4,34,5
12-06-2024_16-30-06_p0038_s172_b3,-53,158
25-03-2025_18-30-39_p0079,31,21
10-02-2025_17-21-23_p0071_s241_b3,42,15
24-01-2025_14-48-48_p0060_s225_b4,27,48
05-09-2024_14-37-59_p0047_s10_b1,49,54
24-07-2024_14-10-59_p0041_s11_b1,17,12
17-09-2024_14-46-34_p0048_s37_b1,4,12
06-11-2024_16-54-03_p0051_s140_b2,50,24
07-01-2025_15-07-10_p0062_s255_b4,22,43
30-04-2024_13-48-54_p0024,50,55
26-04-2024_14-37-24_p0028_s16_b1,110,23
01-02-2025_09-40-55_p0069_s223_b4,18,12
13-03-2024_15-41-19_p0014_s211_b4,53,35
28-11-2024_15-47-54_p0055_s117_b2,37,33
16-04-2024_15-19-42_p0016,32,28
13-05-2024_15-56-42_p0028_s172_b3,100,6
08-05-2024_09-30-46_p0030,25,24
10-09-2024_14-04-42_p0048,24,13
24-01-2025_16-10-38_p0060_s78_b1,12,46
26-02-2025_10-24-55_p0074_s138_b2,79,43
30-08-2024_16-30-02_p0046_s157_b2,4,6
08-01-2025_15-21-10_p0063_s189_b3,36,40
28-08-2024_09-47-54_p0044_s123_b2,59,28
12-06-2024_15-53-54_p0038,31,52
29-04-2024_11-52-24_p0029_s141_b2,17,22
12-03-2024_14-45-27_p0022_s70_b1,35,25
25-02-2025_18-52-41_p0075,48,27
10-05-2024_09-38-38_p0030_s220_b4,25,20
20-05-2024_12-30-38_p0034_s264_b4,50,37
22-08-2024_16-37-15_p0042_s18_b1,25,29
04-07-2024_15-04-21_p0039,43,57
17-12-2024_17-10-39_p0060_s202_b3,19,18
08-04-2024_15-43-20_p0021_s115_b2,11,34
01-02-2025_13-36-43_p0064_s254_b4,25,17
31-01-2025_15-25-16_p0065_s190_b3,53,44
08-08-2024_15-20-00_p0042_s157_b2,26,22
23-11-2024_13-39-47_p0052,7,27
07-12-2024_11-06-15_p0053_s29_b1,95,27
30-09-2024_15-51-12_p0049_s255_b4,13,-6
27-02-2025_14-03-57_p0073,5,19
26-03-2024_16-17-02_p0022_s234_b4,19,20
27-03-2025_14-02-13_p0080_s162_b3,62,21
12-12-2024_16-08-32_p0057_s137_b2,25,27
20-03-2025_14-31-10_p0076_s96_b2,47,21
22-02-2024_13-20-50_p0018_s10_b1,43,27
19-02-2025_16-28-41_p0072_s3_b1,72,19
04-07-2024_15-00-23_p0039_s159_b3,2,35
07-05-2024_14-37-32_p0027_s272_b4,36,35
06-02-2025_14-14-34_p0067,25,9
17-09-2024_16-11-48_p0048_s268_b4,23,18
01-02-2025_13-39-23_p0064_s257_b4,25,4
26-08-2024_16-26-37_p0019,24,41
26-03-2024_15-36-28_p0022_s190_b3,26,25
08-07-2024_12-24-25_p0040,80,3
07-01-2025_14-16-09_p0062_s65_b1,98,47
05-12-2024_17-00-17_p0055_s229_b4,12,18
31-08-2024_13-24-01_p0047_sP14_b3,32,53
22-03-2025_12-14-31_p0079_s154_b2,78,25
12-02-2025_16-31-55_p0072_s95_b2,53,13
30-04-2024_13-10-14_p0024_s97_b2,48,103
14-08-2024_16-07-48_p0038_s249_b4,24,21
12-07-2024_15-27-34_p0040_s242_b3,68,24
28-02-2024_16-57-19_p0011,4,25
18-01-2025_12-38-45_p0064_s166_b3,52,39
25-01-2025_13-04-00_p0064,92,5
10-09-2024_14-18-47_p0048_s100_b2,43,11
20-03-2025_14-38-50_p0076_s113_b2,13,16
16-09-2024_15-43-36_p0045_s124_b2,34,18
25-02-2025_19-35-48_p0075,59,16
27-05-2024_15-14-40_p0032_s165_b3,135,34
06-02-2025_18-51-07_p0069,62,35
22-02-2024_11-05-18_p0017_s183_b3,1,33
14-01-2025_16-07-00_p0060_s153_b2,4,34
18-12-2024_10-08-46_p0061,50,26
11-06-2024_14-22-05_p0035_s125_b2,44,22
07-01-2025_15-38-03_p0063_s87_b2,28,47
15-02-2025_11-13-58_p0065_s140_b2,45,20
16-10-2024_16-33-18_p0049_s31_b1,32,11
22-04-2024_09-14-01_p0025_s167_b3,13,14
13-11-2024_16-48-02_p0051_s24_b1,54,26
07-01-2025_15-39-31_p0063_s90_b2,34,46
17-08-2024_11-25-36_p0043_s279_b4,46,23
19-06-2024_16-17-12_p0023_s3_b1,69,32
04-09-2024_15-43-05_p0044_s1_b1,37,15
22-02-2024_11-36-45_p0017_s213_b4,30,73
14-12-2024_11-34-02_p0059_s144_b2,34,14
20-02-2025_18-52-13_p0075,52,21
18-04-2024_10-27-02_p0025_s49_b1,15,18
14-03-2025_17-20-43_p0077_s29_b1,71,22
30-10-2024_14-54-09_p0052,21,21
28-08-2024_15-26-05_p0038_s123_b2,88,5
13-03-2024_14-55-59_p0014_s96_b2,65,44
08-10-2024_16-18-46_p0049,15,2
14-12-2024_10-37-46_p0059_s84_b2,38,17
19-02-2025_10-38-02_p0074,15,63
20-12-2024_14-44-58_p0061,34,28
07-12-2024_10-58-37_p0053_s14_b1,26,35
25-02-2025_19-33-23_p0075,55,17
30-04-2024_13-13-10_p0024_s103_b2,28,58
18-06-2024_16-38-58_p0028_s252_b4,22,21
08-04-2024_16-07-22_p0021,15,24
17-06-2024_15-32-42_p0019,17,24
29-04-2024_15-48-13_p0024_s185_b3,47,65
04-09-2024_16-30-24_p0044_s81_b1,53,10
28-08-2024_16-27-57_p0038_s19_b1,62,-5
08-05-2024_09-57-13_p0030,34,18
28-09-2024_13-21-12_p0016_s229_b4,13,12
11-02-2025_18-11-14_p0066_s39_b1,32,27
05-09-2024_15-39-46_p0047,12,27
07-01-2025_14-03-06_p0062_s40_b1,72,46
04-07-2024_16-13-59_p0039,41,41
17-08-2024_10-22-22_p0043_s40_b1,30,19
10-05-2024_15-26-18_p0033_s232_b4,50,38
27-02-2025_14-20-22_p0073,8,23
10-12-2024_16-09-43_p0056_s268_b4,75,14
18-04-2024_15-31-10_p0026_s113_b2,11,25
08-08-2024_14-37-52_p0042_s83_b2,24,28
16-09-2024_15-20-41_p0045_s100_b2,30,15
13-09-2024_16-31-17_p0046_s23_b1,18,-2
28-08-2024_09-42-51_p0044,13,33
28-08-2024_15-34-51_p0038_s139_b2,64,15
28-08-2024_16-46-53_p0038_s51_b1,85,22
03-10-2024_14-49-06_p0050_s167_b3,33,12
23-04-2024_15-07-38_p0026_s16_b1,19,63
13-05-2024_15-35-07_p0028_s162_b3,73,9
19-07-2024_14-34-46_p0040,29,21
05-06-2024_10-05-57_p0036_s232_b4,27,22
09-05-2024_15-13-05_p0033,45,21
10-12-2024_17-38-49_p0056_s65_b1,85,39
17-09-2024_16-09-04_p0048,62,9
30-10-2024_14-57-37_p0052,41,-2
27-11-2024_15-09-39_p0054_s218_b4,26,31
16-10-2024_15-22-55_p0049_s164_b3,22,18
28-08-2024_16-26-18_p0038_s15_b1,70,10
28-01-2025_13-59-37_p0067_s196_b3,43,18
15-02-2025_11-19-34_p0065,38,9
25-02-2025_18-39-10_p0075_s105_b2,54,30
28-02-2024_16-51-23_p0011_s145_b2,12,31
26-02-2025_10-34-21_p0074,31,21
16-09-2024_15-33-08_p0045_s116_b2,33,7
24-04-2024_15-20-26_p0027_s162_b3,106,159
14-01-2025_15-47-55_p0060_s139_b2,7,45
08-04-2024_15-51-19_p0021_s126_b2,17,22
19-03-2024_15-00-12_p0022_s93_b2,43,38
20-05-2024_11-31-04_p0034_s26_b1,50,38
22-02-2024_10-41-57_p0017,7,48
08-05-2024_15-17-54_p0033_s163_b3,137,82
18-03-2024_15-45-02_p0020_s73_b1,7,38
13-02-2025_14-14-51_p0067_s275_b4,34,29
11-03-2025_15-44-17_p0073_s7_b1,19,48
11-02-2025_18-00-05_p0066_s14_b1,45,25
07-05-2024_14-34-40_p0027_s268_b4,31,25
16-05-2024_14-22-08_p0034_sP05_b2,90,24
20-03-2025_14-33-21_p0076_s102_b2,47,36
26-03-2024_16-33-04_p0022_s269_b4,75,28
05-10-2024_09-48-47_p0050_s250_b4,24,9
03-08-2024_10-38-01_p0043_s172_b3,79,12
22-04-2024_09-24-45_p0025_s178_b3,48,23
19-06-2024_15-37-51_p0023_s191_b3,43,45
14-01-2025_15-40-29_p0060_s126_b2,22,48
11-02-2025_19-01-46_p0069_s129_b2,144,29
18-03-2024_11-24-41_p0013_s240_b4,32,12
10-12-2024_16-15-22_p0056_s274_b4,55,46
24-04-2024_16-04-31_p0027_s200_b3,69,70
03-04-2024_15-33-21_p0023_s214_b4,17,36
11-03-2025_15-54-59_p0073_s38_b1,-3,33
09-05-2024_14-22-45_p0033_s98_b2,45,26
14-01-2025_15-16-42_p0060_s99_b2,3,36
24-04-2024_16-08-27_p0027_s204_b3,52,64
20-05-2024_12-05-08_p0034_s219_b4,52,34
12-03-2025_09-46-08_p0074_s215_b4,58,34
11-02-2025_18-16-16_p0066_s53_b1,31,28
21-01-2025_15-13-01_p0065_s255_b4,43,31
30-01-2024_14-32-27_p12,31,24
01-08-2024_16-56-54_p0042,27,17
05-09-2024_14-37-33_p0047_s9_b1,28,13
17-02-2025_18-15-59_p0071,59,19
24-01-2025_15-02-10_p0060_s253_b4,15,44
20-05-2024_12-40-18_p0034_s283_b4,53,39
20-05-2024_12-21-19_p0034_s253_b4,61,35
12-03-2025_10-51-32_p0074_s26_b1,61,12
16-09-2024_15-01-27_p0045,36,19
18-12-2024_09-58-17_p0061,41,47
14-08-2024_15-53-55_p0038_s227_b4,27,14
22-01-2024_16-46-38_p9,302,22
21-02-2024_15-23-38_p0016_s96_b2,0,17
20-03-2025_14-53-59_p0076_s142_b2,53,23
30-08-2024_16-21-48_p0046,24,15
31-03-2025_18-34-45_p0079_s251_b4,54,42
20-05-2024_12-14-08_p0034_s235_b4,53,41
21-08-2024_14-41-10_p0044_s176_b3,40,-2
05-09-2024_16-11-46_p0047_s252_b4,44,17
08-06-2024_09-44-42_p0031_s245_b4,26,55
19-12-2024_16-23-47_p0062_s205_b3,61,16
28-08-2024_10-11-01_p0044,26,34
19-12-2024_15-47-31_p0062,35,15
29-04-2024_15-26-35_p0024,57,51
24-03-2025_17-41-00_p0076_s47_b1,56,19
01-02-2025_13-44-04_p0064,39,18
13-02-2025_18-40-55_p0070,115,29
18-12-2024_17-04-23_p0057,52,13
13-03-2024_16-14-44_p0014_s273_b4,31,18
22-02-2024_11-51-30_p0017_s259_b4,91,49
13-02-2025_18-45-44_p0070,65,35
27-02-2025_14-07-34_p0073,18,29
23-04-2024_15-29-04_p0026_s63_b1,52,42
12-03-2025_10-19-11_p0074_s236_b4,32,27
18-04-2024_15-43-34_p0026_s143_b2,23,23
22-02-2024_11-01-54_p0017_s175_b3,35,56
10-12-2024_17-19-18_p0056_s31_b1,122,45
12-12-2024_16-02-45_p0057_s127_b2,96,26
11-07-2024_15-11-42_p0041,35,34
03-05-2024_08-45-27_p0030_s46_b1,43,31
30-04-2024_13-15-06_p0024,24,48
03-04-2025_14-00-50_p0080,35,15
31-01-2024_14-58-46_p13,25,26
25-03-2024_15-40-03_p0020_s235_b4,29,47
22-08-2024_16-53-40_p0042_s49_b1,10,25
21-02-2025_17-55-17_p0068_s11_b1,36,24
03-04-2024_15-29-59_p0023,86,79
04-10-2024_15-21-46_p0050,28,39
01-02-2025_09-42-23_p0069_s228_b4,27,18
11-03-2025_15-58-55_p0073_s51_b1,8,69
24-07-2024_15-09-55_p0041_s238_b4,24,17
19-02-2025_16-34-58_p0072_s20_b1,107,16
03-05-2024_14-11-51_p0027,9,24
24-07-2024_14-32-25_p0041_s63_b1,86,10
10-01-2025_15-16-57_p0062,37,64
14-03-2025_17-28-42_p0077_s54_b1,74,6
30-04-2024_13-00-59_p0024_sP04_b2,8,22
15-05-2024_16-47-53_p0032,19,22
08-04-2024_16-29-15_p0021_s2_b1,22,46
26-08-2024_15-48-43_p0019_s74_b1,45,31
15-02-2025_11-04-53_p0065_s133_b2,51,14
05-09-2024_15-47-03_p0047_s219_b4,56,24
20-12-2024_14-57-37_p0061_s139_b2,38,28
13-05-2024_16-33-53_p0028_s206_b3,11,-5
29-04-2024_15-50-34_p0024_s189_b3,39,74
28-08-2024_09-15-49_p0044_sP04_b2,126,103
13-02-2025_18-48-54_p0070_s183_b3,30,48
13-02-2025_19-26-29_p0070_s25_b1,21,31
22-08-2024_15-38-35_p0042_s229_b4,18,3
13-03-2024_14-49-48_p0014_s86_b2,65,37
10-12-2024_17-29-48_p0056_s51_b1,111,38
11-02-2025_18-39-43_p0069_s93_b2,33,24
24-05-2024_18-58-10_p0031_s133_b2,30,39
13-09-2024_15-31-09_p0046_s234_b4,32,7
25-03-2025_18-18-20_p0079_s165_b3,50,20
21-02-2025_17-27-40_p0068_s258_b4,20,22
21-02-2024_16-06-59_p0016,22,31
19-06-2024_10-45-45_p0036_s166_b3,25,44
11-03-2024_15-42-07_p0020_s171_b3,43,41
16-10-2024_15-58-04_p0049_sP14_b3,26,6
08-06-2024_10-23-48_p0031_s14_b1,31,46
22-01-2025_17-28-49_p0066_s181_b3,42,40
10-02-2025_17-18-13_p0071_s206_b3,52,13
26-03-2024_16-28-23_p0022_s260_b4,75,31
03-08-2024_11-04-44_p0043,43,11
30-01-2024_14-30-35_p12,25,27
23-04-2024_15-32-34_p0026_s72_b1,21,66
01-02-2025_09-51-27_p0069_s254_b4,32,17
11-02-2025_19-11-20_p0069_s147_b2,62,32
08-07-2024_11-47-02_p0040,19,20
07-12-2024_10-02-05_p0053,37,34
11-03-2024_15-45-17_p0020_s177_b3,-30,83
08-06-2024_10-30-48_p0031_s35_b1,34,42
16-04-2024_10-32-37_p0025_s230_b4,4,52
30-09-2024_15-38-44_p0049_s227_b4,-7,9
28-09-2024_14-37-59_p0016_s77_b1,9,9
05-12-2024_17-06-18_p0055_s237_b4,24,18
17-07-2024_14-32-38_p0041_s126_b2,85,18
19-06-2024_16-47-37_p0023_s69_b1,34,19
01-02-2025_10-31-31_p0069_s35_b1,2,46
13-12-2024_16-16-46_p0054_s28_b1,37,28
10-01-2025_14-50-05_p0062,53,42
12-03-2025_10-59-20_p0074_s44_b1,95,19
15-02-2025_10-20-00_p0065_s70_b1,42,24
05-10-2024_11-28-48_p0050_s53_b1,22,-2
10-05-2024_18-42-11_p0025_s140_b2,12,23
01-02-2025_14-25-46_p0064_s51_b1,81,16
26-02-2024_15-47-54_p0019_s236_b4,34,42
08-11-2024_16-32-10_p0053_s155_b2,21,41
18-04-2024_15-23-36_p0026_s89_b2,2,27
27-03-2025_15-10-39_p0078,32,38
16-07-2024_16-36-42_p0039_s245_b4,77,9
16-10-2024_16-47-55_p0049_s68_b1,10,11
03-09-2024_15-45-54_p0048_s207_b3,43,22
08-05-2024_09-28-43_p0030_s85_b2,32,24
28-09-2024_13-42-27_p0016_s271_b4,16,-2
19-02-2025_10-35-37_p0074,73,68
05-10-2024_11-13-06_p0050_s12_b1,20,18
03-12-2024_15-15-11_p0056,45,41
28-06-2024_15-33-30_p0035_s254_b4,6,13
20-12-2024_14-41-29_p0061_s115_b2,47,36
06-11-2024_16-53-39_p0051_s139_b2,20,24
03-04-2024_15-54-40_p0023_s247_b4,47,49
21-08-2024_14-19-05_p0044_s161_b3,84,17
18-03-2024_15-42-00_p0020_s65_b1,14,31
11-03-2025_18-28-37_p0075_s281_b4,72,23
08-07-2024_12-17-54_p0040_s260_b4,59,50
23-05-2024_14-58-27_p0035_s172_b3,65,33
10-05-2024_08-55-49_p0030_s190_b3,38,47
08-06-2024_10-39-53_p0031_s56_b1,29,37
04-09-2024_16-06-41_p0044_s44_b1,70,78
08-05-2024_15-49-16_p0033_s182_b3,56,52
12-03-2024_10-52-55_p0021_s280_b4,41,40
08-11-2024_14-26-11_p0052_s6_b1,97,64
11-03-2025_19-03-59_p0075_s70_b1,39,13
22-01-2024_16-55-07_p9,21,35
28-01-2025_14-14-49_p0067_s243_b3,65,19
09-05-2024_14-13-08_p0033_s84_b2,56,35
04-02-2025_17-01-31_p0066,43,25
14-03-2025_16-40-05_p0077,49,38
22-02-2024_15-43-05_p0014_s191_b3,29,44
20-03-2025_16-26-02_p0078,29,29
11-05-2024_10-03-36_p0034_s199_b3,52,34
28-03-2025_15-25-11_p0081_sP05_b2,65,37
18-03-2024_11-18-09_p0013,22,26
17-08-2024_11-21-44_p0043_s271_b4,103,15
19-12-2024_16-22-04_p0062,66,24
03-04-2025_13-47-16_p0080,23,11
26-11-2024_16-24-03_p0056_s156_b2,95,30
05-12-2024_16-52-45_p0055_s220_b4,14,102
14-01-2025_15-32-04_p0060_s120_b2,29,55
12-03-2025_11-13-32_p0074_s76_b1,72,40
10-12-2024_17-29-28_p0056_s50_b1,17,34
16-05-2024_14-32-34_p0034,45,28
28-02-2024_16-56-23_p0011,10,35
30-10-2024_15-28-15_p0052,42,60
08-04-2024_15-22-35_p0021_s82_b2,37,53
24-05-2024_19-09-59_p0031,30,55
13-12-2024_15-52-16_p0054,26,13
01-02-2025_10-46-22_p0069_s66_b1,114,30
07-05-2024_14-37-12_p0027,38,36
27-03-2025_15-22-11_p0078_s184_b3,103,43
16-10-2024_16-22-49_p0049_s3_b1,61,-12
31-08-2024_12-29-50_p0047_s167_b3,28,23
26-08-2024_15-22-45_p0019_s21_b1,52,36
27-02-2025_14-33-55_p0073,23,8
30-01-2024_15-00-41_p12,46,44
29-08-2024_15-42-23_p0045_s232_b4,19,35
19-11-2024_16-07-23_p0054_s181_b3,32,25
05-09-2024_16-09-18_p0047_s249_b4,39,25
29-04-2024_15-27-55_p0024_s169_b3,37,59
13-03-2024_14-51-00_p0014_s88_b2,41,62
30-01-2024_11-07-07_p11,-2,12
13-02-2025_14-41-49_p0067_s6_b1,51,23
20-03-2025_14-53-45_p0076_s141_b2,41,45
26-10-2024_12-33-59_p0051_sP16_b3,43,26
07-03-2024_14-00-54_p0010_s128_b2,19,17
07-05-2024_14-54-34_p0027_s6_b1,6,31
03-02-2025_17-33-44_p0071_s157_b2,66,14
03-05-2024_18-43-12_p0031_s178_b3,16,21
01-02-2025_13-41-35_p0064,31,30
06-05-2024_15-40-38_p0032_s253_b4,58,37
24-01-2025_14-55-43_p0060_s237_b4,21,39
22-02-2024_13-20-20_p0018_s8_b1,30,30
26-08-2024_16-57-31_p0019_s206_b3,28,17
11-02-2025_18-35-01_p0069_s83_b2,42,17
03-10-2024_15-21-09_p0050_s189_b3,15,3
03-08-2024_10-34-57_p0043,91,9
12-03-2025_11-11-31_p0074_s69_b1,88,11
26-03-2024_16-38-19_p0022_s281_b4,39,63
16-10-2024_16-35-07_p0049_s37_b1,24,-3
21-02-2024_15-43-25_p0016_s123_b2,-1,23
08-07-2024_12-35-11_p0040_s283_b4,55,11
11-03-2025_15-05-43_p0073_s212_b4,24,25
16-07-2024_16-57-03_p0039_s276_b4,32,18
17-07-2024_14-37-59_p0041_s138_b2,40,46
24-01-2025_15-16-10_p0060,64,40
08-04-2024_16-48-06_p0021_s45_b1,19,29
05-12-2024_16-17-01_p0055_s65_b1,87,23
19-06-2024_09-51-38_p0036_s7_b1,20,37
13-11-2024_16-49-04_p0051_s27_b1,48,19
06-02-2025_15-15-17_p0068_s138_b2,20,26
20-05-2024_15-19-05_p0023_s93_b2,16,13
07-01-2025_16-21-14_p0063,31,64
25-03-2025_18-26-48_p0079_s172_b3,88,23
16-04-2024_15-22-19_p0016_s163_b3,9,12
14-02-2025_17-55-10_p0073_s98_b2,15,12
27-03-2024_15-35-21_p0015,13,10
06-08-2024_16-29-51_p0039_s43_b1,41,11
28-08-2024_16-54-38_p0038_s65_b1,140,43
08-11-2024_16-21-44_p0053,24,32
23-07-2024_16-18-00_p0039_s113_b2,48,16
14-08-2024_15-52-53_p0038_s225_b4,49,17
23-05-2024_15-02-04_p0035_s177_b3,84,30
28-06-2024_14-23-26_p0035_s46_b1,22,60
26-11-2024_15-13-36_p0056_s86_b2,89,40
06-09-2024_15-22-14_p0047_s97_b2,17,14
15-02-2025_10-42-41_p0065_s99_b2,41,20
26-03-2024_16-04-59_p0022,20,18
28-08-2024_09-55-04_p0044_s135_b2,79,32
26-08-2024_15-42-42_p0019_s62_b1,21,51
13-11-2024_17-51-19_p0051_s262_b4,19,14
11-03-2025_18-49-58_p0075_s37_b1,57,20
18-04-2024_15-20-16_p0026_s82_b2,52,27
30-08-2024_15-28-04_p0046_s95_b2,18,14
29-08-2024_15-50-51_p0045_s249_b4,31,32
12-07-2024_14-26-00_p0040_s159_b3,48,47
30-01-2025_15-45-32_p0068_s160_b3,50,14
17-07-2024_14-32-14_p0041_s125_b2,38,24
22-02-2024_15-30-29_p0014,14,37
12-02-2025_16-36-02_p0072_s102_b2,70,26
26-11-2024_16-24-28_p0056_s157_b2,84,46
13-12-2024_16-20-12_p0054_s37_b1,32,33
26-03-2024_15-04-36_p0022_s162_b3,69,22
30-01-2025_16-12-18_p0068_s184_b3,41,36
22-03-2025_11-52-30_p0079,48,22
23-07-2024_16-34-37_p0039_s140_b2,38,27
22-04-2024_09-25-34_p0025,10,41
31-03-2025_18-30-37_p0079_s238_b4,48,56
23-04-2024_15-18-24_p0026_s36_b1,10,28
30-10-2024_15-07-50_p0052_s187_b3,36,77
22-03-2025_12-11-18_p0079,29,22
28-08-2024_10-00-35_p0044_s143_b2,107,23
21-01-2025_14-57-41_p0065_s226_b4,27,22
21-12-2024_09-45-09_p0061_s262_b4,27,21
08-08-2024_14-41-06_p0042_s88_b2,22,24
27-03-2024_15-35-05_p0015,14,19
03-05-2024_14-05-45_p0027_s100_b2,19,34
08-07-2024_11-50-57_p0040_s218_b4,31,10
12-12-2024_19-12-36_p0058_s116_b2,17,28
20-05-2024_12-12-00_p0034_s230_b4,57,38
28-06-2024_14-30-28_p0035_s60_b1,28,52
03-10-2024_15-59-35_p0050,41,-1
12-02-2025_17-19-22_p0072_s155_b2,27,20
11-02-2025_18-41-58_p0069_s99_b2,113,44
07-05-2024_14-15-33_p0027_s223_b4,43,53
11-03-2025_16-11-52_p0073_s75_b1,10,32
12-03-2024_14-46-41_p0022_s73_b1,3,25
01-08-2024_16-44-37_p0042_s189_b3,44,12
10-01-2025_14-42-46_p0062_s106_b2,52,32
23-07-2024_16-47-20_p0039,16,21
28-08-2024_10-01-34_p0044_s145_b2,80,32
12-02-2025_16-56-10_p0072_s126_b2,93,15
22-08-2024_16-30-56_p0042_s4_b1,17,27
14-08-2024_15-40-40_p0038_s214_b4,31,14
01-02-2025_10-02-10_p0069_s268_b4,22,16
20-05-2024_11-49-51_p0034_s63_b1,49,23
04-09-2024_15-02-40_p0044_s282_b4,69,33
18-03-2024_11-37-03_p0013,46,18
05-12-2024_15-37-13_p0055_s3_b1,57,36
16-10-2024_15-26-06_p0049_s167_b3,23,12
19-06-2024_16-39-18_p0023_s50_b1,24,17
18-01-2025_12-32-51_p0064,32,26
19-11-2024_15-59-33_p0054,22,20
03-04-2024_16-08-24_p0023_s271_b4,15,32
22-03-2025_11-56-37_p0079,54,23
07-01-2025_14-06-58_p0062_s48_b1,123,43
10-12-2024_15-37-58_p0056_s235_b4,41,30
05-12-2024_17-00-38_p0055_s230_b4,11,30
11-02-2025_18-59-30_p0069_s125_b2,22,34
05-03-2024_10-31-23_p0014_s29_b1,111,61
30-09-2024_15-21-00_p0049,38,21
16-09-2024_16-03-29_p0045_s153_b2,25,14
04-09-2024_14-50-21_p0044_s263_b4,53,19
28-08-2024_09-38-07_p0044_s111_b2,65,36
21-02-2025_17-42-52_p0068_s272_b4,25,21
14-02-2025_18-24-10_p0073_s150_b2,71,12
08-05-2024_09-50-26_p0030_s133_b2,25,38
10-02-2025_16-44-17_p0071_s176_b3,47,14
31-03-2025_18-29-40_p0079_s235_b4,37,45
03-04-2024_15-43-13_p0023_s227_b4,-76,139
25-03-2024_15-41-47_p0020_s239_b4,33,39
05-09-2024_14-50-47_p0047_s28_b1,31,22
23-07-2024_16-04-08_p0039_s86_b2,32,44
31-03-2025_18-39-51_p0079_s260_b4,69,51
07-05-2024_15-20-35_p0027_s79_b1,17,4
24-07-2024_15-17-19_p0041_s258_b4,36,25
20-03-2025_14-33-06_p0076_s101_b2,41,29
11-03-2025_18-13-08_p0075_s255_b4,36,28
02-05-2024_15-58-07_p0026_s240_b4,13,24
22-02-2024_11-53-32_p0017,21,20
15-05-2024_15-15-58_p0032_s86_b2,51,35
26-10-2024_12-13-59_p0051_s177_b3,42,-1
08-07-2024_11-47-20_p0040_s210_b4,55,13
26-11-2024_15-22-17_p0056_s97_b2,96,46
21-02-2024_11-31-37_p0013_s10_b1,38,29
13-12-2024_14-47-32_p0054_s91_b2,51,32
13-09-2024_16-54-04_p0046_s76_b1,6,11
31-01-2025_15-06-55_p0065,32,35
14-08-2024_16-18-19_p0038,62,16
11-03-2025_15-43-28_p0073_s4_b1,20,23
12-02-2025_17-01-00_p0072_s135_b2,102,20
19-06-2024_11-18-35_p0036_s194_b3,26,35
21-08-2024_15-03-19_p0044,78,23
06-02-2025_13-55-24_p0067_s131_b2,79,12
31-01-2025_15-36-10_p0065_s199_b3,42,40
19-06-2024_15-37-31_p0023_s190_b3,27,31
19-02-2025_16-54-15_p0072_s61_b1,71,20
02-05-2024_15-05-01_p0026_s181_b3,20,24
17-02-2025_17-19-44_p0071_s51_b1,118,31
10-02-2025_16-43-23_p0071,66,17
12-03-2025_11-13-16_p0074_s75_b1,86,41
14-03-2025_16-23-36_p0077,55,24
12-06-2024_16-34-59_p0038_s178_b3,53,21
18-06-2024_16-51-34_p0028_s267_b4,24,32
24-07-2024_14-12-57_p0041_s16_b1,25,20
03-04-2024_15-44-22_p0023_s230_b4,22,51
04-10-2024_14-49-55_p0050,17,60
14-01-2025_16-01-50_p0060,28,36
23-11-2024_13-15-37_p0052_s111_b2,16,35
16-09-2024_17-00-42_p0045_s53_b1,46,17
23-11-2024_10-18-11_p0053_s203_b3,35,23
26-04-2024_14-58-29_p0028_s52_b1,128,20
26-10-2024_12-18-15_p0051_s183_b3,71,18
28-01-2025_14-00-27_p0067_s197_b3,51,24
05-12-2024_16-08-01_p0055_s51_b1,90,30
08-05-2024_10-03-05_p0030,37,40
08-05-2024_15-33-02_p0033,49,42
03-04-2024_15-40-19_p0023,63,22
29-08-2024_15-42-47_p0045_s233_b4,32,27
30-01-2025_16-25-24_p0068_s202_b3,16,28
28-08-2024_16-56-40_p0038_s68_b1,74,19
10-09-2024_14-45-35_p0048_s135_b2,3,11
03-05-2024_08-28-15_p0030_s4_b1,29,34
04-02-2025_16-37-55_p0066_s109_b2,42,23
05-03-2024_10-25-45_p0014_s14_b1,7,48
30-01-2024_11-27-44_p11,6,31
03-08-2024_10-38-50_p0043,67,5
02-04-2024_15-33-29_p0021_s183_b3,22,20
29-04-2024_16-35-33_p0024_s16_b1,30,42
13-09-2024_15-53-50_p0046,53,12
05-03-2024_10-32-43_p0014_s34_b1,14,47
13-02-2025_14-49-28_p0067_s19_b1,52,38
06-09-2024_16-11-53_p0047,16,-7
06-11-2024_16-51-40_p0051_s134_b2,95,17
14-03-2025_16-44-05_p0077,65,45
28-01-2025_14-02-27_p0067_s201_b3,55,33
29-08-2024_15-25-21_p0045_s209_b4,52,36
31-01-2024_14-50-28_p13,57,24
19-06-2024_11-20-05_p0036,34,38
08-08-2024_15-04-52_p0042_s123_b2,24,24
08-01-2025_16-24-08_p0063_s29_b1,73,38
08-11-2024_15-59-57_p0053_s118_b2,31,32
05-09-2024_14-43-58_p0047_s19_b1,62,17
20-05-2024_11-34-27_p0034_s33_b1,37,28
12-12-2024_19-43-35_p0058,36,46
17-07-2024_14-54-07_p0041,19,45
01-02-2025_10-31-12_p0069_s34_b1,27,15
05-06-2024_10-05-13_p0036_s231_b4,38,7
22-02-2024_14-27-03_p0018_s139_b2,5,11
24-05-2024_18-42-31_p0031_s110_b2,27,29
28-06-2024_14-14-01_p0035_s21_b1,29,45
08-07-2024_12-23-34_p0040_s270_b4,56,29
10-01-2025_15-39-26_p0063,56,37
30-01-2025_16-12-44_p0068_s185_b3,29,22
04-10-2024_14-41-10_p0050_s109_b2,17,38
25-01-2025_13-33-22_p0064,10,24
26-08-2024_16-32-08_p0019_s175_b3,37,21
12-02-2025_16-49-56_p0072_s118_b2,36,27
05-12-2024_16-10-30_p0055_s55_b1,95,10
23-04-2024_15-04-37_p0026_s11_b1,31,48
07-02-2025_16-35-42_p0046,26,19
11-06-2024_14-28-57_p0035_s139_b2,22,45
04-09-2024_16-15-08_p0044_s60_b1,86,15
21-01-2025_15-12-29_p0065_s254_b4,17,25
28-09-2024_13-39-43_p0016,27,0
10-12-2024_17-51-14_p0056_s72_b1,36,33
13-02-2025_15-28-29_p0067_s78_b1,123,43
20-05-2024_16-07-08_p0023,13,13
18-01-2025_13-06-24_p0064_s192_b3,57,10
13-02-2025_18-33-42_p0070_s169_b3,41,35
22-03-2025_11-40-38_p0079_s91_b2,75,33
24-05-2024_18-39-14_p0031_s102_b2,28,32
22-08-2024_16-56-12_p0042_s56_b1,35,28
10-12-2024_16-58-06_p0056_s16_b1,67,45
08-04-2024_15-54-41_p0021_s133_b2,18,29
20-03-2025_14-39-45_p0076_s115_b2,26,27
24-07-2024_14-12-35_p0041_s15_b1,34,15
06-09-2024_16-15-12_p0047_s150_b2,3,-3
22-02-2024_15-21-53_p0014,26,31
05-12-2024_15-39-05_p0055_s5_b1,51,17
03-05-2024_08-32-12_p0030_s15_b1,18,31
26-10-2024_12-39-50_p0051,39,-3
18-01-2025_13-18-12_p0064_s204_b3,81,30
06-11-2024_16-46-22_p0051_s123_b2,68,20
13-02-2025_14-43-13_p0067_s7_b1,28,29
08-10-2024_16-01-43_p0049_s121_b2,14,-3
16-05-2024_14-36-02_p0034_s111_b2,43,47
11-05-2024_10-04-35_p0034_s201_b3,65,36
31-03-2025_18-29-22_p0079_s234_b4,52,36
15-02-2025_11-06-14_p0065_s136_b2,59,11
08-05-2024_15-20-01_p0033_s165_b3,80,81
30-01-2024_15-01-24_p12,64,40
28-09-2024_13-06-01_p0016_s217_b4,31,16
22-01-2024_17-18-07_p9,40,21
05-12-2024_16-51-05_p0055_s216_b4,7,9
14-02-2025_18-22-23_p0073,20,12
07-01-2025_13-55-46_p0062_s27_b1,121,43
08-11-2024_15-46-42_p0053_s101_b2,32,62
16-05-2024_15-00-37_p0034_s142_b2,48,51
07-03-2024_14-13-26_p0010,-3,56
07-02-2025_16-47-28_p0046_s192_b3,35,18
20-12-2024_15-03-34_p0061,6,34
11-03-2025_15-23-17_p0073_s260_b4,59,35
23-11-2024_13-29-12_p0052_s136_b2,15,28
03-09-2024_14-33-18_p0048_s166_b3,32,22
18-12-2024_09-20-53_p0061,37,55
19-11-2024_15-47-47_p0054,10,20
13-02-2025_19-09-44_p0070,63,39
05-12-2024_15-41-20_p0055_s9_b1,21,47
22-02-2024_11-52-11_p0017,20,41
29-04-2024_16-55-30_p0024_s57_b1,31,42
09-05-2024_14-47-21_p0033_s126_b2,46,33
11-03-2025_15-09-22_p0073_s222_b4,39,32
24-07-2024_15-23-25_p0041_s265_b4,34,19
12-03-2025_11-00-48_p0074_s49_b1,149,6
03-04-2025_13-34-05_p0080_sP04_b2,93,18
08-11-2024_16-23-02_p0053,51,48
16-10-2024_16-41-26_p0049_s55_b1,25,9
26-03-2024_16-35-00_p0022_s273_b4,65,36
08-10-2024_16-04-13_p0049_s125_b2,18,-4
13-02-2025_13-40-05_p0067_s218_b4,45,26
10-12-2024_17-58-21_p0056_s81_b1,95,33
08-07-2024_12-15-34_p0040_s257_b4,18,23
10-05-2024_15-46-51_p0033,40,33
24-03-2025_17-03-40_p0076,47,42
31-01-2024_14-51-00_p13,29,24
05-02-2025_17-41-26_p0072_s205_b3,75,18
07-12-2024_11-03-40_p0053_s24_b1,24,29
06-09-2024_15-43-13_p0047_s119_b2,0,9
24-07-2024_15-08-46_p0041_s236_b4,25,33
31-01-2024_14-53-13_p13,21,32
26-04-2024_14-43-27_p0028_s31_b1,50,19
28-08-2024_10-16-28_p0044_s156_b2,72,25
30-04-2024_13-37-37_p0024_s140_b2,44,54
14-01-2025_15-13-53_p0060_s94_b2,8,32
08-05-2024_15-18-47_p0033,65,61
30-01-2024_15-10-39_p12,18,26
19-06-2024_10-48-14_p0036_s169_b3,24,40
08-05-2024_09-37-45_p0030_s104_b2,16,37
10-08-2024_10-41-49_p0043_s102_b2,48,34
07-02-2025_16-37-23_p0046_s179_b3,51,20
21-02-2024_15-26-32_p0016_s106_b2,10,26
20-12-2024_14-48-16_p0061_s121_b2,119,33
22-03-2025_11-46-02_p0079_s105_b2,51,30
28-08-2024_16-59-50_p0038_s74_b1,44,17
11-05-2024_10-10-18_p0034_sP20_b3,45,56
23-07-2024_16-22-10_p0039_sP07_b2,47,21
05-10-2024_11-22-42_p0050_s35_b1,20,12
07-03-2024_13-51-59_p0010_s111_b2,11,33
28-08-2024_14-57-43_p0038_sP04_b2,157,23
19-02-2025_11-01-06_p0074_s199_b3,17,37
30-09-2024_16-13-37_p0049_s281_b4,18,4
05-10-2024_11-22-08_p0050_s33_b1,27,8
05-10-2024_09-53-15_p0050_s254_b4,50,8
23-11-2024_13-38-30_p0052,12,28
14-01-2025_15-55-28_p0060,24,35
30-09-2024_15-40-07_p0049_s231_b4,17,2
01-02-2025_10-10-33_p0069_s282_b4,46,21
08-11-2024_14-34-52_p0052_s19_b1,37,57
24-05-2024_18-59-49_p0031_s138_b2,29,46
07-01-2025_16-13-39_p0063,78,43
18-12-2024_09-40-33_p0061_s174_b3,33,55
27-05-2024_16-54-59_p0032_s57_b1,38,101
21-01-2025_15-02-02_p0065_s236_b4,28,38
26-04-2024_14-41-22_p0028_s25_b1,49,31
03-09-2024_15-45-24_p0048,47,28
07-12-2024_10-07-29_p0053_s218_b4,21,24
20-02-2025_18-53-08_p0075,32,14
11-02-2025_16-59-32_p0066_s232_b4,58,42
08-01-2025_15-40-19_p0063,15,41
28-08-2024_15-41-14_p0038_s147_b2,96,12
04-10-2024_14-36-33_p0050_s105_b2,21,22
21-02-2024_12-02-56_p0013_sP02_b1,36,37
25-03-2024_15-23-53_p0020,15,42
11-03-2025_18-06-03_p0075_s232_b4,39,43
11-03-2025_15-22-16_p0073_s257_b4,26,24
20-05-2024_12-21-44_p0034_s254_b4,53,42
27-05-2024_16-04-00_p0032,21,31
19-02-2025_16-43-08_p0072_s36_b1,93,23
10-12-2024_16-53-35_p0056_s7_b1,20,30
27-11-2024_15-08-10_p0054_s214_b4,25,26
26-08-2024_15-30-21_p0019_s39_b1,45,34
21-02-2025_17-46-27_p0068_s279_b4,27,17
19-06-2024_15-35-45_p0023_s189_b3,31,33
13-12-2024_14-58-50_p0054_s108_b2,60,33
24-01-2024_17-21-48_p10,43,45
15-02-2025_10-01-34_p0065_s39_b1,100,18
17-02-2025_17-10-21_p0071_s28_b1,74,28
16-04-2024_15-40-07_p0016_sP12_b3,24,22
17-02-2025_17-32-09_p0071_s57_b1,49,41
21-02-2025_17-21-09_p0068_s245_b4,66,23
10-12-2024_15-39-12_p0056_s237_b4,74,36
20-03-2025_16-05-59_p0078,49,30
05-10-2024_11-22-26_p0050_s34_b1,30,4
26-08-2024_16-53-09_p0019_s198_b3,38,23
06-11-2024_17-00-53_p0051,24,15
17-07-2024_14-26-03_p0041_s115_b2,27,32
26-08-2024_15-30-42_p0019_s40_b1,67,32
22-02-2024_11-36-32_p0017_s212_b4,18,52
16-05-2024_14-25-23_p0034_s91_b2,37,44
14-12-2024_10-37-10_p0059_s83_b2,55,17
06-02-2025_15-10-35_p0068_s126_b2,42,36
03-08-2024_11-30-05_p0043_s241_b3,73,21
18-12-2024_09-26-57_p0061_s169_b3,35,63
05-10-2024_11-21-49_p0050_s32_b1,15,1
16-04-2024_15-55-28_p0016_s198_b3,11,26
01-02-2025_09-44-32_p0069_s235_b4,25,13
24-03-2025_17-15-55_p0076_s263_b4,34,13
13-02-2025_19-21-04_p0070_s11_b1,21,24
31-01-2025_15-34-04_p0065_s195_b3,42,37
05-06-2024_10-39-04_p0036_s282_b4,48,13
11-03-2025_18-10-18_p0075_s247_b4,47,30
03-05-2024_14-24-54_p0027,22,20
03-10-2024_16-02-20_p0050_s207_b3,27,8
03-09-2024_14-27-20_p0048,28,9
16-04-2024_15-25-25_p0016_s168_b3,15,19
12-06-2024_16-54-36_p0038_s194_b3,43,39
19-02-2025_10-08-06_p0074,38,53
23-04-2024_15-21-36_p0026_s45_b1,39,54
26-08-2024_16-41-46_p0019_s185_b3,60,22
26-02-2025_10-13-43_p0074_s121_b2,127,31
08-01-2025_16-38-37_p0063_s59_b1,52,43
05-06-2024_15-29-18_p0037_s260_b4,24,27
03-04-2024_15-55-25_p0023_s249_b4,37,29
22-02-2024_14-39-33_p0018_s154_b2,15,29
04-10-2024_14-57-59_p0050_s127_b2,61,38
30-10-2024_15-30-27_p0052_s242_b3,36,35
03-10-2024_15-01-37_p0050,7,11
18-04-2024_15-26-23_p0026_s98_b2,-1,27
12-03-2024_14-27-36_p0022_s29_b1,61,38
26-03-2024_16-11-39_p0022_s222_b4,57,27
29-02-2024_14-08-42_p0010_s54_b1,7,52
27-11-2024_15-34-25_p0054,21,31
22-02-2024_15-33-51_p0014_s174_b3,57,5
21-02-2024_11-53-04_p0013_s60_b1,18,10
30-08-2024_15-37-18_p0046_s113_b2,14,22
16-04-2024_15-48-20_p0016,26,32
16-07-2024_16-44-11_p0039,22,14
11-05-2024_09-50-58_p0034_s182_b3,55,29
30-09-2024_15-39-09_p0049_s228_b4,10,17
27-03-2025_14-08-59_p0080,22,43
11-03-2025_15-51-11_p0073_s27_b1,24,32
13-02-2025_13-51-44_p0067_s236_b4,26,24
08-10-2024_16-17-40_p0049,10,6
08-01-2025_15-33-59_p0063,68,35
19-03-2024_15-41-24_p0022,8,37
19-02-2025_16-04-44_p0072_s260_b4,67,13
05-06-2024_10-21-44_p0036,36,16
20-03-2025_15-55-15_p0078_s94_b2,62,40
03-10-2024_15-14-46_p0050_s179_b3,31,17
30-10-2024_15-07-03_p0052_s185_b3,36,31
20-05-2024_12-10-47_p0034_s227_b4,42,27
12-06-2024_10-34-14_p0036_s157_b2,46,17
18-04-2024_15-52-28_p0026_s149_b2,13,24
25-02-2025_18-51-10_p0075,46,27
20-03-2025_16-23-58_p0078,24,18
22-03-2025_11-49-25_p0079_s110_b2,38,25
16-09-2024_16-34-27_p0045_s8_b1,33,29
13-12-2024_16-08-06_p0054_s12_b1,30,36
28-09-2024_14-34-19_p0016_s67_b1,-2,9
07-03-2024_13-41-07_p0010_s86_b2,29,12
25-02-2025_18-45-15_p0075_s107_b2,40,25
25-03-2024_15-28-56_p0020_s216_b4,3,6
08-07-2024_12-21-09_p0040_s264_b4,19,31
20-03-2025_15-00-14_p0076,-27,16
22-01-2025_17-51-49_p0066,33,20
26-03-2024_16-22-56_p0022_s250_b4,19,32
21-02-2024_15-55-10_p0016_s141_b2,20,29
13-03-2024_15-17-41_p0014_s136_b2,44,73
26-08-2024_16-58-17_p0019_s207_b3,40,26
20-03-2025_16-11-10_p0078_s127_b2,107,35
16-10-2024_16-43-34_p0049_s61_b1,20,4
18-04-2024_10-28-43_p0025_s53_b1,8,28
28-03-2025_15-23-35_p0081_s84_b2,71,43
26-11-2024_15-18-45_p0056_s91_b2,74,57
17-09-2024_15-35-14_p0048_s218_b4,18,20
24-03-2025_17-48-48_p0076_s76_b1,20,12
31-03-2025_18-44-07_p0079_s268_b4,79,52
24-03-2025_16-43-54_p0076,73,39
19-06-2024_16-41-06_p0023_s55_b1,24,20
28-06-2024_14-40-50_p0035_s80_b1,-5,27
26-04-2024_14-59-20_p0028_s54_b1,50,9
02-05-2024_14-48-34_p0026_s166_b3,19,33
19-03-2024_15-43-29_p0022,14,24
18-06-2024_16-11-59_p0028_s218_b4,31,28
24-05-2024_19-13-17_p0031,27,34
05-12-2024_15-50-36_p0055_s24_b1,41,23
28-09-2024_14-38-16_p0016_s78_b1,7,7
13-11-2024_17-03-42_p0051_s55_b1,92,21
08-01-2025_15-13-04_p0063,23,36
27-11-2024_15-23-22_p0054_s239_b4,38,30
22-01-2025_17-06-57_p0066_s160_b3,69,41
16-09-2024_16-54-44_p0045_s45_b1,22,23
12-12-2024_16-34-38_p0057_s155_b2,28,19
13-05-2024_15-39-48_p0028_s167_b3,20,17
07-05-2024_15-16-56_p0027_s69_b1,17,8
28-06-2024_15-43-15_p0035_s269_b4,5,10
08-06-2024_10-52-22_p0031_s81_b1,12,18
22-01-2025_17-07-37_p0066_s161_b3,101,25
21-12-2024_10-17-12_p0061_s37_b1,31,3
27-11-2024_15-14-09_p0054,49,36
10-09-2024_14-37-31_p0048,39,24
05-12-2024_17-22-11_p0055_s268_b4,44,12
24-05-2024_18-33-42_p0031_s88_b2,26,38
19-06-2024_15-45-19_p0023_s197_b3,51,55
27-03-2025_14-28-21_p0080_s202_b3,38,45
18-12-2024_09-41-44_p0061_s175_b3,14,33
29-04-2024_11-52-04_p0029_s140_b2,23,17
22-02-2024_10-55-22_p0017,16,50
05-03-2024_10-34-25_p0014_s39_b1,72,62
17-02-2025_18-19-28_p0071_s250_b4,35,22
26-08-2024_16-48-35_p0019_sP14_b3,37,24
19-02-2025_16-40-45_p0072_s30_b1,67,21
28-09-2024_13-38-01_p0016,33,24
20-03-2024_14-47-36_p0015,126,65
30-04-2024_13-48-36_p0024,49,54
20-03-2025_16-00-13_p0078_s107_b2,52,41
11-03-2024_15-26-14_p0020_s158_b3,35,36
17-08-2024_10-41-40_p0043_s81_b1,114,13
23-05-2024_15-15-04_p0035,45,36
13-03-2024_15-40-23_p0014_s210_b4,17,70
07-12-2024_11-05-47_p0053_s28_b1,29,37
18-04-2024_15-53-20_p0026_s153_b2,20,6
16-10-2024_15-26-58_p0049,18,12
30-10-2024_15-26-59_p0052,60,50
07-01-2025_15-07-57_p0062_s256_b4,40,47
21-12-2024_09-22-06_p0061_s214_b4,35,7
16-07-2024_16-35-30_p0039_s239_b4,9,15
25-01-2025_13-09-07_p0064,74,20
06-02-2025_14-13-10_p0067,18,15
27-05-2024_16-05-08_p0032_s206_b3,22,33
13-12-2024_15-16-53_p0054_s126_b2,35,20
29-02-2024_13-51-10_p0010_s26_b1,34,50
08-04-2024_15-42-35_p0021_s113_b2,13,45
23-11-2024_13-44-31_p0052_s155_b2,14,20
08-08-2024_15-19-10_p0042_s154_b2,33,35
30-01-2025_16-00-52_p0068,-6,13
02-05-2024_14-48-08_p0026,21,34
20-05-2024_15-21-28_p0023_s99_b2,15,15
17-06-2024_15-36-34_p0019,22,16
08-07-2024_12-22-17_p0040_s267_b4,32,50
05-02-2025_16-40-25_p0072,101,29
28-03-2025_15-46-37_p0081_s130_b2,74,56
30-04-2024_13-36-51_p0024_s138_b2,25,67
22-01-2025_17-52-53_p0066_s208_b3,43,24
05-09-2024_15-30-32_p0047_s66_b1,144,15
23-11-2024_13-24-48_p0052_s125_b2,34,45
28-08-2024_15-55-02_p0038_s151_b2,47,6
10-12-2024_17-08-04_p0056_s24_b1,31,42
03-04-2025_14-06-34_p0080,18,10
17-02-2025_18-07-48_p0071_s224_b4,54,17
19-03-2024_15-06-09_p0022_s104_b2,38,29
03-02-2025_16-40-05_p0071_s85_b2,61,23
20-02-2024_16-17-00_p0015_s213_b4,7,7
13-12-2024_16-27-22_p0054_s54_b1,32,26
28-08-2024_15-16-43_p0038_s110_b2,49,16
19-12-2024_15-45-07_p0062_s165_b3,59,26
11-03-2025_15-25-23_p0073,109,39
01-08-2024_16-04-36_p0042,117,14
29-08-2024_16-34-33_p0045_s283_b4,31,21
28-06-2024_15-06-23_p0035_s210_b4,28,25
17-08-2024_10-13-01_p0043_s23_b1,32,18
06-08-2024_16-21-15_p0039_s21_b1,39,24
10-12-2024_16-03-26_p0056,43,30
10-08-2024_11-12-14_p0043,46,13
13-03-2024_15-03-26_p0014_s110_b2,34,33
10-12-2024_16-51-11_p0056_s1_b1,30,42
15-05-2024_16-03-36_p0032_s129_b2,46,34
09-05-2024_14-13-32_p0033_s85_b2,51,19
08-01-2025_16-27-01_p0063_s36_b1,44,39
07-01-2025_15-47-06_p0063_s104_b2,20,72
28-06-2024_15-41-43_p0035_s264_b4,13,7
27-11-2024_15-38-40_p0054_s268_b4,33,11
31-03-2025_18-19-59_p0079_s214_b4,36,43
07-03-2024_13-53-58_p0010,12,26
23-11-2024_13-26-11_p0052_s129_b2,11,46
11-03-2025_18-38-06_p0075_s3_b1,69,25
28-08-2024_09-52-54_p0044_s131_b2,94,30
13-09-2024_15-26-49_p0046_s224_b4,44,10
28-03-2025_15-39-32_p0081,54,37
03-04-2025_13-51-05_p0080_s127_b2,86,18
26-03-2024_16-23-35_p0022_s252_b4,63,28
12-03-2024_14-44-50_p0022_s68_b1,22,38
01-02-2025_12-08-35_p0070_s245_b4,84,22
28-09-2024_13-35-35_p0016_s260_b4,4,7
09-05-2024_14-12-19_p0033_s82_b2,79,31
20-05-2024_15-49-17_p0023_s133_b2,9,16
01-02-2025_10-38-40_p0069_s51_b1,92,24
11-03-2025_15-55-47_p0073_s41_b1,14,40
23-05-2024_15-17-21_p0035_s199_b3,41,28
06-02-2025_18-47-20_p0069_s191_b3,29,29
10-05-2024_18-59-22_p0025_s152_b2,30,7
10-09-2024_14-00-53_p0048,33,8
19-06-2024_15-24-36_p0023_s177_b3,45,42
18-06-2024_15-34-07_p0028,46,45
28-06-2024_14-25-38_p0035_s52_b1,26,58
08-08-2024_14-48-28_p0042_s104_b2,16,30
23-04-2024_11-24-38_p0024_s225_b4,54,25
11-03-2025_18-10-51_p0075_s249_b4,55,24
01-02-2025_14-09-21_p0064_s19_b1,59,9
03-05-2024_14-12-43_p0027_sP07_b2,94,19
17-07-2024_14-13-37_p0041_s89_b2,53,30
25-01-2025_13-07-54_p0064_s115_b2,61,27
27-02-2025_14-31-13_p0073_s197_b3,14,16
19-06-2024_11-33-54_p0036_s244_b3,42,38
04-10-2024_14-51-50_p0050_s119_b2,12,22
08-04-2024_16-03-21_p0021,10,28
27-03-2024_15-45-21_p0015_s157_b2,8,23
26-10-2024_12-18-39_p0051_s184_b3,128,-4
28-08-2024_10-12-20_p0044,24,19
21-01-2025_15-13-55_p0065_s258_b4,31,30
07-12-2024_11-22-00_p0053_s66_b1,78,27
01-08-2024_16-33-43_p0042,92,-3
06-09-2024_15-32-49_p0047_s116_b2,25,30
05-10-2024_11-33-44_p0050_s65_b1,74,-2
21-11-2024_15-21-46_p0055,29,56
28-08-2024_16-18-14_p0038_s155_b2,53,11
22-03-2025_12-03-39_p0079,86,33
25-01-2025_13-26-31_p0064_s147_b2,63,26
24-07-2024_15-20-52_p0041_s261_b4,38,22
24-03-2025_17-39-46_p0076_s42_b1,35,6
24-07-2024_15-15-50_p0041_s254_b4,34,23
10-01-2025_15-03-19_p0062_s133_b2,75,51
18-03-2024_15-31-12_p0020_s43_b1,8,33
21-12-2024_09-39-08_p0061_s253_b4,30,11
10-08-2024_11-00-18_p0043_s136_b2,87,31
28-01-2025_13-47-58_p0067_s189_b3,44,13
14-03-2025_16-42-03_p0077_s261_b4,76,21
20-12-2024_14-22-57_p0061_s85_b2,64,28
08-01-2025_15-31-28_p0063_s199_b3,55,19
10-12-2024_17-50-50_p0056_s71_b1,78,36
08-10-2024_15-41-31_p0049_s85_b2,30,7
20-03-2025_16-09-58_p0078,91,28
12-03-2024_10-18-10_p0021_s218_b4,-31,43
21-02-2024_15-33-34_p0016,12,44
14-01-2025_15-48-45_p0060_s140_b2,17,55
14-12-2024_12-11-58_p0059_s157_b2,26,2
07-03-2024_13-52-26_p0010_s113_b2,4,32
08-11-2024_16-07-29_p0053_s129_b2,27,50
16-10-2024_15-53-41_p0049_s189_b3,22,9
16-04-2024_15-58-01_p0016,6,24
06-02-2025_14-10-51_p0067,17,18
31-08-2024_12-59-09_p0047_s172_b3,75,44
08-04-2024_15-54-21_p0021_s132_b2,39,31
08-01-2025_15-41-14_p0063_s243_b3,69,28
19-12-2024_16-28-01_p0062_s241_b3,58,17
22-08-2024_16-03-27_p0042_s269_b4,16,7
18-06-2024_15-08-05_p0028_s114_b2,37,42
28-01-2025_13-31-01_p0067_s172_b3,78,19
17-08-2024_10-23-15_p0043_s42_b1,51,8
19-02-2025_10-57-30_p0074,62,42
20-12-2024_14-56-56_p0061_s137_b2,30,30
27-02-2025_14-21-43_p0073_s179_b3,17,7
27-03-2024_15-59-23_p0015_s4_b1,22,35
08-06-2024_09-41-45_p0031_s237_b4,30,55
22-03-2025_12-07-44_p0079,37,18
19-11-2024_16-35-12_p0054_s196_b3,43,9
21-02-2025_18-26-25_p0068_s70_b1,13,27
18-04-2024_15-32-43_p0026,24,18
12-02-2025_17-17-44_p0072_s150_b2,43,17
01-08-2024_16-25-06_p0042_s168_b3,38,2
21-12-2024_10-10-51_p0061_s24_b1,82,10
10-09-2024_14-25-00_p0048_s109_b2,33,-1
29-04-2024_11-25-54_p0029_s85_b2,35,18
24-01-2025_15-07-01_p0060,25,42
22-03-2025_11-59-37_p0079_s132_b2,64,32
13-03-2024_16-11-06_p0014_s264_b4,14,24
06-02-2025_14-48-19_p0068_s95_b2,21,20
10-02-2025_16-40-39_p0071_s171_b3,96,15
07-01-2025_16-22-50_p0063,15,49
28-03-2025_15-51-12_p0081_s143_b2,136,47
16-07-2024_16-32-11_p0039_s235_b4,27,12
04-09-2024_16-26-40_p0044_s74_b1,59,8
14-03-2025_17-13-29_p0077_s8_b1,59,23
03-09-2024_15-48-34_p0048_s241_b3,66,15
06-02-2025_14-11-53_p0067,10,10
26-08-2024_16-48-00_p0019_s193_b3,41,13
21-11-2024_15-59-02_p0055_s207_b3,29,41
22-02-2024_15-50-45_p0014_s205_b3,14,18
24-01-2025_14-57-15_p0060,31,40
12-03-2025_10-32-53_p0074_s266_b4,43,25
14-12-2024_12-03-49_p0059,32,5
02-04-2024_15-10-38_p0021,22,38
13-02-2025_19-48-12_p0070_s71_b1,41,32
11-07-2024_15-27-25_p0041_s182_b3,25,32
03-04-2024_16-06-59_p0023_s266_b4,20,36
10-05-2024_18-58-09_p0025,25,18
29-02-2024_14-11-05_p0010_s60_b1,8,46
13-03-2024_16-13-55_p0014,18,22
01-08-2024_16-29-04_p0042,12,4
22-02-2024_15-24-57_p0014_s166_b3,53,30
18-12-2024_09-58-45_p0061,52,32
08-01-2025_16-37-50_p0063_s57_b1,37,49
05-06-2024_10-02-35_p0036_s225_b4,35,20
03-02-2025_16-48-17_p0071_s102_b2,69,8
18-03-2024_11-12-10_p0013_s214_b4,19,22
17-09-2024_15-55-06_p0048_s249_b4,25,28
18-06-2024_15-00-03_p0028_s96_b2,24,55
28-03-2025_15-45-01_p0081_s126_b2,112,40
03-05-2024_14-28-09_p0027,20,23
28-09-2024_14-23-17_p0016_s41_b1,11,5
26-08-2024_16-11-51_p0019_s160_b3,25,27
08-11-2024_15-46-17_p0053_s100_b2,34,45
28-02-2024_16-30-47_p0011,4,32
13-03-2024_15-53-04_p0014_s226_b4,41,22
07-02-2025_16-49-47_p0046_s194_b3,62,20
27-03-2024_15-39-32_p0015,16,19
20-03-2025_14-58-38_p0076,36,25
11-03-2025_18-48-59_p0075_s33_b1,87,28
16-04-2024_15-20-23_p0016_s160_b3,23,29
30-08-2024_16-04-12_p0046_s130_b2,90,21
21-02-2024_16-10-39_p0016_s150_b2,4,19
15-05-2024_15-30-26_p0032_s98_b2,55,47
12-12-2024_18-58-30_p0058_s94_b2,30,32
22-02-2024_16-06-30_p0014_s243_b3,84,46
25-03-2025_18-24-59_p0079,30,24
29-08-2024_15-40-53_p0045_s228_b4,19,28
18-06-2024_15-26-01_p0028_s136_b2,39,31
28-08-2024_16-45-16_p0038_s48_b1,110,13
22-08-2024_16-05-27_p0042_s274_b4,21,9
29-02-2024_14-03-03_p0010_s41_b1,12,61
26-08-2024_16-27-36_p0019,18,25
31-03-2025_18-27-49_p0079_s228_b4,27,57
25-03-2024_16-26-47_p0020_s126_b2,10,9
23-04-2024_15-21-56_p0026_s46_b1,33,78
03-05-2024_14-18-00_p0027_s135_b2,15,26
11-02-2025_17-19-12_p0066_s263_b4,29,22
13-02-2025_15-10-41_p0067_s50_b1,24,19
04-09-2024_14-37-45_p0044_s239_b4,24,18
19-02-2025_10-18-44_p0074_s166_b3,22,30
16-10-2024_16-23-48_p0049_s6_b1,19,0
11-02-2025_18-17-56_p0066_s57_b1,47,33
08-10-2024_15-39-41_p0049_sP04_b2,86,9
23-05-2024_15-21-55_p0035,42,27
13-09-2024_15-56-40_p0046_s269_b4,25,8
30-01-2025_15-52-17_p0068_s169_b3,-8,33
23-07-2024_16-32-07_p0039_s136_b2,28,30
12-12-2024_19-40-59_p0058,43,18
21-02-2025_17-37-47_p0068,77,15
05-09-2024_14-43-13_p0047_s17_b1,33,18
07-01-2025_16-21-34_p0063,31,34
27-05-2024_16-00-00_p0032_s197_b3,16,37
24-01-2025_15-35-57_p0060_s19_b1,11,48
14-12-2024_11-30-48_p0059_s139_b2,28,22
26-03-2024_15-46-42_p0022_s205_b3,27,19
08-10-2024_16-25-41_p0049_s149_b2,17,4
30-01-2024_14-27-42_p12,25,32
01-02-2025_09-47-19_p0069,56,19
12-02-2025_17-15-03_p0072,38,14
20-05-2024_11-50-16_p0034_s64_b1,36,21
28-08-2024_09-38-38_p0044_s112_b2,62,34
17-12-2024_16-32-25_p0060,17,10
10-02-2025_16-38-03_p0071,33,3
27-03-2025_15-36-02_p0078,65,34
17-12-2024_16-36-50_p0060,78,2
06-09-2024_15-41-09_p0047_s117_b2,27,15
21-01-2025_15-09-12_p0065_s248_b4,13,30
23-11-2024_09-42-42_p0053,17,26
09-05-2024_14-39-22_p0033,47,25
29-04-2024_11-59-31_p0029,25,15
06-02-2025_15-21-41_p0068,16,18
22-02-2024_13-23-43_p0018_s21_b1,35,59
25-01-2025_13-01-18_p0064_s101_b2,39,33
24-04-2024_16-05-01_p0027_s201_b3,58,68
13-03-2024_15-42-42_p0014_s214_b4,35,45
30-01-2024_15-06-53_p12,74,65
26-03-2024_15-51-21_p0022,4,11
23-07-2024_16-49-18_p0039,30,46
11-06-2024_14-27-22_p0035_s135_b2,18,18
28-09-2024_14-28-27_p0016_s54_b1,10,15
04-07-2024_15-23-05_p0039,36,48
23-11-2024_09-57-27_p0053_s182_b3,24,26
10-08-2024_10-46-58_p0043_s113_b2,24,23
07-01-2025_15-26-24_p0062_s277_b4,23,42
17-06-2024_14-56-26_p0019_s96_b2,19,57
15-02-2025_11-23-48_p0065,37,14
03-02-2025_16-42-29_p0071_s89_b2,46,13
19-06-2024_10-05-46_p0036_s36_b1,69,19
15-02-2025_11-59-41_p0070_s111_b2,75,13
12-07-2024_15-26-47_p0040_s243_b3,87,27
26-08-2024_15-29-02_p0019_s36_b1,64,36
10-08-2024_10-56-37_p0043_s127_b2,94,19
06-09-2024_16-13-50_p0047,33,-10
01-08-2024_16-00-32_p0042_s160_b3,34,14
16-07-2024_17-00-28_p0039_s282_b4,76,22
27-03-2025_14-14-01_p0080,61,51
01-02-2025_14-42-06_p0064_s80_b1,87,61
22-01-2024_16-40-58_p9,23,10
13-11-2024_17-37-26_p0051_s238_b4,19,22
04-09-2024_16-24-43_p0044_s71_b1,40,6
23-07-2024_16-43-42_p0039,18,22
20-05-2024_15-29-08_p0023_s101_b2,14,13
16-07-2024_16-52-41_p0039_s266_b4,71,20
10-09-2024_14-33-20_p0048_s119_b2,11,8
25-03-2024_16-44-55_p0020_s154_b2,12,11
22-02-2024_15-53-37_p0014_sP20_b3,46,40
24-07-2024_14-25-18_p0041_s45_b1,35,20
05-03-2024_10-29-15_p0014_s26_b1,7,22
18-06-2024_16-09-17_p0028_s212_b4,26,33
14-02-2025_18-17-04_p0073,19,14
23-04-2024_15-13-29_p0026_s27_b1,23,49
17-02-2025_18-38-48_p0071_s280_b4,32,15
11-03-2025_18-00-28_p0075_s223_b4,49,42
10-01-2025_14-32-23_p0062,38,40
02-04-2024_15-42-33_p0021,48,27
28-03-2025_15-36-52_p0081_s111_b2,50,21
24-04-2024_16-01-53_p0027_s196_b3,64,62
04-02-2025_16-51-29_p0066_s130_b2,86,30
23-11-2024_10-12-40_p0053_s196_b3,24,29
08-06-2024_09-57-07_p0031_s260_b4,23,36
27-05-2024_17-00-41_p0032_s70_b1,35,44
02-05-2024_15-05-28_p0026_s182_b3,21,22
19-11-2024_15-35-33_p0054,32,25
01-02-2025_10-31-52_p0069_s36_b1,72,26
13-11-2024_17-15-51_p0051_s73_b1,89,8
07-05-2024_14-10-15_p0027_s215_b4,41,39
27-03-2024_15-21-17_p0015_s119_b2,18,24
29-08-2024_15-32-32_p0045_s219_b4,36,41
12-02-2025_17-18-20_p0072_s152_b2,83,22
06-02-2025_18-18-50_p0069,35,25
20-03-2025_14-41-45_p0076_sP07_b2,9,24
18-03-2024_15-15-12_p0020_s8_b1,11,31
29-04-2024_12-02-07_p0029,28,28
20-12-2024_14-28-24_p0061_s96_b2,67,32
11-03-2025_15-47-27_p0073_s14_b1,10,35
26-10-2024_12-32-37_p0051_s199_b3,35,-1
31-01-2025_15-10-53_p0065_s172_b3,48,47
28-06-2024_15-04-33_p0035_s209_b4,17,12
25-03-2024_16-42-19_p0020,5,9
18-01-2025_12-34-51_p0064,35,24
06-11-2024_17-07-58_p0051_s153_b2,68,11
13-09-2024_16-24-31_p0046_s8_b1,24,6
31-01-2025_15-42-40_p0065,48,33
24-07-2024_14-58-28_p0041_s218_b4,35,20
13-02-2025_15-06-38_p0067_s43_b1,33,23
20-03-2024_14-57-47_p0015_s169_b3,36,26
21-01-2025_15-14-56_p0065_s257_b4,32,54
11-02-2025_16-45-17_p0066_s210_b4,39,22
28-08-2024_09-31-52_p0044_s102_b2,59,34
28-11-2024_16-15-50_p0055,26,49
22-03-2025_12-08-36_p0079,30,17
17-08-2024_10-59-18_p0043_s236_b4,37,31
16-09-2024_15-46-18_p0045_s127_b2,39,23
23-11-2024_09-33-14_p0053_s164_b3,18,33
10-09-2024_14-10-33_p0048_s88_b2,41,9
27-02-2025_14-07-00_p0073_s163_b3,12,21
06-05-2024_15-29-49_p0032_s230_b4,57,60
26-02-2025_09-43-46_p0074_s109_b2,36,29
22-04-2024_09-33-16_p0025_s191_b3,9,29
15-02-2025_10-02-34_p0065_s42_b1,52,29
13-11-2024_17-17-53_p0051_s79_b1,95,19
11-06-2024_14-40-33_p0035,20,29
20-05-2024_11-29-51_p0034_s23_b1,48,30
03-05-2024_08-58-35_p0030_s78_b1,29,29
26-04-2024_14-51-15_p0028_s38_b1,86,24
07-05-2024_14-26-04_p0027_s254_b4,40,40
26-02-2024_16-18-15_p0019_s277_b4,30,39
16-10-2024_16-34-50_p0049_s36_b1,12,5
13-12-2024_15-00-25_p0054_s111_b2,57,27
13-09-2024_16-25-24_p0046_s10_b1,20,-12
01-02-2025_13-23-37_p0064_s226_b4,23,9
11-05-2024_09-27-01_p0034,72,23
03-04-2025_13-58-24_p0080_s146_b2,48,21
17-08-2024_11-03-23_p0043_s247_b4,73,22
19-02-2025_10-15-29_p0074,32,18
16-09-2024_15-19-04_p0045_s97_b2,22,6
08-01-2025_14-56-37_p0063,8,39
19-06-2024_16-37-35_p0023_s46_b1,35,19
13-03-2024_15-58-23_p0014_s240_b4,30,21
11-05-2024_10-00-35_p0034_s194_b3,48,30
26-10-2024_12-06-20_p0051,27,10
18-12-2024_10-16-09_p0061_s242_b3,86,38
08-11-2024_15-57-14_p0053,30,60
18-01-2025_12-57-57_p0064_s179_b3,30,29
06-02-2025_15-10-08_p0068_s125_b2,38,31
07-05-2024_15-17-14_p0027_s70_b1,12,12
24-01-2024_17-28-03_p10,47,30
27-05-2024_15-14-12_p0032_s164_b3,45,42
15-02-2025_10-16-19_p0065_s65_b1,93,22
07-01-2025_14-58-10_p0062_s234_b4,31,29
05-12-2024_16-50-15_p0055_s214_b4,35,43
25-02-2025_18-31-11_p0075_s95_b2,56,20
16-10-2024_15-35-34_p0049,18,8
30-04-2024_13-45-21_p0024,30,62
03-04-2025_14-06-23_p0080,21,19
18-12-2024_09-34-31_p0061,46,8
13-05-2024_16-13-19_p0028_s186_b3,0,13
07-12-2024_10-30-42_p0053_s253_b4,65,27
03-10-2024_15-32-59_p0050_s198_b3,29,6
13-11-2024_16-40-13_p0051_s3_b1,70,28
17-02-2025_18-01-09_p0071_s217_b4,53,21
18-04-2024_10-07-30_p0025_s1_b1,62,34
26-08-2024_15-22-19_p0019_s20_b1,84,29
22-01-2024_17-39-30_p9,35,20
15-05-2024_16-44-15_p0032,31,20
31-03-2025_18-29-55_p0079_s236_b4,25,57
10-01-2025_14-34-47_p0062_s94_b2,50,39
08-04-2024_16-19-34_p0021_s157_b2,29,7
11-03-2025_15-20-26_p0073_s256_b4,37,34
31-08-2024_14-13-41_p0047,36,35
07-01-2025_14-10-18_p0062_s55_b1,119,41
03-09-2024_14-17-47_p0048,23,22
11-06-2024_14-01-49_p0035_s96_b2,21,28
27-03-2024_15-25-21_p0015_s126_b2,17,23
28-09-2024_14-22-08_p0016_s38_b1,16,13
03-02-2025_16-39-47_p0071_s84_b2,46,27
20-03-2025_14-27-30_p0076_s90_b2,146,25
15-05-2024_16-41-35_p0032,55,17
14-02-2025_17-53-10_p0073_s93_b2,23,15
18-04-2024_15-45-58_p0026,17,13
06-02-2025_15-03-07_p0068_s119_b2,89,34
07-01-2025_16-24-54_p0063,21,49
17-12-2024_17-01-18_p0060,28,11
05-09-2024_15-18-17_p0047_s45_b1,79,14
31-01-2025_15-07-13_p0065,26,30
23-11-2024_09-30-54_p0053,31,29
28-01-2025_13-52-11_p0067_s193_b3,38,21
24-01-2025_14-55-18_p0060_s236_b4,42,54
27-02-2025_14-37-56_p0073,4,13
06-05-2024_16-05-31_p0032_s272_b4,56,52
20-05-2024_11-41-08_p0034_s46_b1,35,19
21-02-2024_15-17-16_p0016_s86_b2,25,16
24-07-2024_14-09-17_p0041_s6_b1,36,13
12-12-2024_16-12-30_p0057,49,21
21-01-2025_14-38-22_p0065,41,145
21-02-2025_18-11-15_p0068_s42_b1,23,25
08-05-2024_09-37-05_p0030_s102_b2,32,22
24-01-2025_15-04-57_p0060_s258_b4,13,43
05-12-2024_16-01-19_p0055_s40_b1,67,20
10-12-2024_17-34-41_p0056_s60_b1,65,34
16-07-2024_16-28-25_p0039_s225_b4,30,21
17-09-2024_14-54-05_p0048_s51_b1,18,51
10-02-2025_16-36-23_p0071,36,9
18-06-2024_16-30-17_p0028_s233_b4,26,10
25-03-2025_18-32-40_p0079_s179_b3,77,19
20-05-2024_12-31-00_p0034_s265_b4,60,23
10-09-2024_14-39-00_p0048_s126_b2,74,-1
03-10-2024_15-06-56_p0050_s174_b3,33,28
06-11-2024_16-28-49_p0051_s96_b2,62,10
06-02-2025_18-53-03_p0069_s196_b3,48,30
18-06-2024_16-52-43_p0028_s270_b4,23,31
30-08-2024_16-06-38_p0046_s135_b2,27,11
22-08-2024_16-32-46_p0042_s7_b1,19,20
19-03-2024_15-41-42_p0022,15,25
06-02-2025_18-44-23_p0069_s186_b3,46,28
12-06-2024_10-28-18_p0036,59,10
16-09-2024_16-37-05_p0045_s13_b1,30,34
11-03-2025_15-05-31_p0073_s211_b4,23,25
10-01-2025_16-09-46_p0063_s272_b4,26,48
16-07-2024_16-15-11_p0039,68,9
21-11-2024_15-03-52_p0055,36,67
22-03-2025_11-51-12_p0079_s116_b2,35,33
28-03-2025_15-22-52_p0081_s82_b2,53,37
27-03-2025_14-25-16_p0080_s195_b3,36,51
11-06-2024_14-18-54_p0035_s119_b2,27,33
22-02-2024_10-57-38_p0017,22,51
12-12-2024_19-06-41_p0058_s104_b2,26,31
30-08-2024_15-36-06_p0046_s110_b2,13,12
28-09-2024_13-24-29_p0016_s238_b4,3,16
05-10-2024_10-08-46_p0050_s264_b4,36,15
19-07-2024_14-04-50_p0040,36,17
05-03-2024_10-37-23_p0014_s48_b1,40,30
18-04-2024_10-23-45_p0025_s41_b1,28,36
21-11-2024_15-29-23_p0055,59,58
10-05-2024_18-16-01_p0025_s100_b2,36,16
20-03-2025_14-53-29_p0076_s140_b2,34,34
10-05-2024_18-59-58_p0025_s154_b2,30,34
18-12-2024_10-15-41_p0061,58,32
10-01-2025_14-36-41_p0062_s98_b2,19,36
14-02-2025_18-05-32_p0073_s121_b2,12,7
10-02-2025_17-16-54_p0071_s203_b3,25,11
26-08-2024_16-21-16_p0019_s169_b3,31,31
30-08-2024_15-32-13_p0046_s103_b2,11,35
05-06-2024_10-06-54_p0036_s234_b4,92,0
18-12-2024_16-33-15_p0057_s161_b3,71,27
13-05-2024_16-37-51_p0028_s243_b3,4,13
04-09-2024_14-36-22_p0044_s237_b4,28,29
07-12-2024_11-18-00_p0053_s51_b1,29,20
18-04-2024_15-52-55_p0026_s151_b2,21,14
13-09-2024_15-26-16_p0046_s223_b4,35,5
02-04-2024_15-46-18_p0021_s198_b3,31,25
21-02-2024_11-34-44_p0013_s20_b1,21,34
14-03-2025_16-37-00_p0077_s258_b4,46,16
31-01-2024_14-50-14_p13,30,8
24-03-2025_17-10-52_p0076_s255_b4,37,16
18-01-2025_10-01-09_p0057_s240_b4,-12,33
25-02-2025_19-30-00_p0075,43,20
08-04-2024_16-46-52_p0021_s41_b1,7,42
19-12-2024_16-17-29_p0062_s197_b3,42,22
07-12-2024_11-03-25_p0053_s23_b1,20,24
14-01-2025_15-09-34_p0060_sP05_b2,16,46
07-01-2025_13-46-25_p0062_s11_b1,56,42
18-12-2024_09-25-53_p0061,50,46
13-09-2024_16-01-45_p0046_s279_b4,30,14
22-08-2024_15-55-39_p0042,44,2
03-02-2025_16-46-26_p0071_s99_b2,39,31
26-03-2024_16-21-52_p0022_s247_b4,50,29
22-02-2024_14-37-13_p0018,9,32
22-02-2024_13-19-35_p0018_s5_b1,22,30
10-05-2024_10-02-16_p0030_s267_b4,32,34
12-02-2025_16-51-58_p0072_s119_b2,88,25
14-01-2025_15-19-21_p0060_s105_b2,55,45
04-02-2025_16-41-00_p0066_s116_b2,40,29
21-01-2025_15-31-31_p0065_s278_b4,31,26
28-08-2024_15-04-24_p0038_s90_b2,81,13
27-05-2024_16-36-01_p0032_s16_b1,43,64
06-11-2024_17-06-31_p0051_s150_b2,21,17
25-02-2025_19-29-13_p0075,56,22
20-03-2025_15-03-28_p0076_s150_b2,27,21
06-09-2024_16-07-54_p0047,25,0
21-12-2024_09-28-28_p0061_s223_b4,35,17
13-02-2025_19-37-25_p0070_s50_b1,45,27
01-02-2025_14-19-53_p0064_s40_b1,69,27
27-02-2025_14-39-02_p0073,13,17
31-01-2025_15-09-31_p0065,51,39
17-09-2024_16-10-18_p0048_s264_b4,20,16
27-05-2024_15-34-35_p0032_s174_b3,35,20
11-07-2024_15-22-59_p0041_s175_b3,44,13
23-11-2024_09-44-28_p0053,12,22
06-09-2024_16-03-52_p0047,7,10
14-08-2024_15-56-38_p0038_s232_b4,76,16
03-10-2024_15-00-54_p0050,14,11
18-01-2025_13-14-01_p0064_s199_b3,42,26
24-03-2025_16-59-34_p0076_s226_b4,38,3
08-11-2024_16-15-37_p0053_s141_b2,23,46
06-02-2025_18-30-58_p0069,20,22
23-07-2024_16-30-34_p0039_s132_b2,24,44
01-08-2024_16-47-49_p0042_sP14_b3,27,14
24-05-2024_18-41-42_p0031_s108_b2,25,45
23-05-2024_14-41-10_p0035,21,33
29-04-2024_17-06-34_p0024_s79_b1,24,41
10-05-2024_18-56-06_p0025,15,11
16-09-2024_17-04-52_p0045_s61_b1,18,22
16-10-2024_16-19-03_p0049_s243_b3,81,35
07-02-2025_16-59-05_p0046_s206_b3,32,6
10-09-2024_16-55-37_p0045,31,33
08-01-2025_15-35-36_p0063_s204_b3,83,26
21-02-2025_17-27-15_p0068_s256_b4,28,18
10-05-2024_16-28-34_p0033_s15_b1,13,20
07-12-2024_10-55-15_p0053_s6_b1,45,30
23-11-2024_10-15-50_p0053_s202_b3,24,21
20-05-2024_11-58-05_p0034_s80_b1,34,41
21-01-2025_14-40-55_p0065_s213_b4,46,34
27-11-2024_15-08-34_p0054_s215_b4,19,34
21-02-2025_18-04-15_p0068_s27_b1,60,17
21-12-2024_10-35-15_p0061_s72_b1,57,18
10-05-2024_15-13-34_p0033,41,51
26-11-2024_16-19-00_p0056,30,33
08-11-2024_15-49-58_p0053_s106_b2,27,73
10-01-2025_15-14-25_p0062,31,36
08-05-2024_09-41-34_p0030_s113_b2,33,31
22-08-2024_16-39-44_p0042_s25_b1,106,38
26-08-2024_15-36-31_p0019_s53_b1,107,42
20-12-2024_14-38-47_p0061_s114_b2,38,42
21-02-2025_18-29-43_p0068_s77_b1,30,19
13-12-2024_15-51-32_p0054,70,18
18-12-2024_09-21-27_p0061_s164_b3,48,51
07-01-2025_16-29-45_p0063_s157_b2,26,37
03-08-2024_11-18-19_p0043_s195_b3,43,7
26-08-2024_16-23-23_p0019,24,18
11-06-2024_14-28-32_p0035_s138_b2,39,49
22-04-2024_09-43-52_p0025_s204_b3,28,37
20-12-2024_15-11-16_p0061,13,35
25-03-2025_18-19-04_p0079_s166_b3,70,27
12-06-2024_16-27-20_p0038,47,37
21-02-2025_17-13-26_p0068_s225_b4,23,20
11-05-2024_09-59-49_p0034,47,28
08-01-2025_16-25-58_p0063_s33_b1,76,26
19-02-2025_10-36-13_p0074,12,48
06-09-2024_15-44-41_p0047_s122_b2,2,16
08-10-2024_16-23-31_p0049,11,7
25-03-2025_18-54-09_p0079_s243_b3,74,19
31-01-2024_14-40-08_p13,23,56
20-02-2025_19-37-21_p0075,38,21
07-05-2024_15-15-17_p0027_s65_b1,7,29
27-03-2025_15-22-45_p0078_s186_b3,59,61
20-12-2024_15-05-14_p0061,3,45
18-06-2024_15-10-04_p0028,19,55
08-05-2024_16-21-41_p0033_s204_b3,101,44
12-06-2024_10-18-33_p0036,26,16
27-03-2024_15-36-40_p0015,10,22
14-08-2024_16-22-39_p0038_s267_b4,54,15
12-03-2025_10-18-45_p0074_s234_b4,41,9
12-12-2024_16-26-51_p0057,21,16
10-05-2024_16-33-49_p0033_s28_b1,19,25
08-04-2024_16-59-12_p0021_s68_b1,27,30
16-04-2024_15-25-44_p0016_s169_b3,5,14
21-12-2024_10-38-43_p0061_s79_b1,97,19
16-09-2024_16-46-24_p0045_s31_b1,32,23
07-01-2025_13-46-51_p0062_s12_b1,122,53
10-09-2024_14-02-57_p0048,12,12
10-08-2024_11-13-37_p0043,51,18
26-11-2024_15-50-43_p0056_s129_b2,104,54
12-03-2025_10-42-09_p0074_s1_b1,58,35
17-12-2024_16-03-39_p0060,19,9
23-11-2024_13-33-08_p0052,39,33
14-03-2025_16-33-11_p0077_s247_b4,39,26
08-01-2025_15-32-45_p0063_s202_b3,37,44
17-09-2024_15-42-31_p0048_s225_b4,21,25
05-09-2024_14-49-56_p0047_s27_b1,94,12
03-05-2024_18-37-20_p0031,8,17
10-08-2024_11-14-30_p0043_s149_b2,43,16
25-02-2025_18-53-41_p0075_sP07_b2,41,32
15-05-2024_16-45-52_p0032,102,10
08-04-2024_16-30-18_p0021_s3_b1,33,65
13-03-2024_15-54-15_p0014_s229_b4,-1,26
19-07-2024_15-14-13_p0040_s4_b1,43,13
22-01-2025_17-05-23_p0066_s159_b3,29,25
18-12-2024_17-36-47_p0057,52,17
13-11-2024_17-46-19_p0051_s256_b4,13,26
16-07-2024_16-45-41_p0039_s261_b4,26,34
05-12-2024_16-23-03_p0055_s72_b1,44,22
18-12-2024_10-09-39_p0061,55,29
26-04-2024_14-59-52_p0028_s55_b1,100,17
07-01-2025_15-10-47_p0062,41,24
17-02-2025_18-20-21_p0071_s252_b4,56,21
13-11-2024_17-16-52_p0051_s76_b1,52,15
20-03-2025_16-09-01_p0078_s122_b2,142,34
19-06-2024_15-06-23_p0023_s163_b3,103,45
03-05-2024_14-15-19_p0027_s125_b2,24,19
10-05-2024_18-25-41_p0025_s113_b2,21,27
02-04-2024_15-50-40_p0021,18,25
06-02-2025_14-42-56_p0068_s85_b2,18,30
14-01-2025_15-42-59_p0060_s132_b2,12,38
22-02-2024_14-13-13_p0018,2,15
18-04-2024_10-36-16_p0025_s70_b1,43,17
29-08-2024_15-45-02_p0045_s236_b4,31,34
07-03-2024_14-14-52_p0010,20,17
18-12-2024_17-37-41_p0057_s204_b3,31,15
19-02-2025_16-50-01_p0072_s51_b1,100,23
17-06-2024_15-13-56_p0019_s119_b2,24,22
18-12-2024_09-38-48_p0061_s172_b3,65,40
30-10-2024_15-27-50_p0052_sP20_b3,33,36
13-02-2025_19-20-44_p0070_s10_b1,16,27
18-12-2024_10-08-08_p0061_s206_b3,22,43
26-02-2024_16-08-26_p0019,21,42
25-01-2025_12-59-24_p0064_s97_b2,51,33
12-06-2024_15-58-51_p0038_s163_b3,150,48
16-10-2024_16-36-24_p0049_s41_b1,29,10
12-07-2024_14-34-36_p0040,35,36
28-03-2025_15-55-14_p0081,59,33
29-04-2024_16-54-16_p0024_s54_b1,29,38
12-07-2024_15-10-25_p0040_s189_b3,24,14
04-09-2024_14-21-24_p0044_s211_b4,28,11
10-12-2024_15-22-45_p0056_s219_b4,31,29
08-01-2025_16-31-41_p0063_s47_b1,39,61
13-02-2025_18-15-55_p0070,109,27
04-09-2024_15-53-09_p0044_s19_b1,78,-5
27-05-2024_16-44-58_p0032_s35_b1,23,43
10-08-2024_10-33-25_p0043_s82_b2,48,28
22-01-2025_17-23-30_p0066_s178_b3,61,25
26-03-2024_15-41-59_p0022,41,31
18-03-2024_11-20-31_p0013_s228_b4,23,23
30-01-2025_15-50-32_p0068,7,15
17-09-2024_15-02-02_p0048_s63_b1,16,19
18-01-2025_13-07-26_p0064_s193_b3,32,35
17-12-2024_16-39-35_p0060_s176_b3,15,13
03-08-2024_11-07-53_p0043_s183_b3,24,27
12-06-2024_16-52-12_p0038_s193_b3,57,50
25-01-2025_13-37-55_p0064,22,28
24-05-2024_18-38-35_p0031_s100_b2,15,47
22-08-2024_15-48-39_p0042_s245_b4,27,41
13-11-2024_16-44-30_p0051_s14_b1,26,26
06-05-2024_15-54-53_p0032_s257_b4,55,45
14-08-2024_15-45-14_p0038_s219_b4,31,21
21-02-2024_16-06-34_p0016,10,25
09-05-2024_14-32-20_p0033_s111_b2,67,36
30-09-2024_16-11-08_p0049_s278_b4,26,3
21-01-2025_15-13-34_p0065_s256_b4,39,26
16-10-2024_16-04-58_p0049_s200_b3,52,7
04-02-2025_16-50-44_p0066_s128_b2,46,24
05-09-2024_15-23-03_p0047_s53_b1,149,23
08-11-2024_15-39-33_p0053_s90_b2,40,38
11-07-2024_15-33-49_p0041_s189_b3,31,30
11-02-2025_18-19-02_p0066_s60_b1,20,29
20-05-2024_15-57-41_p0023_s143_b2,29,10
27-03-2024_16-26-59_p0015_s70_b1,33,21
17-12-2024_16-42-22_p0060,23,14
17-09-2024_15-35-35_p0048_s219_b4,22,19
07-01-2025_16-12-35_p0063_s141_b2,34,53
07-12-2024_10-18-37_p0053_s236_b4,21,40
11-03-2025_15-19-10_p0073_s253_b4,35,21
19-06-2024_15-46-54_p0023_s201_b3,44,50
13-03-2024_14-50-07_p0014_sP05_b2,76,31
08-08-2024_15-03-56_p0042_s121_b2,112,34
05-12-2024_15-43-19_p0055_s12_b1,90,9
16-05-2024_15-07-59_p0034,42,55
30-08-2024_15-31-23_p0046_s101_b2,15,38
11-05-2024_10-00-59_p0034,40,17
17-02-2025_18-00-07_p0071_s214_b4,33,18
20-12-2024_15-10-58_p0061,14,34
22-02-2024_11-16-16_p0017_s206_b3,18,26
08-10-2024_16-26-29_p0049_s152_b2,28,1
04-10-2024_15-20-09_p0050,31,26
04-02-2025_16-49-12_p0066_s125_b2,25,29
04-02-2025_16-29-00_p0066_s91_b2,39,26
17-08-2024_10-46-48_p0043_s215_b4,43,26
11-03-2025_15-17-34_p0073_s248_b4,2,32
12-07-2024_15-11-21_p0040_s190_b3,33,9
09-05-2024_14-48-38_p0033_s128_b2,36,32
16-09-2024_15-05-52_p0045,74,23
09-05-2024_15-00-47_p0033_s145_b2,39,27
13-02-2025_19-27-02_p0070_s26_b1,34,12
01-02-2025_13-47-49_p0064_s272_b4,39,13
08-05-2024_16-17-13_p0033_s200_b3,34,50
06-02-2025_14-14-51_p0067,8,14
02-05-2024_15-21-42_p0026_s203_b3,8,23
09-05-2024_15-09-42_p0033,39,29
04-10-2024_14-41-54_p0050_s111_b2,11,32
10-05-2024_08-56-19_p0030_s191_b3,49,62
30-08-2024_15-26-02_p0046_s90_b2,17,21
08-06-2024_10-34-45_p0031_s43_b1,32,33
28-02-2024_16-51-01_p0011_s144_b2,7,32
22-04-2024_09-38-19_p0025_s195_b3,18,39
04-10-2024_14-35-17_p0050_s103_b2,35,36
27-05-2024_16-56-09_p0032_s60_b1,20,72
02-05-2024_15-06-18_p0026_s184_b3,10,16
27-05-2024_16-50-34_p0032_s46_b1,38,62
08-04-2024_16-07-03_p0021,17,19
16-10-2024_16-32-36_p0049_s29_b1,36,6
01-02-2025_14-19-03_p0064_s38_b1,202,4
03-02-2025_16-38-32_p0071_sP04_b2,113,15
21-02-2025_17-47-25_p0068_s281_b4,42,12
10-05-2024_18-35-03_p0025_s124_b2,20,11
11-06-2024_13-54-01_p0035_s85_b2,47,18
07-01-2025_15-44-14_p0063_s101_b2,6,62
11-02-2025_16-49-19_p0066_s218_b4,36,23
18-04-2024_10-10-47_p0025_s9_b1,11,20
20-02-2025_18-59-53_p0075,64,19
22-02-2024_11-43-29_p0017_s233_b4,12,48
06-02-2025_18-56-16_p0069_s202_b3,46,31
08-08-2024_15-05-29_p0042_s124_b2,25,26
03-04-2024_15-59-27_p0023_s256_b4,30,35
18-01-2025_12-39-13_p0064_s167_b3,20,13
19-06-2024_10-29-28_p0036_s79_b1,39,25
16-04-2024_15-24-55_p0016,18,20
06-09-2024_15-55-42_p0047_s138_b2,25,37
18-12-2024_16-43-00_p0057_s165_b3,27,28
28-08-2024_16-51-37_p0038_s61_b1,122,7
15-02-2025_10-24-16_p0065_s76_b1,77,15
10-05-2024_16-51-45_p0033_s76_b1,14,10
28-08-2024_15-46-16_p0038,16,7
21-02-2025_17-07-02_p0068_s216_b4,27,12
11-03-2025_19-06-43_p0075_s78_b1,52,16
25-03-2024_16-40-05_p0020,8,3
10-08-2024_10-48-14_p0043_s115_b2,35,13
05-10-2024_10-00-35_p0050_s260_b4,29,12
29-04-2024_11-29-41_p0029_s91_b2,22,38
17-02-2025_17-18-22_p0071_s48_b1,117,32
18-01-2025_12-46-16_p0064,33,12
08-01-2025_14-40-49_p0063_s159_b3,30,49
18-12-2024_09-37-39_p0061,37,44
28-06-2024_14-34-18_p0035_s67_b1,36,38
20-03-2025_15-03-41_p0076_s151_b2,24,10
12-03-2024_10-23-56_p0021_s223_b4,15,41
04-02-2025_17-12-05_p0066_s157_b2,56,25
07-02-2025_16-47-55_p0046_s193_b3,35,20
27-03-2024_16-24-35_p0015_s64_b1,35,26
08-11-2024_15-10-49_p0052_s69_b1,54,39
30-08-2024_16-25-33_p0046,9,20
08-06-2024_10-51-08_p0031_s77_b1,21,28
04-02-2025_17-03-59_p0066,33,21
17-07-2024_14-25-46_p0041_s114_b2,33,21
16-05-2024_14-42-23_p0034_s117_b2,59,39
09-05-2024_14-56-22_p0033_s140_b2,42,24
19-02-2025_16-29-02_p0072_s4_b1,26,18
31-03-2025_18-27-15_p0079_s226_b4,34,56
27-05-2024_15-53-40_p0032_sP14_b3,52,30
25-03-2024_15-41-25_p0020_s238_b4,5,13
24-07-2024_14-33-41_p0041_s66_b1,66,16
20-05-2024_15-51-18_p0023_s136_b2,16,14
06-09-2024_15-34-05_p0047,17,5
03-02-2025_17-06-39_p0071_s127_b2,160,8
10-05-2024_15-49-57_p0033_s270_b4,33,29
07-01-2025_16-11-23_p0063_s138_b2,65,60
12-12-2024_19-20-49_p0058_s124_b2,15,18
04-02-2025_16-31-29_p0066_s96_b2,65,29
22-08-2024_15-52-04_p0042_s251_b4,6,20
10-08-2024_10-37-37_p0043_s91_b2,52,22
19-11-2024_16-48-26_p0054,4,10
17-02-2025_18-03-21_p0071_s221_b4,30,69
02-04-2024_15-46-41_p0021_s199_b3,33,16
08-04-2024_16-16-53_p0021_s149_b2,17,26
19-02-2025_16-09-41_p0072_s264_b4,40,17
10-05-2024_16-49-59_p0033_s70_b1,17,4
07-12-2024_10-34-53_p0053_s258_b4,26,19
20-03-2025_16-13-17_p0078_s134_b2,90,41
16-10-2024_16-19-34_p0049,21,12
16-05-2024_14-26-24_p0034_s93_b2,116,38
17-02-2025_17-17-31_p0071_s46_b1,102,30
24-03-2025_17-02-19_p0076_s236_b4,43,18
21-12-2024_09-39-56_p0061_s255_b4,21,5
15-02-2025_10-58-43_p0065_s123_b2,96,11
06-02-2025_18-33-15_p0069,59,27
12-07-2024_15-11-44_p0040_s191_b3,30,10
28-03-2025_15-42-21_p0081_s120_b2,95,55
25-03-2024_16-43-02_p0020,12,8
16-07-2024_16-27-56_p0039_s224_b4,47,29
17-09-2024_15-08-31_p0048_s72_b1,21,25
14-03-2025_16-09-44_p0077_s209_b4,51,36
28-01-2025_14-01-59_p0067_s200_b3,38,37
15-02-2025_10-18-56_p0065_s69_b1,109,25
18-06-2024_15-41-58_p0028,44,46
17-07-2024_14-50-50_p0041,32,48
08-05-2024_09-42-33_p0030_s116_b2,24,31
30-10-2024_14-35-51_p0052_s159_b3,61,33
10-01-2025_16-09-21_p0063,96,24
24-03-2025_16-50-14_p0076_s220_b4,60,33
27-05-2024_15-50-14_p0032_s190_b3,45,33
14-08-2024_15-42-15_p0038_s215_b4,27,12
05-10-2024_09-19-03_p0050_s210_b4,52,6
22-04-2024_09-45-14_p0025_s207_b3,25,46
28-09-2024_13-36-28_p0016_s261_b4,19,19
08-10-2024_15-54-54_p0049_s111_b2,18,12
30-08-2024_15-30-55_p0046_s100_b2,35,28
15-02-2025_12-13-18_p0070_s132_b2,56,2
28-02-2024_17-04-32_p0011_s155_b2,22,24
13-02-2025_18-36-24_p0070,38,21
21-11-2024_15-40-48_p0055_s188_b3,50,33
05-12-2024_16-19-22_p0055_s66_b1,112,19
13-09-2024_16-48-20_p0046_s65_b1,12,17
08-01-2025_15-23-37_p0063,11,28
04-09-2024_14-52-23_p0044_s264_b4,37,36
26-03-2024_16-09-25_p0022_s220_b4,37,17
11-02-2025_16-52-07_p0066,6,20
31-03-2025_18-20-12_p0079_s215_b4,58,85
29-04-2024_16-02-32_p0024_s201_b3,43,59
13-12-2024_15-53-17_p0054,30,17
18-04-2024_10-29-04_p0025_s54_b1,45,34
05-06-2024_09-47-36_p0036_s213_b4,42,16
13-11-2024_17-22-32_p0051,38,16
19-02-2025_11-12-14_p0074,10,-95
12-12-2024_15-48-01_p0057_s113_b2,24,31
14-01-2025_15-51-09_p0060_s142_b2,12,29
21-02-2025_18-06-43_p0068_s32_b1,32,23
03-05-2024_08-40-58_p0030_s38_b1,29,35
19-06-2024_11-09-50_p0036_s186_b3,27,34
01-08-2024_16-51-05_p0042_s196_b3,37,11
21-12-2024_09-35-45_p0061_s245_b4,74,31
18-03-2024_15-46-41_p0020_s80_b1,3,37
07-02-2025_16-08-03_p0046,108,26
05-12-2024_16-16-22_p0055_s64_b1,93,26
22-02-2024_13-40-35_p0018_s52_b1,26,44
26-02-2025_10-23-27_p0074_s135_b2,82,44
19-11-2024_15-43-23_p0054,0,60
06-02-2025_13-50-59_p0067_s123_b2,55,16
11-05-2024_09-38-03_p0034,48,46
06-05-2024_15-58-39_p0032,81,44
04-07-2024_14-56-43_p0039,0,39
04-09-2024_16-04-31_p0044_s39_b1,71,15
04-02-2025_17-11-47_p0066_s156_b2,34,27
25-02-2025_19-34-08_p0075,47,17
07-01-2025_15-25-58_p0062_s276_b4,51,51
10-02-2025_17-18-32_p0071,61,15
10-12-2024_15-30-25_p0056_s223_b4,27,27
12-02-2025_17-19-02_p0072_s154_b2,68,21
12-12-2024_15-44-43_p0057_s106_b2,30,32
11-03-2025_15-12-33_p0073_s231_b4,-10,41
23-04-2024_15-31-36_p0026_s69_b1,14,16
10-01-2025_15-10-54_p0062_s147_b2,109,37
07-01-2025_15-48-41_p0063_s106_b2,9,48
30-01-2025_16-31-48_p0068_sP20_b3,17,22
20-05-2024_15-12-53_p0023_s82_b2,72,18
12-03-2025_11-15-55_p0074_s81_b1,128,20
18-12-2024_17-19-20_p0057_s183_b3,72,32
11-03-2025_18-19-02_p0075_s264_b4,25,19
10-08-2024_10-57-52_p0043_s130_b2,87,26
25-03-2024_16-44-07_p0020_s151_b2,13,5
28-08-2024_09-29-12_p0044_s97_b2,83,25
13-11-2024_17-50-42_p0051,30,26
21-08-2024_14-25-50_p0044_s169_b3,37,24
15-05-2024_16-54-27_p0032_s155_b2,22,26
19-06-2024_09-58-16_p0036_s20_b1,57,33
23-07-2024_16-42-44_p0039,13,33
18-06-2024_15-07-44_p0028_s113_b2,30,50
30-10-2024_14-41-13_p0052_s165_b3,32,42
06-09-2024_16-05-20_p0047,2,4
18-12-2024_16-45-08_p0057_s167_b3,37,17
14-01-2025_15-58-26_p0060,7,52
16-09-2024_15-43-03_p0045_s123_b2,57,40
07-02-2025_16-57-32_p0046_s203_b3,70,10
30-10-2024_14-49-00_p0052_sP10_b3,20,11
12-12-2024_19-39-17_p0058,15,20
07-05-2024_14-20-31_p0027_s238_b4,32,49
27-03-2024_15-38-55_p0015,12,15
06-05-2024_15-33-47_p0032_s237_b4,61,30
28-02-2024_17-03-13_p0011_s152_b2,3,34
09-05-2024_14-44-18_p0033_s123_b2,44,32
17-07-2024_14-46-48_p0041,20,49
18-04-2024_15-35-52_p0026_s124_b2,16,26
27-02-2025_14-06-43_p0073_s162_b3,12,23
21-02-2024_11-49-30_p0013_s47_b1,63,48
18-12-2024_16-44-38_p0057_s166_b3,54,9
27-02-2025_14-10-11_p0073_s168_b3,12,23
22-02-2024_14-36-46_p0018,15,37
28-09-2024_13-42-06_p0016_s270_b4,18,6
12-02-2025_16-47-38_p0072,33,23
21-02-2025_17-45-39_p0068_s278_b4,24,20
22-01-2025_17-31-33_p0066_s187_b3,68,34
27-03-2025_15-15-13_p0078_s175_b3,92,58
12-12-2024_15-36-47_p0057_s97_b2,32,29
05-10-2024_10-21-35_p0050_s283_b4,27,12
01-02-2025_10-35-43_p0069_s44_b1,71,26
13-12-2024_15-43-02_p0054_s143_b2,71,24
10-09-2024_17-19-53_p0045_s188_b3,47,25
05-02-2025_17-37-07_p0072_s200_b3,29,12
28-06-2024_14-10-48_p0035_s13_b1,22,56
08-06-2024_10-39-04_p0031_s54_b1,35,37
26-11-2024_16-14-51_p0056,33,34
06-11-2024_17-05-26_p0051,17,8
19-06-2024_16-33-43_p0023_s39_b1,38,20
17-08-2024_10-08-11_p0043_s12_b1,68,14
04-02-2025_16-53-51_p0066_s135_b2,59,27
24-01-2025_15-01-10_p0060_s251_b4,23,41
23-07-2024_16-15-09_p0039_s107_b2,39,31
03-05-2024_19-00-15_p0031_s200_b3,20,10
19-06-2024_10-03-34_p0036_s32_b1,80,30
07-01-2025_15-38-46_p0063,56,55
20-12-2024_14-44-31_p0061,24,36
04-10-2024_15-22-24_p0050,41,42
22-02-2024_13-48-35_p0018_s69_b1,30,44
13-03-2024_16-17-37_p0014_s280_b4,50,29
15-05-2024_16-14-00_p0032_s142_b2,74,39
29-04-2024_11-30-53_p0029_s95_b2,23,21
01-02-2025_09-34-30_p0069_s218_b4,28,30
26-08-2024_16-17-11_p0019,35,26
13-02-2025_19-30-04_p0070_s33_b1,99,50
14-08-2024_15-54-17_p0038_s228_b4,30,18
08-04-2024_15-48-26_p0021_s121_b2,23,33
18-01-2025_10-17-25_p0057_s262_b4,22,32
07-05-2024_15-18-50_p0027_s74_b1,16,1
17-09-2024_14-52-58_p0048_s48_b1,8,24
10-09-2024_14-29-36_p0048,23,1
18-06-2024_15-26-23_p0028_s137_b2,36,64
20-02-2025_18-53-59_p0075,32,19
19-12-2024_15-40-18_p0062_s159_b3,44,19
11-03-2025_15-14-19_p0073_s237_b4,5,30
13-12-2024_15-10-50_p0054_s118_b2,68,14
07-01-2025_13-54-39_p0062_s25_b1,68,78
13-11-2024_17-31-08_p0051_s223_b4,35,18
30-01-2025_16-17-37_p0068,-4,21
29-08-2024_15-24-36_p0045,56,37
20-02-2025_19-49-14_p0075,47,20
23-04-2024_14-59-30_p0026_s5_b1,34,67
18-12-2024_09-23-18_p0061_s166_b3,63,34
18-12-2024_17-14-21_p0057_s178_b3,42,21
13-09-2024_16-30-20_p0046_s21_b1,72,13
13-03-2024_15-17-18_p0014_s135_b2,89,28
07-01-2025_13-56-40_p0062_s29_b1,111,54
08-06-2024_09-42-53_p0031_s239_b4,29,44
13-02-2025_19-19-22_p0070_s6_b1,59,38
19-06-2024_09-54-13_p0036_s12_b1,24,22
13-02-2025_14-40-35_p0067_s3_b1,58,20
14-01-2025_15-42-04_p0060_s130_b2,7,41
29-04-2024_15-45-56_p0024_s181_b3,35,57
08-04-2024_16-39-24_p0021_s21_b1,16,33
08-04-2024_15-35-39_p0021_s99_b2,36,27
21-11-2024_15-46-19_p0055_sP14_b3,63,69
07-02-2025_16-07-20_p0046,24,23
27-03-2024_15-26-25_p0015_s128_b2,44,19
20-05-2024_16-08-13_p0023,1,11
10-05-2024_09-41-18_p0030_s222_b4,28,24
05-06-2024_15-32-22_p0037,22,38
16-09-2024_16-33-01_p0045_s5_b1,48,18
12-03-2025_10-43-33_p0074_s6_b1,66,32
07-12-2024_11-32-15_p0053_s80_b1,100,30
24-01-2024_17-10-56_p10,11,40
21-02-2024_15-16-49_p0016_s84_b2,19,14
08-11-2024_14-31-08_p0052_s14_b1,49,68
21-11-2024_15-00-46_p0055_s158_b3,48,39
29-04-2024_12-03-49_p0029_s150_b2,22,21
04-07-2024_16-02-59_p0039_s197_b3,26,47
04-09-2024_15-02-02_p0044_s281_b4,35,28
11-03-2025_15-49-24_p0073_s20_b1,9,28
08-04-2024_15-36-04_p0021_s100_b2,17,45
01-02-2025_10-53-01_p0069_s78_b1,68,2
19-03-2024_15-54-09_p0022_s155_b2,33,34
08-10-2024_15-48-21_p0049_s97_b2,15,9
10-12-2024_16-12-23_p0056_s271_b4,112,40
24-05-2024_19-15-20_p0031_s154_b2,24,36
21-12-2024_09-23-00_p0061_s217_b4,54,12
19-07-2024_15-53-15_p0040_s76_b1,32,22
20-03-2025_16-08-21_p0078_s120_b2,93,29
26-02-2024_16-05-52_p0019_s261_b4,31,28
26-02-2024_16-03-43_p0019,-2,23
29-08-2024_16-05-59_p0045_s252_b4,104,20
15-05-2024_16-24-07_p0032_s147_b2,46,45
26-03-2024_16-18-39_p0022_s238_b4,42,52
14-02-2025_18-02-47_p0073,12,13
07-03-2024_14-11-02_p0010,18,32
16-10-2024_16-31-52_p0049_s27_b1,20,4
26-02-2025_10-38-27_p0074,15,16
11-02-2025_19-13-57_p0069,18,25
25-01-2025_13-18-05_p0064_s130_b2,76,15
18-04-2024_15-25-31_p0026_s96_b2,6,19
30-01-2024_11-15-09_p11,1,23
03-04-2025_13-52-39_p0080_s131_b2,80,20
18-01-2025_12-51-28_p0064_s177_b3,41,10
12-12-2024_19-31-21_p0058_s142_b2,16,26
01-02-2025_12-06-46_p0070_s238_b4,34,21
03-04-2025_13-49-54_p0080_s124_b2,60,17
26-11-2024_15-33-17_p0056_s109_b2,88,56
19-11-2024_16-51-42_p0054,35,18
07-03-2024_13-51-03_p0010_s108_b2,14,18
03-05-2024_14-06-36_p0027_s103_b2,26,27
28-06-2024_15-16-54_p0035_s228_b4,3,11
19-12-2024_16-25-13_p0062,45,28
04-09-2024_16-01-47_p0044_s34_b1,34,10
28-08-2024_09-30-16_p0044_s99_b2,52,43
08-05-2024_10-05-59_p0030_s157_b2,35,21
14-12-2024_11-06-38_p0059,30,11
04-10-2024_14-58-27_p0050_s128_b2,47,9
21-02-2025_17-18-37_p0068_s237_b4,30,19
13-11-2024_17-51-03_p0051_s261_b4,25,10
22-02-2024_11-55-45_p0017,12,30
11-02-2025_18-06-37_p0066_s27_b1,22,23
14-02-2025_18-11-51_p0073_s137_b2,9,15
20-03-2024_15-11-58_p0015_s182_b3,28,26
18-06-2024_15-06-17_p0028_s110_b2,35,44
06-02-2025_18-27-40_p0069_s168_b3,34,28
27-03-2025_13-58-41_p0080,30,32
08-08-2024_14-38-49_p0042_s86_b2,28,34
03-05-2024_14-00-14_p0027_s83_b2,36,32
19-07-2024_13-53-20_p0040_s90_b2,20,19
21-02-2025_17-22-18_p0068_s246_b4,15,24
11-03-2025_15-25-10_p0073_s263_b4,8,29
13-02-2025_18-40-11_p0070_s172_b3,62,33
02-04-2024_15-23-06_p0021_s172_b3,22,18
05-12-2024_16-10-08_p0055_s54_b1,50,23
12-03-2024_14-41-25_p0022_s62_b1,29,33
02-04-2024_15-33-54_p0021_s184_b3,21,27
10-05-2024_15-08-44_p0033_s215_b4,49,36
17-09-2024_16-20-05_p0048_s280_b4,44,9
20-05-2024_11-26-46_p0034_s16_b1,47,25
25-03-2024_15-47-30_p0020_s254_b4,36,37
05-10-2024_10-20-24_p0050_s282_b4,27,21
17-02-2025_17-44-24_p0071_s79_b1,71,23
26-02-2024_16-08-56_p0019_s265_b4,11,20
25-03-2024_15-28-15_p0020_s214_b4,39,34
17-12-2024_16-44-30_p0060_s179_b3,12,15
12-12-2024_16-32-13_p0057_s152_b2,39,18
08-06-2024_09-24-51_p0031_s217_b4,26,53
16-05-2024_15-03-02_p0034_s146_b2,64,65
13-02-2025_19-14-20_p0070_s4_b1,24,17
03-04-2025_13-55-28_p0080_s139_b2,46,13
12-12-2024_16-29-10_p0057,23,18
01-02-2025_13-45-06_p0064_s266_b4,58,24
25-02-2025_19-21-03_p0075_s138_b2,84,39
20-03-2024_15-01-39_p0015,41,39
11-07-2024_15-11-07_p0041_s167_b3,32,34
14-01-2025_15-33-33_p0060_s124_b2,27,42
15-02-2025_11-53-42_p0070_s99_b2,52,16
14-02-2025_18-10-01_p0073_s131_b2,10,27
08-04-2024_15-55-16_p0021_s135_b2,15,29
11-03-2025_18-43-17_p0075_s16_b1,64,20
18-01-2025_13-18-52_p0064_s206_b3,34,19
04-10-2024_14-43-28_p0050_s112_b2,17,40
14-02-2025_18-04-38_p0073_s119_b2,14,13
30-01-2024_15-12-40_p12,45,40
25-03-2024_16-37-43_p0020,16,6
02-04-2024_15-07-02_p0021_s165_b3,23,42
10-05-2024_18-06-31_p0025_s87_b2,29,13
14-01-2025_15-32-49_p0060_s122_b2,7,41
25-01-2025_13-40-26_p0064_s153_b2,80,19
10-05-2024_18-23-57_p0025_s108_b2,66,-2
22-02-2024_11-02-56_p0017,0,21
12-03-2024_10-37-56_p0021_s252_b4,43,50
07-03-2024_14-04-37_p0010_s142_b2,1,20
26-11-2024_16-16-02_p0056,28,33
06-09-2024_15-45-01_p0047_s123_b2,14,21
21-12-2024_10-13-34_p0061_s31_b1,39,20
06-02-2025_18-59-24_p0069,34,30
04-10-2024_14-20-41_p0050_sP04_b2,42,30
10-01-2025_16-04-41_p0063,52,29
22-02-2024_15-50-03_p0014_s203_b3,30,25
26-03-2024_16-23-57_p0022_s253_b4,49,25
13-09-2024_16-00-13_p0046_s276_b4,30,14
21-02-2025_17-57-03_p0068_s15_b1,34,25
11-03-2025_15-10-26_p0073_s224_b4,10,18
19-02-2025_16-41-46_p0072_s33_b1,101,18
21-02-2025_17-45-07_p0068_s277_b4,34,25
07-01-2025_15-57-48_p0063,76,71
16-10-2024_16-49-20_p0049_s72_b1,10,5
13-05-2024_15-30-11_p0028,124,17
14-01-2025_16-02-08_p0060,87,22
15-02-2025_11-25-30_p0065,37,14
16-09-2024_17-04-03_p0045_s59_b1,47,20
09-05-2024_15-14-41_p0033,52,40
14-01-2025_15-12-27_p0060_s91_b2,11,21
22-02-2024_14-39-21_p0018_s153_b2,11,18
15-02-2025_10-25-44_p0065_s80_b1,102,24
21-12-2024_09-22-44_p0061_s216_b4,22,21
23-05-2024_15-07-46_p0035_s186_b3,19,27
10-01-2025_14-57-59_p0062,76,36
13-02-2025_15-16-24_p0067_s59_b1,58,32
20-03-2025_14-36-37_p0076_s109_b2,32,20
05-09-2024_16-13-26_p0047_s254_b4,32,27
13-02-2025_18-37-20_p0070,38,33
06-11-2024_16-40-03_p0051_s115_b2,41,28
08-06-2024_10-34-22_p0031_s42_b1,31,38
08-01-2025_15-41-47_p0063,6,41
28-09-2024_13-21-52_p0016_s231_b4,18,24
19-06-2024_15-04-56_p0023_s161_b3,65,38
03-10-2024_15-04-39_p0050_s171_b3,20,7
10-01-2025_15-38-33_p0063,44,28
15-02-2025_12-28-14_p0070,95,8
03-05-2024_14-19-14_p0027_s140_b2,23,23
05-10-2024_09-58-33_p0050_s257_b4,27,9
21-02-2024_15-27-56_p0016_s111_b2,1,20
20-03-2025_16-25-23_p0078,28,33
03-10-2024_15-01-23_p0050,3,-4
11-05-2024_09-23-35_p0034_s159_b3,57,24
28-11-2024_16-11-34_p0055,60,51
13-03-2024_15-28-58_p0014,11,27
15-05-2024_15-44-10_p0032,44,30
21-12-2024_10-08-31_p0061_s18_b1,44,27
18-03-2024_11-33-00_p0013_s257_b4,13,21
14-08-2024_16-00-01_p0038_s237_b4,30,6
01-02-2025_10-38-21_p0069_s50_b1,28,24
07-01-2025_15-27-07_p0062_s278_b4,45,19
16-09-2024_15-16-35_p0045_s92_b2,16,23
13-02-2025_15-11-02_p0067_s51_b1,112,34
15-02-2025_11-01-09_p0065,49,54
12-03-2024_10-46-39_p0021,39,45
05-03-2024_10-41-30_p0014_s62_b1,46,44
05-02-2025_17-01-09_p0072,28,22
21-08-2024_14-59-25_p0044,51,13
01-02-2025_09-54-18_p0069,6,33
15-05-2024_15-41-18_p0032_s115_b2,44,15
28-09-2024_13-23-02_p0016_s234_b4,20,18
13-09-2024_16-29-22_p0046_s19_b1,21,1
27-11-2024_15-40-52_p0054_s273_b4,35,21
16-09-2024_16-49-12_p0045_s36_b1,51,27
12-02-2025_16-31-00_p0072_s93_b2,45,19
18-06-2024_16-22-43_p0028,2,24
01-02-2025_11-55-28_p0070_s217_b4,53,34
19-02-2025_16-18-45_p0072_s279_b4,37,20
06-09-2024_15-23-49_p0047_s101_b2,-6,28
17-12-2024_16-36-09_p0060_s173_b3,14,19
21-12-2024_09-33-26_p0061_s237_b4,49,20
14-08-2024_15-44-54_p0038_s218_b4,28,20
28-08-2024_09-35-25_p0044_s106_b2,29,31
05-09-2024_15-45-51_p0047_s216_b4,58,30
10-01-2025_15-46-07_p0063_s236_b4,18,46
26-08-2024_16-54-17_p0019_s201_b3,26,21
15-02-2025_11-45-19_p0070_s83_b2,71,9
15-02-2025_10-06-02_p0065_s48_b1,104,35
09-05-2024_14-31-13_p0033_s109_b2,47,37
20-05-2024_16-10-39_p0023_s153_b2,23,2
06-09-2024_15-51-11_p0047_s133_b2,21,38
27-03-2025_15-39-07_p0078,43,34
10-05-2024_09-58-24_p0030_s261_b4,44,38
01-02-2025_10-01-26_p0069_s266_b4,37,2
04-09-2024_16-20-41_p0044_s66_b1,42,10
02-05-2024_15-07-30_p0026_s187_b3,15,26
21-08-2024_14-20-43_p0044_s163_b3,115,-3
07-03-2024_13-44-49_p0010_s92_b2,26,40
01-02-2025_13-32-48_p0064_s246_b4,44,15
11-03-2025_15-28-37_p0073_s271_b4,8,31
04-10-2024_15-13-55_p0050_s143_b2,14,32
14-02-2025_17-47-20_p0073_s85_b2,19,13
28-08-2024_10-14-50_p0044_s152_b2,79,35
25-02-2025_19-27-23_p0075_s147_b2,96,22
31-01-2025_15-26-59_p0065_s192_b3,56,40
28-08-2024_10-08-28_p0044,30,14
13-11-2024_17-30-32_p0051,78,39
12-12-2024_16-03-40_p0057_s129_b2,98,31
13-02-2025_15-07-32_p0067_s45_b1,63,37
10-05-2024_18-32-56_p0025_s120_b2,50,25
28-03-2025_15-57-41_p0081,42,63
07-01-2025_14-55-16_p0062_s228_b4,8,53
12-06-2024_10-11-28_p0036_s134_b2,52,15
23-11-2024_13-20-17_p0052_sP07_b2,29,44
11-03-2025_16-13-26_p0073_s81_b1,13,31
10-05-2024_16-43-14_p0033_s51_b1,28,12
12-12-2024_19-40-40_p0058,27,29
17-08-2024_10-21-59_p0043_s39_b1,64,24
10-12-2024_15-26-40_p0056,43,40
03-05-2024_14-17-26_p0027_s133_b2,26,31
18-06-2024_15-42-19_p0028,39,39
11-02-2025_19-14-40_p0069,11,16
20-05-2024_15-38-57_p0023_sP07_b2,76,19
06-11-2024_16-23-28_p0051_s89_b2,63,18
30-04-2024_13-02-16_p0024_s85_b2,39,51
13-11-2024_17-18-16_p0051_s80_b1,69,13
05-12-2024_15-51-46_p0055_s27_b1,89,25
17-08-2024_10-35-32_p0043_s67_b1,103,21
04-10-2024_15-17-19_p0050,30,48
11-05-2024_09-30-15_p0034_s165_b3,54,33
03-05-2024_08-37-58_p0030_s30_b1,22,35
03-02-2025_16-42-52_p0071_s90_b2,39,11
10-12-2024_16-00-40_p0056,56,27
10-09-2024_14-03-42_p0048,21,5
21-12-2024_10-08-04_p0061_s17_b1,60,36
11-02-2025_19-12-29_p0069,8,24
08-01-2025_16-28-50_p0063_s40_b1,56,36
30-01-2024_14-27-07_p12,20,21
17-07-2024_14-43-58_p0041_s153_b2,76,29
17-08-2024_11-20-34_p0043_s268_b4,74,17
24-04-2024_15-32-50_p0027,22,61
10-01-2025_15-32-37_p0063_s213_b4,20,42
03-12-2024_16-19-32_p0056,35,41
08-05-2024_09-49-53_p0030_s131_b2,49,31
17-02-2025_18-05-35_p0071_s222_b4,32,28
13-11-2024_17-27-18_p0051_s219_b4,37,25
13-02-2025_15-07-57_p0067_s46_b1,56,17
23-04-2024_11-50-55_p0024_s282_b4,21,33
24-01-2025_14-39-19_p0060_s213_b4,18,35
01-02-2025_13-13-26_p0064_s210_b4,49,22
07-05-2024_14-36-30_p0027_s270_b4,30,30
10-05-2024_09-08-13_p0030,45,44
11-02-2025_17-15-52_p0066,41,9
26-08-2024_16-39-10_p0019_s180_b3,33,32
30-01-2025_16-02-00_p0068,8,11
11-05-2024_10-07-01_p0034,66,23
25-02-2025_19-31-37_p0075,50,23
22-02-2024_13-36-09_p0018_s43_b1,19,48
03-10-2024_15-02-52_p0050,11,12
06-08-2024_16-14-43_p0039_s7_b1,27,12
30-01-2024_15-01-11_p12,46,76
22-02-2024_15-47-05_p0014_s196_b3,44,25
21-12-2024_10-12-20_p0061_s28_b1,44,29
10-08-2024_11-09-20_p0043,20,22
28-06-2024_14-10-29_p0035_s12_b1,32,49
10-05-2024_18-16-57_p0025_s102_b2,5,16
10-09-2024_14-23-06_p0048,40,4
12-03-2024_14-18-53_p0022_s8_b1,22,22
18-06-2024_15-35-39_p0028,41,53
11-02-2025_18-08-42_p0066_s32_b1,36,23
10-05-2024_18-13-34_p0025_s94_b2,38,8
14-01-2025_15-40-52_p0060_s127_b2,11,47
18-12-2024_17-04-59_p0057,22,23
26-11-2024_15-24-11_p0056_s99_b2,73,56
16-05-2024_14-37-04_p0034_s113_b2,26,47
05-02-2025_16-41-21_p0072_s159_b3,25,21
10-05-2024_16-13-08_p0033_s282_b4,61,41
12-07-2024_14-57-54_p0040,33,31
12-03-2025_10-53-23_p0074_s32_b1,104,8
14-12-2024_11-25-44_p0059_s129_b2,63,12
19-07-2024_15-29-03_p0040_s33_b1,61,19
27-05-2024_16-33-54_p0032_s11_b1,22,72
14-03-2025_17-12-05_p0077_s3_b1,90,27
14-02-2025_17-53-46_p0073_s95_b2,12,14
28-03-2025_15-42-07_p0081_s119_b2,56,36
20-02-2025_18-37-48_p0075_s162_b3,44,30
29-04-2024_11-34-48_p0029_s103_b2,14,5
04-02-2025_16-37-02_p0066_s108_b2,31,27
08-01-2025_15-40-42_p0063_s241_b3,96,27
03-04-2024_15-50-07_p0023_s234_b4,49,46
10-12-2024_15-36-44_p0056_s233_b4,34,29
22-08-2024_16-41-30_p0042_s28_b1,41,44
21-12-2024_09-55-42_p0061_s277_b4,37,9
16-09-2024_17-03-01_p0045_s58_b1,56,18
30-10-2024_15-05-39_p0052_s182_b3,49,33
22-02-2024_14-34-24_p0018,14,16
23-11-2024_10-19-20_p0053_s206_b3,18,19
13-03-2024_15-04-10_p0014_s112_b2,26,36
25-03-2025_18-14-41_p0079_s158_b3,62,29
05-12-2024_16-58-18_p0055_s225_b4,-2,26
29-04-2024_17-03-20_p0024_s71_b1,28,42
10-05-2024_18-24-54_p0025_s110_b2,8,4
08-05-2024_15-47-04_p0033_s179_b3,67,53
14-03-2025_16-47-28_p0077_s267_b4,66,27
21-01-2025_15-17-31_p0065_s261_b4,27,42
28-02-2024_16-23-27_p0011_s107_b2,27,33
22-02-2024_11-13-33_p0017_s201_b3,30,35
08-01-2025_14-41-21_p0063,72,23
29-08-2024_15-27-24_p0045,54,26
08-10-2024_15-51-57_p0049,25,5
02-04-2024_15-28-25_p0021,30,28
11-03-2025_15-43-01_p0073_s2_b1,8,46
17-07-2024_14-14-21_p0041_s91_b2,40,37
05-09-2024_16-26-58_p0047,74,22
17-12-2024_16-46-58_p0060_s183_b3,21,19
10-05-2024_09-45-34_p0030_s231_b4,33,29
11-07-2024_15-41-56_p0041_s199_b3,35,24
15-05-2024_16-46-24_p0032,41,21
17-02-2025_18-36-17_p0071_s276_b4,63,24
17-08-2024_11-27-47_p0043_s280_b4,54,11
26-08-2024_15-44-15_p0019_s65_b1,74,37
31-03-2025_18-15-19_p0079,75,49
07-05-2024_14-10-36_p0027_s216_b4,38,38
06-08-2024_16-19-35_p0039_s17_b1,88,32
16-05-2024_14-23-48_p0034_s88_b2,43,39
21-02-2025_17-12-39_p0068_s223_b4,27,29
16-05-2024_15-07-14_p0034,44,60
07-05-2024_15-10-10_p0027_s53_b1,20,13
03-02-2025_17-29-11_p0071,34,16
06-11-2024_16-41-21_p0051,8,59
14-12-2024_12-03-32_p0059,29,2
14-08-2024_16-34-41_p0038_s281_b4,33,23
04-07-2024_15-12-28_p0039,22,34
07-12-2024_10-41-21_p0053_s265_b4,19,29
08-11-2024_16-12-15_p0053_s136_b2,17,31
23-11-2024_13-43-57_p0052_s153_b2,20,35
07-01-2025_15-03-10_p0062_s247_b4,54,38
21-08-2024_14-57-42_p0044_s194_b3,46,11
03-05-2024_18-55-35_p0031_sP14_b3,34,9
13-12-2024_16-39-02_p0054_s78_b1,53,27
24-07-2024_14-28-07_p0041_s52_b1,43,11
16-09-2024_15-52-44_p0045_s138_b2,45,21
17-02-2025_17-12-02_p0071_s32_b1,101,26
27-05-2024_16-38-40_p0032_s19_b1,40,38
18-12-2024_16-23-20_p0057_s158_b3,48,29
03-08-2024_11-17-54_p0043,20,10
15-02-2025_10-50-07_p0065_s113_b2,35,12
16-05-2024_14-33-05_p0034_s106_b2,22,33
06-02-2025_15-29-22_p0068_s155_b2,10,26
24-04-2024_15-42-10_p0027_s175_b3,85,72
16-04-2024_10-51-51_p0025,22,47
13-12-2024_15-48-37_p0054,28,28
18-01-2025_13-22-36_p0064_s243_b3,83,32
08-06-2024_09-41-19_p0031_s236_b4,23,46
31-08-2024_12-54-26_p0047,28,23
07-01-2025_16-24-37_p0063,32,28
14-02-2025_18-18-49_p0073,6,12
10-12-2024_15-20-02_p0056_s214_b4,30,38
15-05-2024_15-37-36_p0032_s109_b2,9,7
28-11-2024_15-44-48_p0055,26,30
08-06-2024_10-52-04_p0031_s80_b1,34,31
06-09-2024_16-16-50_p0047_s155_b2,16,4
17-08-2024_10-16-12_p0043_s28_b1,57,19
11-02-2025_18-18-44_p0066_s59_b1,35,24
12-03-2025_10-29-21_p0074,38,32
16-05-2024_14-31-30_p0034_s104_b2,27,45
03-04-2025_13-49-04_p0080_s121_b2,121,7
07-02-2025_16-51-19_p0046_s195_b3,48,16
26-03-2024_16-07-41_p0022_s215_b4,16,28
22-02-2024_15-34-48_p0014_s175_b3,44,18
17-09-2024_16-14-31_p0048_s273_b4,26,18
17-07-2024_14-46-17_p0041,26,49
19-07-2024_13-50-04_p0040_s84_b2,23,35
24-05-2024_18-44-47_p0031_s116_b2,25,25
30-01-2024_11-17-47_p11,6,32
11-03-2024_15-37-37_p0020,4,52
30-04-2024_13-08-10_p0024_s92_b2,46,48
11-03-2025_15-43-44_p0073_s5_b1,24,22
17-06-2024_14-59-18_p0019_s102_b2,15,36
30-01-2025_16-28-54_p0068_s205_b3,24,13
01-02-2025_10-48-00_p0069_s68_b1,114,1
17-12-2024_16-38-32_p0060,43,13
16-05-2024_14-27-55_p0034_s96_b2,77,31
18-01-2025_09-44-02_p0057_s219_b4,30,28
08-08-2024_14-55-23_p0042_s116_b2,35,31
07-02-2025_16-41-10_p0046_s185_b3,53,30
28-02-2024_16-15-04_p0011_s94_b2,34,21
26-10-2024_11-55-14_p0051,32,2
14-12-2024_11-24-38_p0059_s127_b2,40,17
31-03-2025_18-31-16_p0079_s240_b4,43,65
20-02-2025_19-21-02_p0075_s189_b3,49,26
17-09-2024_15-31-55_p0048_s212_b4,22,27
18-12-2024_17-38-12_p0057_s206_b3,27,18
13-03-2024_16-17-12_p0014_s279_b4,49,28
07-03-2024_14-01-46_p0010_s131_b2,23,44
06-02-2025_14-45-52_p0068_s89_b2,41,27
20-12-2024_15-15-08_p0061_s153_b2,13,20
28-01-2025_13-21-21_p0067_s168_b3,44,32
19-06-2024_16-44-12_p0023_s63_b1,92,26
26-11-2024_15-42-07_p0056_s117_b2,59,49
28-08-2024_16-27-32_p0038_s18_b1,43,4
03-10-2024_15-11-54_p0050,18,15
22-02-2024_11-49-34_p0017_s256_b4,19,71
23-04-2024_15-13-56_p0026_s28_b1,26,56
10-02-2025_16-37-28_p0071,6,11
27-05-2024_16-05-30_p0032,24,31
05-12-2024_17-26-51_p0055_s275_b4,23,21
27-03-2024_15-58-54_p0015_s3_b1,52,27
21-02-2024_11-31-18_p0013_s9_b1,32,61
27-11-2024_15-04-42_p0054,46,30
10-05-2024_09-35-53_p0030_s213_b4,42,29
20-02-2024_16-27-13_p0015_s230_b4,16,22
13-09-2024_16-55-07_p0046_s79_b1,11,5
07-12-2024_10-44-40_p0053_s273_b4,26,30
26-03-2024_15-24-53_p0022_s180_b3,36,30
04-09-2024_15-46-19_p0044_s8_b1,27,6
04-02-2025_17-03-10_p0066,28,21
21-02-2025_18-28-04_p0068_s73_b1,44,20
03-05-2024_08-45-06_p0030_s45_b1,29,49
15-05-2024_15-52-47_p0032_s119_b2,52,54
19-11-2024_15-55-11_p0054,114,3
19-02-2025_16-08-09_p0072,72,20
21-02-2024_16-08-12_p0016,13,7
02-05-2024_15-52-38_p0026_s227_b4,10,24
18-06-2024_15-34-56_p0028,45,42
09-05-2024_14-24-08_p0033_s101_b2,50,29
08-11-2024_16-23-28_p0053,29,59
30-01-2025_16-15-51_p0068_s189_b3,14,18
18-04-2024_10-41-37_p0025_s81_b1,10,35
18-04-2024_15-51-45_p0026,23,22
25-02-2025_19-11-12_p0075,64,31
03-02-2025_16-45-23_p0071_s97_b2,41,31
11-02-2025_18-03-36_p0066_s21_b1,21,27
08-05-2024_10-03-54_p0030_s150_b2,25,32
26-08-2024_15-16-55_p0019_s7_b1,43,39
25-01-2025_13-25-41_p0064_s145_b2,73,26
24-03-2025_17-40-06_p0076_s43_b1,30,15
16-04-2024_16-07-57_p0016_s242_b3,15,13
21-12-2024_09-56-08_p0061_s278_b4,34,34
26-08-2024_15-33-50_p0019_s47_b1,35,37
21-02-2024_15-28-10_p0016_s112_b2,7,21
02-05-2024_16-11-15_p0026_s264_b4,8,15
28-08-2024_16-32-04_p0038_s27_b1,73,4
15-02-2025_11-53-02_p0070_s97_b2,66,15
18-06-2024_15-40-58_p0028,45,57
04-10-2024_15-15-08_p0050_s146_b2,14,20
27-05-2024_16-53-52_p0032_s54_b1,7,11
28-11-2024_15-28-47_p0055_s96_b2,50,31
17-02-2025_17-01-27_p0071_s7_b1,52,22
05-06-2024_10-09-40_p0036_s239_b4,76,16
17-06-2024_15-11-21_p0019,15,31
30-04-2024_13-14-01_p0024_s105_b2,43,181
03-05-2024_14-03-10_p0027_s90_b2,21,27
14-03-2025_16-15-39_p0077_s211_b4,51,32
23-04-2024_11-37-41_p0024_s257_b4,24,31
31-01-2025_15-35-25_p0065_s197_b3,44,40
08-10-2024_16-19-11_p0049,12,2
11-06-2024_14-42-58_p0035,29,38
06-02-2025_13-38-08_p0067_s101_b2,7,21
10-01-2025_16-07-00_p0063_s267_b4,49,14
12-06-2024_10-02-05_p0036_s119_b2,90,33
13-11-2024_17-34-29_p0051_s229_b4,3,19
10-09-2024_17-15-28_p0045_s183_b3,30,14
19-12-2024_16-16-16_p0062_s195_b3,38,41
19-07-2024_14-30-41_p0040,13,16
20-03-2025_16-29-40_p0078,27,17
01-02-2025_12-10-42_p0070_s250_b4,31,18
21-02-2024_11-32-19_p0013_s12_b1,35,59
14-01-2025_15-30-47_p0060_s117_b2,16,37
13-03-2024_15-26-53_p0014,11,44
25-02-2025_18-34-11_p0075_s100_b2,51,19
04-09-2024_15-59-02_p0044_s29_b1,90,11
12-12-2024_16-27-58_p0057,41,12
27-03-2025_14-15-19_p0080_s177_b3,41,44
25-03-2024_16-41-34_p0020,8,9
12-12-2024_19-08-32_p0058_s107_b2,7,28
07-12-2024_10-06-36_p0053_s217_b4,20,32
18-01-2025_13-19-56_p0064,40,38
21-02-2024_12-04-41_p0013_sP03_b1,24,5
21-02-2024_11-35-51_p0013_s23_b1,48,51
13-02-2025_14-08-45_p0067_s267_b4,19,31
05-03-2024_10-39-08_p0014_s54_b1,25,59
03-05-2024_18-42-34_p0031_s176_b3,10,27
08-10-2024_16-19-45_p0049,18,4
26-03-2024_16-08-41_p0022_s218_b4,33,29
28-09-2024_13-44-32_p0016_s276_b4,20,10
24-05-2024_19-00-55_p0031_s141_b2,28,40
28-01-2025_14-15-58_p0067_s242_b3,77,20
14-08-2024_16-36-06_p0038_s283_b4,43,10
21-08-2024_14-57-22_p0044,47,0
03-02-2025_16-54-57_p0071_s112_b2,39,20
22-02-2024_11-53-50_p0017,68,69
13-12-2024_15-43-28_p0054_s144_b2,46,27
22-08-2024_15-53-12_p0042_s254_b4,24,17
18-12-2024_17-39-32_p0057,33,20
15-02-2025_11-21-14_p0065,43,11
18-04-2024_10-16-14_p0025_s22_b1,38,33
13-02-2025_13-40-51_p0067_s220_b4,53,31
10-08-2024_10-51-48_p0043_s119_b2,84,19
20-03-2025_14-57-25_p0076,2,30
12-03-2024_14-45-59_p0022_s72_b1,51,34
24-07-2024_15-27-10_p0041_s274_b4,33,17
20-05-2024_16-04-35_p0023,74,5
08-05-2024_15-37-14_p0033,117,59
05-12-2024_17-20-35_p0055_s264_b4,18,28
15-02-2025_09-53-18_p0065_s23_b1,42,28
17-09-2024_14-45-20_p0048_s35_b1,27,22
04-07-2024_15-02-41_p0039,16,37
23-04-2024_11-17-18_p0024_s214_b4,38,8
03-05-2024_18-33-40_p0031,18,51
13-09-2024_16-05-12_p0046_s283_b4,38,8
28-02-2024_16-10-13_p0011_sP05_b2,41,37
26-04-2024_14-37-56_p0028_s17_b1,45,23
19-06-2024_15-40-14_p0023_s193_b3,38,27
24-01-2025_15-32-16_p0060_s12_b1,34,40
26-08-2024_16-08-20_p0019,22,13
07-01-2025_15-49-52_p0063_s109_b2,46,59
14-02-2025_18-17-42_p0073,19,15
01-02-2025_13-32-03_p0064,95,14
13-02-2025_19-21-48_p0070_s13_b1,38,29
06-08-2024_16-47-27_p0039_s74_b1,27,26
26-02-2024_15-32-10_p0019_s215_b4,28,33
27-05-2024_15-42-05_p0032_s180_b3,22,36
07-01-2025_14-02-11_p0062_s38_b1,123,56
08-04-2024_15-41-00_p0021_s109_b2,13,45
13-09-2024_16-28-03_p0046_s16_b1,6,25
24-04-2024_15-16-11_p0027_s160_b3,63,148
06-02-2025_18-20-40_p0069_s159_b3,25,24
05-12-2024_16-50-40_p0055_s215_b4,23,27
08-05-2024_16-11-28_p0033,75,59
16-09-2024_15-26-02_p0045_s105_b2,45,27
05-10-2024_09-20-40_p0050_s215_b4,30,7
14-02-2025_18-25-29_p0073_s155_b2,21,13
27-03-2024_15-43-38_p0015_s152_b2,10,19
20-05-2024_12-01-19_p0034_s210_b4,72,41
19-07-2024_15-24-12_p0040_s23_b1,26,25
28-03-2025_15-52-19_p0081_s147_b2,138,38
19-06-2024_16-29-13_p0023_s27_b1,36,23
10-09-2024_17-01-18_p0045_s172_b3,55,21
10-09-2024_14-47-02_p0048_s136_b2,33,5
28-08-2024_09-55-32_p0044_s136_b2,124,27
25-02-2025_18-48-44_p0075_s114_b2,24,20
18-12-2024_09-51-03_p0061_s187_b3,70,32
19-02-2025_16-08-36_p0072,55,18
19-02-2025_16-13-44_p0072,59,13
11-07-2024_15-42-17_p0041_s200_b3,32,36
12-03-2025_10-49-29_p0074_s21_b1,70,28
08-04-2024_16-08-20_p0021,18,27
18-01-2025_13-01-46_p0064_s186_b3,34,44
16-10-2024_16-03-33_p0049_s198_b3,20,10
12-03-2024_10-14-11_p0021,52,40
17-09-2024_14-43-54_p0048_s32_b1,23,9
23-11-2024_13-04-12_p0052_s95_b2,18,40
19-07-2024_14-32-23_p0040,27,27
12-12-2024_19-19-07_p0058_s121_b2,77,25
20-03-2025_14-46-47_p0076_s127_b2,105,8
13-02-2025_13-46-38_p0067_s223_b4,13,10
02-04-2024_15-07-28_p0021,70,43
13-11-2024_16-43-27_p0051_s11_b1,22,25
13-02-2025_15-04-17_p0067_s40_b1,32,29
11-03-2024_15-42-42_p0020_s173_b3,-45,51
01-02-2025_11-54-50_p0070_s215_b4,34,21
18-12-2024_10-02-44_p0061_s199_b3,59,36
13-09-2024_16-51-48_p0046_s71_b1,9,5
12-03-2024_14-18-05_p0022_s7_b1,22,55
05-03-2024_10-26-54_p0014_s18_b1,78,74
28-02-2024_16-21-49_p0011_s105_b2,-8,46
17-12-2024_16-09-00_p0060_s158_b3,30,22
19-07-2024_14-07-53_p0040_sP07_b2,32,24
14-02-2025_18-03-08_p0073,9,15
20-03-2025_16-29-13_p0078,22,22
19-07-2024_15-37-13_p0040_s49_b1,149,27
08-05-2024_15-28-04_p0033,52,63
28-09-2024_14-25-43_p0016_s48_b1,8,6
28-08-2024_09-21-46_p0044_s85_b2,77,32
14-01-2025_15-25-39_p0060,32,47
21-02-2024_12-04-04_p0013_s71_b1,45,47
13-09-2024_16-34-59_p0046_s31_b1,11,9
14-08-2024_16-31-21_p0038_s278_b4,37,22
01-02-2025_14-13-29_p0064_s28_b1,32,29
22-02-2024_13-22-40_p0018_s17_b1,41,21
07-12-2024_10-42-23_p0053_s269_b4,39,27
04-02-2025_16-46-29_p0066_s120_b2,63,24
14-03-2025_16-33-31_p0077_s248_b4,44,22
08-07-2024_11-46-06_p0040_s209_b4,9,9
10-05-2024_09-08-41_p0030,43,91
24-05-2024_19-09-23_p0031,34,50
20-05-2024_11-20-01_p0034_s2_b1,25,50
14-12-2024_11-34-48_p0059_s146_b2,51,24
18-12-2024_17-24-09_p0057_s190_b3,40,17
08-05-2024_09-59-48_p0030,40,25
17-09-2024_15-48-40_p0048_s237_b4,18,10
20-03-2025_15-53-27_p0078_s89_b2,91,27
08-08-2024_15-14-00_p0042_s141_b2,40,25
07-02-2025_16-21-14_p0046_s166_b3,36,28
19-06-2024_15-56-35_p0023_s243_b3,67,39
17-02-2025_17-04-40_p0071_s15_b1,43,26
31-08-2024_12-28-11_p0047,53,44
03-05-2024_08-40-27_p0030_s37_b1,32,82
11-03-2024_15-24-46_p0020,144,58
11-02-2025_18-05-35_p0066_s24_b1,41,38
13-02-2025_14-40-14_p0067_s2_b1,43,21
16-05-2024_14-39-28_p0034,21,38
24-01-2025_15-38-45_p0060_s26_b1,19,42
11-03-2024_16-14-56_p0020,18,50
19-06-2024_09-49-34_p0036_s3_b1,79,26
17-12-2024_16-31-04_p0060,14,15
12-12-2024_18-50-23_p0058_s83_b2,26,20
02-05-2024_15-47-14_p0026_s216_b4,8,19
03-05-2024_14-30-24_p0027_s156_b2,12,18
20-03-2025_15-02-40_p0076,26,15
12-02-2025_17-08-20_p0072_s146_b2,88,12
07-12-2024_10-37-38_p0053_s259_b4,91,29
20-03-2024_15-28-06_p0015_s206_b3,30,50
06-02-2025_18-38-36_p0069,35,36
07-12-2024_10-25-45_p0053_s248_b4,23,28
28-09-2024_13-58-08_p0016_s283_b4,33,5
12-12-2024_19-34-51_p0058,9,15
05-10-2024_09-18-44_p0050,21,10
20-05-2024_12-14-33_p0034_s236_b4,42,51
24-03-2025_16-47-48_p0076_s215_b4,34,23
20-03-2025_14-33-39_p0076_s103_b2,32,31
07-05-2024_14-55-12_p0027_s8_b1,16,9
27-05-2024_16-01-42_p0032_s201_b3,20,39
24-01-2025_16-09-41_p0060_s75_b1,2,41
23-04-2024_15-31-15_p0026_s68_b1,24,53
18-01-2025_10-02-15_p0057_s245_b4,65,41
25-02-2025_19-39-46_p0075,64,9
21-12-2024_10-07-39_p0061_s16_b1,61,33
08-01-2025_15-30-34_p0063_s197_b3,27,33
10-02-2025_17-21-04_p0071,40,14
28-11-2024_15-31-41_p0055_s100_b2,24,31
08-07-2024_12-26-40_p0040_s273_b4,32,45
02-05-2024_15-15-56_p0026_s194_b3,19,18
18-04-2024_10-17-58_p0025_s26_b1,15,33
25-01-2025_13-40-09_p0064_s152_b2,10,10
07-12-2024_10-04-30_p0053_s212_b4,22,27
04-07-2024_15-19-50_p0039,42,67
01-02-2025_14-19-33_p0064_s39_b1,74,24
04-10-2024_14-53-54_p0050_s123_b2,18,32
07-12-2024_10-56-48_p0053_s11_b1,19,32
13-02-2025_18-37-05_p0070,34,25
06-02-2025_18-30-44_p0069,6,22
03-05-2024_14-25-58_p0027,13,22
22-08-2024_15-28-25_p0042_s216_b4,38,22
20-02-2024_17-02-34_p0015_s278_b4,2,32
11-02-2025_19-21-19_p0069_s155_b2,11,22
26-08-2024_16-35-49_p0019,41,28
10-09-2024_17-14-28_p0045_s182_b3,35,33
13-12-2024_16-10-23_p0054_s17_b1,33,42
17-06-2024_15-02-43_p0019_s106_b2,29,33
08-11-2024_16-21-27_p0053,32,33
19-11-2024_16-50-41_p0054_s207_b3,91,13
21-02-2024_15-57-10_p0016,7,25
05-12-2024_16-46-19_p0055_s209_b4,33,28
16-09-2024_15-54-20_p0045_s139_b2,41,12
07-03-2024_14-05-08_p0010_s143_b2,6,34
16-09-2024_15-18-38_p0045_s96_b2,18,9
06-02-2025_15-23-52_p0068,12,9
11-06-2024_14-22-39_p0035_s126_b2,46,27
24-01-2025_14-37-41_p0060_s210_b4,28,36
19-06-2024_15-52-43_p0023,31,47
06-02-2025_15-17-53_p0068_s143_b2,45,25
23-11-2024_13-23-36_p0052_s123_b2,36,39
25-02-2025_19-21-53_p0075_s139_b2,55,20
24-03-2025_17-17-24_p0076_s264_b4,37,8
15-02-2025_11-23-12_p0065,52,2
24-01-2025_15-41-37_p0060_s32_b1,14,43
05-02-2025_16-50-21_p0072_s166_b3,39,18
11-07-2024_15-51-08_p0041_s244_b3,89,29
24-03-2025_17-17-02_p0076,56,20
09-05-2024_14-42-35_p0033_s120_b2,41,34
24-04-2024_15-14-35_p0027_s159_b3,64,105
12-03-2024_10-52-02_p0021_s278_b4,32,34
28-08-2024_15-54-14_p0038_s149_b2,45,9
10-05-2024_18-55-16_p0025,41,13
10-05-2024_16-50-26_p0033_s72_b1,9,25
16-05-2024_14-47-48_p0034_s124_b2,69,58
25-03-2024_16-45-38_p0020_s157_b2,2,8
11-02-2025_17-22-31_p0066_s270_b4,95,7
18-01-2025_10-11-02_p0057_s255_b4,15,29
15-02-2025_12-14-23_p0070_s133_b2,73,8
11-03-2025_16-05-24_p0073_s61_b1,28,28
29-04-2024_11-44-29_p0029_s123_b2,25,10
27-02-2025_14-38-07_p0073_s241_b3,31,12
06-02-2025_13-43-28_p0067_s111_b2,69,16
07-12-2024_11-20-32_p0053_s61_b1,28,25
14-03-2025_17-38-10_p0077_s79_b1,54,36
23-11-2024_10-05-27_p0053,23,20
25-03-2024_15-37-18_p0020_s229_b4,32,40
10-12-2024_17-02-51_p0056_s20_b1,94,47
13-05-2024_16-12-02_p0028_s184_b3,8,9
12-07-2024_14-26-27_p0040,35,59
17-07-2024_14-10-24_p0041_s84_b2,41,33
08-08-2024_14-45-31_p0042_s100_b2,20,32
28-08-2024_10-06-34_p0044,63,24
07-12-2024_10-13-07_p0053_s225_b4,27,27
17-02-2025_18-02-05_p0071_s219_b4,40,18
11-03-2025_19-01-56_p0075_s64_b1,109,23
03-02-2025_17-30-52_p0071_s150_b2,39,11
12-12-2024_16-03-12_p0057_s128_b2,85,32
01-08-2024_16-50-19_p0042,39,12
10-01-2025_15-30-37_p0063,18,37
18-01-2025_09-42-34_p0057_s217_b4,31,31
27-02-2025_14-06-12_p0073,6,16
18-06-2024_16-32-11_p0028_s236_b4,21,31
13-02-2025_13-34-13_p0067_s209_b4,31,33
07-01-2025_14-21-11_p0062_s71_b1,61,37
16-04-2024_10-50-07_p0025,20,45
13-09-2024_16-46-23_p0046_s61_b1,9,-3
16-05-2024_14-55-55_p0034_s132_b2,116,56
11-05-2024_09-30-54_p0034,163,37
16-04-2024_10-29-03_p0025,58,38
28-06-2024_15-07-55_p0035_s213_b4,18,65
18-12-2024_17-19-44_p0057_s184_b3,62,26
01-02-2025_14-09-48_p0064_s20_b1,98,20
13-11-2024_17-14-57_p0051_s72_b1,33,17
29-08-2024_15-41-13_p0045_s229_b4,13,25
12-06-2024_16-53-51_p0038,65,47
18-01-2025_13-13-16_p0064_s197_b3,40,25
12-12-2024_19-25-48_p0058_s129_b2,60,5
18-06-2024_14-59-45_p0028_s95_b2,17,-3
01-02-2025_10-09-45_p0069_s281_b4,21,11
24-07-2024_14-14-26_p0041_s20_b1,67,21
10-01-2025_15-13-25_p0062,41,46
22-02-2024_10-40-40_p0017_s163_b3,94,62
13-02-2025_15-08-33_p0067_s47_b1,54,32
14-12-2024_11-35-07_p0059_s147_b2,31,15
03-05-2024_14-22-42_p0027,0,24
25-03-2025_18-50-33_p0079,57,16
14-01-2025_15-21-49_p0060_s108_b2,11,46
11-05-2024_09-59-05_p0034_sP14_b3,66,37
08-11-2024_16-32-53_p0053_s157_b2,28,35
20-02-2025_19-04-04_p0075,57,20
07-12-2024_10-38-25_p0053_s261_b4,14,30
10-05-2024_09-55-11_p0030_s258_b4,30,37
27-03-2024_15-26-47_p0015_s129_b2,51,23
27-02-2025_14-30-56_p0073,21,20
09-05-2024_14-31-43_p0033_s110_b2,56,34
22-02-2024_15-23-49_p0014_s165_b3,53,38
28-08-2024_09-43-47_p0044,39,27
03-04-2024_16-10-13_p0023_s274_b4,33,22
19-06-2024_10-53-25_p0036,5,24
22-02-2024_13-18-38_p0018_s1_b1,58,29
14-08-2024_16-03-33_p0038,62,22
19-06-2024_16-17-39_p0023_s4_b1,46,24
07-02-2025_16-46-38_p0046_s191_b3,30,10
01-02-2025_14-23-07_p0064_s46_b1,111,13
30-01-2025_16-22-31_p0068_s195_b3,21,25
22-04-2024_09-37-00_p0025,15,21
22-08-2024_16-35-57_p0042_s15_b1,26,11
13-09-2024_15-57-01_p0046_s270_b4,25,11
21-08-2024_15-02-13_p0044_s202_b3,34,50
25-03-2025_18-40-46_p0079,38,21
16-09-2024_17-13-51_p0045_s72_b1,49,20
03-05-2024_19-07-03_p0031,9,11
10-02-2025_17-09-32_p0071_sP14_b3,68,5
11-02-2025_18-56-55_p0069_s121_b2,136,21
17-07-2024_14-30-24_p0041_s121_b2,57,29
24-07-2024_14-24-45_p0041_s44_b1,29,22
10-12-2024_17-41-59_p0056_sP02_b1,88,39
31-01-2024_14-37-34_p13,5,8
13-02-2025_15-22-11_p0067_s68_b1,95,35
20-03-2025_14-57-57_p0076,22,13
24-01-2025_15-08-17_p0060_s260_b4,19,37
08-10-2024_16-22-10_p0049,10,3
10-09-2024_14-07-55_p0048_s85_b2,52,13
08-01-2025_16-42-21_p0063_s66_b1,66,29
10-02-2025_16-54-21_p0071,73,32
25-03-2024_16-27-26_p0020_s128_b2,9,13
27-03-2025_15-22-30_p0078_s185_b3,60,51
26-08-2024_15-34-20_p0019_s48_b1,99,47
19-02-2025_10-07-26_p0074,11,20
21-12-2024_09-44-02_p0061_s260_b4,79,21
13-11-2024_17-36-26_p0051_s235_b4,9,13
13-02-2025_18-55-56_p0070,38,25
02-05-2024_15-54-59_p0026_s232_b4,19,26
12-03-2025_10-33-32_p0074_s269_b4,56,27
13-12-2024_15-59-06_p0054_s153_b2,41,36
11-03-2025_19-04-09_p0075_s71_b1,50,12
10-05-2024_15-30-16_p0033_s240_b4,42,50
07-01-2025_13-56-15_p0062_s28_b1,79,38
21-12-2024_09-45-27_p0061_s263_b4,26,16
11-02-2025_17-10-38_p0066_s250_b4,20,15
11-05-2024_10-02-13_p0034,54,24
30-08-2024_15-33-10_p0046_s105_b2,15,23
19-06-2024_10-09-11_p0036_s43_b1,31,33
22-02-2024_11-54-15_p0017_s265_b4,17,50
06-05-2024_16-06-26_p0032_s274_b4,76,48
15-02-2025_12-15-35_p0070_s136_b2,61,11
13-03-2024_16-16-21_p0014_s277_b4,33,32
22-01-2025_17-02-27_p0066,26,28
28-06-2024_15-47-07_p0035_s277_b4,17,16
19-02-2025_10-09-00_p0074_s158_b3,36,34
03-09-2024_15-44-05_p0048_s204_b3,56,20
13-02-2025_15-17-16_p0067_s61_b1,62,22
29-02-2024_14-08-27_p0010_s53_b1,13,33
03-10-2024_15-31-57_p0050,39,8
23-11-2024_13-15-17_p0052_s110_b2,19,42
04-10-2024_14-29-51_p0050_s96_b2,12,38
28-06-2024_15-21-58_p0035_s240_b4,3,27
27-03-2024_16-21-56_p0015_s58_b1,21,27
13-11-2024_16-49-50_p0051_s29_b1,55,22
08-07-2024_12-05-09_p0040_s239_b4,5,13
24-03-2025_17-09-12_p0076_s253_b4,63,33
10-05-2024_10-01-38_p0030_s266_b4,36,35
19-06-2024_10-58-40_p0036_s172_b3,108,34
15-02-2025_11-53-23_p0070_s98_b2,58,16
22-03-2025_12-11-04_p0079,23,21
22-02-2024_16-06-51_p0014,32,35
22-08-2024_16-02-05_p0042_s266_b4,31,4
19-07-2024_14-08-27_p0040_s117_b2,44,25
19-11-2024_16-36-03_p0054_s197_b3,42,20
21-11-2024_16-03-51_p0055,21,25
05-12-2024_17-09-48_p0055_s248_b4,4,23
12-02-2025_16-58-14_p0072_s130_b2,94,24
19-02-2025_15-52-01_p0072_s232_b4,52,22
21-08-2024_14-48-36_p0044_s186_b3,38,26
20-03-2024_15-00-24_p0015,51,40
27-05-2024_15-28-27_p0032,15,32
30-10-2024_15-25-46_p0052_s206_b3,15,37
26-10-2024_12-36-29_p0051_s205_b3,29,-6
16-09-2024_15-10-08_p0045_sP04_b2,35,20
12-03-2024_14-14-31_p0022_s2_b1,34,26
08-01-2025_15-37-48_p0063,55,36
11-03-2025_15-50-28_p0073_s24_b1,13,30
16-04-2024_10-27-51_p0025,23,44
19-06-2024_10-51-55_p0036,25,26
11-02-2025_18-38-30_p0069_s90_b2,18,34
18-06-2024_15-39-06_p0028,30,62
29-08-2024_15-41-57_p0045_s231_b4,54,29
10-02-2025_16-41-32_p0071_s172_b3,65,8
01-02-2025_13-32-27_p0064_s245_b4,60,18
25-02-2025_19-12-42_p0075_s126_b2,128,11
10-09-2024_17-41-49_p0045,124,25
14-01-2025_16-05-58_p0060_s151_b2,8,2
10-08-2024_10-32-51_p0043_sP04_b2,119,21
17-02-2025_17-56-44_p0071,62,21
05-02-2025_17-35-07_p0072_s197_b3,36,20
07-02-2025_16-09-33_p0046,51,23
04-07-2024_15-05-24_p0039_s165_b3,20,64
06-02-2025_15-20-47_p0068,8,14
20-05-2024_11-41-57_p0034_s48_b1,52,37
21-02-2024_15-54-27_p0016_s138_b2,9,12
20-05-2024_12-01-43_p0034_s211_b4,64,54
30-01-2024_14-29-20_p12,21,40
23-04-2024_15-14-18_p0026_s29_b1,53,62
10-08-2024_11-09-35_p0043,32,35
15-02-2025_12-27-16_p0070,41,3
10-05-2024_08-48-49_p0030_s180_b3,44,50
13-02-2025_14-07-55_p0067_s266_b4,33,32
05-02-2025_16-48-04_p0072_s164_b3,34,30
13-11-2024_17-10-09_p0051_s66_b1,133,28
10-05-2024_09-05-42_p0030_s202_b3,62,31
12-02-2025_17-13-36_p0072,39,9
11-03-2025_15-48-27_p0073_s16_b1,15,27
24-07-2024_15-26-38_p0041_s273_b4,56,22
06-05-2024_15-22-20_p0032_s221_b4,72,39
25-02-2025_19-19-36_p0075_s136_b2,106,15
14-08-2024_16-29-57_p0038_s275_b4,19,9
11-02-2025_16-52-30_p0066_s222_b4,38,21
25-03-2024_15-58-08_p0020_s275_b4,13,-1
30-01-2024_11-24-19_p11,12,45
08-06-2024_10-41-46_p0031_s61_b1,37,28
14-03-2025_17-20-26_p0077_s28_b1,55,23
27-02-2025_14-18-29_p0073_s174_b3,20,8
26-02-2024_16-15-36_p0019_s272_b4,17,35
19-06-2024_10-06-55_p0036_s38_b1,96,28
31-03-2025_18-23-03_p0079_s221_b4,49,44
26-03-2024_16-22-17_p0022_s248_b4,20,43
18-12-2024_09-48-38_p0061_s182_b3,53,25
22-02-2024_11-38-58_p0017_s221_b4,52,63
09-05-2024_14-30-00_p0033_s107_b2,46,35
21-02-2025_17-53-18_p0068_s6_b1,43,27
17-09-2024_15-55-27_p0048_s250_b4,31,18
26-10-2024_12-05-50_p0051,33,8
04-07-2024_15-09-34_p0039_s169_b3,22,33
30-04-2024_13-40-37_p0024_s144_b2,23,25
18-06-2024_15-45-48_p0028_s157_b2,41,42
20-05-2024_15-36-54_p0023,14,16
10-05-2024_16-23-27_p0033_s3_b1,31,26
19-07-2024_15-47-45_p0040_s67_b1,130,14
04-10-2024_15-01-10_p0050_s133_b2,37,53
28-01-2025_13-20-03_p0067_s167_b3,52,33
21-12-2024_10-14-19_p0061_s33_b1,19,22
21-02-2025_17-08-15_p0068_s219_b4,41,23
28-01-2025_13-21-43_p0067_s169_b3,32,35
21-02-2024_15-45-28_p0016_s127_b2,-8,10
10-09-2024_14-44-47_p0048_s133_b2,27,5
14-12-2024_12-11-05_p0059_s154_b2,48,8
27-02-2025_14-31-56_p0073_s199_b3,19,18
04-10-2024_15-14-13_p0050_s144_b2,20,42
10-05-2024_15-18-45_p0033_s225_b4,23,206
11-02-2025_19-10-04_p0069_s144_b2,-8,31
20-03-2024_15-27-04_p0015,78,58
19-07-2024_14-21-25_p0040_s139_b2,27,24
04-10-2024_14-25-08_p0050_s89_b2,33,26
11-03-2025_16-06-29_p0073_s64_b1,102,22
06-05-2024_15-28-40_p0032_s227_b4,52,46
26-03-2024_16-32-02_p0022_s266_b4,44,30
03-02-2025_16-40-26_p0071_s86_b2,63,23
23-11-2024_09-56-10_p0053_s179_b3,36,27
11-02-2025_18-00-51_p0066_s16_b1,74,21
12-03-2024_10-41-51_p0021_s257_b4,12,53
13-02-2025_14-18-30_p0067_s282_b4,32,46
03-04-2025_13-36-28_p0080_s89_b2,48,23
09-05-2024_14-45-06_p0033_s124_b2,49,33
11-03-2025_15-32-02_p0073_s274_b4,34,28
26-02-2025_09-30-09_p0074_s91_b2,79,30
05-12-2024_16-10-59_p0055_s56_b1,40,20
11-06-2024_13-53-44_p0035_s84_b2,9,24
19-06-2024_09-53-08_p0036_s10_b1,34,31
03-05-2024_14-12-08_p0027,5,34
05-10-2024_09-36-06_p0050_s227_b4,21,14
05-09-2024_15-47-30_p0047_s220_b4,26,23
08-04-2024_16-32-10_p0021_s8_b1,28,47
12-03-2025_10-44-55_p0074_s11_b1,47,31
05-10-2024_10-02-41_p0050_s263_b4,33,18
25-01-2025_13-10-16_p0064,49,18
07-01-2025_15-15-03_p0062,68,42
13-05-2024_16-34-29_p0028_s207_b3,18,14
23-05-2024_14-55-11_p0035,24,35
04-02-2025_16-24-05_p0066_s82_b2,55,30
10-05-2024_16-40-38_p0033_s43_b1,29,5
10-05-2024_16-11-30_p0033_s280_b4,66,24
19-06-2024_11-32-20_p0036_s243_b3,75,27
12-07-2024_15-22-07_p0040_s204_b3,83,21
28-08-2024_10-12-38_p0044,28,25
07-01-2025_14-26-46_p0062_s81_b1,130,62
05-12-2024_16-48-15_p0055_s210_b4,38,28
09-05-2024_14-30-34_p0033_s108_b2,45,34
08-01-2025_16-30-50_p0063_s45_b1,74,25
07-12-2024_10-27-02_p0053_s250_b4,17,24
27-03-2024_16-19-51_p0015_s52_b1,22,34
19-02-2025_16-47-06_p0072_s45_b1,105,18
27-02-2025_14-15-31_p0073,8,15
27-05-2024_17-02-25_p0032_s74_b1,34,78
18-04-2024_15-33-19_p0026,29,23
10-08-2024_10-34-49_p0043_s86_b2,70,15
10-09-2024_14-15-30_p0048_s95_b2,31,10
08-06-2024_10-21-18_p0031_s7_b1,27,29
31-01-2025_15-20-21_p0065_s183_b3,41,30
09-05-2024_15-16-56_p0033_s152_b2,33,32
13-02-2025_18-33-22_p0070_s168_b3,43,31
08-11-2024_15-38-37_p0053,35,48
01-02-2025_13-14-04_p0064_s212_b4,43,16
12-02-2025_16-26-58_p0072_sP05_b2,83,23
28-06-2024_14-07-04_p0035_s3_b1,67,45
22-08-2024_15-57-01_p0042,12,11
08-10-2024_15-53-51_p0049_s108_b2,11,6
27-03-2024_15-20-27_p0015_s117_b2,41,10
05-12-2024_17-27-10_p0055_s276_b4,34,13
22-04-2024_09-24-08_p0025_s176_b3,20,35
22-03-2025_11-42-45_p0079_s96_b2,64,36
05-10-2024_10-12-07_p0050_s268_b4,21,6
17-12-2024_16-44-51_p0060_s180_b3,18,15
17-07-2024_14-12-39_p0041_s87_b2,29,31
23-04-2024_15-25-06_p0026_s54_b1,22,57
31-03-2025_18-20-28_p0079_s216_b4,29,39
21-01-2025_15-16-41_p0065_s260_b4,92,40
10-05-2024_15-49-23_p0033_s269_b4,30,35
25-02-2025_19-29-39_p0075,29,18
24-07-2024_14-35-31_p0041_s69_b1,40,13
21-02-2024_16-06-24_p0016,5,10
04-10-2024_14-52-28_p0050_s120_b2,25,34
30-09-2024_16-07-20_p0049_s271_b4,28,-3
03-10-2024_15-17-06_p0050_s183_b3,27,21
23-11-2024_09-58-35_p0053_s184_b3,32,28
14-03-2025_17-37-43_p0077_s77_b1,36,10
28-01-2025_13-13-53_p0067,43,28
12-03-2025_10-28-31_p0074,39,27
30-01-2024_11-10-46_p11,24,36
19-12-2024_16-12-25_p0062,37,20
08-10-2024_15-45-59_p0049_s92_b2,11,6
13-09-2024_16-49-51_p0046_sP02_b1,14,8
11-05-2024_10-09-27_p0034,63,24
20-05-2024_15-58-09_p0023_s144_b2,26,9
06-09-2024_15-35-01_p0047,29,20
13-12-2024_16-37-44_p0054_s74_b1,36,25
10-08-2024_11-10-05_p0043,21,36
20-02-2024_17-04-15_p0015_s281_b4,23,33
20-02-2024_16-18-50_p0015_s216_b4,39,11
29-08-2024_15-38-35_p0045_s223_b4,23,26
04-09-2024_14-19-53_p0044,69,27
18-12-2024_17-44-57_p0057_s241_b3,51,23
22-08-2024_17-04-23_p0042_s79_b1,27,37
04-07-2024_15-08-39_p0039,27,40
22-03-2025_11-59-51_p0079_s133_b2,82,38
09-05-2024_15-13-27_p0033,42,24
21-12-2024_10-37-49_p0061_s77_b1,72,24
28-06-2024_14-14-22_p0035_s22_b1,44,59
22-03-2025_12-10-14_p0079,28,31
13-11-2024_17-35-04_p0051_s231_b4,13,23
19-03-2024_15-42-00_p0022,13,41
23-11-2024_13-27-41_p0052_s133_b2,15,23
10-09-2024_17-06-05_p0045_s178_b3,54,19
22-08-2024_15-44-29_p0042_s240_b4,23,15
20-05-2024_12-23-03_p0034_s256_b4,67,49
28-08-2024_15-05-46_p0038_s93_b2,61,11
24-03-2025_17-35-20_p0076_s23_b1,37,20
05-10-2024_11-33-18_p0050_s64_b1,108,5
31-03-2025_18-24-10_p0079_s222_b4,39,39
05-02-2025_17-28-37_p0072_s192_b3,72,11
08-05-2024_09-49-11_p0030_s129_b2,31,30
11-03-2025_15-11-05_p0073_s227_b4,30,30
23-07-2024_16-31-43_p0039_s135_b2,10,45
06-02-2025_18-46-55_p0069_s190_b3,38,34
07-03-2024_14-12-04_p0010,27,28
20-05-2024_11-52-59_p0034_s69_b1,50,47
12-02-2025_16-49-11_p0072_s117_b2,70,20
15-05-2024_15-27-05_p0032_s93_b2,28,28
08-05-2024_15-42-59_p0033_s177_b3,53,51
16-09-2024_17-17-17_p0045_s79_b1,43,7
12-12-2024_19-37-38_p0058,26,22
26-03-2024_15-27-23_p0022_s186_b3,14,24
26-03-2024_15-22-56_p0022,12,25
09-05-2024_15-17-53_p0033_s154_b2,44,29
13-09-2024_15-51-52_p0046,68,0
26-11-2024_15-31-07_p0056,61,37
19-11-2024_15-57-45_p0054_s177_b3,18,20
23-11-2024_13-26-30_p0052_s130_b2,13,35
24-01-2025_15-17-28_p0060_s273_b4,22,41
27-03-2024_16-07-47_p0015_s23_b1,15,32
11-05-2024_10-01-22_p0034_s195_b3,70,38
22-02-2024_14-37-58_p0018,3,21
24-07-2024_14-39-24_p0041_s79_b1,139,14
03-05-2024_14-21-02_p0027_s146_b2,7,31
22-02-2024_11-43-54_p0017_s235_b4,37,49
10-09-2024_16-38-24_p0045,62,26
21-02-2025_17-39-21_p0068_s267_b4,39,32
22-08-2024_16-43-46_p0042_s29_b1,110,32
28-11-2024_16-13-10_p0055,32,45
11-03-2025_18-27-33_p0075_s278_b4,30,25
30-01-2025_16-35-00_p0068,35,20
08-01-2025_16-26-41_p0063_s35_b1,28,43
01-02-2025_14-25-27_p0064_s50_b1,33,26
23-07-2024_16-08-13_p0039_s94_b2,44,16
26-11-2024_15-33-50_p0056_s110_b2,83,56
22-02-2024_11-16-02_p0017_s205_b3,1,41
18-01-2025_12-45-42_p0064,32,26
11-02-2025_17-13-11_p0066_s254_b4,33,23
10-08-2024_10-35-11_p0043_sP05_b2,101,37
24-05-2024_18-30-44_p0031_s82_b2,65,34
14-01-2025_15-33-10_p0060_s123_b2,31,41
13-09-2024_16-54-46_p0046_s78_b1,13,3
13-02-2025_14-58-09_p0067_s27_b1,77,24
15-02-2025_09-59-36_p0065_s34_b1,23,22
02-05-2024_15-46-41_p0026_s214_b4,14,8
15-02-2025_11-48-02_p0070_s87_b2,27,4
18-01-2025_12-47-05_p0064,36,30
16-07-2024_16-31-32_p0039_s233_b4,31,17
04-02-2025_16-58-46_p0066_s144_b2,43,27
19-02-2025_16-30-41_p0072_s9_b1,55,14
16-09-2024_15-51-54_p0045_s136_b2,19,14
04-02-2025_16-45-47_p0066_s119_b2,80,39
21-11-2024_15-01-32_p0055_s159_b3,57,40
16-04-2024_15-33-35_p0016,6,16
19-07-2024_14-15-01_p0040_s126_b2,93,16
07-03-2024_14-12-14_p0010,20,32
28-11-2024_15-55-28_p0055_s127_b2,89,60
07-12-2024_11-11-30_p0053_s46_b1,21,29
16-04-2024_16-05-50_p0016_s241_b3,3,17
07-01-2025_16-27-58_p0063_s152_b2,54,31
28-03-2025_15-38-02_p0081_s114_b2,56,30
08-04-2024_15-57-19_p0021_s139_b2,14,43
18-06-2024_15-20-48_p0028_s129_b2,40,56
02-05-2024_14-46-36_p0026_s164_b3,15,26
10-08-2024_10-41-08_p0043_s100_b2,40,19
27-03-2024_15-29-50_p0015_s138_b2,18,14
26-11-2024_16-02-45_p0056_s137_b2,62,41
03-05-2024_18-36-20_p0031,12,14
20-02-2025_19-32-31_p0075,79,21
24-03-2025_17-08-34_p0076_s251_b4,44,20
05-03-2024_10-36-08_p0014_s44_b1,14,63
26-08-2024_15-23-51_p0019_s24_b1,59,32
06-02-2025_15-22-58_p0068,10,10
07-05-2024_14-39-02_p0027_s276_b4,38,32
11-05-2024_09-52-03_p0034_s184_b3,97,42
03-05-2024_14-04-42_p0027_s96_b2,15,33
14-02-2025_18-07-50_p0073_s126_b2,5,19
30-01-2025_16-32-38_p0068,18,18
30-04-2024_13-31-52_p0024_s131_b2,46,43
30-09-2024_16-04-02_p0049_s267_b4,23,10
25-03-2024_15-54-17_p0020_s265_b4,29,26
01-02-2025_10-53-49_p0069_s80_b1,104,18
27-03-2025_15-24-29_p0078_s189_b3,53,48
27-05-2024_16-33-31_p0032_s10_b1,9,79
11-03-2024_16-06-23_p0020_s198_b3,17,120
24-05-2024_19-09-41_p0031,37,47
14-03-2025_17-15-18_p0077_s14_b1,56,9
18-06-2024_16-47-08_p0028_s263_b4,26,27
05-02-2025_17-06-42_p0072,57,17
23-04-2024_11-28-18_p0024_s235_b4,18,14
06-05-2024_15-34-40_p0032_s239_b4,61,56
11-02-2025_18-13-42_p0066_s46_b1,22,21
23-04-2024_15-26-58_p0026_s59_b1,18,57
10-12-2024_16-53-13_p0056_s6_b1,29,34
19-02-2025_16-38-40_p0072_s26_b1,38,15
19-06-2024_10-20-06_p0036_s64_b1,111,32
15-02-2025_10-58-06_p0065_s122_b2,233,5
26-10-2024_12-08-54_p0051_s171_b3,119,6
11-02-2025_16-58-44_p0066_s230_b4,37,20
23-11-2024_13-40-31_p0052,-3,15
14-03-2025_17-29-54_p0077_s57_b1,47,32
04-10-2024_15-25-39_p0050_s151_b2,27,16
07-02-2025_16-45-05_p0046_s189_b3,104,22
04-10-2024_15-22-07_p0050,26,19
19-12-2024_16-24-08_p0062_s206_b3,26,20
12-06-2024_17-10-44_p0038_s242_b3,37,34
19-07-2024_14-30-04_p0040,27,11
23-11-2024_09-51-49_p0053_s175_b3,32,33
25-03-2024_16-22-18_p0020_s117_b2,13,6
12-07-2024_14-58-31_p0040_s171_b3,104,31
08-11-2024_15-52-21_p0053_s111_b2,28,48
21-02-2024_11-36-10_p0013_s24_b1,45,47
06-02-2025_13-36-58_p0067_s99_b2,155,5
20-05-2024_11-56-27_p0034_s76_b1,47,33
08-10-2024_15-50-22_p0049_s102_b2,13,9
14-01-2025_15-58-57_p0060,1,21
24-07-2024_15-31-39_p0041_s283_b4,32,18
13-03-2024_16-12-38_p0014_s268_b4,7,17
12-06-2024_16-54-14_p0038,53,34
16-09-2024_15-10-34_p0045_s82_b2,19,62
12-12-2024_15-48-23_p0057_s114_b2,13,39
29-08-2024_16-15-33_p0045_s264_b4,25,25
08-11-2024_16-29-56_p0053_s151_b2,22,55
18-04-2024_10-20-48_p0025_s34_b1,46,31
08-04-2024_16-48-55_p0021_s47_b1,26,38
10-12-2024_17-39-26_p0056_s66_b1,134,40
17-02-2025_18-28-16_p0071,63,22
26-03-2024_16-06-48_p0022_s213_b4,44,41
20-12-2024_14-38-04_p0061_s112_b2,30,28
16-04-2024_10-53-27_p0025_s265_b4,54,46
26-02-2025_09-29-17_p0074_s89_b2,68,45
11-03-2025_18-27-53_p0075_s279_b4,44,24
21-02-2025_17-02-44_p0068_s209_b4,33,25
10-01-2025_15-11-32_p0062,28,33
23-07-2024_16-30-57_p0039_s133_b2,19,24
29-08-2024_15-51-13_p0045_s250_b4,18,31
09-05-2024_15-11-32_p0033,43,18
19-06-2024_15-52-09_p0023_s206_b3,26,41
19-02-2025_15-55-54_p0072_s240_b4,27,16
22-02-2024_11-07-24_p0017_s189_b3,5,26
27-03-2025_14-26-35_p0080,36,45
12-02-2025_16-25-00_p0072_s83_b2,23,28
18-04-2024_10-13-11_p0025_s15_b1,41,33
17-02-2025_17-04-16_p0071_s14_b1,45,25
26-03-2024_15-38-59_p0022_sP14_b3,42,22
19-03-2024_15-05-40_p0022_s103_b2,27,29
07-12-2024_10-41-44_p0053_s266_b4,34,31
19-12-2024_16-07-12_p0062_s189_b3,33,30
08-08-2024_14-27-43_p0042,18,23
03-05-2024_08-42-42_p0030_s43_b1,15,35
17-12-2024_17-18-27_p0060_s208_b3,20,12
03-02-2025_17-10-21_p0071_s134_b2,37,21
05-12-2024_15-38-42_p0055_s4_b1,27,13
25-03-2024_15-48-20_p0020_s256_b4,20,46
25-02-2025_19-43-18_p0075_s155_b2,55,14
08-04-2024_16-08-59_p0021,21,21
05-10-2024_11-09-01_p0050_s4_b1,15,3
05-09-2024_16-27-42_p0047_s265_b4,38,25
21-11-2024_15-35-30_p0055_s181_b3,24,57
02-04-2024_15-06-10_p0021,20,43
28-09-2024_13-35-16_p0016_s259_b4,9,9
07-01-2025_15-25-24_p0062_s275_b4,26,38
12-06-2024_09-56-49_p0036_s113_b2,50,16
03-04-2025_13-34-48_p0080_s84_b2,37,25
12-03-2024_10-16-26_p0021_s212_b4,-38,51
13-02-2025_19-42-02_p0070_s59_b1,80,36
02-05-2024_15-16-54_p0026_s195_b3,11,13
03-05-2024_18-48-41_p0031_s184_b3,26,25
22-08-2024_16-27-30_p0042,11,15
08-01-2025_16-47-37_p0063_s76_b1,27,53
10-02-2025_16-57-39_p0071_s179_b3,36,18
17-12-2024_16-19-24_p0060,17,21
10-05-2024_15-28-59_p0033_s237_b4,48,53
21-02-2025_17-55-40_p0068_s12_b1,61,30
19-03-2024_15-50-55_p0022,21,30
17-09-2024_14-29-09_p0048_s2_b1,37,30
27-03-2024_15-30-34_p0015_s140_b2,13,15
27-03-2024_16-15-23_p0015_s40_b1,19,38
13-12-2024_16-05-55_p0054_s6_b1,43,35
31-01-2024_15-10-02_p13,14,7
16-04-2024_15-37-05_p0016,-3,21
20-03-2024_15-02-52_p0015,46,57
03-04-2025_13-56-16_p0080_s142_b2,17,28
08-10-2024_16-06-28_p0049_s130_b2,11,1
20-05-2024_11-21-00_p0034_s4_b1,48,25
20-12-2024_14-24-12_p0061_s87_b2,34,35
22-02-2024_15-40-46_p0014_s186_b3,37,30
05-10-2024_11-20-53_p0050_s29_b1,16,5
12-03-2024_14-27-12_p0022_s28_b1,48,36
22-02-2024_11-06-51_p0017_s187_b3,-11,17
16-04-2024_15-56-11_p0016_s200_b3,6,20
18-06-2024_14-58-54_p0028_s93_b2,27,43
16-09-2024_16-48-26_p0045_s34_b1,33,28
28-08-2024_09-50-33_p0044_s127_b2,135,27
04-10-2024_15-23-02_p0050,14,37
08-04-2024_16-18-28_p0021_s154_b2,16,28
11-03-2025_15-47-03_p0073_s13_b1,13,32
31-08-2024_14-05-49_p0047,63,39
23-05-2024_15-18-25_p0035_s202_b3,34,41
11-02-2025_18-38-49_p0069_s91_b2,30,37
16-09-2024_17-15-48_p0045_s75_b1,16,19
20-05-2024_12-37-18_p0034_s278_b4,57,55
21-01-2025_15-32-12_p0065_s279_b4,51,31
22-02-2024_10-53-43_p0017,31,48
10-05-2024_18-16-24_p0025_s101_b2,32,16
16-05-2024_14-56-59_p0034_s134_b2,75,50
11-03-2025_18-41-16_p0075_s9_b1,33,24
07-03-2024_13-44-18_p0010_s90_b2,17,37
19-07-2024_15-49-32_p0040_s70_b1,91,10
18-04-2024_10-25-01_p0025_s44_b1,13,45
08-05-2024_16-08-39_p0033_s193_b3,35,47
27-05-2024_16-55-26_p0032_s58_b1,10,9
03-02-2025_17-00-51_p0071_sP07_b2,46,19
05-09-2024_16-40-31_p0047_s283_b4,69,25
20-03-2025_15-03-17_p0076_s149_b2,-6,17
08-10-2024_15-55-54_p0049_s113_b2,11,5
19-06-2024_10-24-26_p0036_s69_b1,111,30
08-07-2024_12-20-51_p0040,44,14
20-03-2025_16-02-46_p0078_s112_b2,84,39
16-04-2024_10-53-48_p0025_s266_b4,59,44
10-12-2024_17-26-41_p0056_s46_b1,88,41
16-10-2024_16-23-10_p0049_s4_b1,21,-9
08-04-2024_16-18-09_p0021_s153_b2,20,19
26-02-2024_15-43-07_p0019_s231_b4,30,52
04-02-2025_16-35-19_p0066_s105_b2,49,23
17-08-2024_11-21-25_p0043_s270_b4,66,15
19-07-2024_14-00-25_p0040_s107_b2,31,15
24-07-2024_14-51-39_p0041,27,10
01-02-2025_10-36-35_p0069_s46_b1,86,29
03-05-2024_18-36-37_p0031,13,14
14-08-2024_15-34-12_p0038,53,25
13-09-2024_16-47-34_p0046_s63_b1,40,8
06-09-2024_16-15-58_p0047_s152_b2,9,3
30-01-2024_14-52-39_p12,47,21
11-07-2024_15-36-20_p0041,121,32
07-01-2025_15-58-38_p0063_sP07_b2,69,47
06-02-2025_18-29-43_p0069,127,21
03-04-2024_15-34-23_p0023_s217_b4,33,41
30-10-2024_14-53-10_p0052,10,8
05-06-2024_15-03-50_p0037_s212_b4,33,36
29-08-2024_15-28-19_p0045_s211_b4,23,37
02-05-2024_14-57-58_p0026_s171_b3,12,21
27-03-2025_15-11-26_p0078,29,33
08-11-2024_14-39-16_p0052_s28_b1,49,48
14-08-2024_16-20-59_p0038_s264_b4,45,-2
24-04-2024_15-46-28_p0027_s179_b3,73,62
18-06-2024_15-44-32_p0028_s153_b2,29,49
06-11-2024_16-34-06_p0051_s103_b2,41,12
07-01-2025_14-09-22_p0062_s53_b1,120,46
13-02-2025_13-49-28_p0067_s230_b4,34,19
13-02-2025_18-19-55_p0070_s162_b3,93,23
27-03-2025_15-17-29_p0078,42,49
19-06-2024_11-21-56_p0036_s197_b3,33,32
08-06-2024_10-22-25_p0031_s10_b1,20,36
03-12-2024_16-09-06_p0056,21,53
24-01-2024_17-31-04_p10,21,13
25-01-2025_13-10-41_p0064_sP07_b2,26,22
29-08-2024_15-47-58_p0045_s245_b4,56,29
25-02-2025_19-17-16_p0075_s133_b2,66,24
01-08-2024_16-47-25_p0042_s193_b3,11,11
08-05-2024_16-14-35_p0033_s196_b3,57,51
21-02-2024_11-30-19_p0013_s5_b1,38,31
11-03-2024_15-32-09_p0020,21,61
18-04-2024_15-24-06_p0026_s91_b2,11,26
29-04-2024_11-29-24_p0029_s90_b2,27,18
30-10-2024_14-52-29_p0052,18,11
17-02-2025_18-27-38_p0071,84,15
26-08-2024_15-21-36_p0019_s18_b1,57,33
14-08-2024_16-25-12_p0038_s271_b4,72,12
19-06-2024_16-43-38_p0023_s62_b1,41,31
28-11-2024_16-21-08_p0055_s151_b2,20,66
20-03-2025_15-54-15_p0078_s92_b2,108,38
23-11-2024_13-11-14_p0052_s101_b2,22,33
24-04-2024_15-54-53_p0027_s191_b3,81,60
27-03-2025_14-07-59_p0080,158,62
04-07-2024_15-18-48_p0039,103,28
28-01-2025_13-44-21_p0067_s187_b3,9,78
29-04-2024_16-29-34_p0024_s11_b1,23,39
10-05-2024_16-30-02_p0033_s19_b1,28,22
12-06-2024_09-42-42_p0036_s83_b2,87,15
14-12-2024_12-04-20_p0059,17,16
11-03-2025_15-10-54_p0073_s226_b4,11,39
13-12-2024_16-09-13_p0054_s14_b1,46,28
11-06-2024_14-08-22_p0035,41,32
20-12-2024_14-49-06_p0061_s123_b2,77,43
22-02-2024_13-59-34_p0018_s84_b2,11,9
22-01-2025_17-11-32_p0066_s166_b3,52,27
23-11-2024_13-02-48_p0052_s91_b2,16,35
05-12-2024_16-49-51_p0055_s213_b4,28,43
22-02-2024_14-29-33_p0018_s147_b2,4,23
29-04-2024_11-58-42_p0029,33,21
17-06-2024_15-28-09_p0019_s144_b2,22,29
16-10-2024_16-50-05_p0049_s73_b1,19,1
14-03-2025_17-11-22_p0077_s1_b1,105,41
11-03-2025_17-52-02_p0075_s210_b4,55,34
08-01-2025_14-39-40_p0063,149,29
27-02-2025_14-04-40_p0073_s158_b3,19,24
14-12-2024_12-05-30_p0059,42,17
16-09-2024_15-04-23_p0045,23,21
20-02-2024_16-26-07_p0015_s226_b4,17,32
22-04-2024_09-28-38_p0025_s182_b3,12,28
12-03-2024_10-17-07_p0021_s215_b4,-79,56
03-10-2024_15-57-22_p0050_s201_b3,23,10
10-12-2024_17-56-22_p0056_s76_b1,74,39
16-05-2024_15-05-23_p0034,48,47
29-04-2024_17-05-28_p0024_s76_b1,25,36
23-05-2024_14-54-54_p0035,23,35
18-01-2025_09-58-03_p0057_s233_b4,59,22
07-01-2025_13-52-03_p0062_s21_b1,91,35
13-03-2024_15-19-40_p0014_s141_b2,42,32
01-02-2025_13-33-19_p0064_s247_b4,34,6
22-08-2024_16-03-41_p0042_s270_b4,5,-4
01-02-2025_13-41-57_p0064_s261_b4,36,27
07-03-2024_13-56-20_p0010_s117_b2,7,43
25-01-2025_13-01-39_p0064_s102_b2,68,26
08-05-2024_15-57-30_p0033_s190_b3,103,50
15-05-2024_15-28-40_p0032_s96_b2,30,32
11-02-2025_18-35-19_p0069_s84_b2,17,14
22-08-2024_15-59-42_p0042_s263_b4,4,2
27-03-2024_16-09-01_p0015_s27_b1,19,37
15-02-2025_09-50-18_p0065_s15_b1,37,44
30-01-2025_16-10-23_p0068_s179_b3,34,16
08-10-2024_15-58-42_p0049,16,12
12-12-2024_16-02-18_p0057_s126_b2,79,30
12-12-2024_19-07-07_p0058_s105_b2,10,38
12-03-2024_14-26-22_p0022_s25_b1,52,32
17-09-2024_15-12-42_p0048_s78_b1,22,10
03-10-2024_16-00-38_p0050_s204_b3,45,11
28-11-2024_15-49-23_p0055_s119_b2,104,33
08-10-2024_16-07-31_p0049_s133_b2,14,0
25-03-2024_16-44-37_p0020_s153_b2,7,15
21-11-2024_15-41-14_p0055_s189_b3,35,35
19-02-2025_16-05-35_p0072,29,29
28-06-2024_15-45-56_p0035_s274_b4,0,10
10-12-2024_15-23-16_p0056_s220_b4,40,27
31-08-2024_13-25-02_p0047,77,33
14-02-2025_17-59-58_p0073_s110_b2,14,17
30-01-2025_16-15-02_p0068_s188_b3,25,12
12-02-2025_16-53-52_p0072_s123_b2,87,14
01-02-2025_13-28-51_p0064_s238_b4,74,24
02-05-2024_15-43-33_p0026_s209_b4,19,12
14-08-2024_15-59-33_p0038_s236_b4,30,14
07-01-2025_16-07-53_p0063_s131_b2,82,60
21-02-2024_15-47-28_p0016_s132_b2,4,26
22-02-2024_11-37-58_p0017_s217_b4,21,39
30-10-2024_15-08-38_p0052_s188_b3,19,63
10-01-2025_14-29-31_p0062_s85_b2,65,43
14-02-2025_18-12-08_p0073_s138_b2,9,22
25-03-2024_15-51-06_p0020_s259_b4,20,30
28-03-2025_15-58-27_p0081,55,31
03-08-2024_10-44-54_p0043,19,18
16-10-2024_15-52-43_p0049_s188_b3,18,1
03-05-2024_14-25-23_p0027,20,23
28-11-2024_16-18-31_p0055,18,68
19-02-2025_16-33-03_p0072_s15_b1,49,13
13-09-2024_16-38-19_p0046_s40_b1,7,2
20-03-2025_14-24-06_p0076_s82_b2,38,19
11-05-2024_09-43-06_p0034_s173_b3,93,39
03-12-2024_16-27-38_p0056,61,28
27-02-2025_14-29-00_p0073_sP14_b3,15,24
06-05-2024_15-27-49_p0032_s225_b4,60,75
12-12-2024_16-31-33_p0057_s151_b2,47,16
13-09-2024_15-34-07_p0046_s239_b4,29,29
10-05-2024_15-16-07_p0033_s224_b4,49,51
17-12-2024_17-16-11_p0060_s206_b3,22,10
06-11-2024_16-55-49_p0051_s144_b2,42,17
05-06-2024_10-24-18_p0036_s263_b4,21,12
10-09-2024_17-35-10_p0045_s197_b3,52,27
30-08-2024_16-16-07_p0046_s144_b2,39,27
16-09-2024_15-17-45_p0045_s94_b2,22,7
19-03-2024_15-09-40_p0022_s107_b2,38,36
01-02-2025_12-07-30_p0070_s239_b4,34,24
08-05-2024_09-28-57_p0030_s86_b2,32,19
17-08-2024_11-03-49_p0043_s248_b4,25,22
20-03-2025_14-25-09_p0076_s85_b2,84,21
21-12-2024_10-18-47_p0061_s40_b1,43,21
20-02-2024_16-47-22_p0015_s254_b4,30,42
18-01-2025_10-17-49_p0057_s263_b4,23,24
24-01-2024_17-43-05_p10,29,10
28-09-2024_14-24-58_p0016_s46_b1,20,2
20-02-2025_19-39-36_p0075_s200_b3,41,23
01-02-2025_13-43-43_p0064,30,14
28-01-2025_13-38-30_p0067,47,28
08-01-2025_16-10-34_p0063_s5_b1,66,35
19-06-2024_10-13-34_p0036_s52_b1,94,31
08-05-2024_09-45-55_p0030_s120_b2,36,40
31-01-2024_14-42-18_p13,29,28
30-01-2024_15-03-41_p12,47,31
19-06-2024_09-56-40_p0036_s17_b1,22,35
10-01-2025_15-00-44_p0062_s128_b2,109,30
01-02-2025_10-10-59_p0069_s283_b4,42,16
30-09-2024_16-00-55_p0049,35,21
08-08-2024_14-32-33_p0042,0,28
29-04-2024_11-47-24_p0029_s126_b2,9,13
19-03-2024_14-57-19_p0022_s88_b2,12,30
10-01-2025_15-26-31_p0063_s209_b4,126,53
24-04-2024_15-36-51_p0027,51,51
05-06-2024_10-06-26_p0036_s233_b4,90,11
10-05-2024_08-46-11_p0030,48,37
14-03-2025_16-55-35_p0077_s279_b4,58,15
24-01-2025_15-35-06_p0060_s17_b1,10,43
08-05-2024_09-54-43_p0030_s144_b2,16,6
19-06-2024_11-07-27_p0036_s182_b3,36,19
22-08-2024_16-00-54_p0042,51,27
08-01-2025_15-11-43_p0063_s176_b3,18,26
28-11-2024_16-15-09_p0055,38,50
22-02-2024_15-47-42_p0014_s197_b3,52,18
03-02-2025_16-43-54_p0071_s93_b2,49,22
19-06-2024_16-21-24_p0023_s11_b1,29,24
22-01-2025_17-13-32_p0066_s168_b3,37,24
18-06-2024_15-38-01_p0028,44,53
04-02-2025_17-11-31_p0066_s155_b2,17,28
26-08-2024_16-16-36_p0019_s163_b3,102,32
08-04-2024_16-56-30_p0021_s64_b1,24,43
28-06-2024_15-26-07_p0035_s247_b4,11,15
05-12-2024_16-06-16_p0055_s48_b1,78,24
30-10-2024_14-34-14_p0052,14,29
17-12-2024_16-56-02_p0060_sP14_b3,26,18
19-07-2024_15-16-05_p0040_s7_b1,30,1
11-02-2025_18-42-50_p0069_s101_b2,32,28
12-06-2024_17-05-06_p0038_s206_b3,32,34
19-11-2024_16-48-44_p0054_s204_b3,45,14
20-05-2024_11-58-31_p0034_s81_b1,42,32
22-01-2025_17-37-43_p0066_s193_b3,16,25
17-08-2024_10-37-56_p0043_s72_b1,84,20
10-05-2024_18-55-35_p0025,12,5
26-08-2024_16-17-34_p0019_s164_b3,37,25
25-03-2024_16-24-34_p0020_s124_b2,7,12
08-04-2024_16-42-20_p0021_s27_b1,13,36
07-01-2025_15-55-42_p0063_s116_b2,12,38
11-05-2024_09-37-22_p0034,36,54
15-05-2024_15-42-00_p0032_s116_b2,32,17
20-12-2024_14-24-48_p0061,39,27
15-05-2024_16-54-02_p0032_s154_b2,15,18
26-03-2024_15-02-02_p0022,61,35
08-11-2024_15-09-55_p0052_sP02_b1,60,57
05-02-2025_16-38-29_p0072,33,26
24-05-2024_18-36-58_p0031_s96_b2,28,40
28-11-2024_15-53-54_p0055,67,58
09-05-2024_15-03-47_p0033_s147_b2,40,17
10-01-2025_15-41-42_p0063_s226_b4,18,36
10-05-2024_18-36-06_p0025_s125_b2,36,12
13-12-2024_14-36-08_p0054_sP04_b2,115,29
28-09-2024_13-28-12_p0016_s249_b4,12,16
11-03-2025_18-48-45_p0075_s32_b1,90,24
07-03-2024_14-15-25_p0010_s149_b2,16,32
02-05-2024_15-47-31_p0026_s217_b4,11,21
08-10-2024_16-14-57_p0049_s145_b2,11,8
18-06-2024_16-32-36_p0028_s237_b4,25,30
06-08-2024_16-23-11_p0039_s26_b1,26,24
06-11-2024_17-08-58_p0051_s156_b2,35,12
18-06-2024_15-34-30_p0028,30,82
05-02-2025_17-39-57_p0072_s203_b3,39,24
14-12-2024_10-47-04_p0059_s95_b2,50,13
02-05-2024_15-54-01_p0026_s231_b4,10,32
19-03-2024_15-52-49_p0022_s151_b2,43,30
05-09-2024_14-53-46_p0047_s34_b1,108,24
05-09-2024_16-06-41_p0047_s245_b4,84,25
24-03-2025_17-38-55_p0076_s38_b1,37,2
08-11-2024_15-14-06_p0052_s75_b1,43,48
13-09-2024_15-33-39_p0046_s238_b4,38,18
16-07-2024_16-57-23_p0039_s277_b4,39,15
03-04-2025_14-03-44_p0080,31,8
28-09-2024_14-13-34_p0016_s27_b1,6,19
18-03-2024_15-41-27_p0020_s63_b1,9,29
05-12-2024_17-14-40_p0055,66,21
16-04-2024_15-58-52_p0016,1,28
24-05-2024_19-15-02_p0031_s153_b2,22,34
06-08-2024_16-12-55_p0039_s3_b1,85,39
10-02-2025_17-23-15_p0071_s244_b3,66,13
05-02-2025_16-58-30_p0072,25,67
19-02-2025_10-38-32_p0074,39,41
19-12-2024_15-53-25_p0062,21,-1
13-09-2024_15-37-39_p0046_s246_b4,33,8
01-08-2024_16-51-51_p0042_s197_b3,29,2
29-08-2024_16-16-35_p0045_s267_b4,47,17
17-08-2024_11-23-00_p0043_s273_b4,58,12
03-05-2024_18-49-58_p0031_s187_b3,18,22
16-09-2024_17-06-33_p0045_s62_b1,27,13
10-12-2024_17-30-40_p0056_s53_b1,28,29
18-06-2024_15-32-57_p0028,28,63
22-08-2024_16-34-53_p0042_s12_b1,16,30
11-05-2024_09-39-07_p0034,55,53
20-05-2024_11-24-21_p0034_s11_b1,36,24
19-06-2024_16-23-05_p0023_s15_b1,54,23
10-05-2024_16-47-53_p0033_s64_b1,23,13
10-05-2024_09-46-40_p0030_s234_b4,27,21
16-09-2024_16-05-05_p0045_s157_b2,11,15
13-09-2024_16-52-06_p0046_s72_b1,13,10
16-07-2024_16-46-53_p0039,54,12
29-02-2024_13-35-28_p0010_s3_b1,39,43
29-08-2024_16-12-40_p0045_s262_b4,26,26
20-02-2025_19-03-47_p0075_s174_b3,35,23
26-03-2024_15-50-12_p0022,35,27
03-04-2025_13-45-42_p0080_s115_b2,19,22
08-01-2025_16-16-23_p0063_s17_b1,66,49
17-08-2024_10-06-21_p0043_s7_b1,39,10
24-03-2025_17-43-53_p0076_s58_b1,26,22
09-05-2024_15-07-26_p0033,33,32
17-09-2024_15-03-43_p0048_s65_b1,43,15
13-09-2024_16-42-00_p0046_s49_b1,14,5
18-01-2025_13-03-40_p0064_s189_b3,43,27
17-09-2024_15-10-49_p0048_s74_b1,33,21
11-03-2025_15-58-10_p0073_s49_b1,31,46
22-03-2025_11-58-30_p0079_s128_b2,106,38
03-02-2025_16-55-21_p0071_s113_b2,46,8
05-10-2024_11-38-54_p0050_s73_b1,17,2
10-09-2024_17-40-08_p0045,80,18
13-02-2025_18-50-39_p0070_s187_b3,30,37
27-03-2025_15-29-18_p0078,23,58
28-08-2024_09-44-27_p0044_sP07_b2,51,32
01-02-2025_12-17-43_p0070_s262_b4,66,15
10-08-2024_11-01-22_p0043_s139_b2,48,28
06-09-2024_15-52-55_p0047_s137_b2,60,50
12-12-2024_16-16-06_p0057_s146_b2,41,32
17-02-2025_17-08-03_p0071_s23_b1,62,35
11-03-2025_17-53-35_p0075_s212_b4,44,33
19-06-2024_16-43-15_p0023_s61_b1,34,24
23-11-2024_10-19-44_p0053,24,25
05-10-2024_09-37-28_p0050_s231_b4,18,21
01-02-2025_12-23-17_p0070_s273_b4,76,2
28-08-2024_15-49-47_p0038,22,19
14-08-2024_16-16-55_p0038_s261_b4,43,23
17-07-2024_14-35-36_p0041_s134_b2,30,28
20-05-2024_11-26-18_p0034_s15_b1,56,25
28-02-2024_17-02-07_p0011_s149_b2,12,44
27-03-2025_14-27-19_p0080_s198_b3,62,52
12-06-2024_16-48-41_p0038_s190_b3,71,43
03-10-2024_14-44-54_p0050,21,19
10-05-2024_10-05-28_p0030_s274_b4,39,23
20-05-2024_15-35-39_p0023_s114_b2,10,17
13-02-2025_15-04-56_p0067_s41_b1,25,43
12-06-2024_10-12-53_p0036_s138_b2,70,12
13-02-2025_18-39-07_p0070,53,28
18-01-2025_10-32-58_p0057_s283_b4,34,15
29-02-2024_14-18-25_p0010_s75_b1,5,41
17-08-2024_11-24-13_p0043_s276_b4,45,24
15-05-2024_15-25-55_p0032_s91_b2,64,22
11-03-2024_16-12-11_p0020,6,55
08-07-2024_12-02-44_p0040_s233_b4,25,25
22-02-2024_11-35-14_p0017_s209_b4,26,29
07-01-2025_16-00-21_p0063_s117_b2,16,64
26-08-2024_16-55-05_p0019_sP16_b3,46,23
17-02-2025_18-40-33_p0071_s283_b4,36,24
17-12-2024_16-28-34_p0060_sP10_b3,14,17
19-06-2024_09-53-48_p0036_s11_b1,20,26
13-11-2024_17-43-35_p0051_s250_b4,7,2
22-02-2024_11-42-55_p0017_s231_b4,51,68
25-03-2024_16-45-09_p0020_s155_b2,10,11
07-05-2024_14-33-26_p0027_s264_b4,25,35
04-09-2024_14-56-30_p0044_s272_b4,44,23
01-02-2025_14-35-07_p0064_s69_b1,102,24
19-11-2024_16-21-05_p0054,8,32
13-11-2024_16-43-47_p0051_s12_b1,46,20
18-12-2024_17-45-19_p0057_s243_b3,80,18
30-04-2024_13-50-08_p0024,45,72
12-07-2024_14-24-54_p0040,110,57
11-03-2025_16-13-12_p0073_s80_b1,38,69
20-03-2025_16-12-25_p0078_s131_b2,120,31
27-03-2024_15-29-33_p0015_s137_b2,14,17
19-02-2025_15-42-49_p0072_s221_b4,25,19
06-02-2025_18-21-57_p0069_s161_b3,87,25
08-06-2024_10-26-08_p0031_s21_b1,32,48
01-08-2024_16-29-22_p0042,12,8
13-02-2025_15-20-00_p0067_s65_b1,87,21
05-06-2024_10-13-10_p0036_s248_b4,46,15
21-12-2024_09-40-44_p0061_s258_b4,36,9
05-10-2024_10-15-57_p0050_s277_b4,24,17
20-05-2024_11-45-57_p0034_s55_b1,48,40
17-09-2024_14-29-34_p0048_s3_b1,71,14
23-07-2024_16-24-55_p0039_s122_b2,104,11
10-01-2025_16-16-23_p0063_s282_b4,70,39
30-01-2025_16-00-19_p0068,32,6
21-12-2024_09-39-29_p0061_s254_b4,23,15
29-04-2024_11-31-13_p0029_s96_b2,21,33
13-12-2024_15-11-19_p0054_s119_b2,32,1
24-07-2024_15-19-49_p0041_s260_b4,43,16
16-09-2024_15-57-32_p0045_s142_b2,32,9
26-02-2025_09-39-49_p0074_s107_b2,31,32
10-05-2024_16-28-46_p0033_s16_b1,23,16
12-03-2025_10-42-31_p0074_s2_b1,68,22
23-05-2024_14-39-36_p0035_s158_b3,78,40
22-08-2024_16-06-16_p0042_s276_b4,-4,1
16-05-2024_15-10-39_p0034,45,58
02-04-2024_15-26-49_p0021_s175_b3,48,11
03-05-2024_14-07-57_p0027_s107_b2,17,31
22-02-2024_11-47-57_p0017_s250_b4,23,24
12-02-2025_17-13-06_p0072,28,18
20-02-2024_16-39-34_p0015_s237_b4,4,35
26-11-2024_16-01-56_p0056_s136_b2,108,32
23-04-2024_15-17-24_p0026_s33_b1,24,59
10-05-2024_18-50-18_p0025,11,13
20-03-2024_15-31-04_p0015_s241_b3,74,27
25-01-2025_13-11-10_p0064_s117_b2,32,12
08-04-2024_15-37-21_p0021_s103_b2,6,52
10-09-2024_17-05-14_p0045_s176_b3,41,22
10-05-2024_16-22-13_p0033_s2_b1,28,23
01-02-2025_12-03-15_p0070_s231_b4,63,5
11-03-2025_17-55-31_p0075_s218_b4,41,45
08-01-2025_16-49-59_p0063_s81_b1,74,9
11-05-2024_09-37-02_p0034,43,35
11-06-2024_14-40-13_p0035,36,35
20-05-2024_16-07-24_p0023,15,6
27-03-2024_15-42-41_p0015_s149_b2,20,17
28-09-2024_14-12-21_p0016_s23_b1,40,16
28-11-2024_16-22-45_p0055_s155_b2,52,62
14-12-2024_11-32-42_p0059_s142_b2,62,12
13-12-2024_16-11-29_p0054_s19_b1,20,32
05-12-2024_17-13-59_p0055_s256_b4,2,27
10-12-2024_17-57-54_p0056_s80_b1,79,45
19-06-2024_16-36-01_p0023_s43_b1,25,22
26-02-2025_10-17-17_p0074_s125_b2,42,32
28-09-2024_13-26-22_p0016_s245_b4,9,11
19-07-2024_14-34-11_p0040,34,20
12-02-2025_16-27-34_p0072_s87_b2,35,12
20-12-2024_14-28-03_p0061_s95_b2,15,32
31-01-2025_15-23-33_p0065_s188_b3,26,45
10-05-2024_09-57-42_p0030_s260_b4,28,36
07-12-2024_10-41-10_p0053_s264_b4,26,27
11-03-2025_18-22-51_p0075_s274_b4,56,25
20-12-2024_15-04-59_p0061,5,24
08-01-2025_15-24-43_p0063_s193_b3,10,46
12-06-2024_10-02-35_p0036_s120_b2,49,7
21-02-2025_18-30-28_p0068_s79_b1,32,21
13-03-2024_15-18-49_p0014_s139_b2,47,39
29-04-2024_16-37-55_p0024_s21_b1,27,36
13-02-2025_14-44-12_p0067_s9_b1,25,17
19-02-2025_15-49-02_p0072_s227_b4,41,18
12-03-2024_14-47-02_p0022_s74_b1,28,32
11-02-2025_19-16-21_p0069,11,17
24-05-2024_18-48-48_p0031_s121_b2,41,39
01-08-2024_16-32-17_p0042_s171_b3,26,13
05-02-2025_17-48-59_p0072_s243_b3,86,8
28-11-2024_15-40-52_p0055_s111_b2,46,31
01-02-2025_12-02-33_p0070_s229_b4,60,28
19-06-2024_15-36-54_p0023,25,33
26-02-2025_10-30-32_p0074,18,18
07-05-2024_15-01-54_p0027_s28_b1,19,2
08-01-2025_15-19-42_p0063_s187_b3,66,36
30-04-2024_13-41-56_p0024_s146_b2,29,50
26-03-2024_15-16-26_p0022,31,10
13-02-2025_19-10-26_p0070_s243_b3,94,31
10-09-2024_13-58-38_p0048,16,7
08-01-2025_14-54-17_p0063,15,36
18-06-2024_16-51-53_p0028_s268_b4,23,29
23-11-2024_13-44-47_p0052_s156_b2,11,23
07-02-2025_16-50-26_p0046,19,13
21-02-2025_18-29-21_p0068_s76_b1,27,17
24-03-2025_17-14-12_p0076_s259_b4,33,12
11-02-2025_17-21-35_p0066_s267_b4,43,25
23-04-2024_15-09-58_p0026_s22_b1,34,56
27-03-2025_14-08-13_p0080,30,34
13-02-2025_18-48-30_p0070_s182_b3,34,30
18-04-2024_10-14-01_p0025_s17_b1,-8,23
24-07-2024_15-05-13_p0041_s229_b4,17,32
05-10-2024_11-20-38_p0050_s28_b1,24,5
10-12-2024_16-56-10_p0056_s12_b1,77,38
18-03-2024_11-42-52_p0013_s278_b4,23,14
18-01-2025_12-41-53_p0064_sP10_b3,35,44
07-03-2024_13-50-12_p0010,18,39
23-07-2024_16-06-52_p0039_s91_b2,39,29
24-05-2024_19-03-23_p0031_s147_b2,15,31
03-02-2025_17-33-07_p0071_s155_b2,44,19
13-03-2024_15-14-39_p0014_s128_b2,112,4
06-09-2024_16-14-55_p0047_s149_b2,23,-4
22-02-2024_14-31-42_p0018,2,23
07-02-2025_16-58-30_p0046_s205_b3,19,20
14-12-2024_11-08-03_p0059,35,24
16-09-2024_17-02-11_p0045_s56_b1,30,23
01-02-2025_13-36-02_p0064_s252_b4,76,13
03-05-2024_18-26-27_p0031_s161_b3,16,19
24-04-2024_16-06-50_p0027,64,94
19-02-2025_15-39-42_p0072_s214_b4,37,26
21-01-2025_15-17-07_p0065,25,24
11-07-2024_15-45-08_p0041_s203_b3,50,27
20-03-2024_15-01-54_p0015,42,57
25-02-2025_19-38-00_p0075,35,8
29-04-2024_11-54-05_p0029_s144_b2,20,14
10-01-2025_15-45-46_p0063_s235_b4,41,33
09-05-2024_14-52-28_p0033_s134_b2,42,23
08-10-2024_15-49-39_p0049_s100_b2,14,3
05-09-2024_15-26-45_p0047_s61_b1,52,54
31-03-2025_18-31-36_p0079,59,69
26-03-2024_15-14-33_p0022,37,5
11-03-2025_15-08-58_p0073,31,39
13-03-2024_15-28-43_p0014,18,26
05-10-2024_11-13-51_p0050_s14_b1,28,14
15-02-2025_09-47-23_p0065_s9_b1,7,24
08-04-2024_16-56-50_p0021_s65_b1,21,47
20-12-2024_15-10-37_p0061,18,24
11-05-2024_09-39-30_p0034,44,60
07-01-2025_15-18-23_p0062_s268_b4,68,48
16-10-2024_15-25-29_p0049_s166_b3,15,14
20-02-2025_19-38-34_p0075_s198_b3,37,21
25-02-2025_18-55-10_p0075_s117_b2,70,31
21-02-2025_18-14-44_p0068_s51_b1,18,24
06-02-2025_14-46-14_p0068_s90_b2,47,29
12-03-2024_10-47-41_p0021_s265_b4,49,39
13-03-2024_15-06-08_p0014,39,45
06-02-2025_14-54-57_p0068_s107_b2,30,25
16-04-2024_15-55-08_p0016_s197_b3,2,31
24-01-2025_15-44-54_p0060_s38_b1,8,37
30-08-2024_15-25-39_p0046_s89_b2,18,22
30-09-2024_15-43-15_p0049_s239_b4,13,5
18-01-2025_12-52-15_p0064,29,22
11-03-2025_18-47-44_p0075_s28_b1,50,22
05-06-2024_10-14-49_p0036_s251_b4,39,10
15-02-2025_12-05-29_p0070_s121_b2,130,16
08-07-2024_11-56-25_p0040,64,2
05-06-2024_10-22-20_p0036_s259_b4,43,13
13-09-2024_16-35-58_p0046_s34_b1,12,7
10-12-2024_15-38-36_p0056_s236_b4,44,39
07-01-2025_15-42-37_p0063_s97_b2,38,92
04-07-2024_16-01-41_p0039_s195_b3,50,35
26-11-2024_15-30-40_p0056_s105_b2,53,42
22-01-2025_17-44-05_p0066_s199_b3,46,21
24-01-2025_15-50-20_p0060_s50_b1,28,35
28-02-2024_17-03-45_p0011_s153_b2,-1,40
21-02-2024_11-32-57_p0013_s14_b1,15,42
10-09-2024_14-52-42_p0048_s145_b2,70,-5
06-02-2025_13-32-47_p0067_s90_b2,28,23
14-01-2025_15-53-04_p0060_s144_b2,15,41
08-05-2024_10-04-23_p0030_s152_b2,34,22
06-11-2024_17-04-13_p0051,22,13
25-01-2025_13-41-08_p0064_s155_b2,39,15
08-06-2024_10-19-23_p0031_s2_b1,29,51
11-02-2025_17-57-29_p0066_s7_b1,35,21
15-02-2025_10-09-00_p0065_s53_b1,140,30
30-04-2024_13-44-10_p0024,52,33
25-02-2025_18-24-03_p0075_s84_b2,56,12
05-03-2024_10-47-39_p0014_s80_b1,93,61
21-02-2025_18-30-03_p0068_s78_b1,48,20
02-05-2024_15-43-06_p0026,25,16
26-08-2024_16-26-00_p0019,25,34
13-03-2024_14-49-08_p0014_s84_b2,33,20
11-02-2025_17-32-26_p0066_s283_b4,51,17
06-02-2025_15-21-27_p0068,12,17
11-02-2025_16-48-37_p0066_s217_b4,41,28
19-07-2024_13-54-01_p0040_s92_b2,28,5
26-02-2025_10-12-36_p0074_s119_b2,29,26
03-10-2024_15-29-02_p0050,35,25
11-05-2024_09-29-45_p0034_s164_b3,63,39
11-02-2025_17-06-23_p0066_s245_b4,66,18
13-02-2025_15-22-37_p0067_s69_b1,72,23
20-05-2024_12-34-31_p0034_s272_b4,40,32
07-05-2024_15-12-58_p0027_s61_b1,16,6
10-05-2024_15-13-57_p0033_s222_b4,57,42
03-12-2024_16-14-32_p0056,23,24
14-03-2025_17-38-38_p0077_s81_b1,47,23
16-09-2024_15-27-15_p0045_s106_b2,25,1
12-12-2024_18-49-56_p0058_s82_b2,105,37
07-01-2025_15-06-44_p0062_s254_b4,46,44
05-10-2024_09-59-51_p0050,29,12
25-02-2025_18-27-33_p0075_s89_b2,64,22
08-01-2025_16-29-23_p0063_s41_b1,25,34
31-01-2025_15-19-49_p0065_s182_b3,22,51
20-03-2025_14-30-01_p0076_s92_b2,28,31
29-04-2024_11-55-02_p0029_s147_b2,21,11
30-04-2024_13-53-20_p0024_s153_b2,38,55
29-08-2024_15-33-01_p0045_s220_b4,33,34
13-12-2024_15-35-56_p0054_s130_b2,70,22
12-03-2024_14-37-08_p0022_s50_b1,77,34
28-11-2024_16-09-14_p0055_s143_b2,86,53
26-11-2024_15-13-12_p0056_s85_b2,54,34
26-02-2025_10-41-56_p0074_s153_b2,80,33
24-05-2024_19-15-37_p0031_s155_b2,26,37
27-11-2024_15-32-36_p0054,77,9
14-01-2025_15-31-44_p0060_s119_b2,25,44
04-09-2024_16-20-13_p0044_s65_b1,72,16
15-02-2025_10-53-29_p0065,28,16
13-02-2025_19-45-53_p0070_s67_b1,106,45
25-03-2025_18-49-17_p0079_s201_b3,44,10
12-02-2025_17-19-42_p0072_s156_b2,75,18
07-01-2025_14-26-18_p0062_s80_b1,97,43
28-01-2025_13-33-25_p0067_s175_b3,80,14
30-10-2024_15-16-33_p0052_s194_b3,49,71
22-03-2025_11-50-35_p0079_s114_b2,19,23
18-04-2024_15-46-31_p0026,23,18
24-01-2025_14-38-35_p0060_s212_b4,13,43
18-06-2024_15-32-29_p0028_s147_b2,27,42
26-11-2024_15-53-02_p0056_s131_b2,119,47
11-03-2025_18-18-24_p0075,57,28
11-06-2024_13-58-47_p0035_s91_b2,5,26
18-03-2024_11-11-38_p0013_s213_b4,11,19
22-03-2025_12-09-24_p0079,25,19
24-04-2024_15-35-26_p0027,40,70
28-06-2024_15-18-57_p0035_s232_b4,22,24
28-08-2024_09-53-40_p0044_s132_b2,106,24
27-11-2024_15-20-05_p0054_s234_b4,44,14
07-01-2025_14-14-58_p0062_s64_b1,101,47
31-01-2024_15-11-34_p13,12,4
02-04-2024_15-53-24_p0021_s206_b3,44,29
13-02-2025_13-58-31_p0067_s255_b4,30,36
30-09-2024_15-28-41_p0049_s216_b4,12,8
31-08-2024_12-55-31_p0047,33,15
23-04-2024_11-34-35_p0024_s253_b4,20,22
11-03-2025_18-22-34_p0075_s273_b4,69,21
19-03-2024_15-28-15_p0022_s135_b2,91,27
10-05-2024_09-55-44_p0030,42,29
15-02-2025_09-56-25_p0065_s28_b1,26,24
19-02-2025_16-32-08_p0072_s13_b1,42,22
12-12-2024_19-41-17_p0058,49,20
24-07-2024_14-09-59_p0041_s8_b1,22,8
13-03-2024_16-00-32_p0014_s247_b4,22,29
31-01-2024_14-36-10_p13,28,11
03-09-2024_14-47-19_p0048_s171_b3,24,24
30-09-2024_15-49-57_p0049_s253_b4,13,5
06-02-2025_14-43-37_p0068_sP05_b2,73,39
13-09-2024_15-21-58_p0046_s221_b4,32,22
16-07-2024_16-46-07_p0039_s262_b4,36,17
05-09-2024_16-23-19_p0047_s261_b4,27,20
07-12-2024_11-31-16_p0053_s76_b1,25,19
10-12-2024_16-19-52_p0056_s281_b4,42,46
26-10-2024_12-05-34_p0051,33,6
07-01-2025_15-01-07_p0062_s240_b4,13,36
23-05-2024_14-54-36_p0035,13,38
11-02-2025_17-58-50_p0066_s11_b1,27,30
04-09-2024_14-48-05_p0044_s259_b4,100,28
29-04-2024_11-35-31_p0029_s104_b2,45,17
06-08-2024_16-31-04_p0039_s46_b1,45,26
10-05-2024_08-52-51_p0030_s186_b3,61,60
06-11-2024_16-57-40_p0051,16,12
20-03-2024_15-13-43_p0015_s186_b3,48,59
28-11-2024_16-23-07_p0055_s156_b2,40,66
20-05-2024_11-53-55_p0034_s71_b1,35,31
03-08-2024_10-43-25_p0043_s175_b3,43,22
02-05-2024_16-00-19_p0026_s248_b4,12,18
18-12-2024_09-17-25_p0061,41,35
08-04-2024_16-52-49_p0021_s58_b1,15,27
10-02-2025_17-19-33_p0071,43,18
26-03-2024_16-20-15_p0022_s245_b4,88,39
06-11-2024_17-00-22_p0051,18,14
19-06-2024_15-26-36_p0023,35,39
22-02-2024_13-20-02_p0018_s7_b1,43,34
23-11-2024_10-11-50_p0053_s195_b3,26,24
07-01-2025_14-45-34_p0062_s213_b4,67,33
03-09-2024_14-39-45_p0048_sP10_b3,44,1
11-07-2024_15-46-14_p0041_s205_b3,54,35
03-09-2024_14-53-32_p0048_s175_b3,19,15
19-07-2024_14-20-26_p0040_s137_b2,35,28
17-08-2024_10-37-37_p0043_s71_b1,46,17
26-11-2024_16-12-53_p0056,29,35
12-06-2024_16-08-51_p0038_s169_b3,70,47
19-06-2024_10-47-40_p0036_s168_b3,46,25
26-08-2024_15-31-27_p0019_s42_b1,54,40
01-08-2024_16-28-38_p0042,11,10
30-01-2024_14-46-15_p12,29,34
14-03-2025_17-13-15_p0077_s7_b1,67,20
12-12-2024_19-19-58_p0058_s122_b2,87,27
04-02-2025_16-31-05_p0066_s95_b2,48,25
24-05-2024_18-42-07_p0031_s109_b2,45,33
28-06-2024_15-10-06_p0035_s218_b4,6,7
16-09-2024_15-03-59_p0045,45,15
19-02-2025_15-53-03_p0072_s233_b4,24,16
22-02-2024_14-25-08_p0018_s135_b2,11,15
06-09-2024_15-12-51_p0047_s84_b2,9,15
18-03-2024_11-14-29_p0013_s219_b4,25,18
03-05-2024_18-56-35_p0031,22,18
08-04-2024_16-38-05_p0021_s17_b1,23,37
28-06-2024_15-28-24_p0035_s253_b4,13,22
24-01-2025_15-19-08_p0060_s275_b4,27,41
26-03-2024_15-45-40_p0022_s203_b3,5,24
16-07-2024_16-41-20_p0039_s255_b4,22,16
03-05-2024_08-48-43_p0030_s55_b1,35,26
07-01-2025_15-49-26_p0063_s108_b2,68,50
18-12-2024_17-13-12_p0057_s175_b3,50,13
17-12-2024_16-45-32_p0060_s182_b3,20,13
22-02-2024_15-48-47_p0014_s201_b3,32,27
13-11-2024_17-37-08_p0051_s237_b4,17,24
12-03-2025_10-43-47_p0074_s7_b1,47,24
08-08-2024_14-36-17_p0042,38,19
08-04-2024_16-19-17_p0021_s156_b2,16,25
27-03-2025_15-11-59_p0078,28,63
27-03-2025_14-24-50_p0080,38,42
05-10-2024_11-07-51_p0050_s1_b1,43,8
08-04-2024_16-43-54_p0021_s32_b1,14,46
27-03-2025_14-10-11_p0080,22,29
15-05-2024_15-58-32_p0032,78,29
13-05-2024_15-58-43_p0028_s174_b3,13,1
14-03-2025_17-34-54_p0077_s69_b1,58,12
29-04-2024_16-11-22_p0024,30,63
30-08-2024_16-22-34_p0046,18,15
18-06-2024_15-35-18_p0028,28,45
05-03-2024_10-39-23_p0014_s55_b1,31,22
18-01-2025_09-50-01_p0057_s224_b4,35,9
10-02-2025_17-00-20_p0071_s181_b3,37,10
13-11-2024_17-45-26_p0051_s254_b4,29,11
20-05-2024_12-05-57_p0034_s221_b4,17,27
05-12-2024_16-00-25_p0055_s38_b1,87,27
19-11-2024_16-08-16_p0054_s183_b3,40,35
11-05-2024_09-49-58_p0034_s180_b3,49,18
24-07-2024_14-34-48_p0041_sP02_b1,34,11
06-11-2024_16-39-30_p0051_s114_b2,38,14
15-02-2025_11-06-32_p0065_s137_b2,38,8
03-05-2024_18-34-41_p0031,14,15
07-05-2024_15-14-29_p0027_s63_b1,13,25
01-02-2025_14-41-26_p0064_s79_b1,88,1
14-02-2025_17-53-28_p0073_s94_b2,16,12
10-12-2024_16-08-45_p0056_s266_b4,71,30
08-01-2025_16-09-10_p0063_s2_b1,43,26
20-03-2025_16-05-34_p0078_s116_b2,59,53
11-06-2024_14-17-35_p0035_sP07_b2,11,21
11-02-2025_19-15-53_p0069,11,13
19-07-2024_14-38-33_p0040_s152_b2,79,17
19-02-2025_16-10-28_p0072_s266_b4,79,5
19-07-2024_14-39-19_p0040_s154_b2,69,24
10-05-2024_09-51-24_p0030_s249_b4,30,55
06-11-2024_16-27-59_p0051_s94_b2,32,20
16-05-2024_14-39-59_p0034,59,68
08-05-2024_15-48-28_p0033_s181_b3,68,47
06-05-2024_15-15-34_p0032_s212_b4,61,32
29-04-2024_12-02-22_p0029,24,21
24-03-2025_16-48-29_p0076_s218_b4,59,27
20-03-2024_15-03-10_p0015,49,38
24-01-2025_15-03-11_p0060_s255_b4,21,34
11-05-2024_09-55-51_p0034_s190_b3,72,21
20-03-2025_15-55-33_p0078_s95_b2,47,47
20-12-2024_15-09-30_p0061,13,26
03-05-2024_14-05-59_p0027_s101_b2,7,38
25-03-2024_16-23-15_p0020_s120_b2,16,20
08-04-2024_16-57-11_p0021_s66_b1,40,40
26-04-2024_14-58-54_p0028_s53_b1,154,18
21-12-2024_10-26-14_p0061_s57_b1,40,19
21-01-2025_15-27-15_p0065_s272_b4,20,51
08-01-2025_16-36-26_p0063_s54_b1,26,39
19-06-2024_15-02-07_p0023,53,41
21-12-2024_10-23-38_p0061_s51_b1,57,18
03-02-2025_17-28-41_p0071,30,6
24-05-2024_19-02-16_p0031_s144_b2,57,26
17-08-2024_11-05-03_p0043_s251_b4,32,15
18-03-2024_15-31-29_p0020_s44_b1,8,23
22-01-2024_16-47-13_p9,-65,284
22-02-2024_15-35-29_p0014_s178_b3,19,36
19-11-2024_15-37-08_p0054_s163_b3,81,6
07-03-2024_14-10-14_p0010,14,28
24-03-2025_17-05-15_p0076_s247_b4,78,32
08-08-2024_14-31-45_p0042,16,19
05-10-2024_10-12-26_p0050_s269_b4,29,10
24-03-2025_17-36-25_p0076_s28_b1,18,15
24-05-2024_18-57-52_p0031_s132_b2,19,38
27-03-2025_15-26-13_p0078_s191_b3,25,39
11-02-2025_18-59-56_p0069_s126_b2,80,28
05-09-2024_15-55-32_p0047,43,12
24-03-2025_17-39-34_p0076_s41_b1,37,22
18-03-2024_11-29-00_p0013_s251_b4,25,12
02-05-2024_15-48-43_p0026_s221_b4,10,15
02-04-2024_15-04-42_p0021,40,21
22-03-2025_11-46-21_p0079,50,27
22-02-2024_10-44-00_p0017,-11,36
03-04-2025_13-46-30_p0080,25,24
02-05-2024_15-19-56_p0026_s201_b3,14,16
01-08-2024_16-54-58_p0042_s202_b3,18,7
08-07-2024_12-16-31_p0040,17,31
02-04-2024_15-11-14_p0021_s168_b3,20,34
20-05-2024_12-04-16_p0034_s217_b4,70,44
27-03-2024_15-05-26_p0015_s87_b2,30,10
03-02-2025_17-03-40_p0071_s121_b2,106,30
11-02-2025_16-43-10_p0066,56,26
28-03-2025_15-58-40_p0081,53,41
27-02-2025_14-32-38_p0073_s202_b3,20,23
01-08-2024_16-27-46_p0042,87,8
19-02-2025_15-49-31_p0072_s228_b4,28,18
14-03-2025_17-32-03_p0077_s61_b1,77,43
11-03-2025_18-18-06_p0075,61,25
24-04-2024_16-22-06_p0027,55,74
24-03-2025_17-33-29_p0076_s17_b1,24,2
19-06-2024_16-45-04_p0023_s65_b1,41,29
21-12-2024_10-19-31_p0061_s42_b1,12,21
10-05-2024_16-34-01_p0033_s29_b1,15,19
20-03-2025_16-23-21_p0078,23,20
28-11-2024_15-42-55_p0055_s115_b2,60,32
13-09-2024_16-43-29_p0046_s53_b1,14,2
19-02-2025_16-09-59_p0072_s265_b4,47,19
17-07-2024_14-19-47_p0041_s100_b2,46,35
05-03-2024_10-21-53_p0014_s2_b1,52,42
26-08-2024_15-29-25_p0019_s37_b1,45,40
03-02-2025_16-41-22_p0071_s87_b2,35,43
28-01-2025_14-09-08_p0067_s208_b3,21,17
28-03-2025_15-23-49_p0081_s85_b2,16,24
21-08-2024_14-16-29_p0044_s158_b3,57,19
26-03-2024_16-17-22_p0022_s235_b4,26,32
08-04-2024_16-28-52_p0021_s1_b1,31,35
04-10-2024_15-23-19_p0050,22,27
18-04-2024_10-21-10_p0025_s35_b1,27,29
18-12-2024_10-16-38_p0061_s244_b3,68,34
03-10-2024_15-07-21_p0050,55,11
25-03-2024_16-35-33_p0020_s147_b2,4,14
19-12-2024_15-59-15_p0062_s175_b3,64,25
08-05-2024_09-58-23_p0030,42,21
17-12-2024_17-09-59_p0060_s200_b3,21,15
12-12-2024_19-15-07_p0058,23,27
03-02-2025_16-41-52_p0071_s88_b2,29,22
06-02-2025_13-27-08_p0067_s82_b2,67,20
24-07-2024_15-25-25_p0041_s271_b4,30,31
05-06-2024_15-01-53_p0037_s210_b4,29,34
07-01-2025_14-48-06_p0062_s219_b4,38,28
04-09-2024_14-39-49_p0044_s246_b4,36,20
26-02-2025_10-06-16_p0074,35,33
17-07-2024_14-21-10_p0041_s104_b2,24,43
03-04-2024_15-42-19_p0023_s225_b4,52,45
01-02-2025_14-04-50_p0064_s11_b1,38,22
11-07-2024_15-35-13_p0041_s190_b3,45,32
17-09-2024_15-46-25_p0048_s233_b4,22,85
19-06-2024_16-42-37_p0023_s59_b1,39,11
10-05-2024_09-00-32_p0030_s194_b3,21,28
21-08-2024_15-09-03_p0044_s241_b3,70,12
05-03-2024_10-41-03_p0014_s61_b1,41,51
22-02-2024_15-50-32_p0014_s204_b3,34,18
13-09-2024_16-45-24_p0046_s58_b1,8,16
03-05-2024_14-07-26_p0027,31,22
17-08-2024_10-09-30_p0043_s14_b1,25,29
18-01-2025_10-08-25_p0057_s252_b4,21,17
03-08-2024_10-44-20_p0043_s178_b3,39,8
14-01-2025_15-24-44_p0060_s115_b2,33,36
28-08-2024_16-25-48_p0038_s14_b1,44,14
20-05-2024_11-30-40_p0034_s25_b1,46,39
23-11-2024_13-40-02_p0052,16,39
08-04-2024_16-52-29_p0021_s57_b1,14,56
26-08-2024_16-19-28_p0019_s167_b3,28,22
11-03-2025_19-02-39_p0075_s67_b1,117,17
30-04-2024_13-48-18_p0024,29,44
23-04-2024_15-20-52_p0026_s43_b1,36,75
17-09-2024_15-42-06_p0048_s224_b4,47,23
08-11-2024_14-51-28_p0052_s42_b1,54,47
13-11-2024_17-06-24_p0051_s60_b1,54,19
08-04-2024_15-36-34_p0021_s101_b2,20,28
22-02-2024_11-43-14_p0017_s232_b4,29,60
16-07-2024_16-54-48_p0039,71,12
16-10-2024_16-31-13_p0049_s25_b1,28,2
30-08-2024_15-58-26_p0046_s121_b2,123,19
02-05-2024_16-16-43_p0026_s278_b4,4,7
22-03-2025_12-01-27_p0079_s136_b2,35,26
20-05-2024_16-00-22_p0023,16,8
02-04-2024_15-03-43_p0021_s161_b3,104,21
27-11-2024_15-16-47_p0054_s226_b4,16,21
03-05-2024_18-21-43_p0031,35,25
27-11-2024_15-14-42_p0054_s223_b4,25,30
15-05-2024_15-27-32_p0032_s94_b2,67,22
17-02-2025_18-24-49_p0071,52,16
19-02-2025_16-30-22_p0072_s8_b1,46,18
07-02-2025_17-02-16_p0046_sP20_b3,25,12
01-02-2025_13-51-05_p0064_s279_b4,34,41
19-06-2024_10-15-48_p0036_s56_b1,53,28
13-03-2024_15-29-28_p0014,23,41
11-03-2025_15-54-41_p0073_s37_b1,29,31
18-04-2024_15-54-09_p0026_s157_b2,18,15
30-10-2024_15-26-34_p0052_s207_b3,28,42
27-03-2025_14-08-23_p0080,32,28
23-04-2024_11-41-17_p0024_s263_b4,9,33
10-02-2025_17-11-49_p0071,58,15
03-05-2024_18-48-17_p0031_s183_b3,15,12
23-04-2024_11-26-38_p0024_s230_b4,18,27
14-12-2024_12-02-21_p0059,37,18
27-03-2025_14-24-19_p0080_s194_b3,24,56
26-02-2025_10-29-28_p0074_s146_b2,59,22
22-02-2024_14-22-32_p0018_s127_b2,4,21
17-06-2024_15-34-50_p0019,15,20
28-08-2024_15-49-06_p0038,21,8
31-08-2024_13-16-46_p0047_s186_b3,24,47
17-09-2024_14-42-58_p0048_s30_b1,32,20
08-01-2025_16-41-21_p0063_s65_b1,123,42
25-03-2025_18-24-30_p0079,29,17
02-05-2024_14-55-23_p0026,15,19
10-08-2024_11-11-59_p0043,32,19
11-03-2025_16-08-43_p0073_sP02_b1,46,45
05-06-2024_09-48-58_p0036_s215_b4,46,14
08-01-2025_15-39-49_p0063_sP20_b3,42,33
07-01-2025_14-08-23_p0062_s51_b1,151,47
13-03-2024_16-08-40_p0014_s261_b4,35,23
10-05-2024_15-32-50_p0033_s248_b4,42,36
19-06-2024_15-56-59_p0023,45,47
17-02-2025_17-15-14_p0071_s40_b1,64,23
06-02-2025_14-19-14_p0067_s156_b2,8,25
10-02-2025_17-19-54_p0071_s208_b3,29,17
26-02-2024_15-39-28_p0019_s226_b4,20,47
10-09-2024_14-21-49_p0048_s105_b2,42,19
18-12-2024_09-59-14_p0061_s194_b3,45,39
20-03-2024_15-31-34_p0015_s243_b3,11,24
18-04-2024_15-46-44_p0026,23,34
16-09-2024_15-16-06_p0045_s91_b2,13,14
21-02-2024_11-43-40_p0013_s41_b1,60,48
30-01-2025_16-09-14_p0068,3,27
07-05-2024_14-09-14_p0027_s212_b4,40,17
19-06-2024_16-30-45_p0023_s30_b1,32,21
03-05-2024_08-33-45_p0030_s19_b1,38,47
06-02-2025_14-03-55_p0067_s143_b2,95,15
06-02-2025_13-30-44_p0067_sP05_b2,76,18
26-02-2025_09-34-41_p0074_s99_b2,64,26
19-06-2024_16-27-10_p0023_s21_b1,50,22
19-06-2024_15-44-52_p0023,39,52
20-02-2025_18-34-51_p0075_s159_b3,52,21
29-04-2024_16-30-29_p0024_s13_b1,26,65
28-09-2024_13-26-46_p0016_s246_b4,11,10
13-11-2024_17-34-11_p0051_s228_b4,16,13
26-11-2024_15-46-03_p0056_s124_b2,86,54
16-07-2024_16-26-19_p0039,74,13
04-02-2025_16-42-55_p0066,54,23
18-06-2024_16-06-21_p0028,30,51
14-08-2024_15-50-37_p0038,25,1
13-09-2024_16-28-56_p0046_s18_b1,25,4
16-09-2024_16-40-28_p0045_s20_b1,37,27
26-02-2025_10-26-27_p0074_s141_b2,64,36
13-05-2024_16-38-32_p0028_s242_b3,7,0
26-11-2024_15-38-44_p0056_s116_b2,48,42
05-10-2024_11-29-37_p0050_s55_b1,27,9
21-08-2024_14-17-06_p0044_s159_b3,65,22
18-06-2024_15-36-41_p0028,48,48
13-11-2024_17-46-42_p0051_s256_b4,13,15
12-07-2024_15-21-39_p0040,70,5
08-06-2024_10-40-12_p0031_s57_b1,33,35
05-12-2024_17-25-33_p0055_s273_b4,27,24
11-07-2024_15-42-39_p0041_s201_b3,23,31
28-08-2024_10-15-42_p0044_s154_b2,49,31
22-01-2025_17-09-53_p0066,43,25
27-05-2024_16-42-49_p0032_s29_b1,37,51
06-05-2024_15-52-43_p0032_s256_b4,39,39
02-05-2024_16-14-40_p0026_s272_b4,11,19
10-09-2024_17-20-32_p0045_s189_b3,44,24
02-05-2024_15-48-21_p0026_s220_b4,5,30
24-03-2025_17-04-52_p0076_s246_b4,35,52
05-12-2024_16-57-06_p0055,35,46
24-01-2025_14-53-10_p0060_s232_b4,28,45
20-05-2024_11-55-39_p0034_s74_b1,47,42
29-08-2024_15-30-44_p0045_s216_b4,53,22
22-03-2025_11-40-55_p0079_s92_b2,29,40
08-10-2024_15-59-41_p0049_s117_b2,18,5
26-10-2024_12-28-26_p0051_sP14_b3,34,4
20-03-2025_16-21-41_p0078_s146_b2,80,35
15-02-2025_11-49-31_p0070_s88_b2,38,13
27-05-2024_17-03-49_p0032_s78_b1,36,78
07-01-2025_13-51-32_p0062_s20_b1,102,40
17-06-2024_15-35-46_p0019,54,25
10-09-2024_14-54-40_p0048_s149_b2,36,12
12-12-2024_18-54-25_p0058_s88_b2,45,30
10-01-2025_15-18-39_p0062,43,34
25-01-2025_12-54-06_p0064_s87_b2,48,10
11-07-2024_15-00-30_p0041,33,22
02-05-2024_14-53-48_p0026,16,19
28-02-2024_16-59-17_p0011,-4,45
30-01-2024_15-09-10_p12,54,25
10-05-2024_18-24-35_p0025_s109_b2,32,10
17-09-2024_14-41-10_p0048_s27_b1,18,13
29-04-2024_16-46-37_p0024_s35_b1,28,64
24-04-2024_15-58-39_p0027,77,80
19-12-2024_16-18-16_p0062_s199_b3,29,42
19-12-2024_15-46-40_p0062_s167_b3,65,36
24-04-2024_15-32-19_p0027,56,51
27-11-2024_15-37-04_p0054_s264_b4,24,18
28-06-2024_15-16-32_p0035_s227_b4,8,19
25-03-2024_15-29-34_p0020_s218_b4,13,46
11-05-2024_10-04-02_p0034_s200_b3,56,35
25-02-2025_18-51-41_p0075,42,22
14-03-2025_16-50-53_p0077_s270_b4,64,11
21-08-2024_14-58-06_p0044,62,8
12-12-2024_19-36-01_p0058,3,28
10-09-2024_17-35-37_p0045_s198_b3,50,16
05-10-2024_11-10-15_p0050_s6_b1,24,15
15-02-2025_10-57-24_p0065_s121_b2,114,27
10-02-2025_16-41-53_p0071_s173_b3,79,11
06-02-2025_13-48-55_p0067_s118_b2,58,40
24-03-2025_17-34-57_p0076_s22_b1,28,4
28-11-2024_15-32-48_p0055_s102_b2,53,31
23-07-2024_16-28-23_p0039_s127_b2,81,38
08-08-2024_15-17-34_p0042_s149_b2,28,24
03-04-2025_13-39-33_p0080_s98_b2,32,32
13-03-2024_16-08-20_p0014,24,26
24-01-2025_15-22-31_p0060_s280_b4,35,53
31-01-2024_15-13-37_p13,5,11
18-03-2024_15-41-43_p0020_s64_b1,11,26
22-02-2024_15-39-32_p0014_s183_b3,25,28
11-02-2025_18-58-34_p0069_s124_b2,61,30
08-01-2025_16-21-51_p0063_s25_b1,54,31
27-05-2024_16-00-26_p0032_s198_b3,20,32
24-05-2024_18-41-22_p0031_s107_b2,13,43
10-01-2025_16-01-23_p0063_s261_b4,16,27
20-05-2024_11-23-05_p0034_s8_b1,58,48
18-01-2025_13-20-18_p0064_s208_b3,39,15
26-04-2024_14-33-07_p0028_s6_b1,80,20
19-02-2025_11-02-22_p0074_s202_b3,45,41
16-04-2024_10-22-21_p0025_s214_b4,28,52
20-03-2024_15-17-29_p0015_s192_b3,19,18
05-02-2025_17-14-08_p0072_sP12_b3,42,12
12-03-2024_14-32-07_p0022_s41_b1,29,39
17-02-2025_18-30-00_p0071_s266_b4,64,11
04-07-2024_15-33-00_p0039_s182_b3,20,47
21-02-2024_15-27-01_p0016_s108_b2,18,25
17-06-2024_15-30-49_p0019,21,28
22-08-2024_16-41-05_p0042_s27_b1,67,27
16-05-2024_14-38-40_p0034_s116_b2,40,43
31-01-2025_15-06-22_p0065,19,43
26-04-2024_14-32-25_p0028_s4_b1,30,22
23-05-2024_14-53-55_p0035,30,37
25-03-2025_18-23-12_p0079,46,17
13-12-2024_15-40-23_p0054_s140_b2,52,37
20-02-2024_16-44-03_p0015_s250_b4,25,29
14-08-2024_16-34-06_p0038_s280_b4,27,14
19-03-2024_15-08-48_p0022,56,29
22-04-2024_09-18-12_p0025,11,20
26-03-2024_15-07-13_p0022_s166_b3,75,40
13-05-2024_15-57-44_p0028,96,20
13-12-2024_14-56-55_p0054_s105_b2,6,24
17-07-2024_14-22-53_p0041_s107_b2,22,30
11-03-2025_18-03-21_p0075_s227_b4,35,30
08-11-2024_15-48-24_p0053_s105_b2,37,59
20-05-2024_12-19-33_p0034_s249_b4,56,19
18-03-2024_15-43-44_p0020_s69_b1,12,20
12-02-2025_16-57-49_p0072_s129_b2,92,23
21-12-2024_09-20-28_p0061,23,17
06-02-2025_18-53-25_p0069,28,27
12-12-2024_16-21-41_p0057,23,19
10-05-2024_09-51-46_p0030_s250_b4,40,34
28-06-2024_14-38-15_p0035_s75_b1,13,60
12-03-2024_14-29-45_p0022_s35_b1,-21,29
01-02-2025_10-40-16_p0069_s55_b1,70,10
08-05-2024_10-00-52_p0030,41,36
13-09-2024_15-49-15_p0046_s260_b4,72,9
06-02-2025_14-59-38_p0068,24,35
25-01-2025_12-59-48_p0064_s98_b2,48,30
28-06-2024_15-20-06_p0035_s235_b4,6,21
23-11-2024_13-25-52_p0052_s128_b2,17,50
04-10-2024_15-15-27_p0050_s147_b2,14,45
04-02-2025_16-27-57_p0066,42,27
03-04-2024_15-31-02_p0023,59,75
11-03-2025_15-32-32_p0073_s276_b4,17,41
13-03-2024_15-26-02_p0014,35,31
15-02-2025_11-03-05_p0065_s128_b2,85,7
19-12-2024_16-17-53_p0062_s198_b3,39,7
19-07-2024_14-17-23_p0040_s131_b2,87,24
19-06-2024_16-18-33_p0023_s6_b1,39,16
18-01-2025_12-48-32_p0064_s173_b3,82,35
28-02-2024_16-44-39_p0011_s133_b2,29,27
27-03-2024_15-02-30_p0015_s83_b2,33,18
14-03-2025_17-17-36_p0077_s21_b1,56,14
08-06-2024_10-32-12_p0031_s38_b1,25,41
04-02-2025_17-10-50_p0066_s154_b2,62,26
04-02-2025_16-29-51_p0066_s93_b2,61,27
13-02-2025_18-32-23_p0070_s167_b3,55,25
11-07-2024_15-18-16_p0041,42,34
18-12-2024_17-29-10_p0057,57,29
05-06-2024_10-09-08_p0036_s238_b4,27,19
06-02-2025_18-39-16_p0069,34,28
19-02-2025_16-39-35_p0072_s28_b1,52,20
17-09-2024_15-36-00_p0048_s220_b4,23,22
28-08-2024_15-45-40_p0038,21,17
08-11-2024_15-34-38_p0053_s85_b2,31,52
19-06-2024_15-30-52_p0023_s183_b3,42,32
10-09-2024_16-44-59_p0045,99,14
30-01-2025_16-22-51_p0068_s196_b3,27,23
01-08-2024_16-43-18_p0042_s186_b3,12,13
05-06-2024_15-07-04_p0037_s220_b4,22,29
02-04-2024_15-12-38_p0021_sP10_b3,25,22
14-03-2025_17-32-28_p0077_s62_b1,48,8
14-02-2025_17-55-27_p0073_s99_b2,13,28
13-11-2024_17-50-10_p0051_s260_b4,41,21
08-01-2025_16-13-39_p0063_s12_b1,91,34
28-09-2024_13-40-35_p0016_s266_b4,14,1
29-04-2024_11-50-09_p0029_s134_b2,19,14
07-12-2024_11-09-56_p0053_s41_b1,19,30
03-02-2025_16-46-48_p0071_s100_b2,27,16
10-05-2024_16-38-56_p0033_s39_b1,21,31
19-07-2024_13-51-32_p0040_sP05_b2,60,21
19-06-2024_11-10-17_p0036_s187_b3,34,37
03-08-2024_11-09-29_p0043_s186_b3,24,16
27-05-2024_16-51-35_p0032_s48_b1,34,57
15-02-2025_10-49-07_p0065_s110_b2,28,20
17-02-2025_17-07-38_p0071_s22_b1,61,24
12-03-2025_10-42-45_p0074_s3_b1,82,15
10-12-2024_17-31-29_p0056_s55_b1,125,43
21-12-2024_09-37-21_p0061_s248_b4,19,10
24-01-2024_17-10-19_p10,44,27
11-03-2025_15-34-34_p0073_s283_b4,28,40
30-08-2024_15-35-14_p0046_s108_b2,10,29
16-04-2024_10-24-31_p0025_s218_b4,24,43
28-08-2024_15-17-51_p0038_s112_b2,35,23
28-03-2025_15-40-46_p0081,52,28
27-03-2025_15-34-40_p0078_s202_b3,46,45
04-09-2024_14-51-54_p0044,49,36
19-11-2024_16-37-18_p0054_s199_b3,44,19
03-05-2024_19-02-51_p0031,13,14
16-10-2024_16-31-31_p0049_s26_b1,22,-3
02-05-2024_15-24-42_p0026_sP20_b3,5,19
16-09-2024_15-07-34_p0045,52,25
05-09-2024_15-32-09_p0047_s68_b1,24,19
19-07-2024_13-53-40_p0040_s91_b2,15,13
10-05-2024_08-59-41_p0030,55,48
07-02-2025_16-32-39_p0046,73,9
28-08-2024_15-40-17_p0038_s145_b2,90,3
06-11-2024_16-55-32_p0051_s143_b2,29,16
15-02-2025_12-23-01_p0070,22,7
13-03-2024_15-56-32_p0014_s235_b4,23,25
26-08-2024_15-46-02_p0019_s68_b1,11,29
15-02-2025_10-02-18_p0065_s41_b1,16,24
15-02-2025_11-29-02_p0065_s152_b2,44,18
18-06-2024_14-51-00_p0028_s82_b2,73,28
16-05-2024_15-00-04_p0034_s141_b2,79,37
13-02-2025_19-22-10_p0070_s14_b1,53,34
31-01-2025_14-43-14_p0065,27,35
08-01-2025_15-38-15_p0063_s208_b3,28,56
01-08-2024_16-29-40_p0042,6,20
01-08-2024_17-00-14_p0042_s208_b3,6,20
26-03-2024_15-46-01_p0022,33,22
20-05-2024_12-27-47_p0034_s262_b4,31,23
18-12-2024_09-34-05_p0061,40,35
24-04-2024_15-46-59_p0027_s180_b3,71,71
28-03-2025_15-39-53_p0081,73,33
22-03-2025_12-02-49_p0079_s141_b2,40,33
14-03-2025_16-32-05_p0077_s245_b4,58,17
08-11-2024_14-54-07_p0052_s47_b1,36,64
20-02-2025_19-43-32_p0075_s206_b3,82,22
04-10-2024_15-22-44_p0050,30,27
28-11-2024_16-12-13_p0055,34,55
27-03-2025_15-14-32_p0078_s174_b3,43,46
05-10-2024_11-13-31_p0050_s13_b1,41,6
16-04-2024_10-45-31_p0025_s258_b4,20,42
12-12-2024_16-05-33_p0057_s133_b2,50,29
19-06-2024_11-00-45_p0036,48,51
22-03-2025_11-59-23_p0079_s131_b2,77,35
28-08-2024_16-36-19_p0038_s32_b1,71,8
07-05-2024_15-07-53_p0027_s46_b1,13,2
06-02-2025_18-24-59_p0069_s165_b3,28,28
16-07-2024_16-17-49_p0039_s212_b4,44,21
24-07-2024_14-25-47_p0041_s46_b1,37,17
23-04-2024_15-32-12_p0026_s71_b1,23,107
07-01-2025_14-48-35_p0062_s220_b4,44,24
26-02-2025_09-45-11_p0074_s111_b2,29,26
08-06-2024_10-24-08_p0031_s15_b1,8,-1
13-12-2024_15-47-59_p0054,27,21
26-02-2024_16-06-23_p0019_s262_b4,33,25
03-04-2025_13-51-35_p0080_s129_b2,68,18
06-02-2025_14-14-00_p0067,24,14
09-05-2024_15-16-13_p0033_s150_b2,43,27
27-05-2024_15-29-18_p0032,27,34
18-12-2024_10-06-20_p0061_s203_b3,53,43
19-06-2024_15-53-16_p0023_s207_b3,24,45
03-04-2025_13-40-13_p0080_s100_b2,56,19
07-03-2024_13-49-19_p0010_s103_b2,13,27
18-04-2024_10-12-40_p0025_s14_b1,45,28
18-01-2025_10-11-44_p0057_s256_b4,49,13
06-02-2025_18-37-30_p0069_s177_b3,62,27
24-07-2024_14-13-20_p0041_s17_b1,33,11
05-10-2024_10-07-10_p0050,58,14
27-03-2024_16-07-24_p0015_s22_b1,16,26
21-02-2024_11-50-23_p0013_s50_b1,31,26
23-07-2024_16-16-13_p0039_s109_b2,58,32
17-09-2024_15-34-17_p0048_s217_b4,30,-2
26-04-2024_15-14-07_p0028_s81_b1,60,28
16-10-2024_16-48-10_p0049_s69_b1,18,-4
18-06-2024_14-57-40_p0028_s90_b2,38,41
10-08-2024_10-59-55_p0043_s135_b2,78,29
06-02-2025_14-52-40_p0068_s102_b2,28,36
06-11-2024_16-29-57_p0051_s98_b2,61,13
24-05-2024_18-58-48_p0031_s135_b2,37,39
17-08-2024_10-06-46_p0043_s8_b1,42,23
11-02-2025_18-50-01_p0069,18,27
13-02-2025_19-50-44_p0070_s76_b1,63,37
08-04-2024_16-31-14_p0021_s5_b1,38,48
06-02-2025_14-57-21_p0068_s113_b2,39,29
17-09-2024_15-45-31_p0048_s231_b4,25,19
28-08-2024_16-43-39_p0038_s45_b1,92,10
03-05-2024_08-39-36_p0030_s35_b1,45,42
01-02-2025_12-26-38_p0070_s280_b4,39,24
13-12-2024_15-40-47_p0054_s141_b2,23,27
22-08-2024_16-56-30_p0042_s57_b1,30,22
11-06-2024_14-15-25_p0035,64,34
24-03-2025_17-41-15_p0076_s48_b1,23,18
19-11-2024_15-53-30_p0054_s171_b3,127,73
28-11-2024_15-23-33_p0055_sP05_b2,94,40
07-02-2025_16-55-41_p0046_s201_b3,52,11
10-05-2024_09-59-33_p0030,41,33
31-01-2025_14-55-21_p0065_s167_b3,42,42
11-03-2025_18-55-00_p0075_s52_b1,92,19
15-02-2025_10-24-55_p0065_s78_b1,76,29
07-01-2025_15-44-47_p0063_s102_b2,27,64
23-11-2024_10-19-05_p0053_s205_b3,23,13
14-01-2025_15-15-36_p0060_s96_b2,28,33
13-02-2025_19-43-00_p0070_s61_b1,48,33
28-08-2024_16-40-01_p0038_s40_b1,51,5
05-06-2024_09-58-37_p0036,59,9
11-02-2025_18-35-33_p0069_s85_b2,65,14
10-05-2024_09-53-42_p0030_s254_b4,44,51
22-08-2024_17-03-15_p0042_s75_b1,19,35
26-03-2024_14-59-43_p0022,30,33
01-08-2024_16-49-36_p0042_s194_b3,20,28
21-02-2024_15-20-15_p0016,23,17
05-03-2024_10-44-36_p0014_s70_b1,91,49
22-02-2024_15-25-57_p0014,21,36
21-02-2024_11-48-04_p0013_s43_b1,33,28
12-03-2025_09-45-28_p0074_s213_b4,49,33
03-10-2024_15-05-48_p0050_s173_b3,80,11
08-06-2024_09-38-29_p0031_s231_b4,21,58
17-06-2024_15-33-24_p0019,14,28
08-08-2024_15-13-41_p0042_s140_b2,30,28
28-06-2024_15-51-26_p0035_s283_b4,16,6
25-02-2025_18-49-31_p0075_s115_b2,28,25
11-02-2025_19-03-57_p0069_s134_b2,72,36
01-02-2025_13-25-51_p0064_s231_b4,39,28
29-04-2024_16-53-27_p0024_s52_b1,34,37
11-03-2025_15-04-44_p0073,29,35
13-02-2025_18-38-11_p0070,34,26
10-05-2024_15-42-19_p0033_s260_b4,55,32
13-11-2024_17-25-55_p0051_s215_b4,48,28
13-02-2025_18-53-18_p0070_s191_b3,42,28
27-03-2025_15-01-11_p0078,26,49
08-08-2024_15-09-17_p0042_s130_b2,82,35
05-06-2024_09-51-28_p0036_s219_b4,31,12
28-09-2024_13-07-18_p0016_s220_b4,21,15
13-09-2024_15-58-12_p0046_s272_b4,22,6
28-03-2025_15-31-56_p0081_s102_b2,58,24
12-12-2024_19-32-40_p0058_s144_b2,34,15
11-03-2025_15-57-55_p0073_s48_b1,7,56
20-05-2024_15-47-54_p0023_s130_b2,35,8
10-05-2024_18-39-37_p0025_s133_b2,32,27
26-02-2024_15-47-13_p0019_s235_b4,66,55
10-05-2024_09-44-21_p0030_s228_b4,20,27
11-02-2025_17-31-51_p0066_s282_b4,40,19
21-12-2024_10-03-49_p0061_s8_b1,26,13
12-12-2024_16-25-48_p0057,24,19
11-03-2025_18-54-45_p0075_s51_b1,91,19
31-08-2024_13-28-02_p0047,34,47
01-02-2025_13-23-12_p0064_s225_b4,28,22
14-08-2024_15-44-32_p0038_s217_b4,39,4
28-08-2024_16-28-23_p0038_s20_b1,99,13
15-02-2025_12-03-39_p0070_sP07_b2,44,24
04-09-2024_14-30-38_p0044_s225_b4,27,22
21-02-2024_16-10-26_p0016_s149_b2,8,23
19-03-2024_15-35-01_p0022_s143_b2,117,22
02-05-2024_16-17-00_p0026_s279_b4,11,17
21-02-2025_17-24-24_p0068_s250_b4,30,17
24-07-2024_15-10-19_p0041_s239_b4,21,27
16-05-2024_14-40-57_p0034,25,41
08-06-2024_09-51-51_p0031_s255_b4,11,31
30-10-2024_14-41-43_p0052,142,55
10-05-2024_16-05-42_p0033_s272_b4,46,37
26-02-2024_15-50-26_p0019_s238_b4,18,46
22-08-2024_16-26-48_p0042_s283_b4,9,-8
01-02-2025_09-56-41_p0069_s262_b4,19,17
25-01-2025_13-22-18_p0064_s140_b2,90,2
01-02-2025_09-41-26_p0069_s225_b4,26,16
11-03-2025_17-54-34_p0075_s215_b4,18,49
13-03-2024_15-11-50_p0014_s123_b2,73,44
20-02-2025_19-02-51_p0075_s173_b3,73,23
11-03-2024_16-02-28_p0020_s194_b3,11,58
11-03-2025_18-16-44_p0075_s261_b4,53,21
08-06-2024_09-25-27_p0031_s218_b4,28,48
25-03-2024_16-39-06_p0020,10,14
18-01-2025_10-20-05_p0057,51,21
13-03-2024_15-55-49_p0014_s233_b4,28,19
28-06-2024_14-25-18_p0035_s51_b1,31,40
22-03-2025_12-13-31_p0079_s149_b2,33,19
13-12-2024_16-30-52_p0054_s62_b1,53,23
16-10-2024_16-47-37_p0049_sP02_b1,24,2
04-10-2024_14-45-00_p0050_s115_b2,27,39
21-02-2025_17-47-55_p0068_s282_b4,45,23
11-03-2025_16-07-06_p0073_s65_b1,51,49
28-02-2024_16-22-46_p0011_s106_b2,-4,43
05-03-2024_10-22-09_p0014_s3_b1,109,55
19-07-2024_14-34-30_p0040,30,17
04-07-2024_15-13-22_p0039,18,30
18-04-2024_15-30-29_p0026_s111_b2,13,32
13-09-2024_16-54-25_p0046_s77_b1,17,12
16-09-2024_15-14-19_p0045_s88_b2,19,15
16-07-2024_16-14-37_p0039_s209_b4,22,14
11-03-2025_15-30-56_p0073_s273_b4,10,35
21-02-2025_17-19-05_p0068_s238_b4,39,16
17-08-2024_11-17-54_p0043,67,23
18-04-2024_15-33-42_p0026_sP07_b2,25,21
20-03-2025_14-50-05_p0076_s134_b2,64,30
10-05-2024_18-37-32_p0025_s128_b2,14,-9
05-10-2024_11-16-02_p0050_s17_b1,49,9
19-07-2024_15-33-15_p0040_s40_b1,31,20
17-02-2025_17-33-30_p0071_s59_b1,110,31
13-09-2024_15-15-21_p0046_s210_b4,55,35
06-11-2024_16-58-23_p0051,12,20
16-09-2024_16-53-47_p0045_s43_b1,29,12
12-06-2024_10-10-30_p0036_s132_b2,55,32
08-04-2024_15-48-04_p0021_s120_b2,29,36
25-03-2024_15-51-24_p0020_s260_b4,19,32
28-03-2025_15-57-56_p0081,35,74
10-09-2024_14-24-29_p0048_s108_b2,14,11
12-03-2024_14-49-14_p0022_s81_b1,18,47
23-04-2024_14-57-52_p0026_s1_b1,55,21
25-03-2024_16-08-36_p0020_s87_b2,12,12
14-12-2024_11-28-51_p0059_s134_b2,77,23
18-01-2025_09-58-59_p0057_s235_b4,13,27
20-03-2024_15-19-57_p0015_s194_b3,41,46
04-09-2024_15-00-09_p0044_s279_b4,32,22
19-02-2025_16-38-00_p0072_s24_b1,69,19
17-08-2024_10-20-42_p0043_s36_b1,65,3
10-05-2024_15-33-24_p0033_s249_b4,40,40
24-03-2025_17-20-14_p0076_s274_b4,25,18
29-02-2024_14-04-13_p0010_s44_b1,13,33
31-01-2024_14-50-49_p13,27,16
22-02-2024_15-59-31_p0014_s241_b3,74,40
10-12-2024_17-24-59_p0056_s42_b1,40,41
19-12-2024_16-02-50_p0062_s180_b3,37,19
15-05-2024_15-34-37_p0032_s105_b2,47,37
19-07-2024_15-13-49_p0040_s3_b1,76,35
11-03-2025_18-18-43_p0075,75,21
21-11-2024_15-32-07_p0055,44,57
27-03-2025_14-11-48_p0080_s171_b3,102,29
03-09-2024_14-19-27_p0048_s158_b3,54,83
14-02-2025_18-10-18_p0073_s132_b2,8,17
11-02-2025_18-09-27_p0066_s34_b1,23,25
11-03-2024_15-39-46_p0020,13,61
17-08-2024_10-33-37_p0043_s64_b1,113,15
23-11-2024_10-21-01_p0053_s208_b3,30,26
27-05-2024_16-40-32_p0032_s23_b1,41,114
18-01-2025_10-18-29_p0057,40,48
18-12-2024_10-00-01_p0061,33,42
07-01-2025_16-26-10_p0063,0,50
30-04-2024_13-37-59_p0024_s141_b2,19,59
17-12-2024_16-39-03_p0060_s175_b3,38,11
23-07-2024_16-36-24_p0039_s142_b2,35,27
01-02-2025_10-34-47_p0069_s41_b1,18,8
29-02-2024_13-50-22_p0010_s24_b1,46,38
24-05-2024_19-03-07_p0031_s146_b2,16,21
15-02-2025_10-37-58_p0065_s92_b2,151,20
07-03-2024_14-15-49_p0010_s151_b2,9,37
01-02-2025_09-42-37_p0069_s229_b4,41,28
01-02-2025_13-35-42_p0064_s251_b4,40,15
07-12-2024_10-38-12_p0053,19,30
17-06-2024_15-10-40_p0019,17,16
28-02-2024_16-53-52_p0011,8,26
04-09-2024_14-22-55_p0044_s215_b4,35,23
21-02-2024_11-47-37_p0013_s42_b1,23,25
28-03-2025_15-49-46_p0081_s141_b2,93,71
28-11-2024_16-20-48_p0055_s150_b2,33,54
01-02-2025_13-25-32_p0064_s230_b4,33,25
04-09-2024_14-58-44_p0044_s276_b4,46,14
03-05-2024_14-20-47_p0027_s145_b2,21,30
24-03-2025_17-30-42_p0076_s9_b1,61,23
28-09-2024_13-47-13_p0016_s281_b4,20,2
08-05-2024_09-57-41_p0030,32,35
03-05-2024_18-58-00_p0031_s196_b3,18,12
07-01-2025_15-51-25_p0063_s111_b2,13,51
24-01-2025_14-56-29_p0060_s239_b4,27,44
27-03-2025_14-22-20_p0080,27,41
03-05-2024_14-10-26_p0027_s113_b2,23,37
26-03-2024_15-34-45_p0022_s188_b3,22,18
27-03-2025_15-34-24_p0078_s201_b3,28,59
21-08-2024_15-01-48_p0044_s201_b3,52,10
19-06-2024_10-00-27_p0036_s25_b1,36,29
22-02-2024_13-41-55_p0018_s55_b1,43,49
20-05-2024_11-27-12_p0034_s17_b1,32,64
30-10-2024_14-52-05_p0052,64,7
26-02-2025_10-33-01_p0074,48,25
18-06-2024_16-19-13_p0028,29,22
16-04-2024_10-38-48_p0025_s245_b4,44,42
17-12-2024_16-47-19_p0060_s184_b3,13,14
25-02-2025_19-26-58_p0075_s146_b2,70,16
23-11-2024_13-27-24_p0052_s132_b2,25,33
28-06-2024_14-06-16_p0035_s1_b1,57,51
26-08-2024_15-23-28_p0019_s23_b1,36,37
03-10-2024_15-18-46_p0050_s186_b3,24,8
01-02-2025_09-42-03_p0069_s227_b4,30,29
10-02-2025_16-22-29_p0071,47,26
04-09-2024_14-58-17_p0044_s275_b4,15,22
05-03-2024_10-34-41_p0014_s40_b1,36,40
10-09-2024_14-50-11_p0048_s142_b2,50,16
12-07-2024_14-25-26_p0040_s158_b3,90,69
20-03-2024_15-00-41_p0015,26,61
21-02-2025_17-22-51_p0068_s247_b4,52,12
07-01-2025_16-18-54_p0063,27,40
18-01-2025_10-01-39_p0057,46,26
19-06-2024_10-12-17_p0036_s49_b1,54,29
16-09-2024_16-36-41_p0045_s12_b1,39,28
27-03-2024_16-07-04_p0015_s21_b1,18,15
20-03-2025_14-50-19_p0076_s135_b2,77,19
22-01-2025_17-52-10_p0066_s207_b3,23,16
24-04-2024_15-45-08_p0027,58,63
07-01-2025_16-01-48_p0063_s120_b2,62,36
14-08-2024_16-16-01_p0038_s260_b4,52,6
24-07-2024_14-13-42_p0041_s18_b1,29,21
28-09-2024_14-14-47_p0016_s31_b1,6,7
29-04-2024_16-59-40_p0024_s65_b1,15,36
08-04-2024_16-50-04_p0021_s50_b1,9,58
19-12-2024_15-46-05_p0062_s166_b3,67,19
21-02-2024_15-32-16_p0016_s116_b2,8,34
20-05-2024_11-57-42_p0034_s79_b1,52,43
26-02-2025_10-00-41_p0074_s112_b2,22,37
25-01-2025_12-50-23_p0064_sP04_b2,109,48
13-02-2025_14-12-38_p0067_s273_b4,42,28
13-02-2025_14-07-13_p0067_s265_b4,26,36
10-09-2024_13-58-03_p0048,15,13
26-03-2024_16-30-43_p0022,36,26
31-03-2025_18-18-22_p0079,18,56
20-05-2024_11-35-49_p0034_s36_b1,45,32
23-11-2024_13-39-17_p0052,17,26
07-01-2025_14-23-30_p0062_s73_b1,78,42
07-12-2024_10-16-49_p0053_s230_b4,21,40
07-01-2025_14-04-48_p0062_s43_b1,95,47
16-07-2024_16-16-31_p0039,21,12
14-03-2025_16-42-30_p0077_s263_b4,68,20
25-03-2024_16-10-19_p0020_s92_b2,7,19
13-02-2025_18-59-00_p0070_s197_b3,52,35
26-11-2024_16-08-07_p0056_s143_b2,162,29
08-11-2024_14-31-39_p0052_s15_b1,50,54
28-02-2024_16-54-13_p0011,12,18
06-02-2025_14-53-48_p0068_s105_b2,27,34
28-09-2024_14-03-14_p0016_s5_b1,42,24
26-11-2024_15-15-27_p0056_s87_b2,60,43
16-07-2024_16-35-51_p0039_s240_b4,24,14
16-10-2024_16-45-44_p0049_s64_b1,24,-7
08-01-2025_16-49-30_p0063_s80_b1,68,50
28-09-2024_13-00-58_p0016_s209_b4,18,12
04-09-2024_16-05-52_p0044_s42_b1,44,5
16-05-2024_15-15-50_p0034_s154_b2,45,47
07-05-2024_14-33-43_p0027_s265_b4,28,28
12-03-2025_09-42-55_p0074,-14,48
26-02-2024_16-09-10_p0019_s266_b4,20,24
25-03-2024_16-39-39_p0020,12,6
17-07-2024_14-24-55_p0041_s112_b2,43,22
11-05-2024_10-05-03_p0034_s202_b3,65,26
04-09-2024_15-57-17_p0044_s26_b1,77,8
21-02-2025_17-41-03_p0068_s269_b4,60,19
19-03-2024_15-32-12_p0022_s139_b2,-1,19
17-07-2024_14-40-29_p0041_s143_b2,73,21
08-06-2024_10-08-23_p0031_s278_b4,48,35
05-12-2024_15-57-08_p0055_s32_b1,47,28
24-01-2024_17-22-03_p10,44,6
21-02-2025_17-43-13_p0068_s273_b4,35,18
18-01-2025_13-00-54_p0064_s184_b3,98,24
11-03-2025_15-57-13_p0073_s45_b1,8,16
12-12-2024_19-22-41_p0058_s126_b2,52,12
14-03-2025_16-35-08_p0077_s252_b4,59,16
16-05-2024_14-50-18_p0034_s126_b2,132,45
24-01-2025_15-48-23_p0060_s46_b1,13,46
13-05-2024_15-52-14_p0028,7,4
08-04-2024_15-43-43_p0021_s116_b2,9,66
17-07-2024_14-34-39_p0041_s131_b2,65,28
10-09-2024_13-57-24_p0048,22,3
23-11-2024_09-54-33_p0053,31,27
08-05-2024_10-02-17_p0030,33,24
03-04-2025_13-35-16_p0080_s86_b2,55,19
22-04-2024_09-35-20_p0025_s192_b3,16,41
07-03-2024_14-18-52_p0010_s157_b2,11,30
24-07-2024_14-37-42_p0041_s74_b1,41,15
18-03-2024_15-30-12_p0020_s39_b1,7,38
10-09-2024_16-58-35_p0045,23,17
24-04-2024_15-52-08_p0027_s187_b3,54,91
18-12-2024_09-30-51_p0061,41,92
24-07-2024_15-22-20_p0041,84,25
27-03-2025_15-19-57_p0078_s180_b3,75,38
07-02-2025_16-58-11_p0046_s204_b3,66,19
29-04-2024_11-33-56_p0029_s100_b2,23,26
05-06-2024_15-44-58_p0037_s282_b4,15,27
28-01-2025_13-37-44_p0067,20,36
05-09-2024_15-57-50_p0047_s227_b4,25,27
16-09-2024_15-11-51_p0045_s85_b2,25,16
18-04-2024_15-47-23_p0026,19,15
06-02-2025_18-35-10_p0069,105,28
08-07-2024_12-03-24_p0040_s235_b4,27,23
13-11-2024_18-00-13_p0051_s277_b4,7,9
01-02-2025_10-26-34_p0069_s26_b1,39,17
18-12-2024_17-27-42_p0057_sP14_b3,35,18
12-03-2024_10-15-32_p0021,29,55
06-11-2024_17-04-31_p0051,27,20
26-03-2024_15-50-57_p0022_s243_b3,23,30
22-02-2024_11-38-44_p0017_s220_b4,20,49
19-03-2024_15-19-28_p0022_s122_b2,126,30
14-12-2024_12-07-09_p0059,18,18
28-09-2024_13-37-14_p0016_s262_b4,61,14
07-12-2024_10-17-34_p0053_s233_b4,24,32
13-02-2025_19-31-53_p0070_s37_b1,59,51
13-11-2024_17-30-06_p0051_s222_b4,50,19
12-03-2024_14-48-29_p0022_s79_b1,147,35
04-02-2025_16-23-25_p0066_sP04_b2,122,45
20-05-2024_11-45-30_p0034_s54_b1,45,28
13-02-2025_19-44-23_p0070_s64_b1,111,33
11-05-2024_09-25-07_p0034,67,85
13-09-2024_15-25-23_p0046,73,20
19-12-2024_15-59-37_p0062_s176_b3,33,28
10-01-2025_15-55-46_p0063_s258_b4,21,37
13-03-2024_15-46-30_p0014_s217_b4,45,37
26-03-2024_15-20-59_p0022_s176_b3,20,14
18-12-2024_10-13-21_p0061,58,30
24-07-2024_15-18-19_p0041_s257_b4,51,27
04-10-2024_15-06-33_p0050_s140_b2,11,18
01-02-2025_10-23-15_p0069_s19_b1,29,31
12-03-2025_10-07-00_p0074_s221_b4,44,29
22-03-2025_11-50-04_p0079_s112_b2,28,28
10-09-2024_17-39-07_p0045,65,21
11-07-2024_15-39-19_p0041_s194_b3,36,29
20-02-2025_19-44-24_p0075_s207_b3,36,30
31-03-2025_18-43-23_p0079_s265_b4,32,49
01-02-2025_13-46-02_p0064_s268_b4,48,9
27-03-2025_15-26-56_p0078,47,58
12-07-2024_15-16-29_p0040,27,14
23-11-2024_10-11-22_p0053,21,27
16-05-2024_15-02-06_p0034_s144_b2,25,43
23-11-2024_13-35-46_p0052,19,27
28-11-2024_15-32-11_p0055_s101_b2,23,40
10-05-2024_09-52-42_p0030_s252_b4,24,40
23-05-2024_14-59-21_p0035,106,25
27-05-2024_15-29-00_p0032,24,33
23-05-2024_15-23-05_p0035_s208_b3,28,26
08-08-2024_15-18-53_p0042_s153_b2,33,33
05-10-2024_11-24-55_p0050_s42_b1,58,12
10-05-2024_18-54-06_p0025,-6,9
28-09-2024_14-14-26_p0016_s30_b1,10,8
19-02-2025_10-14-58_p0074_s163_b3,64,47
25-01-2025_12-57-48_p0064_s93_b2,60,40
21-01-2025_15-15-23_p0065,93,35
30-10-2024_14-54-41_p0052,44,7
15-02-2025_12-27-56_p0070,75,5
21-12-2024_10-27-03_p0061_s59_b1,94,14
19-11-2024_15-54-37_p0054_s173_b3,70,4
11-07-2024_15-09-13_p0041_s164_b3,47,30
21-11-2024_15-54-21_p0055_s201_b3,27,43
30-04-2024_13-04-24_p0024_s87_b2,40,44
29-04-2024_12-03-09_p0029,24,14
11-07-2024_15-12-46_p0041_s169_b3,26,40
15-02-2025_10-51-06_p0065_s115_b2,97,16
28-08-2024_16-51-10_p0038_s60_b1,97,27
26-08-2024_16-29-09_p0019_s171_b3,99,27
18-04-2024_10-29-57_p0025_s56_b1,23,26
05-09-2024_15-21-58_p0047_s51_b1,93,11
18-04-2024_10-09-44_p0025_s6_b1,11,23
17-02-2025_17-33-06_p0071_s58_b1,76,30
15-02-2025_11-57-21_p0070_s106_b2,44,15
05-09-2024_14-37-11_p0047_s8_b1,42,17
20-05-2024_11-56-01_p0034_s75_b1,53,41
13-09-2024_15-38-27_p0046_s247_b4,35,12
28-03-2025_15-35-21_p0081_s108_b2,46,51
20-12-2024_14-31-41_p0061_s101_b2,37,25
12-02-2025_16-44-54_p0072_s116_b2,53,12
05-12-2024_17-23-13_p0055_s270_b4,44,28
30-10-2024_15-00-18_p0052_s177_b3,32,42
16-10-2024_16-30-01_p0049_s22_b1,14,-3
23-05-2024_15-13-23_p0035_sP14_b3,52,34
31-01-2025_15-05-47_p0065,38,34
01-02-2025_10-39-06_p0069_s52_b1,81,24
07-01-2025_14-17-22_p0062_s66_b1,77,20
12-12-2024_16-19-45_p0057,16,21
12-06-2024_10-03-26_p0036_s122_b2,82,48
27-05-2024_15-12-42_p0032_s162_b3,30,39
20-03-2024_14-57-16_p0015_s168_b3,27,29
28-06-2024_14-11-09_p0035_s14_b1,26,64
23-04-2024_11-40-57_p0024_s262_b4,38,24
10-09-2024_14-08-22_p0048_s86_b2,75,21
26-10-2024_12-07-19_p0051,21,4
24-07-2024_15-11-38_p0041_s245_b4,29,40
13-02-2025_13-42-52_p0067_s222_b4,25,27
05-06-2024_10-03-55_p0036_s228_b4,44,4
19-11-2024_15-33-27_p0054_s160_b3,32,40
10-12-2024_16-20-56_p0056_s283_b4,57,40
21-02-2025_17-42-27_p0068,56,17
30-01-2025_16-18-59_p0068_s193_b3,30,18
26-11-2024_15-54-03_p0056_s133_b2,87,47
19-07-2024_15-23-48_p0040_s22_b1,32,18
10-01-2025_15-15-36_p0062,2,41
06-11-2024_16-47-04_p0051_s124_b2,33,40
30-10-2024_14-40-31_p0052_s164_b3,40,22
21-12-2024_09-35-18_p0061,77,40
17-12-2024_16-22-19_p0060,31,34
04-09-2024_15-59-30_p0044_s30_b1,69,15
26-11-2024_16-04-19_p0056_s139_b2,83,43
07-05-2024_14-04-02_p0027,35,22
19-06-2024_10-29-03_p0036_s78_b1,28,19
07-12-2024_10-36-45_p0053,15,29
19-06-2024_11-20-33_p0036_s195_b3,53,33
29-04-2024_11-51-45_p0029_s139_b2,16,11
26-02-2024_16-24-42_p0019,39,50
15-05-2024_16-51-09_p0032,17,29
20-03-2025_14-38-17_p0076_s111_b2,15,26
10-09-2024_14-26-54_p0048_s112_b2,36,-6
20-03-2024_15-22-47_p0015_s196_b3,54,36
06-11-2024_16-37-38_p0051_s110_b2,21,15
20-03-2025_16-24-58_p0078,25,13
26-08-2024_15-41-30_p0019_s59_b1,52,29
20-03-2025_14-53-15_p0076_s139_b2,17,41
29-02-2024_13-49-14_p0010_s21_b1,21,44
12-06-2024_09-45-34_p0036_s88_b2,28,18
29-04-2024_16-39-46_p0024_s23_b1,26,30
08-05-2024_15-14-43_p0033_s160_b3,59,65
13-02-2025_18-30-16_p0070_s164_b3,48,27
28-01-2025_13-15-38_p0067,35,30
07-01-2025_13-45-11_p0062_s8_b1,49,60
21-08-2024_14-53-34_p0044_s190_b3,53,8
01-02-2025_12-12-49_p0070_s255_b4,43,12
24-05-2024_18-59-15_p0031_s136_b2,31,24
30-10-2024_15-16-11_p0052,43,32
10-12-2024_16-19-02_p0056_s280_b4,48,39
16-07-2024_16-54-23_p0039_s271_b4,69,12
12-12-2024_15-55-11_p0057,19,40
08-11-2024_14-35-19_p0052_s20_b1,118,48
28-06-2024_14-38-32_p0035_s76_b1,22,33
26-11-2024_15-46-36_p0056,96,41
19-06-2024_16-32-58_p0023_s37_b1,42,28
29-04-2024_16-37-23_p0024_s20_b1,38,40
03-04-2025_13-37-37_p0080_s94_b2,60,22
06-11-2024_17-06-48_p0051_s151_b2,32,15
07-03-2024_13-44-02_p0010_s89_b2,35,15
10-12-2024_15-20-33_p0056_s215_b4,31,34
08-05-2024_10-00-34_p0030,36,36
12-12-2024_16-21-17_p0057,13,17
26-08-2024_15-35-37_p0019_s51_b1,42,50
11-02-2025_18-37-22_p0069_s87_b2,13,17
12-02-2025_17-07-50_p0072_s145_b2,85,16
11-03-2025_15-25-47_p0073,54,41
13-02-2025_18-36-43_p0070,40,21
01-02-2025_14-00-21_p0064_s2_b1,43,17
23-07-2024_16-51-34_p0039_s149_b2,43,13
26-11-2024_15-48-52_p0056_s127_b2,129,44
04-02-2025_17-05-34_p0066,24,28
24-01-2024_17-22-44_p10,43,13
16-09-2024_15-04-44_p0045,63,22
23-07-2024_16-17-30_p0039_s112_b2,30,26
24-01-2025_15-01-33_p0060_s252_b4,13,42
06-09-2024_16-02-58_p0047,29,16
10-02-2025_17-06-35_p0071,68,10
26-03-2024_15-37-30_p0022,24,36
22-03-2025_11-53-59_p0079_s120_b2,77,29
08-11-2024_14-37-46_p0052_s25_b1,56,76
19-03-2024_15-14-59_p0022,30,33
05-06-2024_10-29-03_p0036_s268_b4,38,9
05-10-2024_09-45-07_p0050_s245_b4,57,19
25-02-2025_18-22-13_p0075_s82_b2,44,28
15-02-2025_11-27-12_p0065,47,5
10-05-2024_09-03-53_p0030_s198_b3,44,42
08-05-2024_09-46-19_p0030_s121_b2,27,42
20-03-2024_15-11-33_p0015_s181_b3,51,24
14-03-2025_16-43-04_p0077,58,33
01-02-2025_14-31-36_p0064_s62_b1,55,11
16-04-2024_10-52-45_p0025,31,46
26-02-2025_10-25-24_p0074_s139_b2,48,52
29-04-2024_17-06-55_p0024_s80_b1,27,40
05-06-2024_10-23-12_p0036,44,11
19-07-2024_14-25-34_p0040_s146_b2,68,22
20-03-2025_14-27-00_p0076,41,57
25-03-2025_18-15-34_p0079_s160_b3,55,28
12-03-2024_10-17-42_p0021_s216_b4,38,46
23-05-2024_14-49-50_p0035_s169_b3,47,24
06-05-2024_15-39-32_p0032_s251_b4,59,45
08-04-2024_16-50-25_p0021_s51_b1,37,40
18-04-2024_10-30-17_p0025_s57_b1,65,26
28-02-2024_16-24-53_p0011_s109_b2,-3,23
17-06-2024_14-50-27_p0019_s86_b2,38,24
30-04-2024_13-50-46_p0024,51,62
17-09-2024_14-39-01_p0048_s22_b1,17,33
20-05-2024_11-38-43_p0034_s42_b1,43,41
16-05-2024_14-50-46_p0034_s127_b2,104,42
15-02-2025_10-36-22_p0065_s88_b2,42,7
18-04-2024_15-30-45_p0026_s112_b2,6,40
21-02-2024_11-51-49_p0013_s55_b1,43,25
11-02-2025_18-10-05_p0066_s36_b1,32,29
19-03-2024_15-14-35_p0022,18,33
13-12-2024_15-58-44_p0054_s152_b2,41,24
08-10-2024_15-40-17_p0049_s82_b2,41,-6
26-11-2024_15-26-11_p0056_s101_b2,73,56
23-05-2024_15-14-01_p0035,87,31
19-02-2025_11-07-37_p0074_s207_b3,28,41
28-09-2024_13-43-13_p0016_s272_b4,12,27
31-01-2024_15-13-55_p13,12,21
15-02-2025_12-16-19_p0070_s138_b2,79,4
19-06-2024_10-56-11_p0036,34,30
20-02-2024_16-42-09_p0015_s246_b4,28,31
02-05-2024_15-13-58_p0026_sP14_b3,11,14
11-06-2024_14-18-03_p0035_s117_b2,33,18
17-06-2024_14-58-48_p0019_s101_b2,24,20
18-01-2025_13-18-33_p0064_s205_b3,48,34
22-03-2025_12-12-12_p0079,41,19
30-04-2024_13-10-49_p0024_s98_b2,35,53
13-02-2025_19-01-30_p0070_s202_b3,37,33
03-05-2024_14-02-39_p0027,25,23
28-08-2024_15-06-14_p0038_s94_b2,45,13
29-04-2024_11-34-13_p0029_s101_b2,25,19
26-11-2024_16-17-06_p0056,30,57
17-09-2024_15-50-37_p0048_s240_b4,18,15
28-08-2024_16-37-56_p0038_s35_b1,57,11
17-08-2024_10-36-50_p0043_s69_b1,70,21
22-02-2024_10-57-19_p0017,25,48
07-05-2024_15-06-02_p0027_s41_b1,14,17
22-01-2024_16-40-47_p9,12,14
19-07-2024_13-49-07_p0040_s82_b2,37,16
25-01-2025_12-51-26_p0064_s83_b2,80,12
13-03-2024_15-22-31_p0014_s147_b2,26,13
05-03-2024_10-38-01_p0014_s50_b1,7,26
22-03-2025_11-39-18_p0079_s87_b2,17,24
03-05-2024_08-41-59_p0030_s41_b1,32,35
22-08-2024_16-39-25_p0042_s24_b1,44,21
13-02-2025_14-45-21_p0067_s12_b1,71,24
16-09-2024_15-36-15_p0045_sP07_b2,39,17
12-02-2025_16-38-38_p0072_s105_b2,41,20
23-04-2024_15-19-09_p0026_s38_b1,28,59
08-10-2024_15-43-47_p0049_s88_b2,-2,15
18-04-2024_15-36-59_p0026_s126_b2,5,23
10-05-2024_18-45-53_p0025_s146_b2,25,11
20-03-2025_16-08-04_p0078_s119_b2,105,31
16-10-2024_15-56-06_p0049,17,13
11-03-2024_15-39-29_p0020,-26,54
17-06-2024_15-40-04_p0019_s149_b2,11,28
07-05-2024_15-16-02_p0027_s67_b1,22,4
23-07-2024_16-03-46_p0039_s85_b2,13,24
02-04-2024_15-36-27_p0021_s189_b3,40,15
11-06-2024_14-38-42_p0035,21,30
18-04-2024_15-28-20_p0026_s105_b2,11,17
05-03-2024_10-36-42_p0014_s46_b1,50,52
22-01-2024_17-18-29_p9,29,27
22-02-2024_11-51-50_p0017_s260_b4,22,44
12-06-2024_10-32-48_p0036_s153_b2,31,12
04-10-2024_14-24-14_p0050_s87_b2,33,17
20-05-2024_15-41-32_p0023_s121_b2,23,14
10-05-2024_15-20-20_p0033_s228_b4,39,53
13-02-2025_13-49-49_p0067_s231_b4,19,31
18-03-2024_15-28-13_p0020_s32_b1,8,22
13-05-2024_16-29-48_p0028_s201_b3,47,8
12-06-2024_10-29-13_p0036,13,5
26-08-2024_15-49-25_p0019_s76_b1,24,35
22-02-2024_11-19-27_p0017_s243_b3,76,60
19-07-2024_14-30-57_p0040,22,11
22-01-2025_17-08-34_p0066_s162_b3,93,31
18-12-2024_17-20-08_p0057_s185_b3,85,30
23-07-2024_16-03-25_p0039_s84_b2,35,22
28-08-2024_16-53-57_p0038_s64_b1,134,10
09-05-2024_14-42-11_p0033_s119_b2,48,34
22-02-2024_15-41-28_p0014_s188_b3,20,34
10-09-2024_17-21-35_p0045,29,14
10-05-2024_10-03-40_p0030_s271_b4,37,39
01-08-2024_16-03-39_p0042_s164_b3,18,11
11-03-2024_15-57-14_p0020_s191_b3,14,19
11-03-2024_15-22-23_p0020,55,44
12-03-2024_10-25-25_p0021_s229_b4,12,52
12-12-2024_19-27-04_p0058_s132_b2,48,36
18-01-2025_13-05-40_p0064,39,24
16-09-2024_15-00-05_p0045,53,13
14-02-2025_18-16-51_p0073,24,16
20-05-2024_16-09-01_p0023,16,6
30-01-2024_11-22-43_p11,6,25
15-05-2024_16-07-15_p0032_s135_b2,47,46
24-04-2024_15-13-52_p0027_s158_b3,75,112
06-08-2024_16-14-14_p0039_s6_b1,91,20
13-02-2025_14-02-38_p0067_s260_b4,39,35
22-04-2024_09-44-30_p0025_s206_b3,31,39
22-02-2024_14-32-28_p0018,-3,16
06-05-2024_15-58-13_p0032_s263_b4,50,43
23-05-2024_15-11-59_p0035_s192_b3,76,20
27-03-2024_16-18-29_p0015_s48_b1,23,32
27-11-2024_15-43-09_p0054_s278_b4,56,23
10-09-2024_14-56-35_p0048_s154_b2,38,12
23-11-2024_10-07-28_p0053_sP14_b3,36,28
14-12-2024_10-36-48_p0059_s82_b2,50,25
05-03-2024_10-22-56_p0014_s5_b1,67,56
02-05-2024_16-01-46_p0026_s252_b4,17,14
03-02-2025_17-21-37_p0071,19,6
17-06-2024_15-19-32_p0019_s130_b2,41,33
11-02-2025_18-16-36_p0066_s54_b1,40,27
19-03-2024_14-54-48_p0022_s86_b2,54,21
22-04-2024_09-44-10_p0025_s205_b3,53,39
26-10-2024_12-17-27_p0051_s181_b3,55,16
30-01-2024_11-04-07_p11,24,44
13-03-2024_15-41-59_p0014_s212_b4,54,30
12-03-2025_10-36-43_p0074_s278_b4,38,30
06-08-2024_16-42-11_p0039_s65_b1,125,25
13-05-2024_16-14-24_p0028_s188_b3,18,11
11-03-2025_15-24-08_p0073,21,19
13-02-2025_18-49-47_p0070_s185_b3,41,29
16-09-2024_15-05-11_p0045,41,26
18-06-2024_15-04-10_p0028_s106_b2,33,38
18-04-2024_15-38-43_p0026_s130_b2,10,31
25-03-2024_15-41-05_p0020_s237_b4,13,40
27-03-2025_15-12-50_p0078,63,64
29-04-2024_16-36-57_p0024_s19_b1,29,30
13-03-2024_16-16-46_p0014_s278_b4,23,28
26-04-2024_14-42-43_p0028_s29_b1,28,30
24-03-2025_17-43-40_p0076_s57_b1,31,26
29-04-2024_15-33-39_p0024,33,40
10-08-2024_10-35-47_p0043_s87_b2,32,31
04-02-2025_17-02-23_p0066,14,21
08-04-2024_15-56-31_p0021_s137_b2,20,32
15-02-2025_12-25-03_p0070,40,13
23-04-2024_15-23-46_p0026_s51_b1,20,62
18-04-2024_10-39-05_p0025_s75_b1,42,22
10-05-2024_15-29-18_p0033_s238_b4,49,40
30-01-2024_11-13-40_p11,10,38
11-02-2025_19-12-04_p0069,4,12
23-04-2024_11-40-37_p0024_s261_b4,31,38
16-09-2024_16-44-07_p0045_s26_b1,32,24
12-06-2024_10-16-31_p0036_s147_b2,42,8
12-06-2024_17-09-40_p0038_s243_b3,52,40
19-02-2025_15-54-47_p0072_s237_b4,34,16
31-01-2025_15-40-39_p0065_s204_b3,89,44
08-10-2024_15-47-25_p0049_s96_b2,16,16
10-01-2025_14-29-09_p0062_s84_b2,61,28
03-02-2025_17-27-35_p0071,19,7
08-05-2024_09-36-12_p0030_s99_b2,24,25
08-10-2024_16-09-16_p0049_s136_b2,13,9
25-03-2024_15-52-44_p0020_s263_b4,-10,6
19-02-2025_15-39-24_p0072_s213_b4,42,17
04-07-2024_15-34-32_p0039_s185_b3,45,40
20-05-2024_11-45-07_p0034_s53_b1,42,22
22-01-2025_17-14-31_p0066_sP10_b3,25,33
07-01-2025_14-25-04_p0062_s77_b1,83,49
28-06-2024_15-46-42_p0035_s276_b4,21,6
23-11-2024_09-36-39_p0053,18,28
24-01-2025_15-31-29_p0060_s10_b1,-1,37
07-05-2024_14-17-08_p0027_s228_b4,38,37
05-12-2024_16-22-02_p0055_s69_b1,61,8
20-02-2025_18-36-40_p0075_s161_b3,107,24
31-03-2025_18-40-41_p0079_s261_b4,59,39
08-07-2024_12-14-01_p0040_s256_b4,25,36
07-01-2025_16-11-48_p0063_s139_b2,42,50
21-12-2024_10-09-40_p0061_s21_b1,19,20
27-03-2024_16-20-33_p0015_s54_b1,24,21
02-04-2024_15-40-42_p0021_s192_b3,31,32
11-05-2024_09-20-40_p0034,71,56
17-08-2024_11-18-21_p0043_s264_b4,33,13
07-01-2025_14-25-28_p0062_s78_b1,36,50
16-04-2024_16-00-59_p0016,1,22
18-04-2024_10-15-11_p0025_s19_b1,9,29
26-02-2024_16-00-43_p0019_s255_b4,32,22
18-03-2024_11-40-15_p0013_s272_b4,22,26
17-09-2024_15-51-15_p0048,43,18
13-02-2025_18-57-18_p0070,57,30
21-02-2024_15-42-37_p0016_s119_b2,13,21
30-04-2024_13-06-19_p0024,23,52
30-04-2024_13-23-17_p0024_sP07_b2,34,30
10-01-2025_15-42-00_p0063_s227_b4,-4,37
03-08-2024_11-25-11_p0043_s203_b3,30,22
18-01-2025_13-19-33_p0064_s207_b3,50,17
01-02-2025_14-03-19_p0064_s8_b1,44,24
08-01-2025_16-21-24_p0063_s24_b1,45,29
07-12-2024_10-54-19_p0053_s3_b1,35,32
12-03-2025_10-46-59_p0074_s16_b1,79,40
13-03-2024_14-56-23_p0014_s97_b2,51,35
16-10-2024_16-35-49_p0049_s39_b1,23,10
31-01-2025_15-08-19_p0065,33,40
21-01-2025_15-03-39_p0065_s238_b4,32,28
28-08-2024_15-14-13_p0038,63,17
04-10-2024_15-27-35_p0050_s157_b2,34,32
31-08-2024_13-04-40_p0047_s177_b3,43,49
10-05-2024_15-03-47_p0033,36,36
11-03-2025_18-52-46_p0075_s48_b1,99,20
31-08-2024_12-15-43_p0047,113,35
17-07-2024_14-54-24_p0041,33,32
30-10-2024_15-21-41_p0052_s202_b3,40,50
03-09-2024_14-54-42_p0048_s178_b3,25,18
20-05-2024_16-08-46_p0023,11,0
28-01-2025_14-01-02_p0067_s198_b3,25,32
16-09-2024_16-39-32_p0045_s18_b1,48,13
05-06-2024_15-00-44_p0037_s209_b4,16,35
22-01-2025_17-19-02_p0066,9,34
28-09-2024_13-32-18_p0016_s256_b4,21,3
14-03-2025_16-06-57_p0077,50,2469
27-03-2025_14-29-26_p0080,37,31
22-08-2024_16-01-29_p0042_s265_b4,13,2
23-11-2024_13-16-36_p0052_s114_b2,9,52
21-12-2024_09-52-02_p0061_s273_b4,54,18
26-04-2024_14-55-29_p0028_s47_b1,66,32
30-08-2024_16-03-50_p0046_s129_b2,12,18
23-04-2024_11-49-40_p0024_s279_b4,12,34
16-04-2024_10-19-53_p0025_s210_b4,-2,21
17-02-2025_18-33-18_p0071_s272_b4,40,12
12-06-2024_10-15-49_p0036_s145_b2,32,11
24-01-2024_17-23-28_p10,54,34
27-05-2024_16-46-06_p0032_s38_b1,33,51
27-11-2024_15-16-23_p0054_s225_b4,16,10
05-03-2024_10-31-57_p0014_s31_b1,17,27
03-04-2024_15-48-52_p0023_s231_b4,-91,134
10-02-2025_16-20-12_p0071_s158_b3,44,21
04-02-2025_17-05-50_p0066,31,22
24-05-2024_19-00-32_p0031_s140_b2,46,41
04-09-2024_14-28-20_p0044,55,28
08-07-2024_12-18-38_p0040_s261_b4,31,25
12-12-2024_19-26-40_p0058_s131_b2,51,7
19-07-2024_14-25-00_p0040_s145_b2,75,26
25-01-2025_13-32-32_p0064,26,17
19-02-2025_10-10-43_p0074_s160_b3,46,34
19-03-2024_15-43-47_p0022,11,23
10-05-2024_18-18-15_p0025_s105_b2,31,24
11-03-2025_17-54-18_p0075_s214_b4,29,41
20-12-2024_14-49-59_p0061,59,27
06-02-2025_15-24-34_p0068,12,13
26-02-2024_15-38-11_p0019,48,39
18-01-2025_09-45-23_p0057_s221_b4,25,50
31-01-2025_15-36-34_p0065_s200_b3,60,29
11-02-2025_16-50-44_p0066_s221_b4,49,16
24-01-2024_17-17-13_p10,49,18
21-11-2024_15-58-36_p0055,39,43
14-03-2025_16-41-20_p0077_s260_b4,56,51
09-05-2024_15-10-03_p0033,32,47
13-11-2024_16-40-39_p0051_s4_b1,31,17
03-02-2025_16-54-07_p0071_s110_b2,45,18
04-09-2024_16-05-04_p0044_s40_b1,50,5
22-01-2025_17-10-35_p0066_s165_b3,41,14
31-01-2024_15-05-08_p13,7,11
13-05-2024_15-51-36_p0028,5,11
28-08-2024_15-24-01_p0038_s119_b2,125,14
01-02-2025_14-14-35_p0064_s30_b1,83,24
11-03-2025_15-50-12_p0073_s23_b1,23,44
12-12-2024_19-12-11_p0058_s115_b2,34,26
18-04-2024_15-48-26_p0026,29,31
21-02-2024_15-18-28_p0016_s87_b2,28,19
11-03-2024_15-43-39_p0020_s174_b3,98,75
22-02-2024_10-37-54_p0017,46,57
21-08-2024_15-07-09_p0044_s208_b3,34,13
08-05-2024_09-33-24_p0030_s96_b2,33,28
27-05-2024_15-58-11_p0032,29,39
22-08-2024_15-49-15_p0042_s246_b4,51,68
18-03-2024_11-30-27_p0013_s254_b4,16,13
03-02-2025_16-54-35_p0071_s111_b2,36,17
15-02-2025_11-50-41_p0070_s90_b2,37,4
16-04-2024_15-59-11_p0016_s204_b3,10,22
28-11-2024_15-50-25_p0055_s120_b2,58,31
10-08-2024_11-00-44_p0043_s137_b2,41,28
17-08-2024_10-29-16_p0043_s54_b1,36,7
31-03-2025_18-42-50_p0079_s264_b4,35,42
10-02-2025_17-06-11_p0071_s189_b3,39,4
19-02-2025_15-41-00_p0072_s218_b4,28,21
26-04-2024_14-53-23_p0028_s44_b1,35,35
05-03-2024_10-44-51_p0014_s71_b1,51,47
25-03-2025_18-42-09_p0079_s196_b3,54,14
19-12-2024_16-17-05_p0062,35,-167
26-10-2024_11-53-51_p0051,22,5
16-04-2024_10-29-56_p0025_s223_b4,13,57
12-02-2025_17-03-00_p0072_s139_b2,75,30
01-02-2025_13-13-44_p0064_s211_b4,19,19
29-04-2024_15-25-10_p0024_s166_b3,56,56
16-07-2024_16-31-50_p0039_s234_b4,34,21
15-02-2025_11-45-38_p0070_s84_b2,114,30
18-12-2024_17-35-17_p0057_s201_b3,79,22
08-11-2024_15-17-09_p0052_s78_b1,58,62
16-04-2024_15-47-27_p0016_s189_b3,8,28
18-12-2024_10-13-55_p0061_s241_b3,70,43
21-08-2024_14-43-09_p0044,42,16
06-09-2024_15-17-43_p0047_s90_b2,14,7
27-05-2024_15-51-33_p0032,56,58
27-11-2024_15-23-55_p0054_s240_b4,35,24
20-05-2024_15-32-38_p0023_s107_b2,22,10
21-11-2024_15-39-45_p0055_s186_b3,25,75
03-02-2025_17-19-39_p0071_s147_b2,83,18
08-01-2025_15-34-27_p0063_s203_b3,23,33
19-02-2025_10-59-24_p0074_s196_b3,30,46
16-04-2024_15-34-56_p0016_s172_b3,11,22
22-01-2025_17-54-20_p0066_s241_b3,58,10
18-01-2025_10-23-06_p0057_s270_b4,22,25
26-10-2024_12-27-59_p0051_s193_b3,46,3
07-05-2024_14-59-59_p0027_s22_b1,20,6
01-02-2025_14-15-29_p0064_s31_b1,66,37
01-02-2025_10-42-58_p0069_s59_b1,68,19
13-09-2024_16-44-11_p0046_s55_b1,22,9
14-01-2025_15-23-56_p0060_s113_b2,29,35
20-12-2024_14-54-37_p0061_s133_b2,66,46
20-12-2024_15-08-09_p0061,-1,33
15-02-2025_10-34-51_p0065_s86_b2,71,19
28-08-2024_15-30-03_p0038_s129_b2,107,14
06-09-2024_15-16-51_p0047,18,11
16-10-2024_16-08-35_p0049_s206_b3,17,16
18-04-2024_15-44-06_p0026_s145_b2,25,27
10-01-2025_14-42-09_p0062,39,117
08-01-2025_14-38-46_p0063,66,34
08-10-2024_15-44-29_p0049_s89_b2,17,7
28-02-2024_16-25-18_p0011_s110_b2,-5,36
13-05-2024_16-32-51_p0028_s204_b3,11,10
17-09-2024_16-09-56_p0048,45,19
01-02-2025_12-09-34_p0070_s247_b4,50,14
24-03-2025_17-13-57_p0076,32,27
04-02-2025_16-36-40_p0066_s107_b2,44,23
22-02-2024_15-16-03_p0014_s158_b3,-11,22
19-06-2024_16-34-02_p0023_s40_b1,45,23
03-05-2024_14-24-03_p0027,17,37
13-03-2024_16-03-19_p0014_s253_b4,40,26
18-12-2024_09-47-15_p0061_s180_b3,25,22
26-11-2024_16-15-09_p0056,24,41
12-03-2025_10-59-03_p0074_s43_b1,64,68
05-10-2024_10-10-41_p0050_s266_b4,41,23
04-10-2024_14-21-30_p0050_s83_b2,5,23
12-03-2025_10-08-12_p0074_s222_b4,23,16
13-12-2024_16-21-50_p0054_s41_b1,29,34
17-07-2024_14-52-56_p0041,29,57
24-01-2025_16-12-18_p0060_s80_b1,18,36
07-02-2025_16-38-12_p0046_s180_b3,46,21
17-08-2024_10-40-08_p0043_s77_b1,38,19
16-04-2024_16-04-35_p0016,7,30
08-04-2024_15-47-42_p0021_s119_b2,19,55
29-02-2024_13-47-19_p0010_s17_b1,36,57
04-02-2025_17-09-42_p0066_s150_b2,41,27
18-01-2025_10-20-50_p0057_s265_b4,29,24
13-09-2024_16-37-38_p0046_s38_b1,20,5
20-05-2024_11-22-18_p0034_s7_b1,58,28
22-01-2025_17-53-30_p0066_sP20_b3,30,30
12-03-2024_14-14-49_p0022_s3_b1,82,22
04-02-2025_16-33-18_p0066_s100_b2,41,23
06-02-2025_18-35-42_p0069_s174_b3,26,26
22-08-2024_15-59-26_p0042_s262_b4,29,3
12-03-2025_10-46-36_p0074_s15_b1,59,53
17-02-2025_18-39-45_p0071_s282_b4,56,17
31-01-2024_15-11-48_p13,-1,2
10-01-2025_15-21-23_p0062_s151_b2,36,43
21-02-2025_17-52-17_p0068_s5_b1,73,22
15-05-2024_16-40-41_p0032,15,25
14-01-2025_15-56-20_p0060,33,35
06-02-2025_15-23-36_p0068,38,17
31-01-2025_15-07-33_p0065,27,43
24-05-2024_19-06-29_p0031,73,40
13-11-2024_18-00-37_p0051_s278_b4,20,26
18-01-2025_09-59-46_p0057_s237_b4,18,27
18-01-2025_10-21-46_p0057_s267_b4,41,22
26-08-2024_16-29-38_p0019_s172_b3,50,26
21-02-2024_15-58-02_p0016,24,20
23-11-2024_13-45-04_p0052_s157_b2,18,22
05-02-2025_17-03-21_p0072_s171_b3,110,9
22-08-2024_15-33-50_p0042,87,7
19-06-2024_16-28-54_p0023_s26_b1,31,13
28-08-2024_10-09-25_p0044,21,26
06-08-2024_16-49-10_p0039_s79_b1,133,28
08-11-2024_16-31-42_p0053_s154_b2,26,42
02-05-2024_16-16-02_p0026_s276_b4,11,20
12-06-2024_09-45-17_p0036_s87_b2,38,18
13-02-2025_18-31-59_p0070_s166_b3,57,33
22-02-2024_15-37-38_p0014_s179_b3,42,24
06-02-2025_13-53-17_p0067_s126_b2,70,26
30-01-2024_11-09-42_p11,2,27
08-10-2024_16-11-18_p0049_s140_b2,8,7
21-02-2024_15-47-00_p0016_s130_b2,14,29
07-05-2024_14-18-05_p0027_s231_b4,33,45
06-05-2024_15-15-55_p0032_s213_b4,57,55
04-09-2024_15-43-39_p0044_s2_b1,51,22
06-02-2025_14-06-55_p0067,22,24
20-02-2024_16-56-15_p0015_s263_b4,6,24
23-05-2024_15-22-41_p0035,56,32
04-09-2024_16-06-16_p0044_s43_b1,61,6
19-07-2024_14-05-48_p0040,27,20
19-06-2024_16-31-23_p0023_s32_b1,24,20
30-01-2024_15-06-11_p12,48,35
28-08-2024_09-58-42_p0044_s142_b2,42,30
21-02-2024_11-43-25_p0013_s40_b1,67,59
21-02-2024_16-09-39_p0016,9,14
10-02-2025_16-30-29_p0071,28,8
27-05-2024_16-01-17_p0032_s200_b3,19,26
21-02-2025_18-20-13_p0068_s60_b1,36,21
22-04-2024_09-23-13_p0025,58,55
17-12-2024_16-53-52_p0060,27,2
10-12-2024_15-33-40_p0056_s228_b4,39,38
10-09-2024_14-11-47_p0048_s90_b2,22,13
17-06-2024_15-08-19_p0019_s114_b2,33,29
19-02-2025_17-00-44_p0072_s70_b1,77,21
03-04-2024_15-43-36_p0023_s228_b4,48,40
27-03-2025_15-38-44_p0078_s207_b3,49,47
16-04-2024_10-28-17_p0025_s222_b4,-1,49
06-09-2024_15-45-54_p0047,86,34
11-07-2024_15-14-50_p0041,31,43
25-02-2025_18-21-23_p0075_sP04_b2,157,32
27-05-2024_16-09-41_p0032_s242_b3,27,23
08-05-2024_09-50-44_p0030_s134_b2,30,30
16-04-2024_10-31-06_p0025_s226_b4,9,50
12-06-2024_10-19-10_p0036,27,15
11-07-2024_15-43-34_p0041_sP16_b3,14,28
28-02-2024_16-15-29_p0011_s95_b2,8,26
13-02-2025_13-39-21_p0067_s216_b4,32,40
07-02-2025_16-28-25_p0046,16,16
16-04-2024_10-35-35_p0025_s235_b4,7,62
30-01-2024_11-01-21_p11,53,13
03-04-2025_13-47-50_p0080_s117_b2,31,18
10-01-2025_14-39-41_p0062_s104_b2,22,54
02-04-2024_15-53-02_p0021_s205_b3,13,18
05-09-2024_15-26-03_p0047_s59_b1,22,25
26-03-2024_16-22-36_p0022_s249_b4,11,37
13-03-2024_15-13-16_p0014_s125_b2,33,42
26-10-2024_12-29-37_p0051_s194_b3,30,11
26-10-2024_12-08-01_p0051,25,16
20-05-2024_11-38-16_p0034_s41_b1,47,43
08-01-2025_16-17-45_p0063_s19_b1,37,54
21-02-2025_18-22-46_p0068_s65_b1,116,23
27-11-2024_15-39-00_p0054_s269_b4,33,27
18-06-2024_16-33-53_p0028_s240_b4,25,36
28-08-2024_15-04-50_p0038_s91_b2,53,22
08-06-2024_10-49-51_p0031_s75_b1,19,37
05-02-2025_17-10-34_p0072,25,17
14-03-2025_17-28-25_p0077_s53_b1,34,39
10-01-2025_15-18-18_p0062,51,40
25-03-2024_15-33-32_p0020,65,24
08-06-2024_09-42-19_p0031_s238_b4,26,48
13-05-2024_16-30-15_p0028_s202_b3,32,14
13-09-2024_16-27-37_p0046_s15_b1,24,3
31-01-2025_15-10-30_p0065_s171_b3,81,36
22-04-2024_09-37-37_p0025_s194_b3,24,44
21-08-2024_14-20-14_p0044_s162_b3,95,18
31-01-2024_15-04-46_p13,27,10
24-04-2024_16-04-00_p0027_s199_b3,62,72
18-03-2024_11-22-10_p0013_s233_b4,28,14
08-05-2024_09-41-52_p0030_s114_b2,27,24
28-11-2024_15-37-14_p0055,46,43
25-02-2025_19-25-40_p0075_s144_b2,58,20
23-04-2024_15-22-45_p0026_s48_b1,26,44
28-08-2024_16-28-51_p0038_s21_b1,83,7
08-11-2024_16-25-39_p0053,23,51
14-03-2025_16-34-32_p0077_s250_b4,64,29
28-08-2024_15-31-28_p0038_s132_b2,77,9
18-06-2024_15-16-10_p0028_s123_b2,39,45
23-11-2024_10-03-39_p0053,44,27
21-11-2024_15-52-32_p0055_s199_b3,45,22
22-03-2025_12-08-57_p0079,21,18
01-02-2025_13-17-01_p0064_s219_b4,35,24
20-03-2024_15-14-09_p0015_s187_b3,33,16
24-01-2024_17-42-27_p10,43,26
19-06-2024_10-58-11_p0036_s171_b3,106,16
12-02-2025_17-12-03_p0072,36,15
17-09-2024_14-56-56_p0048_s56_b1,28,26
17-06-2024_15-23-46_p0019_s138_b2,42,33
14-03-2025_16-34-13_p0077_s249_b4,69,34
21-02-2024_16-04-15_p0016,-88,126
06-02-2025_15-04-01_p0068_s120_b2,28,31
16-04-2024_16-01-41_p0016,9,22
22-02-2024_14-34-01_p0018,4,11
21-12-2024_09-21-46_p0061_s213_b4,28,28
06-11-2024_16-17-49_p0051_sP04_b2,108,33
10-02-2025_17-22-11_p0071_s243_b3,67,2
13-03-2024_16-15-58_p0014_s276_b4,43,20
14-01-2025_15-41-40_p0060_s129_b2,21,55
03-10-2024_15-16-38_p0050_s182_b3,26,8
12-12-2024_16-07-08_p0057_s135_b2,64,33
22-02-2024_14-32-50_p0018,7,10
02-04-2024_15-19-13_p0021,24,22
26-08-2024_15-15-17_p0019_s3_b1,60,35
12-06-2024_16-00-56_p0038_s165_b3,38,59
13-02-2025_19-25-13_p0070_s22_b1,8,25
23-04-2024_14-59-10_p0026_s4_b1,32,58
11-02-2025_19-04-44_p0069_s136_b2,91,30
18-04-2024_10-15-31_p0025_s20_b1,53,23
05-02-2025_16-40-55_p0072_s158_b3,38,25
05-02-2025_17-38-00_p0072_s202_b3,41,24
08-08-2024_14-28-54_p0042,9,28
15-02-2025_10-39-05_p0065_s95_b2,63,9
06-02-2025_13-29-54_p0067_s86_b2,34,23
20-05-2024_16-09-48_p0023_s150_b2,5,2
19-07-2024_14-00-46_p0040_s108_b2,10,31
12-12-2024_15-41-08_p0057_s103_b2,74,31
18-04-2024_15-46-19_p0026,10,15
28-08-2024_15-23-31_p0038_s118_b2,42,12
18-06-2024_15-00-48_p0028_s98_b2,17,48
24-04-2024_15-39-24_p0027_s173_b3,73,65
05-09-2024_14-41-44_p0047_s16_b1,102,22
12-03-2025_10-34-13_p0074_s271_b4,47,10
03-02-2025_17-07-11_p0071_s128_b2,110,20
12-12-2024_16-22-09_p0057,9,25
22-08-2024_15-43-24_p0042_s237_b4,33,13
11-02-2025_18-48-24_p0069_s113_b2,30,30
19-03-2024_15-32-44_p0022_s140_b2,34,25
15-02-2025_11-54-00_p0070_s100_b2,62,21
12-06-2024_10-29-29_p0036,65,8
16-04-2024_15-36-45_p0016_s174_b3,7,20
11-06-2024_14-30-18_p0035_s142_b2,47,28
21-12-2024_09-46-37_p0061,63,21
25-03-2024_16-34-56_p0020_s145_b2,9,3
08-06-2024_09-33-18_p0031_s224_b4,33,48
22-02-2024_11-02-07_p0017_s176_b3,27,18
28-08-2024_16-42-14_p0038_s44_b1,46,9
20-05-2024_15-34-22_p0023_s111_b2,16,18
07-05-2024_14-20-54_p0027_s239_b4,27,45
15-05-2024_16-52-25_p0032_s151_b2,24,33
12-06-2024_09-59-23_p0036,33,23
01-02-2025_09-42-54_p0069_s230_b4,38,29
19-11-2024_16-09-03_p0054_s184_b3,51,23
21-01-2025_14-33-41_p0065,57,31
03-10-2024_15-56-37_p0050_s199_b3,28,0
30-09-2024_15-59-53_p0049_s262_b4,13,13
23-07-2024_16-50-46_p0039,23,25
22-02-2024_15-29-53_p0014,21,25
05-09-2024_15-31-14_p0047_s67_b1,92,5
05-03-2024_10-39-40_p0014_s56_b1,33,54
05-06-2024_15-15-41_p0037_s235_b4,21,40
26-08-2024_15-50-29_p0019_s79_b1,78,38
17-02-2025_18-10-12_p0071_s228_b4,43,12
06-09-2024_16-06-09_p0047,15,0
03-04-2025_14-01-56_p0080,17,4
29-02-2024_14-17-56_p0010_s73_b1,23,49
10-12-2024_15-27-16_p0056_s222_b4,48,34
13-12-2024_16-17-57_p0054_s31_b1,41,33
29-02-2024_13-48-32_p0010_s19_b1,38,45
13-09-2024_16-01-11_p0046_s278_b4,30,-2
26-11-2024_16-16-48_p0056,30,41
05-10-2024_10-00-08_p0050_s259_b4,104,14
03-04-2025_13-36-15_p0080,30,20
17-02-2025_18-21-28_p0071_s255_b4,50,27
10-05-2024_18-17-48_p0025_s104_b2,44,13
31-01-2024_14-42-37_p13,5,28
12-03-2024_10-22-51_p0021_s222_b4,16,59
16-09-2024_17-13-27_p0045_s71_b1,41,20
24-03-2025_17-00-13_p0076_s229_b4,33,17
22-02-2024_15-48-16_p0014_s199_b3,44,25
24-03-2025_17-49-48_p0076_s80_b1,27,13
15-02-2025_12-30-58_p0070_s154_b2,56,16
20-12-2024_15-01-59_p0061_s147_b2,11,32
03-05-2024_19-05-53_p0031,24,7
13-05-2024_15-55-48_p0028_s171_b3,15,12
26-08-2024_15-17-43_p0019_s9_b1,40,43
30-08-2024_16-19-59_p0046,11,16
06-11-2024_16-57-54_p0051,14,12
21-12-2024_10-24-06_p0061_s52_b1,41,24
04-09-2024_16-11-38_p0044_s53_b1,77,28
16-05-2024_14-21-41_p0034_s86_b2,33,63
15-05-2024_16-49-27_p0032,34,29
10-09-2024_16-56-32_p0045,70,28
22-02-2024_14-28-52_p0018_s144_b2,3,19
16-09-2024_15-27-42_p0045_s107_b2,36,18
30-04-2024_13-11-15_p0024_s99_b2,39,72
26-10-2024_11-55-32_p0051_s162_b3,59,-4
25-02-2025_19-37-34_p0075,36,26
15-02-2025_11-18-06_p0065_s146_b2,54,19
19-06-2024_10-24-58_p0036_s70_b1,57,23
28-11-2024_15-39-15_p0055_s109_b2,54,30
22-02-2024_15-33-07_p0014_s173_b3,25,39
28-06-2024_14-20-36_p0035_s39_b1,44,50
22-03-2025_12-06-58_p0079,31,33
27-05-2024_15-30-17_p0032,15,27
05-12-2024_17-30-47_p0055_s281_b4,29,30
11-07-2024_15-29-10_p0041_s186_b3,47,48
03-04-2025_13-40-42_p0080_s102_b2,24,25
12-03-2024_14-23-32_p0022_s19_b1,-12,27
07-01-2025_16-03-07_p0063_s123_b2,187,17
22-02-2024_11-52-37_p0017_s262_b4,12,35
17-02-2025_17-45-24_p0071_s81_b1,146,39
16-04-2024_16-03-33_p0016_sP20_b3,15,11
02-05-2024_15-01-02_p0026_s176_b3,16,19
10-01-2025_15-19-01_p0062,31,39
18-04-2024_10-38-45_p0025_s74_b1,50,23
11-02-2025_17-19-30_p0066,74,17
13-02-2025_19-47-51_p0070_s70_b1,73,29
28-08-2024_10-13-46_p0044_s149_b2,31,25
31-08-2024_13-15-22_p0047_s184_b3,102,66
22-03-2025_12-09-35_p0079,36,16
23-11-2024_13-02-04_p0052_s89_b2,14,44
28-02-2024_16-47-01_p0011_s137_b2,22,27
13-05-2024_15-39-22_p0028_s166_b3,22,18
12-06-2024_09-46-31_p0036_s90_b2,35,17
27-05-2024_16-00-52_p0032_s199_b3,0,38
11-03-2025_15-34-10_p0073_s282_b4,75,22
05-10-2024_09-48-02_p0050_s248_b4,17,8
06-02-2025_13-54-34_p0067_s129_b2,57,14
28-01-2025_13-32-22_p0067_s174_b3,43,38
12-03-2024_10-47-30_p0021_s264_b4,16,35
15-02-2025_11-18-23_p0065_s147_b2,58,16
02-05-2024_15-17-28_p0026_s196_b3,25,25
06-02-2025_14-57-42_p0068_s114_b2,47,26
30-01-2024_14-31-30_p12,21,37
28-08-2024_16-20-04_p0038_s1_b1,43,-2
12-03-2025_10-50-43_p0074_s25_b1,70,27
13-09-2024_16-48-41_p0046_s66_b1,18,18
06-08-2024_16-50-15_p0039_s80_b1,118,23
18-04-2024_15-50-32_p0026,25,23
03-04-2025_13-42-45_p0080_s106_b2,68,19
05-10-2024_09-49-34_p0050_s251_b4,22,13
31-08-2024_12-52-49_p0047,2,6
03-08-2024_10-18-36_p0043_s160_b3,29,54
12-03-2024_14-42-14_p0022_s63_b1,124,27
23-05-2024_15-19-18_p0035,61,35
27-05-2024_15-17-49_p0032_s167_b3,30,33
25-01-2025_13-08-41_p0064_s116_b2,28,25
22-08-2024_15-50-51_p0042_s248_b4,15,16
11-02-2025_17-14-48_p0066,87,37
24-01-2025_15-34-34_p0060_s16_b1,49,37
05-09-2024_16-12-46_p0047_s253_b4,26,21
18-04-2024_15-37-13_p0026_s127_b2,23,18
09-05-2024_15-10-26_p0033,48,15
10-09-2024_14-57-02_p0048_s155_b2,43,15
19-07-2024_15-33-59_p0040_s42_b1,61,19
29-08-2024_16-16-11_p0045_s266_b4,46,24
10-09-2024_16-58-57_p0045,24,28
27-03-2025_15-36-58_p0078_s204_b3,82,36
17-12-2024_17-15-25_p0060,18,17
23-04-2024_15-07-16_p0026_s15_b1,9,26
13-05-2024_16-01-28_p0028_s176_b3,24,13
20-12-2024_14-36-56_p0061_s109_b2,61,23
19-03-2024_15-14-10_p0022,18,30
13-03-2024_16-07-32_p0014_s259_b4,108,27
12-06-2024_10-10-01_p0036_s131_b2,58,4
18-06-2024_16-40-08_p0028_s254_b4,22,27
20-02-2024_16-51-04_p0015,13,22
11-03-2025_15-22-49_p0073,27,19
16-09-2024_16-44-27_p0045_s27_b1,95,21
14-12-2024_12-11-40_p0059_s156_b2,36,22
18-12-2024_16-30-33_p0057_s159_b3,27,34
02-05-2024_15-05-53_p0026_s183_b3,13,14
10-01-2025_15-02-56_p0062_s132_b2,46,45
11-02-2025_18-10-27_p0066_s37_b1,18,33
22-08-2024_16-23-52_p0042_s279_b4,23,3
13-03-2024_15-22-16_p0014_s146_b2,8,21
10-05-2024_15-09-26_p0033_s217_b4,38,37
01-08-2024_16-30-36_p0042,0,2
10-01-2025_15-42-45_p0063_s229_b4,21,36
10-08-2024_10-36-03_p0043_s88_b2,44,29
07-05-2024_14-16-48_p0027_s227_b4,31,38
24-07-2024_15-23-08_p0041_s264_b4,34,19
26-10-2024_11-57-18_p0051_s165_b3,30,2
06-09-2024_16-08-26_p0047,140,-2
22-01-2025_17-08-10_p0066,41,38
24-01-2025_16-10-58_p0060_s79_b1,36,57
05-12-2024_17-09-23_p0055_s247_b4,30,23
30-01-2024_11-13-54_p11,8,39
25-01-2025_13-16-06_p0064_s127_b2,81,30
18-03-2024_11-35-14_p0013_s261_b4,14,19
03-05-2024_08-50-06_p0030_s59_b1,32,44
19-02-2025_10-54-40_p0074_s191_b3,31,30
01-02-2025_10-08-32_p0069_s279_b4,33,26
19-02-2025_17-04-31_p0072_s79_b1,91,14
13-02-2025_14-59-25_p0067_s30_b1,62,22
14-12-2024_10-38-02_p0059_s85_b2,57,23
03-12-2024_15-33-28_p0056,32,39
26-03-2024_16-05-18_p0022_s210_b4,49,44
08-11-2024_16-32-29_p0053_s156_b2,19,48
14-12-2024_11-25-05_p0059_s128_b2,139,16
28-02-2024_16-45-22_p0011_s134_b2,22,33
05-06-2024_15-12-25_p0037_s227_b4,17,35
20-03-2024_15-06-47_p0015,29,17
21-02-2025_17-08-41_p0068_s220_b4,41,4
24-05-2024_19-13-34_p0031,37,25
07-12-2024_11-27-43_p0053_sP03_b1,66,42
10-02-2025_17-14-20_p0071_s199_b3,46,14
06-11-2024_16-50-17_p0051_s130_b2,95,24
26-10-2024_12-00-19_p0051_s169_b3,19,30
28-02-2024_16-08-12_p0011_s85_b2,51,21
23-04-2024_15-10-30_p0026_s23_b1,28,64
19-06-2024_15-27-07_p0023_sP12_b3,115,39
07-02-2025_16-40-22_p0046_s183_b3,28,19
13-09-2024_15-50-37_p0046_s262_b4,17,10
23-11-2024_13-30-29_p0052_s139_b2,18,36
12-06-2024_10-28-39_p0036,16,15
10-05-2024_16-30-19_p0033_s20_b1,16,6
30-09-2024_15-46-21_p0049_s246_b4,20,13
03-09-2024_15-09-24_p0048,56,23
19-03-2024_15-21-55_p0022_s125_b2,41,49
13-02-2025_19-04-17_p0070_s205_b3,36,28
28-09-2024_14-36-10_p0016_s72_b1,19,2
20-03-2024_15-32-08_p0015,28,66
08-01-2025_14-45-38_p0063,77,26
30-04-2024_13-26-59_p0024_s122_b2,23,31
21-02-2025_17-24-00_p0068_s249_b4,22,17
08-05-2024_16-15-39_p0033_s197_b3,29,56
31-03-2025_18-43-52_p0079_s267_b4,37,42
31-01-2024_14-51-18_p13,18,40
10-01-2025_15-55-22_p0063_s256_b4,20,26
28-01-2025_13-32-46_p0067,44,41
25-03-2024_15-57-06_p0020_s272_b4,30,25
22-02-2024_11-40-57_p0017_s223_b4,51,46
21-02-2025_18-27-10_p0068_s72_b1,47,25
12-07-2024_14-32-09_p0040_s165_b3,38,33
21-01-2025_15-06-41_p0065_s245_b4,75,37
05-12-2024_17-28-24_p0055_s277_b4,13,17
05-06-2024_10-26-01_p0036,27,5
27-03-2024_15-42-04_p0015,26,21
12-06-2024_15-52-28_p0038_s158_b3,62,48
11-03-2025_18-02-15_p0075_s226_b4,26,44
19-06-2024_15-55-05_p0023_sP20_b3,26,44
07-01-2025_16-11-05_p0063_s137_b2,22,45
22-08-2024_16-57-11_p0042_s59_b1,15,34
11-06-2024_14-36-25_p0035,19,23
18-06-2024_16-28-21_p0028_s228_b4,33,37
11-02-2025_18-38-09_p0069_s89_b2,20,33
07-01-2025_16-25-31_p0063,3,39
28-09-2024_13-25-37_p0016,17,29
02-04-2024_15-45-00_p0021_s196_b3,30,30
03-02-2025_17-12-05_p0071_s137_b2,28,25
12-12-2024_16-14-01_p0057_s144_b2,44,33
13-03-2024_15-39-31_p0014,72,45
06-02-2025_18-40-45_p0069_s180_b3,27,29
28-01-2025_13-39-11_p0067_sP12_b3,36,29
11-02-2025_17-55-30_p0066_s2_b1,39,21
08-10-2024_16-21-07_p0049,15,5
14-02-2025_18-10-43_p0073_s133_b2,16,18
28-06-2024_15-50-56_p0035_s282_b4,31,10
03-09-2024_14-55-20_p0048,29,7
11-03-2025_18-15-44_p0075,34,18
26-02-2025_09-32-14_p0074_s95_b2,52,30
05-12-2024_15-42-12_p0055_s10_b1,34,223
01-02-2025_13-17-23_p0064_s220_b4,38,15
08-01-2025_15-07-14_p0063,28,34
18-03-2024_11-10-30_p0013_s210_b4,18,16
12-12-2024_19-15-34_p0058_sP07_b2,5,29
16-04-2024_15-57-02_p0016_s202_b3,-1,31
24-03-2025_17-49-19_p0076_s78_b1,19,17
23-04-2024_11-29-16_p0024_s238_b4,13,8
21-08-2024_15-05-31_p0044_s206_b3,53,19
20-02-2025_18-52-45_p0075,35,16
27-11-2024_15-29-58_p0054_s255_b4,34,17
11-03-2025_18-44-38_p0075_s22_b1,40,17
28-08-2024_16-38-18_p0038_s36_b1,53,15
21-02-2024_15-28-39_p0016_s114_b2,16,22
23-07-2024_16-51-57_p0039_s150_b2,43,25
13-03-2024_15-52-14_p0014_s225_b4,18,19
06-02-2025_13-40-47_p0067,32,16
28-11-2024_16-21-48_p0055_s153_b2,22,51
11-03-2025_18-16-30_p0075,34,20
22-08-2024_16-33-48_p0042_s9_b1,19,38
28-02-2024_17-02-58_p0011_s151_b2,-4,39
08-11-2024_15-10-21_p0052_s68_b1,40,69
18-12-2024_10-10-38_p0061_sP20_b3,41,18
19-02-2025_16-52-12_p0072_s56_b1,44,18
24-01-2025_15-11-07_p0060,32,43
31-03-2025_18-48-28_p0079_s279_b4,55,43
12-07-2024_15-02-14_p0040_s178_b3,48,43
22-04-2024_09-26-53_p0025_sP12_b3,-3,26
26-02-2024_15-38-53_p0019_s224_b4,28,35
01-02-2025_14-21-41_p0064_s42_b1,52,23
14-01-2025_15-53-48_p0060_s146_b2,29,41
08-07-2024_12-23-53_p0040_s271_b4,72,31
11-06-2024_14-00-13_p0035_s94_b2,17,34
13-12-2024_14-36-42_p0054_s82_b2,67,21
23-11-2024_10-01-39_p0053_s188_b3,33,38
23-11-2024_13-18-05_p0052,20,41
04-10-2024_15-07-01_p0050_s141_b2,11,37
18-01-2025_13-11-03_p0064,21,28
24-04-2024_15-34-15_p0027,52,58
27-11-2024_15-07-03_p0054_s211_b4,21,39
03-10-2024_15-01-09_p0050,0,10
25-01-2025_13-18-51_p0064_s132_b2,70,15
30-04-2024_13-49-50_p0024,44,59
08-06-2024_10-02-13_p0031_s267_b4,25,35
28-09-2024_14-16-25_p0016_s36_b1,10,3
18-01-2025_13-09-33_p0064_s194_b3,38,27
18-01-2025_10-29-41_p0057_s278_b4,27,23
27-05-2024_16-45-39_p0032_s37_b1,45,47
16-10-2024_16-01-30_p0049_s195_b3,37,7
20-03-2025_16-06-34_p0078,54,30
08-05-2024_16-13-37_p0033_s195_b3,103,45
26-08-2024_16-53-33_p0019_s199_b3,50,23
22-08-2024_16-31-25_p0042_s5_b1,59,16
18-01-2025_12-49-55_p0064_s174_b3,31,32
13-02-2025_18-44-20_p0070_s178_b3,66,31
07-03-2024_14-09-17_p0010,26,27
27-05-2024_16-49-49_p0032_s44_b1,39,61
06-02-2025_14-12-54_p0067,11,21
17-08-2024_10-11-54_p0043_s20_b1,70,3
13-03-2024_15-28-12_p0014,17,37
21-12-2024_09-18-36_p0061,47,11
12-12-2024_15-33-35_p0057_s92_b2,27,25
14-03-2025_17-14-48_p0077_s12_b1,56,29
22-02-2024_14-37-02_p0018,9,27
16-10-2024_16-33-57_p0049_s33_b1,24,2
10-12-2024_16-53-54_p0056_s8_b1,25,44
08-08-2024_15-05-54_p0042,50,31
19-03-2024_15-43-08_p0022,21,21
30-01-2025_16-06-56_p0068_s176_b3,27,24
05-02-2025_17-48-19_p0072_s241_b3,144,19
23-07-2024_16-22-41_p0039_s117_b2,40,29
12-03-2024_14-45-43_p0022_s71_b1,-3,16
10-02-2025_17-17-32_p0071_s204_b3,71,11
29-02-2024_14-01-45_p0010_s37_b1,7,49
25-03-2024_15-38-40_p0020_s231_b4,32,30
10-05-2024_09-39-08_p0030_s221_b4,23,23
28-11-2024_15-50-51_p0055_s121_b2,110,35
12-06-2024_10-06-20_p0036_s125_b2,30,13
28-08-2024_09-29-46_p0044_s98_b2,73,33
11-07-2024_15-16-25_p0041,31,36
17-06-2024_15-28-39_p0019_s145_b2,25,32
27-02-2025_14-16-38_p0073,8,10
08-05-2024_15-27-10_p0033,89,48
21-01-2025_15-21-04_p0065,106,23
28-08-2024_09-37-41_p0044_s110_b2,39,30
16-04-2024_11-02-38_p0025_s283_b4,23,35
15-02-2025_10-48-00_p0065_s107_b2,47,22
10-09-2024_17-12-58_p0045_s179_b3,42,26
22-08-2024_17-01-36_p0042_s70_b1,38,29
06-05-2024_15-36-45_p0032_s246_b4,52,61
14-03-2025_17-24-52_p0077_s43_b1,70,3
03-04-2024_15-50-27_p0023_s235_b4,17,39
17-09-2024_15-29-30_p0048_s209_b4,145,24
24-05-2024_18-55-22_p0031_s125_b2,35,37
12-03-2024_10-39-21_p0021_s255_b4,33,49
01-02-2025_10-19-33_p0069_s10_b1,36,20
12-03-2025_10-38-11_p0074_s281_b4,39,24
19-06-2024_11-30-21_p0036_s208_b3,37,37
19-02-2025_15-38-22_p0072_s211_b4,32,15
19-02-2025_16-34-40_p0072_s19_b1,51,21
14-03-2025_17-19-46_p0077_s26_b1,46,39
08-05-2024_09-59-11_p0030,39,42
30-01-2025_15-45-59_p0068_s161_b3,62,25
13-12-2024_14-55-08_p0054_s102_b2,30,39
31-01-2025_15-06-38_p0065,33,44
24-01-2024_17-30-13_p10,52,13
01-08-2024_16-57-14_p0042_s204_b3,18,0
19-06-2024_10-59-06_p0036_s173_b3,60,36
02-05-2024_15-53-02_p0026_s228_b4,12,28
12-12-2024_18-54-01_p0058_s87_b2,6,27
01-02-2025_09-46-35_p0069_s240_b4,43,26
01-02-2025_09-41-48_p0069_s226_b4,23,6
12-02-2025_17-10-07_p0072,30,17
21-08-2024_14-32-42_p0044,114,12
07-03-2024_14-11-48_p0010,26,25
13-05-2024_15-52-41_p0028,6,7
22-01-2025_17-29-58_p0066_s183_b3,27,14
18-01-2025_12-29-26_p0064,13,20
29-08-2024_15-32-08_p0045_s218_b4,27,28
20-02-2025_19-11-37_p0075_s181_b3,51,19
06-09-2024_15-28-15_p0047_s109_b2,41,24
23-05-2024_15-16-33_p0035_s197_b3,33,29
27-03-2025_14-30-29_p0080,45,62
25-03-2024_16-42-04_p0020,11,6
24-03-2025_17-02-53_p0076_s238_b4,37,23
01-08-2024_16-34-41_p0042,35,17
08-05-2024_09-46-57_p0030_s123_b2,17,25
25-03-2024_15-56-32_p0020_s271_b4,36,27
28-09-2024_14-15-21_p0016_s33_b1,5,5
27-02-2025_14-26-18_p0073_s187_b3,25,14
12-02-2025_16-35-37_p0072_s101_b2,29,18
07-01-2025_15-02-34_p0062_s246_b4,39,36
10-05-2024_09-16-03_p0030_s244_b3,35,33
06-11-2024_16-43-09_p0051_sP07_b2,37,57
15-05-2024_16-55-18_p0032_s157_b2,23,38
13-02-2025_19-44-49_p0070_s65_b1,92,21
29-04-2024_15-59-58_p0024_s197_b3,36,56
05-10-2024_09-19-43_p0050_s212_b4,33,11
19-07-2024_13-51-14_p0040_s86_b2,32,23
07-05-2024_15-03-08_p0027_s32_b1,18,11
11-03-2025_19-00-58_p0075_s61_b1,53,20
13-11-2024_16-57-20_p0051_s46_b1,42,25
23-04-2024_11-45-38_p0024_s269_b4,8,51
25-03-2024_16-07-33_p0020_s86_b2,10,8
23-11-2024_13-37-08_p0052,17,49
07-12-2024_11-09-45_p0053_s40_b1,17,29
03-05-2024_14-24-42_p0027,21,26
08-01-2025_15-11-15_p0063_s175_b3,59,88
28-06-2024_15-23-08_p0035_s245_b4,80,10
10-01-2025_14-38-09_p0062_s101_b2,29,44
17-08-2024_10-54-02_p0043_s224_b4,55,64
08-06-2024_09-25-52_p0031_s219_b4,29,42
25-01-2025_13-34-57_p0064,25,15
15-02-2025_12-16-59_p0070_s140_b2,49,37
19-02-2025_16-50-57_p0072_s53_b1,144,19
30-04-2024_13-33-21_p0024_s135_b2,28,60
13-12-2024_16-32-35_p0054_s66_b1,82,26
01-02-2025_12-01-12_p0070_s225_b4,53,24
10-05-2024_18-39-17_p0025_s132_b2,18,9
26-08-2024_15-24-12_p0019_s25_b1,44,36
20-12-2024_15-15-45_p0061_s155_b2,-3,34
30-01-2024_14-12-36_p12,22,50
15-02-2025_11-02-24_p0065_s126_b2,60,6
13-12-2024_15-54-53_p0054,37,35
28-02-2024_16-33-11_p0011_s118_b2,34,31
24-07-2024_15-29-18_p0041_s279_b4,43,33
05-09-2024_15-14-39_p0047_s37_b1,38,-4
10-08-2024_10-57-03_p0043_s128_b2,84,35
19-02-2025_16-32-35_p0072_s14_b1,62,19
28-03-2025_15-54-23_p0081,29,37
28-08-2024_16-36-46_p0038_s33_b1,66,2
25-03-2024_16-41-01_p0020,5,11
21-02-2024_11-39-46_p0013_s33_b1,48,30
04-02-2025_16-49-38_p0066_s126_b2,52,24
12-03-2025_11-12-29_p0074_sP03_b1,75,16
07-03-2024_13-51-30_p0010_s110_b2,18,35
09-05-2024_15-19-48_p0033_s157_b2,43,27
18-04-2024_15-35-04_p0026_s121_b2,17,33
07-01-2025_14-58-36_p0062_s235_b4,30,39
30-08-2024_15-32-43_p0046_s104_b2,7,29
30-10-2024_14-55-52_p0052_s172_b3,44,8
12-03-2024_10-18-26_p0021_s219_b4,-35,57
31-01-2024_14-53-26_p13,23,21
03-08-2024_11-19-42_p0043_s197_b3,33,14
03-04-2025_14-09-20_p0080_s157_b2,25,13
20-05-2024_15-31-02_p0023_s105_b2,12,12
08-10-2024_16-26-14_p0049_s151_b2,8,-2
10-02-2025_17-10-11_p0071,32,16
08-11-2024_16-14-24_p0053_s139_b2,20,45
12-07-2024_15-14-10_p0040_s193_b3,28,18
19-06-2024_10-16-17_p0036_s57_b1,19,28
08-11-2024_16-09-14_p0053_s133_b2,44,65
26-08-2024_15-18-38_p0019_s11_b1,49,31
19-06-2024_11-26-23_p0036_s203_b3,35,43
08-07-2024_12-28-39_p0040_s278_b4,26,5
08-08-2024_14-44-09_p0042_s96_b2,23,46
21-02-2025_18-11-35_p0068_s43_b1,21,23
08-05-2024_09-30-18_p0030_s87_b2,30,23
06-02-2025_18-27-03_p0069,48,26
06-02-2025_13-45-20_p0067_s114_b2,24,23
24-01-2025_15-34-07_p0060_s15_b1,29,26
29-04-2024_11-40-26_p0029,15,15
28-06-2024_14-11-37_p0035_s15_b1,1,12
21-02-2025_17-25-55_p0068_s254_b4,27,9
03-08-2024_10-21-45_p0043_s162_b3,88,31
16-05-2024_14-24-10_p0034,44,36
12-03-2024_10-16-10_p0021_s211_b4,-30,50
20-12-2024_14-52-17_p0061_s128_b2,93,42
24-03-2025_16-43-30_p0076_s209_b4,45,24
17-02-2025_17-11-40_p0071_s31_b1,78,24
15-02-2025_12-27-01_p0070,67,5
05-09-2024_15-24-55_p0047_s56_b1,52,9
16-05-2024_15-05-44_p0034,66,50
31-01-2025_15-40-16_p0065,74,38
22-01-2025_17-15-25_p0066,37,27
13-02-2025_19-42-23_p0070_s60_b1,32,20
05-09-2024_16-32-17_p0047_s274_b4,48,37
28-09-2024_14-35-18_p0016_s69_b1,13,13
27-03-2024_16-22-52_p0015_s61_b1,24,33
30-01-2025_15-47-50_p0068,27,26
12-03-2025_10-35-17_p0074_s273_b4,50,21
07-03-2024_13-58-49_p0010_s123_b2,42,37
25-02-2025_18-46-35_p0075_s110_b2,36,21
30-09-2024_15-29-25_p0049_s218_b4,18,14
01-02-2025_10-49-23_p0069_s71_b1,31,23
11-02-2025_16-57-34_p0066_s227_b4,32,23
12-02-2025_17-06-16_p0072_s143_b2,139,9
18-03-2024_11-33-55_p0013,15,23
03-02-2025_17-24-53_p0071,17,10
26-02-2024_15-51-45_p0019_s240_b4,10,40
08-04-2024_16-12-40_p0021,17,45
12-03-2025_10-26-33_p0074_s256_b4,43,44
18-04-2024_15-33-02_p0026,23,31
01-02-2025_10-24-25_p0069_s22_b1,25,16
19-03-2024_15-11-54_p0022_s112_b2,18,39
05-10-2024_09-17-19_p0050_s209_b4,31,18
20-05-2024_12-03-55_p0034_s216_b4,57,41
03-08-2024_11-12-35_p0043_s191_b3,41,15
26-02-2025_10-01-41_p0074_s114_b2,25,24
24-01-2025_14-48-00_p0060_s224_b4,18,45
08-08-2024_15-17-51_p0042_s150_b2,24,31
08-06-2024_09-48-09_p0031_s250_b4,31,47
16-10-2024_16-25-06_p0049_s9_b1,18,1
08-05-2024_09-38-24_p0030,13,36
12-03-2024_10-39-53_p0021_s256_b4,32,58
12-03-2025_10-25-21_p0074_s254_b4,37,39
10-09-2024_16-36-54_p0045_s158_b3,62,25
17-09-2024_15-39-46_p0048_s222_b4,40,26
19-02-2025_10-11-11_p0074_s161_b3,76,29
31-03-2025_18-46-41_p0079_s274_b4,67,43
11-02-2025_18-08-20_p0066_s31_b1,50,31
28-08-2024_15-07-35_p0038_s97_b2,69,13
09-05-2024_14-49-42_p0033_s129_b2,43,38
10-12-2024_16-54-58_p0056_s10_b1,10,45
14-12-2024_10-38-26_p0059_s86_b2,79,13
16-07-2024_16-34-47_p0039_s237_b4,14,3
17-06-2024_14-54-27_p0019_s92_b2,31,20
21-12-2024_09-38-01_p0061_s250_b4,18,14
27-03-2025_14-22-56_p0080_s193_b3,36,52
10-05-2024_09-46-19_p0030_s233_b4,36,19
02-05-2024_15-11-51_p0026,15,19
07-02-2025_16-22-39_p0046_s168_b3,29,29
17-08-2024_10-45-22_p0043_s211_b4,38,30
28-08-2024_09-26-46_p0044_s92_b2,29,29
01-02-2025_13-48-56_p0064_s274_b4,39,23
16-09-2024_15-52-19_p0045_s137_b2,29,13
21-12-2024_09-31-06_p0061_s231_b4,53,17
01-02-2025_14-29-52_p0064_s60_b1,93,17
22-02-2024_11-53-11_p0017,47,25
13-03-2024_15-36-02_p0014_s157_b2,28,24
17-09-2024_14-38-33_p0048_s21_b1,21,30
07-01-2025_13-58-35_p0062_s33_b1,137,39
14-02-2025_18-20-56_p0073,28,13
02-05-2024_15-46-06_p0026_s212_b4,3,14
18-04-2024_15-23-51_p0026_s90_b2,9,19
11-03-2025_15-16-27_p0073,23,32
14-01-2025_15-53-25_p0060_s145_b2,25,45
19-03-2024_15-54-27_p0022_s156_b2,34,37
28-02-2024_16-38-33_p0011_s124_b2,63,31
06-05-2024_15-16-42_p0032_s215_b4,52,49
18-01-2025_12-47-46_p0064_s171_b3,112,25
05-10-2024_11-11-35_p0050_s9_b1,28,18
06-11-2024_17-01-55_p0051,21,17
13-02-2025_19-24-55_p0070_s21_b1,23,27
02-05-2024_15-55-20_p0026_s233_b4,12,19
22-02-2024_11-08-26_p0017_s191_b3,-11,32
16-09-2024_16-51-14_p0045_s39_b1,47,21
23-11-2024_10-08-03_p0053,32,24
05-12-2024_16-14-39_p0055_s62_b1,61,47
27-03-2025_14-16-27_p0080_sP12_b3,34,49
17-07-2024_14-09-46_p0041_s82_b2,83,35
06-02-2025_13-39-18_p0067_s104_b2,15,24
25-03-2024_15-36-00_p0020_s226_b4,20,41
10-05-2024_15-27-39_p0033_s234_b4,45,22
28-09-2024_13-45-45_p0016_s279_b4,35,9
30-01-2024_14-43-23_p12,42,29
24-07-2024_15-21-29_p0041_s263_b4,49,28
13-02-2025_19-37-48_p0070_s51_b1,123,34
16-05-2024_15-13-03_p0034,53,44
05-09-2024_16-21-19_p0047,36,31
05-09-2024_15-59-36_p0047_s231_b4,28,33
10-05-2024_18-05-18_p0025_s86_b2,29,21
01-02-2025_13-47-30_p0064,53,17
08-11-2024_16-16-02_p0053_s142_b2,27,50
19-02-2025_16-13-26_p0072_s271_b4,79,8
24-07-2024_14-55-50_p0041_s216_b4,21,28
19-03-2024_15-24-55_p0022_s131_b2,88,26
20-03-2025_14-35-54_p0076_s106_b2,52,35
19-02-2025_10-17-10_p0074_s165_b3,7,41
22-02-2024_15-30-41_p0014,16,30
30-10-2024_14-56-48_p0052,57,12
11-07-2024_15-47-38_p0041_s207_b3,38,43
30-04-2024_13-02-34_p0024_s86_b2,39,38
03-08-2024_10-35-18_p0043,16,15
16-05-2024_15-12-11_p0034,54,49
06-02-2025_15-25-17_p0068,17,14
28-08-2024_16-21-48_p0038_s5_b1,69,12
24-01-2025_15-30-17_p0060_s7_b1,31,51
30-01-2025_16-35-44_p0068_s244_b3,28,21
17-06-2024_15-31-36_p0019,18,23
17-08-2024_10-34-36_p0043_s65_b1,83,19
08-04-2024_17-02-10_p0021_s76_b1,13,40
10-01-2025_15-36-48_p0063_s221_b4,66,35
20-12-2024_15-13-00_p0061,8,21
13-09-2024_16-40-53_p0046_s47_b1,31,7
12-12-2024_19-16-49_p0058_s118_b2,50,24
29-04-2024_15-24-34_p0024,44,43
20-12-2024_15-06-11_p0061,5,25
23-11-2024_13-10-50_p0052_s100_b2,41,32
26-10-2024_12-33-33_p0051_s202_b3,45,-1
26-04-2024_14-53-03_p0028_s43_b1,21,30
17-02-2025_17-43-55_p0071_s78_b1,79,29
08-06-2024_10-00-30_p0031,31,38
25-02-2025_19-17-51_p0075_s134_b2,85,30
19-03-2024_15-23-21_p0022_s128_b2,117,39
12-07-2024_15-17-31_p0040,24,-3
19-02-2025_16-13-09_p0072_s270_b4,30,14
19-11-2024_16-54-21_p0054,31,31
17-06-2024_15-11-01_p0019,20,23
21-02-2024_11-43-01_p0013_s39_b1,51,43
08-11-2024_14-42-26_p0052_s34_b1,40,73
04-09-2024_14-20-59_p0044_s210_b4,42,21
10-05-2024_16-46-00_p0033_s59_b1,17,6
28-06-2024_14-18-33_p0035_s33_b1,34,44
11-03-2024_15-52-41_p0020_s187_b3,192,53
04-07-2024_15-22-32_p0039_s178_b3,51,29
28-11-2024_16-18-11_p0055,30,57
05-09-2024_16-24-11_p0047_s263_b4,33,22
14-01-2025_16-00-17_p0060,30,49
19-07-2024_14-40-18_p0040_s157_b2,67,10
06-08-2024_16-40-35_p0039_s62_b1,46,10
27-05-2024_15-29-56_p0032,24,32
09-05-2024_15-06-32_p0033,47,22
27-03-2024_16-15-46_p0015_s41_b1,36,26
21-11-2024_15-51-22_p0055,63,48
22-02-2024_14-32-18_p0018,2,14
07-01-2025_13-47-21_p0062_s13_b1,98,64
10-05-2024_15-34-51_p0033_s252_b4,42,44
22-02-2024_16-07-06_p0014_s242_b3,65,19
07-12-2024_11-32-39_p0053_s81_b1,26,25
20-05-2024_15-20-57_p0023_s98_b2,14,13
28-09-2024_13-32-37_p0016_s258_b4,10,8
16-10-2024_16-30-32_p0049_s23_b1,25,5
13-11-2024_18-01-19_p0051_s280_b4,24,20
10-01-2025_15-45-02_p0063_s233_b4,38,39
01-02-2025_09-35-43_p0069_s221_b4,37,29
07-05-2024_14-14-33_p0027_s222_b4,38,39
26-02-2024_15-52-39_p0019,26,30
18-12-2024_09-11-23_p0061,111,56
13-03-2024_15-28-28_p0014,20,31
09-05-2024_14-38-24_p0033,44,28
04-07-2024_15-02-00_p0039_s161_b3,77,56
15-02-2025_09-46-34_p0065_s6_b1,50,17
07-03-2024_13-43-36_p0010,36,40
13-11-2024_18-00-57_p0051_s279_b4,40,15
05-03-2024_10-27-51_p0014_s21_b1,59,32
14-03-2025_16-47-44_p0077_s268_b4,23,30
24-05-2024_18-43-55_p0031_s114_b2,43,25
19-02-2025_16-44-48_p0072_s40_b1,65,18
10-12-2024_15-21-30_p0056_s217_b4,32,38
23-11-2024_10-06-54_p0053_s193_b3,20,31
21-02-2025_18-19-52_p0068_s59_b1,31,20
28-08-2024_09-45-51_p0044_s119_b2,79,40
18-01-2025_10-31-23_p0057_s280_b4,-7,17
08-07-2024_11-50-37_p0040_s217_b4,40,17
28-08-2024_15-33-55_p0038_s137_b2,50,7
19-03-2024_15-22-26_p0022_s126_b2,92,26
03-04-2024_15-38-49_p0023,39,31
19-02-2025_16-59-51_p0072_s69_b1,76,14
19-07-2024_15-31-50_p0040_s38_b1,129,30
03-10-2024_16-04-48_p0050,26,12
17-07-2024_14-32-59_p0041_s127_b2,72,20
30-08-2024_15-53-57_p0046,6,22
27-05-2024_15-44-00_p0032_s184_b3,21,31
11-06-2024_14-11-52_p0035_s112_b2,14,38
26-02-2025_10-35-45_p0074,24,20
25-03-2024_16-43-18_p0020,49,2
22-08-2024_16-00-01_p0042,46,1
28-09-2024_13-22-41_p0016_s233_b4,20,6
22-03-2025_12-09-47_p0079,15,16
20-05-2024_11-29-21_p0034_s22_b1,44,27
21-11-2024_15-05-43_p0055,64,28
18-03-2024_15-45-29_p0020_s75_b1,4,21
04-09-2024_14-41-10_p0044_s248_b4,25,28
15-02-2025_12-06-19_p0070_s122_b2,81,9
20-03-2025_16-12-07_p0078_s130_b2,98,49
22-08-2024_16-34-10_p0042_s10_b1,29,28
06-11-2024_16-51-22_p0051_s133_b2,35,19
12-06-2024_10-18-51_p0036,20,14
21-11-2024_15-40-23_p0055_s187_b3,53,35
18-06-2024_15-19-27_p0028_s126_b2,33,43
03-10-2024_15-29-53_p0050,20,10
25-01-2025_13-22-42_p0064_s141_b2,50,18
10-09-2024_13-59-58_p0048,36,12
30-01-2025_16-18-35_p0068_s192_b3,25,17
05-06-2024_15-05-17_p0037_s216_b4,24,47
02-05-2024_16-00-56_p0026_s250_b4,14,17
16-07-2024_16-38-58_p0039_s249_b4,35,8
20-03-2025_15-02-27_p0076,15,19
23-05-2024_15-04-38_p0035_s179_b3,74,127
27-02-2025_14-24-01_p0073_s180_b3,24,20
08-06-2024_10-51-47_p0031_s79_b1,38,34
23-11-2024_13-39-00_p0052,11,34
16-09-2024_15-15-33_p0045_s90_b2,23,13
31-08-2024_13-14-58_p0047_s183_b3,40,46
11-02-2025_16-57-53_p0066_s228_b4,6,26
28-09-2024_14-30-49_p0016_s61_b1,-1,1
13-02-2025_15-14-17_p0067_s56_b1,33,30
08-01-2025_15-08-21_p0063_s172_b3,71,31
03-09-2024_14-59-40_p0048_sP12_b3,29,-2
16-04-2024_15-42-44_p0016_s184_b3,3,22
10-01-2025_16-10-55_p0063_s274_b4,43,27
25-02-2025_19-25-04_p0075_s143_b2,46,22
04-02-2025_16-35-41_p0066,42,26
22-03-2025_11-51-48_p0079,60,32
18-04-2024_15-41-05_p0026_s139_b2,21,26
03-05-2024_18-46-37_p0031_s179_b3,16,26
14-02-2025_18-15-04_p0073_s146_b2,10,21
20-12-2024_15-12-25_p0061,7,37
24-01-2025_15-52-48_p0060_s57_b1,10,42
13-05-2024_16-01-48_p0028_s177_b3,26,12
08-08-2024_14-42-03_p0042_s90_b2,21,27
05-12-2024_16-07-41_p0055_s50_b1,41,15
10-05-2024_09-37-32_p0030_s217_b4,33,26
08-04-2024_16-54-45_p0021_s62_b1,42,45
07-01-2025_15-15-30_p0062,54,22
03-02-2025_17-04-53_p0071_s124_b2,62,17
17-02-2025_17-16-42_p0071_s44_b1,82,29
19-07-2024_14-21-57_p0040_s140_b2,95,20
17-09-2024_14-56-25_p0048_s55_b1,29,10
19-06-2024_09-55-11_p0036_s14_b1,60,38
16-05-2024_14-42-45_p0034_s118_b2,18,43
20-03-2025_15-01-35_p0076,19,21
08-07-2024_12-00-27_p0040_s227_b4,29,21
28-02-2024_16-25-58_p0011_s111_b2,19,34
26-08-2024_15-50-05_p0019_s78_b1,55,33
14-12-2024_10-54-59_p0059,67,2
08-01-2025_14-47-41_p0063_s166_b3,68,46
12-03-2025_10-29-34_p0074_s261_b4,39,49
02-04-2024_15-03-11_p0021_s160_b3,22,15
13-02-2025_14-47-27_p0067_s16_b1,50,27
20-05-2024_15-54-17_p0023_s142_b2,13,7
30-01-2025_16-23-36_p0068_s197_b3,27,13
04-02-2025_17-00-13_p0066_s147_b2,102,30
20-05-2024_11-54-23_p0034_s72_b1,43,30
18-03-2024_15-46-56_p0020_s81_b1,32,40
20-05-2024_15-47-11_p0023_s128_b2,33,9
11-03-2024_16-05-07_p0020_s196_b3,27,54
28-06-2024_14-12-00_p0035_s16_b1,17,46
21-08-2024_14-55-41_p0044_s193_b3,34,12
18-01-2025_12-44-49_p0064,43,44
08-06-2024_09-49-12_p0031_s251_b4,14,44
26-02-2025_09-27-29_p0074_s87_b2,92,14
19-02-2025_16-41-24_p0072_s32_b1,98,17
26-04-2024_15-12-11_p0028_s77_b1,29,24
28-08-2024_15-10-58_p0038_s104_b2,33,28
16-09-2024_16-56-35_p0045_s46_b1,29,20
15-02-2025_10-38-26_p0065_s93_b2,44,13
23-11-2024_13-21-25_p0052_s118_b2,14,46
20-03-2025_15-06-15_p0076_s152_b2,18,16
31-08-2024_13-02-39_p0047_s175_b3,86,43
26-02-2024_16-00-11_p0019_s254_b4,19,31
25-03-2025_18-42-23_p0079,35,16
23-05-2024_15-21-29_p0035_s206_b3,36,40
05-06-2024_15-38-28_p0037_s275_b4,18,2
23-05-2024_14-44-56_p0035,84,47
28-11-2024_15-53-12_p0055_s124_b2,70,55
17-02-2025_18-27-21_p0071_s263_b4,53,16
12-06-2024_16-59-33_p0038_s198_b3,34,30
27-03-2024_15-27-55_p0015_s132_b2,25,15
30-01-2024_15-01-52_p12,67,43
31-01-2025_14-51-08_p0065,32,44
28-01-2025_13-34-22_p0067_s176_b3,16,23
06-05-2024_15-14-40_p0032_s210_b4,76,42
10-12-2024_16-59-06_p0056_s18_b1,35,37
23-07-2024_16-27-28_p0039_s125_b2,34,29
03-08-2024_11-16-12_p0043,39,16
28-01-2025_13-40-41_p0067_s180_b3,37,25
31-03-2025_18-41-26_p0079_s262_b4,19,43
06-05-2024_15-15-03_p0032_s211_b4,53,45
03-09-2024_15-49-11_p0048_s243_b3,83,16
19-02-2025_10-43-41_p0074_s175_b3,61,37
18-06-2024_15-04-46_p0028_s107_b2,34,70
03-12-2024_15-10-44_p0056,33,50
28-01-2025_13-09-13_p0067,64,58
10-02-2025_16-42-15_p0071,105,12
22-03-2025_11-53-22_p0079_s118_b2,68,29
11-03-2025_18-11-21_p0075_s251_b4,54,28
21-02-2025_17-19-32_p0068_s239_b4,19,22
13-12-2024_16-28-01_p0054_s55_b1,65,12
03-04-2025_14-00-38_p0080,15,14
28-09-2024_13-03-46_p0016_s211_b4,23,11
10-01-2025_15-48-46_p0063,89,35
23-07-2024_16-15-39_p0039_s108_b2,53,17
03-05-2024_18-25-54_p0031_s160_b3,25,29
08-10-2024_15-51-03_p0049_s104_b2,13,3
18-12-2024_16-46-09_p0057,41,29
03-04-2024_15-49-45_p0023_s233_b4,16,48
10-05-2024_16-08-31_p0033_s274_b4,41,31
22-02-2024_13-50-54_p0018_s77_b1,14,35
10-05-2024_18-25-57_p0025_s114_b2,9,3
30-10-2024_15-12-18_p0052_s191_b3,35,34
13-09-2024_16-45-44_p0046_s59_b1,8,9
08-08-2024_14-57-53_p0042,32,36
13-11-2024_17-06-00_p0051_s59_b1,63,15
27-05-2024_17-01-00_p0032_s71_b1,37,46
03-04-2025_13-36-04_p0080_s88_b2,4,18
26-03-2024_16-30-17_p0022,56,29
10-01-2025_15-33-45_p0063_s216_b4,41,38
06-11-2024_17-01-38_p0051,15,12
28-06-2024_14-16-05_p0035_s27_b1,20,55
10-05-2024_09-48-05_p0030_s238_b4,33,25
16-10-2024_16-02-30_p0049,20,4
02-05-2024_15-23-38_p0026_s207_b3,7,22
10-01-2025_15-26-02_p0063,78,33
15-02-2025_12-21-59_p0070,24,11
08-04-2024_15-51-43_p0021_s127_b2,15,29
27-03-2025_14-32-32_p0080_s243_b3,81,51
25-03-2024_16-39-22_p0020,7,11
11-02-2025_17-21-53_p0066_s268_b4,59,26
12-06-2024_16-37-22_p0038,40,28
13-09-2024_16-53-47_p0046_s75_b1,11,7
24-01-2025_15-54-37_p0060_s62_b1,42,42
03-02-2025_17-23-44_p0071,23,11
17-02-2025_17-58-05_p0071,28,24
21-02-2024_12-06-48_p0013_s80_b1,23,31
14-08-2024_16-03-10_p0038_s240_b4,39,7
27-03-2024_15-36-08_p0015,16,5
16-07-2024_16-18-08_p0039_s213_b4,0,5
08-06-2024_09-37-56_p0031_s230_b4,42,37
03-05-2024_14-15-36_p0027_s126_b2,18,25
29-04-2024_11-26-11_p0029_s86_b2,29,28
15-02-2025_12-05-07_p0070_s120_b2,92,2
20-05-2024_11-48-43_p0034_s61_b1,46,33
23-07-2024_16-39-37_p0039_s145_b2,35,18
16-04-2024_16-07-38_p0016,31,13
19-11-2024_16-17-43_p0054_s189_b3,19,33
21-08-2024_14-47-44_p0044_s184_b3,112,-6
04-09-2024_16-27-34_p0044_s76_b1,53,-5
17-02-2025_17-42-56_p0071_s75_b1,74,28
18-04-2024_15-47-10_p0026,20,20
22-08-2024_15-37-43_p0042_s227_b4,13,19
10-08-2024_11-10-36_p0043,38,26
11-02-2025_18-09-05_p0066_s33_b1,45,26
06-02-2025_15-24-05_p0068,10,17
20-02-2025_19-46-44_p0075_sP20_b3,51,27
26-10-2024_12-32-19_p0051_s198_b3,16,6
17-06-2024_15-21-19_p0019_s133_b2,34,33
21-02-2024_11-41-55_p0013_s37_b1,32,24
29-04-2024_15-16-08_p0024_s158_b3,48,62
10-05-2024_08-54-30_p0030_s189_b3,47,63
24-07-2024_15-03-10_p0041_s223_b4,22,24
10-01-2025_14-43-14_p0062_s107_b2,93,46
07-05-2024_15-06-54_p0027_s43_b1,20,8
30-01-2025_15-51-02_p0068_s168_b3,10,26
21-12-2024_10-25-22_p0061_s55_b1,77,24
12-12-2024_19-44-37_p0058_s150_b2,47,31
17-12-2024_17-14-39_p0060,58,9
27-02-2025_14-29-41_p0073,42,22
01-08-2024_16-28-19_p0042,7,9
03-04-2024_15-50-48_p0023_s236_b4,-89,174
11-06-2024_14-04-32_p0035_s100_b2,-1,29
19-07-2024_13-54-22_p0040_s93_b2,36,18
18-01-2025_12-37-24_p0064_s164_b3,37,30
29-04-2024_11-25-37_p0029_s84_b2,34,19
30-09-2024_15-21-31_p0049_s209_b4,120,14
15-05-2024_16-05-30_p0032_s132_b2,40,38
31-03-2025_18-22-43_p0079_s220_b4,32,42
10-05-2024_09-42-36_p0030_s224_b4,37,23
05-10-2024_09-54-30_p0050_s258_b4,33,15
31-03-2025_18-45-54_p0079_s272_b4,27,38
13-05-2024_16-00-54_p0028_s175_b3,61,12
20-03-2025_14-36-22_p0076_s108_b2,25,39
04-02-2025_16-39-30_p0066_s113_b2,36,29
20-02-2024_16-37-42_p0015_s232_b4,9,9
19-02-2025_17-02-15_p0072_s73_b1,109,8
18-01-2025_10-27-38_p0057_s274_b4,24,51
28-09-2024_14-39-09_p0016_s81_b1,10,23
10-01-2025_16-07-34_p0063_s268_b4,59,14
23-11-2024_09-30-10_p0053_s161_b3,21,23
10-05-2024_16-35-01_p0033_s30_b1,19,15
27-03-2024_16-06-43_p0015_s20_b1,20,19
24-01-2024_17-09-17_p10,26,43
12-12-2024_15-58-38_p0057_s119_b2,73,24
12-06-2024_16-23-25_p0038,39,31
05-06-2024_10-18-14_p0036_s255_b4,38,12
08-01-2025_15-12-29_p0063_s178_b3,38,26
28-09-2024_14-37-42_p0016_s76_b1,11,3
03-09-2024_14-21-56_p0048_s161_b3,29,23
22-01-2025_17-18-00_p0066,19,15
06-11-2024_17-07-40_p0051_s152_b2,18,19
08-05-2024_16-16-04_p0033_s198_b3,55,53
26-04-2024_14-56-21_p0028_s48_b1,123,21
13-02-2025_18-44-41_p0070,67,24
06-11-2024_16-37-58_p0051_s111_b2,41,24
29-08-2024_15-37-55_p0045,67,46
28-09-2024_14-06-06_p0016_s10_b1,22,2
10-12-2024_15-50-38_p0056_s249_b4,40,39
08-04-2024_15-46-56_p0021_s117_b2,22,43
22-02-2024_13-36-28_p0018_s44_b1,43,51
08-06-2024_10-28-30_p0031_s28_b1,37,53
13-11-2024_16-41-27_p0051_s6_b1,59,21
15-02-2025_11-56-32_p0070_s105_b2,30,8
22-08-2024_17-04-02_p0042_s78_b1,54,45
09-05-2024_15-15-47_p0033_s149_b2,44,42
23-04-2024_11-49-20_p0024_s278_b4,14,22
11-03-2025_18-39-16_p0075_s4_b1,35,26
10-08-2024_11-08-53_p0043,24,20
12-12-2024_16-26-31_p0057,61,18
27-05-2024_16-06-56_p0032_s208_b3,18,19
27-03-2025_14-01-34_p0080_s161_b3,85,31
06-02-2025_13-36-38_p0067_s98_b2,41,21
13-11-2024_17-55-49_p0051_s267_b4,19,19
30-08-2024_15-59-48_p0046_s123_b2,34,14
05-12-2024_16-48-41_p0055_s211_b4,13,42
21-12-2024_10-35-44_p0061_sP03_b1,86,33
29-04-2024_16-42-18_p0024_s28_b1,28,44
13-11-2024_17-17-33_p0051_s78_b1,55,25
24-05-2024_19-05-40_p0031,49,31
08-11-2024_15-03-53_p0052_s63_b1,56,66
10-09-2024_14-30-35_p0048,38,1
02-05-2024_15-01-46_p0026_s178_b3,18,16
20-12-2024_14-54-12_p0061_s132_b2,71,40
19-11-2024_15-29-30_p0054_s159_b3,51,23
03-04-2024_15-33-01_p0023_s213_b4,41,56
29-04-2024_11-41-10_p0029,19,29
07-01-2025_16-27-43_p0063_s151_b2,-12,35
01-02-2025_10-06-18_p0069_s274_b4,41,20
17-02-2025_17-05-00_p0071_s16_b1,100,26
22-02-2024_14-12-52_p0018_s116_b2,2,-1
18-01-2025_10-15-15_p0057,24,19
03-04-2024_16-14-40_p0023_s282_b4,46,37
23-07-2024_16-06-30_p0039_s90_b2,29,19
18-01-2025_09-36-33_p0057,51,28
07-02-2025_16-28-41_p0046,9,19
24-03-2025_17-38-16_p0076_s35_b1,44,10
03-05-2024_08-26-24_p0030_sP01_b1,35,37
01-02-2025_13-46-20_p0064_s269_b4,117,13
31-01-2024_15-00-38_p13,34,17
28-09-2024_14-14-10_p0016_s29_b1,10,4
28-08-2024_10-06-13_p0044,24,22
08-08-2024_14-33-06_p0042,24,26
06-09-2024_16-05-47_p0047,1,9
11-02-2025_19-17-27_p0069,14,16
12-06-2024_16-30-29_p0038_s173_b3,20,29
06-02-2025_13-56-01_p0067_s132_b2,40,17
24-01-2025_15-40-47_p0060_s30_b1,69,41
22-02-2024_11-16-46_p0017,41,56
08-08-2024_14-31-09_p0042,9,20
19-11-2024_15-51-48_p0054,21,15
12-07-2024_15-18-15_p0040_s198_b3,20,9
01-02-2025_10-06-41_p0069_s275_b4,19,17
24-05-2024_18-43-32_p0031_s113_b2,38,43
08-01-2025_16-08-42_p0063_s1_b1,47,39
20-05-2024_11-55-17_p0034_s73_b1,38,42
04-07-2024_15-18-21_p0039_s173_b3,50,54
21-08-2024_14-59-57_p0044_s197_b3,53,8
10-08-2024_10-39-08_p0043_s95_b2,84,31
14-03-2025_16-56-14_p0077_s280_b4,78,21
11-06-2024_14-26-01_p0035_s132_b2,44,47
25-01-2025_12-54-42_p0064,35,32
24-03-2025_17-30-07_p0076_s7_b1,32,19
24-07-2024_14-28-51_p0041_s54_b1,28,22
15-02-2025_10-23-13_p0065_s73_b1,92,18
07-01-2025_15-35-02_p0063_s83_b2,55,42
19-02-2025_15-57-48_p0072_s247_b4,57,15
20-05-2024_12-20-48_p0034_s252_b4,43,40
17-02-2025_17-43-15_p0071_s76_b1,62,23
19-02-2025_15-37-14_p0072,32,16
12-06-2024_10-32-31_p0036_s152_b2,19,8
07-02-2025_16-40-43_p0046_s184_b3,107,18
17-06-2024_15-08-42_p0019_s115_b2,27,32
06-02-2025_19-03-25_p0069_s242_b3,73,24
12-12-2024_18-54-49_p0058,47,25
18-03-2024_15-18-03_p0020_s17_b1,15,37
13-12-2024_15-57-05_p0054,68,38
19-06-2024_16-25-19_p0023_s19_b1,58,32
16-09-2024_14-58-00_p0045,41,20
03-04-2025_13-59-47_p0080,9,17
21-12-2024_10-36-41_p0061_s74_b1,56,23
07-12-2024_10-16-34_p0053_s229_b4,28,36
10-08-2024_10-45-56_p0043_s110_b2,25,26
24-01-2025_15-52-24_p0060_s56_b1,21,46
06-08-2024_16-24-22_p0039_s29_b1,108,23
21-01-2025_15-30-27_p0065_s276_b4,44,30
26-04-2024_15-02-36_p0028_s62_b1,47,39
08-11-2024_14-27-14_p0052_s8_b1,47,73
29-04-2024_16-57-01_p0024_s61_b1,27,36
20-03-2025_15-53-43_p0078_s90_b2,80,50
30-08-2024_15-28-26_p0046_s96_b2,34,24
19-11-2024_16-20-02_p0054_s191_b3,85,25
14-01-2025_15-06-34_p0060_s83_b2,70,43
02-05-2024_15-23-00_p0026_s206_b3,11,16
17-02-2025_18-00-52_p0071_s216_b4,33,23
03-04-2024_16-07-53_p0023_s269_b4,12,35
23-11-2024_13-44-15_p0052_s154_b2,14,40
04-02-2025_17-08-03_p0066,32,26
21-11-2024_15-28-56_p0055_s174_b3,35,40
20-05-2024_16-03-44_p0023,16,10
28-11-2024_15-44-16_p0055,27,40
01-02-2025_10-17-07_p0069_s4_b1,37,16
26-02-2025_10-38-09_p0074,16,19
14-08-2024_16-17-15_p0038_s262_b4,33,10
11-03-2025_18-51-09_p0075_s42_b1,17,17
25-02-2025_19-35-23_p0075,38,16
05-10-2024_11-40-56_p0050_s80_b1,15,11
14-03-2025_16-18-46_p0077_s217_b4,20,15
18-06-2024_15-14-20_p0028_s120_b2,25,51
13-02-2025_18-55-16_p0070_sP14_b3,70,29
23-04-2024_15-34-25_p0026_s76_b1,34,48
31-01-2024_15-13-21_p13,21,7
13-11-2024_17-02-23_p0051_s52_b1,121,26
22-02-2024_14-17-04_p0018_s118_b2,-2,15
26-10-2024_12-19-34_p0051_s186_b3,22,14
11-03-2024_15-40-52_p0020,35,73
28-11-2024_15-25-09_p0055,50,35
22-02-2024_15-29-39_p0014,28,19
02-04-2024_15-40-04_p0021,44,25
18-01-2025_13-17-32_p0064_s203_b3,35,23
10-08-2024_10-39-56_p0043_s97_b2,55,30
12-06-2024_10-33-46_p0036_s156_b2,33,9
21-02-2024_11-34-26_p0013_s19_b1,32,22
26-03-2024_15-26-33_p0022_s184_b3,84,36
11-07-2024_15-02-14_p0041_s158_b3,69,34
26-08-2024_16-09-35_p0019,145,15
29-08-2024_16-08-18_p0045_s256_b4,28,30
23-05-2024_15-25-56_p0035_s244_b3,33,37
16-10-2024_15-34-19_p0049,15,10
02-05-2024_16-05-51_p0026_s260_b4,18,22
28-08-2024_16-17-27_p0038_s153_b2,72,14
19-07-2024_15-26-56_p0040_s29_b1,78,9
18-03-2024_11-37-24_p0013_s264_b4,16,16
13-03-2024_14-48-46_p0014_s83_b2,74,24
26-03-2024_16-34-09_p0022,72,33
23-04-2024_11-46-10_p0024_s271_b4,4,-5
07-01-2025_13-55-12_p0062_s26_b1,59,48
10-05-2024_09-38-15_p0030_s219_b4,33,20
17-12-2024_17-22-18_p0060_s243_b3,46,15
17-09-2024_16-05-51_p0048_s259_b4,95,9
13-09-2024_16-30-48_p0046_s22_b1,39,6
19-02-2025_15-58-45_p0072_s250_b4,42,12
04-09-2024_15-52-40_p0044_s18_b1,50,-1
20-03-2025_16-07-36_p0078_s117_b2,74,19
01-02-2025_12-06-07_p0070_s236_b4,22,18
18-03-2024_11-49-28_p0013_s280_b4,26,11
26-11-2024_15-30-09_p0056_s104_b2,55,37
08-04-2024_15-41-25_p0021_s110_b2,7,58
12-06-2024_10-33-22_p0036_s155_b2,20,27
07-05-2024_14-58-38_p0027_s18_b1,9,23
22-02-2024_11-09-08_p0017_s192_b3,24,76
11-02-2025_19-12-16_p0069,14,19
08-08-2024_14-46-11_p0042_s102_b2,34,31
04-10-2024_14-44-37_p0050_s114_b2,34,34
22-02-2024_10-41-05_p0017,1,48
31-08-2024_14-07-17_p0047_s204_b3,71,46
05-12-2024_16-07-15_p0055_s49_b1,122,8
25-02-2025_19-28-24_p0075,30,15
03-04-2025_13-53-24_p0080_s134_b2,59,29
12-03-2025_10-58-46_p0074_s42_b1,63,31
18-04-2024_15-49-09_p0026,23,18
10-08-2024_11-04-56_p0043_s147_b2,41,20
20-03-2025_15-52-10_p0078_s88_b2,-2,32
28-09-2024_13-13-18_p0016,17,11
26-11-2024_15-53-35_p0056_s132_b2,116,36
17-09-2024_14-31-23_p0048_s6_b1,44,14
15-02-2025_12-03-09_p0070,35,18
26-03-2024_15-26-09_p0022_s183_b3,20,28
23-04-2024_11-43-18_p0024_s266_b4,11,31
07-12-2024_10-46-15_p0053_s277_b4,23,33
10-09-2024_14-27-35_p0048_s113_b2,16,3
06-05-2024_15-27-28_p0032_s224_b4,30,33
06-02-2025_14-07-23_p0067,50,10
25-02-2025_18-25-31_p0075_sP05_b2,108,16
19-06-2024_11-06-55_p0036_s181_b3,28,44
22-01-2025_17-44-25_p0066_s200_b3,19,27
28-08-2024_15-32-22_p0038_s134_b2,80,13
07-05-2024_14-59-00_p0027_s19_b1,13,36
25-03-2024_15-59-08_p0020_s278_b4,7,14
19-12-2024_15-43-36_p0062_s163_b3,103,25
13-02-2025_13-37-59_p0067_s213_b4,34,30
04-07-2024_16-07-19_p0039_s203_b3,24,46
03-08-2024_10-14-01_p0043,21,15
23-11-2024_09-57-54_p0053_s183_b3,28,25
16-09-2024_16-58-09_p0045_s49_b1,82,17
27-11-2024_15-17-30_p0054_s228_b4,15,36
01-02-2025_09-32-13_p0069_s211_b4,27,32
27-03-2025_14-08-46_p0080,19,18
16-10-2024_16-26-20_p0049_s13_b1,19,0
26-08-2024_16-45-04_p0019,21,19
22-01-2025_17-20-13_p0066_s172_b3,53,31
03-10-2024_15-31-30_p0050_s196_b3,33,9
17-08-2024_10-49-21_p0043_s220_b4,40,12
21-02-2025_18-03-27_p0068_s25_b1,76,23
21-12-2024_09-54-53_p0061_s275_b4,39,19
21-11-2024_16-04-31_p0055_s244_b3,56,40
24-03-2025_17-14-25_p0076_s260_b4,44,28
17-06-2024_15-33-03_p0019,25,26
23-11-2024_13-13-54_p0052_s107_b2,15,37
19-02-2025_15-38-04_p0072_s210_b4,50,25
13-09-2024_15-39-00_p0046_s248_b4,24,16
07-03-2024_13-54-27_p0010,14,43
14-08-2024_16-08-10_p0038_s250_b4,22,1
14-12-2024_11-32-14_p0059_s141_b2,40,27
27-11-2024_15-05-57_p0054,10,34
22-02-2024_10-37-08_p0017_s158_b3,-11,61
20-05-2024_11-33-15_p0034_s30_b1,60,21
16-04-2024_15-24-33_p0016_s167_b3,12,15
08-08-2024_14-46-36_p0042_s103_b2,21,26
12-06-2024_17-09-09_p0038_s241_b3,36,44
24-01-2025_15-30-41_p0060_s8_b1,10,46
29-08-2024_15-29-56_p0045_s214_b4,46,22
30-09-2024_15-36-39_p0049_s223_b4,22,10
10-01-2025_15-14-09_p0062,14,27
01-02-2025_09-35-23_p0069_s220_b4,31,9
31-08-2024_13-26-10_p0047,30,43
27-03-2025_15-41-31_p0078_s244_b3,66,35
06-05-2024_16-02-36_p0032_s268_b4,73,42
10-12-2024_16-07-25_p0056,57,21
03-05-2024_18-31-17_p0031_s168_b3,10,11
22-02-2024_11-50-39_p0017_s257_b4,117,23
28-01-2025_13-16-43_p0067_s163_b3,95,25
07-02-2025_16-34-02_p0046_s177_b3,13,20
03-10-2024_14-40-03_p0050,127,21
20-02-2025_19-10-48_p0075_s179_b3,42,28
19-07-2024_14-20-01_p0040_s136_b2,104,31
26-04-2024_14-52-41_p0028_s42_b1,71,22
22-02-2024_11-47-10_p0017_s247_b4,34,64
10-12-2024_16-04-22_p0056_s262_b4,46,27
30-09-2024_15-27-59_p0049_s214_b4,33,12
07-03-2024_14-14-01_p0010,19,37
04-09-2024_14-27-15_p0044,33,24
07-01-2025_16-08-21_p0063_s132_b2,71,52
03-05-2024_08-32-36_p0030_s16_b1,15,42
17-02-2025_17-34-20_p0071_s61_b1,79,26
28-08-2024_15-21-47_p0038,53,9
22-02-2024_14-06-14_p0018_s97_b2,16,12
28-09-2024_14-33-59_p0016_s66_b1,10,14
13-03-2024_16-05-04_p0014_s256_b4,25,34
19-06-2024_10-14-11_p0036_s53_b1,92,27
07-01-2025_16-28-20_p0063_s153_b2,35,26
15-02-2025_11-50-59_p0070_s91_b2,23,18
11-03-2025_18-41-01_p0075_s8_b1,51,19
03-09-2024_15-08-50_p0048_s189_b3,60,27
13-12-2024_14-38-07_p0054_s84_b2,90,33
05-09-2024_15-23-34_p0047_s54_b1,36,6
27-03-2025_15-36-21_p0078_s203_b3,118,37
16-07-2024_16-32-31_p0039_s236_b4,24,22
10-01-2025_14-55-09_p0062_s121_b2,171,41
11-02-2025_18-37-51_p0069,25,24
30-04-2024_13-15-51_p0024_s107_b2,51,42
28-09-2024_14-08-17_p0016_s16_b1,31,15
16-04-2024_10-37-24_p0025_s239_b4,50,45
01-02-2025_12-01-55_p0070_s227_b4,25,10
05-10-2024_11-28-30_p0050_s52_b1,13,-1
13-12-2024_15-39-36_p0054_s138_b2,101,25
29-02-2024_13-42-52_p0010_s13_b1,28,56
10-05-2024_16-45-11_p0033_s56_b1,26,16
27-03-2025_15-19-36_p0078_s179_b3,38,41
24-01-2024_17-30-27_p10,67,11
21-12-2024_09-45-47_p0061,69,7
07-12-2024_11-18-14_p0053_s52_b1,46,27
17-02-2025_16-59-40_p0071_s2_b1,56,32
19-06-2024_15-19-49_p0023_s171_b3,50,35
27-11-2024_15-05-10_p0054_s209_b4,36,27
11-07-2024_15-47-15_p0041,47,30
22-08-2024_15-44-51_p0042,42,21
06-02-2025_15-25-31_p0068,21,7
23-04-2024_11-48-58_p0024_s277_b4,9,26
19-07-2024_14-13-27_p0040,45,27
15-02-2025_12-08-52_p0070_s127_b2,93,24
11-02-2025_18-43-58_p0069_s104_b2,207,41
14-02-2025_18-22-36_p0073,23,12
23-04-2024_11-30-35_p0024_s245_b4,32,14
28-06-2024_14-32-17_p0035_s64_b1,41,52
11-06-2024_14-40-54_p0035,26,30
12-03-2024_10-17-55_p0021_s217_b4,11,49
06-02-2025_13-38-29_p0067_s102_b2,38,23
19-02-2025_10-59-50_p0074,46,41
13-02-2025_19-03-43_p0070_s204_b3,85,38
03-02-2025_16-42-07_p0071,48,33
09-05-2024_15-10-48_p0033,35,31
18-03-2024_15-15-53_p0020_s10_b1,6,48
25-01-2025_12-50-58_p0064_s82_b2,92,7
10-05-2024_18-27-05_p0025,20,23
13-03-2024_15-12-14_p0014_s124_b2,78,48
24-05-2024_19-14-10_p0031_s150_b2,23,32
15-02-2025_11-55-01_p0070_s103_b2,46,11
06-08-2024_16-31-25_p0039_s47_b1,32,37
18-06-2024_16-43-47_p0028,26,37
22-08-2024_15-41-34_p0042_s234_b4,25,32
04-10-2024_15-26-02_p0050_s152_b2,34,36
15-02-2025_10-43-03_p0065_s100_b2,27,12
14-01-2025_16-01-02_p0060,17,22
21-08-2024_14-52-56_p0044,31,20
02-04-2024_15-27-51_p0021_s178_b3,17,21
01-02-2025_10-27-17_p0069_s28_b1,48,20
03-04-2024_16-03-48_p0023,30,40
22-02-2024_13-35-42_p0018_s41_b1,24,29
19-07-2024_14-10-47_p0040_s122_b2,117,26
28-03-2025_15-48-47_p0081_s138_b2,107,27
23-05-2024_14-57-58_p0035_s171_b3,61,44
29-04-2024_11-25-21_p0029_s83_b2,32,10
06-02-2025_13-56-48_p0067_s134_b2,50,28
08-10-2024_15-44-49_p0049_s90_b2,14,7
20-03-2025_16-22-44_p0078,30,35
18-12-2024_09-52-44_p0061_s189_b3,49,31
21-12-2024_10-12-42_p0061_s29_b1,103,19
06-11-2024_16-25-06_p0051_s90_b2,46,24
13-03-2024_15-50-45_p0014,45,35
22-02-2024_11-48-43_p0017_s253_b4,58,43
11-03-2025_16-10-18_p0073_s72_b1,6,37
10-05-2024_15-48-05_p0033_s266_b4,31,40
14-03-2025_16-54-14_p0077_s275_b4,51,27
05-12-2024_17-06-43_p0055_s238_b4,23,35
16-04-2024_10-55-38_p0025_s271_b4,40,53
15-02-2025_10-03-15_p0065_s44_b1,220,21
22-02-2024_15-44-53_p0014_sP14_b3,60,27
26-02-2025_10-36-42_p0074,24,27
08-05-2024_15-37-51_p0033_s174_b3,32,42
28-08-2024_16-34-38_p0038_s28_b1,48,12
20-03-2025_14-56-06_p0076_s146_b2,52,23
10-09-2024_14-35-38_p0048_s123_b2,42,3
23-07-2024_16-44-48_p0039,32,32
19-02-2025_16-08-57_p0072,59,16
08-01-2025_15-15-56_p0063_s179_b3,75,38
08-11-2024_16-17-06_p0053_s143_b2,22,62
29-04-2024_15-37-55_p0024_s173_b3,39,78
16-09-2024_16-01-00_p0045_s147_b2,19,16
11-05-2024_09-26-24_p0034_s161_b3,102,41
23-11-2024_10-22-30_p0053,26,32
22-04-2024_09-43-12_p0025_s203_b3,45,30
23-11-2024_10-21-45_p0053_sP20_b3,36,29
01-02-2025_12-22-32_p0070,110,2
27-05-2024_16-49-26_p0032_s43_b1,35,53
26-04-2024_15-00-35_p0028_s57_b1,25,21
08-11-2024_15-03-07_p0052_s62_b1,51,60
04-09-2024_14-51-21_p0044,38,19
26-11-2024_16-06-11_p0056_s142_b2,68,30
19-06-2024_16-38-39_p0023_s49_b1,30,22
14-02-2025_18-06-06_p0073_s123_b2,10,15
10-01-2025_15-16-15_p0062,31,50
03-04-2025_14-04-45_p0080,68,10
03-08-2024_10-15-14_p0043,95,12
08-04-2024_15-32-04_p0021_s96_b2,23,22
26-03-2024_15-25-45_p0022_s182_b3,11,34
15-05-2024_15-38-15_p0032_s110_b2,42,53
07-01-2025_15-35-59_p0063_s84_b2,59,41
16-10-2024_16-40-10_p0049_s52_b1,15,-4
08-05-2024_09-56-21_p0030,21,27
13-11-2024_16-45-35_p0051_s17_b1,25,25
26-10-2024_12-26-38_p0051_s191_b3,25,6
11-03-2025_17-53-55_p0075_s213_b4,27,42
22-01-2025_17-55-30_p0066,21,17
07-05-2024_15-11-39_p0027_s57_b1,13,13
24-07-2024_14-10-38_p0041_s10_b1,26,31
31-01-2025_15-37-20_p0065_s202_b3,37,69
13-09-2024_16-42-24_p0046_s50_b1,13,8
17-08-2024_10-21-08_p0043_s37_b1,14,21
27-03-2024_15-41-07_p0015,29,11
17-08-2024_11-21-05_p0043_s269_b4,63,25
07-12-2024_10-32-46_p0053_s254_b4,34,26
10-09-2024_16-43-37_p0045_s164_b3,48,29
04-09-2024_16-05-28_p0044_s41_b1,20,24
01-08-2024_16-37-06_p0042,20,15
06-02-2025_13-57-57_p0067_s137_b2,88,4
14-08-2024_15-53-36_p0038_s226_b4,36,11
26-04-2024_14-50-49_p0028_s37_b1,34,21
20-03-2024_15-02-29_p0015,65,50
13-12-2024_15-45-03_p0054_s147_b2,35,21
13-09-2024_15-12-11_p0046_s209_b4,47,33
20-05-2024_12-30-03_p0034,62,38
04-10-2024_14-39-50_p0050_s106_b2,21,20
29-04-2024_15-41-09_p0024_s178_b3,48,66
22-01-2025_17-10-14_p0066_s164_b3,29,22
10-05-2024_10-02-54_p0030_s269_b4,36,28
10-09-2024_14-03-16_p0048,15,5
26-02-2025_10-32-15_p0074,18,24
19-07-2024_14-12-28_p0040_s123_b2,137,14
13-02-2025_19-02-40_p0070,53,29
30-08-2024_16-19-08_p0046,16,13
03-05-2024_08-55-34_p0030_s71_b1,35,31
07-01-2025_15-41-18_p0063_s94_b2,39,94
26-11-2024_16-10-31_p0056_s147_b2,106,38
11-03-2024_15-31-47_p0020_s165_b3,50,45
18-04-2024_10-22-09_p0025_s37_b1,11,38
06-05-2024_16-03-00_p0032_s269_b4,52,40
23-07-2024_16-51-05_p0039,32,17
05-12-2024_17-11-20_p0055_s251_b4,39,4
07-05-2024_14-29-51_p0027_s259_b4,27,24
16-10-2024_15-46-23_p0049_s181_b3,26,1
17-08-2024_10-52-13_p0043_s222_b4,49,36
16-09-2024_17-13-05_p0045_s70_b1,54,13
20-12-2024_15-01-38_p0061_s146_b2,12,40
12-07-2024_15-00-12_p0040_s174_b3,19,37
20-05-2024_12-15-53_p0034_s239_b4,45,52
27-03-2024_15-40-51_p0015,5,14
10-09-2024_14-49-11_p0048_s140_b2,40,1
24-01-2025_14-59-35_p0060_s248_b4,15,52
01-02-2025_10-36-08_p0069_s45_b1,119,15
26-10-2024_12-06-05_p0051,26,15
24-03-2025_17-46-09_p0076_s67_b1,21,20
29-02-2024_14-01-06_p0010_s36_b1,36,57
27-11-2024_15-28-31_p0054_s252_b4,63,25
04-07-2024_15-06-45_p0039,38,52
14-12-2024_12-04-04_p0059,22,2
06-11-2024_17-05-10_p0051,11,12
24-03-2025_17-47-24_p0076_s70_b1,19,9
19-12-2024_16-01-49_p0062_sP12_b3,53,19
30-04-2024_13-31-28_p0024_s130_b2,79,65
08-08-2024_15-16-42_p0042_s145_b2,25,36
05-09-2024_14-35-14_p0047_s4_b1,39,25
07-05-2024_14-33-10_p0027,28,29
20-02-2025_18-39-02_p0075,36,18
17-02-2025_18-26-04_p0071,71,20
07-01-2025_14-11-20_p0062_s57_b1,63,49
15-05-2024_15-40-40_p0032_s114_b2,38,39
03-02-2025_17-22-28_p0071,30,18
21-12-2024_10-02-25_p0061_s5_b1,56,17
10-05-2024_16-24-56_p0033_s5_b1,16,15
28-09-2024_14-37-06_p0016_s74_b1,12,-4
30-01-2024_14-55-43_p12,8,27
09-05-2024_14-51-21_p0033_s132_b2,43,27
17-07-2024_14-29-44_p0041_s119_b2,34,31
03-08-2024_11-14-47_p0043_sP14_b3,24,21
12-03-2025_11-11-46_p0074_s70_b1,87,5
13-02-2025_19-10-54_p0070,57,28
28-01-2025_13-10-19_p0067,144,25
22-02-2024_13-21-18_p0018_s12_b1,23,47
10-02-2025_16-33-25_p0071,21,14
22-08-2024_16-47-26_p0042_s36_b1,41,27
18-12-2024_16-35-41_p0057,25,21
20-03-2025_15-58-40_p0078_s104_b2,59,48
17-12-2024_16-30-32_p0060,22,17
27-03-2025_14-25-28_p0080_s196_b3,13,51
29-04-2024_16-43-47_p0024_s31_b1,24,40
24-01-2025_15-33-41_p0060_s14_b1,17,47
20-03-2025_16-31-40_p0078_s151_b2,71,37
11-02-2025_18-45-56_p0069_s107_b2,107,31
25-02-2025_18-24-32_p0075_s85_b2,86,23
20-05-2024_15-20-06_p0023_s96_b2,13,6
13-03-2024_15-27-57_p0014,35,16
19-06-2024_11-28-49_p0036,62,32
14-12-2024_11-11-09_p0059_sP07_b2,26,6
25-02-2025_18-56-01_p0075_s119_b2,110,16
03-05-2024_18-35-16_p0031,10,23
17-06-2024_15-22-24_p0019_s135_b2,21,32
03-05-2024_18-45-52_p0031_sP12_b3,54,10
14-12-2024_10-57-35_p0059_s107_b2,28,22
07-05-2024_14-53-54_p0027_s4_b1,17,21
06-09-2024_15-52-34_p0047_s136_b2,5,31
27-03-2024_16-16-08_p0015_s42_b1,30,34
07-01-2025_15-05-09_p0062_s251_b4,2,48
20-03-2025_16-06-19_p0078,23,35
21-01-2025_15-30-06_p0065_s275_b4,47,28
11-03-2025_17-59-36_p0075,37,54
07-01-2025_15-13-13_p0062_s262_b4,44,38
24-05-2024_19-13-01_p0031,22,38
13-02-2025_15-16-47_p0067_s60_b1,70,24
03-09-2024_15-01-58_p0048_s182_b3,34,27
05-09-2024_15-42-34_p0047_s211_b4,27,19
12-02-2025_16-32-24_p0072_s96_b2,61,10
22-03-2025_11-52-06_p0079,71,26
29-04-2024_16-07-28_p0024,35,58
06-11-2024_16-43-38_p0051_s117_b2,21,57
11-02-2025_17-27-27_p0066_s277_b4,41,15
27-02-2025_14-15-22_p0073,5,10
11-05-2024_09-38-23_p0034,49,40
06-11-2024_17-01-10_p0051,11,20
10-05-2024_10-01-07_p0030_s265_b4,29,30
14-08-2024_16-11-39_p0038_s255_b4,26,-11
19-06-2024_11-26-46_p0036,43,54
24-03-2025_17-21-22_p0076_s277_b4,39,5
23-11-2024_13-01-10_p0052_s87_b2,28,26
15-05-2024_16-00-38_p0032_s125_b2,70,35
07-05-2024_15-13-28_p0027_s62_b1,41,13
27-02-2025_14-27-00_p0073_s189_b3,6,13
11-02-2025_18-03-56_p0066_s22_b1,74,36
01-02-2025_14-06-20_p0064_s14_b1,32,25
14-03-2025_16-16-26_p0077_s213_b4,34,19
16-09-2024_16-34-04_p0045_s7_b1,29,17
31-08-2024_12-25-25_p0047,20,41
07-05-2024_15-02-12_p0027_s29_b1,20,14
08-04-2024_16-31-51_p0021_s7_b1,17,45
11-03-2025_15-26-40_p0073_s265_b4,6,18
17-07-2024_14-35-17_p0041_s133_b2,31,36
19-02-2025_15-40-41_p0072_s217_b4,27,26
13-11-2024_17-25-16_p0051_s214_b4,42,21
27-03-2025_15-27-17_p0078_s192_b3,40,47
17-08-2024_10-20-02_p0043_s34_b1,33,20
03-05-2024_18-30-40_p0031,31,17
10-05-2024_16-51-33_p0033_s75_b1,14,13
03-05-2024_08-57-33_p0030_s75_b1,39,29
10-09-2024_14-04-02_p0048,15,7
16-10-2024_15-41-13_p0049_s175_b3,20,10
19-06-2024_15-51-10_p0023,34,49
03-02-2025_16-50-54_p0071,45,8
15-05-2024_15-28-06_p0032_s95_b2,46,29
02-05-2024_15-11-11_p0026_s191_b3,15,29
28-08-2024_16-44-10_p0038_s46_b1,53,6
24-01-2025_14-49-26_p0060_s226_b4,15,40
02-04-2024_15-56-15_p0021_sP20_b3,32,20
11-03-2025_18-50-31_p0075_s39_b1,75,18
13-12-2024_15-45-38_p0054,40,22
04-09-2024_14-24-12_p0044_s218_b4,41,19
04-02-2025_16-25-35_p0066_s85_b2,19,33
25-03-2024_15-56-48_p0020,31,30
03-05-2024_08-46-01_p0030_s47_b1,25,40
15-02-2025_12-26-46_p0070,25,9
19-02-2025_15-53-48_p0072_s235_b4,40,22
18-04-2024_10-33-30_p0025_s64_b1,31,33
23-04-2024_15-06-32_p0026_s14_b1,29,48
10-12-2024_17-08-58_p0056_s26_b1,35,32
08-11-2024_14-56-05_p0052_s49_b1,52,56
08-06-2024_10-00-56_p0031_s264_b4,23,32
18-12-2024_17-46-17_p0057_s244_b3,11,19
17-08-2024_10-27-52_p0043_s52_b1,107,20
10-09-2024_16-44-29_p0045_s165_b3,38,23
15-02-2025_09-58-08_p0065_s30_b1,42,33
16-09-2024_16-51-41_p0045_s40_b1,27,10
23-11-2024_13-13-34_p0052_s106_b2,13,39
10-08-2024_10-51-27_p0043_s118_b2,43,30
29-04-2024_16-01-31_p0024_s199_b3,38,54
21-01-2025_14-59-30_p0065_s231_b4,65,28
23-04-2024_11-22-31_p0024_s222_b4,19,28
26-03-2024_15-45-17_p0022,55,32
21-02-2025_17-48-26_p0068_s283_b4,49,14
10-08-2024_11-13-20_p0043,38,27
04-10-2024_14-28-11_p0050_s93_b2,21,30
11-03-2025_19-04-21_p0075_s72_b1,51,19
03-04-2025_13-35-53_p0080_s87_b2,17,24
29-04-2024_16-25-02_p0024_s2_b1,22,42
27-05-2024_16-31-52_p0032_s6_b1,38,65
07-12-2024_10-17-49_p0053_s234_b4,11,34
05-09-2024_15-15-25_p0047_s38_b1,56,15
08-11-2024_16-30-55_p0053_s152_b2,14,29
24-07-2024_14-31-49_p0041_s62_b1,44,21
20-03-2025_14-30-38_p0076_s94_b2,53,30
16-05-2024_15-12-34_p0034,61,51
12-07-2024_15-09-02_p0040_s187_b3,53,11
24-03-2025_17-29-13_p0076_s3_b1,43,7
26-10-2024_12-10-58_p0051,66,10
03-05-2024_14-17-05_p0027_s132_b2,22,25
25-01-2025_13-27-31_p0064,31,1
27-03-2025_14-02-26_p0080_s163_b3,96,35
31-08-2024_12-53-06_p0047,13,30
21-12-2024_09-34-33_p0061_s240_b4,12,28
02-05-2024_16-04-55_p0026,9,30
19-11-2024_15-52-46_p0054,37,28
27-03-2025_14-10-00_p0080,26,34
31-03-2025_18-24-30_p0079,58,35
27-11-2024_15-06-35_p0054_s210_b4,31,29
10-01-2025_14-44-38_p0062_s110_b2,50,30
10-05-2024_19-00-38_p0025_s156_b2,20,14
01-02-2025_11-55-51_p0070_s218_b4,71,11
05-06-2024_10-01-11_p0036_s224_b4,41,10
17-08-2024_10-12-16_p0043_s21_b1,64,26
08-11-2024_14-59-56_p0052_s57_b1,38,82
11-06-2024_14-09-14_p0035_s106_b2,29,35
28-08-2024_10-11-22_p0044,28,8
27-03-2024_15-23-13_p0015_s124_b2,23,18
04-09-2024_14-49-29_p0044_s261_b4,39,25
26-08-2024_15-26-28_p0019_s31_b1,12,35
26-10-2024_12-40-26_p0051_s244_b3,34,11
28-06-2024_14-24-59_p0035_s50_b1,3,3
07-02-2025_16-19-31_p0046,59,16
28-06-2024_14-15-08_p0035_s24_b1,22,35
24-07-2024_14-18-30_p0041_s28_b1,41,18
20-05-2024_15-33-27_p0023_s109_b2,15,27
30-10-2024_14-50-56_p0052,34,8
19-02-2025_16-03-50_p0072,46,12
22-02-2024_10-43-08_p0017_s166_b3,-1,61
28-09-2024_13-34-20_p0016_s257_b4,12,26
10-09-2024_14-02-20_p0048,25,10
07-05-2024_14-24-43_p0027_s252_b4,30,48
17-06-2024_14-59-44_p0019_s103_b2,9,30
10-05-2024_18-51-39_p0025,21,21
27-05-2024_16-58-23_p0032_s65_b1,19,68
12-03-2024_10-32-35_p0021_s237_b4,28,53
20-05-2024_11-36-58_p0034_s38_b1,27,30
21-01-2025_14-44-09_p0065_s216_b4,35,24
18-04-2024_15-38-59_p0026_s131_b2,18,47
19-02-2025_11-04-55_p0074_s203_b3,51,-136
22-03-2025_12-11-36_p0079,31,23
05-02-2025_17-33-21_p0072_s195_b3,62,14
24-07-2024_14-33-18_p0041_s65_b1,39,19
27-03-2024_16-20-09_p0015_s53_b1,18,30
27-02-2025_14-19-05_p0073,16,7
22-02-2024_11-18-14_p0017_s208_b3,11,9
10-09-2024_14-07-12_p0048_s83_b2,57,11
21-12-2024_09-47-29_p0061_s265_b4,36,16
18-03-2024_11-48-34_p0013_s279_b4,30,20
11-03-2024_15-29-04_p0020_s162_b3,63,54
28-11-2024_16-10-08_p0055_s145_b2,57,57
17-06-2024_15-00-18_p0019_s104_b2,29,19
20-03-2025_16-25-50_p0078,30,11
11-02-2025_18-14-30_p0066_s48_b1,32,31
05-12-2024_17-13-33_p0055_s255_b4,28,25
15-02-2025_12-22-48_p0070,14,11
30-10-2024_14-42-20_p0052_s166_b3,50,54
22-02-2024_13-21-45_p0018_s14_b1,88,28
15-02-2025_11-20-05_p0065,35,8
19-06-2024_15-16-55_p0023,39,54
01-02-2025_14-06-42_p0064_s15_b1,45,31
28-08-2024_15-32-44_p0038_s135_b2,98,13
12-06-2024_16-43-09_p0038_s185_b3,46,41
21-01-2025_15-01-16_p0065_s234_b4,28,39
18-03-2024_11-17-25_p0013,23,26
22-04-2024_09-40-21_p0025_s199_b3,18,40
21-02-2024_11-37-37_p0013_s29_b1,13,40
20-03-2025_16-31-25_p0078_s150_b2,66,34
08-10-2024_16-23-47_p0049,13,-7
19-02-2025_16-01-32_p0072_s255_b4,43,14
03-05-2024_08-35-25_p0030_s23_b1,19,33
11-03-2025_18-06-29_p0075_s233_b4,37,19
05-03-2024_10-34-06_p0014_s38_b1,86,28
15-02-2025_12-31-49_p0070_s157_b2,86,18
10-02-2025_17-17-13_p0071,55,5
28-03-2025_15-57-26_p0081,84,40
08-05-2024_16-23-26_p0033_s207_b3,84,47
10-08-2024_11-12-32_p0043,33,18
13-03-2024_15-05-15_p0014_s115_b2,25,16
24-05-2024_18-44-16_p0031_s115_b2,35,123
19-06-2024_10-19-35_p0036_s63_b1,102,16
05-09-2024_16-17-01_p0047_s258_b4,40,29
26-11-2024_16-15-44_p0056,33,36
22-03-2025_11-51-32_p0079,33,28
09-05-2024_14-29-31_p0033_s106_b2,66,23
22-01-2025_17-35-13_p0066_s190_b3,59,25
20-05-2024_11-28-58_p0034_s21_b1,55,33
09-05-2024_14-40-02_p0033_sP07_b2,46,33
07-12-2024_10-03-54_p0053_s210_b4,32,28
27-03-2025_15-10-26_p0078,25,45
10-02-2025_17-09-06_p0071_s193_b3,33,14
05-09-2024_15-58-58_p0047_s230_b4,25,54
05-09-2024_14-40-00_p0047_s14_b1,62,25
10-01-2025_16-18-14_p0063_s283_b4,40,26
28-03-2025_15-36-32_p0081_s110_b2,60,62
24-07-2024_15-05-31_p0041_s230_b4,15,32
12-07-2024_15-15-47_p0040,55,4
31-03-2025_18-15-37_p0079_s209_b4,32,44
03-08-2024_10-38-22_p0043_s173_b3,36,19
10-05-2024_09-10-56_p0030_s207_b3,35,54
22-02-2024_10-36-45_p0017,87,55
24-07-2024_14-38-02_p0041_s75_b1,31,13
06-09-2024_16-00-09_p0047_s143_b2,40,-3
09-05-2024_15-16-35_p0033_s151_b2,36,30
04-10-2024_15-18-05_p0050,31,21
10-09-2024_14-42-52_p0048_s132_b2,29,14
01-02-2025_13-14-40_p0064_s214_b4,23,21
27-05-2024_15-34-05_p0032,24,49
19-06-2024_15-43-45_p0023_s195_b3,62,45
05-10-2024_11-08-21_p0050_s2_b1,13,9
03-05-2024_08-27-04_p0030_s1_b1,43,30
10-01-2025_15-49-13_p0063_s245_b4,172,27
10-05-2024_18-44-40_p0025_s143_b2,26,17
04-07-2024_15-01-25_p0039_s160_b3,49,43
18-01-2025_10-23-39_p0057_s271_b4,72,16
17-06-2024_15-20-55_p0019_s132_b2,28,14
30-08-2024_16-03-27_p0046_s128_b2,30,21
19-02-2025_16-12-16_p0072_s269_b4,56,10
07-05-2024_14-31-07_p0027_s262_b4,31,32
04-09-2024_14-57-45_p0044_s274_b4,44,20
20-02-2024_16-43-48_p0015_s249_b4,22,37
10-05-2024_15-10-43_p0033_s220_b4,35,35
17-08-2024_11-05-24_p0043_s252_b4,76,25
28-02-2024_17-04-02_p0011_s154_b2,2,30
23-04-2024_11-28-55_p0024_s237_b4,21,46
12-03-2024_14-28-21_p0022_s31_b1,30,34
20-02-2024_16-20-37_p0015_s220_b4,9,23
08-05-2024_15-31-04_p0033,44,42
05-02-2025_16-41-50_p0072,30,25
19-03-2024_15-15-27_p0022,45,30
30-04-2024_13-19-00_p0024_s114_b2,62,51
01-02-2025_12-24-04_p0070_s275_b4,59,14
30-09-2024_16-09-37_p0049_s275_b4,18,3
08-07-2024_12-05-31_p0040_s240_b4,56,25
21-02-2024_15-54-15_p0016_s137_b2,12,21
24-05-2024_19-14-26_p0031_s151_b2,22,46
28-02-2024_16-28-31_p0011_s115_b2,9,46
10-09-2024_13-56-20_p0048,21,9
17-08-2024_10-25-06_p0043_s46_b1,75,5
08-07-2024_12-01-09_p0040_s229_b4,13,26
03-10-2024_14-46-02_p0050_s163_b3,54,13
21-12-2024_10-04-11_p0061_s9_b1,45,16
12-06-2024_17-04-33_p0038_s204_b3,37,23
27-03-2025_14-09-49_p0080,32,72
13-11-2024_17-54-02_p0051,31,15
07-01-2025_14-05-11_p0062_s44_b1,99,53
15-05-2024_16-41-05_p0032,39,27
06-05-2024_16-11-19_p0032_s282_b4,82,54
14-08-2024_16-30-23_p0038_s276_b4,45,18
19-11-2024_15-54-13_p0054_s172_b3,53,25
03-05-2024_18-34-23_p0031,18,20
13-11-2024_17-44-32_p0051_s253_b4,47,25
21-02-2025_17-54-07_p0068_s8_b1,29,32
30-08-2024_16-00-34_p0046,90,21
24-07-2024_14-16-34_p0041_s25_b1,35,14
24-03-2025_17-43-26_p0076_s56_b1,30,19
09-05-2024_14-25-45_p0033_s104_b2,45,30
26-04-2024_14-52-04_p0028_s40_b1,28,28
06-11-2024_16-26-43_p0051_s92_b2,30,33
15-02-2025_11-26-55_p0065,47,9
12-07-2024_14-56-13_p0040,12,42
12-02-2025_16-43-13_p0072_s113_b2,45,30
09-05-2024_14-34-41_p0033_s115_b2,46,32
22-02-2024_13-26-37_p0018_s24_b1,34,35
29-08-2024_15-51-35_p0045_s251_b4,13,28
11-02-2025_17-24-55_p0066_s274_b4,36,16
26-02-2025_10-19-39_p0074_s128_b2,63,23
05-02-2025_17-31-08_p0072_s194_b3,45,17
03-02-2025_17-02-23_p0071_s119_b2,91,17
11-03-2025_15-43-11_p0073_s3_b1,13,50
17-02-2025_17-03-52_p0071_s13_b1,43,21
13-02-2025_14-46-34_p0067_s14_b1,22,36
08-06-2024_10-46-08_p0031_s67_b1,44,32
10-09-2024_14-36-45_p0048_s124_b2,22,3
08-06-2024_09-22-36_p0031_s213_b4,35,32
12-06-2024_16-43-53_p0038_s186_b3,46,36
27-05-2024_17-04-32_p0032_s80_b1,23,68
06-02-2025_18-57-58_p0069,42,38
24-03-2025_17-19-01_p0076_s271_b4,60,14
11-07-2024_15-19-50_p0041_s173_b3,87,24
21-08-2024_14-42-26_p0044,50,39
05-09-2024_15-27-27_p0047_s62_b1,1,8
03-04-2024_16-07-36_p0023_s268_b4,23,29
07-03-2024_14-15-36_p0010_s150_b2,16,29
17-02-2025_17-09-45_p0071_s27_b1,118,28
13-02-2025_14-16-30_p0067_s279_b4,39,27
22-01-2025_17-26-42_p0066_s179_b3,22,68
04-09-2024_14-31-38_p0044_s227_b4,41,23
24-01-2025_14-47-00_p0060,52,42
21-02-2024_12-04-20_p0013_s72_b1,53,52
10-01-2025_15-52-09_p0063_s251_b4,22,45
12-12-2024_16-29-42_p0057,14,15
16-10-2024_15-40-37_p0049,31,14
24-07-2024_14-30-03_p0041_s57_b1,21,12
13-12-2024_16-34-35_p0054_s68_b1,38,26
23-07-2024_16-05-40_p0039,38,17
30-01-2024_11-13-26_p11,4,15
18-06-2024_15-33-21_p0028,36,54
08-05-2024_15-22-36_p0033,44,49
06-02-2025_18-54-15_p0069_s198_b3,28,35
12-03-2024_10-50-49_p0021_s275_b4,19,79
05-09-2024_14-41-17_p0047_s15_b1,51,22
03-10-2024_15-15-32_p0050_s180_b3,65,8
12-03-2025_11-03-08_p0074_s52_b1,122,38
14-08-2024_16-27-42_p0038_s272_b4,33,9
25-01-2025_13-09-33_p0064,9,18
27-03-2024_15-34-32_p0015,21,20
30-04-2024_13-20-52_p0024,50,67
11-02-2025_18-17-04_p0066_s55_b1,107,34
28-03-2025_15-47-46_p0081_s134_b2,62,44
10-05-2024_18-32-10_p0025_s118_b2,55,13
10-01-2025_14-38-33_p0062_s102_b2,93,24
25-03-2024_16-37-26_p0020,10,1
11-05-2024_09-54-42_p0034_s189_b3,51,60
18-04-2024_15-27-28_p0026_s102_b2,5,18
15-05-2024_16-07-48_p0032_s136_b2,46,31
28-11-2024_16-20-06_p0055,20,65
05-09-2024_15-16-54_p0047_s42_b1,44,6
07-01-2025_15-20-25_p0062_s271_b4,50,64
31-01-2024_15-14-06_p13,19,12
11-06-2024_14-37-25_p0035,25,20
10-05-2024_10-08-59_p0030_s282_b4,38,23
14-12-2024_12-00-18_p0059,9,13
23-11-2024_10-04-52_p0053_s191_b3,29,25
20-02-2025_19-19-09_p0075_s187_b3,66,24
06-08-2024_16-11-57_p0039_s1_b1,20,37
18-04-2024_15-34-01_p0026_s117_b2,25,31
16-07-2024_16-25-34_p0039,29,20
08-05-2024_09-54-03_p0030,20,9
11-07-2024_15-26-32_p0041_s180_b3,26,35
13-03-2024_15-27-09_p0014,19,37
24-01-2025_15-40-20_p0060_s29_b1,40,47
11-03-2025_16-00-11_p0073_s53_b1,43,44
13-02-2025_15-02-35_p0067_s37_b1,19,33
29-08-2024_16-10-00_p0045,107,20
08-11-2024_14-49-46_p0052_s38_b1,60,26
17-09-2024_16-25-41_p0048,13,6
15-02-2025_12-16-38_p0070_s139_b2,60,8
26-02-2025_10-36-04_p0074,27,21
13-09-2024_15-57-54_p0046,18,6
06-02-2025_18-38-09_p0069_s178_b3,38,25
07-03-2024_14-13-41_p0010,21,32
05-10-2024_09-42-24_p0050_s239_b4,28,14
26-11-2024_16-11-46_p0056,49,45
13-02-2025_18-36-05_p0070,37,26
16-09-2024_16-47-51_p0045_s33_b1,40,30
21-02-2024_11-54-02_p0013_s62_b1,56,46
12-03-2024_10-24-41_p0021_s226_b4,16,34
21-02-2024_11-36-36_p0013_s25_b1,68,39
10-05-2024_09-56-18_p0030_s257_b4,37,35
12-06-2024_10-00-13_p0036_sP07_b2,26,14
06-09-2024_16-17-26_p0047_s156_b2,1,12
16-07-2024_16-44-55_p0039_s260_b4,73,20
10-05-2024_09-32-37_p0030_s209_b4,44,40
16-09-2024_15-14-39_p0045,35,19
07-12-2024_10-19-43_p0053_s238_b4,41,30
12-02-2025_16-31-29_p0072_s94_b2,88,16
17-08-2024_10-39-09_p0043_s74_b1,66,21
13-02-2025_13-38-20_p0067_s214_b4,208,24
12-06-2024_16-45-35_p0038_s188_b3,54,53
05-02-2025_17-09-32_p0072_s177_b3,46,25
20-03-2025_14-38-36_p0076_s112_b2,24,30
20-02-2025_19-05-39_p0075_s176_b3,35,27
13-02-2025_13-56-50_p0067_s251_b4,10,27
10-09-2024_17-52-38_p0045_s244_b3,74,15
27-05-2024_16-03-04_p0032,28,42
06-11-2024_16-35-08_p0051_s105_b2,53,24
03-05-2024_08-36-27_p0030_s26_b1,34,36
13-12-2024_16-15-10_p0054_s25_b1,65,26
13-12-2024_15-12-37_p0054_s122_b2,70,20
22-02-2024_11-57-28_p0017_s278_b4,5,35
01-02-2025_10-30-23_p0069_s32_b1,99,11
11-03-2025_15-51-22_p0073_s28_b1,32,56
03-04-2025_13-43-52_p0080_s110_b2,10,23
01-02-2025_14-08-59_p0064_s18_b1,66,27
23-11-2024_09-26-01_p0053_s158_b3,56,27
06-11-2024_16-38-18_p0051_s112_b2,30,17
08-01-2025_16-14-46_p0063_s14_b1,51,41
29-04-2024_16-26-18_p0024_s5_b1,53,47
08-07-2024_12-16-04_p0040,92,33
21-12-2024_10-37-26_p0061_s76_b1,62,6
03-02-2025_17-21-53_p0071,37,18
28-03-2025_15-53-57_p0081,25,35
23-11-2024_13-36-02_p0052,15,19
11-03-2025_15-09-45_p0073,49,23
11-03-2025_15-10-40_p0073_s225_b4,15,35
13-02-2025_19-39-35_p0070_s53_b1,137,23
13-02-2025_14-13-40_p0067_s274_b4,42,34
07-12-2024_11-31-04_p0053_s75_b1,29,28
01-02-2025_13-16-43_p0064_s218_b4,44,25
20-12-2024_15-03-12_p0061,43,34
30-04-2024_13-23-49_p0024_s117_b2,52,44
16-09-2024_17-02-34_p0045_s57_b1,24,22
19-06-2024_15-18-24_p0023,39,33
27-03-2024_15-39-11_p0015,14,12
21-11-2024_15-13-48_p0055_s167_b3,33,44
28-02-2024_17-00-30_p0011,6,15
22-04-2024_09-19-51_p0025,13,32
11-02-2025_18-48-44_p0069_s114_b2,63,25
21-08-2024_14-18-36_p0044_s160_b3,44,16
05-10-2024_10-13-52_p0050_s272_b4,40,11
19-11-2024_15-26-47_p0054,13,26
27-03-2024_15-04-46_p0015_sP05_b2,79,24
05-02-2025_17-40-46_p0072_s204_b3,91,16
30-01-2025_16-01-06_p0068,8,20
17-08-2024_11-02-25_p0043_s245_b4,110,18
05-06-2024_09-41-04_p0036,86,25
12-03-2025_10-53-58_p0074_s34_b1,45,44
12-12-2024_15-54-13_p0057,44,31
08-04-2024_15-57-42_p0021_s140_b2,25,41
08-05-2024_09-45-19_p0030_s118_b2,15,11
30-09-2024_16-02-23_p0049,30,9
11-05-2024_09-45-29_p0034_s175_b3,99,39
27-11-2024_15-45-24_p0054_s282_b4,59,16
26-08-2024_16-58-42_p0019,43,25
26-02-2024_16-07-22_p0019,38,34
22-02-2024_11-03-47_p0017_sP12_b3,-2,42
18-04-2024_15-44-37_p0026_s147_b2,20,35
20-03-2025_14-21-47_p0076_sP04_b2,92,32
01-02-2025_09-52-59_p0069,75,31
17-08-2024_10-30-08_p0043_s56_b1,50,17
25-01-2025_13-11-50_p0064_s119_b2,99,3
13-11-2024_17-35-24_p0051_s232_b4,16,28
10-12-2024_15-57-57_p0056_s256_b4,39,23
28-06-2024_14-07-27_p0035_s4_b1,27,45
27-03-2024_15-14-48_p0015_s109_b2,39,46
04-07-2024_15-00-53_p0039,54,51
12-03-2024_10-25-53_p0021_s231_b4,19,51
05-03-2024_10-37-05_p0014_s47_b1,51,46
26-02-2025_09-26-42_p0074_sP05_b2,96,29
06-02-2025_18-34-47_p0069_s173_b3,84,29
20-03-2025_14-49-36_p0076_s132_b2,72,33
13-11-2024_18-02-42_p0051_s283_b4,17,13
05-10-2024_11-22-59_p0050_s36_b1,19,14
12-07-2024_14-37-42_p0040,130,32
12-12-2024_15-55-37_p0057,28,31
14-03-2025_17-37-13_p0077_s75_b1,107,20
30-10-2024_15-28-43_p0052_s241_b3,33,41
08-11-2024_16-11-24_p0053_s135_b2,20,45
06-11-2024_16-33-10_p0051_s101_b2,30,24
22-08-2024_16-47-07_p0042_s35_b1,38,24
13-09-2024_15-17-25_p0046_s214_b4,48,29
03-08-2024_11-29-45_p0043,25,0
06-02-2025_15-09-18_p0068_s124_b2,24,20
14-08-2024_16-04-16_p0038_s245_b4,115,16
03-04-2024_16-01-19_p0023,20,43
16-09-2024_15-45-45_p0045_s126_b2,63,7
23-11-2024_09-53-50_p0053,37,28
29-04-2024_16-52-20_p0024_s49_b1,25,42
21-01-2025_14-39-43_p0065_s210_b4,33,26
21-02-2025_18-03-53_p0068_s26_b1,17,30
26-03-2024_16-29-22_p0022_s261_b4,30,25
30-09-2024_15-26-55_p0049_s211_b4,35,10
08-06-2024_09-20-16_p0031_s210_b4,32,26
28-11-2024_15-38-14_p0055_s107_b2,61,34
13-11-2024_17-15-17_p0051_sP03_b1,63,13
31-01-2025_15-41-03_p0065_s205_b3,44,32
10-09-2024_14-10-15_p0048_s87_b2,33,4
30-01-2024_11-03-39_p11,8,28
21-02-2024_15-24-58_p0016_s101_b2,13,11
10-09-2024_17-24-41_p0045_s192_b3,55,16
11-03-2024_15-36-59_p0020,12,54
13-12-2024_15-51-55_p0054,32,15
05-06-2024_10-30-55_p0036_s271_b4,15,14
23-04-2024_15-17-43_p0026_s34_b1,20,73
04-09-2024_15-44-34_p0044_s4_b1,30,14
16-05-2024_14-30-31_p0034_s102_b2,97,46
09-05-2024_14-43-00_p0033_s121_b2,51,39
16-09-2024_16-41-46_p0045_s22_b1,48,19
17-12-2024_16-48-06_p0060_s185_b3,29,16
26-02-2024_16-01-56_p0019_s258_b4,32,22
18-01-2025_10-00-46_p0057_s239_b4,32,35
20-03-2025_16-30-20_p0078,31,55
10-01-2025_15-17-18_p0062,40,40
05-09-2024_14-36-49_p0047_s7_b1,27,22
17-08-2024_10-20-21_p0043_s35_b1,43,25
05-10-2024_11-12-45_p0050_s11_b1,14,12
05-12-2024_16-59-01_p0055_s227_b4,19,22
22-08-2024_16-52-50_p0042_s47_b1,74,24
30-08-2024_15-57-04_p0046_s118_b2,19,23
24-05-2024_18-31-31_p0031_s84_b2,51,42
31-01-2024_14-56-17_p13,28,38
11-03-2025_15-33-43_p0073_s281_b4,23,30
10-05-2024_18-15-39_p0025_s99_b2,24,11
26-10-2024_12-06-49_p0051,22,1
01-02-2025_12-15-55_p0070,30,36
15-02-2025_10-03-49_p0065_s45_b1,170,33
03-02-2025_17-12-49_p0071_s139_b2,42,62
05-06-2024_09-59-42_p0036,80,17
15-02-2025_10-38-45_p0065_s94_b2,43,12
28-08-2024_09-24-08_p0044,71,12
16-09-2024_17-04-29_p0045_s60_b1,32,18
28-03-2025_15-44-15_p0081,77,35
03-08-2024_10-23-03_p0043,30,21
08-06-2024_10-39-31_p0031_s55_b1,32,37
03-09-2024_15-50-32_p0048_s244_b3,54,-1
11-06-2024_14-36-45_p0035,23,23
04-07-2024_14-58-15_p0039,13,48
17-08-2024_11-29-18_p0043_s281_b4,36,19
07-02-2025_16-20-40_p0046,122,17
05-09-2024_16-28-02_p0047_s266_b4,41,29
11-03-2025_18-21-51_p0075,79,18
12-03-2025_10-54-23_p0074_s35_b1,70,22
17-12-2024_17-09-21_p0060_s198_b3,33,16
23-04-2024_11-18-20_p0024_s217_b4,45,34
12-06-2024_09-42-10_p0036_s82_b2,66,10
13-03-2024_15-31-25_p0014_s149_b2,27,31
08-04-2024_16-46-12_p0021_s39_b1,10,56
10-09-2024_17-25-24_p0045_s193_b3,39,12
19-07-2024_14-33-55_p0040,34,28
19-07-2024_14-14-30_p0040_s125_b2,46,21
30-04-2024_13-34-01_p0024_s137_b2,23,52
30-04-2024_13-26-30_p0024_s121_b2,53,34
16-05-2024_14-20-07_p0034_s83_b2,66,42
03-05-2024_18-52-20_p0031_s190_b3,20,20
28-03-2025_15-50-06_p0081_s142_b2,1,43
17-08-2024_10-05-59_p0043_s6_b1,61,9
24-01-2025_15-37-01_p0060_s22_b1,20,36
06-09-2024_15-51-32_p0047_s134_b2,18,18
10-09-2024_17-18-27_p0045_s186_b3,42,15
05-12-2024_16-22-23_p0055_s70_b1,60,18
01-02-2025_10-45-55_p0069_s65_b1,80,13
21-08-2024_14-34-48_p0044,11,5
22-03-2025_11-37-34_p0079_s82_b2,77,16
27-03-2024_16-18-51_p0015_s49_b1,19,23
28-08-2024_09-36-02_p0044_s107_b2,79,26
14-03-2025_16-11-19_p0077,70,59
01-02-2025_11-56-13_p0070_s219_b4,38,17
27-11-2024_15-21-00_p0054_s236_b4,63,30
08-01-2025_14-50-16_p0063_s169_b3,58,36
22-02-2024_15-47-26_p0014,41,30
21-01-2025_15-29-01_p0065_s274_b4,66,19
31-03-2025_18-28-06_p0079_s229_b4,43,53
13-09-2024_16-46-03_p0046_s60_b1,10,14
17-06-2024_15-36-07_p0019,18,20
26-03-2024_15-15-09_p0022,38,22
14-02-2025_18-23-16_p0073,29,4
30-04-2024_13-30-33_p0024_s127_b2,19,41
21-08-2024_14-38-05_p0044_s173_b3,86,9
07-02-2025_16-29-12_p0046,21,22
10-09-2024_17-30-01_p0045,55,27
21-11-2024_15-14-15_p0055,102,62
17-07-2024_14-18-34_p0041_s97_b2,54,28
31-08-2024_12-59-35_p0047_s173_b3,84,54
15-02-2025_12-02-46_p0070,41,26
04-10-2024_14-24-48_p0050,9,35
22-04-2024_09-46-08_p0025_s208_b3,29,35
13-02-2025_19-04-58_p0070_s206_b3,40,29
14-03-2025_16-32-34_p0077_s246_b4,58,57
01-02-2025_12-10-03_p0070_s248_b4,40,16
13-12-2024_16-15-50_p0054_s26_b1,62,25
11-03-2025_15-19-58_p0073_s254_b4,14,24
05-12-2024_17-20-16_p0055,32,18
28-11-2024_15-30-01_p0055_s99_b2,36,45
21-08-2024_14-58-32_p0044_s195_b3,56,10
19-06-2024_10-02-42_p0036_s30_b1,54,31
04-10-2024_15-17-00_p0050,30,37
02-05-2024_16-18-39_p0026_s283_b4,11,27
20-05-2024_15-43-17_p0023,33,14
17-09-2024_16-14-57_p0048_s274_b4,19,10
06-02-2025_18-23-34_p0069_s163_b3,85,27
05-10-2024_09-29-03_p0050,51,8
26-10-2024_12-17-52_p0051_s182_b3,47,5
19-12-2024_15-58-35_p0062,52,29
05-10-2024_11-08-38_p0050_s3_b1,68,12
30-04-2024_13-03-42_p0024_sP05_b2,118,70
03-02-2025_16-57-33_p0071_s114_b2,26,21
19-06-2024_16-18-59_p0023_s7_b1,85,14
06-02-2025_19-03-59_p0069_s244_b3,80,25
17-09-2024_14-39-31_p0048_s23_b1,25,18
05-09-2024_15-25-16_p0047_s57_b1,25,12
23-11-2024_10-02-38_p0053_s189_b3,29,33
13-11-2024_17-16-33_p0051_s75_b1,26,30
01-02-2025_14-29-12_p0064_s59_b1,68,16
26-10-2024_12-29-17_p0051,43,22
19-06-2024_09-59-38_p0036_s23_b1,47,30
31-03-2025_18-39-22_p0079_s259_b4,137,91
14-12-2024_11-17-39_p0059_s122_b2,70,7
22-02-2024_14-14-26_p0018,-9,2
08-05-2024_15-12-38_p0033_s158_b3,70,72
06-02-2025_18-37-09_p0069_s176_b3,29,27
03-05-2024_14-19-44_p0027_s142_b2,17,28
16-10-2024_16-22-20_p0049_s2_b1,31,-6
09-05-2024_14-17-10_p0033_s88_b2,49,23
28-11-2024_15-27-31_p0055_s93_b2,61,35
22-02-2024_13-51-33_p0018_s80_b1,31,19
14-03-2025_16-16-01_p0077_s212_b4,58,32
06-11-2024_17-04-52_p0051,32,21
10-05-2024_18-51-21_p0025,13,18
19-07-2024_15-49-12_p0040_s69_b1,44,12
08-05-2024_09-42-57_p0030,36,27
22-02-2024_11-56-00_p0017_s272_b4,10,47
28-06-2024_15-05-58_p0035,6,15
27-11-2024_15-20-30_p0054_s235_b4,27,32
26-04-2024_14-38-48_p0028_s19_b1,47,34
20-03-2025_14-51-06_p0076_s138_b2,91,36
15-02-2025_12-29-28_p0070_s150_b2,30,11
28-09-2024_14-26-19_p0016_s50_b1,9,11
09-05-2024_14-26-10_p0033_s105_b2,48,30
13-02-2025_19-31-11_p0070_s35_b1,56,24
10-05-2024_16-07-01_p0033_s273_b4,55,43
05-10-2024_09-28-34_p0050_s222_b4,34,15
29-04-2024_11-53-11_p0029,31,19
22-03-2025_11-43-18_p0079_s97_b2,65,38
31-01-2025_15-06-05_p0065,29,45
14-01-2025_15-55-45_p0060,28,37
06-09-2024_16-07-02_p0047,13,-6
18-04-2024_10-18-17_p0025_s27_b1,35,28
06-02-2025_14-50-29_p0068_s98_b2,36,29
29-02-2024_13-34-45_p0010_s1_b1,-1,53
25-01-2025_13-05-41_p0064_s109_b2,61,26
03-04-2025_13-44-37_p0080_s113_b2,54,13
17-12-2024_16-08-03_p0060,53,45
10-01-2025_15-19-21_p0062,37,43
10-01-2025_15-03-50_p0062_s134_b2,51,37
20-05-2024_15-33-01_p0023_s108_b2,16,18
19-06-2024_16-27-57_p0023_s23_b1,29,50
05-02-2025_17-03-50_p0072_s172_b3,54,20
17-08-2024_10-27-06_p0043_s50_b1,35,8
06-08-2024_16-16-18_p0039_s11_b1,32,27
08-01-2025_15-27-17_p0063_s194_b3,30,40
05-10-2024_11-37-14_p0050_s69_b1,22,5
17-07-2024_14-31-28_p0041_s124_b2,25,33
06-09-2024_16-07-17_p0047,12,-9
08-08-2024_14-53-00_p0042_s114_b2,27,26
12-03-2024_14-48-48_p0022_s80_b1,51,55
31-08-2024_13-13-28_p0047_s181_b3,68,56
03-04-2025_13-37-23_p0080_s93_b2,5,27
13-02-2025_18-41-52_p0070,47,36
13-02-2025_14-47-53_p0067_s17_b1,71,36
25-03-2025_18-20-44_p0079_s169_b3,43,31
20-05-2024_15-33-56_p0023_s110_b2,5,27
22-02-2024_11-35-31_p0017,48,24
28-03-2025_15-25-30_p0081_s87_b2,67,19
10-05-2024_09-36-25_p0030_s214_b4,33,29
19-06-2024_15-42-04_p0023_s194_b3,58,31
13-12-2024_15-49-59_p0054,35,28
12-12-2024_19-39-41_p0058,36,23
19-03-2024_15-22-52_p0022_s127_b2,92,21
22-02-2024_15-36-24_p0014,36,24
23-04-2024_11-36-30_p0024_s258_b4,10,35
19-06-2024_16-31-06_p0023_s31_b1,36,20
07-12-2024_10-55-50_p0053_s8_b1,39,34
24-07-2024_14-35-11_p0041_s68_b1,18,15
17-09-2024_14-52-28_p0048_s47_b1,37,18
22-03-2025_12-13-55_p0079_s151_b2,53,24
16-09-2024_15-07-58_p0045,52,13
11-02-2025_16-43-42_p0066_s209_b4,46,30
19-07-2024_14-35-12_p0040,25,10
28-08-2024_10-04-52_p0044,28,15
26-03-2024_16-19-51_p0022,66,42
01-08-2024_17-03-11_p0042_s243_b3,33,19
10-05-2024_09-50-00_p0030_s246_b4,32,85
31-03-2025_18-32-01_p0079_s245_b4,64,54
24-03-2025_17-19-50_p0076_s273_b4,76,30
19-03-2024_15-37-49_p0022_s147_b2,94,24
18-06-2024_16-28-03_p0028_s227_b4,21,26
05-12-2024_15-45-24_p0055_s16_b1,54,19
10-01-2025_15-32-56_p0063_s214_b4,23,40
12-03-2024_10-46-11_p0021_s262_b4,29,41
18-06-2024_14-51-59_p0028_s84_b2,23,37
14-02-2025_18-06-56_p0073,22,15
21-12-2024_10-07-00_p0061_s15_b1,39,17
13-12-2024_16-34-17_p0054_sP02_b1,38,25
12-07-2024_14-38-15_p0040,20,22
08-04-2024_16-12-07_p0021,15,31
13-11-2024_17-00-00_p0051_s50_b1,119,26
22-03-2025_11-49-44_p0079_s111_b2,47,31
12-07-2024_15-13-08_p0040_s192_b3,38,12
18-01-2025_10-21-23_p0057_s266_b4,67,9
01-08-2024_15-58-46_p0042_s159_b3,39,20
17-06-2024_15-59-51_p0019_s152_b2,26,19
23-04-2024_15-23-06_p0026_s49_b1,19,57
08-01-2025_16-16-50_p0063_s18_b1,28,33
03-04-2025_13-50-08_p0080,50,21
08-06-2024_10-23-00_p0031_s12_b1,28,31
23-07-2024_16-43-23_p0039,33,23
05-10-2024_11-16-40_p0050_s18_b1,32,8
12-06-2024_09-55-37_p0036_s110_b2,22,31
07-12-2024_10-08-11_p0053_s219_b4,24,30
03-05-2024_08-53-50_p0030_s67_b1,21,39
20-12-2024_15-11-47_p0061,-5,29
17-06-2024_16-02-12_p0019_s157_b2,22,22
01-02-2025_14-00-38_p0064_s3_b1,79,30
13-12-2024_15-50-21_p0054,56,29
18-12-2024_17-09-19_p0057_s171_b3,31,18
12-06-2024_16-01-23_p0038,45,46
04-09-2024_14-21-48_p0044_s212_b4,36,22
06-02-2025_18-51-58_p0069,28,38
12-07-2024_15-08-15_p0040_s185_b3,36,15
26-02-2025_09-28-50_p0074,81,28
19-07-2024_15-35-49_p0040_s46_b1,79,13
28-01-2025_14-04-35_p0067,84,16
19-06-2024_10-12-47_p0036_s50_b1,28,25
19-02-2025_11-01-30_p0074_s200_b3,49,34
17-09-2024_14-57-55_p0048_s58_b1,37,37
16-10-2024_16-08-17_p0049_s205_b3,19,8
03-04-2024_16-05-08_p0023,59,13
05-06-2024_09-50-12_p0036_s217_b4,62,11
22-01-2025_17-49-49_p0066,42,36
05-09-2024_14-45-32_p0047_s21_b1,77,14
06-02-2025_14-47-58_p0068_s94_b2,15,35
21-02-2024_15-16-33_p0016_s83_b2,27,14
17-06-2024_14-56-57_p0019_s97_b2,18,37
30-10-2024_15-11-46_p0052_s190_b3,42,11
28-08-2024_15-48-28_p0038,38,6
03-04-2024_15-53-58_p0023_s246_b4,85,49
19-02-2025_16-29-43_p0072_s6_b1,60,23
12-02-2025_17-12-34_p0072,31,5
07-01-2025_14-59-26_p0062_s237_b4,100,36
17-02-2025_17-12-28_p0071_s33_b1,113,24
23-11-2024_13-40-47_p0052,-2,33
12-02-2025_16-56-47_p0072_s127_b2,107,34
22-01-2025_17-13-52_p0066_s169_b3,28,32
12-03-2025_10-33-19_p0074_s268_b4,26,35
31-08-2024_13-31-36_p0047_s201_b3,29,46
28-03-2025_15-51-45_p0081_s145_b2,92,45
19-07-2024_14-35-26_p0040,38,19
21-12-2024_09-33-50_p0061_s238_b4,32,23
28-01-2025_14-09-45_p0067_sP20_b3,37,27
14-08-2024_16-31-59_p0038_s279_b4,18,20
11-05-2024_10-01-47_p0034_s196_b3,58,31
21-08-2024_14-41-29_p0044_s177_b3,42,15
06-11-2024_16-22-32_p0051_s88_b2,46,18
10-09-2024_17-03-30_p0045,68,20
12-06-2024_09-48-17_p0036_s95_b2,31,14
01-02-2025_09-56-56_p0069_s263_b4,32,17
27-03-2024_15-18-09_p0015,42,21
04-02-2025_16-52-17_p0066_s132_b2,96,26
17-06-2024_15-34-09_p0019,28,23
22-02-2024_14-22-16_p0018_s126_b2,-10,25
10-05-2024_18-47-10_p0025,25,22
03-05-2024_18-59-25_p0031_s199_b3,16,11
07-03-2024_14-10-52_p0010,25,49
26-02-2024_16-16-45_p0019_s274_b4,38,56
27-03-2025_14-11-29_p0080,19,39
13-11-2024_17-16-16_p0051_s74_b1,31,23
21-02-2025_18-26-48_p0068_s71_b1,29,19
18-12-2024_16-34-34_p0057_s162_b3,53,22
05-02-2025_16-47-33_p0072,55,16
30-09-2024_15-39-27_p0049_s229_b4,19,4
13-09-2024_16-36-18_p0046_s35_b1,11,1
13-11-2024_16-46-17_p0051_s19_b1,34,23
20-02-2024_16-58-07_p0015_s266_b4,20,44
08-06-2024_10-35-48_p0031_s46_b1,34,43
13-12-2024_16-37-23_p0054_s73_b1,46,26
24-01-2025_14-46-06_p0060,19,37
26-02-2025_10-01-06_p0074_s113_b2,92,27
03-08-2024_10-16-09_p0043_s159_b3,47,25
10-05-2024_18-06-55_p0025_s88_b2,30,18
03-04-2025_13-37-52_p0080_s95_b2,54,25
10-08-2024_11-16-39_p0043_s156_b2,59,25
18-04-2024_10-40-32_p0025_s78_b1,11,36
19-03-2024_14-53-36_p0022_s84_b2,23,40
03-05-2024_08-57-56_p0030_s76_b1,38,29
03-12-2024_15-37-34_p0056,63,59
13-09-2024_15-18-28_p0046_s216_b4,57,46
12-02-2025_17-10-40_p0072,33,15
10-01-2025_15-16-35_p0062,34,41
24-05-2024_18-36-39_p0031_s95_b2,52,36
11-02-2025_19-02-15_p0069_s130_b2,50,38
05-12-2024_15-50-59_p0055_s25_b1,51,23
08-06-2024_09-50-36_p0031_s253_b4,18,38
19-02-2025_17-01-24_p0072_s72_b1,80,14
14-02-2025_18-19-15_p0073,15,13
16-10-2024_16-47-17_p0049_s67_b1,27,-1
13-12-2024_16-32-09_p0054_s65_b1,51,28
21-08-2024_14-36-03_p0044,11,13
30-09-2024_15-29-51_p0049_s219_b4,31,13
04-10-2024_15-26-58_p0050_s155_b2,22,14
14-01-2025_15-23-34_p0060_s112_b2,29,44
30-01-2024_11-25-55_p11,6,43
29-08-2024_16-07-48_p0045_s255_b4,32,25
11-06-2024_14-44-29_p0035_s151_b2,21,25
19-06-2024_09-51-10_p0036_s6_b1,40,30
06-02-2025_13-46-04_p0067_s116_b2,13,21
07-01-2025_15-04-35_p0062_s250_b4,4,37
16-09-2024_15-00-38_p0045,63,20
31-01-2025_15-48-05_p0065,41,35
19-02-2025_15-40-23_p0072_s216_b4,25,22
04-02-2025_17-08-35_p0066,35,22
17-08-2024_11-26-34_p0043_s280_b4,49,15
24-05-2024_18-40-46_p0031,25,22
18-12-2024_09-44-48_p0061,44,37
01-02-2025_13-49-17_p0064_s275_b4,19,11
22-04-2024_09-08-11_p0025_s159_b3,19,37
13-12-2024_14-57-53_p0054_s106_b2,35,17
10-12-2024_15-17-33_p0056_s211_b4,49,35
10-05-2024_09-07-39_p0030_s203_b3,40,40
28-08-2024_15-28-34_p0038_s126_b2,106,18
08-01-2025_15-17-30_p0063_s182_b3,18,32
08-11-2024_15-41-44_p0053_s94_b2,33,51
19-06-2024_16-18-08_p0023_s5_b1,39,27
25-02-2025_19-34-58_p0075,71,24
14-01-2025_15-28-50_p0060,4,28
09-05-2024_14-58-04_p0033,61,30
04-09-2024_16-23-45_p0044_s70_b1,131,5
29-04-2024_15-32-57_p0024,40,49
21-02-2025_17-17-22_p0068_s234_b4,35,15
11-07-2024_15-41-31_p0041_s198_b3,28,39
03-04-2024_15-57-19_p0023_s253_b4,21,31
06-02-2025_15-26-00_p0068,15,13
19-12-2024_15-41-29_p0062_s160_b3,47,35
10-08-2024_10-58-38_p0043_s132_b2,68,23
21-01-2025_15-33-09_p0065_s280_b4,20,26
02-05-2024_14-44-03_p0026_s161_b3,71,21
07-03-2024_14-06-01_p0010_s146_b2,4,9
28-09-2024_14-03-35_p0016_s6_b1,25,7
19-12-2024_16-08-12_p0062,45,18
19-06-2024_10-57-25_p0036,21,36
04-02-2025_16-47-32_p0066_s122_b2,65,25
05-12-2024_16-12-59_p0055_s60_b1,51,28
14-02-2025_17-47-03_p0073_s84_b2,29,13
28-08-2024_16-30-45_p0038_s25_b1,63,2
06-05-2024_15-26-37_p0032_s223_b4,35,33
28-08-2024_09-28-45_p0044_s96_b2,47,27
10-02-2025_16-39-27_p0071,37,12
14-01-2025_15-32-27_p0060_s121_b2,37,35
13-09-2024_15-30-01_p0046_s232_b4,24,12
09-05-2024_15-13-48_p0033,38,28
26-08-2024_15-43-17_p0019_s63_b1,89,37
06-08-2024_16-38-04_p0039_s57_b1,20,31
13-12-2024_16-24-23_p0054_s47_b1,38,26
22-04-2024_09-11-41_p0025,19,38
05-12-2024_16-20-43_p0055_sP02_b1,44,17
25-03-2025_18-50-06_p0079,94,17
19-07-2024_15-51-49_p0040_s74_b1,33,15
05-03-2024_10-33-45_p0014_s37_b1,-22,37
08-10-2024_16-05-17_p0049_s127_b2,21,4
03-08-2024_10-33-41_p0043,61,13
17-07-2024_14-13-17_p0041,35,32
03-05-2024_08-39-17_p0030_s34_b1,48,46
19-12-2024_15-57-17_p0062_s173_b3,71,43
17-06-2024_16-01-01_p0019_s155_b2,18,19
19-06-2024_10-08-26_p0036_s41_b1,13,40
19-11-2024_16-54-55_p0054_s241_b3,60,14
01-08-2024_16-32-51_p0042_s172_b3,17,10
24-03-2025_17-26-34_p0076_s283_b4,64,22
23-11-2024_09-29-05_p0053,37,26
18-03-2024_15-18-20_p0020_s18_b1,-6,33
09-05-2024_14-21-09_p0033_s95_b2,53,31
26-04-2024_14-41-41_p0028_s26_b1,94,12
05-06-2024_10-11-44_p0036_s246_b4,16,13
28-09-2024_14-13-17_p0016_s26_b1,12,11
04-09-2024_14-54-29_p0044_s269_b4,65,21
02-05-2024_15-10-42_p0026_s190_b3,27,14
21-02-2025_17-25-30_p0068_s253_b4,26,20
26-03-2024_15-16-53_p0022,39,44
15-02-2025_12-08-05_p0070_s125_b2,58,21
06-02-2025_15-29-37_p0068_s156_b2,52,27
13-11-2024_17-18-39_p0051_s81_b1,119,24
27-03-2024_15-41-36_p0015,11,11
18-04-2024_10-11-52_p0025_s12_b1,51,27
18-12-2024_17-32-25_p0057,19,20
15-05-2024_15-13-58_p0032_s82_b2,56,38
08-11-2024_15-11-37_p0052_s71_b1,44,48
15-05-2024_15-40-01_p0032_s113_b2,29,88
22-01-2025_17-18-30_p0066,9,17
05-12-2024_17-11-47_p0055_s252_b4,71,2
14-03-2025_16-38-40_p0077,68,33
03-05-2024_08-37-16_p0030_s28_b1,26,38
21-02-2024_16-07-23_p0016,19,18
30-09-2024_15-37-41_p0049_s225_b4,32,10
03-04-2025_14-03-56_p0080,31,8
07-01-2025_16-02-15_p0063_s121_b2,125,47
15-05-2024_16-44-43_p0032,30,25
18-03-2024_15-33-36_p0020_s51_b1,11,31
02-05-2024_14-41-12_p0026_s158_b3,45,18
30-10-2024_15-09-28_p0052_s189_b3,28,30
03-09-2024_14-20-13_p0048_s159_b3,26,21
31-08-2024_14-12-07_p0047,34,38
10-05-2024_15-09-57_p0033_s218_b4,34,37
21-11-2024_15-23-29_p0055,21,30
16-07-2024_16-38-38_p0039_s248_b4,27,21
12-03-2025_09-45-53_p0074_s214_b4,45,39
10-05-2024_18-59-40_p0025_s153_b2,18,20
21-12-2024_09-21-06_p0061_s211_b4,29,9
18-03-2024_15-40-08_p0020_s60_b1,9,36
16-09-2024_15-48-04_p0045_s130_b2,25,23
08-08-2024_14-43-51_p0042_s95_b2,27,28
22-01-2025_17-11-57_p0066_s167_b3,41,36
31-08-2024_12-54-06_p0047,12,27
20-05-2024_16-02-11_p0023,1,70
22-02-2024_13-45-49_p0018_s62_b1,93,35
11-02-2025_18-40-46_p0069_s96_b2,25,29
07-05-2024_15-16-39_p0027_s68_b1,19,8
23-07-2024_16-49-42_p0039,26,16
03-02-2025_16-43-33_p0071_s92_b2,36,28
20-03-2024_14-56-18_p0015_s167_b3,63,36
19-03-2024_15-40-51_p0022,16,30
27-03-2024_16-19-32_p0015_s51_b1,22,23
05-03-2024_10-26-19_p0014_s16_b1,58,23
22-01-2025_17-17-22_p0066,1,27
07-01-2025_14-19-03_p0062_s67_b1,94,34
27-03-2024_15-24-45_p0015_s125_b2,44,8
07-03-2024_13-50-32_p0010_s106_b2,13,32
21-02-2024_16-09-18_p0016,5,4
28-08-2024_16-39-12_p0038_s38_b1,121,13
05-12-2024_16-58-42_p0055_s226_b4,14,25
21-02-2025_18-08-19_p0068_s36_b1,100,23
17-08-2024_10-47-11_p0043_s216_b4,38,20
12-06-2024_10-17-59_p0036,24,45
10-09-2024_14-12-35_p0048_s91_b2,29,7
17-09-2024_14-29-59_p0048_s4_b1,22,26
31-01-2025_14-53-15_p0065_s164_b3,48,47
16-10-2024_16-27-19_p0049_s16_b1,23,3
11-03-2025_15-55-27_p0073_s40_b1,15,42
05-10-2024_11-28-13_p0050_s51_b1,21,11
27-05-2024_16-33-03_p0032_s9_b1,66,110
20-03-2024_14-54-30_p0015_s164_b3,22,8
13-09-2024_16-39-50_p0046_s44_b1,10,13
13-11-2024_17-01-56_p0051_s51_b1,29,26
18-06-2024_15-13-17_p0028_s119_b2,38,40
11-03-2024_15-39-59_p0020,-60,81
25-02-2025_19-15-06_p0075_s129_b2,66,12
10-12-2024_16-01-31_p0056_s259_b4,119,22
17-08-2024_10-31-31_p0043_s60_b1,62,16
27-03-2025_15-17-09_p0078_s178_b3,-2,34
22-02-2024_13-23-15_p0018_s19_b1,50,18
12-12-2024_16-20-00_p0057,39,17
19-03-2024_15-09-13_p0022_s106_b2,37,47
26-11-2024_16-12-14_p0056,42,41
11-03-2025_15-17-46_p0073_s249_b4,9,33
19-12-2024_15-50-29_p0062,42,16
28-08-2024_09-40-16_p0044_s115_b2,38,22
10-05-2024_15-34-31_p0033_s251_b4,29,40
24-01-2025_15-26-00_p0060,14,38
22-03-2025_12-14-07_p0079_s152_b2,36,22
10-12-2024_15-54-35_p0056_s252_b4,63,37
18-01-2025_13-01-20_p0064_s185_b3,41,49
19-06-2024_11-29-53_p0036,49,41
12-12-2024_19-26-16_p0058_s130_b2,5,11
10-09-2024_13-59-17_p0048,64,8
26-11-2024_16-13-12_p0056,34,34
12-06-2024_17-06-23_p0038_s208_b3,9,33
28-06-2024_15-36-34_p0035_s257_b4,24,17
07-03-2024_14-02-43_p0010_s134_b2,-112,155
18-03-2024_11-11-20_p0013_s212_b4,20,28
17-12-2024_17-15-57_p0060_s205_b3,20,15
25-02-2025_19-13-23_p0075_s127_b2,58,16
28-11-2024_16-14-09_p0055,31,52
05-06-2024_15-27-42_p0037_s257_b4,31,20
15-02-2025_12-08-31_p0070_s126_b2,81,13
12-12-2024_18-58-00_p0058_s93_b2,88,32
26-08-2024_15-19-28_p0019_s13_b1,49,35
15-02-2025_12-00-13_p0070_s112_b2,23,9
13-12-2024_15-11-44_p0054_s120_b2,49,38
07-01-2025_15-41-45_p0063_s95_b2,34,38
06-05-2024_15-19-21_p0032_s220_b4,37,44
08-11-2024_15-06-41_p0052_s67_b1,73,50
03-10-2024_15-08-21_p0050_s175_b3,35,7
20-05-2024_11-50-40_p0034_s65_b1,48,35
07-03-2024_13-52-14_p0010_s112_b2,6,33
05-09-2024_14-48-42_p0047_s25_b1,76,23
20-12-2024_14-29-15_p0061_s98_b2,21,38
18-12-2024_16-20-12_p0057,27,42
14-02-2025_18-21-31_p0073,21,17
31-01-2025_15-41-23_p0065_s206_b3,42,44
02-05-2024_15-17-51_p0026,16,18
08-06-2024_10-38-04_p0031_s52_b1,35,42
13-02-2025_14-52-21_p0067_s23_b1,49,383
22-01-2024_16-39-58_p9,40,19
17-08-2024_11-02-53_p0043_s246_b4,39,24
27-05-2024_15-08-16_p0032,37,27
26-08-2024_16-56-03_p0019_s203_b3,45,26
17-02-2025_17-11-14_p0071_s30_b1,88,26
19-07-2024_13-52-59_p0040_s89_b2,28,36
20-03-2025_15-56-58_p0078_s99_b2,69,36
27-03-2024_16-26-42_p0015_s69_b1,13,15
28-08-2024_16-38-42_p0038_s37_b1,34,10
18-06-2024_16-44-13_p0028,20,31
06-09-2024_15-27-22_p0047_s107_b2,18,23
23-05-2024_14-56-28_p0035,15,43
12-02-2025_17-12-49_p0072,40,20
20-05-2024_15-30-05_p0023_s103_b2,13,17
05-10-2024_11-18-03_p0050_s21_b1,31,8
21-11-2024_15-50-28_p0055_s195_b3,33,42
17-07-2024_14-47-08_p0041,36,45
19-02-2025_16-46-17_p0072_s43_b1,55,15
13-12-2024_14-59-27_p0054_s109_b2,43,25
30-01-2024_15-02-05_p12,72,32
17-06-2024_15-30-20_p0019,24,22
01-02-2025_13-12-18_p0064_s209_b4,56,7
18-01-2025_12-37-03_p0064,31,29
28-08-2024_17-05-21_p0038_s80_b1,124,11
08-01-2025_16-12-42_p0063_s10_b1,42,37
05-02-2025_17-47-48_p0072,44,22
19-07-2024_14-17-51_p0040_s132_b2,84,31
22-01-2025_17-17-01_p0066,29,24
03-04-2024_15-55-47_p0023_s250_b4,-2,20
30-09-2024_15-42-47_p0049_s238_b4,3,-1
26-08-2024_16-40-38_p0019_s183_b3,38,28
08-01-2025_16-48-02_p0063_s77_b1,27,41
20-03-2025_14-32-02_p0076_s99_b2,19,25
03-12-2024_15-36-07_p0056,76,54
18-04-2024_15-28-01_p0026_s104_b2,1,30
19-11-2024_16-23-35_p0054_sP14_b3,33,30
19-02-2025_11-11-47_p0074_s243_b3,61,-196
12-06-2024_16-00-27_p0038_s164_b3,45,25
08-08-2024_14-34-34_p0042,21,32
13-12-2024_16-14-51_p0054_s24_b1,55,24
24-03-2025_17-29-37_p0076_s5_b1,56,27
22-02-2024_10-57-03_p0017,101,59
19-07-2024_14-24-34_p0040_s144_b2,46,23
05-02-2025_17-41-51_p0072_s206_b3,35,15
04-10-2024_14-40-22_p0050_s107_b2,36,26
04-07-2024_16-15-05_p0039_s244_b3,51,35
22-02-2024_14-09-03_p0018_s104_b2,-1,22
24-03-2025_17-33-19_p0076_s16_b1,29,2
20-05-2024_12-32-50_p0034_s269_b4,46,34
27-05-2024_15-36-49_p0032_s178_b3,26,26
06-08-2024_16-27-14_p0039_s36_b1,33,34
17-12-2024_17-08-59_p0060_s197_b3,15,16
27-03-2024_16-16-31_p0015_s43_b1,24,33
14-01-2025_16-02-57_p0060,26,31
26-10-2024_12-34-24_p0051,49,5
06-09-2024_16-06-44_p0047,5,-3
17-09-2024_16-19-06_p0048_s279_b4,30,25
14-12-2024_12-02-04_p0059,10,8
26-03-2024_16-29-57_p0022_s263_b4,42,32
20-05-2024_16-04-55_p0023,22,-2
17-06-2024_15-09-17_p0019_s116_b2,23,20
08-04-2024_15-58-06_p0021_s141_b2,9,91
03-05-2024_14-10-44_p0027_s114_b2,11,26
21-02-2024_11-50-52_p0013_s52_b1,36,51
11-02-2025_17-11-14_p0066_s251_b4,29,22
22-02-2024_15-45-54_p0014_s194_b3,17,9
28-03-2025_15-49-06_p0081_s139_b2,220,52
19-03-2024_15-40-34_p0022,10,17
07-03-2024_14-15-12_p0010,24,28
04-02-2025_17-02-07_p0066,18,24
13-05-2024_16-28-45_p0028_s200_b3,21,12
25-03-2024_16-09-38_p0020_s90_b2,4,7
20-05-2024_11-56-53_p0034_s77_b1,51,48
13-09-2024_15-30-37_p0046_s233_b4,33,3
13-11-2024_17-04-22_p0051_s56_b1,28,13
17-09-2024_14-33-18_p0048_s9_b1,14,25
18-04-2024_15-21-43_p0026_s86_b2,15,29
13-12-2024_15-38-21_p0054_s135_b2,54,13
13-11-2024_17-13-52_p0051_s70_b1,79,19
18-06-2024_16-19-38_p0028_s222_b4,29,29
10-05-2024_19-00-17_p0025_s155_b2,32,14
17-08-2024_10-18-32_p0043_s31_b1,41,26
12-02-2025_16-52-54_p0072_s121_b2,144,19
11-05-2024_10-06-36_p0034_s203_b3,44,22
15-02-2025_11-17-01_p0065_s144_b2,69,2
26-03-2024_15-49-06_p0022_sP20_b3,8,22
12-03-2025_10-45-57_p0074_s13_b1,50,47
05-12-2024_16-57-40_p0055_s223_b4,13,10
05-09-2024_15-18-41_p0047_s46_b1,59,13
21-11-2024_15-59-24_p0055,51,51
27-02-2025_14-35-00_p0073,13,19
12-12-2024_16-32-30_p0057_s153_b2,42,11
13-02-2025_14-16-05_p0067_s278_b4,62,34
21-12-2024_09-27-51_p0061,82,17
22-02-2024_11-17-55_p0017,25,18
13-09-2024_15-31-34_p0046_s235_b4,29,9
19-03-2024_15-10-04_p0022_s108_b2,32,50
18-12-2024_10-10-03_p0061_s208_b3,46,40
30-04-2024_13-27-21_p0024_s123_b2,43,43
28-11-2024_15-45-18_p0055,45,30
06-08-2024_16-25-30_p0039_s32_b1,52,40
30-10-2024_14-38-09_p0052_s161_b3,113,30
10-08-2024_11-06-16_p0043,45,25
03-04-2025_13-45-58_p0080_s116_b2,26,23
18-04-2024_10-35-29_p0025_s68_b1,61,29
01-02-2025_13-15-22_p0064_s215_b4,24,29
11-02-2025_18-10-54_p0066_s38_b1,26,26
16-04-2024_15-31-22_p0016,3,8
19-02-2025_10-50-33_p0074_s186_b3,34,36
21-02-2025_18-28-26_p0068_s74_b1,29,21
30-01-2024_14-28-00_p12,31,65
19-06-2024_11-23-46_p0036_s201_b3,33,39
17-06-2024_16-01-20_p0019_s156_b2,17,27
19-06-2024_11-13-53_p0036_s190_b3,26,43
20-02-2025_19-03-15_p0075,115,19
22-01-2024_17-21-41_p9,66,44
22-04-2024_09-31-30_p0025_s188_b3,52,17
30-01-2024_15-07-24_p12,53,15
14-12-2024_11-34-23_p0059_s145_b2,51,10
21-08-2024_14-30-48_p0044,45,12
19-07-2024_14-31-45_p0040,19,22
19-06-2024_16-32-37_p0023_s36_b1,44,29
13-03-2024_15-07-44_p0014_sP07_b2,27,37
03-04-2025_13-46-13_p0080,22,34
05-06-2024_10-11-03_p0036_s245_b4,44,8
29-04-2024_11-49-31_p0029_s132_b2,17,29
20-02-2025_19-42-06_p0075_s203_b3,38,21
11-02-2025_18-28-20_p0066_s80_b1,40,29
20-03-2025_14-40-33_p0076,42,20
18-06-2024_15-05-10_p0028_s108_b2,20,100
16-10-2024_16-09-16_p0049_s207_b3,30,5
15-02-2025_11-24-41_p0065,35,6
05-09-2024_15-21-33_p0047_s50_b1,16,40
26-03-2024_16-21-16_p0022_s246_b4,41,34
06-08-2024_16-21-36_p0039_s22_b1,57,23
11-03-2025_18-08-24_p0075_s239_b4,103,23
20-02-2025_19-40-25_p0075_s202_b3,57,19
20-05-2024_12-19-58_p0034_s250_b4,10,17
23-11-2024_13-17-41_p0052_s116_b2,20,48
02-05-2024_15-46-25_p0026_s213_b4,4,21
19-02-2025_10-41-43_p0074,95,43
03-09-2024_15-43-13_p0048_s203_b3,37,8
08-08-2024_14-29-33_p0042,8,29
28-06-2024_14-24-08_p0035_s48_b1,109,52
21-08-2024_15-00-48_p0044_s199_b3,30,32
28-03-2025_15-58-13_p0081,58,47
13-03-2024_16-13-15_p0014_s270_b4,20,22
15-05-2024_16-48-43_p0032,32,19
10-12-2024_15-33-10_p0056_s227_b4,47,21
05-12-2024_16-27-00_p0055_s81_b1,99,19
01-02-2025_09-49-58_p0069_s251_b4,41,16
16-05-2024_14-27-32_p0034_s95_b2,22,43
11-03-2025_18-27-10_p0075_s277_b4,31,23
18-06-2024_15-30-53_p0028_s143_b2,51,66
28-08-2024_15-16-14_p0038_s109_b2,61,17
12-03-2024_14-31-13_p0022_s39_b1,71,27
12-02-2025_17-15-47_p0072,44,23
28-06-2024_15-41-24_p0035,5,4
22-02-2024_11-58-34_p0017_s280_b4,9,52
27-03-2025_14-31-39_p0080_sP20_b3,61,42
13-11-2024_17-24-30_p0051_s212_b4,15,20
06-09-2024_16-12-41_p0047,13,-12
24-07-2024_14-09-40_p0041_s7_b1,24,12
11-05-2024_09-40-45_p0034,38,45
20-05-2024_12-07-54_p0034_s222_b4,48,43
19-12-2024_15-44-19_p0062,58,20
03-10-2024_16-02-42_p0050,48,7
10-01-2025_15-19-41_p0062,36,43
08-11-2024_14-28-12_p0052_s9_b1,34,58
29-04-2024_11-53-36_p0029_s143_b2,25,17
07-01-2025_14-52-59_p0062_s223_b4,23,67
12-03-2024_14-26-40_p0022_s26_b1,-35,31
14-02-2025_17-58-22_p0073_s106_b2,10,16
22-01-2025_17-41-25_p0066,17,45
03-12-2024_16-12-04_p0056,20,40
18-06-2024_15-03-27_p0028_s105_b2,23,60
15-05-2024_16-15-53_p0032_s143_b2,28,49
08-11-2024_15-54-30_p0053_s114_b2,20,35
21-02-2024_15-23-55_p0016_s97_b2,11,19
05-06-2024_15-07-36_p0037_s221_b4,31,35
16-05-2024_15-16-33_p0034_s156_b2,75,28
29-04-2024_11-48-46_p0029_s130_b2,18,12
03-10-2024_15-03-07_p0050,1,-12
27-05-2024_17-00-21_p0032_s69_b1,20,57
10-12-2024_17-24-06_p0056_s40_b1,82,34
22-08-2024_17-02-22_p0042_sP03_b1,32,34
05-10-2024_11-17-43_p0050_s20_b1,34,2
18-01-2025_10-05-30_p0057_s248_b4,34,13
26-03-2024_15-41-38_p0022_s196_b3,26,20
08-04-2024_16-00-10_p0021_s145_b2,31,46
31-01-2025_15-39-53_p0065_s203_b3,41,48
20-03-2024_14-50-00_p0015_s159_b3,48,28
13-11-2024_16-54-02_p0051_s37_b1,22,21
26-10-2024_12-25-22_p0051_s190_b3,52,11
07-01-2025_14-24-13_p0062_s75_b1,104,37
30-01-2024_11-11-02_p11,27,20
18-06-2024_15-33-45_p0028,27,58
20-03-2025_16-21-22_p0078_s145_b2,112,28
07-03-2024_13-47-02_p0010_s97_b2,62,35
13-03-2024_14-54-20_p0014_s92_b2,61,51
23-11-2024_09-35-25_p0053_s167_b3,28,28
02-05-2024_15-21-11_p0026,14,21
05-10-2024_09-54-14_p0050_s256_b4,21,5
25-03-2025_18-17-12_p0079_s162_b3,67,25
27-02-2025_14-30-27_p0073_s195_b3,12,17
07-12-2024_11-02-23_p0053_s20_b1,40,16
04-10-2024_15-19-29_p0050,39,27
12-02-2025_17-07-22_p0072_s144_b2,41,9
28-09-2024_14-35-53_p0016_s71_b1,14,11
02-04-2024_15-05-09_p0021_s162_b3,72,16
04-02-2025_16-27-36_p0066_s88_b2,33,25
14-02-2025_18-26-00_p0073_s157_b2,9,15
18-06-2024_15-16-34_p0028_s124_b2,47,62
26-10-2024_12-06-35_p0051,24,1
30-04-2024_13-07-35_p0024_s91_b2,52,68
15-02-2025_09-59-52_p0065_s35_b1,47,27
25-02-2025_19-37-04_p0075,54,20
26-11-2024_16-14-11_p0056,7,38
27-05-2024_15-55-30_p0032,31,31
24-07-2024_15-04-36_p0041_s227_b4,15,14
25-03-2024_16-40-26_p0020,11,6
28-06-2024_15-06-44_p0035_s211_b4,14,36
04-09-2024_16-22-56_p0044_s69_b1,83,18
01-02-2025_14-12-31_p0064_s26_b1,46,18
04-02-2025_16-26-42_p0066_sP05_b2,82,27
03-05-2024_08-41-40_p0030_s40_b1,18,29
10-09-2024_14-53-37_p0048_s147_b2,83,11
21-02-2025_18-18-00_p0068_s55_b1,80,26
20-05-2024_12-25-20_p0034,64,32
28-03-2025_15-43-23_p0081_s123_b2,56,38
15-05-2024_15-15-24_p0032_s85_b2,60,33
22-02-2024_14-04-44_p0018_s92_b2,5,11
08-05-2024_15-45-29_p0033,38,67
30-09-2024_15-58-24_p0049_s261_b4,20,73
21-08-2024_14-35-26_p0044,30,18
03-05-2024_08-28-37_p0030_s5_b1,26,33
22-02-2024_11-38-13_p0017_s218_b4,10,50
04-09-2024_14-31-12_p0044_s226_b4,27,21
06-11-2024_16-54-24_p0051_s141_b2,36,15
08-01-2025_15-23-01_p0063_s191_b3,32,42
28-09-2024_14-32-11_p0016_s62_b1,23,2
23-04-2024_15-19-29_p0026_s39_b1,25,54
27-05-2024_15-21-13_p0032_s169_b3,78,50
12-12-2024_19-05-23_p0058_s102_b2,33,55
26-04-2024_14-53-45_p0028_s45_b1,48,14
17-06-2024_15-38-27_p0019,15,39
29-04-2024_16-47-53_p0024_s38_b1,25,49
22-02-2024_14-09-46_p0018_s106_b2,18,25
18-12-2024_09-55-05_p0061,62,32
04-10-2024_14-47-54_p0050_s116_b2,50,26
11-02-2025_17-11-47_p0066_s252_b4,59,21
29-08-2024_15-39-44_p0045_s226_b4,42,34
05-03-2024_10-24-18_p0014_s10_b1,20,59
26-02-2025_10-03-22_p0074_s116_b2,25,32
24-01-2025_15-50-41_p0060_s51_b1,8,40
10-05-2024_16-27-19_p0033_s13_b1,26,10
18-01-2025_13-19-10_p0064,67,24
24-05-2024_18-42-52_p0031_s111_b2,18,34
03-09-2024_15-42-17_p0048,38,12
19-06-2024_11-17-50_p0036,39,38
14-12-2024_12-08-23_p0059,18,18
28-09-2024_13-35-01_p0016,12,4
04-09-2024_16-27-08_p0044_s75_b1,71,5
14-03-2025_17-15-36_p0077_s15_b1,77,16
30-10-2024_15-29-56_p0052,18,37
11-03-2024_15-32-26_p0020_s166_b3,93,60
24-07-2024_14-36-12_p0041_s71_b1,20,20
19-06-2024_09-48-24_p0036_s1_b1,34,31
12-12-2024_19-41-58_p0058,53,29
12-12-2024_19-34-02_p0058_s147_b2,43,28
12-02-2025_16-36-36_p0072_s103_b2,47,20
29-08-2024_16-14-06_p0045,66,27
18-06-2024_15-43-56_p0028_s151_b2,22,35
05-12-2024_16-02-25_p0055_s41_b1,51,27
11-03-2025_18-26-39_p0075_s276_b4,47,28
17-06-2024_15-35-08_p0019,4,34
21-08-2024_14-41-52_p0044_s178_b3,69,15
30-04-2024_13-06-38_p0024_s89_b2,29,66
04-02-2025_17-04-43_p0066,18,21
12-12-2024_19-08-57_p0058_s108_b2,11,32
13-11-2024_17-55-03_p0051_s265_b4,21,18
27-05-2024_16-31-09_p0032_s4_b1,17,57
12-02-2025_16-54-50_p0072,83,22
08-04-2024_16-58-53_p0021_sP02_b1,17,29
04-10-2024_14-30-39_p0050_s98_b2,42,35
02-04-2024_15-06-37_p0021_s164_b3,56,37
16-10-2024_16-48-26_p0049_s70_b1,7,-3
16-09-2024_15-55-47_p0045_s141_b2,46,17
28-11-2024_16-11-54_p0055,33,47
11-07-2024_15-07-18_p0041,37,35
29-08-2024_15-48-27_p0045_s246_b4,39,25
07-12-2024_11-03-01_p0053_s22_b1,30,35
30-09-2024_15-36-58_p0049_s224_b4,39,-2
17-12-2024_17-20-33_p0060,83,6
17-09-2024_15-47-35_p0048_s235_b4,5,24
03-05-2024_18-41-04_p0031_s174_b3,11,12
26-08-2024_15-36-03_p0019_s52_b1,80,44
30-10-2024_15-24-12_p0052_s203_b3,37,39
26-11-2024_15-11-21_p0056_s82_b2,109,42
26-11-2024_15-40-17_p0056,63,42
12-06-2024_17-04-50_p0038_s205_b3,23,33
16-04-2024_15-43-05_p0016_s185_b3,1,19
07-01-2025_15-11-35_p0062_s260_b4,47,27
11-03-2025_18-37-16_p0075_s1_b1,57,23
17-09-2024_14-54-47_p0048_s52_b1,10,18
01-02-2025_09-49-22_p0069_s249_b4,33,19
07-12-2024_11-11-15_p0053_s45_b1,41,34
26-03-2024_16-19-30_p0022_s240_b4,33,26
10-12-2024_15-50-01_p0056_s248_b4,39,36
12-06-2024_09-53-49_p0036_s106_b2,43,29
18-04-2024_10-09-08_p0025_s5_b1,21,25
26-11-2024_15-17-25_p0056,76,52
21-08-2024_14-49-05_p0044_s187_b3,70,16
27-02-2025_14-10-24_p0073_s169_b3,18,26
20-02-2025_18-39-40_p0075_s165_b3,52,21
10-05-2024_16-49-36_p0033_s68_b1,21,14
28-08-2024_09-34-29_p0044_s105_b2,32,30
19-07-2024_13-55-06_p0040_s95_b2,30,23
10-01-2025_15-23-24_p0062_s157_b2,16,37
02-05-2024_15-47-48_p0026_s218_b4,8,24
20-05-2024_16-11-37_p0023_s156_b2,14,10
28-08-2024_16-22-38_p0038_s7_b1,30,9
10-05-2024_18-45-00_p0025_s144_b2,39,7
20-03-2025_14-58-59_p0076,14,19
21-02-2025_17-51-51_p0068_s4_b1,29,28
20-12-2024_15-07-09_p0061,6,34
16-05-2024_14-35-25_p0034_s110_b2,46,41
10-09-2024_14-51-42_p0048_s143_b2,37,10
06-02-2025_18-52-40_p0069_s195_b3,37,31
21-02-2024_12-07-04_p0013_s81_b1,25,31
28-03-2025_15-56-10_p0081,42,36
06-02-2025_15-01-50_p0068_sP07_b2,24,28
23-11-2024_13-05-13_p0052_s98_b2,2,36
09-05-2024_14-53-14_p0033_s136_b2,38,35
06-05-2024_16-07-34_p0032_s276_b4,66,38
26-08-2024_16-25-43_p0019,24,23
30-01-2024_15-05-57_p12,42,39
19-11-2024_16-49-09_p0054_s205_b3,3,27
28-06-2024_15-20-55_p0035_s237_b4,32,23
13-02-2025_19-03-21_p0070,48,39
05-09-2024_14-44-35_p0047_s20_b1,108,29
29-02-2024_14-18-12_p0010_s74_b1,24,30
18-03-2024_15-13-25_p0020_s3_b1,15,43
08-01-2025_15-17-58_p0063_s183_b3,51,26
10-12-2024_15-47-59_p0056_s246_b4,45,35
19-07-2024_14-35-41_p0040,29,21
19-06-2024_16-41-30_p0023_s56_b1,23,17
11-03-2025_19-00-46_p0075_s60_b1,56,22
22-08-2024_16-28-55_p0042_sP01_b1,54,31
16-10-2024_15-49-54_p0049_s186_b3,21,8
08-11-2024_14-50-15_p0052_s39_b1,44,52
11-02-2025_18-46-26_p0069_s108_b2,30,34
15-02-2025_11-14-37_p0065_s142_b2,54,11
22-02-2024_15-44-03_p0014_s192_b3,46,25
07-01-2025_14-44-45_p0062_s211_b4,42,45
07-01-2025_14-14-31_p0062_s63_b1,125,52
18-06-2024_16-29-18_p0028_s231_b4,25,36
11-07-2024_15-49-59_p0041_s243_b3,77,31
11-02-2025_17-55-06_p0066_s1_b1,53,27
12-06-2024_10-23-24_p0036,21,14
06-11-2024_16-56-45_p0051_s147_b2,21,17
19-02-2025_10-37-27_p0074,34,71
06-08-2024_16-22-02_p0039_s23_b1,29,25
06-08-2024_16-13-23_p0039_s4_b1,36,30
25-03-2025_18-54-50_p0079_s244_b3,61,10
11-02-2025_18-54-50_p0069_s117_b2,48,28
20-03-2024_15-20-46_p0015,13,21
19-12-2024_15-51-01_p0062,39,26
17-08-2024_10-11-33_p0043_s19_b1,64,27
19-06-2024_15-41-25_p0023,36,33
06-02-2025_14-47-13_p0068_s92_b2,18,35
13-02-2025_19-22-57_p0070_s16_b1,64,20
08-06-2024_09-35-55_p0031_s226_b4,21,58
05-06-2024_15-10-18_p0037,64,34
19-07-2024_15-41-34_p0040_s56_b1,36,21
11-02-2025_18-57-50_p0069_s122_b2,70,27
14-03-2025_17-25-10_p0077_s44_b1,46,23
28-11-2024_15-29-38_p0055_s98_b2,30,41
04-09-2024_14-32-06_p0044_s228_b4,24,27
01-02-2025_12-13-16_p0070_s256_b4,35,5
12-12-2024_16-31-01_p0057_s149_b2,21,14
27-02-2025_14-15-12_p0073,10,10
29-08-2024_16-33-11_p0045_s281_b4,32,27
04-09-2024_14-53-07_p0044_s266_b4,93,17
17-06-2024_14-48-44_p0019_s82_b2,35,21
12-12-2024_19-20-26_p0058_s123_b2,39,2
17-12-2024_16-39-54_p0060_s177_b3,18,13
20-03-2024_15-29-19_p0015,49,61
03-04-2024_16-08-07_p0023_s270_b4,23,28
18-04-2024_15-46-09_p0026,12,21
26-03-2024_16-12-42_p0022_s223_b4,33,19
29-04-2024_15-43-17_p0024,44,73
17-08-2024_10-46-09_p0043_s213_b4,65,17
28-09-2024_14-10-00_p0016_s21_b1,9,14
22-08-2024_15-41-19_p0042_s233_b4,27,3
23-07-2024_16-10-49_p0039_s99_b2,33,30
11-03-2024_15-49-55_p0020_s181_b3,37,66
09-05-2024_15-04-35_p0033,44,21
04-09-2024_15-48-08_p0044_s10_b1,58,64
20-03-2025_14-42-09_p0076_s117_b2,35,13
25-03-2024_15-55-26_p0020_s269_b4,33,26
25-03-2024_16-30-13_p0020_s132_b2,11,57
20-02-2024_16-38-00_p0015_s233_b4,9,15
27-03-2025_14-24-00_p0080,49,35
04-02-2025_17-03-43_p0066,14,23
01-02-2025_13-27-46_p0064_s236_b4,20,5
07-02-2025_17-04-43_p0046_s241_b3,48,16
13-02-2025_14-15-38_p0067_s277_b4,45,31
19-07-2024_13-49-30_p0040_s83_b2,27,16
27-05-2024_16-43-32_p0032_s31_b1,40,32
29-04-2024_15-25-55_p0024_s167_b3,37,59
30-01-2025_16-20-47_p0068_s194_b3,24,23
13-05-2024_16-05-53_p0028_s180_b3,14,11
12-03-2025_10-24-17_p0074_s250_b4,38,21
07-05-2024_14-16-09_p0027_s225_b4,38,35
12-06-2024_09-55-12_p0036_s109_b2,61,18
21-12-2024_10-29-50_p0061_s63_b1,149,31
29-02-2024_14-17-04_p0010_s72_b1,-3,56
12-03-2024_10-50-03_p0021_s272_b4,31,40
23-04-2024_11-46-46_p0024_s272_b4,25,27
19-12-2024_16-27-37_p0062,33,15
20-02-2024_16-38-43_p0015_s235_b4,13,18
10-12-2024_16-05-26_p0056,78,26
25-02-2025_18-56-39_p0075_s120_b2,82,20
16-10-2024_16-43-16_p0049_s60_b1,-14,9
11-05-2024_09-58-17_p0034_s193_b3,56,44
28-03-2025_15-32-15_p0081_s103_b2,71,16
08-10-2024_16-23-14_p0049,14,5
21-08-2024_14-19-38_p0044,43,21
01-08-2024_16-42-24_p0042_s184_b3,52,2
02-05-2024_15-51-25_p0026_s223_b4,11,18
10-05-2024_09-02-03_p0030_s195_b3,32,46
08-11-2024_15-40-17_p0053_s91_b2,36,46
30-01-2024_11-12-07_p11,3,35
19-06-2024_16-27-34_p0023_s22_b1,55,30
28-02-2024_16-11-51_p0011,40,72
07-01-2025_16-09-09_p0063_s134_b2,77,46
25-03-2024_15-35-40_p0020_s225_b4,20,30
13-02-2025_19-36-22_p0070_s48_b1,106,35
01-02-2025_12-19-37_p0070,34,11
31-01-2025_15-05-11_p0065,108,33
28-03-2025_15-53-45_p0081,34,40
16-10-2024_15-54-41_p0049_s190_b3,10,12
10-01-2025_15-00-13_p0062_s127_b2,102,40
05-10-2024_10-12-43_p0050_s270_b4,27,5
17-07-2024_14-34-18_p0041_s130_b2,55,33
10-05-2024_09-53-19_p0030_s253_b4,31,38
03-02-2025_17-18-55_p0071_s145_b2,55,22
12-06-2024_10-07-40_p0036_s128_b2,75,14
12-02-2025_17-15-18_p0072,26,20
13-11-2024_16-51-19_p0051_s33_b1,73,23
31-03-2025_18-36-47_p0079_s256_b4,37,49
24-04-2024_15-28-01_p0027_s169_b3,58,104
12-12-2024_16-15-04_p0057_s145_b2,65,40
22-04-2024_09-30-22_p0025_s186_b3,11,22
28-11-2024_16-12-53_p0055,22,46
16-04-2024_10-30-17_p0025_s224_b4,19,40
04-10-2024_14-59-13_p0050_s129_b2,65,43
23-05-2024_15-10-31_p0035_s190_b3,76,42
27-03-2024_15-34-47_p0015,22,25
11-02-2025_17-03-03_p0066_s240_b4,44,21
30-10-2024_14-52-53_p0052,9,12
20-02-2025_18-51-56_p0075,55,14
05-06-2024_15-22-01_p0037_s251_b4,25,34
10-05-2024_18-14-45_p0025_s97_b2,5,13
29-04-2024_15-39-18_p0024,111,80
28-08-2024_15-35-48_p0038_s141_b2,57,8
12-06-2024_16-58-45_p0038,42,43
22-02-2024_10-44-39_p0017_s169_b3,-4,27
26-03-2024_16-08-01_p0022_s216_b4,40,45
29-04-2024_15-45-16_p0024_s180_b3,39,64
19-06-2024_16-25-41_p0023_s20_b1,36,41
28-11-2024_15-28-25_p0055_s95_b2,24,30
13-02-2025_19-40-31_p0070_s55_b1,79,45
13-02-2025_15-05-36_p0067_s42_b1,64,24
29-08-2024_16-11-22_p0045_s260_b4,75,29
03-02-2025_17-24-34_p0071,53,9
24-07-2024_14-40-15_p0041_s81_b1,40,17
06-02-2025_13-47-41_p0067,16,35
16-05-2024_15-10-17_p0034,62,57
14-02-2025_18-05-49_p0073_s122_b2,5,17
04-10-2024_15-24-34_p0050,43,28
01-02-2025_13-48-08_p0064_s273_b4,55,17
27-03-2025_15-39-22_p0078_s208_b3,38,61
29-04-2024_16-04-20_p0024,32,74
26-08-2024_16-56-49_p0019_s204_b3,75,21
12-07-2024_14-24-04_p0040,53,31
23-04-2024_15-35-10_p0026_s78_b1,31,44
13-02-2025_18-51-53_p0070_s189_b3,53,37
13-09-2024_15-27-09_p0046_s225_b4,19,17
17-08-2024_10-45-02_p0043_s210_b4,54,29
18-01-2025_12-49-08_p0064,64,45
29-02-2024_14-08-56_p0010_s55_b1,-3,43
15-05-2024_15-38-51_p0032_s111_b2,35,25
31-03-2025_18-43-36_p0079_s266_b4,60,40
24-04-2024_15-25-50_p0027_s167_b3,50,79
24-07-2024_15-25-01_p0041_s270_b4,56,24
19-11-2024_15-44-19_p0054_s169_b3,24,10
13-05-2024_16-34-49_p0028,13,17
12-02-2025_16-52-27_p0072_s120_b2,83,15
01-02-2025_14-25-04_p0064_s49_b1,110,9
18-12-2024_10-03-43_p0061_s200_b3,33,28
08-04-2024_15-54-02_p0021_s131_b2,15,23
24-01-2025_15-31-52_p0060_s11_b1,10,51
18-03-2024_15-13-47_p0020_s4_b1,14,37
27-05-2024_15-08-46_p0032_s158_b3,36,38
19-02-2025_11-12-56_p0074_s242_b3,17,35
13-12-2024_15-13-29_p0054_s124_b2,44,31
19-11-2024_16-57-17_p0054_s244_b3,77,19
29-04-2024_16-36-03_p0024_s17_b1,22,43
16-10-2024_15-48-02_p0049_s185_b3,18,1
07-01-2025_15-17-10_p0062_s266_b4,65,84
28-08-2024_15-15-12_p0038_s107_b2,63,13
11-02-2025_18-06-20_p0066_s26_b1,49,23
06-05-2024_15-55-22_p0032,87,41
28-09-2024_13-35-51_p0016,1,15
27-11-2024_15-27-47_p0054_s250_b4,39,44
03-02-2025_17-19-21_p0071_s146_b2,66,11
14-12-2024_12-09-02_p0059,36,12
04-09-2024_15-45-55_p0044_s7_b1,37,0
25-02-2025_18-47-19_p0075_s112_b2,30,19
18-12-2024_09-10-32_p0061,64,57
02-05-2024_15-22-43_p0026_s205_b3,11,22
04-10-2024_14-48-50_p0050,18,29
29-02-2024_14-06-23_p0010_s49_b1,17,57
25-01-2025_13-02-56_p0064_s104_b2,34,23
14-12-2024_11-07-17_p0059,6,18
16-10-2024_15-59-39_p0049,34,10
30-08-2024_15-51-57_p0046_s115_b2,22,23
06-02-2025_18-32-39_p0069,18,25
08-10-2024_15-57-25_p0049,14,19
27-03-2025_15-12-12_p0078,23,38
17-07-2024_14-43-40_p0041_s152_b2,28,34
20-05-2024_15-16-40_p0023,35,12
29-04-2024_11-57-56_p0029,20,11
04-02-2025_17-10-00_p0066_s151_b2,27,24
22-08-2024_16-06-33_p0042_s277_b4,14,4
03-02-2025_17-05-14_p0071,80,27
22-02-2024_14-34-35_p0018,2,20
13-05-2024_16-13-49_p0028_s187_b3,15,20
17-09-2024_15-30-44_p0048,24,9
23-07-2024_16-45-42_p0039,19,55
10-05-2024_08-44-28_p0030_s176_b3,51,39
01-08-2024_16-48-53_p0042,45,12
17-08-2024_10-53-27_p0043_s223_b4,94,45
19-06-2024_15-44-24_p0023_s196_b3,47,42
16-04-2024_15-51-15_p0016_s193_b3,14,29
08-07-2024_12-09-40_p0040_s251_b4,12,21
08-04-2024_15-46-19_p0021_sP07_b2,66,49
17-02-2025_17-05-27_p0071_s17_b1,109,37
22-02-2024_14-10-01_p0018_s107_b2,10,37
11-03-2025_18-52-01_p0075_s45_b1,89,22
15-05-2024_15-32-02_p0032_s101_b2,27,28
20-05-2024_15-52-40_p0023_s139_b2,20,5
03-08-2024_10-43-44_p0043_s176_b3,30,18
29-04-2024_17-05-09_p0024_s75_b1,37,23
10-09-2024_16-39-22_p0045_s160_b3,48,17
26-02-2025_10-39-57_p0074,23,19
07-12-2024_11-01-36_p0053_s17_b1,17,29
19-11-2024_15-58-27_p0054_s178_b3,32,25
08-11-2024_16-06-33_p0053_s127_b2,56,66
18-12-2024_17-25-37_p0057,25,20
01-02-2025_12-07-51_p0070_s240_b4,51,24
11-02-2025_17-20-40_p0066_s264_b4,43,10
19-07-2024_15-17-43_p0040_s11_b1,24,8
21-12-2024_10-33-08_p0061_sP02_b1,47,35
13-11-2024_16-41-52_p0051_s7_b1,25,22
20-02-2024_16-59-38_p0015,0,27
21-12-2024_09-48-33_p0061_s266_b4,41,31
17-09-2024_14-49-32_p0048_s43_b1,1,24
19-02-2025_16-31-43_p0072_s12_b1,98,24
29-04-2024_11-30-00_p0029_s92_b2,20,49
19-07-2024_14-02-20_p0040_s112_b2,10,22
07-03-2024_13-53-26_p0010_s116_b2,6,50
14-03-2025_17-32-52_p0077_s63_b1,72,13
03-10-2024_16-07-10_p0050_s244_b3,32,15
29-08-2024_16-23-55_p0045_s277_b4,41,30
16-09-2024_15-40-24_p0045_s119_b2,102,28
19-02-2025_10-53-03_p0074_s189_b3,4,43
15-02-2025_10-37-36_p0065_s91_b2,35,22
26-03-2024_16-08-21_p0022_s217_b4,43,26
31-03-2025_18-46-59_p0079_s275_b4,44,33
10-09-2024_14-28-27_p0048_s115_b2,25,9
12-02-2025_17-00-33_p0072_s134_b2,67,19
25-02-2025_19-40-51_p0075_s150_b2,38,19
08-11-2024_16-27-54_p0053,33,36
05-12-2024_17-28-51_p0055_s278_b4,25,16
28-01-2025_13-36-16_p0067_s178_b3,38,40
06-02-2025_14-41-21_p0068_s82_b2,24,26
03-04-2025_13-59-57_p0080,27,21
07-01-2025_16-15-49_p0063_s147_b2,66,38
01-08-2024_16-24-09_p0042_s167_b3,9,9
12-12-2024_19-29-21_p0058_s138_b2,82,25
19-07-2024_14-05-26_p0040,31,19
06-02-2025_13-59-13_p0067_s140_b2,65,21
03-04-2025_13-51-20_p0080_s128_b2,79,20
22-04-2024_09-09-38_p0025_s161_b3,38,25
24-07-2024_14-38-20_p0041_s76_b1,36,14
07-01-2025_15-54-47_p0063_s114_b2,16,40
25-01-2025_13-36-36_p0064,88,1
08-04-2024_16-51-43_p0021_s55_b1,23,63
05-09-2024_15-17-55_p0047_s44_b1,12,14
28-02-2024_16-30-04_p0011,6,37
02-04-2024_15-51-11_p0021_s203_b3,14,23
02-05-2024_16-00-37_p0026_s249_b4,12,16
25-01-2025_13-25-15_p0064_s144_b2,58,17
01-08-2024_16-01-31_p0042,67,7
19-07-2024_15-22-59_p0040_s20_b1,92,21
03-04-2025_13-43-23_p0080_s108_b2,2,25
12-07-2024_15-16-10_p0040_s194_b3,26,10
25-02-2025_19-28-51_p0075,38,8
19-12-2024_16-03-39_p0062_s182_b3,45,24
28-01-2025_13-43-02_p0067_s185_b3,43,34
08-04-2024_16-55-22_p0021_s63_b1,18,37
02-05-2024_16-15-43_p0026_s275_b4,12,17
03-05-2024_14-23-21_p0027,17,25
24-01-2025_14-38-10_p0060_s211_b4,35,50
18-12-2024_17-10-33_p0057_s173_b3,19,23
20-03-2024_15-12-21_p0015_s183_b3,39,31
10-05-2024_18-36-37_p0025_s126_b2,48,19
01-02-2025_14-17-53_p0064_s35_b1,57,20
08-08-2024_15-18-32_p0042_s152_b2,17,26
23-11-2024_09-52-27_p0053_s177_b3,20,25
16-04-2024_15-22-42_p0016,17,23
28-08-2024_15-35-23_p0038_s140_b2,59,12
18-04-2024_15-50-44_p0026,26,20
14-03-2025_16-57-53_p0077_s283_b4,90,8
25-03-2025_18-17-47_p0079,40,23
13-12-2024_15-55-18_p0054,45,1
19-06-2024_15-21-52_p0023,84,46
11-07-2024_15-15-52_p0041,37,32
31-01-2025_15-26-27_p0065,15,38
11-02-2025_17-22-13_p0066_s269_b4,19,14
03-08-2024_11-30-59_p0043,30,11
17-12-2024_16-34-36_p0060_s171_b3,8,16
17-09-2024_15-32-16_p0048_s213_b4,45,17
19-03-2024_15-25-19_p0022_s132_b2,87,33
05-12-2024_15-35-52_p0055_s1_b1,46,36
16-04-2024_15-31-54_p0016,12,12
08-04-2024_17-01-32_p0021_s74_b1,14,48
02-05-2024_15-53-27_p0026_s229_b4,10,23
13-12-2024_16-06-39_p0054_s8_b1,34,19
12-02-2025_16-48-08_p0072,50,23
30-01-2024_14-34-34_p12,25,25
03-08-2024_10-36-34_p0043,26,-3
21-08-2024_14-58-58_p0044_s196_b3,39,19
18-06-2024_14-54-14_p0028_s87_b2,24,47
29-04-2024_17-04-30_p0024_s73_b1,27,20
03-04-2024_16-04-32_p0023_s262_b4,14,36
22-02-2024_14-24-03_p0018_s132_b2,14,16
02-05-2024_14-45-09_p0026_s162_b3,45,41
28-03-2025_15-23-07_p0081_s83_b2,106,35
14-03-2025_16-35-51_p0077_s254_b4,77,8
25-03-2024_15-34-09_p0020_s222_b4,47,45
15-02-2025_09-54-38_p0065_s27_b1,81,23
07-12-2024_11-09-32_p0053_s39_b1,18,30
15-05-2024_16-45-05_p0032,19,25
02-04-2024_15-17-57_p0021,31,21
10-02-2025_17-07-06_p0071_s190_b3,41,18
10-05-2024_16-26-24_p0033_s10_b1,18,17
18-01-2025_10-32-36_p0057_s282_b4,49,22
19-02-2025_11-04-30_p0074,21,29
15-02-2025_12-17-35_p0070_s141_b2,19,14
30-01-2024_11-03-23_p11,0,43
05-12-2024_16-24-40_p0055_s75_b1,51,16
18-04-2024_15-34-32_p0026_s119_b2,24,25
12-07-2024_15-19-37_p0040_s202_b3,51,-8
06-02-2025_15-21-56_p0068,11,18
01-02-2025_10-08-14_p0069_s278_b4,18,8
25-03-2025_18-28-23_p0079_s175_b3,62,17
27-05-2024_16-36-25_p0032_s17_b1,43,69
13-09-2024_15-29-32_p0046_s231_b4,33,9
22-04-2024_09-27-53_p0025_s180_b3,8,28
03-12-2024_16-30-24_p0056,54,41
21-08-2024_14-24-52_p0044,36,14
22-01-2025_17-49-26_p0066_s203_b3,49,16
19-07-2024_14-29-44_p0040,36,33
30-10-2024_15-15-14_p0052_sP14_b3,18,41
24-05-2024_19-01-14_p0031_s142_b2,11,38
08-04-2024_15-55-39_p0021_s136_b2,18,30
11-02-2025_19-02-51_p0069_s131_b2,89,19
03-05-2024_08-53-30_p0030_s66_b1,19,36
10-05-2024_09-37-53_p0030_s218_b4,36,39
03-02-2025_16-52-52_p0071_s108_b2,29,21
24-03-2025_17-48-03_p0076_sP03_b1,15,16
18-12-2024_16-36-19_p0057_s164_b3,31,25
11-03-2025_18-55-49_p0075_s54_b1,48,17
23-04-2024_11-32-49_p0024_s249_b4,13,24
06-08-2024_16-46-53_p0039_s73_b1,18,37
27-05-2024_16-03-34_p0032_s203_b3,23,40
13-03-2024_15-04-32_p0014_s113_b2,42,41
17-09-2024_15-59-40_p0048_s254_b4,21,21
24-03-2025_17-48-16_p0076_s73_b1,14,29
08-10-2024_16-12-13_p0049_s142_b2,15,156
17-02-2025_17-41-12_p0071_s71_b1,60,29
13-12-2024_14-54-14_p0054_s100_b2,32,33
28-01-2025_14-01-36_p0067_s199_b3,39,31
08-04-2024_16-41-04_p0021_s23_b1,35,36
27-03-2024_15-58-09_p0015_s1_b1,54,28
07-01-2025_14-13-53_p0062_s62_b1,74,51
08-05-2024_09-41-15_p0030_s112_b2,19,34
11-02-2025_18-12-33_p0066_s43_b1,29,33
29-04-2024_12-01-53_p0029,24,3
10-05-2024_08-56-55_p0030,59,47
21-02-2025_17-17-48_p0068_s235_b4,35,21
21-12-2024_09-56-33_p0061_s279_b4,44,10
12-03-2024_10-51-26_p0021_s277_b4,9,43
18-03-2024_15-18-53_p0020_s20_b1,-18,22
10-01-2025_15-43-43_p0063_s231_b4,42,47
08-04-2024_16-34-35_p0021_s10_b1,22,37
11-05-2024_09-46-02_p0034_s176_b3,68,58
29-08-2024_16-24-43_p0045_s278_b4,28,28
12-12-2024_19-29-46_p0058_s139_b2,89,27
23-04-2024_11-23-34_p0024_s224_b4,15,23
20-02-2024_16-23-36_p0015_s222_b4,16,24
13-02-2025_13-55-28_p0067_s248_b4,49,40
18-06-2024_14-52-37_p0028_s86_b2,7,45
08-01-2025_15-12-05_p0063_s177_b3,51,34
27-02-2025_14-09-06_p0073_s166_b3,4,17
16-09-2024_16-40-04_p0045_s19_b1,59,24
30-10-2024_15-14-45_p0052_s193_b3,39,45
10-05-2024_15-07-32_p0033_s212_b4,44,36
28-08-2024_15-52-13_p0038,16,9
26-02-2025_10-42-23_p0074_s154_b2,60,32
12-12-2024_15-31-22_p0057_s88_b2,4,26
24-07-2024_14-27-04_p0041_s49_b1,31,15
05-12-2024_17-21-50_p0055_s267_b4,18,14
26-03-2024_16-13-00_p0022_s224_b4,59,22
26-02-2025_10-17-59_p0074_s126_b2,65,30
10-09-2024_17-48-11_p0045_s241_b3,88,28
24-07-2024_14-07-25_p0041_s1_b1,47,13
25-03-2024_16-36-51_p0020,7,6
25-01-2025_12-52-00_p0064_s84_b2,74,17
25-02-2025_18-45-39_p0075_s108_b2,36,21
03-05-2024_18-28-32_p0031_s165_b3,18,17
11-02-2025_19-19-05_p0069_s149_b2,16,12
01-02-2025_10-54-16_p0069_s81_b1,21,24
06-02-2025_15-26-14_p0068,19,14
08-04-2024_16-49-19_p0021_s48_b1,10,47
10-09-2024_17-33-14_p0045_s196_b3,65,12
21-11-2024_15-57-06_p0055,42,37
08-06-2024_09-58-02_p0031_s261_b4,31,47
17-08-2024_10-10-20_p0043_s16_b1,58,10
23-07-2024_16-47-41_p0039,18,18
10-01-2025_15-12-43_p0062,43,40
04-02-2025_17-07-15_p0066,24,22
28-08-2024_16-23-47_p0038_s10_b1,51,12
30-01-2024_15-08-57_p12,39,31
10-01-2025_15-40-20_p0063_s224_b4,86,29
26-11-2024_16-14-30_p0056,45,31
18-06-2024_15-12-50_p0028_s118_b2,40,58
10-01-2025_15-58-53_p0063,20,41
10-08-2024_10-52-39_p0043_s121_b2,113,17
24-03-2025_17-48-37_p0076_s75_b1,19,27
22-08-2024_15-40-37_p0042_s231_b4,16,14
21-02-2024_15-53-38_p0016_s135_b2,7,17
25-03-2025_18-20-04_p0079,35,23
27-11-2024_15-17-08_p0054_s227_b4,13,39
10-05-2024_16-45-24_p0033_s57_b1,19,12
18-01-2025_09-41-07_p0057_s215_b4,18,15
21-02-2024_15-27-42_p0016_s110_b2,-2,45
04-09-2024_15-56-48_p0044_s25_b1,54,0
11-03-2025_15-50-38_p0073_s25_b1,11,42
23-07-2024_16-47-01_p0039,23,23
12-03-2025_10-13-03_p0074_s225_b4,41,33
10-01-2025_14-34-19_p0062_s93_b2,58,43
30-04-2024_13-53-37_p0024_s154_b2,45,56
22-04-2024_09-17-37_p0025,25,16
19-07-2024_13-58-00_p0040_s103_b2,38,21
06-05-2024_16-00-10_p0032_s264_b4,64,45
03-02-2025_17-00-28_p0071,52,15
22-02-2024_14-12-10_p0018_s114_b2,9,17
06-02-2025_13-51-49_p0067,51,11
25-01-2025_13-00-09_p0064_s99_b2,29,24
07-01-2025_14-54-49_p0062_s227_b4,23,77
30-01-2024_11-06-54_p11,-4,33
19-06-2024_15-15-43_p0023,36,33
08-06-2024_10-20-58_p0031_s6_b1,31,30
10-01-2025_15-51-21_p0063_s249_b4,20,36
22-03-2025_11-57-56_p0079_s126_b2,96,40
06-09-2024_16-03-20_p0047,46,14
02-05-2024_16-11-52_p0026_s266_b4,6,20
27-03-2024_15-28-51_p0015_s135_b2,9,14
19-06-2024_11-24-08_p0036_s202_b3,31,29
03-09-2024_14-32-07_p0048_s165_b3,36,30
28-03-2025_15-59-47_p0081_s150_b2,62,48
28-06-2024_14-28-51_p0035_s56_b1,16,51
19-07-2024_15-41-00_p0040_s55_b1,98,24
24-03-2025_16-44-15_p0076,41,51
26-02-2025_10-41-13_p0074_s151_b2,35,32
26-02-2025_10-36-23_p0074,28,16
19-03-2024_15-44-38_p0022,11,36
05-06-2024_10-00-47_p0036_s223_b4,76,3
07-05-2024_15-20-51_p0027_s80_b1,26,4
12-03-2025_09-44-54_p0074_s211_b4,61,33
29-04-2024_15-19-40_p0024_s162_b3,44,42
22-08-2024_15-24-47_p0042_s210_b4,33,3
01-02-2025_10-24-02_p0069_s21_b1,21,22
30-09-2024_15-55-42_p0049,22,-2
21-01-2025_15-01-42_p0065_s235_b4,30,34
21-11-2024_15-03-20_p0055_s161_b3,83,37
20-05-2024_11-31-29_p0034_s27_b1,48,48
14-03-2025_16-24-34_p0077_s224_b4,53,29
15-02-2025_09-48-21_p0065_s12_b1,88,26
12-03-2024_10-46-23_p0021_s263_b4,31,39
03-05-2024_14-21-14_p0027_s147_b2,3,32
26-03-2024_15-15-43_p0022,41,17
04-09-2024_16-21-57_p0044_sP02_b1,93,5
11-06-2024_14-33-50_p0035,6,31
16-09-2024_16-42-20_p0045_s23_b1,22,31
16-07-2024_16-17-27_p0039_s211_b4,24,24
07-05-2024_15-05-27_p0027_s39_b1,18,13
05-10-2024_11-20-18_p0050_s27_b1,7,2
20-05-2024_15-51-54_p0023_s138_b2,20,7
10-02-2025_16-37-45_p0071,28,13
11-06-2024_14-41-38_p0035,19,40
11-02-2025_19-20-15_p0069_s152_b2,19,23
21-11-2024_15-52-10_p0055_s198_b3,25,40
23-11-2024_09-25-31_p0053,60,25
12-06-2024_10-08-04_p0036_s129_b2,66,21
24-03-2025_17-35-46_p0076_s25_b1,13,4
11-03-2025_19-02-11_p0075_s65_b1,83,19
03-08-2024_11-31-38_p0043_s244_b3,50,4
04-10-2024_15-15-54_p0050,37,36
19-07-2024_15-53-58_p0040_s78_b1,55,18
25-01-2025_13-15-45_p0064_s126_b2,70,19
03-09-2024_15-02-31_p0048_s183_b3,34,-6
16-10-2024_16-37-18_p0049_s44_b1,23,12
05-02-2025_17-20-24_p0072_s186_b3,23,19
06-02-2025_18-45-58_p0069_s189_b3,36,30
26-03-2024_15-01-35_p0022_s159_b3,33,26
27-03-2024_16-11-16_p0015_s34_b1,12,34
10-01-2025_14-29-53_p0062_s86_b2,51,53
26-08-2024_16-11-18_p0019,35,20
12-02-2025_17-08-46_p0072_s147_b2,94,21
20-03-2025_14-40-49_p0076,17,33
14-03-2025_17-28-59_p0077_s55_b1,64,19
26-03-2024_16-39-16_p0022_s283_b4,51,58
12-03-2025_10-59-52_p0074_s46_b1,87,17
16-09-2024_15-11-30_p0045_s84_b2,28,14
31-08-2024_12-20-04_p0047_s160_b3,29,43
21-02-2024_11-52-48_p0013_s59_b1,45,63
26-08-2024_15-50-53_p0019_s80_b1,77,31
23-11-2024_13-24-19_p0052,56,50
23-05-2024_14-45-43_p0035_s164_b3,34,44
08-10-2024_16-18-21_p0049,7,4
10-12-2024_17-13-20_p0056_s28_b1,27,35
16-10-2024_16-50-36_p0049_s75_b1,19,3
28-08-2024_15-30-30_p0038_s130_b2,99,17
08-01-2025_16-11-06_p0063_s6_b1,62,36
05-09-2024_14-49-10_p0047_s26_b1,57,38
29-04-2024_16-51-23_p0024_s47_b1,32,41
18-06-2024_16-29-49_p0028_s232_b4,15,34
07-01-2025_16-01-25_p0063_s119_b2,72,38
19-02-2025_10-57-58_p0074_s194_b3,21,46
11-03-2025_15-18-03_p0073_s250_b4,33,29
17-09-2024_14-58-50_p0048_s60_b1,27,17
06-02-2025_18-36-39_p0069_s175_b3,55,28
16-05-2024_14-34-30_p0034_s109_b2,51,53
25-01-2025_13-21-29_p0064_s139_b2,46,1
11-06-2024_14-02-20_p0035_s97_b2,20,41
22-04-2024_09-20-21_p0025,33,24
24-01-2025_15-38-25_p0060_s25_b1,11,40
22-08-2024_16-44-41_p0042_s31_b1,57,42
28-11-2024_15-55-56_p0055_s128_b2,102,55
28-01-2025_13-41-39_p0067_s182_b3,32,24
22-02-2024_11-45-42_p0017_s245_b4,88,58
06-09-2024_15-48-09_p0047_s128_b2,11,9
04-09-2024_14-49-04_p0044,22,19
12-06-2024_17-10-03_p0038,19,28
14-08-2024_16-35-13_p0038_s282_b4,68,15
11-03-2024_15-38-41_p0020,12,50
23-05-2024_14-48-41_p0035,96,32
10-08-2024_10-53-27_p0043_s123_b2,57,27
22-01-2025_17-20-34_p0066_s173_b3,84,8
19-06-2024_15-24-13_p0023_s176_b3,27,35
18-01-2025_12-30-48_p0064_s158_b3,46,27
07-01-2025_15-57-22_p0063,49,56
11-02-2025_18-43-11_p0069_s102_b2,25,24
06-02-2025_13-35-03_p0067_s94_b2,48,25
23-07-2024_16-53-25_p0039_s154_b2,47,26
06-08-2024_16-15-31_p0039_s9_b1,38,27
06-08-2024_16-44-41_p0039_s69_b1,36,25
11-03-2024_16-15-40_p0020_s207_b3,14,49
22-03-2025_11-40-06_p0079_s89_b2,31,31
29-04-2024_16-48-18_p0024_s39_b1,17,41
06-02-2025_15-19-03_p0068_s146_b2,38,27
10-12-2024_17-32-04_p0056_s56_b1,57,45
20-05-2024_11-21-25_p0034_s5_b1,56,33
06-02-2025_13-32-06_p0067,31,26
12-03-2024_14-40-19_p0022_s59_b1,65,32
04-02-2025_16-25-13_p0066_s84_b2,9,25
23-05-2024_15-15-48_p0035_s196_b3,54,23
16-10-2024_16-37-39_p0049_s45_b1,10,21
12-06-2024_16-25-21_p0038,45,35
21-02-2025_17-30-09_p0068,22,18
03-04-2024_16-15-05_p0023_s283_b4,40,32
11-03-2025_15-13-12_p0073_s233_b4,23,23
05-10-2024_11-29-11_p0050_s54_b1,34,-4
20-05-2024_12-24-53_p0034_s257_b4,41,14
22-01-2024_16-40-24_p9,22,12
16-09-2024_16-02-15_p0045_s151_b2,21,9
03-09-2024_15-16-51_p0048,33,4
29-04-2024_12-05-40_p0029_s156_b2,25,16
19-06-2024_16-30-15_p0023_s29_b1,54,24
26-03-2024_15-14-01_p0022,23,14
31-08-2024_13-21-39_p0047,36,54
17-07-2024_14-33-33_p0041_s128_b2,100,31
08-01-2025_15-28-49_p0063,25,34
29-08-2024_15-36-57_p0045,26,34
27-11-2024_15-33-57_p0054_s260_b4,62,16
23-11-2024_13-00-07_p0052_s86_b2,51,28
16-10-2024_15-39-58_p0049_s174_b3,13,15
28-06-2024_14-13-31_p0035_s20_b1,52,38
18-06-2024_16-11-21_p0028_s216_b4,13,36
06-05-2024_15-31-57_p0032_s235_b4,59,43
10-01-2025_14-45-02_p0062_s111_b2,72,47
26-04-2024_15-01-58_p0028_s61_b1,23,22
14-02-2025_18-14-44_p0073_s145_b2,8,22
30-10-2024_15-13-38_p0052,5,28
22-02-2024_14-27-22_p0018_s140_b2,10,35
22-04-2024_09-29-01_p0025_s183_b3,23,37
16-09-2024_15-01-52_p0045,51,16
21-12-2024_09-27-03_p0061_s222_b4,40,10
25-03-2024_16-13-24_p0020_s99_b2,6,11
27-11-2024_15-38-20_p0054_s267_b4,49,15
13-11-2024_17-58-17_p0051_s274_b4,32,24
19-07-2024_15-53-36_p0040_s77_b1,46,23
28-01-2025_13-28-06_p0067,41,20
15-02-2025_10-28-24_p0065_s82_b2,51,14
23-07-2024_16-37-49_p0039_s143_b2,44,14
11-05-2024_09-38-46_p0034,50,56
26-11-2024_16-20-59_p0056,31,31
21-12-2024_10-13-08_p0061_s30_b1,45,36
08-11-2024_14-24-18_p0052_s2_b1,44,78
04-07-2024_15-24-23_p0039,50,60
13-02-2025_15-28-04_p0067_s77_b1,89,21
18-01-2025_09-38-54_p0057_s210_b4,63,19
26-03-2024_15-27-01_p0022_s185_b3,32,40
26-08-2024_15-18-07_p0019_s10_b1,36,33
30-01-2025_16-09-35_p0068_sP12_b3,43,18
13-03-2024_15-20-56_p0014_s143_b2,34,37
27-05-2024_16-04-47_p0032_s205_b3,19,22
27-05-2024_16-39-02_p0032_s20_b1,37,59
11-03-2025_18-49-37_p0075_s36_b1,72,22
01-08-2024_16-57-36_p0042_s205_b3,8,7
11-03-2025_19-06-55_p0075_s79_b1,99,18
14-02-2025_18-02-09_p0073,6,16
01-02-2025_13-26-10_p0064_s232_b4,15,28
05-06-2024_15-41-56_p0037_s280_b4,27,47
11-03-2024_15-45-31_p0020_s178_b3,-42,65
11-03-2025_15-57-36_p0073_s47_b1,68,41
06-02-2025_14-58-04_p0068_s115_b2,42,42
07-01-2025_16-12-11_p0063_s140_b2,33,57
09-05-2024_15-11-52_p0033,44,20
17-06-2024_15-27-39_p0019_s143_b2,22,15
13-02-2025_15-27-17_p0067_s75_b1,66,36
07-01-2025_16-28-47_p0063_s154_b2,75,40
11-02-2025_17-26-35_p0066_s276_b4,40,12
18-01-2025_13-23-48_p0064_s242_b3,65,37
23-04-2024_11-31-21_p0024_s246_b4,19,28
30-04-2024_13-44-29_p0024,45,50
28-06-2024_15-26-31_p0035_s248_b4,18,19
08-05-2024_15-47-48_p0033_s180_b3,64,53
08-11-2024_16-17-54_p0053_s145_b2,21,54
13-12-2024_16-38-21_p0054_s76_b1,29,27
27-02-2025_14-16-47_p0073,11,17
27-02-2025_14-30-40_p0073_s196_b3,21,13
04-10-2024_14-56-09_p0050,57,49
19-12-2024_16-12-04_p0062,44,26
10-05-2024_09-37-11_p0030_s216_b4,40,30
10-05-2024_08-41-30_p0030_s173_b3,59,42
26-04-2024_14-54-05_p0028_s46_b1,28,25
10-09-2024_14-06-13_p0048_sP04_b2,63,15
17-02-2025_18-18-26_p0071_s248_b4,39,20
22-03-2025_12-03-57_p0079_s143_b2,127,30
25-01-2025_13-18-29_p0064_s131_b2,70,22
06-02-2025_15-25-45_p0068,28,13
13-03-2024_16-04-32_p0014_s255_b4,26,24
22-02-2024_11-15-32_p0017,45,80
18-04-2024_10-19-22_p0025_s30_b1,39,26
06-02-2025_18-42-56_p0069_s184_b3,56,29
11-03-2024_15-53-16_p0020_s188_b3,22,45
07-01-2025_15-51-03_p0063_s110_b2,27,61
21-08-2024_14-45-03_p0044_s180_b3,48,15
10-05-2024_08-44-09_p0030_s175_b3,53,36
21-08-2024_14-38-36_p0044,79,10
19-06-2024_10-11-45_p0036_s48_b1,59,38
28-09-2024_14-25-15_p0016_s47_b1,29,7
20-03-2024_15-04-48_p0015_s171_b3,108,58
24-01-2025_15-23-04_p0060_s281_b4,23,41
03-04-2025_14-04-33_p0080,9,16
22-01-2025_17-16-24_p0066,31,21
07-01-2025_15-03-38_p0062_s248_b4,35,17
10-09-2024_13-57-08_p0048,25,3
26-02-2024_16-15-01_p0019_s271_b4,26,34
20-12-2024_15-05-50_p0061,8,37
13-09-2024_16-38-50_p0046_s41_b1,15,6
01-02-2025_10-43-19_p0069_s60_b1,49,19
07-05-2024_15-09-09_p0027_s50_b1,11,12
18-01-2025_10-30-07_p0057_s279_b4,24,23
17-06-2024_15-59-30_p0019_s151_b2,15,32
24-05-2024_18-39-59_p0031_s104_b2,35,33
28-08-2024_15-47-01_p0038,21,8
05-09-2024_16-07-26_p0047_s246_b4,9,30
18-12-2024_17-09-52_p0057_s172_b3,43,15
18-06-2024_15-18-35_p0028_s125_b2,42,55
16-09-2024_16-59-23_p0045_s50_b1,42,26
13-09-2024_16-35-39_p0046_s33_b1,13,14
12-02-2025_16-46-28_p0072,153,39
10-12-2024_17-57-30_p0056_s79_b1,95,25
11-03-2024_15-44-35_p0020_s175_b3,-15,74
22-02-2024_15-30-16_p0014,-6,34
22-02-2024_11-03-26_p0017,2,19
10-01-2025_15-41-05_p0063_s225_b4,10,40
07-05-2024_14-11-21_p0027_s218_b4,36,38
28-06-2024_14-35-32_p0035_s69_b1,38,51
20-03-2025_14-25-31_p0076_s86_b2,69,19
28-11-2024_16-16-50_p0055,25,74
16-09-2024_16-41-11_p0045_s21_b1,41,32
18-12-2024_10-04-46_p0061_s202_b3,52,35
03-08-2024_11-05-56_p0043_s179_b3,40,11
13-03-2024_16-01-25_p0014_s249_b4,22,30
17-07-2024_14-46-33_p0041,30,42
12-12-2024_19-09-22_p0058_s109_b2,44,25
09-05-2024_14-17-31_p0033,45,36
14-08-2024_15-52-06_p0038_s223_b4,33,4
17-07-2024_14-38-48_p0041_s140_b2,37,31
23-04-2024_11-48-10_p0024_s275_b4,27,33
27-02-2025_14-27-47_p0073_s191_b3,18,21
17-09-2024_15-05-55_p0048_sP02_b1,37,24
22-02-2024_10-55-43_p0017,23,47
20-12-2024_15-15-28_p0061_s154_b2,9,33
15-05-2024_16-11-14_p0032_s138_b2,97,27
27-03-2024_16-15-04_p0015_s39_b1,55,17
16-09-2024_16-43-18_p0045_s24_b1,27,41
26-10-2024_12-17-04_p0051_s180_b3,53,9
04-09-2024_14-53-36_p0044_s267_b4,35,21
07-01-2025_16-17-17_p0063,32,29
08-11-2024_15-56-47_p0053,27,61
14-01-2025_15-18-44_p0060_s104_b2,5,35
06-02-2025_13-54-59_p0067_s130_b2,55,22
29-02-2024_13-43-10_p0010_s14_b1,18,56
25-03-2024_16-15-45_p0020,7,14
13-02-2025_14-05-21_p0067,64,36
19-02-2025_17-05-20_p0072_s81_b1,163,18
08-11-2024_16-05-49_p0053_s126_b2,17,46
28-02-2024_16-27-28_p0011_s113_b2,5,52
13-09-2024_16-25-52_p0046_s11_b1,24,7
01-02-2025_14-18-14_p0064_s36_b1,66,24
26-03-2024_16-19-02_p0022_s239_b4,25,38
27-05-2024_16-39-27_p0032_s21_b1,38,51
06-02-2025_15-16-19_p0068_s141_b2,39,38
23-05-2024_15-00-29_p0035,61,42
16-04-2024_10-45-08_p0025_s256_b4,37,46
13-02-2025_15-24-01_p0067_s72_b1,44,26
24-07-2024_14-26-10_p0041_s47_b1,35,23
08-06-2024_09-46-29_p0031_s247_b4,21,65
08-10-2024_16-27-06_p0049_s154_b2,26,-5
25-01-2025_13-15-19_p0064_s125_b2,39,26
27-03-2025_14-09-09_p0080,26,34
13-12-2024_14-46-09_p0054_s89_b2,92,31
05-10-2024_11-19-25_p0050_s24_b1,52,9
20-05-2024_15-38-28_p0023,23,10
07-02-2025_16-35-08_p0046,40,18
13-02-2025_14-50-43_p0067_s21_b1,40,44
16-07-2024_16-57-49_p0039_s278_b4,37,9
26-02-2024_16-17-30_p0019_s275_b4,41,34
06-09-2024_16-03-37_p0047,10,3
25-01-2025_13-07-35_p0064_s114_b2,35,20
30-01-2025_16-30-49_p0068_s208_b3,7,19
11-03-2025_15-06-11_p0073_s214_b4,31,27
27-11-2024_15-40-27_p0054_s272_b4,50,13
26-02-2025_09-31-33_p0074_s94_b2,63,31
25-03-2024_16-42-47_p0020,2,5
06-08-2024_16-48-04_p0039_s76_b1,63,29
17-09-2024_15-47-57_p0048_s236_b4,50,15
07-12-2024_11-31-37_p0053_s78_b1,26,22
19-06-2024_16-52-05_p0023_s80_b1,16,26
05-03-2024_10-37-42_p0014_s49_b1,19,33
16-10-2024_16-10-05_p0049,40,4
20-05-2024_11-36-19_p0034_s37_b1,34,43
19-07-2024_15-50-08_p0040_s71_b1,23,12
02-04-2024_15-35-33_p0021_s187_b3,41,26
30-08-2024_15-35-40_p0046_s109_b2,14,20
08-06-2024_09-31-25_p0031_s222_b4,48,52
03-05-2024_14-03-42_p0027_s92_b2,22,23
26-03-2024_15-40-00_p0022,42,22
14-03-2025_17-30-31_p0077_s59_b1,79,18
17-09-2024_16-22-54_p0048_s283_b4,32,16
15-05-2024_15-23-57_p0032_s88_b2,60,35
18-06-2024_15-22-08_p0028_s132_b2,47,40
26-11-2024_15-40-47_p0056,60,43
27-05-2024_16-55-47_p0032_s59_b1,22,63
25-01-2025_12-52-45_p0064_s86_b2,92,13
06-02-2025_15-13-13_p0068_s132_b2,29,36
03-04-2025_14-05-59_p0080,26,16
07-05-2024_14-43-39_p0027_s283_b4,40,29
26-11-2024_15-54-58_p0056_s134_b2,101,35
26-04-2024_14-40-14_p0028_s23_b1,4,51
03-02-2025_16-52-16_p0071_s107_b2,44,26
05-10-2024_11-32-00_p0050_s61_b1,21,16
29-04-2024_12-04-49_p0029_s153_b2,28,16
17-08-2024_11-23-24_p0043_s274_b4,54,13
06-02-2025_13-33-29_p0067_s92_b2,24,25
15-05-2024_15-36-20_p0032_s107_b2,42,31
08-04-2024_16-00-34_p0021_s146_b2,18,25
01-02-2025_14-28-26_p0064_s57_b1,54,20
08-06-2024_10-22-42_p0031_s11_b1,20,38
03-10-2024_15-19-17_p0050_s187_b3,50,25
10-05-2024_18-54-58_p0025,24,20
11-03-2025_15-48-49_p0073_s18_b1,22,40
13-03-2024_15-01-21_p0014,107,59
19-06-2024_16-21-00_p0023_s10_b1,33,22
25-02-2025_19-11-59_p0075_s125_b2,40,35
05-10-2024_09-40-55_p0050_s237_b4,32,21
26-03-2024_15-42-48_p0022_s198_b3,29,22
08-11-2024_15-49-30_p0053,35,36
24-01-2025_15-47-33_p0060_s45_b1,52,33
30-01-2025_16-08-43_p0068,12,19
16-04-2024_15-44-12_p0016_s187_b3,6,20
22-03-2025_12-00-09_p0079_s134_b2,65,28
05-03-2024_10-43-08_p0014_s66_b1,137,54
12-12-2024_15-37-48_p0057_s98_b2,51,37
19-11-2024_16-49-32_p0054_s206_b3,30,26
07-01-2025_13-48-51_p0062_s15_b1,63,54
15-02-2025_11-16-40_p0065_s143_b2,95,9
28-01-2025_14-12-24_p0067_s241_b3,95,19
22-02-2024_11-09-50_p0017_sP14_b3,35,66
19-06-2024_15-32-12_p0023_s185_b3,34,38
20-05-2024_15-20-33_p0023_s97_b2,9,23
08-11-2024_16-07-52_p0053_s130_b2,83,36
22-04-2024_09-23-50_p0025_s175_b3,20,28
06-09-2024_15-31-43_p0047_s115_b2,65,26
23-05-2024_15-16-54_p0035_s198_b3,-5,44
13-03-2024_15-43-29_p0014_s216_b4,10,26
10-05-2024_16-46-10_p0033_s60_b1,11,22
19-06-2024_10-56-33_p0036,30,27
01-02-2025_14-26-09_p0064_s52_b1,25,20
17-02-2025_17-59-12_p0071_s212_b4,41,23
11-03-2025_18-54-25_p0075_s50_b1,27,16
07-01-2025_14-01-41_p0062_s37_b1,35,29
17-06-2024_15-19-09_p0019_s129_b2,33,14
23-11-2024_10-22-56_p0053_s241_b3,52,30
19-02-2025_10-36-37_p0074,43,45
08-10-2024_16-16-29_p0049_s147_b2,15,9
22-02-2024_15-39-56_p0014_s184_b3,97,22
23-04-2024_11-32-07_p0024_s247_b4,28,20
20-12-2024_14-30-21_p0061_s100_b2,23,27
11-03-2025_16-10-55_p0073_s73_b1,28,29
03-04-2025_14-01-31_p0080,32,17
22-02-2024_15-49-47_p0014,41,35
24-01-2025_15-20-27_p0060_s277_b4,4,34
20-03-2025_14-47-34_p0076_s128_b2,51,7
19-06-2024_15-35-12_p0023_s188_b3,111,33
23-11-2024_13-43-24_p0052_s151_b2,20,22
22-01-2024_16-39-24_p9,78,-10
29-08-2024_15-41-31_p0045_s230_b4,26,32
22-02-2024_15-23-14_p0014_s164_b3,5,32
30-08-2024_16-19-41_p0046,23,23
29-04-2024_15-18-30_p0024_s161_b3,34,52
24-03-2025_17-29-25_p0076_s4_b1,50,23
27-02-2025_14-26-46_p0073_s188_b3,15,20
10-12-2024_15-24-27_p0056_s221_b4,59,42
19-07-2024_15-50-28_p0040_s72_b1,58,7
13-11-2024_16-44-10_p0051_s13_b1,27,17
26-08-2024_16-40-10_p0019_s182_b3,46,24
31-03-2025_18-49-14_p0079_s281_b4,31,40
08-05-2024_10-05-27_p0030_s155_b2,40,45
19-07-2024_13-57-38_p0040_s102_b2,40,25
18-12-2024_17-31-20_p0057,28,20
15-02-2025_10-44-27_p0065_s104_b2,42,20
28-01-2025_14-07-27_p0067,56,13
30-09-2024_15-40-28_p0049_s232_b4,11,26
12-06-2024_17-04-13_p0038,39,28
08-01-2025_16-09-38_p0063_s3_b1,30,38
20-03-2024_15-21-43_p0015_s195_b3,35,44
13-09-2024_16-39-30_p0046_s43_b1,10,8
26-11-2024_16-19-49_p0056,27,38
24-05-2024_19-10-52_p0031,-10,28
24-01-2025_14-56-53_p0060_s240_b4,15,38
30-04-2024_13-47-06_p0024,44,61
18-12-2024_09-17-58_p0061_s162_b3,74,42
19-07-2024_14-22-27_p0040_s141_b2,43,23
23-07-2024_16-13-38_p0039_s105_b2,44,14
16-05-2024_14-46-53_p0034_s123_b2,79,44
16-10-2024_15-38-55_p0049_s173_b3,21,13
26-08-2024_15-35-15_p0019_s50_b1,17,36
19-07-2024_15-29-50_p0040_s35_b1,46,25
24-03-2025_17-32-53_p0076_s14_b1,34,11
26-04-2024_14-36-51_p0028_s15_b1,60,27
17-12-2024_16-58-53_p0060,0,31
22-03-2025_11-39-35_p0079_s88_b2,27,29
03-05-2024_08-50-48_p0030_s61_b1,42,44
08-10-2024_16-27-22_p0049_s155_b2,16,3
25-03-2025_18-23-23_p0079,34,16
13-02-2025_13-58-04_p0067_s254_b4,10,39
11-03-2025_16-10-36_p0073_sP03_b1,41,32
10-09-2024_14-05-22_p0048,17,14
10-01-2025_15-39-59_p0063_s223_b4,12,37
02-05-2024_16-03-18_p0026_s256_b4,17,24
13-03-2024_16-13-33_p0014_s271_b4,61,23
10-05-2024_10-08-29_p0030_s281_b4,44,30
08-08-2024_15-12-47_p0042_s137_b2,30,29
11-06-2024_14-26-24_p0035_s133_b2,31,27
10-12-2024_15-19-26_p0056_s213_b4,42,35
28-02-2024_16-16-41_p0011_s97_b2,16,41
09-05-2024_14-18-52_p0033_s90_b2,61,26
14-08-2024_16-11-12_p0038_s254_b4,19,14
07-01-2025_14-20-46_p0062_s70_b1,103,56
28-09-2024_13-17-47_p0016_s223_b4,25,0
28-09-2024_13-20-33_p0016_s227_b4,21,6
22-02-2024_11-10-17_p0017,53,47
22-08-2024_15-22-53_p0042,38,3
27-11-2024_15-42-11_p0054_s276_b4,60,19
16-04-2024_10-36-24_p0025_s237_b4,16,48
16-04-2024_15-53-41_p0016,2,16
05-02-2025_17-34-38_p0072,39,15
04-10-2024_14-50-24_p0050_sP07_b2,12,49
25-03-2024_16-16-39_p0020_s108_b2,12,19
08-06-2024_10-51-27_p0031_s78_b1,34,39
12-07-2024_14-33-18_p0040_s166_b3,82,44
08-01-2025_14-47-03_p0063,150,25
12-12-2024_19-13-25_p0058,76,18
24-05-2024_18-47-30_p0031_s117_b2,45,36
11-07-2024_15-21-20_p0041,60,50
10-12-2024_15-54-00_p0056_s251_b4,36,30
29-02-2024_13-59-36_p0010_s33_b1,41,40
19-02-2025_11-08-01_p0074,32,69
13-02-2025_14-11-54_p0067,50,37
27-02-2025_14-39-12_p0073_s242_b3,3,14
30-10-2024_14-42-47_p0052_s167_b3,56,49
10-12-2024_17-03-41_p0056_s21_b1,43,35
03-08-2024_11-12-12_p0043_s190_b3,51,15
02-05-2024_16-02-09_p0026_s253_b4,15,20
10-01-2025_14-55-42_p0062_s122_b2,98,46
30-04-2024_13-29-50_p0024_s125_b2,17,53
31-03-2025_18-27-35_p0079_s227_b4,26,51
04-09-2024_14-55-05_p0044_s270_b4,73,89
30-09-2024_15-44-16_p0049,27,8
08-07-2024_12-07-01_p0040_s245_b4,77,27
06-02-2025_15-29-06_p0068_s154_b2,25,26
15-02-2025_09-52-14_p0065_s21_b1,58,20
01-02-2025_09-56-06_p0069,20,16
26-11-2024_15-43-44_p0056_s120_b2,99,60
25-03-2024_15-26-55_p0020_s210_b4,46,67
08-05-2024_09-40-59_p0030_s111_b2,10,28
27-02-2025_14-17-28_p0073_s171_b3,9,13
13-12-2024_16-31-23_p0054_s63_b1,60,16
20-02-2025_19-28-43_p0075,39,22
28-08-2024_15-36-49_p0038_s142_b2,61,12
18-12-2024_09-50-39_p0061_s186_b3,50,32
07-03-2024_13-44-34_p0010_s91_b2,16,29
18-03-2024_11-19-41_p0013_s226_b4,30,7
03-05-2024_19-00-35_p0031_s201_b3,11,14
27-03-2024_15-23-38_p0015,49,25
19-07-2024_14-16-52_p0040_s130_b2,104,20
29-04-2024_15-37-18_p0024_s172_b3,33,54
14-01-2025_15-54-08_p0060_s147_b2,32,30
06-08-2024_16-20-06_p0039_s18_b1,41,27
06-02-2025_15-22-24_p0068,18,22
08-01-2025_16-40-53_p0063_s64_b1,81,55
19-06-2024_15-19-08_p0023,43,62
27-05-2024_15-53-07_p0032_s193_b3,25,28
10-12-2024_16-18-12_p0056_s279_b4,55,33
19-06-2024_10-39-13_p0036_s159_b3,33,38
04-02-2025_17-06-40_p0066,30,25
23-07-2024_16-04-31_p0039_sP05_b2,39,35
23-04-2024_11-45-55_p0024_s270_b4,28,16
21-02-2025_18-15-22_p0068_s53_b1,16,22
30-09-2024_16-08-03_p0049_s272_b4,22,8
20-05-2024_12-34-56_p0034_s273_b4,55,35
08-05-2024_09-28-28_p0030_s84_b2,50,16
14-01-2025_15-43-36_p0060_s133_b2,27,46
18-12-2024_09-42-39_p0061_s177_b3,60,40
10-12-2024_17-22-49_p0056_s38_b1,96,33
30-01-2024_11-23-11_p11,31,46
10-05-2024_09-05-20_p0030_s201_b3,48,54
15-02-2025_11-03-27_p0065_s129_b2,71,15
08-01-2025_15-13-47_p0063,18,32
22-08-2024_15-52-24_p0042_s252_b4,29,11
18-04-2024_15-29-28_p0026_s107_b2,7,25
30-10-2024_15-05-11_p0052_s181_b3,59,30
30-01-2024_15-03-17_p12,57,18
17-09-2024_16-01-17_p0048_s258_b4,24,31
12-12-2024_19-38-20_p0058,20,25
29-02-2024_13-53-25_p0010_s29_b1,23,52
29-02-2024_14-13-24_p0010_s65_b1,5,47
07-05-2024_15-03-49_p0027_s34_b1,13,0
28-01-2025_13-54-03_p0067,31,31
08-08-2024_14-49-42_p0042_s106_b2,11,22
15-05-2024_15-35-48_p0032_s106_b2,29,31
25-03-2024_15-42-47_p0020_s245_b4,22,29
06-09-2024_15-57-22_p0047_s141_b2,16,21
28-01-2025_13-34-45_p0067_s177_b3,41,26
19-02-2025_10-48-14_p0074_s181_b3,71,42
06-02-2025_14-16-34_p0067_s151_b2,41,15
30-01-2024_14-55-14_p12,28,33
28-08-2024_15-39-48_p0038_s144_b2,59,18
12-06-2024_16-59-56_p0038_s199_b3,32,50
22-02-2024_14-04-29_p0018_s91_b2,16,15
12-12-2024_16-28-49_p0057,26,20
11-07-2024_15-48-01_p0041,28,25
08-05-2024_16-04-56_p0033_s191_b3,50,48
14-03-2025_17-12-56_p0077_s6_b1,72,10
20-05-2024_12-04-43_p0034_s218_b4,54,41
27-03-2025_14-18-42_p0080_s184_b3,99,53
01-02-2025_13-42-55_p0064,77,17
17-08-2024_10-41-15_p0043_s80_b1,98,16
03-05-2024_14-08-56_p0027_s110_b2,3,34
10-01-2025_15-34-36_p0063_s218_b4,36,47
31-01-2025_15-19-15_p0065_s181_b3,61,48
23-11-2024_10-00-27_p0053_s186_b3,33,24
04-09-2024_16-25-28_p0044_sP03_b1,64,12
13-09-2024_16-21-04_p0046_s1_b1,52,12
05-09-2024_16-02-20_p0047_s235_b4,40,31
16-04-2024_10-25-30_p0025_s220_b4,7,40
13-11-2024_16-59-21_p0051_s49_b1,39,29
04-07-2024_15-14-42_p0039,15,49
26-02-2024_16-21-08_p0019_s281_b4,28,18
08-06-2024_09-32-55_p0031_s223_b4,34,61
10-12-2024_17-28-32_p0056_s49_b1,135,13
01-02-2025_14-26-53_p0064_s54_b1,68,22
22-08-2024_17-00-11_p0042_s67_b1,51,22
08-06-2024_10-31-10_p0031_s36_b1,20,25
18-01-2025_09-51-20_p0057_s226_b4,16,7
10-09-2024_16-35-06_p0045,142,30
01-02-2025_12-19-54_p0070_s264_b4,43,16
13-11-2024_17-57-39_p0051_s272_b4,15,27
03-05-2024_08-31-44_p0030_s14_b1,29,43
27-03-2025_15-02-15_p0078_s164_b3,39,43
18-04-2024_10-24-19_p0025_s42_b1,16,33
19-03-2024_15-01-09_p0022_s95_b2,51,27
08-10-2024_16-17-25_p0049,16,3
31-01-2025_14-49-35_p0065,26,34
22-04-2024_09-21-26_p0025_s171_b3,18,19
21-01-2025_15-27-38_p0065_s273_b4,51,43
28-06-2024_14-09-03_p0035_s8_b1,22,56
15-05-2024_15-33-54_p0032_s104_b2,33,31
28-08-2024_17-02-33_p0038_s79_b1,118,12
03-04-2024_16-02-26_p0023_s259_b4,76,28
13-03-2024_15-02-13_p0014_s107_b2,24,27
24-03-2025_17-34-11_p0076_s20_b1,34,7
12-03-2025_10-13-50_p0074_s227_b4,15,21
16-04-2024_10-43-19_p0025_s252_b4,12,43
11-03-2025_18-43-48_p0075_s18_b1,62,20
13-09-2024_16-43-50_p0046_s54_b1,19,9
25-03-2024_15-57-23_p0020_s273_b4,23,27
28-01-2025_13-56-48_p0067,36,33
17-06-2024_15-39-26_p0019,9,26
27-11-2024_15-36-42_p0054,32,39
03-10-2024_15-11-25_p0050_s178_b3,23,16
19-12-2024_16-04-29_p0062_s184_b3,92,6
17-06-2024_15-14-22_p0019_s120_b2,27,20
24-03-2025_17-40-48_p0076_s46_b1,41,3
14-03-2025_16-59-08_p0077,43,26
16-04-2024_10-51-05_p0025_s262_b4,11,45
31-03-2025_18-33-11_p0079_s246_b4,51,42
30-04-2024_13-09-52_p0024_s96_b2,49,45
26-04-2024_15-09-27_p0028_s73_b1,29,20
03-04-2025_13-54-18_p0080_s135_b2,74,20
06-05-2024_15-34-11_p0032_s238_b4,52,45
20-05-2024_12-17-18_p0034_s245_b4,37,50
08-01-2025_16-30-02_p0063_s43_b1,15,60
30-04-2024_13-43-55_p0024,43,36
17-09-2024_15-13-26_p0048_s79_b1,19,7
22-02-2024_11-56-28_p0017_s274_b4,24,35
22-02-2024_11-52-52_p0017_s263_b4,35,63
29-04-2024_12-01-22_p0029,32,18
08-06-2024_09-35-16_p0031_s225_b4,25,63
20-02-2025_19-01-14_p0075,42,23
17-12-2024_16-54-32_p0060_s192_b3,43,3
11-02-2025_18-11-53_p0066_s41_b1,29,26
11-03-2024_16-16-10_p0020,30,39
28-08-2024_16-24-43_p0038_s12_b1,107,0
28-09-2024_13-43-52_p0016_s274_b4,9,4
13-05-2024_15-50-27_p0028,15,8
22-01-2025_17-56-23_p0066_s244_b3,68,17
13-02-2025_19-40-11_p0070_s54_b1,59,17
10-01-2025_15-54-09_p0063_s255_b4,19,48
16-10-2024_16-51-25_p0049_s78_b1,21,2
20-02-2025_19-48-45_p0075_s243_b3,79,17
15-02-2025_10-12-10_p0065_s61_b1,57,34
01-02-2025_09-44-12_p0069_s234_b4,25,22
10-02-2025_17-01-33_p0071_s182_b3,22,16
07-01-2025_16-20-34_p0063,15,38
12-12-2024_19-45-20_p0058_s152_b2,55,11
10-05-2024_18-17-22_p0025_s103_b2,30,9
25-03-2024_16-41-16_p0020,15,9
26-10-2024_12-35-50_p0051,95,-4
08-04-2024_15-30-50_p0021_s93_b2,21,44
13-02-2025_18-41-27_p0070_s174_b3,49,39
28-08-2024_09-46-21_p0044_s120_b2,72,25
18-04-2024_15-22-47_p0026_s87_b2,6,28
19-07-2024_15-39-09_p0040_s51_b1,113,19
13-02-2025_18-35-17_p0070,186,34
17-07-2024_14-53-25_p0041,68,44
07-12-2024_10-21-22_p0053,23,28
19-12-2024_16-19-55_p0062_s202_b3,35,15
20-05-2024_12-39-48_p0034_s282_b4,49,58
18-06-2024_16-45-00_p0028_s260_b4,21,30
26-02-2025_10-07-43_p0074,51,30
20-05-2024_15-40-51_p0023_s119_b2,9,12
30-08-2024_15-54-18_p0046,27,24
30-10-2024_15-06-04_p0052_s183_b3,47,69
13-02-2025_19-41-42_p0070_s58_b1,52,35
10-05-2024_18-15-08_p0025_s98_b2,40,23
30-01-2024_15-07-36_p12,77,11
16-09-2024_17-08-00_p0045_s64_b1,142,18
31-08-2024_13-12-38_p0047_s179_b3,52,33
19-06-2024_16-16-45_p0023_s2_b1,31,22
16-07-2024_16-42-15_p0039_s258_b4,34,12
10-09-2024_14-31-08_p0048,24,3
01-02-2025_12-17-05_p0070,29,6
01-02-2025_12-15-11_p0070,102,1
27-05-2024_16-35-36_p0032_s15_b1,20,13
10-08-2024_10-46-35_p0043_s112_b2,22,51
19-12-2024_16-29-30_p0062_s244_b3,70,15
04-07-2024_15-35-06_p0039_s186_b3,43,36
13-02-2025_18-20-56_p0070,37,28
10-05-2024_09-14-54_p0030_s243_b3,47,73
07-02-2025_16-09-08_p0046_s159_b3,35,24
22-01-2024_16-53-22_p9,20,26
21-08-2024_14-56-15_p0044_sP14_b3,55,5
01-02-2025_12-23-40_p0070_s274_b4,54,12
17-06-2024_14-54-51_p0019_s93_b2,28,33
11-02-2025_18-04-24_p0066_s23_b1,43,28
11-06-2024_14-33-26_p0035_s147_b2,27,23
26-03-2024_15-43-44_p0022_s200_b3,31,20
11-05-2024_09-29-18_p0034,61,27
20-02-2024_16-55-02_p0015_s261_b4,22,27
09-05-2024_15-12-42_p0033,51,24
10-01-2025_15-58-14_p0063,83,46
19-03-2024_15-15-54_p0022_sP07_b2,22,31
24-07-2024_15-24-22_p0041_s268_b4,52,31
11-02-2025_18-47-16_p0069_s110_b2,44,35
11-03-2025_18-19-41_p0075_s267_b4,48,21
17-09-2024_14-55-32_p0048_s54_b1,12,28
07-12-2024_10-29-02_p0053_s251_b4,41,23
06-02-2025_14-49-05_p0068_s97_b2,24,34
28-08-2024_09-57-49_p0044_s140_b2,60,31
24-04-2024_15-47-44_p0027_s181_b3,84,68
18-01-2025_13-24-53_p0064_s244_b3,84,3
26-08-2024_15-37-03_p0019_s54_b1,34,30
26-02-2025_10-38-46_p0074,29,21
30-01-2024_15-03-30_p12,46,16
29-04-2024_15-20-47_p0024,41,49
16-09-2024_14-56-53_p0045,46,16
20-03-2025_15-59-56_p0078_s106_b2,52,15
29-04-2024_16-06-06_p0024_s204_b3,54,103
11-02-2025_19-17-00_p0069,10,11
01-08-2024_17-01-37_p0042_sP20_b3,15,16
26-03-2024_16-06-12_p0022_s212_b4,-36,8
22-02-2024_11-55-17_p0017_s270_b4,25,31
13-02-2025_19-08-34_p0070_s208_b3,38,28
22-02-2024_13-18-54_p0018_s2_b1,26,34
21-01-2025_15-09-34_p0065_s249_b4,36,36
07-03-2024_14-01-32_p0010_s130_b2,24,32
27-02-2025_14-17-50_p0073_s173_b3,7,15
05-12-2024_15-45-02_p0055_s15_b1,42,21
22-03-2025_11-39-48_p0079,38,35
14-02-2025_18-17-55_p0073,19,14
23-05-2024_15-25-20_p0035,24,36
06-05-2024_16-00-54_p0032_s266_b4,46,55
21-02-2025_17-26-26_p0068_s255_b4,36,17
03-02-2025_17-28-23_p0071,14,14
13-03-2024_15-54-59_p0014_s231_b4,36,37
12-02-2025_17-03-53_p0072_s141_b2,56,24
19-12-2024_16-25-38_p0062_s208_b3,40,15
05-10-2024_10-15-19_p0050_s275_b4,31,9
14-03-2025_16-29-30_p0077_s237_b4,29,25
19-02-2025_10-50-02_p0074_s185_b3,47,29
11-02-2025_19-08-14_p0069_s142_b2,9,39
05-09-2024_14-51-46_p0047_s30_b1,56,8
23-11-2024_10-20-40_p0053,39,30
06-11-2024_16-48-01_p0051_s125_b2,38,60
15-02-2025_10-00-45_p0065_s37_b1,41,20
19-06-2024_09-59-07_p0036_s22_b1,45,27
12-03-2024_14-12-31_p0022_s1_b1,89,31
20-05-2024_15-19-46_p0023_s95_b2,12,19
13-02-2025_13-57-41_p0067_s253_b4,51,29
22-02-2024_13-21-04_p0018_s11_b1,26,34
03-04-2024_16-07-19_p0023_s267_b4,20,39
18-04-2024_15-40-25_p0026_s137_b2,14,33
25-03-2024_15-52-27_p0020_s262_b4,6,20
12-02-2025_16-57-25_p0072_s128_b2,99,18
03-05-2024_19-04-02_p0031,18,14
08-06-2024_10-44-02_p0031_s62_b1,43,32
02-04-2024_15-18-55_p0021,18,24
05-06-2024_15-34-54_p0037_s267_b4,32,25
05-12-2024_17-21-27_p0055_s266_b4,31,15
07-02-2025_16-49-05_p0046,23,10
06-02-2025_15-10-55_p0068_s127_b2,29,29
06-08-2024_16-45-39_p0039_s71_b1,34,26
19-06-2024_16-50-01_p0023_s74_b1,15,21
22-02-2024_15-31-34_p0014,8,45
20-05-2024_16-02-50_p0023,13,5
11-03-2025_16-12-05_p0073_s76_b1,-13,58
25-01-2025_12-53-23_p0064_sP05_b2,61,40
11-03-2025_15-07-50_p0073_s221_b4,27,30
16-05-2024_14-57-22_p0034_s135_b2,91,49
27-11-2024_15-35-07_p0054_s262_b4,22,20
10-02-2025_16-17-38_p0071,151,22
18-01-2025_09-40-41_p0057_s214_b4,33,13
16-04-2024_15-53-00_p0016,12,25
08-10-2024_16-10-49_p0049_s139_b2,10,0
20-03-2025_16-11-48_p0078_s129_b2,99,28
18-12-2024_17-25-15_p0057_s191_b3,35,21
07-02-2025_16-08-34_p0046_s158_b3,153,16
05-12-2024_17-03-45_p0055_s234_b4,14,27
03-04-2024_16-11-48_p0023_s278_b4,24,15
31-08-2024_12-54-44_p0047,20,25
10-12-2024_17-32-27_p0056_s57_b1,36,26
02-05-2024_15-15-37_p0026,29,21
13-02-2025_14-40-59_p0067_s4_b1,42,34
13-02-2025_18-53-47_p0070,85,28
19-12-2024_15-58-15_p0062_s174_b3,34,-95
25-01-2025_13-16-28_p0064_s128_b2,105,22
06-11-2024_16-36-53_p0051_s108_b2,29,13
04-09-2024_14-24-34_p0044_s219_b4,65,28
19-03-2024_15-52-29_p0022_s150_b2,38,31
22-02-2024_11-00-58_p0017_s174_b3,-2,37
14-02-2025_18-08-09_p0073_s127_b2,16,26
08-11-2024_16-31-19_p0053_s153_b2,16,56
28-06-2024_15-07-13_p0035_s212_b4,57,31
07-12-2024_10-42-10_p0053_s268_b4,28,27
23-04-2024_15-33-49_p0026_s74_b1,25,52
27-03-2025_15-11-48_p0078,27,62
20-02-2025_19-08-52_p0075_sP12_b3,36,25
07-01-2025_15-08-19_p0062_s258_b4,43,46
07-12-2024_10-53-51_p0053_s1_b1,38,33
11-07-2024_15-17-15_p0041,26,27
11-02-2025_16-50-22_p0066_s220_b4,33,21
22-01-2025_17-38-48_p0066,25,13
23-11-2024_10-23-19_p0053_s243_b3,39,25
06-11-2024_16-47-26_p0051,54,47
27-05-2024_15-41-39_p0032_s179_b3,20,36
19-06-2024_10-54-07_p0036,29,29
29-08-2024_16-13-24_p0045_s263_b4,42,21
13-02-2025_19-09-01_p0070_sP20_b3,46,38
19-02-2025_10-48-46_p0074_s182_b3,35,39
19-11-2024_16-53-55_p0054_sP20_b3,21,23
18-12-2024_10-02-11_p0061_s198_b3,51,32
26-02-2025_10-07-08_p0074,44,26
03-10-2024_14-49-42_p0050,20,20
29-04-2024_15-58-15_p0024_s195_b3,37,53
14-03-2025_16-44-59_p0077_s265_b4,62,25
28-02-2024_16-57-34_p0011,-4,31
13-11-2024_17-07-55_p0051_s62_b1,45,28
27-03-2025_14-31-25_p0080_s208_b3,45,44
12-07-2024_14-56-45_p0040,12,31
27-05-2024_15-59-32_p0032,19,34
23-07-2024_16-33-02_p0039_s138_b2,22,21
18-12-2024_17-13-31_p0057_s176_b3,32,24
07-01-2025_15-49-03_p0063_s107_b2,69,46
14-08-2024_16-12-27_p0038_s258_b4,32,13
04-07-2024_15-20-30_p0039_s175_b3,58,31
11-06-2024_14-24-18_p0035_s128_b2,23,17
12-02-2025_17-03-27_p0072_s140_b2,63,42
23-07-2024_16-25-31_p0039_s123_b2,60,13
22-01-2025_17-34-42_p0066,30,25
07-12-2024_11-23-44_p0053_s70_b1,26,27
06-05-2024_15-59-39_p0032,92,51
30-10-2024_15-27-24_p0052_s208_b3,22,38
01-02-2025_13-11-52_p0064,55,27
20-12-2024_14-58-37_p0061_s141_b2,60,25
19-02-2025_16-55-05_p0072_s62_b1,105,16
29-04-2024_17-02-58_p0024_s70_b1,21,43
18-06-2024_15-25-13_p0028_s134_b2,19,46
05-02-2025_16-49-45_p0072,162,21
08-07-2024_12-01-25_p0040_s230_b4,24,22
22-02-2024_11-41-21_p0017_s225_b4,38,71
20-12-2024_14-50-32_p0061_s125_b2,40,39
03-08-2024_11-08-53_p0043_s185_b3,37,18
24-07-2024_14-39-01_p0041_s78_b1,36,12
17-02-2025_18-13-12_p0071_s237_b4,33,12
06-05-2024_15-17-07_p0032_s216_b4,62,44
19-11-2024_15-49-01_p0054,22,16
27-03-2025_14-20-59_p0080_s188_b3,34,47
04-10-2024_15-21-11_p0050,28,43
21-02-2025_17-58-19_p0068_s18_b1,82,24
28-02-2024_16-49-37_p0011_s142_b2,47,34
18-03-2024_15-27-00_p0020_s29_b1,17,31
06-02-2025_19-03-04_p0069,49,25
22-03-2025_11-55-24_p0079_s123_b2,57,31
24-05-2024_19-05-14_p0031,111,17
22-02-2024_11-54-51_p0017_s268_b4,50,66
27-03-2025_14-29-41_p0080_s204_b3,32,34
13-02-2025_18-59-46_p0070_s199_b3,55,33
22-02-2024_11-18-34_p0017_sP20_b3,-3,20
06-09-2024_15-47-08_p0047_s126_b2,129,34
01-02-2025_14-17-12_p0064_s33_b1,85,25
19-06-2024_10-44-09_p0036_s164_b3,44,30
12-07-2024_14-58-53_p0040_s172_b3,74,51
20-02-2024_16-58-57_p0015_s269_b4,9,22
06-11-2024_16-58-48_p0051,25,13
12-03-2024_14-29-30_p0022_s34_b1,8,28
25-01-2025_13-39-13_p0064_s149_b2,34,1
12-12-2024_16-18-09_p0057_s147_b2,61,21
19-12-2024_15-52-57_p0062,78,45
19-03-2024_14-58-58_p0022_s91_b2,28,33
13-03-2024_16-08-58_p0014_s262_b4,45,23
21-12-2024_09-26-23_p0061,45,24
04-02-2025_16-31-54_p0066_s97_b2,51,23
07-02-2025_16-26-44_p0046,23,23
22-04-2024_09-48-10_p0025,15,43
03-05-2024_08-48-18_p0030_s54_b1,27,40
04-10-2024_15-19-51_p0050,28,30
28-08-2024_15-19-42_p0038_s116_b2,44,16
08-05-2024_16-21-13_p0033,51,66
24-04-2024_15-24-12_p0027,176,78
28-02-2024_16-43-37_p0011_s131_b2,62,38
27-03-2025_15-33-56_p0078_s199_b3,52,31
05-10-2024_11-33-01_p0050_s63_b1,23,-6
30-10-2024_14-34-57_p0052,108,18
08-06-2024_09-21-37_p0031_s211_b4,13,31
16-10-2024_15-33-26_p0049,29,10
03-08-2024_10-23-25_p0043_s164_b3,27,27
23-07-2024_16-28-52_p0039_s128_b2,88,31
04-09-2024_14-33-17_p0044_s231_b4,52,18
22-02-2024_15-26-14_p0014_s168_b3,22,50
19-06-2024_16-42-54_p0023_s60_b1,24,29
26-04-2024_15-01-13_p0028_s59_b1,82,47
18-03-2024_11-40-50_p0013_s273_b4,47,29
29-04-2024_16-24-35_p0024_s1_b1,31,44
20-05-2024_11-48-19_p0034_s60_b1,31,37
08-08-2024_15-11-14_p0042_s132_b2,32,22
19-02-2025_16-20-35_p0072_s282_b4,95,5
16-05-2024_15-09-26_p0034,40,61
22-03-2025_11-53-08_p0079_s117_b2,62,25
14-01-2025_15-25-10_p0060_s116_b2,29,33
12-12-2024_16-00-30_p0057_s123_b2,68,23
29-04-2024_17-05-51_p0024_s77_b1,22,30
06-08-2024_16-18-26_p0039_s15_b1,45,42
08-04-2024_17-01-14_p0021_s73_b1,1,42
13-12-2024_15-36-26_p0054_s131_b2,26,34
08-11-2024_15-50-27_p0053_s107_b2,29,73
19-06-2024_15-03-08_p0023_s159_b3,39,50
13-11-2024_18-01-52_p0051_s281_b4,14,24
02-05-2024_15-22-20_p0026_s204_b3,11,22
19-03-2024_15-46-49_p0022,20,19
04-07-2024_15-07-35_p0039_s166_b3,35,44
13-09-2024_16-24-08_p0046_s7_b1,8,0
07-12-2024_11-08-59_p0053_s38_b1,39,30
08-11-2024_16-22-03_p0053,17,58
15-02-2025_10-56-44_p0065_s120_b2,51,18
31-08-2024_13-06-32_p0047,23,68
19-11-2024_16-10-53_p0054_s186_b3,12,27
12-07-2024_15-02-39_p0040,26,56
17-07-2024_14-49-24_p0041,32,44
13-03-2024_15-54-37_p0014_s230_b4,17,36
01-02-2025_10-35-24_p0069_s43_b1,50,14
08-05-2024_16-22-58_p0033,77,46
17-12-2024_17-22-44_p0060,28,16
27-05-2024_15-30-56_p0032,22,29
16-09-2024_16-56-59_p0045_s47_b1,45,21
16-07-2024_16-39-46_p0039_s251_b4,30,8
20-03-2025_15-01-48_p0076,32,25
15-02-2025_11-28-47_p0065_s151_b2,35,8
02-05-2024_14-42-23_p0026_s159_b3,28,22
30-04-2024_13-54-32_p0024_s157_b2,37,66
29-04-2024_15-33-59_p0024,43,45
18-03-2024_15-42-22_p0020_s66_b1,7,44
14-02-2025_18-25-43_p0073_s156_b2,6,22
20-05-2024_11-43-41_p0034_s51_b1,42,31
17-02-2025_17-39-43_p0071_s68_b1,120,26
20-05-2024_16-09-32_p0023_s149_b2,18,17
20-02-2024_16-40-57_p0015,16,19
05-09-2024_15-38-13_p0047_s81_b1,5,33
20-05-2024_16-10-19_p0023_s152_b2,-11,25
26-02-2025_09-24-25_p0074_s82_b2,60,18
13-11-2024_17-57-19_p0051,40,8
14-12-2024_12-10-46_p0059_s153_b2,41,16
19-11-2024_16-24-50_p0054,43,30
13-02-2025_13-52-31_p0067_s238_b4,40,33
28-11-2024_16-19-27_p0055,33,51
13-02-2025_15-09-03_p0067_s48_b1,107,24
07-03-2024_14-11-17_p0010,13,25
05-12-2024_17-29-40_p0055_s280_b4,22,22
23-05-2024_15-24-18_p0035_s241_b3,91,31
19-02-2025_16-06-10_p0072_s262_b4,42,20
20-05-2024_12-39-11_p0034_s281_b4,57,58
23-04-2024_15-09-16_p0026_s20_b1,32,78
04-09-2024_16-01-14_p0044_s33_b1,120,7
16-10-2024_16-27-00_p0049_s15_b1,16,3
27-03-2025_15-41-01_p0078,76,29
08-08-2024_14-38-09_p0042_s84_b2,16,27
19-06-2024_16-20-30_p0023_s9_b1,49,30
30-10-2024_15-29-29_p0052_s243_b3,52,37
13-12-2024_16-28-46_p0054_s57_b1,36,26
02-04-2024_15-48-46_p0021_s200_b3,23,30
22-03-2025_12-15-40_p0079_s157_b2,74,27
16-05-2024_15-06-31_p0034,46,46
14-08-2024_16-24-48_p0038_s270_b4,23,9
27-03-2024_15-59-46_p0015_s5_b1,22,27
18-04-2024_15-51-57_p0026,24,16
24-03-2025_17-37-51_p0076_s33_b1,31,9
12-03-2024_14-25-40_p0022_s23_b1,22,32
26-10-2024_12-19-06_p0051_s185_b3,40,9
29-04-2024_11-40-47_p0029,21,27
04-09-2024_14-45-14_p0044_s258_b4,33,23
16-05-2024_14-21-19_p0034_s85_b2,70,32
05-06-2024_15-14-26_p0037_s232_b4,16,36
22-02-2024_14-33-34_p0018,9,8
13-09-2024_16-38-02_p0046_s39_b1,11,10
16-04-2024_10-42-11_p0025_s249_b4,16,68
21-01-2025_15-02-25_p0065_s237_b4,25,32
11-07-2024_15-31-02_p0041_s187_b3,43,32
30-01-2024_14-46-29_p12,54,24
19-06-2024_11-15-41_p0036_s192_b3,34,41
26-03-2024_16-13-20_p0022_s225_b4,33,29
08-04-2024_17-00-29_p0021_s72_b1,31,36
30-01-2024_14-45-30_p12,52,42
14-01-2025_15-16-22_p0060_s98_b2,29,47
14-02-2025_17-58-58_p0073_s108_b2,10,19
19-06-2024_15-08-39_p0023,114,43
05-09-2024_16-32-42_p0047_s275_b4,29,31
03-05-2024_08-49-06_p0030_s56_b1,14,24
18-12-2024_16-46-54_p0057_s168_b3,89,15
30-09-2024_15-41-10_p0049_s234_b4,24,13
19-06-2024_16-39-40_p0023_s51_b1,25,22
08-05-2024_15-31-26_p0033,58,54
26-03-2024_15-21-17_p0022_s177_b3,22,29
26-08-2024_16-50-05_p0019_s194_b3,43,18
05-06-2024_15-16-27_p0037_s237_b4,15,39
14-12-2024_11-23-42_p0059_s126_b2,37,16
05-12-2024_16-11-23_p0055_s57_b1,55,23
19-06-2024_16-50-19_p0023_s75_b1,16,19
21-01-2025_15-10-01_p0065_s250_b4,15,47
15-02-2025_12-25-59_p0070,35,16
15-02-2025_12-30-24_p0070_s152_b2,31,11
24-05-2024_19-08-29_p0031,28,43
06-02-2025_18-54-39_p0069_s199_b3,32,33
16-05-2024_14-40-29_p0034,24,51
10-05-2024_16-46-44_p0033_s62_b1,31,45
03-08-2024_10-21-19_p0043,51,31
03-02-2025_16-58-50_p0071,72,24
10-09-2024_17-42-57_p0045,65,23
05-10-2024_11-23-16_p0050_s37_b1,26,7
19-06-2024_16-21-43_p0023_s12_b1,32,27
31-01-2024_14-35-48_p13,79,-12
04-02-2025_16-55-38_p0066_s137_b2,32,24
10-01-2025_16-08-57_p0063_s271_b4,64,18
07-01-2025_15-12-37_p0062_s261_b4,44,45
17-08-2024_10-47-48_p0043_s218_b4,39,26
14-01-2025_16-07-46_p0060_s155_b2,22,36
19-03-2024_15-19-56_p0022_s123_b2,55,26
19-06-2024_09-55-41_p0036_s15_b1,26,25
08-05-2024_15-14-10_p0033,67,58
08-11-2024_14-53-37_p0052_s46_b1,85,63
30-01-2024_11-15-30_p11,-8,43
07-01-2025_14-53-55_p0062_s225_b4,43,41
28-09-2024_13-46-39_p0016_s280_b4,7,4
25-03-2024_16-14-41_p0020_s103_b2,4,15
19-07-2024_14-26-12_p0040_s147_b2,96,29
22-01-2025_17-16-07_p0066,17,41
03-09-2024_14-53-54_p0048_s176_b3,35,12
26-08-2024_15-14-31_p0019_s1_b1,32,29
19-06-2024_15-15-20_p0023,39,35
08-01-2025_14-46-33_p0063_s165_b3,70,25
16-07-2024_16-28-51_p0039_s226_b4,34,17
07-03-2024_14-12-23_p0010,23,21
19-02-2025_16-31-24_p0072_s11_b1,23,16
16-09-2024_15-31-38_p0045_s113_b2,30,12
23-04-2024_11-29-57_p0024_s240_b4,22,17
19-07-2024_15-19-27_p0040_s14_b1,81,12
03-05-2024_08-52-23_p0030_s63_b1,41,27
17-12-2024_16-24-02_p0060_s168_b3,21,23
08-05-2024_15-24-57_p0033_s169_b3,45,76
12-03-2025_10-43-16_p0074_s5_b1,96,46
26-08-2024_16-20-52_p0019_s168_b3,33,38
05-12-2024_16-04-21_p0055_s44_b1,67,38
31-01-2025_15-15-42_p0065,23,31
05-02-2025_17-20-55_p0072_s187_b3,59,15
17-12-2024_17-15-03_p0060_s203_b3,2,18
15-02-2025_11-29-35_p0065_s154_b2,39,13
01-08-2024_16-04-00_p0042_s165_b3,11,14
21-12-2024_09-29-31_p0061_s226_b4,32,8
07-05-2024_14-39-23_p0027_s277_b4,33,20
25-02-2025_18-47-49_p0075_s113_b2,29,24
05-06-2024_10-26-28_p0036,51,8
23-04-2024_15-36-15_p0026_s81_b1,20,48
26-03-2024_15-41-16_p0022_s195_b3,35,20
29-04-2024_11-43-31_p0029_s120_b2,28,27
05-06-2024_15-06-05_p0037_s218_b4,28,29
25-02-2025_18-29-02_p0075_s92_b2,52,16
13-09-2024_16-07-22_p0046,30,4
12-03-2024_10-25-38_p0021_s230_b4,-6,47
23-05-2024_14-48-10_p0035_s167_b3,39,32
22-01-2025_17-44-46_p0066_s201_b3,23,18
18-01-2025_10-26-37_p0057_s273_b4,39,21
16-09-2024_15-21-47_p0045_s102_b2,45,12
29-04-2024_11-34-30_p0029_s102_b2,9,6
16-10-2024_16-51-09_p0049_s77_b1,13,-4
23-11-2024_13-01-26_p0052_s88_b2,13,31
25-03-2024_16-20-26_p0020,4,16
11-07-2024_15-16-42_p0041,28,37
09-05-2024_14-50-08_p0033_s130_b2,48,39
08-05-2024_16-27-37_p0033_s243_b3,83,49
17-08-2024_10-40-27_p0043_s78_b1,70,2
08-04-2024_16-17-48_p0021_s152_b2,17,24
08-11-2024_14-55-36_p0052_s48_b1,64,51
21-12-2024_09-46-58_p0061_s264_b4,34,20
25-02-2025_18-37-28_p0075_s104_b2,49,27
05-02-2025_17-00-33_p0072,29,1
10-09-2024_17-00-46_p0045_s171_b3,112,13
11-07-2024_15-04-54_p0041_s161_b3,71,41
02-05-2024_14-56-28_p0026,25,15
04-09-2024_14-27-46_p0044_s222_b4,35,27
30-09-2024_15-57-57_p0049,7,4
28-09-2024_13-40-18_p0016_s265_b4,11,11
07-12-2024_11-06-41_p0053_s30_b1,43,33
08-05-2024_10-05-06_p0030_s154_b2,51,39
10-12-2024_15-42-53_p0056_s245_b4,83,47
18-03-2024_11-50-55_p0013_s283_b4,11,12
16-09-2024_14-57-18_p0045,46,16
01-02-2025_10-15-39_p0069_sP01_b1,46,15
28-08-2024_09-22-15_p0044_s86_b2,62,28
08-06-2024_09-19-49_p0031,20,40
14-03-2025_17-22-35_p0077_s36_b1,64,14
24-07-2024_15-17-44_p0041,77,25
03-02-2025_16-44-59_p0071_s96_b2,71,26
23-04-2024_11-26-57_p0024_s231_b4,20,22
19-12-2024_16-24-27_p0062,40,18
19-06-2024_10-46-16_p0036_s167_b3,45,28
05-06-2024_10-07-40_p0036_s235_b4,30,9
28-02-2024_16-48-32_p0011_s140_b2,7,43
11-02-2025_17-15-19_p0066_s257_b4,42,16
17-09-2024_16-17-02_p0048_s278_b4,16,0
18-12-2024_09-33-18_p0061,56,24
15-02-2025_10-08-08_p0065_s51_b1,97,47
29-02-2024_14-16-08_p0010_s70_b1,29,29
05-10-2024_09-21-00_p0050_s216_b4,22,16
03-04-2025_14-02-09_p0080,34,39
26-03-2024_16-37-41_p0022_s280_b4,35,35
26-04-2024_14-35-40_p0028_s12_b1,20,30
10-05-2024_15-36-43_p0033_s256_b4,33,47
27-02-2025_14-33-24_p0073,32,27
11-02-2025_19-06-14_p0069_s140_b2,31,22
15-05-2024_15-55-01_p0032_s123_b2,48,18
06-05-2024_15-17-30_p0032_s217_b4,62,66
13-02-2025_14-01-27_p0067,83,32
17-09-2024_16-00-42_p0048_s256_b4,27,20
10-09-2024_14-28-01_p0048_s114_b2,20,12
14-12-2024_12-11-23_p0059_s155_b2,41,2
07-05-2024_14-18-42_p0027_s233_b4,32,52
13-09-2024_15-18-59_p0046_s217_b4,38,22
10-05-2024_09-03-29_p0030_s197_b3,36,66
18-01-2025_09-37-05_p0057_s209_b4,39,31
28-02-2024_16-46-20_p0011_s136_b2,8,37
21-12-2024_09-58-40_p0061_s283_b4,59,10
28-08-2024_09-28-13_p0044_s95_b2,62,25
26-04-2024_14-39-33_p0028_s21_b1,67,16
18-03-2024_15-31-46_p0020_s45_b1,16,21
08-01-2025_16-46-26_p0063_s73_b1,72,31
12-12-2024_15-43-00_p0057_s105_b2,58,31
16-09-2024_16-31-41_p0045_s2_b1,34,25
29-04-2024_12-02-38_p0029,32,19
20-05-2024_12-15-00_p0034_s237_b4,53,52
29-02-2024_14-09-23_p0010_s56_b1,5,40
24-05-2024_18-32-10_p0031_s86_b2,41,42
06-05-2024_15-24-34_p0032,54,37
05-09-2024_14-48-16_p0047_s24_b1,77,12
05-10-2024_11-15-05_p0050_s15_b1,20,12
27-03-2024_16-10-40_p0015_s32_b1,24,25
17-12-2024_17-21-30_p0060_s241_b3,47,10
07-12-2024_11-01-07_p0053_s16_b1,37,27
07-03-2024_13-57-52_p0010_s120_b2,4,22
24-03-2025_16-46-45_p0076_s211_b4,37,23
19-07-2024_14-32-56_p0040,24,12
31-08-2024_14-10-04_p0047_s208_b3,28,29
01-02-2025_11-57-10_p0070_s221_b4,40,32
22-04-2024_09-40-42_p0025_s200_b3,18,35
08-08-2024_14-49-19_p0042,-3,35
06-02-2025_14-13-43_p0067,14,19
08-08-2024_14-29-54_p0042,9,27
10-05-2024_15-39-23_p0033_s257_b4,33,32
05-06-2024_15-05-43_p0037_s217_b4,37,32
14-01-2025_15-06-56_p0060_s84_b2,63,41
01-08-2024_16-44-11_p0042_s188_b3,29,8
22-08-2024_16-05-01_p0042_s273_b4,46,4
05-09-2024_15-20-35_p0047_s48_b1,25,6
16-07-2024_16-37-24_p0039_s246_b4,40,18
20-12-2024_14-32-02_p0061_s102_b2,70,29
13-09-2024_16-36-42_p0046_s36_b1,15,14
08-08-2024_14-37-33_p0042_s82_b2,23,34
13-12-2024_16-00-09_p0054_s156_b2,33,20
09-05-2024_14-23-39_p0033_s100_b2,47,25
07-12-2024_10-54-37_p0053_s4_b1,32,29
31-03-2025_18-49-51_p0079_s283_b4,76,39
16-04-2024_15-55-50_p0016_s199_b3,10,32
18-12-2024_09-49-07_p0061_s183_b3,45,53
12-12-2024_15-59-01_p0057_s120_b2,52,27
20-02-2025_19-35-29_p0075_s195_b3,73,20
24-01-2025_16-06-03_p0060_s69_b1,27,34
14-02-2025_18-22-11_p0073,11,9
11-07-2024_15-25-06_p0041,48,23
03-05-2024_14-09-10_p0027_s111_b2,6,22
21-08-2024_14-23-07_p0044,149,8
10-05-2024_15-25-42_p0033_s231_b4,42,47
27-03-2024_15-44-15_p0015_s154_b2,23,12
31-03-2025_18-47-27_p0079_s277_b4,44,52
05-10-2024_09-20-01_p0050_s213_b4,31,12
28-02-2024_16-06-23_p0011_s82_b2,-5,22
26-03-2024_15-48-09_p0022,24,12
31-01-2024_14-51-56_p13,34,37
08-10-2024_15-46-41_p0049_s94_b2,11,4
04-09-2024_14-41-57_p0044_s250_b4,23,19
05-06-2024_15-39-33_p0037_s277_b4,21,27
03-08-2024_10-36-20_p0043,8,9
03-08-2024_11-13-44_p0043_s192_b3,40,20
31-03-2025_18-21-47_p0079_s218_b4,29,51
25-02-2025_18-40-29_p0075_s106_b2,67,28
03-05-2024_14-29-23_p0027_s151_b2,13,23
20-03-2024_15-18-02_p0015_s193_b3,1,19
07-01-2025_16-17-52_p0063,8,55
06-09-2024_15-50-49_p0047_s132_b2,29,19
08-01-2025_16-11-59_p0063_s8_b1,13,44
22-02-2024_15-10-18_p0014,46,33
03-12-2024_15-30-40_p0056,25,34
28-11-2024_16-03-19_p0055_s138_b2,75,52
08-01-2025_16-49-01_p0063_s79_b1,85,29
04-02-2025_16-34-07_p0066_s102_b2,49,24
29-04-2024_11-51-27_p0029_s138_b2,22,20
06-02-2025_18-48-59_p0069_s193_b3,31,39
17-08-2024_10-07-07_p0043_s9_b1,2,22
17-08-2024_10-59-39_p0043_s237_b4,38,35
08-06-2024_10-25-49_p0031_s20_b1,41,14
27-03-2024_15-04-01_p0015_s85_b2,34,17
17-12-2024_16-51-29_p0060_s189_b3,19,16
21-12-2024_09-32-44_p0061_s235_b4,36,30
03-02-2025_17-01-53_p0071_s118_b2,45,20
12-03-2025_11-05-46_p0074_s57_b1,52,66
12-12-2024_19-27-49_p0058_s134_b2,30,22
08-07-2024_12-34-15_p0040_s281_b4,26,32
24-01-2025_15-00-22_p0060_s250_b4,13,40
14-12-2024_11-30-25_p0059_s138_b2,61,19
22-02-2024_11-06-34_p0017_s186_b3,42,63
11-05-2024_10-00-11_p0034,65,34
28-08-2024_16-56-16_p0038_sP02_b1,74,10
24-07-2024_14-17-14_p0041_s27_b1,79,24
18-06-2024_15-11-42_p0028_sP07_b2,46,34
21-02-2025_17-38-54_p0068_s266_b4,33,19
16-04-2024_10-30-38_p0025_s225_b4,3,50
06-08-2024_16-47-46_p0039_s75_b1,33,27
20-05-2024_15-14-42_p0023_sP05_b2,25,55
01-02-2025_13-44-34_p0064_s264_b4,33,24
22-08-2024_17-05-36_p0042_s80_b1,118,69
13-02-2025_13-38-58_p0067_s215_b4,26,33
11-02-2025_17-24-23_p0066_s273_b4,50,12
12-06-2024_10-03-54_p0036_s123_b2,55,13
28-06-2024_15-42-15_p0035_s266_b4,10,14
27-03-2025_13-59-41_p0080_s158_b3,57,32
24-03-2025_17-28-44_p0076_s1_b1,27,2
24-03-2025_17-31-09_p0076_s10_b1,25,16
28-03-2025_15-26-27_p0081,37,57
28-08-2024_15-53-48_p0038,16,17
23-11-2024_10-18-47_p0053_s204_b3,22,19
12-03-2025_10-23-16_p0074_s248_b4,24,26
28-09-2024_13-29-51_p0016_s254_b4,11,11
26-08-2024_16-57-50_p0019,45,18
20-03-2024_15-10-09_p0015_sP12_b3,-3,13
17-12-2024_16-30-48_p0060,17,15
11-02-2025_18-17-36_p0066_s56_b1,41,19
07-12-2024_10-19-59_p0053_s239_b4,16,35
22-02-2024_14-24-39_p0018_s134_b2,56,28
02-05-2024_15-51-42_p0026_s224_b4,12,16
20-02-2025_19-01-58_p0075_s171_b3,112,23
11-06-2024_14-31-23_p0035_s143_b2,33,24
06-02-2025_13-45-00_p0067_s113_b2,23,12
07-05-2024_14-12-44_p0027_s221_b4,42,56
26-11-2024_15-20-17_p0056_s94_b2,76,53
14-01-2025_16-05-33_p0060_s150_b2,10,33
14-02-2025_18-19-02_p0073,17,10
27-02-2025_14-30-12_p0073,18,18
12-07-2024_14-56-29_p0040,5,41
13-02-2025_15-11-34_p0067_s52_b1,197,20
05-06-2024_10-04-24_p0036_s229_b4,42,17
14-12-2024_10-47-28_p0059_s96_b2,63,19
04-10-2024_14-55-24_p0050_s124_b2,53,25
10-12-2024_15-54-59_p0056_s253_b4,44,32
13-12-2024_16-25-01_p0054_s48_b1,72,35
06-11-2024_16-52-03_p0051_s135_b2,98,14
01-02-2025_09-52-37_p0069_s258_b4,31,22
30-01-2025_15-49-38_p0068_s166_b3,-2,26
05-10-2024_10-17-11_p0050_s279_b4,31,15
31-01-2025_14-49-09_p0065_s159_b3,27,37
11-07-2024_15-28-15_p0041_s184_b3,93,35
10-05-2024_16-27-29_p0033_s14_b1,17,15
28-01-2025_13-40-16_p0067_s179_b3,42,20
10-05-2024_16-16-23_p0033_s283_b4,52,40
22-02-2024_11-35-50_p0017,13,44
17-08-2024_10-24-15_p0043_s44_b1,65,5
18-12-2024_09-54-30_p0061_s191_b3,55,39
15-02-2025_11-52-25_p0070_s95_b2,24,15
20-03-2025_16-12-59_p0078_s133_b2,83,38
21-02-2024_11-31-00_p0013_s8_b1,31,49
22-01-2024_17-20-01_p9,48,19
07-01-2025_16-04-53_p0063_s125_b2,60,35
20-03-2025_14-56-18_p0076_s147_b2,67,10
14-08-2024_16-16-32_p0038,26,28
23-07-2024_16-29-42_p0039_s130_b2,48,25
12-06-2024_16-08-11_p0038_s168_b3,48,35
22-02-2024_11-04-15_p0017_s179_b3,10,25
03-10-2024_16-04-21_p0050_sP20_b3,27,16
08-07-2024_11-49-58_p0040_s215_b4,30,9
11-07-2024_15-48-22_p0041_s208_b3,29,29
03-05-2024_14-25-35_p0027,19,18
03-10-2024_14-48-02_p0050,141,21
20-05-2024_15-32-04_p0023_s106_b2,15,11
08-01-2025_16-32-12_p0063_s48_b1,103,29
08-05-2024_15-21-27_p0033_s166_b3,79,44
27-02-2025_14-14-27_p0073,16,17
16-09-2024_16-57-34_p0045_s48_b1,27,20
24-04-2024_15-38-11_p0027_s171_b3,94,86
30-01-2024_14-53-41_p12,46,31
10-05-2024_16-46-21_p0033_s61_b1,26,9
28-08-2024_15-03-15_p0038_s88_b2,34,13
13-02-2025_13-59-58_p0067_s258_b4,17,34
22-02-2024_11-51-00_p0017,90,42
03-05-2024_18-29-13_p0031_s166_b3,18,20
01-02-2025_13-27-05_p0064_s234_b4,27,26
08-05-2024_15-22-00_p0033_s167_b3,24,50
30-01-2025_16-16-46_p0068_s190_b3,34,19
06-11-2024_16-52-47_p0051_s137_b2,14,18
10-05-2024_18-56-36_p0025,17,15
20-12-2024_15-16-04_p0061_s156_b2,15,19
28-01-2025_13-42-05_p0067_s183_b3,63,26
11-02-2025_18-21-10_p0066_s65_b1,74,27
12-12-2024_16-05-09_p0057_s132_b2,52,37
22-02-2024_15-47-57_p0014_s198_b3,34,24
13-02-2025_18-39-46_p0070_s171_b3,89,36
22-02-2024_14-31-57_p0018,13,17
06-09-2024_15-56-51_p0047_s140_b2,71,19
14-03-2025_16-17-28_p0077_s215_b4,48,8
24-05-2024_19-11-50_p0031,32,52
12-03-2025_11-15-13_p0074_s79_b1,114,54
16-05-2024_14-46-25_p0034_s122_b2,62,52
19-11-2024_15-41-24_p0054,105,4
19-06-2024_10-04-11_p0036_s33_b1,136,37
25-03-2025_18-50-45_p0079_s204_b3,100,18
26-02-2025_09-25-17_p0074_s84_b2,64,24
12-12-2024_19-11-38_p0058_s114_b2,16,27
03-09-2024_14-48-59_p0048,88,16
23-11-2024_13-36-51_p0052,15,48
18-06-2024_15-08-23_p0028_s115_b2,29,95
17-02-2025_18-13-49_p0071_s239_b4,36,21
27-05-2024_16-53-08_p0032_s52_b1,30,75
11-05-2024_10-13-07_p0034_s244_b3,113,34
21-02-2025_17-10-47_p0068,56,20
28-02-2024_16-18-30_p0011_s100_b2,19,55
10-01-2025_15-34-12_p0063_s217_b4,42,34
06-02-2025_15-23-22_p0068,18,12
16-04-2024_15-43-25_p0016_s186_b3,9,17
06-02-2025_14-55-19_p0068_s108_b2,28,34
18-04-2024_10-22-58_p0025_s39_b1,18,31
20-03-2025_15-56-44_p0078_s98_b2,54,36
07-02-2025_16-29-55_p0046,80,25
24-05-2024_18-49-49_p0031_s124_b2,56,40
12-03-2024_10-53-54_p0021_s283_b4,37,36
31-03-2025_18-40-24_p0079,23,44
08-08-2024_14-41-40_p0042_s89_b2,36,35
20-02-2024_16-40-21_p0015_s240_b4,15,29
23-07-2024_16-52-38_p0039_s152_b2,10,21
17-06-2024_15-05-17_p0019_s109_b2,62,19
31-01-2024_14-54-49_p13,50,49
26-08-2024_16-56-26_p0019,59,10
05-03-2024_10-28-25_p0014_s23_b1,36,47
08-04-2024_15-23-49_p0021_s84_b2,36,34
01-02-2025_12-18-29_p0070_s263_b4,59,12
18-06-2024_16-35-26_p0028_s246_b4,31,27
27-03-2024_15-43-22_p0015_s151_b2,13,14
19-06-2024_15-17-18_p0023,51,45
22-02-2024_13-21-31_p0018_s13_b1,27,29
18-04-2024_10-33-54_p0025_s65_b1,14,23
12-03-2025_10-06-19_p0074_s219_b4,50,22
14-12-2024_10-43-53_p0059_s89_b2,112,21
10-08-2024_10-53-04_p0043_s122_b2,79,25
03-05-2024_14-29-46_p0027_s153_b2,14,19
17-09-2024_16-22-15_p0048_s282_b4,45,5
08-11-2024_16-19-28_p0053,69,28
08-05-2024_09-31-03_p0030_s89_b2,43,22
03-09-2024_14-56-46_p0048,25,2
30-01-2024_11-04-29_p11,7,23
27-05-2024_17-04-56_p0032_s81_b1,18,43
25-02-2025_19-23-48_p0075_s142_b2,44,23
07-03-2024_13-56-33_p0010_s118_b2,18,43
14-01-2025_16-03-44_p0060,12,23
28-09-2024_14-33-19_p0016_s64_b1,19,16
16-05-2024_15-09-53_p0034,28,70
10-09-2024_17-06-45_p0045,38,28
05-02-2025_16-59-07_p0072,46,16
15-02-2025_11-54-22_p0070_s101_b2,43,11
06-09-2024_16-04-55_p0047,15,3
17-12-2024_16-18-28_p0060_s165_b3,14,18
16-05-2024_15-11-25_p0034,56,41
09-05-2024_15-14-18_p0033,48,31
24-05-2024_19-03-55_p0031,42,36
20-05-2024_16-10-02_p0023_s151_b2,10,9
12-06-2024_16-25-42_p0038,46,49
22-01-2024_16-28-10_p9,80,10
16-09-2024_15-06-19_p0045,53,23
24-01-2025_16-10-18_p0060_s77_b1,21,36
19-07-2024_15-31-17_p0040_s37_b1,34,33
19-07-2024_15-20-57_p0040_s16_b1,65,24
26-04-2024_14-36-24_p0028_s14_b1,60,28
21-02-2025_17-42-01_p0068_s271_b4,38,14
11-02-2025_17-25-46_p0066_s275_b4,37,21
12-02-2025_16-29-34_p0072_s90_b2,59,20
05-12-2024_17-31-44_p0055_s283_b4,54,16
24-01-2025_15-15-01_p0060_s271_b4,27,91
06-02-2025_13-45-40_p0067_s115_b2,18,21
23-04-2024_11-27-40_p0024_s233_b4,21,23
08-08-2024_14-30-23_p0042,6,25
12-02-2025_17-10-22_p0072,36,22
13-02-2025_15-18-48_p0067_s63_b1,101,25
24-03-2025_17-18-41_p0076_s270_b4,40,17
06-11-2024_16-25-32_p0051_s91_b2,34,21
08-06-2024_09-56-47_p0031_s259_b4,38,33
19-06-2024_15-10-29_p0023,38,47
12-03-2024_10-33-05_p0021_s239_b4,32,41
16-09-2024_14-58-22_p0045,40,21
09-05-2024_14-20-20_p0033_s93_b2,52,20
27-03-2025_15-20-43_p0078_s182_b3,51,51
28-01-2025_13-42-32_p0067_s184_b3,86,34
04-09-2024_14-44-50_p0044_s256_b4,18,25
10-12-2024_15-37-20_p0056_s234_b4,32,35
28-01-2025_13-49-44_p0067_s191_b3,42,14
04-02-2025_16-44-11_p0066_s117_b2,41,30
15-02-2025_12-02-24_p0070,20,15
23-05-2024_15-08-47_p0035_s188_b3,40,33
07-01-2025_15-19-23_p0062_s269_b4,75,31
19-02-2025_16-50-25_p0072_s52_b1,136,15
18-01-2025_10-16-37_p0057,-22,26
24-01-2025_15-48-43_p0060_s47_b1,22,38
28-08-2024_10-02-55_p0044_s147_b2,85,24
13-02-2025_18-49-19_p0070_s184_b3,74,31
27-11-2024_15-09-59_p0054_s219_b4,24,41
26-03-2024_15-50-33_p0022_s241_b3,45,20
10-08-2024_10-34-04_p0043_s84_b2,56,18
11-02-2025_17-21-15_p0066_s266_b4,47,10
21-12-2024_10-30-25_p0061_s64_b1,123,14
06-09-2024_15-30-53_p0047_s114_b2,21,-4
12-03-2025_10-50-03_p0074_s23_b1,42,78
03-09-2024_14-35-18_p0048_s168_b3,20,13
26-02-2025_10-16-25_p0074,54,32
21-12-2024_10-02-05_p0061_s4_b1,29,11
13-12-2024_15-38-43_p0054_s136_b2,65,23
11-07-2024_15-34-22_p0041,27,28
11-06-2024_14-41-59_p0035,30,34
05-02-2025_17-10-00_p0072_s178_b3,53,10
05-09-2024_15-17-34_p0047_s43_b1,50,11
08-05-2024_09-58-40_p0030,34,21
28-06-2024_14-18-01_p0035_s32_b1,37,46
05-10-2024_10-12-59_p0050_s271_b4,21,10
05-10-2024_10-15-36_p0050_s276_b4,36,13
12-02-2025_17-11-31_p0072,43,18
19-07-2024_15-34-56_p0040_s44_b1,115,18
13-02-2025_19-20-02_p0070_s8_b1,13,23
10-09-2024_14-00-34_p0048,16,13
08-11-2024_15-47-06_p0053_s102_b2,10,39
03-04-2025_13-49-22_p0080_s122_b2,72,20
18-04-2024_10-38-16_p0025_s73_b1,21,30
11-02-2025_18-53-05_p0069,-1,35
13-02-2025_19-40-58_p0070_s56_b1,39,29
10-08-2024_10-47-19_p0043_s114_b2,31,20
07-01-2025_15-43-49_p0063_s100_b2,20,59
18-06-2024_16-40-41_p0028_s255_b4,28,28
06-02-2025_18-36-05_p0069,61,31
06-08-2024_16-42-39_p0039_s66_b1,50,29
08-01-2025_16-31-15_p0063_s46_b1,67,47
28-06-2024_14-23-45_p0035_s47_b1,29,49
01-08-2024_16-34-15_p0042_s174_b3,46,-12
19-06-2024_10-09-38_p0036_s44_b1,68,29
12-06-2024_16-00-02_p0038,61,44
28-09-2024_13-04-24_p0016_s212_b4,22,11
18-01-2025_12-40-43_p0064_s169_b3,32,36
20-03-2025_16-29-52_p0078,30,38
17-02-2025_18-13-30_p0071_s238_b4,24,21
18-06-2024_16-54-49_p0028_s273_b4,23,25
25-01-2025_13-14-47_p0064,82,18
07-01-2025_14-02-39_p0062_s39_b1,98,54
02-05-2024_16-15-00_p0026_s273_b4,17,16
04-09-2024_14-18-24_p0044,66,23
24-01-2025_14-58-53_p0060_s247_b4,29,41
19-06-2024_10-07-59_p0036_s40_b1,28,22
17-06-2024_15-26-36_p0019_s142_b2,18,22
15-02-2025_09-59-12_p0065_s33_b1,89,22
04-02-2025_17-07-31_p0066,25,26
20-03-2024_14-55-18_p0015,119,65
29-08-2024_16-32-28_p0045_s280_b4,27,26
07-01-2025_15-13-37_p0062_s263_b4,37,22
26-10-2024_12-19-54_p0051_s187_b3,62,14
24-07-2024_14-53-43_p0041_s210_b4,33,11
31-08-2024_13-14-27_p0047_s182_b3,34,39
08-08-2024_14-30-52_p0042,11,33
05-10-2024_09-33-34_p0050_s225_b4,22,13
07-01-2025_15-52-11_p0063_s113_b2,11,56
07-02-2025_16-27-55_p0046,18,14
21-02-2025_18-05-35_p0068_s29_b1,97,27
26-02-2024_16-12-40_p0019_s267_b4,24,24
26-11-2024_16-22-04_p0056_s151_b2,58,45
30-01-2025_16-04-01_p0068_s172_b3,96,9
30-01-2025_16-03-05_p0068,58,18
30-01-2024_14-14-31_p12,34,27
25-01-2025_13-36-58_p0064,32,24
08-06-2024_10-01-20_p0031_s265_b4,29,44
05-02-2025_17-04-22_p0072_s173_b3,89,20
14-12-2024_10-59-55_p0059_s110_b2,38,34
28-01-2025_13-20-39_p0067,32,43
10-05-2024_16-41-27_p0033_s44_b1,17,16
22-02-2024_14-38-23_p0018,7,21
12-03-2025_10-22-09_p0074_s245_b4,86,26
17-12-2024_16-32-56_p0060,17,10
02-04-2024_15-11-35_p0021_s169_b3,55,22
20-05-2024_12-08-21_p0034,55,42
29-04-2024_11-56-26_p0029,52,15
07-05-2024_15-05-44_p0027_s40_b1,11,4
16-10-2024_15-44-58_p0049_sP12_b3,21,8
01-02-2025_10-37-55_p0069_s49_b1,90,21
13-12-2024_15-48-18_p0054,33,24
31-08-2024_13-11-24_p0047,33,28
07-01-2025_16-19-12_p0063,22,85
19-06-2024_10-43-09_p0036,114,43
18-04-2024_15-29-43_p0026_s108_b2,17,26
20-03-2025_16-32-13_p0078_s152_b2,60,34
06-09-2024_15-23-27_p0047_s100_b2,27,24
06-11-2024_16-19-01_p0051_s83_b2,47,39
04-02-2025_16-53-06_p0066_s134_b2,88,28
19-06-2024_11-29-15_p0036_s207_b3,34,40
06-11-2024_16-30-43_p0051_s99_b2,36,21
30-01-2024_15-06-41_p12,68,26
13-09-2024_15-41-17_p0046_s253_b4,23,12
26-02-2025_09-29-45_p0074_s90_b2,77,31
20-03-2025_15-02-02_p0076,13,38
08-11-2024_16-28-16_p0053,28,37
07-03-2024_13-40-41_p0010_s84_b2,4,23
16-09-2024_17-15-04_p0045_s73_b1,22,15
16-10-2024_16-29-22_p0049_s21_b1,24,3
14-03-2025_16-34-48_p0077_s251_b4,64,13
12-06-2024_09-54-47_p0036_s108_b2,35,24
16-10-2024_15-17-21_p0049_s158_b3,46,11
15-02-2025_12-25-32_p0070,28,5
10-05-2024_09-09-27_p0030_s205_b3,36,44
28-03-2025_15-48-01_p0081_s135_b2,98,41
02-05-2024_15-03-03_p0026,23,22
03-08-2024_11-16-33_p0043_s194_b3,70,24
19-06-2024_15-40-46_p0023_sP14_b3,35,34
02-05-2024_14-58-13_p0026_s172_b3,13,28
08-05-2024_16-28-24_p0033,53,48
06-09-2024_16-12-18_p0047,15,-3
29-04-2024_16-41-04_p0024_s26_b1,30,41
26-10-2024_12-04-35_p0051,76,10
13-02-2025_19-07-27_p0070,71,30
24-07-2024_14-27-46_p0041_s51_b1,29,21
03-08-2024_11-18-50_p0043_s196_b3,36,0
27-03-2024_15-21-57_p0015_s121_b2,25,20
07-01-2025_15-34-33_p0063_s82_b2,56,81
05-06-2024_10-21-16_p0036,48,21
16-04-2024_15-37-29_p0016_s175_b3,12,15
22-02-2024_15-29-12_p0014,3,30
29-02-2024_14-03-45_p0010_s43_b1,13,53
08-05-2024_09-32-31_p0030_s93_b2,29,24
10-09-2024_14-10-53_p0048,35,5
07-01-2025_15-51-47_p0063_s112_b2,44,72
28-06-2024_14-10-03_p0035_s11_b1,20,51
14-12-2024_11-05-18_p0059_s115_b2,48,6
11-03-2025_15-52-23_p0073_s30_b1,20,32
28-08-2024_16-16-51_p0038_s152_b2,140,16
06-08-2024_16-32-41_p0039_s50_b1,19,31
13-05-2024_15-31-40_p0028_s159_b3,39,17
17-12-2024_16-40-49_p0060,27,8
08-11-2024_16-25-58_p0053,31,42
23-04-2024_11-18-04_p0024_s216_b4,32,9
13-12-2024_15-00-53_p0054_s112_b2,41,28
08-11-2024_16-28-34_p0053,35,36
17-08-2024_11-04-21_p0043_s249_b4,34,25
21-01-2025_14-56-39_p0065_s224_b4,10,18
08-05-2024_09-35-32_p0030_s97_b2,22,29
30-04-2024_13-12-12_p0024_s101_b2,66,66
13-11-2024_17-56-44_p0051_s270_b4,26,6
06-09-2024_15-28-56_p0047_s110_b2,12,27
26-11-2024_15-14-14_p0056_sP05_b2,86,52
27-02-2025_14-37-21_p0073_sP20_b3,40,24
03-05-2024_14-04-57_p0027_s97_b2,14,21
06-08-2024_16-38-48_p0039_s59_b1,61,23
28-11-2024_15-56-47_p0055_s130_b2,66,60
17-08-2024_10-29-38_p0043_s55_b1,68,10
10-05-2024_19-01-00_p0025_s157_b2,24,4
22-04-2024_09-05-45_p0025,26,19
28-03-2025_15-30-33_p0081_s99_b2,67,55
13-11-2024_16-49-26_p0051_s28_b1,23,30
25-03-2025_18-52-36_p0079_s208_b3,41,19
20-12-2024_14-27-41_p0061_s94_b2,54,28
22-01-2025_17-43-01_p0066_s197_b3,16,28
30-01-2025_16-10-47_p0068_s180_b3,-1,22
08-11-2024_16-28-52_p0053,42,37
06-02-2025_13-57-34_p0067_s136_b2,95,12
23-07-2024_16-53-46_p0039_s155_b2,27,32
28-02-2024_16-02-30_p0011_sP04_b2,35,18
10-12-2024_17-08-27_p0056_s25_b1,65,26
22-02-2024_14-03-47_p0018,3,24
06-09-2024_15-27-49_p0047_s108_b2,33,18
31-03-2025_18-44-23_p0079_s269_b4,60,36
02-04-2024_15-43-25_p0021_s194_b3,27,13
29-04-2024_16-30-02_p0024_s12_b1,31,41
19-06-2024_15-04-30_p0023_s160_b3,36,38
28-09-2024_14-12-59_p0016_s25_b1,13,16
30-04-2024_13-01-43_p0024_s83_b2,36,52
04-10-2024_15-18-43_p0050,25,28
30-01-2025_16-17-07_p0068_s191_b3,73,28
11-06-2024_14-42-20_p0035,28,18
15-05-2024_15-55-32_p0032_s124_b2,18,29
19-02-2025_11-00-16_p0074_s197_b3,41,42
02-04-2024_15-32-59_p0021_s182_b3,35,27
23-11-2024_13-37-58_p0052,12,34
22-03-2025_12-01-40_p0079_s137_b2,59,27
18-01-2025_13-02-53_p0064_s188_b3,41,30
29-04-2024_16-00-27_p0024_s198_b3,44,59
16-07-2024_16-35-07_p0039_s238_b4,46,17
17-09-2024_14-53-43_p0048_s50_b1,36,7
16-10-2024_16-19-52_p0049_s242_b3,39,14
05-06-2024_15-04-30_p0037_s214_b4,23,32
02-04-2024_15-17-17_p0021,26,30
06-11-2024_16-21-02_p0051_s86_b2,43,24
18-06-2024_15-37-21_p0028,45,39
16-09-2024_15-17-11_p0045_s93_b2,18,13
24-01-2025_15-29-52_p0060_s6_b1,48,40
19-02-2025_16-16-09_p0072_s274_b4,58,21
22-04-2024_09-28-15_p0025_s181_b3,18,30
19-06-2024_16-33-24_p0023_s38_b1,44,29
05-02-2025_17-30-18_p0072,55,3
18-01-2025_10-34-04_p0057,27,40
05-10-2024_11-38-09_p0050_s72_b1,19,4
06-02-2025_18-28-35_p0069_sP10_b3,39,35
11-02-2025_16-54-53_p0066,88,20
20-02-2024_16-57-27_p0015,45,38
08-08-2024_15-11-31_p0042_s133_b2,29,29
19-02-2025_16-03-06_p0072_s257_b4,49,12
18-06-2024_15-19-54_p0028_s127_b2,30,49
19-07-2024_15-12-06_p0040_s1_b1,62,22
13-02-2025_18-20-20_p0070_s163_b3,95,39
15-02-2025_12-21-33_p0070,31,12
28-08-2024_10-15-18_p0044_s153_b2,49,0
06-08-2024_16-31-52_p0039_s48_b1,69,33
07-02-2025_16-44-39_p0046_s188_b3,47,23
11-03-2024_16-14-39_p0020_s206_b3,18,32
11-07-2024_15-10-38_p0041_s166_b3,60,27
05-03-2024_10-46-24_p0014_s75_b1,50,62
13-12-2024_15-18-07_p0054_s127_b2,65,18
27-05-2024_16-57-33_p0032_s63_b1,41,47
19-02-2025_11-13-45_p0074_s244_b3,32,45
04-09-2024_16-03-39_p0044_s38_b1,112,3
10-01-2025_14-48-01_p0062_s116_b2,94,36
24-01-2025_15-07-47_p0060_s259_b4,115,43
23-11-2024_09-49-16_p0053_s172_b3,14,30
21-11-2024_15-48-49_p0055,76,39
12-07-2024_14-31-33_p0040_s164_b3,20,59
17-07-2024_14-48-52_p0041,26,58
11-03-2025_18-07-09_p0075_s235_b4,38,25
18-03-2024_11-19-16_p0013_s225_b4,9,17
28-08-2024_10-16-06_p0044_s155_b2,70,-8
15-02-2025_09-50-57_p0065_s17_b1,57,28
14-01-2025_15-06-06_p0060_s82_b2,84,39
11-06-2024_14-20-09_p0035_s122_b2,38,36
08-08-2024_14-32-18_p0042,7,20
08-04-2024_16-11-50_p0021,19,17
19-06-2024_10-17-27_p0036_s60_b1,51,31
02-05-2024_14-54-25_p0026,14,21
08-05-2024_15-39-46_p0033_s176_b3,53,57
11-07-2024_15-15-05_p0041,32,25
30-01-2025_15-45-04_p0068,31,14
07-05-2024_14-32-09_p0027,44,42
16-09-2024_15-32-39_p0045_s115_b2,27,1
07-01-2025_13-42-09_p0062_s3_b1,92,57
10-02-2025_17-22-36_p0071,40,15
30-01-2025_15-47-19_p0068_s163_b3,66,4
26-03-2024_16-33-26_p0022_s270_b4,79,29
11-02-2025_18-02-04_p0066_s17_b1,42,25
12-03-2025_11-02-17_p0074_s51_b1,105,39
12-06-2024_16-26-06_p0038,33,32
21-12-2024_09-51-13_p0061,91,21
08-06-2024_10-06-46_p0031_s276_b4,40,34
01-08-2024_16-36-06_p0042_s176_b3,32,8
30-04-2024_13-09-30_p0024_s95_b2,35,54
02-05-2024_15-58-54_p0026_s245_b4,15,17
29-08-2024_15-49-39_p0045_s248_b4,47,43
12-07-2024_15-17-11_p0040_s196_b3,31,9
26-11-2024_15-50-12_p0056_s128_b2,149,53
20-02-2024_16-51-22_p0015,35,44
28-01-2025_13-25-01_p0067,26,40
05-10-2024_11-30-39_p0050_s58_b1,18,8
18-04-2024_10-36-38_p0025_s71_b1,44,21
18-01-2025_10-04-35_p0057_s247_b4,20,30
05-09-2024_14-46-20_p0047_s22_b1,39,17
17-07-2024_14-50-18_p0041,26,60
14-03-2025_17-23-14_p0077_s37_b1,42,29
11-02-2025_19-05-49_p0069_s139_b2,64,35
08-11-2024_16-13-40_p0053_s137_b2,23,34
12-12-2024_15-26-51_p0057_s84_b2,-2,28
11-07-2024_15-06-22_p0041_s163_b3,117,29
12-12-2024_19-07-33_p0058,55,31
22-04-2024_09-10-10_p0025,44,60
12-03-2024_10-24-08_p0021_s224_b4,23,42
27-05-2024_16-51-57_p0032_s49_b1,38,48
20-12-2024_14-45-37_p0061,45,61
19-03-2024_15-44-57_p0022,18,29
19-02-2025_17-03-19_p0072_s76_b1,86,16
20-05-2024_12-36-47_p0034_s277_b4,39,45
28-08-2024_15-01-59_p0038_sP05_b2,80,26
21-08-2024_15-05-09_p0044_s205_b3,51,14
12-03-2024_14-45-07_p0022_s69_b1,57,34
24-04-2024_15-26-44_p0027,53,72
14-02-2025_18-22-50_p0073,40,10
16-10-2024_15-20-44_p0049,20,23
02-05-2024_15-52-21_p0026_s226_b4,6,24
17-09-2024_16-08-18_p0048_s262_b4,18,23
17-08-2024_10-39-47_p0043_s76_b1,57,12
30-01-2024_11-08-24_p11,17,28
21-12-2024_09-58-12_p0061_s282_b4,59,18
13-02-2025_19-03-02_p0070_s203_b3,34,37
07-03-2024_13-59-18_p0010,72,31
13-03-2024_16-12-54_p0014_s269_b4,65,25
05-02-2025_17-07-58_p0072_s175_b3,67,10
20-02-2024_16-43-12_p0015_s247_b4,21,15
10-08-2024_10-40-46_p0043_s99_b2,31,35
28-08-2024_16-49-55_p0038_s57_b1,54,18
04-07-2024_15-09-14_p0039_s168_b3,28,51
26-10-2024_12-27-32_p0051_s192_b3,47,5
28-01-2025_13-16-06_p0067_s162_b3,90,56
13-02-2025_15-26-53_p0067_s74_b1,83,36
10-09-2024_17-46-12_p0045_sP20_b3,42,20
19-06-2024_16-40-23_p0023_s53_b1,25,7
07-01-2025_16-14-32_p0063_s144_b2,83,40
26-04-2024_15-03-29_p0028_s63_b1,138,17
14-08-2024_15-52-31_p0038_s224_b4,90,4
18-12-2024_17-10-53_p0057,112,29
02-05-2024_16-07-15_p0026,15,29
06-09-2024_15-18-26_p0047_s92_b2,0,10
10-01-2025_15-05-47_p0062_s139_b2,83,50
31-01-2025_15-48-50_p0065_s242_b3,77,37
12-06-2024_10-32-14_p0036_s151_b2,25,22
16-09-2024_17-16-31_p0045_s77_b1,20,27
22-01-2025_17-41-48_p0066_s195_b3,26,28
13-12-2024_16-22-34_p0054_s42_b1,35,25
01-02-2025_10-28-22_p0069_s29_b1,74,21
25-03-2024_15-38-23_p0020_s230_b4,14,47
21-11-2024_16-00-37_p0055_sP20_b3,48,42
05-09-2024_15-58-14_p0047_s228_b4,31,37
05-12-2024_15-57-32_p0055_s33_b1,95,32
22-02-2024_14-40-07_p0018_s157_b2,6,28
04-02-2025_16-34-30_p0066_s103_b2,40,23
26-03-2024_16-18-18_p0022_s237_b4,7,30
31-01-2024_14-53-02_p13,23,24
11-03-2025_15-52-49_p0073_s32_b1,2,22
18-01-2025_12-35-32_p0064_s162_b3,85,30
08-06-2024_10-05-51_p0031_s274_b4,36,38
03-05-2024_18-31-34_p0031_s169_b3,5,26
03-04-2024_16-06-41_p0023_s265_b4,18,38
11-03-2025_17-59-50_p0075_s222_b4,37,44
01-02-2025_09-54-41_p0069_s259_b4,78,4
12-03-2025_10-38-33_p0074_s282_b4,73,32
26-02-2024_15-29-53_p0019_s214_b4,30,36
20-02-2024_16-21-45_p0015_s221_b4,45,31
31-01-2025_14-52-50_p0065,35,45
22-02-2024_11-12-16_p0017,26,64
01-02-2025_10-22-07_p0069_s16_b1,27,24
08-07-2024_12-18-55_p0040_s262_b4,24,34
19-06-2024_15-05-30_p0023,32,49
23-04-2024_15-27-18_p0026_s60_b1,16,6
03-08-2024_10-34-02_p0043,72,15
28-09-2024_14-13-54_p0016_s28_b1,13,14
15-05-2024_15-24-26_p0032,53,13
11-02-2025_19-21-35_p0069_s156_b2,13,18
15-02-2025_10-00-12_p0065_s36_b1,79,20
27-05-2024_16-05-55_p0032_s207_b3,23,34
24-05-2024_18-58-28_p0031_s134_b2,39,54
01-02-2025_13-45-26_p0064_s267_b4,33,21
27-03-2025_14-31-05_p0080,58,54
20-05-2024_15-41-53_p0023_s122_b2,25,13
26-03-2024_16-27-58_p0022_s259_b4,115,28
19-07-2024_14-36-34_p0040,40,14
09-05-2024_14-43-30_p0033_s122_b2,57,32
01-02-2025_14-13-02_p0064_s27_b1,111,17
13-11-2024_17-13-26_p0051_s69_b1,65,19
12-03-2024_10-42-26_p0021,-10,70
05-12-2024_17-32-09_p0055,29,14
14-03-2025_16-22-37_p0077_s222_b4,41,14
30-01-2024_14-12-50_p12,28,18
19-07-2024_15-25-28_p0040_s26_b1,77,24
10-08-2024_10-38-01_p0043_s92_b2,38,65
27-11-2024_15-44-08_p0054_s280_b4,39,21
27-02-2025_14-32-22_p0073_s201_b3,16,17
30-01-2024_11-28-53_p11,3,53
28-06-2024_14-30-11_p0035_s59_b1,31,49
23-11-2024_10-18-30_p0053,23,22
22-02-2024_14-04-17_p0018_s90_b2,0,23
19-02-2025_15-51-12_p0072_s231_b4,49,17
28-08-2024_15-03-57_p0038_s89_b2,47,14
03-02-2025_16-51-22_p0071_s106_b2,44,10
08-05-2024_09-30-33_p0030_s88_b2,33,19
13-02-2025_19-26-12_p0070_s24_b1,19,34
01-02-2025_14-16-19_p0064_s32_b1,113,27
20-03-2025_14-55-51_p0076_s145_b2,34,28
26-02-2025_10-02-39_p0074_s115_b2,31,37
12-06-2024_16-49-08_p0038_s191_b3,57,38
19-11-2024_15-49-38_p0054,28,44
21-08-2024_14-14-57_p0044,40,22
11-02-2025_18-27-04_p0066_s77_b1,32,21
15-02-2025_09-43-35_p0065_s1_b1,45,28
05-09-2024_14-47-47_p0047_s23_b1,27,23
19-03-2024_15-44-22_p0022,9,13
10-08-2024_10-45-32_p0043_s109_b2,30,32
24-03-2025_17-17-37_p0076_s265_b4,31,10
03-05-2024_08-41-22_p0030_s39_b1,38,47
28-09-2024_13-18-44_p0016_s224_b4,33,8
08-08-2024_15-06-54_p0042_s126_b2,92,26
12-02-2025_16-39-39_p0072_s106_b2,74,20
12-12-2024_15-47-41_p0057_s112_b2,30,35
07-03-2024_13-57-36_p0010_s119_b2,22,30
19-07-2024_15-40-06_p0040_s53_b1,153,7
19-12-2024_16-09-38_p0062,36,12
14-12-2024_10-36-20_p0059_sP04_b2,78,16
21-12-2024_10-31-35_p0061_s66_b1,28,36
11-03-2025_18-07-45_p0075_s237_b4,53,27
22-02-2024_15-45-35_p0014,28,26
17-09-2024_15-31-05_p0048_s210_b4,37,17
18-04-2024_15-52-43_p0026_s150_b2,15,42
16-09-2024_16-37-40_p0045_s14_b1,35,25
08-01-2025_14-43-05_p0063_s161_b3,100,39
27-03-2024_15-35-43_p0015,20,27
05-09-2024_15-54-25_p0047_s222_b4,40,29
14-02-2025_17-49-37_p0073_s89_b2,13,19
29-04-2024_15-47-11_p0024_s183_b3,37,64
06-02-2025_13-27-55_p0067_s84_b2,54,20
06-02-2025_14-47-36_p0068_s93_b2,28,27
30-01-2025_16-07-15_p0068_s177_b3,26,14
14-02-2025_17-47-36_p0073_s86_b2,14,14
15-05-2024_16-25-04_p0032,33,38
21-02-2024_11-52-34_p0013_s58_b1,24,21
03-08-2024_10-24-15_p0043,111,24
22-08-2024_16-46-46_p0042_s34_b1,14,31
15-02-2025_11-19-13_p0065,29,17
21-11-2024_15-35-05_p0055_s180_b3,46,31
03-04-2024_15-36-02_p0023_s220_b4,34,48
20-02-2024_16-16-47_p0015_s212_b4,5,6
24-01-2024_17-01-01_p10,47,29
03-05-2024_08-33-23_p0030_s18_b1,27,37
10-05-2024_18-33-55_p0025_s122_b2,46,11
21-01-2025_14-41-44_p0065_s214_b4,90,1
21-02-2024_15-43-12_p0016_s122_b2,3,18
15-02-2025_10-53-01_p0065,106,2
29-08-2024_16-19-33_p0045,64,21
26-10-2024_12-33-16_p0051_s201_b3,29,13
10-05-2024_18-42-39_p0025_s141_b2,17,31
18-12-2024_09-13-45_p0061,46,39
06-08-2024_16-25-57_p0039_s33_b1,41,41
17-07-2024_14-45-20_p0041_s157_b2,29,37
07-05-2024_14-19-22_p0027_s235_b4,29,48
27-03-2025_14-58-28_p0078,67,54
24-04-2024_16-21-11_p0027_s241_b3,53,68
11-03-2024_16-13-30_p0020_s204_b3,-47,45
06-08-2024_16-24-46_p0039_s30_b1,78,26
04-10-2024_14-48-21_p0050,33,38
23-07-2024_16-50-03_p0039,28,21
19-07-2024_15-47-07_p0040_s66_b1,169,11
20-05-2024_12-31-23_p0034_s266_b4,47,64
10-09-2024_14-24-02_p0048_s107_b2,20,12
14-12-2024_11-59-42_p0059,9,39
23-05-2024_14-46-48_p0035,171,38
29-04-2024_16-06-37_p0024_s205_b3,47,69
05-03-2024_10-38-33_p0014_s52_b1,21,20
24-07-2024_15-05-52_p0041_s231_b4,29,42
10-08-2024_11-16-58_p0043_s157_b2,42,27
22-08-2024_16-01-15_p0042_s264_b4,20,5
27-02-2025_14-34-28_p0073_s205_b3,6,8
06-02-2025_18-58-19_p0069_s204_b3,81,29
08-10-2024_15-43-13_p0049_s87_b2,15,8
07-01-2025_16-26-30_p0063_s149_b2,-3,37
14-02-2025_18-21-45_p0073,16,17
06-09-2024_16-10-45_p0047,19,5
13-02-2025_19-20-19_p0070_s9_b1,32,35
08-06-2024_10-24-52_p0031_s17_b1,28,30
19-03-2024_15-40-18_p0022,19,20
03-08-2024_11-23-09_p0043_sP16_b3,15,-1
05-02-2025_16-59-43_p0072,41,27
15-02-2025_12-23-39_p0070,25,18
29-02-2024_14-13-48_p0010_s66_b1,10,39
26-02-2025_10-40-28_p0074_s149_b2,37,25
18-12-2024_16-32-38_p0057_s160_b3,38,19
17-12-2024_17-23-19_p0060_s244_b3,23,20
21-02-2025_17-44-44_p0068_s276_b4,36,24
07-03-2024_13-59-03_p0010_s124_b2,32,39
13-11-2024_17-39-13_p0051_s246_b4,2,39
28-08-2024_15-48-09_p0038,39,12
18-04-2024_15-39-58_p0026_s135_b2,22,33
22-02-2024_15-32-52_p0014_s172_b3,13,50
12-07-2024_15-15-29_p0040,26,-12
28-01-2025_13-26-12_p0067,30,27
28-02-2024_16-41-46_p0011_s128_b2,35,45
02-04-2024_15-31-43_p0021_s181_b3,38,19
14-01-2025_15-14-14_p0060_s95_b2,18,37
23-05-2024_15-09-16_p0035_s189_b3,44,36
11-02-2025_17-31-06_p0066_s281_b4,47,18
07-05-2024_15-17-54_p0027_s72_b1,14,11
02-05-2024_15-58-31_p0026,13,22
24-05-2024_18-35-58_p0031_s93_b2,23,52
27-05-2024_15-36-29_p0032_s177_b3,29,27
12-12-2024_16-31-17_p0057_s150_b2,10,17
21-12-2024_09-19-05_p0061_s209_b4,34,14
18-03-2024_15-45-42_p0020_s76_b1,10,27
20-05-2024_11-49-07_p0034_s62_b1,49,63
21-02-2025_17-06-18_p0068_s214_b4,26,20
11-02-2025_18-25-38_p0066_s73_b1,55,17
23-11-2024_10-06-27_p0053_s192_b3,29,30
19-02-2025_17-02-59_p0072_s75_b1,86,12
19-07-2024_14-26-48_p0040,12,25
11-06-2024_14-13-57_p0035_s114_b2,22,16
18-01-2025_12-30-12_p0064,130,35
18-01-2025_09-39-40_p0057_s212_b4,27,29
22-02-2024_14-03-01_p0018_sP05_b2,75,15
26-02-2024_16-01-10_p0019_s256_b4,28,18
03-10-2024_14-41-30_p0050_s159_b3,-4,21
10-01-2025_14-51-55_p0062_s117_b2,47,31
30-01-2024_14-42-22_p12,23,49
30-09-2024_15-41-32_p0049_s235_b4,15,1
19-12-2024_16-20-51_p0062_sP16_b3,41,23
21-11-2024_15-31-28_p0055_s178_b3,153,53
16-04-2024_15-18-52_p0016_s158_b3,25,31
28-03-2025_15-52-05_p0081_s146_b2,86,33
16-04-2024_10-49-03_p0025,17,47
22-08-2024_15-58-50_p0042,24,21
16-05-2024_14-51-31_p0034_s128_b2,142,36
13-03-2024_15-58-00_p0014_s239_b4,31,31
21-02-2025_17-57-53_p0068_s17_b1,36,24
19-06-2024_10-28-30_p0036_s77_b1,37,27
15-02-2025_10-47-40_p0065_s106_b2,45,13
27-03-2025_15-14-11_p0078,66,78
17-09-2024_14-32-27_p0048_s8_b1,21,32
17-12-2024_16-31-38_p0060,1,17
26-02-2025_09-38-13_p0074,53,32
25-03-2025_18-41-19_p0079_s194_b3,45,14
03-05-2024_08-38-57_p0030_s33_b1,22,38
19-11-2024_16-56-06_p0054_s243_b3,81,20
28-02-2024_16-49-13_p0011_s141_b2,21,29
22-03-2025_11-43-34_p0079_s98_b2,65,63
16-05-2024_14-19-27_p0034_s82_b2,131,39
23-11-2024_13-12-32_p0052_s104_b2,16,40
01-08-2024_16-45-57_p0042_s191_b3,14,5
19-07-2024_15-25-54_p0040_s27_b1,85,18
08-10-2024_15-57-53_p0049,12,10
13-09-2024_15-55-50_p0046_s267_b4,15,5
21-01-2025_15-22-59_p0065_s267_b4,21,18
21-12-2024_09-40-22_p0061_s256_b4,49,8
11-03-2025_18-51-31_p0075_s43_b1,47,19
07-05-2024_14-08-53_p0027_s211_b4,38,21
31-03-2025_18-28-19_p0079_s230_b4,37,51
06-11-2024_16-44-02_p0051_s118_b2,36,48
20-03-2024_15-23-32_p0015_s197_b3,42,30
03-12-2024_16-26-51_p0056,51,36
21-08-2024_15-10-36_p0044_s242_b3,70,12
03-08-2024_10-15-44_p0043_s158_b3,20,30
13-02-2025_15-01-28_p0067_s35_b1,63,19
18-03-2024_11-18-39_p0013_s223_b4,11,22
16-07-2024_16-52-12_p0039_s265_b4,34,23
07-03-2024_14-16-00_p0010_s152_b2,13,28
17-02-2025_17-59-33_p0071_s213_b4,38,18
04-07-2024_15-14-25_p0039,10,48
28-09-2024_13-40-02_p0016_s264_b4,18,10
28-01-2025_13-18-20_p0067_s165_b3,62,41
08-11-2024_14-56-30_p0052_s50_b1,36,37
11-06-2024_13-52-52_p0035_s82_b2,50,17
24-07-2024_15-19-09_p0041,25,23
22-03-2025_12-03-18_p0079_s142_b2,45,33
28-06-2024_15-48-50_p0035_s280_b4,22,3
20-03-2025_15-06-51_p0076_s155_b2,33,17
12-12-2024_16-34-55_p0057_s156_b2,20,19
18-12-2024_09-14-42_p0061_s160_b3,52,25
19-07-2024_14-00-03_p0040_s106_b2,42,19
12-12-2024_16-00-52_p0057_s124_b2,72,28
10-12-2024_15-55-29_p0056_s254_b4,32,34
07-01-2025_14-19-55_p0062_s68_b1,120,44
17-09-2024_15-45-57_p0048_s232_b4,26,21
19-06-2024_10-41-01_p0036_s161_b3,34,35
23-05-2024_14-55-31_p0035,25,29
13-02-2025_15-23-17_p0067_s70_b1,68,34
19-03-2024_15-03-27_p0022_s99_b2,41,45
05-03-2024_10-22-33_p0014_s4_b1,20,37
17-09-2024_15-43-49_p0048_s227_b4,32,14
08-07-2024_12-09-01_p0040_s249_b4,20,20
15-02-2025_12-18-34_p0070_s142_b2,26,21
30-08-2024_15-30-07_p0046_s98_b2,19,18
25-01-2025_13-04-55_p0064_s107_b2,55,11
12-07-2024_15-14-52_p0040_sP14_b3,21,-12
19-06-2024_11-04-25_p0036,25,39
04-07-2024_15-31-58_p0039_s180_b3,28,52
28-08-2024_09-45-03_p0044_s117_b2,38,25
16-05-2024_14-59-31_p0034_s140_b2,112,32
03-10-2024_15-58-31_p0050_s202_b3,26,8
06-02-2025_18-21-32_p0069_s160_b3,46,25
22-02-2024_14-38-38_p0018_s149_b2,20,27
13-12-2024_15-36-48_p0054_s132_b2,40,25
21-02-2025_18-10-54_p0068_s41_b1,35,22
30-09-2024_15-22-22_p0049,101,-1
07-02-2025_17-06-17_p0046_s244_b3,56,16
19-11-2024_15-28-41_p0054_s158_b3,35,29
10-12-2024_17-37-09_p0056_s64_b1,106,44
06-02-2025_14-44-29_p0068_s88_b2,16,25
17-12-2024_16-40-09_p0060_s178_b3,12,17
10-01-2025_14-31-00_p0062_s87_b2,47,48
25-03-2024_16-34-19_p0020_s143_b2,6,15
21-11-2024_15-25-26_p0055,30,56
30-08-2024_15-21-57_p0046_s82_b2,21,26
30-04-2024_13-16-45_p0024_s109_b2,19,24
22-01-2025_17-10-59_p0066,118,42
24-05-2024_18-43-11_p0031_s112_b2,33,41
19-06-2024_10-52-42_p0036,26,30
26-03-2024_16-09-49_p0022_s221_b4,41,24
13-12-2024_15-16-24_p0054_s125_b2,54,32
30-08-2024_16-02-05_p0046_s126_b2,26,15
10-01-2025_15-06-24_p0062_s140_b2,97,41
08-06-2024_10-40-36_p0031_s58_b1,25,40
17-08-2024_10-50-10_p0043_s221_b4,42,15
20-02-2024_16-59-22_p0015_s271_b4,9,18
31-03-2025_18-30-10_p0079_s237_b4,21,50
24-01-2025_15-10-10_p0060,64,40
21-12-2024_09-57-42_p0061_s281_b4,47,14
17-09-2024_14-35-30_p0048_s14_b1,15,27
12-03-2024_10-35-52_p0021_s246_b4,37,44
14-12-2024_11-04-56_p0059_s114_b2,11,22
17-02-2025_17-43-36_p0071_s77_b1,52,22
20-12-2024_14-46-32_p0061_s117_b2,47,40
08-11-2024_15-06-12_p0052_s66_b1,56,47
03-08-2024_10-25-12_p0043_s167_b3,31,17
24-01-2025_15-07-24_p0060,18,40
11-03-2025_15-57-24_p0073_s46_b1,26,60
23-04-2024_11-48-30_p0024_s276_b4,63,39
10-05-2024_08-47-46_p0030_sP12_b3,37,30
28-08-2024_16-31-10_p0038_s26_b1,111,6
22-01-2024_16-27-27_p9,167,35
24-01-2024_17-21-26_p10,30,48
28-02-2024_17-00-02_p0011,6,36
29-08-2024_16-10-50_p0045_s259_b4,119,30
22-02-2024_11-01-20_p0017,23,38
10-09-2024_13-59-36_p0048,42,29
21-12-2024_09-34-11_p0061_s239_b4,31,6
01-02-2025_13-28-03_p0064_s237_b4,27,19
11-02-2025_17-16-42_p0066,38,16
28-08-2024_15-46-43_p0038,30,0
27-05-2024_16-52-18_p0032_s50_b1,9,36
24-05-2024_18-40-20_p0031_s105_b2,16,37
11-02-2025_18-34-40_p0069_s82_b2,43,15
10-05-2024_15-28-00_p0033_s235_b4,35,43
24-07-2024_14-52-34_p0041,29,11
13-12-2024_15-56-26_p0054,32,32
30-09-2024_15-55-12_p0049,65,9
22-03-2025_12-08-47_p0079,30,14
08-04-2024_16-04-25_p0021,22,37
01-02-2025_10-25-16_p0069_s24_b1,63,33
30-01-2024_11-11-50_p11,4,21
22-02-2024_11-13-49_p0017_s202_b3,13,49
13-11-2024_17-37-47_p0051_s239_b4,10,14
16-09-2024_15-42-34_p0045_s122_b2,101,31
01-02-2025_12-05-27_p0070_s235_b4,31,22
05-03-2024_10-26-39_p0014_s17_b1,9,44
20-03-2025_16-14-06_p0078_s136_b2,110,23
28-01-2025_13-50-58_p0067_s192_b3,52,37
08-01-2025_15-36-26_p0063_s206_b3,29,13
19-02-2025_10-35-01_p0074,-2,50
30-08-2024_16-22-16_p0046,15,16
28-08-2024_09-34-58_p0044,32,27
03-04-2024_15-39-46_p0023_s222_b4,66,47
19-02-2025_16-29-19_p0072_s5_b1,72,14
24-07-2024_14-10-18_p0041_s9_b1,27,11
10-05-2024_15-32-24_p0033_s247_b4,50,37
20-03-2024_15-16-56_p0015,11,27
17-06-2024_15-16-37_p0019,34,21
04-09-2024_16-19-37_p0044_s64_b1,131,27
11-07-2024_15-20-17_p0041,92,53
05-06-2024_15-36-20_p0037_s271_b4,18,35
30-10-2024_14-53-32_p0052,22,18
28-08-2024_15-13-29_p0038_s105_b2,47,37
13-12-2024_14-52-02_p0054_s96_b2,50,17
27-05-2024_15-17-19_p0032_s166_b3,34,27
12-02-2025_16-59-40_p0072_s132_b2,36,24
03-12-2024_15-31-19_p0056,31,49
08-06-2024_09-38-55_p0031_s232_b4,21,56
14-03-2025_16-28-03_p0077_s232_b4,58,25
25-03-2025_18-37-46_p0079_s190_b3,74,19
11-02-2025_18-21-58_p0066_s66_b1,70,15
04-09-2024_14-25-42_p0044_s221_b4,40,22
22-02-2024_15-19-25_p0014,39,12
13-12-2024_15-03-31_p0054_s116_b2,45,38
08-06-2024_09-16-50_p0031,44,76
26-02-2025_10-43-38_p0074_s157_b2,39,26
12-02-2025_17-18-01_p0072_s151_b2,93,19
07-01-2025_16-03-40_p0063_s124_b2,26,61
20-12-2024_15-00-42_p0061_s144_b2,55,33
27-03-2024_15-28-32_p0015_s134_b2,19,17
12-03-2025_10-59-35_p0074_s45_b1,80,52
06-02-2025_18-57-13_p0069,49,28
03-05-2024_08-58-53_p0030_s79_b1,28,37
10-02-2025_17-02-56_p0071_s184_b3,73,6
20-12-2024_14-34-21_p0061_s106_b2,51,30
18-12-2024_09-50-11_p0061_s185_b3,66,45
25-01-2025_13-12-36_p0064_s121_b2,132,8
20-05-2024_11-34-52_p0034_s34_b1,44,45
05-06-2024_15-16-02_p0037_s236_b4,17,9
19-06-2024_10-28-06_p0036_s76_b1,49,23
25-01-2025_13-23-04_p0064_s142_b2,33,10
22-08-2024_15-37-17_p0042_s226_b4,30,4
10-08-2024_10-38-47_p0043_s94_b2,38,28
07-01-2025_16-21-52_p0063,28,36
12-06-2024_16-02-27_p0038_s166_b3,94,58
16-05-2024_14-44-24_p0034_s121_b2,193,42
02-04-2024_15-31-02_p0021_s180_b3,49,26
20-03-2025_14-30-54_p0076_s95_b2,21,21
16-04-2024_10-41-19_p0025_s247_b4,16,56
11-03-2025_15-03-57_p0073_s209_b4,41,39
27-05-2024_16-41-21_p0032_s25_b1,43,40
18-12-2024_17-37-24_p0057,35,19
20-02-2025_19-47-19_p0075,82,29
12-03-2024_10-38-26_p0021_s254_b4,16,41
19-02-2025_10-34-44_p0074,15,38
19-06-2024_10-11-07_p0036_s47_b1,22,41
10-05-2024_15-08-12_p0033_s214_b4,49,43
05-10-2024_11-25-58_p0050_s45_b1,17,17
11-02-2025_16-49-42_p0066_s219_b4,44,16
25-03-2024_15-36-37_p0020_s227_b4,39,41
14-03-2025_16-15-07_p0077_s210_b4,46,22
29-04-2024_12-00-33_p0029,23,10
06-02-2025_15-24-18_p0068,15,12
19-03-2024_15-29-03_p0022_s137_b2,38,39
19-06-2024_10-25-45_p0036_s72_b1,33,16
18-01-2025_12-56-02_p0064,47,44
30-01-2024_11-08-05_p11,70,24
14-01-2025_15-12-52_p0060_s92_b2,10,33
05-09-2024_15-22-39_p0047_s52_b1,37,6
10-05-2024_15-19-42_p0033_s226_b4,31,37
31-01-2024_14-50-39_p13,23,24
19-06-2024_10-52-19_p0036,39,42
27-03-2025_15-07-34_p0078_s168_b3,50,38
18-12-2024_09-13-09_p0061_s159_b3,49,38
11-02-2025_16-56-19_p0066_s224_b4,45,21
06-05-2024_16-02-05_p0032_s267_b4,44,70
01-02-2025_13-42-33_p0064_s263_b4,36,9
24-07-2024_15-06-15_p0041_s232_b4,30,16
12-03-2025_10-06-38_p0074_s220_b4,27,43
03-08-2024_11-25-56_p0043_s204_b3,85,10
11-05-2024_09-42-11_p0034_s171_b3,149,42
10-05-2024_18-14-22_p0025_s96_b2,15,9
24-01-2025_15-28-51_p0060_s4_b1,18,39
21-12-2024_09-33-06_p0061_s236_b4,21,25
08-05-2024_16-22-09_p0033_s205_b3,56,65
17-09-2024_14-36-53_p0048_s17_b1,8,21
08-11-2024_15-13-20_p0052_s73_b1,46,37
03-05-2024_14-01-01_p0027_s86_b2,16,29
05-06-2024_15-14-54_p0037_s233_b4,23,56
27-03-2025_14-30-51_p0080_s207_b3,36,25
27-03-2025_14-02-43_p0080,33,27
08-04-2024_16-15-06_p0021,26,16
12-07-2024_14-30-30_p0040,46,51
03-04-2024_16-08-59_p0023_s272_b4,20,26
22-01-2025_17-35-44_p0066_s191_b3,41,36
21-12-2024_10-21-41_p0061_s47_b1,57,33
10-12-2024_16-20-25_p0056_s282_b4,58,23
22-02-2024_11-37-44_p0017_s216_b4,9,44
03-04-2025_13-34-35_p0080_s83_b2,55,25
13-02-2025_18-57-45_p0070_s195_b3,38,31
22-02-2024_14-38-49_p0018_s150_b2,14,25
05-09-2024_15-34-52_p0047_s73_b1,30,26
08-04-2024_15-49-11_p0021_s123_b2,18,36
22-04-2024_09-35-50_p0025_s193_b3,13,26
14-03-2025_16-31-15_p0077_s240_b4,49,50
20-05-2024_15-31-32_p0023,6,36
28-08-2024_09-22-41_p0044_sP05_b2,72,26
21-11-2024_16-02-22_p0055_s243_b3,61,57
20-02-2025_18-52-29_p0075,62,17
08-06-2024_09-37-29_p0031_s229_b4,34,49
11-02-2025_18-20-45_p0066_s64_b1,56,21
19-02-2025_15-47-28_p0072_s223_b4,35,19
25-01-2025_13-00-52_p0064_s100_b2,64,28
01-02-2025_09-49-41_p0069_s250_b4,24,14
13-02-2025_18-35-47_p0070,43,22
21-02-2025_18-09-34_p0068_s39_b1,9,24
14-12-2024_11-21-41_p0059,30,8
03-10-2024_15-32-37_p0050_s197_b3,34,1
04-02-2025_17-08-18_p0066,37,26
28-08-2024_15-51-50_p0038,38,13
22-08-2024_16-35-34_p0042_s14_b1,23,39
18-04-2024_10-08-21_p0025_s3_b1,26,21
16-09-2024_15-13-02_p0045_sP05_b2,91,7
01-02-2025_09-53-55_p0069,69,9
06-08-2024_16-15-04_p0039_s8_b1,37,20
07-01-2025_14-53-32_p0062_s224_b4,32,45
10-05-2024_15-33-41_p0033_s250_b4,10,20
23-11-2024_13-28-17_p0052_s135_b2,16,48
08-05-2024_09-57-27_p0030,31,28
21-02-2025_18-08-46_p0068_s37_b1,40,21
11-05-2024_09-40-16_p0034,57,52
21-11-2024_15-25-05_p0055,31,52
24-03-2025_16-46-05_p0076_s211_b4,41,88
20-03-2024_15-18-30_p0015_sP14_b3,52,8
03-05-2024_18-33-58_p0031,16,22
10-02-2025_17-14-56_p0071_s200_b3,40,9
01-08-2024_16-51-28_p0042,25,15
30-01-2024_14-33-47_p12,55,31
18-01-2025_12-38-14_p0064,121,20
10-05-2024_18-56-51_p0025,6,9
21-12-2024_10-03-07_p0061_s6_b1,29,19
21-12-2024_09-24-02_p0061_s219_b4,24,15
08-01-2025_16-10-04_p0063_s4_b1,35,35
24-07-2024_14-35-52_p0041_s70_b1,29,16
10-05-2024_09-57-22_p0030_s259_b4,21,23
10-01-2025_16-11-25_p0063_s275_b4,41,37
02-05-2024_14-56-45_p0026,10,7
28-11-2024_16-10-54_p0055_s147_b2,91,67
12-06-2024_10-17-26_p0036,126,11
10-09-2024_16-57-36_p0045,24,25
11-02-2025_19-13-16_p0069,12,16
19-11-2024_15-50-31_p0054,3,30
13-12-2024_15-39-08_p0054_s137_b2,63,17
28-06-2024_14-12-20_p0035_s17_b1,25,49
06-02-2025_15-28-27_p0068_s152_b2,27,13
26-08-2024_15-25-20_p0019_s28_b1,37,31
14-01-2025_15-45-17_p0060_s135_b2,22,33
22-04-2024_09-09-09_p0025_s160_b3,10,39
10-09-2024_17-50-28_p0045,59,21
06-11-2024_16-52-25_p0051_s136_b2,85,14
26-08-2024_15-16-02_p0019_s5_b1,76,34
11-05-2024_09-32-09_p0034_s167_b3,48,63
14-08-2024_15-37-56_p0038,26,16
22-02-2024_11-02-34_p0017_s178_b3,30,35
01-02-2025_13-22-54_p0064_s224_b4,35,14
22-03-2025_12-14-43_p0079_s155_b2,27,22
23-05-2024_15-01-41_p0035_s176_b3,31,48
05-02-2025_17-36-01_p0072_s199_b3,40,16
11-03-2025_18-47-19_p0075_s26_b1,47,20
16-10-2024_15-34-48_p0049,19,9
14-02-2025_18-24-29_p0073_s151_b2,16,20
31-01-2025_15-21-33_p0065_s185_b3,18,48
25-03-2024_15-45-37_p0020_s249_b4,24,28
21-02-2025_18-02-06_p0068_s22_b1,58,20
05-03-2024_10-10-19_p0014_s1_b1,6,35
03-04-2024_15-34-05_p0023_s216_b4,21,17
10-05-2024_18-38-04_p0025_s129_b2,2,22
10-05-2024_18-45-26_p0025_s145_b2,19,13
14-08-2024_16-06-55_p0038_s247_b4,90,16
17-09-2024_15-49-41_p0048_s238_b4,43,74
14-08-2024_16-29-27_p0038_s274_b4,42,12
10-12-2024_16-14-09_p0056_s273_b4,66,34
17-09-2024_14-50-30_p0048_s45_b1,21,16
20-12-2024_14-59-02_p0061_s142_b2,41,49
15-05-2024_16-42-43_p0032,17,19
06-02-2025_19-02-11_p0069_s241_b3,78,28
25-03-2024_15-27-39_p0020_s212_b4,29,32
05-02-2025_17-01-26_p0072,34,17
07-01-2025_13-51-04_p0062_s19_b1,77,59
06-08-2024_16-45-58_p0039_s72_b1,48,31
30-10-2024_14-36-52_p0052,38,43
16-09-2024_15-02-15_p0045,41,22
09-05-2024_14-58-35_p0033_s143_b2,47,32
08-04-2024_15-50-02_p0021,54,41
08-05-2024_09-52-13_p0030_s139_b2,33,21
19-11-2024_16-27-01_p0054,18,30
27-05-2024_16-51-07_p0032_s47_b1,37,70
07-02-2025_16-12-26_p0046_s162_b3,73,33
24-01-2024_17-28-19_p10,35,12
07-12-2024_10-10-03_p0053,38,30
12-12-2024_15-48-43_p0057_s115_b2,53,32
28-08-2024_15-22-59_p0038_s117_b2,45,14
17-02-2025_18-30-26_p0071_s267_b4,27,22
15-02-2025_12-24-21_p0070,31,11
23-11-2024_09-51-16_p0053,53,26
12-03-2024_10-32-19_p0021_s236_b4,25,48
27-03-2024_15-30-56_p0015_s141_b2,13,17
20-12-2024_14-58-02_p0061_s140_b2,16,28
03-10-2024_14-38-07_p0050,20,8
18-12-2024_17-20-42_p0057_s186_b3,65,18
22-03-2025_11-44-41_p0079_s101_b2,42,26
03-09-2024_15-00-43_p0048_s180_b3,47,27
08-07-2024_12-04-22_p0040_s237_b4,30,18
26-02-2025_10-14-21_p0074_s122_b2,78,39
03-04-2025_13-54-32_p0080_s136_b2,56,19
23-04-2024_15-21-14_p0026_s44_b1,51,43
25-01-2025_12-58-59_p0064_s96_b2,70,38
07-12-2024_11-31-27_p0053_s77_b1,19,25
05-10-2024_11-40-40_p0050_s79_b1,18,3
07-01-2025_16-16-58_p0063,34,51
03-05-2024_19-06-13_p0031_s241_b3,24,7
22-02-2024_15-25-13_p0014_s167_b3,34,33
26-10-2024_12-37-44_p0051,40,15
13-02-2025_19-33-37_p0070_s41_b1,43,20
03-09-2024_14-47-40_p0048_s172_b3,32,21
08-08-2024_14-59-35_p0042_s118_b2,29,32
02-05-2024_16-11-32_p0026_s265_b4,10,14
10-05-2024_10-09-24_p0030_s283_b4,42,26
18-03-2024_11-50-31_p0013_s282_b4,32,10
28-03-2025_15-28-04_p0081_s92_b2,53,39
25-01-2025_13-33-38_p0064,25,20
14-03-2025_17-20-05_p0077_s27_b1,55,30
23-07-2024_16-11-37_p0039_s101_b2,33,26
12-06-2024_09-44-26_p0036_sP05_b2,82,35
30-04-2024_13-54-13_p0024_s156_b2,45,45
10-05-2024_16-50-14_p0033_s71_b1,15,15
28-08-2024_15-31-01_p0038_s131_b2,97,16
20-03-2025_15-57-13_p0078_s100_b2,55,40
08-06-2024_09-24-16_p0031_s216_b4,28,36
17-07-2024_14-25-27_p0041_s113_b2,13,33
20-05-2024_12-13-17_p0034_s233_b4,46,44
03-10-2024_15-02-37_p0050,22,8
20-05-2024_16-06-50_p0023,21,7
29-04-2024_11-57-15_p0029,25,19
24-03-2025_17-37-39_p0076_s32_b1,34,8
17-02-2025_18-00-27_p0071_s215_b4,54,24
03-09-2024_15-12-48_p0048,50,10
18-06-2024_15-01-51_p0028_s101_b2,23,37
01-02-2025_13-51-51_p0064_s280_b4,26,14
31-01-2025_15-46-33_p0065,21,31
17-02-2025_18-28-59_p0071_s264_b4,45,56
12-03-2025_11-10-33_p0074_s67_b1,136,43
01-02-2025_12-11-01_p0070_s251_b4,32,4
06-09-2024_16-02-13_p0047_s146_b2,8,3
27-03-2025_14-00-46_p0080_s160_b3,30,41
10-01-2025_15-52-34_p0063_s252_b4,42,28
10-05-2024_18-58-48_p0025_s150_b2,19,18
11-02-2025_16-59-12_p0066_s231_b4,55,15
11-03-2025_16-09-35_p0073_s70_b1,17,38
27-05-2024_16-36-50_p0032_s18_b1,37,86
12-03-2025_10-52-02_p0074_s27_b1,95,17
21-12-2024_10-34-04_p0061_s69_b1,112,24
28-09-2024_14-05-40_p0016_s9_b1,14,11
08-01-2025_16-46-53_p0063_s74_b1,48,35
05-10-2024_11-27-00_p0050_s48_b1,18,9
20-05-2024_15-18-44_p0023_s92_b2,23,17
28-03-2025_15-29-49_p0081_s97_b2,100,32
22-02-2024_13-49-43_p0018_s73_b1,22,41
02-05-2024_14-54-10_p0026,18,16
16-10-2024_15-34-01_p0049,15,18
30-08-2024_15-34-24_p0046_s106_b2,24,22
24-01-2024_17-26-53_p10,56,20
07-03-2024_14-16-29_p0010_s155_b2,17,68
10-05-2024_18-40-24_p0025_s135_b2,32,6
23-07-2024_16-32-28_p0039_s137_b2,26,34
01-08-2024_16-41-56_p0042_s183_b3,47,-10
06-11-2024_16-45-05_p0051_s120_b2,59,56
03-09-2024_15-13-54_p0048_s193_b3,64,26
28-06-2024_14-36-53_p0035_s72_b1,26,59
11-06-2024_14-37-44_p0035,20,27
07-03-2024_13-49-31_p0010_s104_b2,9,26
30-08-2024_16-15-49_p0046_s143_b2,24,14
24-03-2025_17-20-35_p0076_s275_b4,52,28
30-09-2024_15-27-19_p0049_s212_b4,33,10
28-08-2024_09-46-49_p0044_s121_b2,146,29
19-02-2025_11-11-19_p0074_s241_b3,11,16
17-06-2024_15-32-20_p0019,30,19
04-10-2024_14-25-52_p0050_s91_b2,24,54
27-05-2024_15-33-30_p0032_s173_b3,21,26
16-09-2024_15-28-12_p0045_s108_b2,38,9
16-10-2024_15-18-55_p0049_s159_b3,29,7
10-08-2024_11-15-40_p0043_s153_b2,50,13
12-03-2025_10-24-30_p0074_s251_b4,36,30
10-05-2024_18-21-30_p0025_s106_b2,9,25
16-10-2024_15-25-08_p0049,11,14
28-03-2025_15-31-21_p0081_s101_b2,56,42
25-02-2025_19-39-13_p0075,87,19
19-06-2024_10-14-41_p0036_s54_b1,89,35
14-02-2025_18-09-02_p0073_s128_b2,19,29
16-07-2024_16-31-05_p0039_s232_b4,28,43
08-08-2024_14-30-38_p0042,9,27
10-05-2024_15-35-15_p0033_s253_b4,31,38
22-02-2024_11-13-18_p0017_s200_b3,25,71
12-12-2024_16-33-48_p0057_s154_b2,14,19
16-07-2024_16-19-24_p0039_s216_b4,29,17
06-05-2024_15-57-51_p0032_s262_b4,68,42
19-12-2024_16-03-12_p0062_s181_b3,56,-210
20-03-2025_14-41-07_p0076,26,37
05-09-2024_16-19-36_p0047,44,33
12-12-2024_15-52-53_p0057_s116_b2,42,35
11-03-2025_18-04-44_p0075_s229_b4,41,30
18-03-2024_11-26-37_p0013_s246_b4,17,22
30-10-2024_15-17-34_p0052_s195_b3,24,41
22-02-2024_14-34-12_p0018,-3,11
28-09-2024_14-06-42_p0016_s12_b1,37,13
17-08-2024_11-12-29_p0043_s257_b4,74,24
18-12-2024_17-35-45_p0057_s202_b3,30,24
29-04-2024_15-20-14_p0024_s163_b3,39,66
01-02-2025_13-38-14_p0064_s256_b4,33,9
31-08-2024_14-06-13_p0047_s203_b3,38,31
24-03-2025_17-00-25_p0076_s230_b4,38,17
12-03-2025_10-58-33_p0074_s41_b1,60,22
20-03-2025_14-41-23_p0076,88,16
15-02-2025_11-17-23_p0065_s145_b2,241,23
25-03-2025_18-31-05_p0079_sP12_b3,41,21
08-11-2024_16-20-08_p0053,49,39
20-05-2024_15-43-56_p0023_s125_b2,32,18
27-03-2025_15-32-49_p0078_s197_b3,39,46
06-02-2025_18-22-44_p0069,55,35
18-04-2024_15-34-50_p0026_s120_b2,15,21
13-02-2025_15-12-22_p0067_s53_b1,112,32
17-02-2025_17-42-39_p0071_s74_b1,46,27
06-02-2025_15-24-48_p0068,21,23
26-02-2025_10-05-45_p0074,20,41
22-03-2025_11-54-38_p0079_s122_b2,90,26
25-03-2024_16-45-24_p0020_s156_b2,4,13
28-08-2024_10-00-00_p0044,122,28
12-06-2024_16-58-20_p0038_s196_b3,82,40
28-11-2024_15-20-53_p0055_s84_b2,47,26
10-08-2024_11-01-46_p0043_s140_b2,68,25
07-05-2024_15-19-57_p0027_s77_b1,2,21
17-12-2024_16-57-13_p0060,5,35
05-12-2024_16-23-56_p0055_s73_b1,88,25
18-01-2025_10-26-11_p0057_s272_b4,21,17
20-05-2024_15-59-28_p0023_s147_b2,18,9
22-02-2024_11-17-34_p0017_s207_b3,51,60
16-07-2024_16-21-25_p0039_s221_b4,-1,14
03-02-2025_17-29-26_p0071,20,9
08-08-2024_14-43-08_p0042_s93_b2,25,25
28-09-2024_14-09-01_p0016_s18_b1,16,4
10-09-2024_17-19-12_p0045_s187_b3,60,23
22-02-2024_11-49-00_p0017_s254_b4,33,42
11-07-2024_15-19-01_p0041_s171_b3,117,33
28-02-2024_17-05-30_p0011_s157_b2,4,37
11-03-2025_15-20-46_p0073_s258_b4,20,33
23-11-2024_09-52-10_p0053_s176_b3,20,27
30-08-2024_16-19-25_p0046,35,12
24-03-2025_17-42-26_p0076_s52_b1,26,21
14-12-2024_11-28-01_p0059_s132_b2,49,12
16-07-2024_16-58-25_p0039_s279_b4,29,15
31-03-2025_18-45-06_p0079_s270_b4,38,39
10-01-2025_15-20-44_p0062_s149_b2,26,31
27-03-2025_14-28-56_p0080,71,48
20-12-2024_14-29-38_p0061_s99_b2,48,29
21-02-2024_15-24-44_p0016_s100_b2,18,22
15-02-2025_12-12-21_p0070_s130_b2,69,22
10-01-2025_16-05-12_p0063_s264_b4,47,45
28-09-2024_13-07-44_p0016_s221_b4,25,25
13-09-2024_16-04-41_p0046_s282_b4,38,2
28-11-2024_15-20-05_p0055_s82_b2,49,32
24-01-2025_15-49-09_p0060_s48_b1,4,62
09-05-2024_14-25-12_p0033_s103_b2,45,31
08-04-2024_16-30-53_p0021_s4_b1,33,56
08-10-2024_16-24-20_p0049,20,4
19-06-2024_11-33-03_p0036,28,35
15-02-2025_11-20-22_p0065,104,39
28-08-2024_16-20-35_p0038_s2_b1,54,3
26-11-2024_15-34-49_p0056_s112_b2,62,63
24-04-2024_15-57-45_p0027_sP14_b3,76,66
28-11-2024_15-48-14_p0055_s118_b2,66,33
16-09-2024_15-21-08_p0045_s101_b2,19,9
26-08-2024_15-46-40_p0019_s70_b1,67,45
27-03-2025_15-21-07_p0078_s183_b3,40,49
30-04-2024_13-02-00_p0024_s84_b2,31,42
10-05-2024_10-03-15_p0030_s270_b4,34,23
07-05-2024_14-56-49_p0027_s13_b1,20,19
24-01-2025_14-53-42_p0060_s233_b4,23,41
26-02-2025_10-32-41_p0074,19,21
17-08-2024_10-14-28_p0043_s27_b1,35,15
11-05-2024_09-32-50_p0034,49,54
04-02-2025_17-09-25_p0066_s149_b2,35,23
13-02-2025_15-15-01_p0067_s57_b1,34,34
31-01-2025_14-58-18_p0065_s168_b3,33,44
12-07-2024_15-07-11_p0040_s183_b3,16,26
18-06-2024_15-01-08_p0028_s99_b2,27,45
20-03-2025_14-36-09_p0076_s107_b2,40,30
07-12-2024_10-54-56_p0053_s5_b1,48,25
07-05-2024_15-21-12_p0027_s81_b1,16,2
01-08-2024_16-43-51_p0042_s187_b3,30,6
09-05-2024_14-38-54_p0033,54,33
13-03-2024_15-57-16_p0014_s237_b4,30,27
26-08-2024_16-44-10_p0019_s188_b3,32,31
04-09-2024_14-56-02_p0044,99,20
19-02-2025_16-00-41_p0072_s254_b4,46,16
21-02-2024_15-26-19_p0016,5,26
05-10-2024_11-37-48_p0050_s71_b1,19,-6
28-06-2024_15-47-39_p0035_s278_b4,38,31
14-01-2025_16-04-09_p0060,42,31
08-08-2024_14-34-51_p0042,16,24
26-08-2024_15-43-42_p0019_s64_b1,87,52
06-02-2025_18-34-24_p0069_s172_b3,53,30
11-07-2024_15-05-53_p0041_s162_b3,103,25
27-03-2025_15-34-08_p0078_s200_b3,33,45
13-02-2025_14-44-35_p0067_s10_b1,34,28
23-11-2024_13-12-12_p0052_s103_b2,16,31
05-10-2024_09-28-11_p0050,40,10
20-02-2025_19-43-56_p0075,57,20
22-02-2024_11-19-11_p0017_s241_b3,51,63
28-03-2025_15-47-28_p0081_s133_b2,67,40
08-01-2025_14-54-37_p0063,22,16
18-03-2024_15-30-52_p0020_s42_b1,12,21
15-02-2025_12-25-17_p0070,50,13
08-07-2024_12-10-25_p0040_s253_b4,39,19
22-01-2025_17-51-14_p0066_s205_b3,25,18
18-12-2024_17-34-54_p0057_s200_b3,45,23
21-02-2025_17-56-34_p0068_s14_b1,41,21
28-03-2025_15-27-37_p0081_s91_b2,82,39
03-02-2025_16-59-25_p0071,28,25
10-02-2025_17-22-53_p0071_s242_b3,67,20
10-05-2024_16-51-22_p0033_s74_b1,17,15
08-11-2024_14-35-53_p0052_s21_b1,50,50
28-08-2024_15-45-24_p0038,12,26
03-05-2024_08-35-50_p0030_s24_b1,43,46
08-06-2024_09-47-06_p0031_s248_b4,29,47
14-02-2025_18-11-02_p0073_s134_b2,9,20
19-07-2024_13-47-59_p0040_sP04_b2,137,16
08-07-2024_12-08-41_p0040_s248_b4,27,36
12-02-2025_16-43-46_p0072_s114_b2,28,24
01-02-2025_14-26-27_p0064_s53_b1,96,17
17-08-2024_10-57-08_p0043_s232_b4,30,18
22-02-2024_15-32-32_p0014_s171_b3,15,42
21-02-2024_11-49-50_p0013_s48_b1,49,41
20-03-2025_15-50-19_p0078_s86_b2,66,41
17-02-2025_17-15-55_p0071_s42_b1,76,29
26-04-2024_15-13-31_p0028_s79_b1,26,17
23-04-2024_11-14-14_p0024,20,55
24-07-2024_14-59-14_p0041_s220_b4,21,31
07-01-2025_15-30-31_p0062_s283_b4,58,42
20-03-2024_15-05-33_p0015_s173_b3,20,64
29-08-2024_16-09-38_p0045_s257_b4,16,28
13-11-2024_17-36-03_p0051_s234_b4,29,11
05-09-2024_15-35-35_p0047_s75_b1,27,19
19-06-2024_10-38-08_p0036,39,27
08-01-2025_14-44-32_p0063_s162_b3,99,40
20-03-2024_14-58-56_p0015_sP10_b3,3,17
13-12-2024_15-05-11_p0054,18,49
24-05-2024_18-57-33_p0031_s131_b2,56,39
21-02-2025_17-05-37_p0068_s212_b4,36,20
05-03-2024_10-45-05_p0014_s72_b1,27,47
07-03-2024_13-48-21_p0010_s100_b2,15,39
26-03-2024_15-47-47_p0022_s207_b3,30,22
11-02-2025_19-10-53_p0069_s146_b2,42,18
06-08-2024_16-17-19_p0039_s13_b1,38,1
08-08-2024_15-17-02_p0042_s146_b2,27,28
03-09-2024_15-17-53_p0048_s196_b3,58,10
08-11-2024_15-05-18_p0052_s64_b1,57,63
01-02-2025_10-39-32_p0069_s53_b1,115,1
13-11-2024_16-44-54_p0051_s15_b1,26,19
10-12-2024_16-02-46_p0056_s260_b4,69,40
24-07-2024_14-22-14_p0041_s37_b1,33,13
12-12-2024_15-47-20_p0057_s111_b2,31,21
20-12-2024_15-06-30_p0061,3,28
19-06-2024_16-41-52_p0023_s57_b1,31,20
19-06-2024_10-56-52_p0036,28,17
12-02-2025_16-42-42_p0072_s112_b2,37,17
05-12-2024_16-00-54_p0055_s39_b1,53,24
07-03-2024_14-10-42_p0010,30,31
19-12-2024_16-11-11_p0062_sP14_b3,43,2
21-08-2024_14-24-14_p0044_s167_b3,36,33
24-05-2024_18-59-31_p0031_s137_b2,24,40
20-05-2024_15-13-38_p0023_s84_b2,41,18
10-05-2024_18-32-34_p0025_s119_b2,25,7
13-02-2025_19-32-23_p0070_s38_b1,98,31
25-03-2024_15-48-58_p0020_s258_b4,65,32
10-12-2024_16-09-16_p0056_s267_b4,54,43
22-01-2025_17-23-57_p0066,34,26
17-07-2024_14-26-47_p0041,26,35
17-02-2025_17-09-25_p0071_s26_b1,53,20
13-02-2025_18-59-22_p0070_s198_b3,56,32
29-04-2024_15-38-18_p0024,77,65
14-01-2025_16-05-12_p0060_s149_b2,19,37
10-09-2024_16-55-59_p0045,20,19
28-01-2025_13-54-55_p0067_s194_b3,56,43
15-02-2025_10-36-07_p0065_s87_b2,32,8
12-06-2024_10-15-29_p0036_s144_b2,26,13
01-02-2025_10-01-06_p0069_s265_b4,24,19
28-11-2024_16-06-39_p0055_s140_b2,79,37
28-08-2024_10-12-03_p0044,19,12
12-06-2024_10-31-58_p0036_s150_b2,21,15
10-09-2024_14-40-54_p0048_s129_b2,38,3
22-08-2024_17-03-30_p0042_s76_b1,39,26
07-12-2024_11-02-08_p0053_s19_b1,56,32
22-01-2024_16-39-37_p9,34,-10
31-08-2024_12-51-16_p0047,32,1
03-05-2024_08-54-30_p0030_s68_b1,43,38
17-02-2025_17-01-05_p0071_s6_b1,82,24
20-02-2025_19-11-11_p0075_s180_b3,60,16
06-09-2024_15-17-11_p0047_s89_b2,9,17
17-02-2025_18-35-58_p0071_s275_b4,48,17
16-07-2024_16-55-31_p0039_s273_b4,56,11
30-08-2024_16-18-10_p0046,19,16
18-12-2024_16-31-55_p0057,28,28
08-07-2024_12-07-27_p0040_s246_b4,23,29
03-05-2024_08-30-02_p0030_s9_b1,27,50
11-03-2025_15-59-48_p0073_s52_b1,27,50
18-01-2025_12-44-02_p0064,22,20
10-05-2024_18-25-13_p0025_s111_b2,23,24
26-08-2024_15-38-25_p0019_s57_b1,38,35
24-01-2025_15-42-53_p0060_s35_b1,38,29
07-12-2024_10-12-29_p0053_s223_b4,20,28
10-09-2024_14-32-20_p0048_s117_b2,37,-9
17-07-2024_14-43-22_p0041_s151_b2,52,29
20-03-2025_14-42-55_p0076_s120_b2,32,27
17-07-2024_14-42-42_p0041_s149_b2,37,45
14-01-2025_15-42-28_p0060_s131_b2,11,39
05-02-2025_16-46-59_p0072_s163_b3,73,2
08-01-2025_15-14-49_p0063_sP12_b3,34,31
03-05-2024_18-44-24_p0031,35,13
11-05-2024_10-08-35_p0034,69,24
10-12-2024_15-31-52_p0056_s225_b4,37,36
15-05-2024_15-48-58_p0032_sP07_b2,77,11
30-01-2024_11-12-21_p11,7,26
13-12-2024_15-13-01_p0054_s123_b2,34,26
24-01-2025_16-12-37_p0060_s81_b1,35,36
10-05-2024_18-26-45_p0025_s116_b2,5,24
27-03-2024_16-32-59_p0015_s80_b1,7,-2
31-01-2025_15-16-24_p0065,41,46
10-05-2024_15-44-26_p0033,83,30
22-02-2024_13-51-06_p0018_s78_b1,25,41
19-03-2024_15-41-07_p0022,13,36
04-02-2025_16-57-14_p0066_s141_b2,29,38
14-12-2024_11-58-56_p0059,36,19
19-07-2024_15-36-46_p0040_s48_b1,90,23
28-06-2024_14-32-41_p0035_s65_b1,27,40
03-05-2024_18-56-16_p0031,18,14
06-02-2025_15-14-57_p0068_s137_b2,34,30
15-02-2025_10-48-41_p0065_s109_b2,35,17
26-08-2024_15-26-04_p0019_s30_b1,59,32
26-08-2024_15-37-35_p0019_s55_b1,62,39
17-08-2024_10-05-16_p0043_s4_b1,42,13
08-04-2024_16-43-16_p0021_s30_b1,32,47
21-01-2025_15-07-44_p0065_s246_b4,39,15
12-02-2025_16-48-35_p0072_sP07_b2,64,30
29-04-2024_16-59-14_p0024_s64_b1,69,43
07-01-2025_13-47-55_p0062_s14_b1,69,51
01-02-2025_10-30-03_p0069_s31_b1,31,27
17-08-2024_10-32-41_p0043_s62_b1,41,22
08-04-2024_16-53-22_p0021_s60_b1,15,44
29-04-2024_16-57-26_p0024_s62_b1,76,34
06-02-2025_18-34-00_p0069_s171_b3,97,29
10-12-2024_16-11-31_p0056_s270_b4,37,35
14-03-2025_16-13-17_p0077,38,106
22-03-2025_11-43-52_p0079_s99_b2,42,31
04-02-2025_16-57-35_p0066_s142_b2,43,28
12-03-2025_11-12-13_p0074_s72_b1,56,22
07-01-2025_15-16-19_p0062_s264_b4,15,37
02-05-2024_14-45-37_p0026_s163_b3,12,31
22-02-2024_11-00-05_p0017_s172_b3,7,40
17-12-2024_16-20-10_p0060_s167_b3,16,23
08-11-2024_14-28-37_p0052_s10_b1,72,68
07-01-2025_15-46-39_p0063_s103_b2,26,60
08-06-2024_10-49-05_p0031_s73_b1,21,38
07-03-2024_14-16-19_p0010_s154_b2,11,33
07-02-2025_16-52-46_p0046_s197_b3,161,6
11-07-2024_15-15-21_p0041,31,32
21-11-2024_15-26-04_p0055,26,57
01-02-2025_10-04-12_p0069_s272_b4,17,12
31-08-2024_14-08-21_p0047,34,32
21-02-2025_17-07-49_p0068_s218_b4,14,15
03-05-2024_14-06-52_p0027_s104_b2,15,22
20-03-2025_15-00-53_p0076,42,13
14-03-2025_17-33-43_p0077_s66_b1,56,22
24-01-2025_15-37-35_p0060_s23_b1,37,45
07-12-2024_10-13-22_p0053_s226_b4,21,26
20-05-2024_12-12-24_p0034_s231_b4,48,60
16-04-2024_15-19-17_p0016_s159_b3,11,24
08-08-2024_15-07-19_p0042_s127_b2,33,31
13-03-2024_15-03-48_p0014_s111_b2,58,46
09-05-2024_15-05-49_p0033,33,7
05-02-2025_16-53-15_p0072_s169_b3,30,44
19-07-2024_14-03-01_p0040_s114_b2,19,25
11-03-2025_15-06-24_p0073_s215_b4,24,32
05-06-2024_10-26-55_p0036_s264_b4,59,16
30-04-2024_13-30-15_p0024_s126_b2,-3,41
18-04-2024_15-39-13_p0026_s132_b2,12,22
27-05-2024_15-39-49_p0032,26,39
28-08-2024_15-29-34_p0038_s128_b2,132,11
23-11-2024_13-22-55_p0052_s122_b2,22,45
05-03-2024_10-31-07_p0014_s28_b1,41,53
07-12-2024_09-50-12_p0053_s209_b4,45,37
02-05-2024_15-04-11_p0026_s179_b3,12,21
28-06-2024_14-37-57_p0035_s74_b1,34,44
27-03-2025_14-20-04_p0080_s186_b3,53,43
05-09-2024_15-32-51_p0047_s70_b1,11,4
17-06-2024_15-29-10_p0019_s146_b2,25,20
31-08-2024_12-29-13_p0047_s166_b3,80,43
10-05-2024_09-14-32_p0030_s241_b3,44,46
11-03-2025_15-27-20_p0073_s268_b4,15,23
24-04-2024_15-27-24_p0027_s168_b3,49,178
27-03-2025_15-01-39_p0078_s163_b3,93,53
26-08-2024_17-01-47_p0019,31,17
16-05-2024_14-57-50_p0034_s136_b2,90,40
24-04-2024_15-35-49_p0027,29,76
18-12-2024_09-43-33_p0061,57,59
09-05-2024_14-24-33_p0033_s102_b2,51,34
11-03-2024_15-33-02_p0020_s167_b3,3,71
30-09-2024_15-40-51_p0049_s233_b4,24,0
21-02-2025_17-18-13_p0068_s236_b4,36,25
14-02-2025_18-09-42_p0073_s130_b2,4,18
03-02-2025_17-24-01_p0071,26,10
26-08-2024_16-45-43_p0019_s190_b3,47,18
07-05-2024_14-30-50_p0027_s261_b4,31,16
02-04-2024_14-59-30_p0021,40,35
03-10-2024_16-01-43_p0050,73,20
27-03-2025_15-40-40_p0078_s243_b3,109,34
24-05-2024_18-49-30_p0031_s123_b2,19,35
20-02-2025_18-40-03_p0075,113,18
13-03-2024_15-06-54_p0014,41,38
21-02-2025_18-20-58_p0068_s62_b1,46,20
27-11-2024_15-11-55_p0054_s221_b4,15,45
26-08-2024_16-54-38_p0019_s202_b3,25,27
07-01-2025_15-10-13_p0062,60,33
30-09-2024_16-12-50_p0049_s280_b4,13,14
10-05-2024_09-48-28_p0030_s239_b4,24,40
22-02-2024_10-59-50_p0017_s171_b3,75,54
08-11-2024_15-11-14_p0052_s70_b1,39,53
05-12-2024_16-03-07_p0055_s42_b1,28,44
07-02-2025_16-27-08_p0046,18,23
03-04-2025_14-04-19_p0080,22,24
23-11-2024_13-33-47_p0052_s144_b2,11,34
27-03-2025_14-32-19_p0080_s241_b3,74,49
11-06-2024_14-13-34_p0035_s113_b2,43,39
20-12-2024_14-23-38_p0061_sP05_b2,84,47
19-02-2025_10-46-34_p0074_sP12_b3,42,42
10-01-2025_14-50-35_p0062,73,30
10-05-2024_18-58-30_p0025_s149_b2,20,17
22-04-2024_09-27-31_p0025_s179_b3,10,36
11-07-2024_15-24-01_p0041_s178_b3,62,40
17-09-2024_14-33-42_p0048_s10_b1,13,17
12-02-2025_16-54-16_p0072_s124_b2,74,25
25-03-2024_16-09-19_p0020_s89_b2,-1,14
29-08-2024_15-38-55_p0045_s224_b4,33,31
30-09-2024_15-56-37_p0049_s259_b4,96,17
19-03-2024_15-26-32_p0022_s134_b2,85,37
01-02-2025_10-16-26_p0069_s2_b1,23,23
08-05-2024_09-38-40_p0030_s106_b2,19,22
08-11-2024_16-17-28_p0053_s144_b2,20,38
18-03-2024_15-33-05_p0020_s49_b1,6,26
25-03-2024_16-43-52_p0020_s150_b2,5,5
14-12-2024_11-14-00_p0059_s118_b2,37,23
06-09-2024_15-12-36_p0047_s83_b2,7,23
13-11-2024_17-26-38_p0051_s217_b4,32,12
29-04-2024_16-52-42_p0024_s50_b1,45,30
20-05-2024_12-23-32_p0034_s258_b4,62,54
18-03-2024_15-46-26_p0020_s79_b1,3,21
31-01-2025_15-23-06_p0065_s187_b3,62,34
23-04-2024_11-12-52_p0024,34,42
25-02-2025_19-16-07_p0075_s131_b2,119,13
12-03-2025_11-08-10_p0074_s60_b1,78,38
27-02-2025_14-32-09_p0073_s200_b3,13,6
16-10-2024_15-27-54_p0049_s169_b3,14,25
16-04-2024_15-39-27_p0016,10,16
28-11-2024_15-43-48_p0055,23,31
31-01-2025_15-28-54_p0065,41,28
06-02-2025_19-00-42_p0069_s208_b3,27,32
07-12-2024_11-27-58_p0053_s73_b1,68,26
08-04-2024_16-38-46_p0021_s19_b1,23,39
30-01-2024_11-14-21_p11,42,41
24-01-2025_14-56-08_p0060_s238_b4,16,35
13-12-2024_16-17-06_p0054_s29_b1,65,35
08-06-2024_10-46-50_p0031_s68_b1,15,35
24-01-2025_15-24-04_p0060_s283_b4,21,39
05-09-2024_16-05-11_p0047_s240_b4,38,33
31-08-2024_12-18-13_p0047_s159_b3,12,33
21-02-2024_16-07-11_p0016,7,16
01-02-2025_14-22-41_p0064_s45_b1,148,38
12-12-2024_19-16-05_p0058_s117_b2,17,12
10-09-2024_17-24-00_p0045,44,14
27-05-2024_15-10-58_p0032_s160_b3,39,35
08-04-2024_15-48-49_p0021_s122_b2,13,42
19-02-2025_17-03-48_p0072_s77_b1,55,27
11-03-2024_15-42-26_p0020_s172_b3,35,63
08-06-2024_10-31-42_p0031_s37_b1,31,37
14-12-2024_11-28-20_p0059_s133_b2,63,14
24-07-2024_15-13-34_p0041_s249_b4,45,30
14-01-2025_15-17-25_p0060_s101_b2,23,35
16-10-2024_16-06-40_p0049,26,6
07-05-2024_14-56-10_p0027_s11_b1,16,28
07-12-2024_11-23-15_p0053_s68_b1,61,21
29-04-2024_12-00-48_p0029,32,15
07-01-2025_15-38-27_p0063_s88_b2,2,57
11-03-2024_15-27-18_p0020,14,60
13-12-2024_14-52-30_p0054_s97_b2,96,33
12-06-2024_10-01-42_p0036_s118_b2,27,-1
14-12-2024_11-09-28_p0059,102,21
14-01-2025_16-01-30_p0060,15,37
17-08-2024_10-35-05_p0043_s66_b1,107,18
01-02-2025_13-46-53_p0064_s270_b4,50,24
17-02-2025_18-09-52_p0071_s227_b4,39,21
21-02-2024_11-50-04_p0013_s49_b1,12,48
20-03-2025_14-55-23_p0076_s144_b2,20,38
11-02-2025_18-26-27_p0066_s76_b1,17,24
11-06-2024_14-28-10_p0035_s137_b2,7,29
18-12-2024_09-57-06_p0061_s193_b3,36,26
04-09-2024_14-32-30_p0044_s229_b4,27,21
24-03-2025_17-47-13_p0076_s69_b1,24,14
28-06-2024_14-15-27_p0035_s25_b1,24,51
22-02-2024_11-44-36_p0017_s238_b4,1,28
14-01-2025_15-13-32_p0060_s93_b2,14,39
28-08-2024_15-33-28_p0038_s136_b2,100,2
21-12-2024_09-41-40_p0061_s257_b4,37,17
10-01-2025_14-33-07_p0062_s90_b2,35,52
26-08-2024_16-17-57_p0019_s165_b3,41,29
22-02-2024_15-39-14_p0014_s182_b3,59,19
06-11-2024_16-53-04_p0051_s138_b2,100,23
11-06-2024_13-58-01_p0035_s89_b2,11,43
20-03-2024_15-08-09_p0015_s177_b3,41,31
12-06-2024_10-31-05_p0036,15,7
21-12-2024_10-27-27_p0061_s60_b1,35,18
07-03-2024_13-53-12_p0010_s115_b2,5,18
22-01-2025_17-20-59_p0066,96,21
07-03-2024_14-01-19_p0010_s129_b2,-2,10
05-06-2024_10-23-39_p0036_s261_b4,26,16
03-02-2025_17-28-55_p0071,20,5
08-04-2024_16-47-29_p0021_s43_b1,23,37
24-03-2025_17-37-28_p0076_s31_b1,18,13
29-04-2024_15-32-38_p0024,35,49
26-11-2024_16-17-32_p0056,23,31
28-09-2024_13-41-25_p0016_s268_b4,16,23
16-10-2024_15-47-38_p0049_s184_b3,22,14
06-02-2025_13-53-39_p0067_s127_b2,95,29
06-09-2024_15-23-07_p0047_s99_b2,-1,37
13-02-2025_13-57-17_p0067_s252_b4,82,29
27-03-2025_14-08-35_p0080,22,63
28-08-2024_09-58-18_p0044_s141_b2,48,32
28-03-2025_15-28-24_p0081_s93_b2,67,31
14-02-2025_17-58-04_p0073,17,13
29-08-2024_16-15-51_p0045_s265_b4,12,30
13-03-2024_15-27-41_p0014,19,32
23-11-2024_10-24-19_p0053_s244_b3,50,22
08-05-2024_15-34-42_p0033_s171_b3,123,80
18-12-2024_17-13-47_p0057_s177_b3,17,17
12-06-2024_09-49-23_p0036_s98_b2,26,24
14-03-2025_16-36-10_p0077_s255_b4,52,15
05-10-2024_11-10-35_p0050_s7_b1,23,10
01-02-2025_13-42-14_p0064_s262_b4,55,26
26-10-2024_11-54-43_p0051_s161_b3,79,12
10-02-2025_16-38-20_p0071,102,14
22-03-2025_11-40-22_p0079_s90_b2,40,34
15-02-2025_12-29-44_p0070_s151_b2,23,12
13-12-2024_14-56-04_p0054_s104_b2,17,31
08-06-2024_10-27-55_p0031_s26_b1,38,22
10-08-2024_11-04-34_p0043_s146_b2,45,19
19-06-2024_15-08-15_p0023_s165_b3,25,35
07-05-2024_14-43-15_p0027_s282_b4,42,29
13-09-2024_15-42-34_p0046_s255_b4,19,23
10-09-2024_14-53-16_p0048_s146_b2,37,11
12-07-2024_14-27-38_p0040_s161_b3,86,46
18-01-2025_10-00-26_p0057_s238_b4,27,24
14-03-2025_17-22-04_p0077_s34_b1,43,27
30-01-2025_16-28-11_p0068,26,14
30-04-2024_13-25-19_p0024_s120_b2,34,62
13-09-2024_15-54-44_p0046_s265_b4,17,3
12-03-2024_14-47-57_p0022_s77_b1,8,30
22-08-2024_17-03-46_p0042_s77_b1,26,30
11-05-2024_09-46-29_p0034_s177_b3,61,40
12-03-2024_14-33-08_p0022_s44_b1,62,40
22-01-2025_17-22-43_p0066_s176_b3,37,32
21-02-2024_11-29-09_p0013_s1_b1,81,21
20-12-2024_14-53-10_p0061_s130_b2,65,32
22-01-2025_17-30-49_p0066_s185_b3,40,12
12-03-2025_11-00-29_p0074_s48_b1,119,73
12-12-2024_19-40-01_p0058,30,23
26-08-2024_15-26-49_p0019_s32_b1,77,35
03-09-2024_14-44-49_p0048,35,17
06-08-2024_16-48-48_p0039_s78_b1,60,29
26-02-2025_10-24-32_p0074_s137_b2,44,31
20-12-2024_15-04-10_p0061,16,25
17-08-2024_11-13-20_p0043,46,19
21-02-2024_15-56-13_p0016_s144_b2,-4,19
05-12-2024_15-59-46_p0055_s37_b1,28,37
27-02-2025_14-04-56_p0073_s159_b3,16,18
30-01-2025_16-32-58_p0068_s241_b3,45,15
17-09-2024_15-10-29_p0048_s73_b1,28,17
04-09-2024_16-28-01_p0044_s77_b1,60,15
06-02-2025_13-33-50_p0067_s93_b2,28,14
23-11-2024_13-35-26_p0052,17,30
20-03-2024_15-04-11_p0015,18,28
11-02-2025_17-17-00_p0066_s259_b4,119,2
18-04-2024_15-49-40_p0026,33,14
23-11-2024_13-38-45_p0052,16,26
29-04-2024_11-41-33_p0029,24,28
28-01-2025_14-11-43_p0067,33,28
26-02-2024_15-32-34_p0019_s216_b4,23,81
22-04-2024_09-41-39_p0025_s202_b3,28,52
05-06-2024_10-27-24_p0036_s265_b4,37,11
02-05-2024_14-58-30_p0026_s173_b3,18,19
17-02-2025_18-11-37_p0071_s232_b4,45,26
12-12-2024_15-40-33_p0057_s102_b2,45,29
08-05-2024_09-58-54_p0030,40,27
05-10-2024_11-30-56_p0050_s59_b1,27,4
27-03-2025_13-59-15_p0080,126,47
19-06-2024_15-16-33_p0023,37,44
14-12-2024_10-47-51_p0059_s97_b2,47,13
14-08-2024_15-54-58_p0038_s229_b4,24,16
30-01-2024_14-53-15_p12,21,42
03-02-2025_16-46-06_p0071_s98_b2,27,35
06-02-2025_13-46-54_p0067,23,37
26-02-2025_10-31-13_p0074,31,18
13-03-2024_15-51-28_p0014_s223_b4,37,46
26-02-2024_15-53-06_p0019_s245_b4,24,30
04-07-2024_16-02-30_p0039,28,51
05-09-2024_16-01-53_p0047_s234_b4,41,24
06-02-2025_14-06-33_p0067,20,13
07-05-2024_15-01-35_p0027_s27_b1,21,4
29-04-2024_15-31-09_p0024,68,79
15-02-2025_12-31-15_p0070_s155_b2,22,11
22-03-2025_11-53-40_p0079_s119_b2,103,23
11-03-2025_19-01-41_p0075_s63_b1,101,19
18-06-2024_16-52-13_p0028_s269_b4,24,41
11-02-2025_18-14-01_p0066_s47_b1,92,25
10-05-2024_18-38-25_p0025_s130_b2,12,10
12-06-2024_17-05-45_p0038_s207_b3,21,28
18-01-2025_09-47-48_p0057,50,19
30-01-2024_14-39-18_p12,28,30
12-03-2024_10-50-18_p0021_s273_b4,46,34
15-02-2025_12-25-45_p0070,25,11
27-03-2025_15-28-44_p0078_sP14_b3,47,131
08-10-2024_15-48-50_p0049_s98_b2,11,15
27-02-2025_14-19-21_p0073_s175_b3,6,13
11-02-2025_18-23-22_p0066_s69_b1,-3,12
30-10-2024_14-50-07_p0052,146,1
07-01-2025_16-09-43_p0063_s135_b2,48,46
26-02-2024_15-39-09_p0019_s225_b4,17,47
13-09-2024_15-56-14_p0046_s268_b4,50,10
26-03-2024_15-27-46_p0022_s187_b3,46,32
02-05-2024_15-06-40_p0026_s185_b3,35,13
24-07-2024_15-06-53_p0041_s234_b4,38,14
19-03-2024_14-53-57_p0022_s85_b2,80,26
31-01-2025_15-35-48_p0065_s198_b3,39,35
18-04-2024_10-21-30_p0025_s36_b1,16,28
01-02-2025_11-58-54_p0070,64,18
11-03-2025_15-33-00_p0073_s278_b4,33,38
21-02-2024_15-45-41_p0016_s128_b2,-3,11
26-11-2024_16-03-12_p0056_s138_b2,105,46
10-08-2024_11-08-23_p0043,27,31
22-02-2024_11-09-26_p0017_s193_b3,44,77
13-12-2024_16-05-15_p0054_s4_b1,42,19
19-03-2024_15-04-41_p0022_s101_b2,42,51
22-03-2025_11-44-57_p0079_s102_b2,70,37
21-02-2024_11-34-10_p0013_s18_b1,47,35
22-02-2024_10-55-10_p0017,21,58
24-01-2025_14-42-27_p0060_s219_b4,14,46
15-02-2025_11-57-41_p0070_s107_b2,27,8
07-01-2025_13-50-37_p0062_s18_b1,44,61
11-06-2024_14-27-44_p0035_s136_b2,35,22
17-08-2024_10-37-13_p0043_s70_b1,77,14
07-03-2024_14-12-41_p0010,22,23
22-02-2024_14-03-35_p0018_s88_b2,30,17
23-11-2024_13-04-51_p0052_s97_b2,16,48
30-10-2024_15-23-33_p0052,31,83
06-05-2024_15-17-59_p0032_s218_b4,53,49
13-12-2024_15-35-29_p0054_s129_b2,65,25
30-09-2024_15-48-28_p0049_s250_b4,14,10
05-09-2024_16-06-10_p0047,27,27
20-02-2025_18-38-10_p0075_s163_b3,98,28
28-06-2024_15-09-17_p0035_s216_b4,31,9
13-09-2024_16-53-13_p0046_s73_b1,18,5
04-09-2024_16-12-36_p0044_s55_b1,127,12
05-09-2024_16-28-49_p0047_s267_b4,44,18
02-05-2024_15-53-43_p0026_s230_b4,17,20
20-02-2024_16-39-09_p0015_s236_b4,13,31
26-02-2025_10-21-53_p0074_s132_b2,119,25
03-12-2024_16-25-16_p0056,60,60
11-03-2025_15-16-58_p0073_s246_b4,20,29
11-02-2025_18-23-35_p0066_s70_b1,7,14
11-03-2025_15-11-53_p0073_s229_b4,24,26
20-05-2024_15-47-32_p0023_s129_b2,30,8
13-03-2024_15-24-43_p0014,23,40
29-04-2024_11-44-10_p0029_s122_b2,16,26
14-03-2025_16-18-32_p0077_s216_b4,47,17
05-06-2024_15-14-01_p0037_s231_b4,25,34
16-05-2024_15-04-09_p0034,71,53
08-04-2024_16-44-49_p0021_s35_b1,11,32
11-03-2025_16-00-34_p0073_s54_b1,12,41
06-08-2024_16-15-58_p0039_s10_b1,27,24
26-04-2024_15-11-43_p0028_s76_b1,17,13
19-07-2024_14-32-41_p0040,25,17
26-04-2024_15-10-27_p0028_s75_b1,59,20
13-11-2024_16-58-21_p0051_s47_b1,78,25
18-04-2024_10-28-20_p0025_s52_b1,55,14
28-02-2024_16-53-34_p0011,2,14
03-04-2025_13-43-06_p0080_s107_b2,7,26
03-08-2024_11-30-31_p0043_s243_b3,77,13
06-08-2024_16-44-59_p0039_s70_b1,36,20
28-06-2024_15-15-01_p0035_s223_b4,22,5
27-03-2025_14-17-55_p0080_s182_b3,40,33
10-12-2024_15-56-03_p0056_s255_b4,48,34
06-08-2024_16-32-19_p0039_s49_b1,59,32
14-01-2025_15-56-55_p0060,30,34
12-07-2024_15-22-30_p0040_s205_b3,47,15
11-06-2024_14-09-41_p0035_s107_b2,33,35
26-04-2024_14-47-10_p0028_s35_b1,58,116
16-10-2024_15-23-16_p0049_s165_b3,18,6
16-05-2024_15-08-20_p0034,47,75
13-09-2024_15-24-02_p0046,41,4
10-09-2024_14-49-41_p0048_s141_b2,77,1
10-12-2024_17-43-18_p0056_s70_b1,22,44
23-11-2024_13-16-59_p0052_s115_b2,10,27
13-12-2024_16-10-46_p0054_s18_b1,34,31
08-05-2024_09-27-56_p0030_s82_b2,24,24
14-03-2025_16-20-11_p0077_s220_b4,44,26
31-03-2025_18-39-07_p0079,32,54
15-02-2025_12-00-36_p0070_s113_b2,21,21
16-04-2024_15-40-47_p0016_s179_b3,8,20
03-04-2024_15-32-13_p0023_s211_b4,52,47
13-02-2025_15-03-34_p0067_s39_b1,67,18
30-08-2024_15-26-48_p0046_s92_b2,21,20
13-02-2025_18-37-54_p0070,47,24
05-09-2024_15-56-55_p0047_s225_b4,54,39
08-04-2024_16-45-53_p0021_s38_b1,13,37
22-02-2024_14-38-08_p0018,38,21
16-10-2024_15-37-12_p0049,35,7
24-03-2025_17-26-14_p0076_s282_b4,49,28
03-08-2024_11-06-53_p0043_s181_b3,53,8
16-04-2024_10-57-48_p0025_s274_b4,35,53
08-07-2024_11-47-58_p0040_s212_b4,18,-11
16-05-2024_14-44-00_p0034_s120_b2,74,27
10-01-2025_15-31-31_p0063_s211_b4,63,44
21-02-2025_17-15-51_p0068_s231_b4,25,33
28-08-2024_10-14-08_p0044_s150_b2,45,17
20-05-2024_16-04-05_p0023,16,4
23-11-2024_09-47-34_p0053,24,27
19-07-2024_15-55-33_p0040_s81_b1,119,16
24-04-2024_15-21-54_p0027,65,113
10-12-2024_16-56-51_p0056_s13_b1,18,38
21-11-2024_15-57-29_p0055_s204_b3,102,46
27-03-2025_15-01-57_p0078,49,47
07-12-2024_11-21-29_p0053_s64_b1,56,34
10-05-2024_16-32-17_p0033_s24_b1,14,18
20-02-2025_18-40-32_p0075_s166_b3,57,20
06-02-2025_19-00-19_p0069,34,31
13-02-2025_15-26-30_p0067_s73_b1,97,19
23-11-2024_10-08-40_p0053_s194_b3,23,22
28-11-2024_16-22-11_p0055_s154_b2,168,53
17-09-2024_15-05-28_p0048_s67_b1,36,26
11-05-2024_09-57-44_p0034_s192_b3,70,45
11-02-2025_17-54-30_p0066_sP01_b1,64,18
12-12-2024_16-04-47_p0057_s131_b2,60,25
22-01-2024_16-54-02_p9,40,25
26-02-2025_09-28-05_p0074_s88_b2,48,28
20-03-2025_14-45-56_p0076_s125_b2,69,24
07-01-2025_16-25-12_p0063,14,53
27-03-2025_14-59-00_p0078,132,51
19-02-2025_11-09-43_p0074,29,-116
18-06-2024_15-01-29_p0028_s100_b2,18,45
13-02-2025_19-27-58_p0070_s29_b1,103,37
21-12-2024_10-11-14_p0061_s25_b1,34,24
19-06-2024_15-16-12_p0023,32,47
08-07-2024_12-04-03_p0040_s236_b4,17,43
03-02-2025_17-18-05_p0071_s143_b2,97,9
03-04-2025_14-09-06_p0080_s156_b2,48,22
24-07-2024_15-03-46_p0041_s225_b4,13,21
03-04-2025_14-07-45_p0080_s152_b2,34,15
03-08-2024_11-19-16_p0043,29,15
06-09-2024_15-30-07_p0047_s113_b2,45,33
12-02-2025_16-40-32_p0072_s108_b2,39,26
17-02-2025_18-25-40_p0071_s260_b4,73,16
11-06-2024_14-46-34_p0035_s157_b2,40,26
10-05-2024_08-48-24_p0030_s179_b3,37,33
12-03-2024_14-20-07_p0022_s10_b1,41,40
29-04-2024_15-19-09_p0024,56,42
25-03-2025_18-40-08_p0079_sP14_b3,39,18
18-04-2024_15-30-16_p0026_s110_b2,12,36
18-03-2024_11-34-52_p0013,14,17
04-07-2024_15-42-04_p0039_s193_b3,22,37
07-12-2024_10-12-06_p0053,37,30
31-08-2024_12-23-59_p0047_s162_b3,108,49
06-08-2024_16-41-38_p0039_s64_b1,145,24
03-05-2024_14-11-34_p0027,31,30
22-02-2024_14-09-17_p0018_s105_b2,0,13
18-03-2024_15-35-42_p0020_s57_b1,8,21
13-12-2024_15-54-07_p0054,28,21
11-06-2024_14-25-37_p0035_s131_b2,39,23
10-09-2024_14-40-18_p0048_s128_b2,45,10
16-05-2024_15-14-22_p0034_s150_b2,60,55
22-02-2024_14-21-32_p0018,36,17
25-01-2025_12-55-05_p0064_s89_b2,112,29
12-03-2024_10-45-12_p0021_s259_b4,41,41
17-07-2024_14-31-46_p0041,53,30
19-02-2025_16-17-57_p0072_s277_b4,38,19
20-02-2024_16-44-40_p0015_s251_b4,13,15
22-01-2024_16-39-47_p9,13,-1
21-12-2024_09-50-48_p0061_s271_b4,59,22
10-12-2024_17-30-16_p0056_s52_b1,26,35
25-01-2025_13-28-08_p0064,49,5
10-05-2024_09-40-51_p0030,34,26
19-06-2024_15-46-31_p0023_s200_b3,53,51
26-11-2024_15-39-47_p0056,67,47
20-03-2024_15-05-13_p0015_s172_b3,23,63
18-03-2024_11-10-53_p0013_s211_b4,14,33
14-02-2025_18-18-22_p0073,25,19
08-06-2024_10-26-33_p0031_s22_b1,26,39
04-10-2024_14-26-21_p0050_s92_b2,36,45
10-05-2024_09-59-09_p0030_s263_b4,40,43
11-06-2024_14-34-52_p0035,11,16
13-03-2024_15-15-28_p0014_s130_b2,103,33
31-08-2024_13-01-50_p0047,68,50
10-02-2025_17-07-28_p0071_s191_b3,48,16
26-08-2024_16-27-52_p0019,17,25
08-11-2024_15-33-09_p0053_s82_b2,54,47
30-08-2024_16-28-51_p0046_s153_b2,9,22
20-02-2024_17-03-35_p0015_s280_b4,33,19
08-07-2024_12-23-13_p0040_s269_b4,70,17
10-05-2024_08-50-44_p0030_s184_b3,51,44
07-03-2024_14-10-23_p0010,16,29
10-01-2025_16-13-09_p0063_s278_b4,26,34
18-04-2024_15-53-33_p0026_s154_b2,20,21
06-02-2025_18-32-55_p0069,23,23
30-01-2024_14-43-38_p12,29,28
10-01-2025_15-05-23_p0062_s138_b2,65,23
12-06-2024_10-11-10_p0036_s133_b2,31,17
22-04-2024_09-48-28_p0025_s242_b3,16,33
30-01-2025_16-06-38_p0068_s175_b3,21,1
17-02-2025_18-02-29_p0071_s220_b4,30,30
07-05-2024_14-53-33_p0027_s3_b1,21,12
16-09-2024_15-58-49_p0045_s143_b2,46,12
17-12-2024_16-35-53_p0060_s172_b3,11,18
06-09-2024_16-17-44_p0047_s157_b2,2,-1
19-11-2024_15-50-49_p0054,32,27
26-08-2024_15-29-54_p0019_s38_b1,62,41
16-10-2024_16-25-24_p0049_s10_b1,21,-4
31-01-2025_14-51-42_p0065_s162_b3,75,39
17-09-2024_15-43-26_p0048_s226_b4,35,25
17-07-2024_14-41-09_p0041_s145_b2,34,28
19-03-2024_15-33-11_p0022_s141_b2,59,25
04-02-2025_16-52-43_p0066_s133_b2,80,24
19-06-2024_15-25-52_p0023,14,43
10-12-2024_17-25-23_p0056_s43_b1,58,28
11-02-2025_18-07-03_p0066_s28_b1,54,22
07-02-2025_16-47-02_p0046,28,2
12-07-2024_15-25-57_p0040_s241_b3,77,5
16-04-2024_15-34-40_p0016_s171_b3,9,10
12-03-2024_10-36-36_p0021_s248_b4,32,39
10-09-2024_14-52-07_p0048_s144_b2,49,10
26-10-2024_11-50-55_p0051,28,11
26-11-2024_15-12-48_p0056_s84_b2,56,40
18-04-2024_10-19-03_p0025_s29_b1,8,26
07-05-2024_15-00-59_p0027_s25_b1,17,10
10-05-2024_18-41-43_p0025_s139_b2,6,20
19-06-2024_11-06-27_p0036_s180_b3,27,34
10-05-2024_16-37-57_p0033_s37_b1,26,15
11-02-2025_19-19-42_p0069_s150_b2,18,14
23-11-2024_10-15-11_p0053_s200_b3,24,18
10-12-2024_15-51-45_p0056_s250_b4,28,36
05-12-2024_16-51-55_p0055_s218_b4,13,25
11-03-2025_18-52-31_p0075_s47_b1,52,20
26-03-2024_16-37-18_p0022_s279_b4,30,30
18-12-2024_09-23-53_p0061_s167_b3,54,16
12-07-2024_14-55-36_p0040,12,43
25-03-2024_16-41-48_p0020,9,7
05-10-2024_11-21-11_p0050_s30_b1,29,8
29-08-2024_15-44-15_p0045_s235_b4,26,19
10-09-2024_14-48-00_p0048_s138_b2,35,-9
20-03-2024_14-51-19_p0015_s161_b3,88,33
15-05-2024_16-13-20_p0032_s141_b2,52,32
08-05-2024_15-44-22_p0033,63,57
11-03-2025_17-55-47_p0075_s219_b4,41,41
24-03-2025_17-48-26_p0076_s74_b1,24,18
12-06-2024_10-00-43_p0036_s117_b2,125,8
04-07-2024_15-15-46_p0039,4,28
08-08-2024_14-34-19_p0042,8,17
21-11-2024_15-27-16_p0055_s172_b3,97,41
08-01-2025_14-46-06_p0063_s164_b3,46,35
18-01-2025_12-43-16_p0064,53,17
30-01-2024_15-02-33_p12,74,38
28-08-2024_15-44-56_p0038,26,9
24-04-2024_16-02-25_p0027,62,71
26-04-2024_14-39-54_p0028_s22_b1,29,16
21-11-2024_15-22-13_p0055,29,40
21-12-2024_09-57-05_p0061_s280_b4,30,16
19-07-2024_15-18-10_p0040_s12_b1,83,3
11-03-2025_18-00-07_p0075,80,49
24-03-2025_17-39-07_p0076_s39_b1,27,8
15-02-2025_10-16-43_p0065_s66_b1,125,42
22-03-2025_11-52-51_p0079_sP07_b2,23,30
08-05-2024_09-40-17_p0030_s109_b2,11,1
08-06-2024_09-40-23_p0031_s234_b4,23,44
08-10-2024_16-22-31_p0049,19,1
16-04-2024_15-21-33_p0016,29,25
10-01-2025_14-58-35_p0062_s125_b2,43,41
27-11-2024_15-30-25_p0054_s256_b4,40,32
23-05-2024_14-47-34_p0035_s166_b3,82,55
05-02-2025_16-50-45_p0072_s167_b3,63,27
30-08-2024_16-27-02_p0046,6,18
04-10-2024_14-32-33_p0050_s101_b2,11,44
13-12-2024_16-24-02_p0054_s46_b1,29,26
23-05-2024_15-23-56_p0035,24,33
10-12-2024_17-24-37_p0056_s41_b1,48,43
12-07-2024_15-16-50_p0040_s195_b3,34,6
27-02-2025_14-24-14_p0073_s181_b3,8,19
04-10-2024_15-02-09_p0050_s135_b2,31,38
08-05-2024_16-17-45_p0033_s201_b3,57,47
15-05-2024_16-47-31_p0032,23,23
19-06-2024_16-35-38_p0023_s42_b1,44,28
14-03-2025_16-19-01_p0077_s218_b4,66,14
02-05-2024_16-18-17_p0026_s282_b4,20,21
10-09-2024_14-00-15_p0048,14,9
08-11-2024_14-22-48_p0052_sP01_b1,71,60
08-04-2024_16-12-57_p0021,11,45
06-09-2024_15-16-34_p0047_s88_b2,4,9
20-03-2025_16-08-43_p0078_s121_b2,148,28
22-08-2024_16-26-23_p0042_s282_b4,39,23
07-01-2025_16-04-19_p0063,53,71
28-08-2024_15-05-19_p0038_s92_b2,25,17
13-11-2024_16-50-59_p0051_s32_b1,30,6
13-09-2024_15-27-40_p0046_s226_b4,21,8
28-08-2024_09-56-28_p0044_s138_b2,125,44
12-07-2024_15-19-18_p0040_s201_b3,31,6
12-07-2024_15-25-36_p0040,41,-2
16-10-2024_16-28-46_p0049_s19_b1,24,3
25-03-2025_18-29-47_p0079_s178_b3,48,17
05-12-2024_17-15-09_p0055_s257_b4,21,10
01-02-2025_14-27-41_p0064_s55_b1,65,17
28-08-2024_16-17-50_p0038_s154_b2,79,11
14-02-2025_18-05-08_p0073_s120_b2,85,15
23-05-2024_15-06-55_p0035_s184_b3,83,33
05-09-2024_15-43-24_p0047_s213_b4,38,32
10-01-2025_15-09-08_p0062_s144_b2,52,33
19-06-2024_15-55-41_p0023,39,49
02-04-2024_15-15-45_p0021,19,19
08-04-2024_16-17-29_p0021_s151_b2,10,33
08-10-2024_16-21-55_p0049,16,6
19-02-2025_10-44-53_p0074_s178_b3,83,30
17-07-2024_14-14-48_p0041_s92_b2,42,23
21-02-2024_11-54-45_p0013_s64_b1,60,60
13-03-2024_15-43-08_p0014_s215_b4,31,32
21-01-2025_14-56-16_p0065_s223_b4,38,21
18-03-2024_11-29-24_p0013_s252_b4,17,27
07-03-2024_13-43-07_p0010_s88_b2,13,33
11-03-2025_16-05-37_p0073_s62_b1,43,37
21-12-2024_10-06-11_p0061_s13_b1,27,27
08-11-2024_15-32-36_p0053_sP04_b2,62,48
07-01-2025_13-44-47_p0062_s7_b1,48,59
14-12-2024_10-50-13_p0059_s99_b2,21,15
03-05-2024_08-55-16_p0030_s70_b1,31,50
04-09-2024_14-34-38_p0044_s233_b4,31,22
08-06-2024_10-02-41_p0031_s268_b4,25,37
26-10-2024_12-27-04_p0051,39,8
16-09-2024_16-35-26_p0045_s9_b1,38,31
27-03-2025_14-02-00_p0080,40,35
28-06-2024_14-23-03_p0035_s45_b1,27,61
11-02-2025_16-45-42_p0066_s211_b4,35,23
05-12-2024_17-19-08_p0055_s263_b4,36,12
17-02-2025_17-34-53_p0071_s62_b1,88,34
05-10-2024_09-59-30_p0050,75,17
22-04-2024_09-17-56_p0025,27,15
11-05-2024_09-22-24_p0034,123,51
11-07-2024_15-24-25_p0041,35,36
10-01-2025_14-49-35_p0062,38,49
17-07-2024_14-18-56_p0041_s98_b2,51,21
08-01-2025_16-33-11_p0063_s50_b1,29,46
08-11-2024_14-24-49_p0052_s3_b1,55,67
14-08-2024_16-25-35_p0038,24,15
18-01-2025_13-12-01_p0064_s196_b3,50,21
26-08-2024_16-57-13_p0019_s205_b3,42,13
10-02-2025_16-24-44_p0071,93,9
30-10-2024_14-38-43_p0052,46,34
08-10-2024_15-55-31_p0049_s112_b2,14,8
19-02-2025_10-44-04_p0074_s176_b3,24,53
23-07-2024_16-48-56_p0039,12,27
29-02-2024_14-04-39_p0010_s46_b1,10,52
25-03-2024_15-57-43_p0020_s274_b4,19,33
24-04-2024_15-43-07_p0027_s177_b3,64,58
28-08-2024_16-52-47_p0038_s62_b1,50,10
22-02-2024_15-22-12_p0014_s162_b3,84,17
07-01-2025_16-20-53_p0063,25,43
28-09-2024_14-15-55_p0016_s35_b1,6,18
21-02-2024_16-05-58_p0016,12,21
08-11-2024_16-18-21_p0053_s146_b2,16,51
20-03-2025_15-49-46_p0078_s84_b2,64,44
18-03-2024_11-12-37_p0013_s215_b4,12,23
12-03-2025_11-09-31_p0074_s64_b1,130,23
21-11-2024_15-54-45_p0055_s202_b3,56,59
30-08-2024_16-08-38_p0046_s138_b2,55,23
08-04-2024_16-39-44_p0021_s22_b1,30,45
22-04-2024_09-13-39_p0025_s166_b3,13,36
22-03-2025_12-07-55_p0079,28,18
21-08-2024_14-56-59_p0044,56,14
02-04-2024_15-16-59_p0021,22,19
10-09-2024_14-30-05_p0048,14,-7
08-05-2024_09-32-51_p0030_s94_b2,28,22
08-07-2024_12-18-18_p0040,12,40
12-12-2024_15-32-57_p0057_s91_b2,37,26
03-05-2024_14-16-18_p0027_s129_b2,27,27
11-02-2025_18-48-04_p0069_s112_b2,23,31
06-02-2025_18-24-36_p0069_s164_b3,30,24
24-04-2024_15-16-54_p0027_s161_b3,122,89
01-08-2024_16-31-07_p0042,5,5
06-02-2025_18-19-35_p0069,116,20
28-09-2024_13-02-36_p0016,22,10
04-02-2025_16-55-00_p0066_s136_b2,40,25
10-05-2024_18-18-42_p0025,25,14
16-10-2024_15-45-38_p0049_s179_b3,28,10
25-03-2024_16-20-04_p0020_s116_b2,5,12
06-02-2025_14-00-05_p0067_s141_b2,41,19
22-01-2024_16-40-36_p9,18,-3
27-03-2025_15-01-24_p0078_s162_b3,81,59
26-03-2024_16-32-43_p0022_s268_b4,68,39
16-10-2024_15-46-54_p0049_s182_b3,16,3
11-02-2025_17-58-10_p0066_s9_b1,16,29
31-03-2025_18-35-38_p0079_s253_b4,49,45
05-12-2024_15-46-41_p0055_s17_b1,52,25
29-08-2024_16-18-42_p0045_s270_b4,67,30
20-05-2024_11-52-30_p0034_s68_b1,50,34
08-01-2025_16-26-22_p0063_s34_b1,21,42
06-11-2024_17-03-53_p0051,12,20
22-02-2024_11-37-15_p0017_s214_b4,20,44
22-04-2024_09-39-04_p0025,17,23
18-06-2024_15-44-14_p0028_s152_b2,40,51
22-08-2024_16-53-20_p0042_s48_b1,12,25
17-02-2025_17-13-57_p0071_s37_b1,51,38
19-06-2024_15-54-26_p0023_s208_b3,47,38
19-02-2025_15-46-57_p0072,51,10
19-06-2024_10-38-41_p0036_s158_b3,35,38
11-07-2024_15-45-30_p0041,37,34
29-04-2024_17-00-04_p0024_s66_b1,38,41
08-11-2024_16-08-51_p0053_s132_b2,32,45
13-09-2024_15-47-30_p0046,28,9
05-03-2024_10-38-15_p0014_s51_b1,10,35
16-04-2024_10-33-37_p0025_s232_b4,9,57
04-02-2025_17-04-14_p0066,12,22
30-01-2024_15-12-23_p12,48,30
24-01-2025_15-55-34_p0060_s64_b1,72,45
23-04-2024_15-23-25_p0026_s50_b1,40,47
10-12-2024_16-52-48_p0056_s5_b1,55,34
28-06-2024_14-22-02_p0035_s43_b1,42,38
13-03-2024_15-38-59_p0014_s209_b4,84,20
14-12-2024_11-02-13_p0059_s113_b2,31,6
03-05-2024_14-16-34_p0027_s130_b2,17,25
20-05-2024_12-05-32_p0034_s220_b4,18,60
30-08-2024_16-24-41_p0046,13,19
03-04-2024_15-58-31_p0023_s255_b4,53,49
12-03-2025_10-48-16_p0074_s18_b1,72,28
16-04-2024_15-54-02_p0016_s195_b3,9,20
05-03-2024_10-42-50_p0014_s65_b1,74,41
22-01-2025_17-39-27_p0066_s194_b3,39,23
12-06-2024_09-43-51_p0036_s86_b2,45,15
21-02-2024_11-52-20_p0013_s57_b1,65,34
20-03-2025_16-12-41_p0078_s132_b2,100,44
13-05-2024_16-24-28_p0028_s196_b3,49,10
13-03-2024_15-38-18_p0014,89,26
21-02-2024_15-57-47_p0016,-10,22
08-10-2024_15-41-00_p0049_s84_b2,27,-2
13-03-2024_15-24-00_p0014,-89,130
05-09-2024_16-39-34_p0047_s282_b4,79,23
24-07-2024_14-54-47_p0041_s213_b4,43,26
03-05-2024_08-47-19_p0030_s51_b1,40,31
22-02-2024_13-47-24_p0018_s65_b1,20,39
06-02-2025_15-29-56_p0068_s157_b2,22,18
15-02-2025_10-49-47_p0065_s112_b2,24,22
05-09-2024_15-53-17_p0047,22,24
06-08-2024_16-20-31_p0039_s19_b1,45,23
14-12-2024_11-20-31_p0059_s124_b2,32,11
10-02-2025_17-12-17_p0071_s195_b3,59,9
30-01-2025_16-21-55_p0068,11,13
08-01-2025_14-40-18_p0063_s158_b3,92,51
22-01-2025_17-24-31_p0066,40,17
26-11-2024_15-44-49_p0056_s122_b2,142,53
24-03-2025_17-43-08_p0076_s55_b1,32,55
22-08-2024_15-25-05_p0042_s211_b4,33,26
12-07-2024_14-28-12_p0040,31,48
08-04-2024_15-31-40_p0021_s95_b2,37,32
15-02-2025_12-07-15_p0070_s124_b2,80,22
13-03-2024_15-47-08_p0014_s218_b4,37,35
05-10-2024_09-49-53_p0050_s252_b4,20,11
28-01-2025_14-06-04_p0067_s204_b3,74,25
11-02-2025_18-12-14_p0066_s42_b1,43,18
25-02-2025_18-31-36_p0075_s96_b2,69,18
27-03-2024_16-22-33_p0015_s60_b1,19,40
19-02-2025_15-54-30_p0072_s236_b4,26,22
11-02-2025_17-23-20_p0066,70,12
18-12-2024_16-56-02_p0057,34,13
03-10-2024_15-08-59_p0050_s176_b3,19,5
08-04-2024_16-42-57_p0021_s29_b1,23,40
01-02-2025_13-24-12_p0064_s228_b4,19,5
13-03-2024_15-32-00_p0014_s151_b2,32,23
14-03-2025_16-27-03_p0077_s229_b4,40,31
01-08-2024_17-02-46_p0042_s241_b3,14,9
13-03-2024_14-59-53_p0014_s104_b2,34,52
12-03-2025_11-09-54_p0074_s65_b1,106,57
22-03-2025_11-57-34_p0079_s125_b2,43,47
03-04-2025_14-02-38_p0080,19,13
13-02-2025_13-47-52_p0067_s226_b4,42,31
19-07-2024_15-51-23_p0040_s73_b1,111,19
26-03-2024_15-05-02_p0022_s163_b3,94,32
18-06-2024_15-38-23_p0028,28,46
20-05-2024_11-32-30_p0034_s29_b1,41,31
10-01-2025_16-15-00_p0063_s280_b4,32,27
03-10-2024_15-16-02_p0050_s181_b3,44,16
31-03-2025_18-34-02_p0079_s249_b4,36,48
07-05-2024_15-08-31_p0027_s48_b1,17,-2
21-08-2024_14-17-55_p0044,42,4
22-08-2024_16-03-12_p0042_s268_b4,17,-6
23-05-2024_15-20-20_p0035,42,50
21-12-2024_09-48-56_p0061_s267_b4,26,28
12-06-2024_10-04-16_p0036_s124_b2,44,25
03-05-2024_14-20-20_p0027_s143_b2,25,26
19-06-2024_10-00-50_p0036_s26_b1,34,19
28-09-2024_14-09-24_p0016_s19_b1,12,9
19-03-2024_15-53-08_p0022_s152_b2,46,24
28-03-2025_15-53-32_p0081,24,35
23-05-2024_14-43-17_p0035,53,43
31-03-2025_18-42-36_p0079,50,37
31-08-2024_13-04-12_p0047_s176_b3,45,45
15-02-2025_11-14-19_p0065_s141_b2,45,9
10-05-2024_18-04-38_p0025_s84_b2,64,24
23-05-2024_15-24-45_p0035_s243_b3,138,35
21-02-2025_17-07-22_p0068_s217_b4,25,19
05-10-2024_09-39-40_p0050_s235_b4,17,28
08-08-2024_14-42-48_p0042_s92_b2,28,45
19-03-2024_15-46-31_p0022,19,31
29-04-2024_11-37-31_p0029_s109_b2,13,7
04-09-2024_16-12-06_p0044_s54_b1,25,13
17-06-2024_15-18-12_p0019_s127_b2,36,29
08-04-2024_15-53-07_p0021_s130_b2,43,31
19-07-2024_15-20-37_p0040_s15_b1,33,11
01-08-2024_16-00-59_p0042_s161_b3,71,-12
27-05-2024_15-30-36_p0032,24,24
23-07-2024_16-18-24_p0039_s114_b2,35,26
22-02-2024_14-07-25_p0018_s98_b2,10,20
30-08-2024_16-25-12_p0046,13,9
16-04-2024_11-02-13_p0025_s282_b4,13,38
13-02-2025_19-29-14_p0070_s31_b1,57,32
30-09-2024_15-48-07_p0049_s249_b4,17,16
11-03-2025_15-33-26_p0073_s280_b4,23,22
30-01-2024_14-15-07_p12,38,23
21-02-2025_18-23-46_p0068_s67_b1,60,28
30-04-2024_13-33-44_p0024_s136_b2,18,61
18-06-2024_15-31-16_p0028_s144_b2,13,13
08-07-2024_11-51-17_p0040_s219_b4,5,11
25-03-2025_18-49-32_p0079_s202_b3,49,20
30-04-2024_13-20-27_p0024,26,56
23-07-2024_16-13-02_p0039_s104_b2,29,21
03-05-2024_14-30-00_p0027_s154_b2,12,28
14-03-2025_16-28-55_p0077_s235_b4,43,33
03-05-2024_08-30-23_p0030_s10_b1,21,53
12-07-2024_15-07-52_p0040_s184_b3,56,18
06-09-2024_15-18-03_p0047_s91_b2,12,15
30-04-2024_13-17-07_p0024_s110_b2,46,61
24-01-2024_17-16-57_p10,50,30
19-06-2024_16-16-12_p0023_s1_b1,47,27
21-12-2024_09-29-50_p0061_s227_b4,34,17
27-05-2024_16-04-25_p0032_s204_b3,19,26
11-02-2025_18-42-28_p0069_s100_b2,26,30
03-09-2024_15-05-38_p0048_s187_b3,55,33
05-12-2024_15-56-39_p0055_s31_b1,56,33
20-03-2025_14-59-37_p0076,28,22
06-02-2025_15-14-14_p0068_s135_b2,43,37
17-02-2025_17-14-26_p0071_s38_b1,94,29
10-05-2024_16-37-07_p0033_s34_b1,19,14
05-02-2025_16-52-16_p0072,11,23
10-01-2025_14-35-40_p0062_s96_b2,77,38
31-08-2024_12-14-32_p0047,26,48
26-11-2024_15-18-20_p0056_s90_b2,83,42
10-09-2024_14-38-19_p0048_s125_b2,54,7
19-02-2025_11-04-00_p0074_sP16_b3,36,53
19-06-2024_10-13-09_p0036_s51_b1,30,34
28-03-2025_15-54-10_p0081,36,31
22-02-2024_14-21-07_p0018_s124_b2,-9,25
12-06-2024_10-18-17_p0036,17,13
08-07-2024_11-55-56_p0040_s222_b4,30,23
20-03-2024_15-03-48_p0015,44,45
26-08-2024_17-00-58_p0019_s241_b3,40,24
18-01-2025_13-22-12_p0064_s241_b3,65,20
30-01-2024_14-38-14_p12,28,37
17-08-2024_11-23-51_p0043_s275_b4,53,29
24-05-2024_19-15-52_p0031_s156_b2,36,33
08-04-2024_15-38-36_p0021_s105_b2,24,34
12-03-2025_10-27-08_p0074_s258_b4,15,34
19-02-2025_10-55-38_p0074_s192_b3,37,43
29-04-2024_15-36-51_p0024_s171_b3,43,64
13-11-2024_17-06-50_p0051_s61_b1,43,22
17-02-2025_17-05-54_p0071_s18_b1,74,35
10-05-2024_18-54-22_p0025,21,23
26-03-2024_16-01-47_p0022_s209_b4,47,33
26-08-2024_16-26-19_p0019,31,27
14-02-2025_18-25-15_p0073_s154_b2,16,18
22-08-2024_17-00-55_p0042_s68_b1,55,40
29-04-2024_17-01-52_p0024_s69_b1,19,42
26-03-2024_15-15-26_p0022,35,28
30-01-2024_11-02-35_p11,10,25
01-02-2025_10-48-26_p0069_s69_b1,14,18
13-11-2024_16-58-54_p0051_s48_b1,111,18
03-09-2024_15-43-37_p0048,39,17
28-01-2025_13-24-39_p0067,17,29
31-01-2025_14-50-02_p0065_s160_b3,34,34
13-02-2025_18-43-32_p0070_s176_b3,45,36
01-02-2025_13-26-48_p0064_s233_b4,13,20
20-05-2024_16-07-41_p0023,14,8
26-08-2024_15-15-41_p0019_s4_b1,71,27
02-04-2024_15-56-43_p0021,13,27
06-05-2024_16-11-50_p0032_s283_b4,74,60
05-06-2024_10-31-58_p0036_s272_b4,42,6
17-09-2024_15-00-16_p0048_s61_b1,15,18
03-12-2024_15-41-24_p0056,49,30
19-11-2024_16-35-38_p0054,35,37
28-08-2024_15-18-19_p0038_s113_b2,37,20
08-07-2024_12-19-11_p0040_s263_b4,42,38
08-01-2025_15-25-23_p0063_sP14_b3,67,40
21-02-2024_15-20-57_p0016_s91_b2,15,30
04-07-2024_15-33-28_p0039_s183_b3,39,38
08-10-2024_16-24-01_p0049,10,15
28-06-2024_15-43-47_p0035_s271_b4,16,7
07-02-2025_16-19-02_p0046_s163_b3,104,17
06-02-2025_13-57-10_p0067_s135_b2,72,22
13-12-2024_16-18-41_p0054_s33_b1,20,23
24-07-2024_15-21-10_p0041_s262_b4,38,25
25-03-2025_18-36-09_p0079_s187_b3,71,18
26-02-2025_09-33-43_p0074_s97_b2,54,30
16-05-2024_15-06-08_p0034,51,68
31-01-2025_15-25-41_p0065_s191_b3,42,42
11-02-2025_18-03-12_p0066_s20_b1,67,25
20-12-2024_14-26-20_p0061_s92_b2,38,30
16-05-2024_15-13-59_p0034_s149_b2,44,49
10-02-2025_17-03-23_p0071_s185_b3,52,18
03-04-2025_13-40-00_p0080_s99_b2,20,28
05-09-2024_14-34-48_p0047_s3_b1,79,10
27-03-2025_14-06-23_p0080_s168_b3,62,26
12-12-2024_19-45-39_p0058_s153_b2,70,29
13-05-2024_15-35-32_p0028_s163_b3,89,16
23-07-2024_16-06-00_p0039_s89_b2,56,30
10-05-2024_09-15-21_p0030,39,37
18-04-2024_15-49-53_p0026,36,25
17-07-2024_14-36-18_p0041_s135_b2,59,33
28-08-2024_17-01-48_p0038_s77_b1,67,1
28-08-2024_16-18-32_p0038_s156_b2,77,13
15-05-2024_16-08-35_p0032_s137_b2,50,25
16-10-2024_15-57-02_p0049_s192_b3,7,6
13-11-2024_17-49-47_p0051_s259_b4,80,23
16-07-2024_16-41-54_p0039_s256_b4,49,15
03-05-2024_08-50-29_p0030_s60_b1,42,45
20-05-2024_11-51-05_p0034_s66_b1,44,52
23-05-2024_14-56-10_p0035,20,40
05-02-2025_17-39-26_p0072,62,10
05-02-2025_16-59-26_p0072,37,30
29-04-2024_11-28-26_p0029_s88_b2,28,18
28-09-2024_13-02-56_p0016_s210_b4,19,17
08-05-2024_10-02-02_p0030,25,33
15-02-2025_11-25-14_p0065,40,10
10-12-2024_16-57-16_p0056_s14_b1,36,40
10-09-2024_14-57-52_p0048_s157_b2,24,10
15-02-2025_10-02-56_p0065_s43_b1,52,18
20-05-2024_12-16-21_p0034_s240_b4,35,30
02-04-2024_15-43-02_p0021,30,23
08-01-2025_15-36-49_p0063,41,34
05-10-2024_11-27-37_p0050_s49_b1,-2,2
20-03-2024_15-02-11_p0015,42,59
11-06-2024_14-39-53_p0035,6,21
17-09-2024_15-40-23_p0048,35,15
02-05-2024_15-25-25_p0026_s241_b3,11,24
22-04-2024_09-48-47_p0025_s244_b3,22,24
10-01-2025_15-34-58_p0063_s219_b4,63,46
21-01-2025_15-34-01_p0065_s281_b4,55,38
13-09-2024_15-59-49_p0046_s275_b4,25,6
05-02-2025_17-16-26_p0072_s181_b3,51,21
02-05-2024_15-04-33_p0026_s180_b3,14,29
01-02-2025_13-13-04_p0064,32,22
16-05-2024_14-49-46_p0034_s125_b2,55,48
03-05-2024_14-19-30_p0027_s141_b2,21,26
08-06-2024_09-58-28_p0031_s262_b4,28,39
23-04-2024_15-18-03_p0026_s35_b1,22,59
05-09-2024_14-33-08_p0047_s1_b1,67,12
17-12-2024_17-19-54_p0060_sP20_b3,24,58
13-02-2025_13-50-39_p0067_s233_b4,17,23
03-05-2024_18-39-38_p0031_s172_b3,15,26
01-02-2025_12-16-18_p0070_s259_b4,117,21
30-01-2024_15-02-51_p12,69,53
07-01-2025_14-49-17_p0062_s221_b4,36,21
08-10-2024_16-20-16_p0049,12,1
26-02-2025_10-08-20_p0074_sP07_b2,23,26
05-10-2024_10-02-15_p0050_s262_b4,37,6
27-05-2024_16-48-40_p0032_s41_b1,38,38
24-07-2024_15-20-10_p0041,29,33
30-09-2024_15-51-45_p0049_s256_b4,2,12
22-02-2024_11-47-41_p0017_s249_b4,17,36
08-06-2024_10-45-47_p0031_s66_b1,37,40
17-06-2024_16-00-38_p0019_s154_b2,21,37
18-04-2024_10-34-13_p0025_s66_b1,29,34
01-02-2025_09-49-05_p0069_s248_b4,27,15
22-01-2025_17-22-23_p0066_s175_b3,14,24
24-07-2024_14-55-08_p0041_s214_b4,16,14
13-02-2025_19-21-25_p0070_s12_b1,80,19
28-06-2024_14-29-11_p0035_s57_b1,14,67
29-02-2024_14-18-37_p0010_s76_b1,1,48
10-08-2024_10-48-35_p0043_s116_b2,24,28
25-02-2025_19-33-48_p0075,41,21
17-08-2024_11-05-58_p0043_s253_b4,54,20
18-03-2024_15-44-10_p0020_s71_b1,7,20
17-07-2024_14-43-02_p0041_s150_b2,32,32
16-04-2024_10-49-46_p0025_s260_b4,2,52
11-03-2025_18-05-46_p0075_s231_b4,66,27
29-04-2024_11-29-07_p0029_s89_b2,29,14
26-02-2025_09-37-43_p0074_s105_b2,35,42
18-06-2024_15-15-14_p0028_s121_b2,31,48
20-02-2025_19-26-45_p0075_s190_b3,57,15
23-11-2024_09-43-16_p0053,12,26
10-12-2024_17-53-20_p0056_s75_b1,50,17
15-05-2024_16-43-27_p0032,24,26
29-08-2024_15-46-28_p0045_s239_b4,19,37
27-03-2025_14-22-36_p0080_s192_b3,36,42
22-01-2024_17-43-34_p9,31,-1
28-08-2024_10-05-53_p0044,24,30
03-05-2024_18-55-01_p0031_s193_b3,46,10
22-02-2024_10-58-55_p0017,57,52
04-02-2025_16-27-18_p0066_s87_b2,19,30
10-05-2024_08-42-27_p0030,39,51
28-08-2024_16-44-46_p0038_s47_b1,57,11
18-04-2024_15-22-59_p0026_s88_b2,12,23
14-01-2025_15-30-19_p0060_sP07_b2,27,18
10-05-2024_18-54-39_p0025,21,21
14-03-2025_16-51-06_p0077_s271_b4,57,13
17-08-2024_10-42-37_p0043,68,32
07-01-2025_15-40-18_p0063_s92_b2,37,64
04-07-2024_15-39-53_p0039_s190_b3,49,51
10-09-2024_16-57-56_p0045,20,17
01-02-2025_09-35-03_p0069_s219_b4,42,12
21-02-2025_17-38-28_p0068_s265_b4,31,21
19-03-2024_15-02-21_p0022_s97_b2,65,33
16-04-2024_15-46-57_p0016_s188_b3,42,29
17-12-2024_16-10-50_p0060_s159_b3,23,30
12-12-2024_19-11-13_p0058_s113_b2,10,29
05-10-2024_11-25-38_p0050_s44_b1,26,7
22-02-2024_11-37-30_p0017_s215_b4,50,40
10-12-2024_15-48-52_p0056_s247_b4,63,44
21-02-2025_17-54-55_p0068_s10_b1,40,23
20-03-2025_16-33-42_p0078_s157_b2,92,53
25-02-2025_19-41-37_p0075_s152_b2,75,22
27-02-2025_14-28-24_p0073_s192_b3,15,20
14-01-2025_15-24-19_p0060_s114_b2,28,33
05-10-2024_11-30-18_p0050_s57_b1,22,12
13-12-2024_16-23-19_p0054_s44_b1,41,40
20-02-2024_16-15-18_p0015_s210_b4,24,10
11-02-2025_16-44-49_p0066,47,25
21-12-2024_10-19-08_p0061_s41_b1,39,32
10-05-2024_09-34-47_p0030_s211_b4,37,36
19-02-2025_10-42-22_p0074_s174_b3,54,30
14-01-2025_15-10-32_p0060_s87_b2,12,53
12-12-2024_19-47-07_p0058_s156_b2,62,26
12-03-2024_10-45-58_p0021_s261_b4,40,44
05-03-2024_10-33-16_p0014_s36_b1,87,39
04-10-2024_14-32-07_p0050_s100_b2,7,43
14-08-2024_16-17-44_p0038_s263_b4,48,7
06-02-2025_15-19-51_p0068,14,9
22-04-2024_09-22-49_p0025_s174_b3,16,30
28-09-2024_13-24-51_p0016_s239_b4,13,13
10-02-2025_16-20-58_p0071_s159_b3,67,3
16-10-2024_15-38-38_p0049_s172_b3,20,3
25-03-2024_16-37-58_p0020,1,8
07-05-2024_14-24-21_p0027_s251_b4,29,36
15-02-2025_11-05-11_p0065_s134_b2,25,13
22-08-2024_15-51-13_p0042_s249_b4,12,13
17-02-2025_18-10-51_p0071_s230_b4,43,20
13-02-2025_19-43-21_p0070_s62_b1,48,16
19-07-2024_13-55-49_p0040_s97_b2,45,9
10-05-2024_16-49-47_p0033_s69_b1,26,11
13-11-2024_17-11-58_p0051_sP02_b1,57,27
16-09-2024_17-16-08_p0045_s76_b1,19,21
28-08-2024_10-07-21_p0044,31,16
26-10-2024_12-03-21_p0051_sP10_b3,26,10
22-04-2024_09-32-52_p0025_s190_b3,19,28
01-08-2024_16-30-19_p0042,2,7
13-09-2024_15-16-25_p0046_s212_b4,45,34
24-01-2025_16-07-10_p0060_s70_b1,15,31
03-08-2024_10-27-38_p0043_s169_b3,43,0
22-02-2024_13-36-43_p0018_s45_b1,30,32
26-03-2024_15-40-53_p0022,25,31
02-05-2024_15-57-06_p0026_s237_b4,16,23
14-03-2025_17-25-46_p0077_s46_b1,55,20
07-01-2025_14-07-30_p0062_s49_b1,156,45
18-03-2024_15-20-03_p0020_s24_b1,10,31
18-06-2024_15-37-43_p0028,31,45
27-03-2024_16-24-59_p0015_s65_b1,24,33
28-02-2024_16-12-47_p0011_s90_b2,8,26
24-07-2024_14-15-43_p0041_s23_b1,37,10
20-12-2024_14-38-25_p0061_s113_b2,37,30
29-08-2024_15-28-42_p0045_s212_b4,48,38
04-02-2025_16-47-57_p0066_s123_b2,42,23
25-01-2025_12-57-24_p0064_s92_b2,53,37
16-09-2024_16-46-53_p0045_s32_b1,35,25
28-09-2024_13-24-07_p0016_s237_b4,15,28
15-05-2024_15-51-45_p0032_s118_b2,39,28
22-02-2024_14-28-42_p0018_s143_b2,0,24
11-02-2025_16-58-11_p0066_s229_b4,27,15
18-12-2024_16-21-57_p0057,93,30
30-10-2024_14-59-12_p0052_s176_b3,15,1
21-12-2024_10-10-02_p0061_s22_b1,51,16
11-06-2024_14-05-58_p0035_s101_b2,-3,26
16-07-2024_16-51-35_p0039,50,16
28-08-2024_09-32-28_p0044_s103_b2,54,32
07-01-2025_14-56-22_p0062_s230_b4,36,51
04-09-2024_16-10-38_p0044_s51_b1,110,1
03-05-2024_18-57-39_p0031_s195_b3,26,12
07-12-2024_11-06-57_p0053_s31_b1,52,31
14-03-2025_17-16-42_p0077_s18_b1,52,11
08-11-2024_16-02-00_p0053_s122_b2,20,56
30-10-2024_14-35-28_p0052_s158_b3,15,32
18-01-2025_12-33-49_p0064_s161_b3,113,29
08-01-2025_16-37-30_p0063_s56_b1,15,41
10-01-2025_14-32-46_p0062_s89_b2,26,29
30-10-2024_14-55-34_p0052_s171_b3,11,10
13-11-2024_17-02-53_p0051_s53_b1,135,26
18-06-2024_16-41-36_p0028_s258_b4,25,24
06-09-2024_15-29-46_p0047_s112_b2,2,24
21-01-2025_15-23-53_p0065_s269_b4,84,36
10-05-2024_18-43-14_p0025_s142_b2,51,18
26-02-2025_10-23-56_p0074_s136_b2,68,31
26-02-2024_15-56-28_p0019_s251_b4,27,31
26-03-2024_16-16-18_p0022_s232_b4,43,48
13-03-2024_14-59-26_p0014_s103_b2,40,54
27-03-2024_15-38-20_p0015,18,23
07-01-2025_14-12-18_p0062_s59_b1,95,54
12-06-2024_10-13-35_p0036_s140_b2,46,15
24-05-2024_19-13-51_p0031_s149_b2,28,46
12-12-2024_19-46-47_p0058_s155_b2,57,25
18-01-2025_13-23-28_p0064,37,17
06-11-2024_16-59-18_p0051,18,8
19-06-2024_16-14-57_p0023_sP01_b1,50,30
05-03-2024_10-40-13_p0014_s58_b1,56,22
29-04-2024_15-17-53_p0024_s160_b3,33,55
28-09-2024_14-37-26_p0016_s75_b1,16,6
13-12-2024_16-33-50_p0054_s67_b1,60,43
12-12-2024_19-06-14_p0058_s103_b2,21,31
11-03-2025_18-43-00_p0075_s15_b1,38,21
26-03-2024_16-29-40_p0022_s262_b4,27,22
13-02-2025_13-49-07_p0067_s229_b4,19,26
06-05-2024_15-31-05_p0032_s233_b4,42,44
10-08-2024_11-15-58_p0043_s154_b2,60,13
14-03-2025_17-38-24_p0077_s80_b1,31,32
24-01-2025_15-23-38_p0060_s282_b4,41,36
27-05-2024_15-50-44_p0032_s191_b3,23,28
14-01-2025_15-56-37_p0060,5,46
12-02-2025_17-20-02_p0072_s157_b2,42,28
08-05-2024_16-28-51_p0033_s242_b3,81,53
19-03-2024_15-08-15_p0022_s105_b2,43,42
19-11-2024_15-43-59_p0054_s168_b3,18,19
18-01-2025_12-45-24_p0064,26,35
13-11-2024_17-51-36_p0051_s263_b4,18,20
12-06-2024_09-50-08_p0036_s100_b2,54,18
27-05-2024_16-41-42_p0032_s26_b1,33,56
16-04-2024_15-21-55_p0016_s162_b3,16,23
23-05-2024_14-54-18_p0035,25,39
06-02-2025_14-53-26_p0068_s104_b2,32,20
19-02-2025_15-59-20_p0072_s251_b4,59,17
19-06-2024_15-30-29_p0023_s182_b3,25,35
19-07-2024_15-43-58_p0040_s61_b1,77,20
06-09-2024_15-21-33_p0047_s95_b2,2,12
19-12-2024_16-04-54_p0062_s185_b3,54,8
13-12-2024_15-04-44_p0054,25,31
25-03-2024_15-44-56_p0020_s247_b4,37,32
20-03-2024_15-07-49_p0015_s176_b3,41,49
08-05-2024_09-29-54_p0030_sP05_b2,22,33
28-06-2024_14-40-31_p0035_s79_b1,43,52
01-02-2025_10-01-46_p0069_s267_b4,23,22
28-09-2024_13-31-51_p0016_s255_b4,23,12
28-11-2024_15-42-07_p0055_s113_b2,33,47
13-02-2025_19-24-08_p0070_s19_b1,38,43
01-02-2025_13-22-03_p0064_s223_b4,24,18
04-10-2024_15-03-01_p0050_s137_b2,15,25
26-10-2024_12-09-19_p0051_s172_b3,75,-12
01-02-2025_12-26-12_p0070_s279_b4,49,23
24-03-2025_17-35-58_p0076_s26_b1,82,4
26-02-2025_09-25-41_p0074_s85_b2,70,18
22-08-2024_15-40-14_p0042_s230_b4,27,26
08-11-2024_14-32-59_p0052_s17_b1,64,45
27-11-2024_15-13-04_p0054,44,40
22-01-2025_17-56-03_p0066_s242_b3,62,13
22-08-2024_16-58-46_p0042_s63_b1,35,44
11-05-2024_09-52-32_p0034_s185_b3,44,32
11-03-2025_15-27-29_p0073_s269_b4,8,31
05-10-2024_11-19-43_p0050_s25_b1,37,15
12-06-2024_16-24-44_p0038,50,13
19-11-2024_15-56-22_p0054,42,16
26-03-2024_15-46-21_p0022_s204_b3,57,20
26-02-2024_15-49-44_p0019_s237_b4,36,56
17-08-2024_10-31-10_p0043_s59_b1,65,27
31-01-2025_14-54-48_p0065_s166_b3,77,81
01-02-2025_10-21-23_p0069_s14_b1,23,30
11-07-2024_15-23-19_p0041_s176_b3,38,34
01-02-2025_10-26-52_p0069_s27_b1,80,6
05-10-2024_11-40-05_p0050_s77_b1,10,6
20-02-2025_19-12-29_p0075_s183_b3,28,28
03-02-2025_16-44-17_p0071_s94_b2,35,24
07-12-2024_10-08-54_p0053_s221_b4,18,22
17-08-2024_10-07-49_p0043_s11_b1,13,14
22-02-2024_14-32-39_p0018,2,24
26-08-2024_15-20-44_p0019_s16_b1,65,33
06-11-2024_16-49-56_p0051_s129_b2,36,20
24-03-2025_16-59-13_p0076_s225_b4,41,15
25-01-2025_13-19-35_p0064_s134_b2,40,15
22-04-2024_09-18-26_p0025,8,7
21-11-2024_15-58-16_p0055_s206_b3,39,40
17-02-2025_18-15-42_p0071_s240_b4,41,18
20-03-2025_15-52-49_p0078,65,32
08-04-2024_16-15-59_p0021,17,23
13-11-2024_17-48-39_p0051_s257_b4,17,17
17-09-2024_16-10-36_p0048_s265_b4,14,19
05-06-2024_15-36-00_p0037_s270_b4,27,45
25-03-2025_18-34-39_p0079_s184_b3,82,26
27-03-2025_15-16-45_p0078_s176_b3,53,46
21-11-2024_15-49-13_p0055_s194_b3,25,73
27-05-2024_16-09-21_p0032,20,25
10-12-2024_15-16-22_p0056,37,36
21-11-2024_15-04-22_p0055_s162_b3,101,63
16-07-2024_16-40-49_p0039_s254_b4,33,6
10-05-2024_10-06-35_p0030_s277_b4,36,21
30-01-2025_16-24-21_p0068_s199_b3,22,14
26-10-2024_11-55-59_p0051_s163_b3,83,-4
18-01-2025_09-54-10_p0057_s230_b4,63,27
30-10-2024_14-53-49_p0052,15,16
06-02-2025_14-11-17_p0067,18,14
08-06-2024_10-49-30_p0031_s74_b1,25,35
11-03-2025_15-22-35_p0073,46,30
15-02-2025_10-43-42_p0065_s102_b2,61,17
11-06-2024_14-20-33_p0035_s123_b2,37,23
01-02-2025_14-36-26_p0064_s71_b1,26,20
04-02-2025_16-40-10_p0066_s114_b2,59,23
08-08-2024_15-07-57_p0042_s128_b2,14,27
31-08-2024_14-07-42_p0047_s205_b3,37,33
07-05-2024_15-00-20_p0027_s23_b1,14,16
17-12-2024_16-49-17_p0060_s186_b3,24,17
10-08-2024_10-57-27_p0043_s129_b2,93,21
26-10-2024_12-28-58_p0051,40,23
24-03-2025_17-15-04_p0076,30,29
13-03-2024_15-09-20_p0014_s120_b2,34,9
03-09-2024_15-08-20_p0048_s188_b3,43,19
27-05-2024_15-33-08_p0032_s172_b3,19,42
22-02-2024_10-39-03_p0017,21,65
17-12-2024_17-10-17_p0060_s201_b3,10,11
30-01-2024_15-07-49_p12,56,74
16-07-2024_16-30-19_p0039_s230_b4,17,19
13-09-2024_15-28-30_p0046_s228_b4,23,13
28-08-2024_15-06-42_p0038_s95_b2,41,16
01-02-2025_12-21-53_p0070_s270_b4,61,14
16-09-2024_15-22-28_p0045_s103_b2,42,21
10-01-2025_14-33-30_p0062_s91_b2,35,43
18-04-2024_15-50-16_p0026,25,21
08-07-2024_12-06-29_p0040_s245_b4,66,28
15-02-2025_12-14-50_p0070_s134_b2,54,17
21-01-2025_14-44-53_p0065_s218_b4,31,37
03-04-2024_15-57-43_p0023_s254_b4,-160,300
10-02-2025_16-31-13_p0071_s169_b3,46,15
26-10-2024_11-59-36_p0051,15,10
19-02-2025_16-44-25_p0072_s39_b1,93,22
11-05-2024_10-02-44_p0034_s197_b3,59,37
01-08-2024_16-50-47_p0042_s195_b3,21,14
28-08-2024_16-50-47_p0038_s59_b1,92,7
20-05-2024_15-34-48_p0023_s112_b2,10,19
05-06-2024_15-12-47_p0037_s228_b4,9,10
30-01-2024_14-16-03_p12,32,9
03-12-2024_15-32-28_p0056,36,64
24-07-2024_14-29-41_p0041_s56_b1,22,19
16-10-2024_16-24-05_p0049_s7_b1,15,2
30-09-2024_15-49-31_p0049_s252_b4,21,29
03-10-2024_15-12-38_p0050,29,7
25-01-2025_13-04-29_p0064_s106_b2,89,11
11-03-2025_15-13-22_p0073_s234_b4,33,35
28-08-2024_15-25-34_p0038_s122_b2,125,23
12-03-2025_11-10-12_p0074_s66_b1,142,64
23-11-2024_13-36-33_p0052,25,42
29-02-2024_14-10-29_p0010_s59_b1,8,103
25-03-2024_16-34-36_p0020_s144_b2,12,9
25-03-2025_18-16-55_p0079,68,23
21-02-2024_11-33-35_p0013_s16_b1,46,47
22-02-2024_15-36-54_p0014_sP12_b3,41,38
23-05-2024_15-12-39_p0035_s193_b3,44,37
11-02-2025_18-41-12_p0069_s97_b2,22,29
21-12-2024_09-51-38_p0061_s272_b4,39,16
24-04-2024_15-35-00_p0027,60,59
12-03-2024_10-25-12_p0021_s228_b4,16,54
24-04-2024_15-19-19_p0027,134,127
11-03-2025_16-02-50_p0073_s60_b1,14,32
26-03-2024_16-02-12_p0022,62,40
23-11-2024_12-59-33_p0052_s84_b2,17,30
03-04-2025_14-05-24_p0080,15,23
23-11-2024_09-49-35_p0053_s173_b3,22,30
24-05-2024_18-38-16_p0031_s99_b2,47,31
29-04-2024_11-43-14_p0029_s119_b2,26,17
11-03-2025_17-57-05_p0075_s221_b4,25,44
15-05-2024_16-23-13_p0032_s146_b2,17,21
29-04-2024_11-33-38_p0029_s99_b2,18,19
23-05-2024_15-07-21_p0035_s185_b3,65,24
17-06-2024_15-07-57_p0019_s113_b2,20,16
23-04-2024_15-11-38_p0026_s26_b1,4,41
26-10-2024_11-56-54_p0051_s164_b3,38,2
22-02-2024_15-29-02_p0014,9,23
25-03-2024_15-54-51_p0020_s267_b4,98,25
04-09-2024_14-41-32_p0044_s249_b4,27,19
19-02-2025_16-43-30_p0072_s37_b1,58,26
19-06-2024_10-01-17_p0036_s27_b1,91,35
21-01-2025_15-04-02_p0065_s239_b4,54,38
11-03-2025_16-02-30_p0073_s59_b1,8,46
17-02-2025_18-23-33_p0071_s257_b4,44,30
06-11-2024_16-36-27_p0051_s107_b2,47,17
21-12-2024_09-38-43_p0061_s252_b4,60,2
20-03-2025_15-55-55_p0078_s96_b2,80,26
23-04-2024_11-42-46_p0024_s264_b4,18,39
18-04-2024_15-51-19_p0026,25,16
14-03-2025_16-27-40_p0077_s231_b4,46,27
01-02-2025_14-08-36_p0064_s17_b1,72,8
14-03-2025_16-29-10_p0077_s236_b4,30,33
13-12-2024_15-08-28_p0054_s117_b2,35,36
19-07-2024_15-25-05_p0040_s25_b1,39,12
06-02-2025_19-01-49_p0069,51,26
21-02-2024_11-32-36_p0013_s13_b1,9,85
17-09-2024_15-53-54_p0048_s247_b4,51,24
11-07-2024_15-39-59_p0041_s195_b3,45,26
06-02-2025_15-27-13_p0068_s149_b2,36,25
08-05-2024_10-03-22_p0030,36,21
18-12-2024_17-32-49_p0057_s197_b3,41,21
02-04-2024_15-34-39_p0021_s185_b3,19,26
04-02-2025_16-32-32_p0066_s98_b2,71,26
30-08-2024_16-05-13_p0046_s132_b2,19,17
05-02-2025_17-43-29_p0072,53,25
22-02-2024_13-34-42_p0018_s39_b1,40,34
05-02-2025_17-15-38_p0072_s180_b3,36,22
24-03-2025_17-17-48_p0076_s266_b4,29,21
22-01-2025_17-18-47_p0066,2,24
11-03-2024_16-01-43_p0020,13,42
05-12-2024_17-14-19_p0055_s258_b4,33,17
24-03-2025_17-44-16_p0076_s60_b1,25,21
06-09-2024_16-11-09_p0047,-4,-8
17-02-2025_17-02-20_p0071_s9_b1,46,26
12-06-2024_10-28-56_p0036,22,15
08-05-2024_09-55-03_p0030_s145_b2,30,28
06-11-2024_16-49-08_p0051_s127_b2,103,24
11-02-2025_16-46-50_p0066_s214_b4,34,23
30-01-2025_16-29-54_p0068_s207_b3,20,17
22-08-2024_15-54-41_p0042_s258_b4,24,15
11-03-2025_18-00-55_p0075_s225_b4,36,35
19-06-2024_16-40-44_p0023_s54_b1,38,17
25-02-2025_19-44-15_p0075_s157_b2,86,7
26-03-2024_16-11-16_p0022,40,36
06-05-2024_15-37-25_p0032_s247_b4,75,44
22-08-2024_16-49-52_p0042_s40_b1,35,22
12-03-2024_14-19-41_p0022_s9_b1,41,7
23-11-2024_13-03-50_p0052_s94_b2,5,42
14-03-2025_17-26-19_p0077_s47_b1,94,58
20-02-2025_19-32-03_p0075,39,24
20-03-2025_14-50-34_p0076_s136_b2,44,32
08-01-2025_16-43-55_p0063_s68_b1,78,39
22-02-2024_11-36-17_p0017_s211_b4,2,40
06-08-2024_16-48-27_p0039_s77_b1,58,30
10-05-2024_10-07-22_p0030_s279_b4,46,34
11-03-2025_16-01-49_p0073_s57_b1,7,36
05-02-2025_17-17-56_p0072_s184_b3,111,15
19-06-2024_09-48-55_p0036_s2_b1,99,38
26-08-2024_16-31-27_p0019,52,35
10-09-2024_17-39-37_p0045_s203_b3,79,32
26-02-2024_15-42-48_p0019_s230_b4,-3,36
26-08-2024_16-51-56_p0019_s196_b3,39,21
16-10-2024_15-35-02_p0049,18,11
26-03-2024_16-15-51_p0022_s231_b4,50,48
26-03-2024_15-38-33_p0022_s193_b3,17,19
03-04-2025_14-06-12_p0080,23,13
07-01-2025_14-20-23_p0062_s69_b1,98,42
04-02-2025_16-56-01_p0066_s138_b2,56,24
07-01-2025_15-34-00_p0063_sP04_b2,129,58
19-06-2024_16-32-15_p0023_s35_b1,26,20
02-05-2024_16-03-38_p0026_s258_b4,18,23
16-05-2024_14-59-04_p0034_s139_b2,74,52
26-03-2024_15-09-04_p0022_s169_b3,16,30
12-03-2025_10-28-14_p0074,84,22
22-02-2024_15-45-19_p0014,40,26
22-08-2024_16-04-26_p0042_s272_b4,3,4
20-05-2024_15-17-52_p0023_s90_b2,21,18
19-07-2024_13-50-26_p0040_s85_b2,46,40
12-12-2024_15-46-29_p0057_s109_b2,79,36
23-11-2024_13-34-46_p0052_s147_b2,12,25
01-02-2025_11-59-17_p0070_s222_b4,43,28
19-07-2024_14-31-15_p0040,25,15
20-02-2025_18-35-16_p0075,44,59
28-06-2024_15-23-34_p0035_s246_b4,2,-2
17-07-2024_14-28-43_p0041_sP07_b2,10,31
12-03-2025_10-27-46_p0074_s257_b4,45,31
21-02-2025_18-15-02_p0068_s52_b1,21,14
07-03-2024_13-39-54_p0010_s82_b2,30,28
25-03-2024_16-10-40_p0020_s93_b2,5,6
18-01-2025_09-59-20_p0057_s236_b4,35,19
06-05-2024_15-29-26_p0032_s229_b4,13,58
27-02-2025_14-13-34_p0073_sP10_b3,34,26
23-07-2024_16-45-06_p0039,17,36
08-08-2024_14-50-32_p0042_s108_b2,12,26
08-10-2024_15-57-00_p0049_s116_b2,12,5
17-06-2024_14-52-41_p0019,27,31
09-05-2024_14-18-00_p0033_s89_b2,130,16
30-09-2024_15-57-04_p0049_s260_b4,47,-5
21-02-2025_18-20-35_p0068_s61_b1,24,21
03-02-2025_17-31-08_p0071_s151_b2,55,2
17-06-2024_14-53-34_p0019_s90_b2,31,24
11-02-2025_19-16-47_p0069,11,12
01-02-2025_09-50-43_p0069_s252_b4,66,11
17-07-2024_14-52-24_p0041,33,65
08-05-2024_16-07-10_p0033,41,67
20-02-2025_19-02-28_p0075_s172_b3,83,20
27-05-2024_17-02-06_p0032_s73_b1,35,59
06-11-2024_16-29-19_p0051_s97_b2,101,19
17-09-2024_15-06-51_p0048_s69_b1,18,20
04-10-2024_15-14-38_p0050_s145_b2,32,56
26-10-2024_11-52-01_p0051,49,7
24-01-2024_17-04-03_p10,58,22
14-01-2025_16-04-47_p0060,28,30
30-04-2024_13-05-06_p0024_s88_b2,20,52
13-12-2024_14-58-23_p0054_s107_b2,47,37
21-11-2024_15-38-26_p0055_s184_b3,80,50
21-08-2024_14-22-41_p0044_s165_b3,45,15
08-04-2024_15-25-46_p0021_s87_b2,21,49
05-03-2024_10-40-28_p0014_s59_b1,79,53
07-01-2025_15-06-19_p0062_s253_b4,54,32
30-01-2024_15-06-28_p12,58,37
30-01-2024_15-08-05_p12,66,34
28-08-2024_15-47-19_p0038,26,8
13-09-2024_15-43-35_p0046_s258_b4,19,8
28-02-2024_16-44-00_p0011_s132_b2,32,34
08-05-2024_16-16-30_p0033_s199_b3,71,50
29-08-2024_15-43-47_p0045_s234_b4,39,32
29-02-2024_13-54-28_p0010_s31_b1,39,42
11-06-2024_14-32-15_p0035_s145_b2,31,18
10-08-2024_11-02-10_p0043_s141_b2,46,28
05-03-2024_10-29-00_p0014_s25_b1,42,53
11-02-2025_18-13-19_p0066_s45_b1,52,22
12-12-2024_16-35-16_p0057_s157_b2,9,32
24-05-2024_19-02-00_p0031_s143_b2,16,41
26-08-2024_16-46-05_p0019_s191_b3,25,28
28-06-2024_15-08-22_p0035_s214_b4,55,13
05-12-2024_17-16-01_p0055,59,25
29-02-2024_13-54-44_p0010_s32_b1,16,37
20-05-2024_11-21-51_p0034_s6_b1,52,38
27-11-2024_15-22-38_p0054_s237_b4,27,18
29-04-2024_11-59-13_p0029,34,12
05-06-2024_15-24-37_p0037_s255_b4,29,27
30-10-2024_15-18-00_p0052_s196_b3,25,47
30-01-2024_11-29-31_p11,7,62
20-03-2025_15-00-01_p0076,26,24
29-04-2024_12-04-22_p0029_s152_b2,37,34
05-02-2025_17-00-51_p0072,26,18
08-11-2024_15-57-41_p0053,31,52
11-03-2025_15-42-32_p0073_sP01_b1,44,28
27-03-2025_15-17-55_p0078,53,46
28-03-2025_15-53-20_p0081,25,36
10-09-2024_16-46-10_p0045_s167_b3,41,30
27-03-2025_14-00-29_p0080,45,10
30-01-2025_15-49-03_p0068,98,28
14-08-2024_15-38-40_p0038_s210_b4,45,12
09-05-2024_14-46-08_p0033_s125_b2,88,40
12-03-2024_14-21-37_p0022_s14_b1,46,21
21-01-2025_15-22-18_p0065_s266_b4,63,23
17-09-2024_15-01-22_p0048_s62_b1,48,20
05-12-2024_16-26-07_p0055_s79_b1,122,14
08-07-2024_12-03-02_p0040_s234_b4,25,15
30-10-2024_14-39-08_p0052_s162_b3,68,33
18-03-2024_11-35-47_p0013_s263_b4,10,19
10-02-2025_17-14-00_p0071_s198_b3,33,6
25-02-2025_18-46-57_p0075_s111_b2,28,19
12-03-2025_09-44-15_p0074,45,39
03-10-2024_15-13-50_p0050_sP12_b3,27,1
16-09-2024_15-51-04_p0045_s134_b2,26,12
24-07-2024_14-08-36_p0041_s4_b1,24,9
30-01-2024_14-33-31_p12,42,32
30-09-2024_15-31-00_p0049_s221_b4,-5,20
20-12-2024_15-14-01_p0061_s151_b2,11,22
18-03-2024_11-20-02_p0013_s227_b4,8,9
11-02-2025_18-53-59_p0069,-5,29
06-08-2024_16-30-13_p0039_s44_b1,89,34
28-06-2024_15-41-59_p0035_s265_b4,12,-1
12-06-2024_16-40-07_p0038_s179_b3,44,49
15-02-2025_11-04-13_p0065_s131_b2,83,8
03-04-2025_14-08-31_p0080_s153_b2,37,13
10-05-2024_15-10-22_p0033_s219_b4,39,29
01-02-2025_13-36-23_p0064_s253_b4,38,18
05-02-2025_17-11-38_p0072,47,7
05-10-2024_11-27-56_p0050_s50_b1,-6,18
04-02-2025_16-38-26_p0066_s110_b2,52,27
16-05-2024_14-23-22_p0034_s87_b2,10,21
12-06-2024_09-53-26_p0036,32,17
30-04-2024_13-32-13_p0024_s132_b2,33,57
19-02-2025_10-54-15_p0074_s190_b3,51,37
10-05-2024_10-04-46_p0030_s273_b4,39,28
13-12-2024_14-45-31_p0054,37,40
12-02-2025_17-15-32_p0072,53,18
11-06-2024_14-21-26_p0035,87,40
25-02-2025_19-40-24_p0075_s149_b2,59,22
25-03-2025_18-51-04_p0079_s205_b3,41,17
15-02-2025_11-24-22_p0065,24,5
06-02-2025_15-15-37_p0068_s139_b2,32,31
03-04-2025_14-04-59_p0080,-9,13
20-05-2024_16-05-31_p0023,15,-7
30-01-2025_16-13-27_p0068_s187_b3,44,16
05-02-2025_17-34-03_p0072_s196_b3,49,28
08-11-2024_14-29-09_p0052_s11_b1,29,65
28-03-2025_16-01-56_p0081_s152_b2,99,42
03-09-2024_14-51-34_p0048_s174_b3,30,20
13-09-2024_16-34-37_p0046_s30_b1,14,-1
25-01-2025_13-19-13_p0064_s133_b2,54,31
26-02-2025_10-31-34_p0074,16,22
21-12-2024_10-28-26_p0061_s62_b1,78,35
27-05-2024_15-11-37_p0032_s161_b3,100,35
28-11-2024_16-21-28_p0055_s152_b2,40,69
19-06-2024_11-22-21_p0036_s198_b3,99,39
26-03-2024_15-20-39_p0022_s175_b3,57,13
18-06-2024_14-58-01_p0028_s91_b2,28,42
13-11-2024_17-28-08_p0051_s221_b4,39,21
06-09-2024_15-21-54_p0047_s96_b2,5,7
22-02-2024_14-27-36_p0018_s141_b2,1,11
17-08-2024_10-30-51_p0043_s58_b1,29,9
19-12-2024_15-52-20_p0062,42,20
08-11-2024_14-52-19_p0052_s44_b1,47,60
03-08-2024_11-25-35_p0043,51,12
17-06-2024_15-39-04_p0019,73,22
19-06-2024_11-03-34_p0036,25,32
02-04-2024_15-35-04_p0021_s186_b3,33,23
23-04-2024_15-26-38_p0026_s58_b1,19,35
08-11-2024_15-34-15_p0053_s84_b2,33,41
26-08-2024_16-39-38_p0019_s181_b3,52,31
28-02-2024_16-29-20_p0011_s116_b2,17,36
24-05-2024_18-36-17_p0031_s94_b2,19,26
14-12-2024_11-20-11_p0059_s123_b2,49,21
08-06-2024_10-41-17_p0031_s60_b1,32,31
02-05-2024_15-12-39_p0026_s192_b3,8,22
20-03-2025_16-18-08_p0078_s142_b2,18,22
05-02-2025_17-17-28_p0072_s183_b3,43,22
31-03-2025_18-33-47_p0079_s248_b4,22,55
17-06-2024_15-23-24_p0019_s137_b2,19,24
20-03-2025_15-59-17_p0078_s105_b2,74,29
04-09-2024_15-55-42_p0044_s23_b1,42,15
09-05-2024_14-21-34_p0033_s96_b2,48,18
28-01-2025_14-02-52_p0067_s202_b3,30,27
10-05-2024_18-22-29_p0025_s107_b2,33,6
14-03-2025_16-45-15_p0077_s266_b4,68,32
20-03-2025_14-46-30_p0076_s126_b2,57,20
28-06-2024_14-08-43_p0035_s7_b1,25,51
08-05-2024_09-47-54_p0030_s125_b2,24,31
27-03-2025_14-16-45_p0080_s179_b3,38,67
21-12-2024_09-22-25_p0061_s215_b4,26,17
12-06-2024_10-09-38_p0036_s130_b2,50,13
18-12-2024_16-59-36_p0057,17,15
07-01-2025_16-29-08_p0063_s155_b2,42,42
12-03-2025_10-44-22_p0074_s9_b1,52,36
28-02-2024_16-55-00_p0011,5,22
13-02-2025_18-18-30_p0070_s160_b3,36,25
03-02-2025_17-32-50_p0071_s154_b2,61,20
14-02-2025_18-11-19_p0073_s135_b2,4,17
05-02-2025_17-30-46_p0072,41,32
10-09-2024_17-13-25_p0045_s180_b3,31,11
19-06-2024_10-30-10_p0036_s81_b1,86,28
01-08-2024_16-46-53_p0042_s192_b3,18,20
27-05-2024_16-44-12_p0032_s33_b1,39,87
16-04-2024_10-55-14_p0025_s270_b4,72,52
08-01-2025_15-22-35_p0063_s190_b3,41,22
22-02-2024_11-42-04_p0017_s228_b4,18,73
01-02-2025_10-21-00_p0069_s13_b1,42,37
03-05-2024_14-03-56_p0027_s93_b2,20,22
14-01-2025_16-08-03_p0060_s156_b2,13,38
27-03-2024_15-58-34_p0015_s2_b1,17,26
20-05-2024_16-08-29_p0023,7,8
23-05-2024_15-14-45_p0035_s194_b3,52,30
19-06-2024_15-01-19_p0023,36,52
14-02-2025_17-45-21_p0073_sP04_b2,106,9
19-11-2024_16-17-17_p0054_s188_b3,45,16
22-01-2025_17-52-30_p0066,33,10
11-03-2025_18-44-51_p0075_s23_b1,36,21
24-05-2024_18-48-09_p0031_s119_b2,29,47
07-12-2024_10-45-09_p0053_s275_b4,21,24
28-08-2024_16-27-06_p0038_s17_b1,55,8
30-08-2024_16-16-33_p0046_s145_b2,10,25
13-03-2024_16-12-18_p0014_s267_b4,40,27
15-02-2025_12-11-59_p0070_s129_b2,62,33
28-08-2024_15-49-30_p0038,13,11
02-05-2024_16-05-18_p0026,11,23
31-03-2025_18-38-47_p0079,97,45
11-03-2025_15-17-21_p0073_s247_b4,37,40
22-08-2024_16-51-44_p0042_s46_b1,14,30
21-11-2024_15-56-25_p0055_s203_b3,202,27
28-01-2025_13-31-51_p0067,90,27
13-12-2024_15-40-01_p0054_s139_b2,33,31
03-04-2024_16-06-05_p0023,36,33
26-03-2024_16-36-32_p0022_s277_b4,32,47
13-02-2025_18-50-10_p0070_s186_b3,31,31
16-07-2024_16-43-23_p0039_s257_b4,47,16
28-11-2024_16-13-30_p0055,39,59
30-09-2024_15-52-06_p0049_s258_b4,28,9
13-03-2024_14-55-38_p0014_s95_b2,36,37
28-01-2025_13-18-51_p0067,58,31
10-09-2024_17-02-23_p0045,104,29
22-03-2025_12-14-20_p0079_s153_b2,52,21
12-12-2024_19-32-13_p0058_s143_b2,88,19
13-05-2024_16-26-14_p0028_s199_b3,19,3
07-12-2024_10-17-19_p0053_s232_b4,20,29
26-08-2024_15-41-51_p0019_s60_b1,41,38
17-07-2024_14-22-34_p0041_s106_b2,22,35
25-01-2025_13-19-55_p0064_s135_b2,63,29
21-02-2024_11-35-35_p0013_s22_b1,18,25
24-05-2024_18-45-32_p0031,39,58
30-10-2024_15-17-02_p0052,20,49
02-05-2024_14-53-28_p0026,9,19
19-02-2025_11-00-39_p0074_s198_b3,47,47
20-02-2024_16-23-08_p0015,7,13
04-09-2024_15-54-44_p0044_s21_b1,87,15
13-03-2024_15-05-42_p0014_s116_b2,41,37
10-01-2025_16-06-24_p0063_s266_b4,49,29
01-02-2025_10-30-49_p0069_s33_b1,94,2
08-08-2024_14-54-00_p0042_s115_b2,22,29
11-03-2025_15-53-03_p0073_s33_b1,20,40
28-08-2024_09-54-09_p0044_s133_b2,72,30
27-03-2025_15-07-54_p0078_s169_b3,33,46
07-03-2024_14-14-11_p0010,28,25
08-01-2025_16-45-13_p0063_s71_b1,34,33
16-04-2024_15-38-06_p0016_s177_b3,1,24
07-03-2024_13-46-38_p0010_s96_b2,15,48
08-11-2024_15-58-12_p0053_sP07_b2,16,75
08-06-2024_09-57-34_p0031,21,32
01-02-2025_09-48-09_p0069_s246_b4,44,24
26-02-2024_15-55-04_p0019_s248_b4,18,35
25-01-2025_12-58-38_p0064_s95_b2,55,20
14-08-2024_16-19-21_p0038,52,25
11-02-2025_17-14-00_p0066_s256_b4,22,20
14-12-2024_11-05-44_p0059_s116_b2,27,4
28-03-2025_15-55-43_p0081,47,43
04-10-2024_15-23-57_p0050,29,21
22-08-2024_16-37-56_p0042_s20_b1,24,30
18-01-2025_13-17-52_p0064,40,39
30-01-2024_14-29-35_p12,45,46
19-06-2024_09-54-40_p0036_s13_b1,34,31
28-03-2025_15-34-32_p0081_s106_b2,65,37
17-09-2024_14-44-20_p0048_s33_b1,36,30
30-01-2025_15-57-26_p0068,67,15
18-12-2024_16-59-13_p0057,45,17
12-07-2024_15-10-01_p0040_s188_b3,21,11
22-08-2024_15-27-53_p0042_s215_b4,34,21
13-02-2025_15-29-00_p0067_s79_b1,91,16
20-03-2024_15-23-54_p0015_s198_b3,38,53
21-08-2024_15-10-59_p0044_s244_b3,51,2
12-06-2024_10-12-34_p0036_s137_b2,31,15
01-02-2025_12-04-22_p0070_s233_b4,38,10
12-12-2024_19-30-37_p0058_s141_b2,50,22
15-02-2025_09-54-21_p0065_s26_b1,59,20
03-09-2024_15-18-35_p0048,41,16
14-12-2024_11-30-05_p0059_s137_b2,37,18
10-09-2024_17-47-41_p0045,51,16
22-01-2024_16-49-29_p9,39,13
17-02-2025_17-00-22_p0071_s4_b1,40,30
01-02-2025_12-27-11_p0070_s281_b4,51,9
18-06-2024_15-43-34_p0028_s150_b2,36,53
24-03-2025_17-31-33_p0076_s12_b1,42,26
28-03-2025_15-58-54_p0081,44,48
13-09-2024_16-26-39_p0046_s13_b1,24,0
16-04-2024_10-41-48_p0025_s248_b4,22,47
04-09-2024_14-52-47_p0044_s265_b4,25,23
22-04-2024_09-44-50_p0025,13,42
01-02-2025_10-21-47_p0069_s15_b1,15,27
04-09-2024_16-03-05_p0044_s37_b1,17,16
25-03-2025_18-28-04_p0079,52,27
03-02-2025_17-02-47_p0071_s120_b2,66,28
11-02-2025_16-48-11_p0066_s216_b4,31,22
26-03-2024_15-42-24_p0022_s197_b3,54,25
28-02-2024_16-57-08_p0011,-71,22
28-06-2024_15-14-25_p0035,56,11
26-03-2024_15-14-51_p0022,41,25
16-09-2024_15-58-09_p0045,120,1
10-05-2024_16-33-37_p0033_s27_b1,24,11
24-05-2024_19-11-29_p0031,43,22
07-12-2024_10-26-43_p0053_s249_b4,13,26
17-09-2024_14-40-00_p0048_s24_b1,37,9
28-06-2024_15-19-42_p0035_s234_b4,7,22
11-06-2024_14-14-23_p0035_s115_b2,77,21
18-01-2025_10-14-53_p0057,12,20
10-02-2025_17-18-55_p0071_s207_b3,26,9
12-03-2025_10-37-51_p0074_s280_b4,36,25
14-12-2024_12-10-30_p0059_s152_b2,38,2
28-03-2025_15-28-47_p0081_s94_b2,50,24
18-06-2024_16-10-08_p0028_s213_b4,16,28
18-06-2024_16-28-56_p0028_s230_b4,24,27
31-01-2024_14-39-18_p13,30,33
27-02-2025_14-31-24_p0073_s198_b3,12,22
22-02-2024_11-15-47_p0017_s204_b3,44,31
19-06-2024_15-45-46_p0023_s198_b3,52,64
16-04-2024_15-33-19_p0016,7,15
26-02-2024_15-41-57_p0019_s228_b4,29,34
20-12-2024_14-24-31_p0061_s88_b2,30,34
07-01-2025_15-43-26_p0063_s99_b2,28,65
29-04-2024_15-42-42_p0024,37,62
18-04-2024_10-35-55_p0025_s69_b1,24,24
27-03-2025_15-04-04_p0078,128,44
19-06-2024_09-57-13_p0036_s18_b1,61,40
29-04-2024_11-47-02_p0029_s125_b2,40,11
08-06-2024_09-22-12_p0031_s212_b4,31,39
03-05-2024_14-16-49_p0027_s131_b2,20,22
28-02-2024_16-11-07_p0011_s88_b2,8,25
19-06-2024_10-44-41_p0036_s165_b3,25,24
14-03-2025_16-28-36_p0077_s234_b4,47,2
07-01-2025_14-23-53_p0062_s74_b1,69,38
21-02-2025_17-09-06_p0068_s221_b4,66,9
29-08-2024_15-40-07_p0045_s227_b4,33,31
18-03-2024_11-22-28_p0013_s234_b4,28,16
27-11-2024_15-25-58_p0054_s247_b4,27,39
18-06-2024_15-45-09_p0028_s155_b2,31,31
15-02-2025_10-54-20_p0065_sP07_b2,57,7
08-08-2024_14-32-01_p0042,27,23
10-01-2025_15-15-17_p0062,39,47
17-08-2024_11-22-35_p0043_s272_b4,36,19
22-02-2024_11-45-25_p0017,41,69
11-03-2025_15-49-40_p0073_s21_b1,11,42
10-12-2024_15-30-55_p0056_s224_b4,52,32
10-09-2024_16-37-51_p0045_s159_b3,40,22
22-02-2024_11-12-33_p0017_s197_b3,31,52
04-07-2024_15-03-06_p0039_s162_b3,29,58
08-01-2025_15-26-43_p0063,129,34
25-03-2025_18-54-26_p0079,43,18
13-02-2025_14-17-41_p0067_s281_b4,103,31
06-02-2025_14-56-16_p0068_s110_b2,24,30
29-04-2024_11-49-09_p0029_s131_b2,40,18
12-02-2025_17-10-57_p0072,35,28
21-11-2024_15-21-24_p0055,32,61
05-09-2024_16-31-02_p0047_s272_b4,32,23
11-02-2025_18-25-12_p0066_sP03_b1,23,17
08-04-2024_16-51-01_p0021_s53_b1,23,29
08-07-2024_12-27-52_p0040_s276_b4,24,24
05-12-2024_17-18-50_p0055_s262_b4,19,18
27-03-2024_15-03-45_p0015_s84_b2,27,12
21-01-2025_15-19-58_p0065,69,119
06-05-2024_15-56-10_p0032_s259_b4,51,54
11-03-2025_15-01-43_p0073,46,33
30-09-2024_15-38-07_p0049_s226_b4,-23,-2
08-06-2024_09-39-30_p0031_s233_b4,29,58
22-08-2024_16-33-05_p0042_s8_b1,30,23
07-12-2024_10-04-51_p0053_s213_b4,32,40
13-12-2024_16-00-29_p0054_s157_b2,30,20
15-05-2024_15-24-56_p0032_s89_b2,72,33
11-03-2025_15-50-54_p0073_s26_b1,3,76
08-10-2024_15-54-35_p0049_s110_b2,14,5
12-03-2025_10-52-33_p0074_s29_b1,88,10
08-10-2024_16-24-36_p0049,-1,14
19-07-2024_13-58-24_p0040_s104_b2,14,32
19-03-2024_15-51-15_p0022,18,33
11-06-2024_14-45-30_p0035_s154_b2,36,31
21-02-2024_11-55-19_p0013_s66_b1,33,46
07-12-2024_10-13-41_p0053_s227_b4,16,31
20-03-2025_16-29-01_p0078,26,12
19-03-2024_15-39-24_p0022,26,20
14-12-2024_11-00-17_p0059_s111_b2,40,2
01-02-2025_14-05-12_p0064_s12_b1,89,19
16-04-2024_15-18-23_p0016,44,17
29-02-2024_14-05-33_p0010_s47_b1,40,49
30-09-2024_16-08-24_p0049_s273_b4,19,6
16-04-2024_10-24-07_p0025_s217_b4,26,66
01-02-2025_12-01-37_p0070_s226_b4,42,25
10-02-2025_16-57-58_p0071_s180_b3,35,12
20-05-2024_15-13-18_p0023_s83_b2,29,12
05-10-2024_11-21-29_p0050_s31_b1,19,11
12-06-2024_10-22-14_p0036,25,13
22-03-2025_12-08-09_p0079,40,18
02-05-2024_15-59-15_p0026_s246_b4,12,18
08-04-2024_16-53-39_p0021_s61_b1,32,38
03-04-2025_13-43-37_p0080_s109_b2,9,27
17-08-2024_10-23-47_p0043_s43_b1,46,30
12-03-2025_10-47-55_p0074_s17_b1,72,45
30-04-2024_13-46-33_p0024,42,55
13-12-2024_14-48-32_p0054_s93_b2,36,30
10-05-2024_09-41-49_p0030,39,33
24-04-2024_15-57-08_p0027_s193_b3,82,57
15-02-2025_09-46-52_p0065_s7_b1,27,20
19-06-2024_15-49-11_p0023,27,45
12-12-2024_19-22-11_p0058_s125_b2,13,23
11-02-2025_19-12-42_p0069,21,14
11-03-2025_16-12-59_p0073_s79_b1,15,37
22-02-2024_11-07-49_p0017,6,33
08-04-2024_16-12-23_p0021,23,14
05-09-2024_15-16-29_p0047_s41_b1,5,17
16-04-2024_15-58-33_p0016_s203_b3,9,28
12-03-2024_14-25-15_p0022_s22_b1,40,21
28-06-2024_14-36-10_p0035_s70_b1,20,29
10-05-2024_09-58-44_p0030_s262_b4,42,53
13-03-2024_15-21-20_p0014_s144_b2,48,28
05-03-2024_10-23-11_p0014_s6_b1,69,31
28-09-2024_13-04-44_p0016_s213_b4,22,23
14-03-2025_17-35-07_p0077_s70_b1,30,19
24-01-2025_15-09-49_p0060_s263_b4,9,34
22-02-2024_13-35-55_p0018_s42_b1,25,33
19-07-2024_15-16-46_p0040_s9_b1,48,14
13-02-2025_13-36-13_p0067_s210_b4,41,34
08-05-2024_09-31-22_p0030_s90_b2,27,19
06-05-2024_16-04-35_p0032_s271_b4,55,49
24-01-2024_17-10-41_p10,22,28
20-02-2024_16-39-49_p0015_s238_b4,14,18
27-11-2024_15-39-41_p0054_s271_b4,39,41
18-12-2024_09-43-04_p0061_s178_b3,27,28
12-03-2025_10-36-57_p0074_s279_b4,47,44
24-07-2024_14-20-19_p0041_s33_b1,51,27
18-03-2024_11-18-57_p0013_s224_b4,5,11
14-12-2024_10-52-37_p0059_s102_b2,35,15
19-07-2024_14-27-30_p0040,23,20
20-03-2024_15-29-48_p0015_s208_b3,22,52
01-02-2025_14-36-43_p0064_s72_b1,50,18
17-09-2024_14-47-47_p0048_s39_b1,33,13
23-04-2024_15-10-54_p0026_s24_b1,24,62
22-02-2024_11-41-50_p0017_s227_b4,12,61
25-01-2025_13-36-15_p0064,77,9
24-07-2024_15-02-15_p0041_s222_b4,24,21
28-02-2024_16-50-03_p0011,95,41
25-03-2024_16-18-38_p0020_s114_b2,7,11
29-04-2024_15-50-01_p0024_s188_b3,47,71
03-05-2024_18-42-54_p0031_s177_b3,14,17
08-05-2024_09-42-10_p0030_s115_b2,4,1
22-02-2024_14-31-20_p0018,84,6
24-01-2025_14-54-28_p0060_s234_b4,21,33
12-06-2024_10-16-13_p0036_s146_b2,35,13
28-06-2024_14-19-30_p0035_s36_b1,17,52
21-02-2024_16-14-42_p0016_s156_b2,10,18
22-08-2024_15-36-07_p0042_s224_b4,13,18
25-03-2024_16-20-48_p0020,4,17
25-03-2024_16-22-58_p0020_s119_b2,6,14
15-02-2025_10-49-27_p0065_s111_b2,59,13
27-03-2025_14-30-11_p0080_s206_b3,15,46
07-05-2024_14-36-53_p0027_s271_b4,29,38
04-07-2024_15-38-38_p0039_s189_b3,29,42
07-01-2025_16-12-54_p0063_s142_b2,95,58
07-12-2024_11-05-19_p0053_s27_b1,69,31
28-06-2024_14-19-12_p0035_s35_b1,20,47
20-02-2024_16-48-32_p0015_s255_b4,26,24
26-08-2024_15-23-04_p0019_s22_b1,46,31
03-04-2025_14-04-08_p0080,24,19
08-01-2025_16-25-35_p0063_s32_b1,66,37
05-10-2024_11-20-02_p0050_s26_b1,15,7
08-01-2025_15-30-09_p0063,10,39
18-03-2024_15-14-39_p0020_s7_b1,-34,124
23-05-2024_14-44-17_p0035_s163_b3,109,31
11-07-2024_15-37-01_p0041_s192_b3,44,23
03-05-2024_14-14-16_p0027_s122_b2,16,23
02-05-2024_16-12-49_p0026_s268_b4,9,18
12-03-2025_10-35-33_p0074_s274_b4,71,20
23-04-2024_15-26-13_p0026_s57_b1,19,85
12-03-2025_10-55-49_p0074_s38_b1,114,69
10-01-2025_15-06-55_p0062_s141_b2,49,42
13-03-2024_14-58-14_p0014_s100_b2,43,54
07-12-2024_11-20-14_p0053_s60_b1,12,31
05-12-2024_16-51-29_p0055_s217_b4,27,18
22-04-2024_09-37-57_p0025,17,20
19-11-2024_15-57-19_p0054_s176_b3,29,32
18-01-2025_10-12-18_p0057_s258_b4,25,18
12-12-2024_18-56-59_p0058_s91_b2,40,35
31-01-2024_14-39-36_p13,15,37
11-02-2025_18-02-52_p0066_s19_b1,27,30
18-06-2024_15-03-50_p0028,29,53
19-11-2024_16-07-51_p0054_s182_b3,21,30
03-08-2024_10-36-06_p0043,15,9
30-04-2024_13-33-03_p0024_s134_b2,23,49
10-05-2024_16-21-50_p0033_s1_b1,35,12
13-12-2024_16-28-28_p0054_s56_b1,34,27
19-06-2024_15-33-14_p0023_s187_b3,34,43
26-11-2024_15-47-47_p0056_s126_b2,128,45
12-03-2024_10-18-41_p0021_s220_b4,6,51
21-11-2024_16-04-12_p0055_s242_b3,22,46
05-06-2024_10-30-04_p0036_s270_b4,33,9
28-08-2024_15-48-47_p0038,16,13
23-11-2024_13-29-49_p0052_s138_b2,7,45
25-01-2025_13-37-37_p0064,22,26
21-08-2024_14-44-16_p0044_s179_b3,54,18
13-02-2025_14-02-12_p0067_s259_b4,94,30
28-08-2024_16-24-12_p0038_s11_b1,28,0
12-03-2025_11-12-01_p0074_s71_b1,54,12
08-10-2024_15-47-05_p0049_s95_b2,13,17
01-02-2025_10-00-46_p0069_s264_b4,23,10
05-02-2025_17-00-17_p0072,32,21
03-04-2024_15-52-52_p0023,23,38
27-03-2025_14-27-06_p0080_s197_b3,39,52
22-08-2024_16-32-21_p0042_s6_b1,64,28
30-01-2024_11-22-13_p11,5,53
16-05-2024_15-03-51_p0034,42,45
12-03-2024_14-21-03_p0022_s13_b1,65,28
30-04-2024_13-17-32_p0024_s111_b2,44,50
10-12-2024_17-26-14_p0056_s45_b1,94,43
03-09-2024_14-41-51_p0048,37,14
29-04-2024_11-30-38_p0029_s94_b2,17,16
11-02-2025_18-49-35_p0069_s116_b2,41,29
10-02-2025_16-25-40_p0071_s163_b3,119,17
21-11-2024_15-15-21_p0055_s169_b3,23,92
24-03-2025_17-13-26_p0076,98,23
07-01-2025_14-06-05_p0062_s46_b1,123,48
08-10-2024_16-11-47_p0049_s141_b2,11,16
06-02-2025_14-14-15_p0067,17,14
13-02-2025_19-36-47_p0070_s49_b1,130,37
06-08-2024_16-22-26_p0039_s24_b1,33,40
18-01-2025_09-53-36_p0057_s229_b4,10,14
16-05-2024_15-16-09_p0034_s155_b2,72,51
16-04-2024_10-48-44_p0025,14,50
28-03-2025_15-54-47_p0081,35,38
17-09-2024_15-44-53_p0048_s229_b4,21,24
14-01-2025_15-57-50_p0060,27,37
23-07-2024_16-12-07_p0039_s102_b2,70,13
28-11-2024_16-16-10_p0055,26,48
01-02-2025_12-22-11_p0070_s271_b4,61,7
19-02-2025_16-14-34_p0072_s273_b4,54,6
22-02-2024_11-41-09_p0017_s224_b4,25,0
13-09-2024_15-24-55_p0046_s222_b4,14,34
11-06-2024_14-23-03_p0035_s127_b2,37,32
18-03-2024_11-24-16_p0013_s239_b4,17,14
08-05-2024_09-28-14_p0030_s83_b2,46,17
20-02-2025_19-29-50_p0075_s193_b3,35,18
12-02-2025_16-32-47_p0072_s97_b2,70,25
20-05-2024_15-53-35_p0023_s141_b2,20,15
17-09-2024_14-44-49_p0048_s34_b1,38,10
10-09-2024_16-58-16_p0045,23,14
02-05-2024_15-16-29_p0026,34,26
24-01-2025_15-14-41_p0060_s270_b4,13,39
19-06-2024_09-56-09_p0036_s16_b1,46,25
03-05-2024_08-27-53_p0030_s3_b1,30,37
26-08-2024_15-42-16_p0019_s61_b1,74,32
22-08-2024_16-38-36_p0042_s22_b1,65,18
30-04-2024_13-17-52_p0024_s112_b2,49,72
16-05-2024_15-14-46_p0034_s151_b2,54,35
30-01-2025_16-27-21_p0068,20,31
08-10-2024_15-49-59_p0049_s101_b2,8,10
06-02-2025_14-17-22_p0067_s152_b2,4,19
12-03-2024_14-39-00_p0022_s55_b1,25,46
18-01-2025_12-37-48_p0064_s165_b3,34,26
12-06-2024_17-01-02_p0038_s202_b3,19,45
11-03-2025_15-33-12_p0073_s279_b4,42,40
05-06-2024_15-09-03_p0037,21,55
01-02-2025_12-13-37_p0070_s258_b4,44,18
30-01-2024_11-06-33_p11,4,22
30-08-2024_15-56-43_p0046_s117_b2,33,26
01-02-2025_10-18-57_p0069_s8_b1,24,15
21-02-2024_15-33-06_p0016,3,14
22-08-2024_16-50-12_p0042_s41_b1,23,29
24-07-2024_14-18-51_p0041_s29_b1,59,23
08-04-2024_15-49-32_p0021_s124_b2,9,44
01-02-2025_14-39-05_p0064_s75_b1,55,23
15-02-2025_10-34-34_p0065_s85_b2,15,27
24-01-2024_17-31-50_p10,52,6
13-09-2024_15-28-02_p0046_s227_b4,43,11
05-10-2024_10-16-32_p0050_s278_b4,34,13
20-05-2024_12-13-41_p0034_s234_b4,26,18
10-05-2024_08-51-47_p0030_s185_b3,56,37
17-06-2024_14-50-03_p0019_s85_b2,12,25
21-02-2024_11-51-17_p0013_s53_b1,68,38
17-09-2024_15-57-46_p0048_s252_b4,20,13
15-02-2025_11-26-21_p0065,37,2
13-12-2024_15-47-41_p0054,31,24
06-02-2025_14-15-09_p0067,17,8
21-02-2024_11-29-30_p0013_s2_b1,17,56
13-12-2024_14-48-56_p0054_s94_b2,41,28
24-07-2024_15-23-42_p0041_s266_b4,29,26
01-02-2025_14-20-14_p0064_s41_b1,44,21
11-03-2024_15-27-52_p0020_s161_b3,104,48
24-05-2024_19-12-08_p0031,41,38
01-08-2024_16-36-41_p0042_s178_b3,9,-2
23-11-2024_13-18-28_p0052,12,41
29-02-2024_13-49-46_p0010_s23_b1,17,55
26-11-2024_16-05-46_p0056_s141_b2,68,46
10-09-2024_14-11-18_p0048_s89_b2,32,3
21-11-2024_15-44-46_p0055,17,42
04-07-2024_15-58-07_p0039,36,57
05-09-2024_16-26-33_p0047,73,22
22-02-2024_14-23-15_p0018_s130_b2,11,15
17-07-2024_14-22-15_p0041,31,28
19-06-2024_16-51-45_p0023_s79_b1,21,16
27-03-2025_14-29-11_p0080_s203_b3,37,85
29-04-2024_17-00-31_p0024_s67_b1,22,40
23-11-2024_13-31-15_p0052_s141_b2,21,45
08-04-2024_16-41-41_p0021_s25_b1,9,46
24-07-2024_14-31-07_p0041_s60_b1,17,20
09-05-2024_14-54-31_p0033_s138_b2,43,36
15-02-2025_12-15-10_p0070_s135_b2,64,16
29-08-2024_15-45-28_p0045_s237_b4,20,33
19-11-2024_16-38-43_p0054_s200_b3,41,9
07-03-2024_14-01-57_p0010_s132_b2,10,39
13-11-2024_17-09-00_p0051_s64_b1,114,22
21-12-2024_10-04-53_p0061_s10_b1,44,12
13-02-2025_19-31-29_p0070_s36_b1,62,39
04-02-2025_16-59-08_p0066_s145_b2,93,31
27-11-2024_15-22-58_p0054_s238_b4,34,30
10-05-2024_16-43-26_p0033_s52_b1,24,10
13-02-2025_13-40-27_p0067_s219_b4,35,38
05-09-2024_15-57-27_p0047_s226_b4,35,20
22-08-2024_15-38-15_p0042_s228_b4,17,3
29-02-2024_14-07-15_p0010_s51_b1,9,41
03-10-2024_15-00-40_p0050,15,4
05-02-2025_16-52-56_p0072_s168_b3,12,16
31-03-2025_18-30-55_p0079_s239_b4,42,58
05-09-2024_16-35-12_p0047_s279_b4,56,29
13-02-2025_15-19-15_p0067_s64_b1,104,33
28-11-2024_16-18-51_p0055,34,54
28-09-2024_13-20-10_p0016_s226_b4,21,8
21-02-2024_15-56-01_p0016_s143_b2,4,37
24-05-2024_18-31-10_p0031_s83_b2,62,47
19-07-2024_15-29-26_p0040_s34_b1,24,18
27-03-2024_16-09-41_p0015_s29_b1,30,38
29-08-2024_15-47-00_p0045_s240_b4,48,23
19-07-2024_15-14-35_p0040_s5_b1,81,19
20-02-2024_17-01-08_p0015_s274_b4,23,68
31-01-2025_15-07-55_p0065,31,36
28-01-2025_13-29-26_p0067,39,31
10-05-2024_18-49-45_p0025,47,4
14-01-2025_16-00-35_p0060,20,33
22-02-2024_14-22-46_p0018_s128_b2,17,31
22-02-2024_14-10-59_p0018_s111_b2,8,21
11-02-2025_17-20-56_p0066_s265_b4,45,24
02-04-2024_15-24-22_p0021_s173_b3,19,28
29-04-2024_16-41-49_p0024_s27_b1,33,39
20-05-2024_16-11-05_p0023_s154_b2,20,11
27-03-2025_15-38-06_p0078_s206_b3,51,85
29-02-2024_13-38-57_p0010_s6_b1,34,40
13-11-2024_18-02-17_p0051_s282_b4,52,35
21-02-2024_15-42-59_p0016_s121_b2,9,14
26-08-2024_16-49-43_p0019,52,25
27-03-2025_15-00-51_p0078_s161_b3,95,32
22-03-2025_12-08-24_p0079,33,30
24-01-2025_15-45-13_p0060_s39_b1,11,34
11-02-2025_17-20-19_p0066,57,12
20-03-2025_16-21-58_p0078_s147_b2,119,34
23-05-2024_15-17-41_p0035_s200_b3,25,31
08-06-2024_10-47-08_p0031_s69_b1,18,25
10-05-2024_08-55-11_p0030,55,43
27-03-2024_15-45-00_p0015_s156_b2,15,15
12-03-2025_10-08-59_p0074_s223_b4,7,23
16-10-2024_16-26-00_p0049_s12_b1,19,0
11-05-2024_10-07-49_p0034_s205_b3,46,41
22-04-2024_09-42-33_p0025,37,41
08-10-2024_16-04-50_p0049_s126_b2,18,7
05-12-2024_17-26-13_p0055_s274_b4,77,23
28-06-2024_14-16-26_p0035_s28_b1,38,56
06-11-2024_16-37-13_p0051_s109_b2,59,21
20-05-2024_12-35-53_p0034_s275_b4,29,18
21-12-2024_09-38-21_p0061_s251_b4,18,21
29-04-2024_11-27-35_p0029_sP05_b2,145,32
11-02-2025_18-56-24_p0069_s120_b2,74,20
31-01-2024_15-05-22_p13,15,5
01-08-2024_16-36-24_p0042_s177_b3,10,11
13-03-2024_14-54-45_p0014_s93_b2,63,27
30-10-2024_15-10-31_p0052,71,34
13-09-2024_15-21-24_p0046_s220_b4,18,36
12-06-2024_16-55-53_p0038,55,43
05-06-2024_15-35-39_p0037_s269_b4,20,30
01-02-2025_09-33-15_p0069_s214_b4,15,17
12-06-2024_16-59-11_p0038_s197_b3,31,31
14-02-2025_17-57-24_p0073_s104_b2,7,15
24-01-2025_15-20-02_p0060_s276_b4,8,36
12-02-2025_17-12-17_p0072,47,15
22-03-2025_12-15-28_p0079_s156_b2,58,27
07-12-2024_11-04-04_p0053_s26_b1,15,25
21-02-2024_11-30-04_p0013_s4_b1,23,51
11-03-2024_16-04-14_p0020_s195_b3,63,51
27-05-2024_15-12-15_p0032,44,46
10-05-2024_15-14-25_p0033,68,28
23-07-2024_16-17-07_p0039_s111_b2,32,17
11-03-2025_18-50-57_p0075_s41_b1,32,19
07-01-2025_14-09-53_p0062_s54_b1,54,67
26-08-2024_17-01-24_p0019_s243_b3,33,17
19-02-2025_16-48-29_p0072_s48_b1,157,12
08-11-2024_16-25-20_p0053,17,34
17-02-2025_17-17-07_p0071_s45_b1,101,29
13-09-2024_15-50-12_p0046_s261_b4,18,6
12-03-2024_14-35-59_p0022_s49_b1,27,17
15-02-2025_12-15-59_p0070_s137_b2,28,16
05-02-2025_17-40-23_p0072,43,21
04-09-2024_14-32-50_p0044_s230_b4,36,22
19-07-2024_13-57-00_p0040_s100_b2,10,9
03-04-2025_13-53-08_p0080_s133_b2,82,20
19-06-2024_11-31-21_p0036,47,28
26-11-2024_15-28-34_p0056_s103_b2,39,31
19-06-2024_15-20-44_p0023_s173_b3,54,40
28-03-2025_15-41-25_p0081_s117_b2,79,42
27-03-2025_14-16-10_p0080,31,52
07-01-2025_15-43-05_p0063_s98_b2,35,60
01-02-2025_11-54-25_p0070_s214_b4,99,13
05-10-2024_11-30-01_p0050_s56_b1,24,4
03-10-2024_15-01-58_p0050,15,3
07-03-2024_14-05-48_p0010_s145_b2,15,42
07-05-2024_14-18-23_p0027_s232_b4,20,33
31-03-2025_18-26-18_p0079_s224_b4,40,39
10-05-2024_16-43-42_p0033_s53_b1,14,5
18-04-2024_10-27-55_p0025_s51_b1,42,15
31-01-2025_15-49-12_p0065_s244_b3,55,27
28-06-2024_15-44-42_p0035_s273_b4,3,5
10-09-2024_14-17-53_p0048_s98_b2,39,7
08-01-2025_14-54-59_p0063,-1,25
26-02-2024_15-44-16_p0019_s233_b4,42,64
01-02-2025_13-41-01_p0064_s260_b4,60,11
27-11-2024_15-35-51_p0054,62,22
06-02-2025_14-05-36_p0067_s147_b2,78,16
25-02-2025_19-36-14_p0075,37,18
23-11-2024_10-17-48_p0053,21,20
19-06-2024_15-06-59_p0023,33,55
22-04-2024_09-24-27_p0025_s177_b3,10,21
14-02-2025_18-02-29_p0073,10,18
20-05-2024_12-22-27_p0034_s255_b4,72,38
06-02-2025_18-50-00_p0069_sP14_b3,48,33
03-10-2024_15-27-24_p0050_s193_b3,22,13
18-04-2024_10-33-06_p0025_s63_b1,29,18
13-02-2025_13-47-23_p0067_s225_b4,14,23
11-03-2025_16-09-52_p0073_s71_b1,30,49
30-04-2024_13-46-50_p0024,46,55
18-12-2024_09-46-47_p0061_s179_b3,52,36
03-12-2024_16-24-04_p0056,51,47
21-12-2024_09-28-45_p0061_s224_b4,43,18
08-08-2024_15-11-53_p0042_s134_b2,21,33
22-02-2024_15-31-17_p0014,1,33
23-07-2024_16-10-16_p0039_s98_b2,14,29
08-11-2024_15-51-57_p0053_s110_b2,22,27
21-12-2024_09-24-24_p0061_s220_b4,39,43
05-09-2024_16-16-36_p0047_s256_b4,37,28
18-01-2025_12-45-07_p0064,29,30
22-02-2024_14-07-38_p0018_s99_b2,53,12
10-02-2025_17-05-10_p0071_s188_b3,26,27
09-05-2024_14-53-43_p0033_s137_b2,21,29
20-03-2025_15-52-28_p0078_s88_b2,54,49
13-02-2025_19-12-22_p0070_sP01_b1,71,20
19-02-2025_16-48-05_p0072_s47_b1,70,22
22-01-2025_17-06-18_p0066,28,21
24-01-2025_15-17-07_p0060_s272_b4,17,35
10-01-2025_14-46-08_p0062_s113_b2,30,60
10-05-2024_09-57-04_p0030,31,34
14-01-2025_15-50-47_p0060_s141_b2,10,38
20-03-2024_15-27-47_p0015_s205_b3,24,1
03-04-2025_13-36-55_p0080_s91_b2,18,26
13-05-2024_15-34-45_p0028,29,30
28-11-2024_15-43-23_p0055_s116_b2,18,32
30-08-2024_15-26-22_p0046_s91_b2,15,23
24-01-2025_14-57-43_p0060_s245_b4,66,61
22-02-2024_10-37-27_p0017_s159_b3,-9,65
22-02-2024_11-07-09_p0017_s188_b3,24,33
30-10-2024_15-18-55_p0052_s197_b3,38,48
13-03-2024_14-57-08_p0014_s99_b2,41,46
15-02-2025_10-37-18_p0065_s90_b2,45,14
25-01-2025_13-34-17_p0064,34,21
16-10-2024_16-39-32_p0049_s50_b1,33,3
07-05-2024_15-09-51_p0027_s52_b1,32,9
28-08-2024_09-57-17_p0044_s139_b2,27,29
19-12-2024_16-18-38_p0062_s200_b3,44,23
13-02-2025_15-13-32_p0067_s55_b1,61,33
19-07-2024_14-36-52_p0040,28,16
05-09-2024_16-15-41_p0047_s255_b4,25,16
03-05-2024_08-39-57_p0030_s36_b1,30,31
21-02-2024_16-07-57_p0016,5,17
06-02-2025_14-05-14_p0067_s146_b2,-6,20
30-08-2024_15-59-23_p0046_s122_b2,25,21
20-03-2024_15-25-03_p0015_s201_b3,47,39
28-03-2025_16-03-48_p0081_s157_b2,103,34
17-07-2024_14-24-36_p0041_s111_b2,20,36
26-08-2024_15-21-09_p0019_s17_b1,44,35
21-11-2024_15-53-38_p0055_s200_b3,24,45
08-05-2024_16-22-34_p0033_s206_b3,58,40
27-11-2024_15-35-27_p0054_s263_b4,36,37
08-04-2024_15-24-28_p0021_s86_b2,23,41
07-12-2024_10-08-29_p0053_s220_b4,26,25
24-03-2025_17-37-14_p0076_s30_b1,59,24
06-02-2025_18-43-46_p0069_s185_b3,38,30
24-01-2025_16-08-38_p0060_sP03_b1,9,42
10-09-2024_16-41-19_p0045_s162_b3,97,27
05-02-2025_17-25-56_p0072,12,20
07-02-2025_16-51-39_p0046_s196_b3,56,20
10-05-2024_16-36-53_p0033_s33_b1,16,14
15-05-2024_16-11-48_p0032_s139_b2,44,42
16-04-2024_10-19-27_p0025,11,44
19-06-2024_16-19-27_p0023_s8_b1,31,21
08-06-2024_10-23-19_p0031_s13_b1,17,32
28-06-2024_14-35-03_p0035_s68_b1,29,45
16-10-2024_16-33-37_p0049_s32_b1,21,-4
12-07-2024_14-59-41_p0040,112,44
22-02-2024_13-50-17_p0018_s74_b1,41,31
27-02-2025_14-09-51_p0073,11,14
19-02-2025_17-04-09_p0072_s78_b1,68,19
10-08-2024_10-59-35_p0043_s134_b2,75,19
04-10-2024_14-22-01_p0050_s85_b2,20,34
19-02-2025_10-17-49_p0074,99,44
12-12-2024_16-24-06_p0057,22,15
08-08-2024_15-15-19_p0042,82,32
08-05-2024_09-48-35_p0030_s127_b2,24,26
08-04-2024_16-00-57_p0021_s147_b2,20,25
10-05-2024_15-26-39_p0033_s233_b4,41,40
16-09-2024_15-50-23_p0045_s133_b2,41,10
28-08-2024_15-31-53_p0038_s133_b2,66,26
19-06-2024_10-54-28_p0036,31,43
30-09-2024_15-49-03_p0049_s251_b4,27,13
10-09-2024_14-18-22_p0048_s99_b2,17,12
21-02-2025_17-11-58_p0068,67,62
08-01-2025_15-33-14_p0063_sP16_b3,51,39
10-05-2024_18-56-21_p0025,13,10
30-09-2024_15-43-42_p0049_s240_b4,28,2
13-03-2024_15-33-05_p0014_s155_b2,33,31
27-11-2024_15-32-59_p0054,36,13
07-02-2025_16-30-34_p0046_s171_b3,32,16
14-12-2024_11-29-42_p0059_s136_b2,87,13
24-01-2025_15-46-08_p0060_s41_b1,9,51
18-12-2024_10-06-47_p0061,24,46
28-01-2025_14-16-42_p0067_s244_b3,68,23
08-06-2024_09-52-29_p0031_s256_b4,22,34
07-02-2025_16-12-03_p0046,42,23
20-12-2024_15-03-52_p0061,6,28
12-06-2024_09-50-40_p0036_s101_b2,41,31
14-12-2024_10-53-53_p0059_s104_b2,37,2
17-08-2024_11-19-46_p0043_s267_b4,43,19
05-06-2024_15-04-11_p0037_s213_b4,29,41
13-12-2024_15-12-11_p0054_s121_b2,41,31
30-10-2024_14-39-37_p0052_s163_b3,39,42
13-09-2024_16-55-30_p0046_s80_b1,10,8
14-12-2024_10-53-28_p0059_s103_b2,45,13
22-02-2024_15-46-44_p0014_s195_b3,76,23
11-02-2025_18-59-00_p0069,49,31
13-09-2024_16-44-58_p0046_s57_b1,9,4
20-03-2025_16-17-47_p0078_s141_b2,71,20
07-01-2025_16-08-47_p0063_s133_b2,42,44
24-07-2024_15-30-40_p0041_s281_b4,26,27
16-07-2024_17-01-03_p0039_s283_b4,40,19
02-05-2024_14-49-01_p0026_s167_b3,12,30
06-02-2025_13-54-07_p0067_s128_b2,92,25
03-04-2024_16-04-16_p0023_s261_b4,27,32
08-05-2024_10-05-43_p0030_s156_b2,35,24
31-08-2024_13-29-08_p0047_s197_b3,28,51
08-05-2024_15-30-41_p0033,57,67
13-12-2024_16-05-35_p0054_s5_b1,44,27
29-04-2024_11-57-28_p0029,29,8
07-01-2025_16-02-43_p0063_s122_b2,59,50
17-08-2024_10-17-46_p0043_s29_b1,93,17
28-08-2024_16-41-53_p0038_s43_b1,33,3
28-06-2024_15-38-49_p0035,7,13
28-11-2024_16-02-57_p0055_s137_b2,54,62
13-09-2024_15-14-01_p0046,47,29
13-02-2025_19-41-18_p0070_s57_b1,87,26
10-12-2024_15-34-49_p0056_s230_b4,52,29
27-03-2025_14-13-00_p0080_s173_b3,57,53
03-05-2024_18-45-10_p0031,51,11
10-09-2024_14-05-39_p0048,22,10
27-02-2025_14-05-55_p0073_s161_b3,9,12
16-05-2024_14-41-49_p0034_sP07_b2,70,42
23-07-2024_16-07-47_p0039_s93_b2,60,16
12-07-2024_14-35-17_p0040_s168_b3,44,30
16-05-2024_15-01-37_p0034_s143_b2,106,41
06-08-2024_16-12-24_p0039_s2_b1,154,37
08-05-2024_09-51-22_p0030_s136_b2,20,29
14-03-2025_17-20-58_p0077_s30_b1,49,25
03-05-2024_14-27-57_p0027,10,10
30-01-2025_15-50-03_p0068_s167_b3,67,24
11-02-2025_19-14-55_p0069,21,14
30-04-2024_13-24-39_p0024_s119_b2,54,62
06-08-2024_16-28-28_p0039_s39_b1,49,31
28-09-2024_13-28-48_p0016_s251_b4,10,14
13-02-2025_19-14-44_p0070_s5_b1,41,23
28-08-2024_17-05-51_p0038_s81_b1,122,6
07-01-2025_13-43-51_p0062_s5_b1,71,56
03-02-2025_16-49-23_p0071_s103_b2,46,34
22-08-2024_16-59-51_p0042_s66_b1,50,22
11-02-2025_17-59-42_p0066_s13_b1,55,27
07-05-2024_14-58-17_p0027_s17_b1,23,14
13-12-2024_15-19-04_p0054_s128_b2,47,29
30-08-2024_16-29-44_p0046_s156_b2,9,29
18-12-2024_09-35-17_p0061,33,14
31-01-2025_15-14-27_p0065_s176_b3,23,39
23-11-2024_09-41-57_p0053,30,25
29-08-2024_15-34-21_p0045_s221_b4,73,35
16-10-2024_16-30-52_p0049_s24_b1,16,3
01-02-2025_13-16-07_p0064_s216_b4,19,20
17-06-2024_15-24-50_p0019_s140_b2,25,17
10-12-2024_15-16-57_p0056_s210_b4,51,38
10-01-2025_15-53-42_p0063_s254_b4,34,53
05-06-2024_10-08-36_p0036_s237_b4,37,17
23-07-2024_16-50-25_p0039,28,32
24-03-2025_17-03-07_p0076_s239_b4,35,14
17-12-2024_16-18-07_p0060_s164_b3,17,19
18-06-2024_16-44-36_p0028_s259_b4,20,32
05-06-2024_15-20-13_p0037_s247_b4,28,32
19-02-2025_16-53-56_p0072_s60_b1,74,19
14-08-2024_16-23-01_p0038_s268_b4,69,12
22-02-2024_13-28-19_p0018_s29_b1,33,32
06-05-2024_15-40-00_p0032_s252_b4,64,41
25-01-2025_13-06-51_p0064_s112_b2,29,16
24-05-2024_19-00-07_p0031_s139_b2,22,45
20-05-2024_12-28-08_p0034_s263_b4,57,65
11-05-2024_10-06-09_p0034,74,19
21-12-2024_09-59-28_p0061,53,21
29-04-2024_15-38-50_p0024_s174_b3,54,58
11-07-2024_15-26-10_p0041_s179_b3,21,39
12-06-2024_10-12-14_p0036_s136_b2,73,13
17-09-2024_15-45-10_p0048_s230_b4,14,39
07-01-2025_15-14-17_p0062,47,35
30-01-2025_15-42-45_p0068,12,23
17-08-2024_11-04-42_p0043_s250_b4,39,17
31-08-2024_12-26-30_p0047_s165_b3,57,47
07-05-2024_14-21-54_p0027_s245_b4,35,33
07-01-2025_14-57-53_p0062_s233_b4,34,37
13-02-2025_18-37-37_p0070,31,21
19-07-2024_15-28-35_p0040_s32_b1,119,22
19-06-2024_10-59-35_p0036,55,31
26-08-2024_15-27-38_p0019_s34_b1,38,34
19-06-2024_15-57-50_p0023_s242_b3,50,46
17-06-2024_14-54-00_p0019_s91_b2,22,40
17-07-2024_14-47-57_p0041,33,38
26-08-2024_16-55-36_p0019,53,28
01-08-2024_16-58-11_p0042,8,9
30-08-2024_16-05-45_p0046_s133_b2,46,27
04-09-2024_14-34-07_p0044_s232_b4,24,23
28-09-2024_14-23-53_p0016_s43_b1,14,1
27-11-2024_15-24-48_p0054_s245_b4,70,21
17-06-2024_14-57-56_p0019_s99_b2,28,38
28-02-2024_16-52-00_p0011_s146_b2,11,25
17-08-2024_11-31-42_p0043_s283_b4,64,24
21-12-2024_10-24-58_p0061_s54_b1,61,31
12-06-2024_16-57-31_p0038_s195_b3,53,21
24-03-2025_16-44-55_p0076_s210_b4,69,9
10-02-2025_16-23-38_p0071_s160_b3,50,21
22-01-2024_16-41-57_p9,23,1
05-09-2024_14-39-01_p0047_s12_b1,100,1
05-12-2024_16-25-45_p0055_s78_b1,54,22
19-02-2025_10-06-07_p0074,46,80
19-06-2024_15-05-56_p0023_s162_b3,72,47
11-02-2025_17-00-11_p0066_s234_b4,38,18
28-06-2024_14-31-51_p0035_s63_b1,23,43
23-11-2024_13-23-58_p0052_s124_b2,17,41
22-08-2024_16-02-51_p0042_s267_b4,12,-10
19-07-2024_14-24-09_p0040_s143_b2,117,15
03-05-2024_18-50-46_p0031_s188_b3,26,17
17-09-2024_14-49-52_p0048_s44_b1,47,12
18-04-2024_10-16-38_p0025_s23_b1,43,33
13-02-2025_19-52-47_p0070_s81_b1,127,48
27-05-2024_15-45-07_p0032_s186_b3,20,57
25-03-2025_18-43-05_p0079_s198_b3,23,24
07-01-2025_15-37-27_p0063_sP05_b2,80,90
06-11-2024_16-59-50_p0051,18,14
04-09-2024_14-53-57_p0044_s268_b4,97,18
05-10-2024_09-21-59_p0050_s219_b4,26,83
10-05-2024_10-05-53_p0030_s275_b4,43,20
19-12-2024_16-21-21_p0062,58,26
08-01-2025_15-07-57_p0063_s171_b3,95,22
27-03-2024_16-26-23_p0015_s68_b1,22,27
10-05-2024_09-11-26_p0030,39,39
16-07-2024_16-17-07_p0039_s210_b4,47,15
28-02-2024_16-34-28_p0011_s121_b2,16,30
03-09-2024_15-46-18_p0048,54,16
19-02-2025_16-28-23_p0072_s2_b1,44,20
24-01-2025_15-58-27_p0060_s68_b1,11,52
12-03-2024_10-33-19_p0021_s240_b4,30,46
12-03-2024_14-34-31_p0022_s47_b1,28,34
23-11-2024_10-04-11_p0053_s190_b3,38,29
18-04-2024_15-28-39_p0026,8,29
01-02-2025_10-07-50_p0069_s277_b4,25,15
28-11-2024_15-20-30_p0055_s83_b2,32,35
13-11-2024_17-17-13_p0051_s77_b1,34,36
17-06-2024_14-52-22_p0019_s88_b2,28,22
24-07-2024_15-14-47_p0041_s252_b4,42,26
05-10-2024_09-46-19_p0050_s246_b4,24,14
09-05-2024_15-09-22_p0033,36,16
31-01-2025_15-14-46_p0065_s177_b3,53,44
08-04-2024_16-47-11_p0021_s42_b1,10,41
26-03-2024_16-32-23_p0022_s267_b4,32,39
15-02-2025_12-24-36_p0070,31,10
04-02-2025_16-45-25_p0066_s118_b2,46,26
19-02-2025_15-49-50_p0072_s229_b4,50,13
18-12-2024_10-15-07_p0061_s243_b3,108,38
19-02-2025_16-35-51_p0072_s21_b1,101,15
30-01-2024_11-26-09_p11,4,30
06-05-2024_15-31-27_p0032_s234_b4,51,44
23-11-2024_09-34-32_p0053,50,30
21-02-2024_11-52-06_p0013_s56_b1,49,44
29-02-2024_14-06-08_p0010_s48_b1,11,37
28-01-2025_13-25-23_p0067,19,23
26-11-2024_16-20-10_p0056,49,38
12-03-2025_11-04-17_p0074_s55_b1,100,22
21-11-2024_14-57-50_p0055,32,65
08-05-2024_15-53-07_p0033_s185_b3,55,69
10-01-2025_16-14-00_p0063_s279_b4,22,25
06-02-2025_18-39-43_p0069_sP12_b3,35,30
08-05-2024_09-48-16_p0030_s126_b2,12,37
22-02-2024_10-43-29_p0017_s167_b3,-10,68
11-06-2024_14-01-27_p0035_s95_b2,8,28
10-09-2024_14-05-01_p0048,20,18
07-12-2024_10-44-53_p0053_s274_b4,38,31
13-02-2025_19-10-05_p0070_s241_b3,56,27
05-02-2025_17-50-35_p0072_s244_b3,79,2
14-02-2025_17-49-18_p0073,18,36
22-02-2024_15-30-05_p0014,17,26
10-05-2024_09-09-51_p0030_s206_b3,50,57
23-07-2024_16-29-18_p0039_s129_b2,44,24
11-03-2025_18-48-32_p0075_s31_b1,52,23
13-02-2025_19-46-54_p0070_s68_b1,49,33
05-12-2024_15-43-52_p0055_s13_b1,35,23
08-05-2024_16-26-40_p0033_s241_b3,61,46
22-02-2024_14-07-59_p0018_s100_b2,10,5
14-12-2024_11-26-58_p0059_s130_b2,70,12
22-02-2024_14-20-17_p0018_s121_b2,20,13
27-02-2025_14-28-07_p0073,17,11
15-05-2024_15-54-33_p0032_s122_b2,47,30
16-05-2024_14-20-41_p0034_s84_b2,39,32
14-03-2025_17-35-19_p0077_s71_b1,25,29
11-05-2024_09-47-31_p0034,36,44
17-02-2025_17-22-54_p0071_s55_b1,96,23
06-02-2025_14-54-12_p0068,38,25
04-10-2024_14-56-48_p0050_s125_b2,54,36
26-03-2024_15-02-37_p0022_s160_b3,46,39
30-01-2025_16-23-57_p0068_s198_b3,38,34
08-08-2024_14-51-24_p0042_s110_b2,21,41
04-09-2024_15-58-01_p0044_s27_b1,96,12
26-11-2024_15-51-13_p0056_s130_b2,94,56
08-01-2025_15-16-22_p0063_s180_b3,115,25
16-05-2024_14-30-07_p0034_s101_b2,42,41
30-04-2024_13-38-21_p0024_s142_b2,37,59
19-03-2024_15-17-19_p0022_s119_b2,93,52
23-07-2024_16-24-23_p0039_s121_b2,33,20
24-03-2025_17-07-35_p0076_s249_b4,60,25
03-10-2024_15-17-57_p0050_s185_b3,30,10
20-05-2024_15-36-27_p0023_s116_b2,18,16
04-02-2025_17-05-01_p0066,21,25
03-02-2025_17-15-55_p0071_s141_b2,1,17
28-06-2024_14-38-49_p0035_s77_b1,49,45
13-12-2024_16-38-43_p0054_s77_b1,27,23
20-05-2024_15-35-58_p0023_s115_b2,20,25
11-07-2024_15-10-02_p0041,138,21
13-05-2024_16-22-08_p0028,21,12
03-05-2024_14-28-21_p0027,20,28
24-07-2024_14-54-30_p0041_s212_b4,19,21
04-02-2025_17-06-06_p0066,36,21
18-06-2024_15-21-42_p0028_s131_b2,41,54
20-03-2025_16-06-53_p0078,57,34
08-07-2024_12-08-16_p0040_s247_b4,45,13
20-05-2024_16-07-57_p0023,5,2
13-05-2024_15-52-01_p0028,11,0
28-02-2024_16-50-29_p0011_s143_b2,37,24
22-02-2024_13-48-22_p0018_s68_b1,20,58
28-09-2024_13-45-14_p0016_s278_b4,23,4
16-09-2024_16-52-01_p0045_s41_b1,49,21
13-12-2024_14-44-27_p0054_s87_b2,76,28
25-03-2024_15-39-44_p0020_s234_b4,9,7
12-03-2025_10-44-41_p0074_s10_b1,65,23
03-04-2025_13-50-26_p0080_s125_b2,54,14
10-09-2024_14-29-02_p0048_s116_b2,37,-11
24-04-2024_15-22-39_p0027_s164_b3,70,93
07-05-2024_14-54-14_p0027_s5_b1,14,9
30-09-2024_15-45-03_p0049_s245_b4,10,4
20-02-2024_16-50-24_p0015_s257_b4,21,21
05-03-2024_10-46-38_p0014_s76_b1,35,44
19-12-2024_15-42-37_p0062,48,38
26-08-2024_15-27-13_p0019_s33_b1,47,22
19-12-2024_15-52-01_p0062,35,23
13-02-2025_14-57-47_p0067_s26_b1,45,24
10-05-2024_16-53-03_p0033_s81_b1,46,26
26-04-2024_14-42-20_p0028_s28_b1,94,32
22-08-2024_15-56-30_p0042,72,8
26-03-2024_16-14-29_p0022_s228_b4,14,29
24-01-2025_15-31-05_p0060_s9_b1,10,41
24-04-2024_15-31-26_p0027,60,140
17-02-2025_17-38-03_p0071_s66_b1,101,20
26-04-2024_14-32-45_p0028_s5_b1,92,25
16-10-2024_16-34-32_p0049_s35_b1,26,1
22-02-2024_11-08-09_p0017_s190_b3,24,27
08-04-2024_16-59-30_p0021_s69_b1,17,40
17-08-2024_11-13-38_p0043_s259_b4,118,10
10-09-2024_14-47-39_p0048_s137_b2,41,-12
08-04-2024_16-36-22_p0021_s12_b1,16,34
19-06-2024_11-01-37_p0036_s175_b3,8,40
28-06-2024_15-17-27_p0035_s230_b4,6,16
19-06-2024_16-28-37_p0023_s25_b1,27,20
26-02-2024_16-08-42_p0019_s264_b4,26,31
03-09-2024_14-46-26_p0048,62,24
05-09-2024_15-46-14_p0047_s217_b4,61,30
28-06-2024_15-19-24_p0035_s233_b4,20,10
18-06-2024_16-58-31_p0028_s280_b4,26,20
16-10-2024_16-29-01_p0049_s20_b1,20,8
22-02-2024_14-04-56_p0018_s93_b2,10,0
24-03-2025_16-56-46_p0076_s222_b4,12,64
16-10-2024_15-44-32_p0049,16,8
04-09-2024_14-34-57_p0044_s234_b4,24,39
24-01-2024_17-23-44_p10,54,16
08-08-2024_15-09-40_p0042_s131_b2,25,36
26-08-2024_15-47-56_p0019_sP03_b1,44,37
04-02-2025_16-29-28_p0066_s92_b2,40,26
01-02-2025_10-50-31_p0069_sP03_b1,75,20
04-10-2024_14-31-33_p0050_s99_b2,13,23
23-05-2024_14-59-57_p0035_s174_b3,62,33
27-03-2024_15-37-32_p0015,13,19
10-09-2024_17-37-03_p0045_s201_b3,44,16
28-08-2024_16-39-39_p0038_s39_b1,90,9
05-03-2024_10-44-03_p0014_s68_b1,74,43
20-12-2024_14-57-17_p0061_s138_b2,40,26
27-05-2024_16-40-00_p0032_s22_b1,43,44
11-02-2025_18-05-58_p0066_s25_b1,57,27
30-01-2025_16-19-25_p0068_sP14_b3,27,22
28-03-2025_15-57-09_p0081,79,58
24-07-2024_15-04-56_p0041_s228_b4,16,33
05-10-2024_10-19-27_p0050_s280_b4,29,11
08-11-2024_14-52-52_p0052_s45_b1,74,44
12-06-2024_17-06-47_p0038_sP20_b3,107,26
18-03-2024_11-13-29_p0013_s217_b4,29,28
26-08-2024_16-59-07_p0019_s208_b3,48,26
13-05-2024_16-34-11_p0028,11,11
08-11-2024_15-44-26_p0053_s99_b2,23,54
29-04-2024_16-50-36_p0024_s45_b1,25,34
05-02-2025_17-49-54_p0072_s242_b3,52,28
24-01-2025_15-13-38_p0060_s268_b4,11,47
23-07-2024_16-42-25_p0039,33,22
04-07-2024_16-07-44_p0039,59,62
07-01-2025_15-48-19_p0063,39,44
17-09-2024_14-30-26_p0048_s5_b1,38,7
27-03-2025_15-13-25_p0078_s172_b3,91,63
22-02-2024_14-10-16_p0018_s108_b2,2,16
25-03-2024_16-17-32_p0020_s111_b2,10,16
14-03-2025_17-17-21_p0077_s20_b1,66,25
28-06-2024_14-05-48_p0035_sP01_b1,8,23
24-01-2025_15-11-39_p0060_s264_b4,4,41
28-08-2024_17-01-22_p0038_s76_b1,64,34
28-06-2024_14-39-15_p0035_s78_b1,37,38
08-06-2024_09-36-23_p0031_s227_b4,26,62
31-01-2025_15-47-06_p0065_s241_b3,74,35
17-02-2025_18-32-50_p0071,103,8
24-05-2024_18-37-20_p0031_s97_b2,46,29
14-03-2025_16-25-43_p0077_s227_b4,52,52
18-06-2024_16-45-54_p0028_s261_b4,10,35
11-06-2024_13-53-29_p0035_s83_b2,26,15
08-05-2024_15-23-38_p0033_s168_b3,81,63
28-09-2024_13-34-42_p0016,24,1
03-02-2025_17-24-18_p0071,27,2
16-10-2024_16-07-04_p0049_s203_b3,20,5
08-04-2024_16-48-34_p0021_s46_b1,44,44
05-12-2024_16-04-47_p0055_s45_b1,67,27
05-09-2024_15-36-47_p0047_s78_b1,49,16
17-07-2024_14-20-49_p0041_s103_b2,24,33
08-11-2024_15-38-11_p0053_s88_b2,29,69
11-05-2024_10-12-43_p0034_s242_b3,107,27
29-08-2024_15-30-20_p0045_s215_b4,29,38
18-06-2024_14-52-16_p0028_s85_b2,30,27
05-12-2024_15-48-36_p0055_s20_b1,82,22
06-02-2025_14-10-35_p0067,17,20
10-01-2025_16-12-39_p0063_s277_b4,24,38
25-01-2025_13-24-49_p0064_s143_b2,99,26
18-03-2024_11-28-28_p0013_s250_b4,23,21
14-12-2024_12-08-02_p0059,14,17
11-03-2025_18-44-26_p0075_s21_b1,49,25
11-05-2024_09-56-24_p0034_s191_b3,40,51
13-09-2024_16-41-26_p0046_s48_b1,16,14
14-12-2024_12-09-34_p0059_s149_b2,15,8
18-12-2024_09-49-36_p0061_s184_b3,122,23
17-09-2024_15-06-30_p0048_s68_b1,14,14
05-12-2024_17-29-11_p0055_s279_b4,32,26
21-02-2025_17-23-34_p0068_s248_b4,17,17
13-02-2025_14-59-00_p0067_s29_b1,92,23
07-01-2025_16-15-27_p0063_s146_b2,51,47
18-01-2025_10-13-26_p0057_s257_b4,32,19
08-01-2025_16-23-21_p0063_s28_b1,50,47
28-01-2025_13-11-40_p0067_s158_b3,96,31
15-05-2024_16-51-33_p0032_s149_b2,25,22
21-02-2024_11-48-35_p0013_s45_b1,9,25
13-11-2024_17-21-00_p0051_s209_b4,26,30
04-10-2024_15-03-54_p0050_s139_b2,70,25
09-05-2024_15-19-06_p0033_s155_b2,38,38
23-04-2024_11-32-31_p0024_s248_b4,34,29
18-06-2024_15-15-37_p0028_s122_b2,34,29
06-02-2025_14-04-17_p0067_s144_b2,29,27
18-01-2025_10-17-06_p0057_s261_b4,29,31
09-05-2024_14-47-51_p0033_s127_b2,53,29
26-03-2024_16-33-47_p0022_s271_b4,88,27
20-02-2024_16-25-33_p0015_s224_b4,10,5
14-02-2025_18-24-57_p0073_s153_b2,50,13
24-01-2024_17-18-29_p10,33,15
23-11-2024_09-28-18_p0053_s159_b3,24,31
03-09-2024_15-41-02_p0048_s202_b3,37,16
03-05-2024_14-22-21_p0027,6,28
11-02-2025_19-16-35_p0069,8,12
12-03-2024_10-47-16_p0021,22,52
30-09-2024_15-26-38_p0049_s210_b4,31,13
24-01-2025_16-07-28_p0060_s71_b1,7,34
12-03-2025_10-15-37_p0074_s231_b4,52,25
30-01-2024_14-45-16_p12,43,32
15-02-2025_11-59-20_p0070_s110_b2,40,7
14-03-2025_16-28-20_p0077_s233_b4,48,21
30-09-2024_15-46-54_p0049_s247_b4,8,14
23-05-2024_14-46-10_p0035_s165_b3,63,33
22-02-2024_15-51-12_p0014,53,43
22-03-2025_11-47-15_p0079_s108_b2,48,27
06-02-2025_13-51-23_p0067_s124_b2,63,14
10-05-2024_16-52-37_p0033_s79_b1,27,18
12-03-2024_10-37-08_p0021_s250_b4,20,39
28-09-2024_14-30-13_p0016_s59_b1,14,6
19-07-2024_13-55-26_p0040_s96_b2,36,26
10-12-2024_17-18-18_p0056_s30_b1,58,27
29-08-2024_15-27-55_p0045_s210_b4,52,17
14-03-2025_17-12-41_p0077_s5_b1,66,17
20-05-2024_12-28-43_p0034,47,54
22-02-2024_11-57-14_p0017_s277_b4,34,58
13-03-2024_14-51-26_p0014,44,49
26-02-2024_15-22-05_p0019,34,42
26-08-2024_15-24-52_p0019_s27_b1,80,33
19-02-2025_16-02-00_p0072_s256_b4,31,12
30-01-2024_11-27-32_p11,7,42
05-02-2025_16-44-35_p0072,56,13
14-01-2025_15-07-40_p0060_s86_b2,20,40
05-06-2024_15-12-04_p0037_s226_b4,13,17
18-06-2024_16-11-40_p0028_s217_b4,24,26
11-03-2025_15-13-45_p0073_s235_b4,15,36
31-08-2024_13-31-08_p0047_s200_b3,30,40
22-02-2024_15-33-29_p0014,87,45
10-05-2024_09-02-43_p0030_s196_b3,48,49
10-12-2024_15-35-31_p0056_s231_b4,49,23
03-09-2024_14-31-42_p0048_s164_b3,35,20
13-05-2024_15-51-48_p0028,8,9
01-02-2025_12-11-41_p0070_s253_b4,54,29
17-09-2024_14-36-31_p0048_s16_b1,9,20
16-04-2024_11-01-44_p0025_s281_b4,33,44
28-08-2024_16-58-14_p0038_s72_b1,61,10
05-02-2025_17-08-46_p0072_s176_b3,163,40
25-03-2025_18-36-54_p0079_s188_b3,42,20
10-09-2024_14-06-44_p0048_s82_b2,71,15
30-08-2024_15-52-36_p0046_s116_b2,12,26
10-05-2024_09-04-18_p0030_s199_b3,49,29
10-02-2025_16-52-38_p0071_s177_b3,86,15
08-04-2024_16-42-00_p0021_s26_b1,18,39
08-10-2024_15-51-27_p0049_s105_b2,20,4
10-01-2025_14-28-22_p0062_s82_b2,45,43
01-08-2024_16-37-46_p0042,12,0
21-02-2025_17-46-50_p0068_s280_b4,26,8
31-01-2025_15-34-27_p0065_s196_b3,36,40
24-03-2025_17-02-32_p0076_s237_b4,65,9
17-08-2024_10-51-47_p0043,33,36
08-04-2024_16-03-41_p0021,14,25
12-02-2025_16-28-41_p0072,37,17
16-04-2024_15-32-09_p0016,26,24
08-07-2024_11-52-02_p0040_s221_b4,31,7
08-11-2024_15-51-30_p0053_s109_b2,33,54
01-02-2025_12-04-39_p0070_s234_b4,38,11
26-08-2024_16-10-19_p0019_s158_b3,7,28
26-08-2024_16-35-25_p0019_s178_b3,49,24
13-09-2024_16-26-17_p0046_s12_b1,19,13
12-06-2024_09-58-36_p0036,25,11
07-12-2024_10-58-03_p0053_s12_b1,29,29
07-05-2024_14-57-35_p0027_s15_b1,16,20
22-08-2024_17-00-29_p0042_sP02_b1,52,54
16-04-2024_10-16-59_p0025_s209_b4,8,42
08-11-2024_14-36-53_p0052_s23_b1,27,100
08-11-2024_14-41-52_p0052_s33_b1,54,53
15-05-2024_16-06-38_p0032_s134_b2,101,42
19-02-2025_10-49-10_p0074_s183_b3,32,36
12-07-2024_15-22-58_p0040_s206_b3,29,9
10-05-2024_09-33-54_p0030_s210_b4,29,38
13-12-2024_16-27-00_p0054_s53_b1,33,24
26-02-2025_09-44-43_p0074_s110_b2,25,23
19-07-2024_14-01-41_p0040_s110_b2,25,21
18-04-2024_15-31-26_p0026_s114_b2,25,27
10-09-2024_14-34-31_p0048_s121_b2,37,6
10-09-2024_17-03-03_p0045_s174_b3,42,21
10-05-2024_18-30-13_p0025,24,27
13-12-2024_14-53-18_p0054_s98_b2,23,26
05-10-2024_09-40-22_p0050_s236_b4,19,19
03-04-2025_14-05-48_p0080,29,9
20-05-2024_15-58-36_p0023_s145_b2,36,-1
28-03-2025_15-33-25_p0081_s104_b2,67,32
12-07-2024_15-18-36_p0040_s199_b3,20,13
14-02-2025_18-09-22_p0073_s129_b2,14,28
24-03-2025_17-29-51_p0076_s6_b1,66,23
22-02-2024_14-25-22_p0018_s136_b2,-8,41
30-01-2025_16-06-08_p0068,42,22
06-09-2024_16-02-32_p0047_s147_b2,14,2
02-05-2024_15-20-16_p0026_s202_b3,11,24
29-04-2024_15-13-51_p0024,26,91
14-03-2025_16-54-57_p0077_s277_b4,63,23
03-05-2024_08-29-16_p0030_s7_b1,28,28
25-03-2024_16-18-20_p0020_s113_b2,4,32
16-10-2024_16-07-32_p0049,26,6
13-12-2024_16-22-57_p0054_s43_b1,47,18
30-04-2024_13-48-01_p0024,47,53
20-02-2024_16-57-42_p0015_s264_b4,17,43
02-04-2024_15-41-14_p0021_s193_b3,26,28
18-06-2024_14-51-39_p0028_s83_b2,21,54
16-10-2024_15-21-07_p0049_s162_b3,23,14
19-02-2025_10-09-58_p0074,24,68
10-09-2024_17-34-39_p0045,50,24
03-05-2024_18-21-03_p0031,20,18
19-06-2024_11-20-58_p0036_s196_b3,23,35
12-07-2024_15-05-40_p0040_s180_b3,58,4
15-05-2024_15-14-26_p0032_s83_b2,73,49
03-12-2024_15-33-51_p0056,13,58
07-03-2024_14-03-59_p0010_s139_b2,30,35
06-09-2024_16-04-31_p0047,13,-2
20-03-2025_14-57-03_p0076,18,15
13-11-2024_16-55-26_p0051_s41_b1,18,29
18-12-2024_09-12-18_p0061_s158_b3,56,42
13-03-2024_15-32-31_p0014_s153_b2,37,17
12-03-2025_10-32-28_p0074_s264_b4,50,37
16-07-2024_16-25-57_p0039_s222_b4,23,14
20-02-2024_16-19-51_p0015_s219_b4,-2,22
27-11-2024_15-34-47_p0054_s261_b4,22,23
05-12-2024_17-07-05_p0055_s239_b4,29,18
09-05-2024_14-59-32_p0033_s144_b2,51,30
26-10-2024_11-52-56_p0051_s159_b3,20,3
13-09-2024_15-55-08_p0046_s266_b4,32,7
05-09-2024_14-52-41_p0047_s32_b1,119,18
10-12-2024_16-22-28_p0056,40,38
17-07-2024_14-11-32_p0041_s86_b2,25,33
14-08-2024_16-23-37_p0038_s269_b4,70,15
11-03-2025_15-32-17_p0073_s275_b4,25,38
29-04-2024_11-49-49_p0029_s133_b2,45,21
13-12-2024_16-07-43_p0054_s11_b1,32,22
17-02-2025_18-25-12_p0071_s259_b4,111,16
26-03-2024_16-13-47_p0022_s226_b4,25,41
29-02-2024_14-15-53_p0010_s69_b1,7,37
06-11-2024_16-55-10_p0051,83,17
13-02-2025_19-52-18_p0070_s80_b1,110,32
02-05-2024_14-50-25_p0026_s168_b3,24,17
16-10-2024_16-43-00_p0049_s59_b1,20,8
05-03-2024_10-30-50_p0014_s27_b1,59,37
31-01-2025_15-36-57_p0065_s201_b3,38,35
11-03-2025_15-11-35_p0073_s228_b4,26,22
22-02-2024_15-49-01_p0014_s202_b3,49,15
05-06-2024_15-25-15_p0037_s256_b4,26,31
30-08-2024_15-57-55_p0046_s120_b2,9,31
10-05-2024_18-33-21_p0025_s121_b2,31,26
05-12-2024_15-58-48_p0055_s35_b1,83,35
03-08-2024_11-28-13_p0043_s208_b3,17,19
12-06-2024_09-52-55_p0036_s105_b2,28,15
14-12-2024_12-03-15_p0059,25,3
22-02-2024_14-35-05_p0018,2,28
04-09-2024_16-08-26_p0044_s47_b1,82,6
28-02-2024_16-56-36_p0011,4,26
05-02-2025_17-00-01_p0072,34,17
15-05-2024_16-16-41_p0032_s144_b2,23,14
28-01-2025_13-26-31_p0067,26,27
08-11-2024_16-20-27_p0053,21,33
07-01-2025_14-46-24_p0062_s215_b4,39,48
05-02-2025_17-49-26_p0072,38,22
05-06-2024_15-36-45_p0037,20,29
14-03-2025_17-23-52_p0077_s39_b1,38,18
11-07-2024_15-05-28_p0041,41,35
28-08-2024_16-23-23_p0038_s9_b1,37,10
05-10-2024_09-22-55_p0050_s221_b4,31,21
04-10-2024_14-57-26_p0050_s126_b2,17,36
03-09-2024_15-44-29_p0048_s205_b3,33,5
11-07-2024_15-19-26_p0041_s172_b3,95,30
16-10-2024_16-50-20_p0049_s74_b1,16,-2
16-04-2024_10-43-43_p0025_s253_b4,10,42
11-03-2025_18-11-55_p0075_s252_b4,75,24
12-07-2024_15-01-39_p0040_s176_b3,38,40
16-09-2024_15-28-42_p0045_s109_b2,48,4
18-03-2024_11-23-54_p0013_s238_b4,9,26
07-01-2025_14-55-33_p0062_s229_b4,34,35
01-02-2025_12-17-25_p0070_s261_b4,28,9
06-02-2025_14-46-50_p0068_s91_b2,26,30
03-05-2024_08-31-03_p0030_s12_b1,26,34
18-04-2024_10-11-28_p0025_s11_b1,8,16
26-08-2024_16-27-19_p0019,19,27
12-12-2024_18-50-56_p0058_s84_b2,4,24
24-03-2025_17-15-42_p0076_s262_b4,38,19
13-12-2024_15-56-01_p0054,44,31
11-03-2025_18-09-04_p0075,81,22
19-02-2025_16-42-48_p0072_s35_b1,65,20
13-02-2025_19-35-36_p0070_s46_b1,76,33
03-08-2024_11-10-49_p0043_s188_b3,24,20
17-06-2024_14-49-41_p0019_s84_b2,14,24
31-03-2025_18-34-19_p0079_s250_b4,37,54
28-06-2024_15-08-51_p0035_s215_b4,0,4
18-12-2024_09-45-56_p0061_sP12_b3,53,65
16-10-2024_15-21-31_p0049_s163_b3,17,19
28-02-2024_16-59-46_p0011,3,34
24-03-2025_17-13-00_p0076_s257_b4,99,23
04-09-2024_14-46-56_p0044,103,21
03-05-2024_14-00-32_p0027_s84_b2,26,30
14-12-2024_11-31-33_p0059_s140_b2,54,23
17-02-2025_17-38-40_p0071_s67_b1,132,30
10-09-2024_17-17-14_p0045_s184_b3,103,27
11-02-2025_19-14-13_p0069,12,19
14-02-2025_18-23-38_p0073_s149_b2,80,12
10-01-2025_15-20-20_p0062,51,34
16-10-2024_16-34-17_p0049_s34_b1,20,-7
20-12-2024_14-33-11_p0061_s104_b2,37,31
26-02-2024_16-05-24_p0019,50,22
08-05-2024_09-53-18_p0030_s142_b2,29,36
05-12-2024_17-03-22_p0055_s233_b4,4,24
27-03-2025_14-15-09_p0080_s176_b3,17,39
13-05-2024_16-25-45_p0028_s198_b3,18,26
23-07-2024_16-40-24_p0039_s147_b2,18,15
04-07-2024_15-13-54_p0039,1,42
30-04-2024_13-52-24_p0024_s150_b2,30,64
22-02-2024_14-20-55_p0018_s123_b2,-1,19
26-11-2024_16-13-52_p0056,30,42
10-05-2024_18-57-32_p0025,22,23
05-06-2024_15-13-33_p0037_s230_b4,20,33
17-06-2024_15-39-44_p0019,10,17
08-04-2024_15-56-58_p0021_s138_b2,41,36
17-09-2024_14-55-10_p0048_s53_b1,11,16
01-02-2025_12-25-51_p0070_s278_b4,33,13
06-08-2024_16-40-06_p0039_s61_b1,30,26
22-02-2024_11-42-32_p0017_s230_b4,42,70
07-02-2025_16-19-58_p0046_s164_b3,21,24
02-05-2024_14-54-48_p0026,15,15
21-02-2025_17-25-08_p0068_s252_b4,36,14
19-12-2024_15-50-45_p0062,37,14
08-04-2024_16-50-42_p0021_s52_b1,22,43
20-05-2024_12-15-26_p0034_s238_b4,34,61
14-02-2025_18-01-28_p0073_s115_b2,8,12
26-02-2025_10-28-58_p0074_s145_b2,63,38
30-08-2024_15-24-48_p0046_s87_b2,14,7
24-03-2025_17-03-21_p0076_s240_b4,50,8
19-07-2024_15-18-39_p0040_s13_b1,20,3
06-11-2024_17-02-11_p0051,10,11
16-09-2024_15-33-35_p0045,46,12
28-06-2024_15-36-55_p0035,12,15
22-01-2024_16-30-17_p9,34,12
16-10-2024_16-05-43_p0049_s202_b3,11,14
26-02-2025_10-22-24_p0074_s133_b2,48,25
16-10-2024_16-36-06_p0049_s40_b1,14,8
25-03-2025_18-48-37_p0079_s199_b3,54,16
28-09-2024_13-13-46_p0016_s222_b4,29,7
11-03-2025_19-06-31_p0075_s77_b1,55,14
21-02-2024_12-03-52_p0013_s70_b1,48,42
20-02-2025_18-37-10_p0075,58,24
02-04-2024_15-37-05_p0021,28,18
14-08-2024_16-04-48_p0038_s246_b4,144,18
29-04-2024_12-00-00_p0029,37,20
18-12-2024_09-33-42_p0061,40,32
26-08-2024_15-32-58_p0019_s45_b1,56,40
18-04-2024_15-39-32_p0026_s133_b2,14,41
10-05-2024_18-03-11_p0025_sP04_b2,45,10
17-09-2024_15-12-01_p0048_s77_b1,18,15
12-02-2025_16-41-39_p0072_s110_b2,39,26
13-05-2024_16-21-25_p0028_sP14_b3,35,10
13-12-2024_16-18-18_p0054_s32_b1,25,26
26-08-2024_15-47-03_p0019_s71_b1,38,39
12-06-2024_09-43-29_p0036_s85_b2,32,18
27-02-2025_14-29-22_p0073,11,12
13-05-2024_16-23-15_p0028_s194_b3,28,13
27-03-2024_15-13-34_p0015_s106_b2,48,29
07-01-2025_14-58-56_p0062_s236_b4,41,38
11-02-2025_17-14-17_p0066_s258_b4,53,22
16-10-2024_16-05-22_p0049_s201_b3,22,13
02-05-2024_15-13-32_p0026_s193_b3,22,8
10-12-2024_17-04-04_p0056_s22_b1,32,34
16-09-2024_17-10-02_p0045_s66_b1,124,15
05-02-2025_17-29-38_p0072_sP14_b3,39,23
17-02-2025_16-58-43_p0071_s1_b1,47,38
05-06-2024_15-30-38_p0037_s262_b4,25,30
18-03-2024_15-20-42_p0020_s26_b1,8,13
16-07-2024_16-29-22_p0039_s227_b4,21,15
14-03-2025_16-55-15_p0077_s278_b4,59,16
16-05-2024_15-17-03_p0034_s157_b2,49,42
26-03-2024_15-18-14_p0022_s173_b3,57,34
08-05-2024_09-55-58_p0030_s147_b2,13,24
19-03-2024_15-51-32_p0022,26,19
06-09-2024_15-42-28_p0047_s118_b2,10,26
12-03-2024_10-51-12_p0021_s276_b4,32,37
21-12-2024_09-54-25_p0061_s274_b4,43,12
09-05-2024_14-22-08_p0033_s97_b2,43,29
26-04-2024_14-57-26_p0028_s50_b1,14,15
21-02-2025_17-05-07_p0068_s211_b4,17,21
17-09-2024_14-34-03_p0048_s11_b1,21,12
15-05-2024_15-47-50_p0032,45,31
20-02-2025_19-44-48_p0075,53,20
10-09-2024_16-51-16_p0045_s169_b3,46,20
26-08-2024_16-42-12_p0019_s186_b3,29,36
28-02-2024_16-45-44_p0011_s135_b2,16,43
12-12-2024_18-59-23_p0058_s96_b2,81,34
27-02-2025_14-39-32_p0073_s244_b3,8,16
21-02-2024_16-09-29_p0016,9,13
20-05-2024_11-25-48_p0034_s14_b1,43,40
21-02-2024_16-13-59_p0016_s153_b2,5,11
02-04-2024_15-38-12_p0021_s191_b3,17,20
06-08-2024_16-35-44_p0039_s54_b1,38,35
18-04-2024_15-48-07_p0026,21,29
28-02-2024_16-31-20_p0011,26,30
28-11-2024_15-25-56_p0055_s90_b2,41,33
30-10-2024_15-04-06_p0052_s180_b3,37,54
12-06-2024_15-54-23_p0038_s160_b3,60,65
11-03-2025_15-45-34_p0073_s12_b1,13,34
21-02-2025_18-13-34_p0068_s48_b1,27,20
01-02-2025_12-00-52_p0070_s224_b4,68,27
06-05-2024_15-30-40_p0032_s232_b4,40,53
19-06-2024_16-31-40_p0023_s33_b1,23,24
07-01-2025_14-21-51_p0062_s72_b1,58,41
13-09-2024_15-43-08_p0046_s256_b4,25,13
18-01-2025_09-41-37_p0057_s216_b4,4,14
30-01-2024_11-17-13_p11,6,31
16-09-2024_16-03-57_p0045_s154_b2,34,18
10-08-2024_10-37-01_p0043_s90_b2,50,25
03-09-2024_14-42-49_p0048,35,4
19-06-2024_16-50-38_p0023_s76_b1,17,18
14-03-2025_17-21-32_p0077_s32_b1,64,2
05-12-2024_16-23-25_p0055_sP03_b1,72,37
03-02-2025_17-11-03_p0071_s136_b2,99,14
26-10-2024_12-31-23_p0051_s196_b3,28,4
17-12-2024_16-32-40_p0060,17,13
29-04-2024_15-40-22_p0024_s176_b3,34,60
10-05-2024_15-50-14_p0033_s271_b4,36,42
11-03-2024_16-10-54_p0020_s202_b3,6,53
11-02-2025_17-01-45_p0066_s237_b4,30,19
11-06-2024_14-03-31_p0035_s99_b2,1,32
22-08-2024_15-29-41_p0042_s219_b4,17,14
23-05-2024_15-05-37_p0035_s181_b3,45,40
12-02-2025_17-01-35_p0072_s136_b2,87,4
27-03-2025_15-06-00_p0078_s167_b3,34,46
24-01-2025_16-09-59_p0060_s76_b1,5,38
01-02-2025_09-51-51_p0069_s255_b4,43,13
07-02-2025_16-31-08_p0046_s173_b3,22,18
24-04-2024_16-03-28_p0027_s198_b3,53,93
26-11-2024_15-21-16_p0056_s95_b2,65,32
31-08-2024_12-50-45_p0047,93,20
28-01-2025_14-15-22_p0067,165,14
18-12-2024_09-15-15_p0061_s161_b3,78,34
08-11-2024_14-51-03_p0052_s41_b1,28,65
01-02-2025_14-01-03_p0064_s4_b1,40,16
08-04-2024_15-50-42_p0021_s125_b2,38,32
13-12-2024_15-01-20_p0054_s113_b2,39,33
16-05-2024_15-11-03_p0034,55,68
20-02-2024_16-58-43_p0015_s268_b4,5,35
26-04-2024_14-31-41_p0028_s2_b1,66,25
03-04-2025_13-41-15_p0080_s104_b2,49,7
20-03-2025_16-10-27_p0078_s125_b2,61,42
10-01-2025_15-22-26_p0062_s154_b2,13,49
16-04-2024_15-24-06_p0016_s166_b3,6,20
15-05-2024_15-29-12_p0032_s97_b2,49,34
14-02-2025_18-14-22_p0073_s144_b2,17,20
01-02-2025_09-55-04_p0069_s260_b4,62,26
01-02-2025_13-19-16_p0064,15,48
13-02-2025_14-45-55_p0067_s13_b1,53,20
28-02-2024_16-17-42_p0011_s99_b2,17,33
10-01-2025_15-21-46_p0062_s152_b2,24,35
06-11-2024_16-59-34_p0051,15,9
12-06-2024_17-03-15_p0038,63,41
11-02-2025_19-03-15_p0069_s132_b2,50,26
28-06-2024_15-22-27_p0035,6,8
10-05-2024_15-05-33_p0033_s210_b4,43,38
18-12-2024_17-17-33_p0057_s179_b3,45,27
17-09-2024_15-31-28_p0048_s211_b4,36,23
21-12-2024_10-23-14_p0061_s50_b1,39,33
10-08-2024_11-03-44_p0043_s144_b2,49,22
08-11-2024_16-03-55_p0053_s124_b2,12,50
21-12-2024_10-34-53_p0061_s71_b1,62,3
29-02-2024_14-00-03_p0010_s34_b1,34,50
23-11-2024_12-59-50_p0052_s85_b2,42,30
19-06-2024_16-34-22_p0023_s41_b1,34,31
08-04-2024_15-24-08_p0021_s85_b2,25,31
22-02-2024_13-23-29_p0018_s20_b1,39,33
21-02-2025_17-44-20_p0068_s275_b4,25,30
30-01-2024_15-00-54_p12,44,51
18-06-2024_14-59-16_p0028_s94_b2,27,36
25-03-2024_16-31-02_p0020_s135_b2,9,23
08-08-2024_15-04-30_p0042_s122_b2,63,30
11-03-2025_18-08-44_p0075_s240_b4,50,24
12-12-2024_15-59-31_p0057_s121_b2,122,38
26-11-2024_15-43-03_p0056_s119_b2,140,60
20-05-2024_11-44-04_p0034_s52_b1,51,46
11-02-2025_17-57-06_p0066_s6_b1,79,22
18-12-2024_17-37-57_p0057_s205_b3,14,15
27-03-2024_15-28-13_p0015_s133_b2,24,18
13-03-2024_15-18-05_p0014_s137_b2,39,48
08-06-2024_10-05-23_p0031_s273_b4,17,40
03-05-2024_14-28-33_p0027,12,23
28-03-2025_15-45-38_p0081_s127_b2,118,68
12-03-2024_10-47-53_p0021_s266_b4,41,37
23-05-2024_15-21-03_p0035_s205_b3,27,41
01-08-2024_16-25-28_p0042_s169_b3,106,25
08-08-2024_15-01-35_p0042_s120_b2,61,24
17-09-2024_15-11-12_p0048_s75_b1,32,20
28-03-2025_15-30-16_p0081_s98_b2,69,32
11-03-2025_15-56-12_p0073_s43_b1,24,31
26-02-2025_10-13-19_p0074_s120_b2,44,30
26-08-2024_16-51-31_p0019_s195_b3,48,33
30-08-2024_16-27-21_p0046_s149_b2,12,9
15-02-2025_10-44-06_p0065_s103_b2,37,16
13-02-2025_18-31-17_p0070,113,28
07-01-2025_14-54-26_p0062_s226_b4,16,42
10-05-2024_08-58-59_p0030_sP14_b3,32,32
08-06-2024_10-36-07_p0031_s47_b1,26,49
12-06-2024_16-34-38_p0038_s177_b3,48,19
16-09-2024_15-24-39_p0045_s104_b2,35,12
03-09-2024_14-29-37_p0048,40,30
09-05-2024_15-15-03_p0033,44,34
13-12-2024_16-13-24_p0054_s21_b1,49,32
31-03-2025_18-47-13_p0079_s276_b4,26,35
28-08-2024_16-25-09_p0038_s13_b1,49,-1
05-10-2024_11-39-42_p0050_s76_b1,19,14
18-12-2024_17-26-57_p0057_s193_b3,25,17
12-12-2024_19-10-14_p0058_s111_b2,71,31
18-04-2024_10-13-35_p0025_s16_b1,49,35
03-12-2024_15-02-24_p0056,12,40
26-02-2024_15-32-57_p0019_s217_b4,34,56
29-04-2024_11-50-26_p0029_s135_b2,19,20
28-08-2024_09-48-22_p0044_s124_b2,59,39
06-09-2024_16-16-34_p0047_s154_b2,12,-4
12-03-2024_10-16-39_p0021_s213_b4,-34,40
03-05-2024_18-28-12_p0031_s164_b3,6,16
08-01-2025_16-33-34_p0063_s51_b1,20,43
14-03-2025_17-13-44_p0077_s9_b1,67,21
08-11-2024_16-22-42_p0053,34,43
08-04-2024_15-26-04_p0021_s88_b2,26,29
29-04-2024_11-42-54_p0029_s118_b2,28,21
17-06-2024_15-18-41_p0019_s128_b2,27,30
18-01-2025_09-56-01_p0057_s231_b4,29,38
22-04-2024_09-10-45_p0025_s162_b3,5,23
18-06-2024_16-59-38_p0028_s282_b4,25,33
20-03-2025_16-00-43_p0078_s108_b2,49,33
27-03-2024_15-38-05_p0015,9,12
19-11-2024_15-55-43_p0054_s174_b3,28,14
07-12-2024_10-45-21_p0053_s276_b4,25,31
25-01-2025_13-27-46_p0064,24,2
30-10-2024_15-19-21_p0052_s198_b3,28,47
20-12-2024_14-47-45_p0061_s120_b2,72,35
12-06-2024_10-07-13_p0036_s127_b2,99,12
11-03-2025_18-48-19_p0075_s30_b1,57,25
19-03-2024_15-11-28_p0022_s111_b2,40,41
19-06-2024_15-47-14_p0023_s202_b3,29,42
10-08-2024_10-52-17_p0043_s120_b2,62,21
22-01-2025_17-51-31_p0066_s206_b3,20,18
06-02-2025_18-23-10_p0069_s162_b3,57,25
11-06-2024_14-35-29_p0035,28,27
06-02-2025_15-00-14_p0068,26,37
28-06-2024_14-21-18_p0035_s41_b1,23,47
11-03-2025_18-19-15_p0075_s265_b4,27,23
26-03-2024_15-10-02_p0022_sP10_b3,13,27
18-01-2025_12-39-41_p0064,43,22
07-05-2024_15-20-16_p0027_s78_b1,14,10
26-10-2024_11-58-07_p0051_s166_b3,68,8
05-03-2024_10-28-42_p0014_s24_b1,73,49
15-05-2024_16-48-16_p0032,20,17
22-01-2025_17-16-44_p0066,39,27
28-08-2024_15-15-41_p0038_s108_b2,30,25
08-05-2024_15-16-51_p0033_s162_b3,117,66
24-03-2025_17-40-22_p0076_s44_b1,22,11
27-11-2024_15-29-20_p0054_s254_b4,135,16
08-01-2025_16-28-17_p0063_s39_b1,53,49
05-06-2024_15-11-01_p0037_s223_b4,22,26
13-02-2025_18-17-54_p0070,46,25
24-07-2024_14-31-26_p0041_s61_b1,25,22
20-05-2024_11-51-40_p0034_s67_b1,37,25
03-09-2024_15-40-36_p0048_s201_b3,45,20
08-07-2024_12-00-54_p0040_s228_b4,11,26
23-11-2024_13-39-31_p0052,-1,34
25-02-2025_19-24-22_p0075,111,26
21-11-2024_15-21-01_p0055,36,40
02-04-2024_15-57-19_p0021_s241_b3,19,19
18-06-2024_16-31-51_p0028_s235_b4,19,29
24-01-2025_15-50-59_p0060_s52_b1,9,46
28-08-2024_15-08-07_p0038_s98_b2,56,19
22-02-2024_14-03-59_p0018_s89_b2,10,11
20-05-2024_12-32-16_p0034_s268_b4,44,32
20-05-2024_15-50-58_p0023_s135_b2,16,11
25-02-2025_19-30-23_p0075,56,20
04-10-2024_14-40-46_p0050_s108_b2,3,47
17-06-2024_16-00-10_p0019_s153_b2,30,31
12-03-2025_09-43-34_p0074_s209_b4,49,33
21-01-2025_15-30-55_p0065_s277_b4,40,36
19-06-2024_11-31-50_p0036_s241_b3,61,31
20-05-2024_15-45-46_p0023_s127_b2,130,25
03-02-2025_17-12-28_p0071_s138_b2,39,10
05-02-2025_17-37-38_p0072_s201_b3,38,19
10-08-2024_10-40-21_p0043_s98_b2,37,30
22-03-2025_12-12-23_p0079,24,26
15-02-2025_10-28-44_p0065_s83_b2,51,11
15-02-2025_10-50-45_p0065_s114_b2,66,11
22-04-2024_09-41-18_p0025_s201_b3,9,36
06-05-2024_15-28-15_p0032_s226_b4,43,70
17-12-2024_17-16-39_p0060,62,8
30-01-2024_11-06-18_p11,2,46
06-02-2025_18-55-22_p0069_s200_b3,31,31
13-11-2024_16-56-56_p0051_s45_b1,98,18
27-03-2025_14-59-52_p0078_s159_b3,41,60
11-02-2025_18-55-12_p0069_s118_b2,44,32
19-07-2024_13-59-45_p0040,34,17
21-02-2024_16-14-55_p0016_s157_b2,7,14
24-05-2024_19-12-43_p0031,33,36
24-01-2025_14-59-57_p0060_s249_b4,12,41
30-10-2024_14-46-04_p0052_s169_b3,41,49
13-03-2024_15-25-00_p0014,23,58
24-04-2024_16-00-40_p0027,64,63
03-05-2024_08-38-38_p0030_s32_b1,40,30
06-02-2025_13-41-09_p0067_s106_b2,21,27
30-01-2025_16-08-09_p0068_s178_b3,27,13
27-03-2025_15-13-10_p0078_s171_b3,-34,53
03-09-2024_14-34-25_p0048,19,19
05-10-2024_11-15-28_p0050_s16_b1,-5,12
25-03-2025_18-24-01_p0079,27,17
17-06-2024_15-22-00_p0019_s134_b2,33,25
24-04-2024_15-15-28_p0027,70,127
04-10-2024_15-18-23_p0050,26,37
26-10-2024_12-37-03_p0051,36,11
19-07-2024_14-15-58_p0040_s128_b2,127,23
26-11-2024_16-18-33_p0056,29,36
23-11-2024_09-44-41_p0053,10,26
20-03-2025_16-23-34_p0078,28,12
20-02-2025_19-18-42_p0075_s185_b3,55,32
22-03-2025_11-38-58_p0079_sP05_b2,75,38
31-03-2025_18-35-08_p0079_s252_b4,73,53
03-08-2024_10-22-10_p0043_s163_b3,107,17
21-12-2024_10-39-06_p0061_s80_b1,113,20
13-12-2024_15-58-03_p0054_s150_b2,34,17
24-04-2024_16-05-30_p0027_s202_b3,60,82
08-04-2024_16-42-39_p0021_s28_b1,16,44
06-02-2025_18-32-03_p0069,20,31
10-09-2024_14-16-24_p0048_s96_b2,38,23
03-05-2024_08-34-05_p0030_s20_b1,35,31
23-07-2024_16-23-56_p0039_s120_b2,39,15
28-11-2024_16-02-33_p0055_s136_b2,55,67
12-06-2024_16-51-40_p0038_s192_b3,62,43
26-10-2024_12-24-27_p0051_s189_b3,58,16
16-09-2024_15-26-39_p0045,42,14
25-03-2025_18-41-54_p0079_s195_b3,67,20
27-03-2025_15-24-09_p0078_s188_b3,48,61
29-02-2024_14-09-39_p0010_s57_b1,12,50
25-03-2025_18-25-10_p0079,37,12
06-02-2025_14-44-13_p0068_s87_b2,22,19
07-12-2024_10-39-37_p0053,62,32
03-05-2024_18-47-51_p0031_s182_b3,41,35
08-04-2024_17-02-30_p0021_s77_b1,9,47
14-02-2025_18-12-24_p0073_s139_b2,11,16
08-08-2024_14-40-39_p0042_s87_b2,19,29
28-09-2024_13-05-20_p0016_s215_b4,21,15
03-12-2024_15-42-00_p0056,44,30
13-02-2025_18-34-03_p0070_sP10_b3,106,37
19-07-2024_14-33-23_p0040,11,13
12-03-2025_10-22-49_p0074_s247_b4,39,11
03-05-2024_18-39-19_p0031_s171_b3,19,17
05-10-2024_10-09-02_p0050_s265_b4,31,15
06-09-2024_15-57-43_p0047_s142_b2,57,0
25-03-2024_16-14-21_p0020_s102_b2,11,4
14-12-2024_10-48-13_p0059_s98_b2,32,19
05-03-2024_10-47-07_p0014_s78_b1,27,64
28-08-2024_09-25-03_p0044_s90_b2,63,27
05-06-2024_15-33-33_p0037_s266_b4,15,1
17-07-2024_14-40-47_p0041_s144_b2,40,28
10-05-2024_16-52-50_p0033_s80_b1,29,6
26-03-2024_16-16-44_p0022_s233_b4,35,40
30-10-2024_14-58-09_p0052_s175_b3,26,12
14-02-2025_17-55-44_p0073_s100_b2,2,31
16-05-2024_14-43-24_p0034_s119_b2,116,38
13-03-2024_16-06-25_p0014_s257_b4,20,28
17-09-2024_14-35-00_p0048_s13_b1,13,19
04-07-2024_15-04-57_p0039_s164_b3,22,48
30-08-2024_16-16-59_p0046_s146_b2,15,14
30-09-2024_15-47-23_p0049_s248_b4,18,14
10-05-2024_09-47-01_p0030_s235_b4,41,31
25-02-2025_19-18-56_p0075_s135_b2,78,27
11-06-2024_14-35-48_p0035,4,32
24-07-2024_14-29-14_p0041_s55_b1,31,21
29-04-2024_15-17-16_p0024,36,53
02-05-2024_14-47-36_p0026_s165_b3,21,36
19-07-2024_15-55-05_p0040_s80_b1,51,26
07-02-2025_16-42-34_p0046_s187_b3,57,16
03-05-2024_08-38-18_p0030_s31_b1,34,31
08-10-2024_15-42-40_p0049_sP05_b2,20,31
07-02-2025_16-31-45_p0046,94,16
18-01-2025_12-40-11_p0064_s168_b3,28,32
25-03-2025_18-41-04_p0079,54,17
28-06-2024_15-27-00_p0035_s249_b4,13,20
19-02-2025_10-57-09_p0074,25,51
26-08-2024_15-38-04_p0019_s56_b1,20,33
22-02-2024_10-39-49_p0017_s162_b3,75,53
12-12-2024_16-13-37_p0057_s143_b2,85,20
17-09-2024_14-31-48_p0048_s7_b1,10,19
13-11-2024_17-36-45_p0051_s236_b4,44,17
15-02-2025_11-24-05_p0065,36,5
13-02-2025_18-15-03_p0070,45,38
15-05-2024_16-49-58_p0032,26,14
20-05-2024_11-35-23_p0034_s35_b1,52,33
10-01-2025_15-47-40_p0063_s239_b4,26,43
13-12-2024_15-57-32_p0054_s149_b2,40,19
04-09-2024_16-09-06_p0044_s48_b1,125,3
21-12-2024_10-03-27_p0061_s7_b1,24,23
11-03-2025_16-12-20_p0073_s77_b1,26,65
23-05-2024_14-41-51_p0035_s160_b3,44,38
19-07-2024_15-46-06_p0040_s64_b1,123,10
05-02-2025_17-26-31_p0072_s190_b3,58,12
03-10-2024_14-41-58_p0050,0,25
05-09-2024_14-53-12_p0047_s33_b1,91,15
04-02-2025_16-26-21_p0066_s86_b2,46,25
29-04-2024_16-49-48_p0024_s43_b1,21,46
10-05-2024_16-25-37_p0033_s8_b1,16,11
17-02-2025_17-06-48_p0071_s20_b1,99,33
17-08-2024_11-02-02_p0043,58,24
06-08-2024_16-29-31_p0039_s42_b1,49,23
01-02-2025_14-24-18_p0064_s48_b1,78,29
08-07-2024_11-48-14_p0040_s213_b4,20,9
08-11-2024_16-05-19_p0053_s125_b2,41,52
19-03-2024_15-20-21_p0022_s124_b2,103,36
21-01-2025_14-42-52_p0065_s215_b4,16,16
21-02-2024_11-51-32_p0013_s54_b1,40,51
28-06-2024_14-09-44_p0035_s10_b1,25,48
28-08-2024_16-18-54_p0038_s157_b2,67,14
28-11-2024_15-54-59_p0055_s126_b2,78,59
10-12-2024_17-36-44_p0056_s63_b1,69,42
17-06-2024_14-57-27_p0019_s98_b2,24,21
21-11-2024_15-47-10_p0055,16,31
05-12-2024_16-26-35_p0055_s80_b1,88,29
07-01-2025_14-12-42_p0062_s60_b1,74,56
10-09-2024_17-13-52_p0045_s181_b3,45,21
23-07-2024_16-31-20_p0039_s134_b2,50,20
20-03-2025_16-21-03_p0078_s144_b2,71,31
05-12-2024_15-39-57_p0055_s7_b1,32,28
26-08-2024_15-19-55_p0019_s14_b1,46,28
23-04-2024_14-58-49_p0026_s3_b1,36,61
13-03-2024_14-55-11_p0014_s94_b2,45,58
11-02-2025_19-18-26_p0069,12,18
04-10-2024_15-24-54_p0050_s149_b2,47,10
10-09-2024_16-59-18_p0045,24,18
06-02-2025_14-59-14_p0068,41,35
28-08-2024_15-52-55_p0038,50,6
04-09-2024_15-53-40_p0044_s20_b1,103,23
12-03-2024_14-47-32_p0022_s76_b1,60,54
20-02-2024_16-26-38_p0015_s228_b4,21,22
12-12-2024_15-27-07_p0057_s85_b2,26,27
22-01-2024_16-41-43_p9,12,3
08-11-2024_14-26-40_p0052_s7_b1,57,96
08-05-2024_16-20-09_p0033,90,72
19-11-2024_16-22-26_p0054_s193_b3,37,31
12-12-2024_19-47-30_p0058_s157_b2,72,17
14-03-2025_16-54-29_p0077_s276_b4,50,21
13-11-2024_17-43-03_p0051_s248_b4,17,1
30-08-2024_15-36-55_p0046_s112_b2,34,17
26-08-2024_16-23-50_p0019,59,30
15-02-2025_10-18-29_p0065_s68_b1,115,40
12-06-2024_16-33-30_p0038_s175_b3,95,21
23-11-2024_09-49-00_p0053_s171_b3,43,18
11-05-2024_10-11-22_p0034_s241_b3,91,32
30-08-2024_15-31-47_p0046_s102_b2,11,25
27-11-2024_15-17-48_p0054_s229_b4,20,28
14-12-2024_12-09-58_p0059_s150_b2,28,18
14-03-2025_17-18-59_p0077_s25_b1,66,16
11-03-2025_16-07-27_p0073_s66_b1,44,32
25-03-2024_16-30-46_p0020_s134_b2,4,12
03-09-2024_15-01-10_p0048_s181_b3,33,17
21-08-2024_14-25-27_p0044_s168_b3,35,7
17-02-2025_18-07-08_p0071_s223_b4,35,21
30-10-2024_14-51-35_p0052,9,15
19-06-2024_15-28-50_p0023_s181_b3,38,43
23-04-2024_11-43-03_p0024_s265_b4,15,27
12-02-2025_17-11-46_p0072,56,21
27-03-2024_15-29-15_p0015_s136_b2,23,19
22-02-2024_11-49-17_p0017_s255_b4,2,31
15-02-2025_12-26-15_p0070,34,1
26-11-2024_16-17-51_p0056,36,50
25-03-2024_15-47-54_p0020_s255_b4,28,71
08-05-2024_15-19-25_p0033_s164_b3,55,81
08-04-2024_15-29-13_p0021_s89_b2,26,66
07-02-2025_16-21-38_p0046_s167_b3,30,15
19-12-2024_16-04-04_p0062_s183_b3,24,36
11-03-2024_16-25-17_p0020_s168_b3,10,68
03-05-2024_18-58-44_p0031_s197_b3,16,13
20-05-2024_15-59-08_p0023_s146_b2,19,6
05-09-2024_16-00-41_p0047_s233_b4,27,31
13-02-2025_18-52-53_p0070_s190_b3,52,33
19-07-2024_14-30-18_p0040,30,20
03-04-2025_14-08-56_p0080_s155_b2,34,2
13-12-2024_14-37-35_p0054_s83_b2,25,16
01-02-2025_11-54-06_p0070_s213_b4,40,24
12-12-2024_19-03-38_p0058_s99_b2,10,39
03-10-2024_16-05-57_p0050_s243_b3,77,20
06-02-2025_13-35-29_p0067_s95_b2,20,26
10-08-2024_11-03-21_p0043_s143_b2,101,24
19-12-2024_15-48-27_p0062_s169_b3,0,27
10-05-2024_09-48-52_p0030_s240_b4,31,34
28-08-2024_14-59-07_p0038_s84_b2,81,24
16-04-2024_15-59-28_p0016_s205_b3,9,22
17-02-2025_17-20-12_p0071_s52_b1,107,28
10-05-2024_16-25-48_p0033_s9_b1,12,15
17-02-2025_17-58-26_p0071_s210_b4,56,20
27-03-2025_14-04-16_p0080,55,57
06-02-2025_15-16-51_p0068_s142_b2,50,28
13-11-2024_17-56-25_p0051_s269_b4,33,14
04-09-2024_14-30-16_p0044_s224_b4,40,32
29-04-2024_15-31-37_p0024,40,54
03-09-2024_15-40-03_p0048_s200_b3,63,26
20-03-2025_16-09-23_p0078_s123_b2,93,21
03-04-2025_14-05-36_p0080,17,11
14-03-2025_17-30-47_p0077_s60_b1,54,41
28-06-2024_14-08-21_p0035_s6_b1,28,50
14-03-2025_16-53-28_p0077_s274_b4,60,2
19-02-2025_16-33-48_p0072_s17_b1,80,16
13-05-2024_16-36-32_p0028_sP20_b3,24,9
10-01-2025_15-49-51_p0063_s246_b4,19,52
12-06-2024_09-52-00_p0036_s104_b2,98,8
15-02-2025_11-52-40_p0070_s96_b2,77,20
19-06-2024_09-58-44_p0036_s21_b1,49,20
08-06-2024_09-23-05_p0031_s214_b4,32,36
15-02-2025_11-19-49_p0065,39,10
18-04-2024_15-46-56_p0026,29,20
13-12-2024_16-25-25_p0054_s49_b1,26,24
04-10-2024_15-03-26_p0050_s138_b2,38,24
15-02-2025_12-22-32_p0070,30,11
25-03-2025_18-38-42_p0079_s192_b3,47,23
15-02-2025_09-53-42_p0065_s24_b1,71,22
05-09-2024_15-08-45_p0047_s35_b1,35,14
28-08-2024_16-48-32_p0038_s54_b1,36,21
02-05-2024_16-13-04_p0026_s269_b4,11,10
29-08-2024_16-19-08_p0045_s271_b4,59,28
13-11-2024_17-03-21_p0051_s54_b1,23,29
06-09-2024_16-00-56_p0047_s145_b2,2,25
23-11-2024_13-16-16_p0052_s113_b2,10,37
12-12-2024_16-20-27_p0057,23,11
20-03-2025_16-11-29_p0078_s128_b2,134,31
22-01-2024_17-00-21_p9,48,43
15-02-2025_12-01-59_p0070,6,18
11-05-2024_10-03-08_p0034_s198_b3,37,33
14-12-2024_12-07-33_p0059,97,8
21-02-2025_17-59-15_p0068_s20_b1,80,21
16-09-2024_16-00-33_p0045_s146_b2,46,7
30-08-2024_15-57-29_p0046_s119_b2,42,31
08-04-2024_16-29-34_p0021_s3_b1,15,35
22-02-2024_15-35-57_p0014,38,18
10-08-2024_11-10-20_p0043,27,34
12-03-2024_10-48-36_p0021_s269_b4,35,41
26-10-2024_12-32-56_p0051_s200_b3,-9,13
24-05-2024_19-10-16_p0031,42,61
20-03-2025_14-25-55_p0076_sP05_b2,80,29
08-05-2024_10-03-39_p0030_s149_b2,36,19
17-09-2024_16-16-10_p0048_s277_b4,15,14
17-08-2024_11-06-21_p0043_s254_b4,37,18
04-10-2024_15-27-17_p0050_s156_b2,25,33
08-07-2024_12-21-32_p0040_s265_b4,38,22
12-03-2024_10-31-44_p0021_s235_b4,112,31
12-03-2025_10-33-51_p0074_s270_b4,70,28
12-06-2024_15-53-08_p0038_s159_b3,45,35
05-03-2024_10-44-20_p0014_s69_b1,76,54
05-09-2024_15-32-31_p0047_s69_b1,7,19
12-03-2024_14-42-34_p0022_s64_b1,38,37
24-07-2024_14-16-05_p0041_s24_b1,86,9
25-01-2025_13-41-24_p0064_s156_b2,30,17
29-04-2024_16-40-37_p0024_s25_b1,35,36
03-05-2024_18-59-05_p0031_s198_b3,12,9
18-12-2024_09-19-38_p0061_s163_b3,98,36
10-09-2024_14-55-25_p0048_s151_b2,47,10
11-03-2025_15-56-24_p0073_s44_b1,6,27
18-06-2024_14-57-02_p0028_s89_b2,31,47
28-08-2024_09-27-13_p0044_s93_b2,53,32
01-02-2025_12-25-28_p0070_s277_b4,40,16
28-08-2024_15-50-35_p0038,16,10
12-03-2024_14-23-15_p0022_s18_b1,40,22
24-01-2025_15-53-58_p0060_s60_b1,2,47
26-02-2024_15-42-29_p0019_s229_b4,29,52
12-03-2024_14-24-34_p0022_s20_b1,97,37
10-05-2024_15-09-06_p0033_s216_b4,44,25
30-01-2025_16-13-05_p0068_s186_b3,31,19
05-06-2024_09-46-31_p0036_s211_b4,35,5
10-01-2025_15-21-03_p0062_s150_b2,38,34
17-09-2024_16-00-11_p0048_s255_b4,34,24
03-09-2024_15-48-08_p0048,42,19
17-07-2024_14-21-56_p0041_s105_b2,22,31
01-02-2025_10-42-32_p0069_s58_b1,93,9
10-02-2025_17-07-55_p0071,106,11
13-11-2024_17-59-10_p0051_s275_b4,22,13
16-09-2024_16-39-05_p0045_s17_b1,53,21
19-06-2024_11-25-55_p0036,47,37
30-04-2024_13-42-15_p0024_s147_b2,27,51
28-06-2024_15-50-17_p0035_s281_b4,7,14
21-02-2025_17-36-05_p0068_s262_b4,32,16
23-11-2024_13-00-35_p0052_sP05_b2,35,54
17-02-2025_17-03-27_p0071_s12_b1,80,25
23-07-2024_16-46-04_p0039,20,23
25-03-2025_18-33-01_p0079_s180_b3,39,17
22-02-2024_11-04-47_p0017_s181_b3,41,57
15-02-2025_11-47-05_p0070_sP05_b2,281,20
30-08-2024_15-34-03_p0046,15,16
20-05-2024_15-14-16_p0023_s86_b2,11,2
12-03-2024_10-26-42_p0021_s234_b4,31,39
10-12-2024_17-23-37_p0056_s39_b1,67,27
07-03-2024_14-15-02_p0010,24,20
19-03-2024_15-12-48_p0022_s114_b2,22,51
24-01-2024_17-35-29_p10,33,4
21-12-2024_10-39-35_p0061_s81_b1,98,39
07-03-2024_14-11-27_p0010,11,20
26-02-2025_10-18-28_p0074_s127_b2,137,29
08-04-2024_16-37-25_p0021_s15_b1,20,29
05-12-2024_16-56-14_p0055,32,34
16-05-2024_14-37-31_p0034_s114_b2,59,44
19-12-2024_15-51-40_p0062,50,28
19-07-2024_14-01-09_p0040_s109_b2,44,30
14-08-2024_16-00-22_p0038_s238_b4,38,12
13-03-2024_15-08-49_p0014_s119_b2,120,104
23-07-2024_16-48-33_p0039,30,27
12-03-2025_11-13-02_p0074_s74_b1,81,25
13-03-2024_16-11-56_p0014_s266_b4,47,23
30-10-2024_15-07-27_p0052_s186_b3,40,39
16-10-2024_16-10-33_p0049_s208_b3,32,11
07-03-2024_13-47-38_p0010_s98_b2,4,34
21-02-2025_17-14-15_p0068_s227_b4,13,28
06-05-2024_15-43-11_p0032_s255_b4,46,44
14-01-2025_15-11-44_p0060_s89_b2,8,33
12-03-2025_10-34-50_p0074_s272_b4,37,22
16-04-2024_15-23-45_p0016,6,19
07-12-2024_11-16-59_p0053_s48_b1,48,32
14-01-2025_15-21-15_p0060_s107_b2,6,36
14-02-2025_17-54-51_p0073_s97_b2,9,18
18-04-2024_15-53-44_p0026_s155_b2,21,32
13-09-2024_16-32-00_p0046_s25_b1,42,7
31-08-2024_12-58-39_p0047_s171_b3,116,59
22-01-2025_17-30-22_p0066_s184_b3,125,6
13-12-2024_16-16-22_p0054_s27_b1,57,39
18-04-2024_15-20-49_p0026_s84_b2,35,26
05-10-2024_11-11-58_p0050_s10_b1,14,13
17-02-2025_17-18-56_p0071_s49_b1,146,27
08-10-2024_16-03-39_p0049,15,2
19-12-2024_16-08-45_p0062_s190_b3,38,30
27-05-2024_16-43-09_p0032_s30_b1,35,59
30-04-2024_13-52-45_p0024_s151_b2,43,52
23-11-2024_13-18-52_p0052,13,47
29-04-2024_11-33-22_p0029_s98_b2,13,12
08-06-2024_09-50-09_p0031_s252_b4,49,42
20-05-2024_15-40-22_p0023_s118_b2,43,7
03-05-2024_08-37-35_p0030_s29_b1,40,37
07-05-2024_15-04-05_p0027_s35_b1,25,14
17-09-2024_15-53-16_p0048_s246_b4,34,10
14-03-2025_17-35-48_p0077_sP03_b1,80,28
18-04-2024_15-40-11_p0026_s136_b2,16,25
17-12-2024_16-15-53_p0060_s163_b3,18,21
18-03-2024_11-23-09_p0013_s236_b4,27,18
16-09-2024_16-52-26_p0045_s42_b1,49,23
08-06-2024_10-22-07_p0031_s9_b1,35,34
21-12-2024_10-37-07_p0061_s75_b1,26,26
08-10-2024_15-54-11_p0049_s109_b2,13,7
17-02-2025_18-32-09_p0071_s270_b4,65,21
05-12-2024_17-10-47_p0055_s250_b4,16,18
20-03-2025_15-58-15_p0078_s103_b2,54,23
03-04-2024_15-42-50_p0023_s226_b4,40,58
13-12-2024_14-46-39_p0054_s90_b2,42,24
22-02-2024_11-34-43_p0017,42,62
18-03-2024_11-38-56_p0013_s269_b4,20,16
12-06-2024_09-48-58_p0036_s97_b2,21,18
01-02-2025_14-22-17_p0064_s44_b1,92,2
17-08-2024_10-22-42_p0043_s41_b1,20,17
18-04-2024_15-26-40_p0026_s99_b2,17,31
03-05-2024_08-34-26_p0030_s21_b1,29,43
25-01-2025_12-58-14_p0064_s94_b2,42,19
13-02-2025_18-58-38_p0070,38,36
07-03-2024_14-00-42_p0010_s127_b2,20,27
19-07-2024_15-17-20_p0040_s10_b1,42,14
11-05-2024_10-10-45_p0034,55,49
08-10-2024_15-44-10_p0049,16,5
06-02-2025_14-54-34_p0068_s106_b2,35,41
25-03-2025_18-24-48_p0079,25,17
05-10-2024_11-26-36_p0050_s47_b1,38,17
14-03-2025_17-24-37_p0077_s42_b1,56,18
15-05-2024_16-03-03_p0032_s128_b2,41,40
30-09-2024_16-04-33_p0049_s268_b4,26,5
08-05-2024_15-13-35_p0033_s159_b3,56,51
13-02-2025_19-07-03_p0070_s207_b3,49,31
01-02-2025_12-12-26_p0070_s254_b4,33,23
27-03-2024_16-29-07_p0015_s73_b1,34,19
22-01-2025_17-09-01_p0066_s163_b3,110,29
01-02-2025_10-04-30_p0069_s273_b4,33,11
05-10-2024_11-23-58_p0050_s39_b1,24,11
11-03-2025_16-08-05_p0073_s67_b1,13,32
08-11-2024_14-50-39_p0052_s40_b1,40,54
14-01-2025_15-41-13_p0060_s128_b2,17,32
12-03-2025_10-14-35_p0074_s229_b4,8,26
22-04-2024_09-47-23_p0025_s241_b3,43,46
19-02-2025_16-52-32_p0072_s57_b1,36,23
13-02-2025_18-54-20_p0070_s192_b3,68,26
06-08-2024_16-27-36_p0039_s37_b1,31,29
25-01-2025_12-54-23_p0064_s88_b2,35,33
10-05-2024_16-39-54_p0033_s42_b1,23,13
21-02-2024_12-03-19_p0013_s68_b1,28,56
06-02-2025_18-42-19_p0069_s183_b3,43,32
03-05-2024_18-58-20_p0031,6,17
11-07-2024_15-45-53_p0041_s204_b3,78,19
08-04-2024_17-03-49_p0021_s81_b1,10,44
05-12-2024_16-44-56_p0055,44,18
17-06-2024_15-15-15_p0019_s122_b2,25,18
19-07-2024_14-03-20_p0040_s115_b2,10,33
06-02-2025_13-27-34_p0067_s83_b2,51,17
06-02-2025_18-55-55_p0069_s201_b3,32,27
04-10-2024_14-43-48_p0050_s113_b2,15,35
21-01-2025_15-11-12_p0065_s252_b4,87,29
12-02-2025_17-00-03_p0072_s133_b2,83,26
17-08-2024_10-57-48_p0043_s234_b4,56,22
08-05-2024_09-31-38_p0030_s91_b2,24,24
01-02-2025_10-45-25_p0069_s64_b1,111,1
02-04-2024_15-20-09_p0021,28,14
23-11-2024_09-43-59_p0053,15,24
06-02-2025_13-31-29_p0067_s87_b2,21,11
01-08-2024_16-23-37_p0042_s166_b3,75,16
13-12-2024_15-54-28_p0054,61,28
04-10-2024_15-20-54_p0050,42,28
01-02-2025_10-44-23_p0069_s62_b1,107,14
03-05-2024_08-54-54_p0030_s69_b1,43,35
19-06-2024_09-52-04_p0036_s8_b1,21,36
03-10-2024_16-06-30_p0050,27,-2
11-02-2025_19-15-24_p0069,8,12
17-08-2024_11-01-39_p0043_s240_b4,46,25
26-08-2024_15-19-01_p0019_s12_b1,108,25
22-02-2024_13-24-02_p0018_s22_b1,54,29
28-08-2024_09-39-48_p0044_s114_b2,61,34
21-02-2025_18-14-24_p0068_s50_b1,35,26
18-03-2024_11-27-35_p0013_s248_b4,21,24
11-03-2024_15-27-35_p0020_s160_b3,58,37
21-12-2024_10-38-16_p0061_s78_b1,80,37
21-11-2024_15-45-47_p0055_s193_b3,58,49
16-09-2024_14-59-42_p0045,53,21
06-02-2025_14-58-28_p0068_s116_b2,28,32
31-08-2024_12-33-49_p0047_s168_b3,36,45
13-11-2024_17-33-45_p0051_s227_b4,51,31
30-01-2024_11-12-38_p11,9,24
26-08-2024_15-21-59_p0019_s19_b1,50,38
05-02-2025_17-27-21_p0072_s191_b3,34,19
08-11-2024_16-14-02_p0053_s138_b2,18,45
13-02-2025_15-29-24_p0067_s80_b1,76,21
29-02-2024_13-48-01_p0010_s18_b1,30,60
10-02-2025_17-04-12_p0071_s187_b3,53,3
03-09-2024_14-33-48_p0048_s167_b3,27,15
10-12-2024_16-59-30_p0056_s19_b1,60,42
22-08-2024_16-50-31_p0042_s42_b1,57,28
06-02-2025_18-44-57_p0069_s187_b3,25,31
07-05-2024_14-21-14_p0027_s240_b4,27,29
07-12-2024_10-36-28_p0053,17,27
14-01-2025_16-03-26_p0060,35,30
06-11-2024_16-48-45_p0051_s126_b2,83,19
19-11-2024_15-42-05_p0054_s166_b3,37,23
24-03-2025_17-33-48_p0076_s18_b1,46,14
22-04-2024_09-08-39_p0025,24,59
30-01-2024_14-12-08_p12,10,30
16-04-2024_10-47-59_p0025_s257_b4,23,46
21-11-2024_15-30-23_p0055_s176_b3,29,63
01-02-2025_10-41-06_p0069_s57_b1,48,24
16-10-2024_15-16-08_p0049,37,20
08-11-2024_14-43-17_p0052_s36_b1,67,65
04-09-2024_14-59-44_p0044_s278_b4,42,27
24-04-2024_15-48-24_p0027_s182_b3,89,59
28-08-2024_09-52-21_p0044_s130_b2,73,33
22-02-2024_15-44-22_p0014_s193_b3,37,38
06-02-2025_15-18-39_p0068_s145_b2,55,29
11-02-2025_17-19-56_p0066,47,19
03-04-2025_13-47-34_p0080_sP07_b2,33,24
24-01-2025_15-12-32_p0060_s265_b4,21,33
15-05-2024_16-54-53_p0032_s156_b2,22,28
10-08-2024_10-59-13_p0043_s133_b2,84,23
08-11-2024_15-16-38_p0052_s77_b1,27,46
15-02-2025_11-51-47_p0070_s93_b2,26,11
14-12-2024_10-45-55_p0059_s92_b2,34,12
26-02-2024_16-04-50_p0019_s260_b4,33,26
19-03-2024_14-56-17_p0022_s87_b2,18,53
17-09-2024_15-07-16_p0048_s70_b1,20,21
05-06-2024_09-42-19_p0036_s209_b4,53,19
16-04-2024_15-38-22_p0016_s178_b3,4,27
12-03-2024_14-40-58_p0022_s61_b1,13,40
20-12-2024_14-49-32_p0061_s124_b2,64,34
21-02-2024_15-56-52_p0016_s147_b2,-2,18
16-10-2024_16-20-33_p0049_s244_b3,34,16
05-06-2024_15-45-27_p0037_s283_b4,23,26
20-05-2024_12-33-19_p0034_s270_b4,58,37
23-04-2024_15-29-52_p0026_s65_b1,25,55
24-03-2025_17-18-17_p0076_s268_b4,54,21
20-03-2025_14-33-53_p0076_s104_b2,24,35
30-01-2024_11-18-05_p11,3,56
12-12-2024_19-36-45_p0058,26,18
22-02-2024_11-44-51_p0017_s239_b4,41,51
25-01-2025_13-21-08_p0064_s138_b2,57,13
07-05-2024_15-19-37_p0027_s76_b1,16,9
21-02-2025_17-13-51_p0068_s226_b4,23,28
13-05-2024_16-22-40_p0028,15,16
18-04-2024_10-26-17_p0025_s47_b1,21,27
23-04-2024_15-08-03_p0026_s17_b1,47,58
27-02-2025_14-35-13_p0073_s207_b3,10,19
04-09-2024_14-38-11_p0044_s240_b4,50,25
30-10-2024_15-02-05_p0052,14,26
24-01-2025_15-21-43_p0060_s279_b4,16,43
15-02-2025_10-08-36_p0065_s52_b1,91,23
27-03-2024_16-08-06_p0015_s24_b1,25,26
28-08-2024_09-23-48_p0044_s88_b2,57,16
03-12-2024_15-03-11_p0056,117,48
13-02-2025_14-59-51_p0067_s31_b1,40,29
28-01-2025_14-05-40_p0067,36,18
08-08-2024_14-41-22_p0042,28,28
01-02-2025_12-06-25_p0070_s237_b4,40,20
29-02-2024_13-50-53_p0010_s25_b1,45,40
13-11-2024_16-51-42_p0051_s34_b1,6,9
06-05-2024_15-57-29_p0032_s261_b4,52,44
24-01-2025_14-35-21_p0060_s209_b4,67,39
21-08-2024_15-09-39_p0044_s243_b3,101,15
21-02-2024_11-39-31_p0013_s32_b1,20,17
08-01-2025_14-56-14_p0063,9,38
03-09-2024_14-21-25_p0048_s160_b3,34,18
13-09-2024_16-51-05_p0046_s69_b1,14,14
11-07-2024_15-16-10_p0041,24,30
08-11-2024_16-01-28_p0053_s121_b2,39,42
28-01-2025_13-53-17_p0067_sP14_b3,42,23
06-09-2024_16-00-29_p0047_s144_b2,20,25
08-05-2024_10-01-25_p0030,39,30
21-02-2024_15-16-19_p0016_s82_b2,28,11
07-02-2025_16-57-05_p0046,125,13
28-03-2025_15-34-56_p0081_s107_b2,101,40
21-11-2024_15-06-37_p0055_s164_b3,35,42
05-12-2024_16-24-19_p0055_s74_b1,49,31
20-12-2024_14-36-27_p0061_s108_b2,52,35
24-04-2024_15-33-33_p0027,32,65
14-08-2024_16-08-49_p0038_s251_b4,11,7
22-02-2024_14-05-35_p0018_s95_b2,41,20
12-12-2024_15-45-47_p0057_s108_b2,39,28
12-03-2024_14-47-18_p0022_s75_b1,36,41
20-03-2025_16-25-37_p0078,25,12
20-12-2024_14-25-55_p0061_s91_b2,39,34
16-09-2024_16-54-11_p0045_s44_b1,11,18
24-04-2024_16-20-44_p0027,47,54
17-09-2024_14-34-35_p0048_s12_b1,15,17
23-07-2024_16-26-51_p0039,69,13
25-03-2024_16-17-50_p0020_s112_b2,7,24
17-12-2024_17-17-27_p0060_s207_b3,28,15
01-08-2024_15-56-58_p0042,122,15
19-06-2024_15-51-49_p0023_s205_b3,32,33
30-08-2024_15-53-28_p0046,16,23
26-08-2024_16-16-04_p0019_s162_b3,72,26
04-09-2024_15-51-08_p0044_s15_b1,47,13
27-03-2024_16-06-21_p0015_s19_b1,22,68
30-09-2024_15-50-45_p0049_s254_b4,19,0
19-06-2024_10-42-02_p0036_s162_b3,103,40
21-12-2024_09-44-28_p0061,12,30
26-10-2024_12-16-10_p0051_sP12_b3,-11,0
21-02-2024_12-06-21_p0013_s78_b1,27,12
05-09-2024_15-37-16_p0047_s79_b1,12,7
05-09-2024_14-35-35_p0047_s5_b1,80,19
27-02-2025_14-15-03_p0073,11,11
17-08-2024_10-56-39_p0043_s231_b4,136,23
26-02-2025_10-25-59_p0074_s140_b2,47,30
12-12-2024_15-39-57_p0057_s101_b2,24,31
13-12-2024_16-23-42_p0054_s45_b1,28,27
13-02-2025_14-04-19_p0067_s262_b4,26,26
06-11-2024_17-02-44_p0051,18,10
13-02-2025_13-51-22_p0067_s235_b4,13,43
05-10-2024_11-25-14_p0050_s43_b1,25,11
07-01-2025_16-05-23_p0063_s126_b2,66,43
19-12-2024_15-48-05_p0062_s168_b3,40,30
26-11-2024_15-37-41_p0056_s114_b2,51,28
21-02-2024_16-06-47_p0016,4,28
03-05-2024_14-22-59_p0027,45,18
13-03-2024_15-58-45_p0014,54,26
17-07-2024_14-27-31_p0041,24,31
22-02-2024_11-10-48_p0017_s194_b3,45,40
16-04-2024_10-31-53_p0025_s228_b4,22,55
20-03-2025_16-30-09_p0078,26,21
21-02-2024_11-31-54_p0013_s11_b1,34,55
26-04-2024_14-38-25_p0028_s18_b1,43,41
20-03-2025_14-30-22_p0076_s93_b2,63,22
01-02-2025_10-22-52_p0069_s18_b1,27,9
30-01-2024_14-32-41_p12,33,28
13-09-2024_16-23-20_p0046_s5_b1,25,4
25-03-2025_18-22-13_p0079_sP10_b3,35,34
16-09-2024_17-01-32_p0045_s55_b1,76,33
18-12-2024_10-01-45_p0061_s197_b3,54,31
28-08-2024_16-55-11_p0038_s66_b1,169,12
17-06-2024_15-16-02_p0019_s124_b2,20,16
05-09-2024_16-30-32_p0047,87,33
19-03-2024_15-12-20_p0022_s113_b2,35,41
26-04-2024_15-04-19_p0028_s64_b1,12,25
15-02-2025_10-56-21_p0065_s119_b2,87,22
30-01-2025_16-34-40_p0068_s243_b3,4,13
14-03-2025_16-30-31_p0077_s238_b4,49,57
17-09-2024_14-28-34_p0048_s1_b1,27,20
28-09-2024_14-03-53_p0016_s7_b1,10,12
24-04-2024_16-01-13_p0027_s195_b3,68,77
28-11-2024_15-54-27_p0055_s125_b2,82,61
03-05-2024_14-18-59_p0027_s139_b2,34,27
15-02-2025_11-23-31_p0065,40,2
18-12-2024_17-12-01_p0057_s174_b3,24,24
19-02-2025_10-47-50_p0074_s180_b3,17,49
07-01-2025_14-24-41_p0062_s76_b1,74,46
19-02-2025_16-55-39_p0072_s63_b1,114,14
16-09-2024_16-32-07_p0045_s3_b1,71,20
30-04-2024_13-47-43_p0024,40,50
17-12-2024_16-14-08_p0060_s161_b3,40,3
17-08-2024_11-16-16_p0043_s262_b4,37,22
04-09-2024_15-50-32_p0044_s14_b1,30,10
16-09-2024_15-50-00_p0045_s132_b2,26,12
24-07-2024_14-24-26_p0041_s43_b1,31,14
07-12-2024_11-30-53_p0053_s74_b1,41,26
11-02-2025_18-40-28_p0069_s95_b2,14,25
26-08-2024_15-49-45_p0019_s77_b1,27,37
03-05-2024_08-57-00_p0030_s73_b1,35,26
08-05-2024_09-56-41_p0030,39,30
15-05-2024_16-04-12_p0032_s130_b2,25,25
12-06-2024_15-51-29_p0038,149,69
06-11-2024_16-40-28_p0051_s116_b2,39,43
17-06-2024_15-17-23_p0019_s125_b2,23,29
20-05-2024_15-15-25_p0023_s87_b2,52,8
10-08-2024_11-08-09_p0043,30,18
13-12-2024_15-41-32_p0054_s142_b2,69,22
27-03-2025_15-13-44_p0078_s173_b3,76,50
21-11-2024_15-22-38_p0055,27,41
27-03-2024_16-27-54_p0015_s72_b1,14,21
01-02-2025_10-09-16_p0069_s280_b4,20,35
20-05-2024_15-18-20_p0023_s91_b2,25,15
07-03-2024_13-41-33_p0010_sP05_b2,75,33
20-03-2024_15-05-55_p0015,93,28
23-11-2024_13-37-43_p0052,17,30
11-02-2025_18-46-53_p0069_s109_b2,38,32
19-12-2024_16-00-42_p0062,70,29
07-01-2025_15-23-48_p0062_s273_b4,46,28
23-07-2024_16-20-40_p0039,37,18
15-05-2024_16-49-05_p0032,30,20
18-03-2024_11-33-25_p0013,28,20
06-02-2025_18-57-37_p0069_s203_b3,24,26
06-08-2024_16-30-39_p0039_s45_b1,95,23
04-02-2025_16-36-17_p0066_s106_b2,45,24
22-02-2024_15-43-35_p0014,34,33
11-02-2025_18-39-21_p0069_s92_b2,24,32
13-11-2024_17-38-07_p0051_s240_b4,11,34
13-12-2024_16-04-23_p0054_s2_b1,50,18
17-02-2025_18-31-34_p0071_s269_b4,68,21
29-02-2024_13-40-16_p0010_s8_b1,31,54
06-05-2024_16-04-08_p0032_s270_b4,52,23
03-04-2024_15-52-30_p0023_s240_b4,18,64
11-03-2025_19-06-17_p0075_s76_b1,64,17
14-03-2025_16-20-52_p0077_s221_b4,40,2
26-11-2024_16-09-18_p0056_s145_b2,56,42
10-01-2025_15-46-51_p0063_s237_b4,62,34
20-02-2024_16-26-57_p0015_s229_b4,5,17
11-03-2025_15-28-26_p0073_s270_b4,11,22
17-12-2024_16-31-53_p0060,8,17
13-02-2025_13-54-04_p0067_s245_b4,65,27
21-02-2024_15-25-27_p0016_s103_b2,20,20
03-04-2024_15-41-15_p0023_s224_b4,52,61
28-08-2024_15-25-01_p0038_s121_b2,160,24
19-12-2024_15-45-32_p0062,122,33
25-01-2025_13-13-37_p0064_s122_b2,73,17
05-09-2024_14-43-35_p0047_s18_b1,26,19
22-08-2024_15-28-44_p0042_s217_b4,16,32
17-08-2024_10-13-40_p0043_s25_b1,21,11
17-06-2024_15-00-54_p0019_s105_b2,34,20
22-04-2024_09-43-35_p0025,20,49
06-02-2025_13-58-23_p0067_s138_b2,73,4
12-12-2024_15-36-23_p0057_s96_b2,21,34
19-11-2024_15-51-10_p0054,33,24
