video_id,person_id,sentence_id,question,answer,prefix,video_path,date
22-01-2024_16-22-30_p9_sP09.1,9,P09.1,A dor no peito ou falta de ar piora ao fazer esforço físico?,Pergunta,22-01-2024_16-22-30,/srv/projects2/captarlibras_finep/dataset_captarlibras/raw-data/frontal-cam/22-01-2024_16-22-30_p0009_sP09.1_b3_RAW--ZED-RGB_FRONT.avi,2024-01-22 16:22:30
22-01-2024_16-23-03_p9_sP09.2,9,P09.2,Piora ao subir morro?,Pergunta,22-01-2024_16-23-03,/srv/projects2/captarlibras_finep/dataset_captarlibras/raw-data/frontal-cam/22-01-2024_16-23-03_p0009_sP09.2_b3_RAW--ZED-RGB_FRONT.avi,2024-01-22 16:23:03
22-01-2024_16-26-46_p9_sP09.1,9,P09.1,A dor no peito ou falta de ar piora ao fazer esforço físico?,Pergunta,22-01-2024_16-26-46,/srv/projects2/captarlibras_finep/dataset_captarlibras/raw-data/frontal-cam/22-01-2024_16-26-46_p0009_sP09.1_b3_RAW--ZED-RGB_FRONT.avi,2024-01-22 16:26:46
22-01-2024_16-28-36_p9_s159,9,159,Piora ao subir morro?,Não piora ao subir morro,22-01-2024_16-28-36,/srv/projects2/captarlibras_finep/dataset_captarlibras/raw-data/frontal-cam/22-01-2024_16-28-36_p0009_s159_b3_RAW--ZED-RGB_FRONT.avi,2024-01-22 16:28:36
22-01-2024_16-28-59_p9_sP09.3,9,P09.3,Piora ao andar no plano?,Pergunta,22-01-2024_16-28-59,/srv/projects2/captarlibras_finep/dataset_captarlibras/raw-data/frontal-cam/22-01-2024_16-28-59_p0009_sP09.3_b3_RAW--ZED-RGB_FRONT.avi,2024-01-22 16:28:59
22-01-2024_16-29-26_p9_s160,9,160,Piora ao andar no plano?,Piora ao andar no plano,22-01-2024_16-29-26,/srv/projects2/captarlibras_finep/dataset_captarlibras/raw-data/frontal-cam/22-01-2024_16-29-26_p0009_s160_b3_RAW--ZED-RGB_FRONT.avi,2024-01-22 16:29:26
22-01-2024_16-29-51_p9_s161,9,161,Piora ao andar no plano?,Não piora ao andar no plano,22-01-2024_16-29-51,/srv/projects2/captarlibras_finep/dataset_captarlibras/raw-data/frontal-cam/22-01-2024_16-29-51_p0009_s161_b3_RAW--ZED-RGB_FRONT.avi,2024-01-22 16:29:51
22-01-2024_16-30-35_p9_s162,9,162,Piora ao tomar banho?,Piora ao tomar banho,22-01-2024_16-30-35,/srv/projects2/captarlibras_finep/dataset_captarlibras/raw-data/frontal-cam/22-01-2024_16-30-35_p0009_s162_b3_RAW--ZED-RGB_FRONT.avi,2024-01-22 16:30:35
22-01-2024_16-31-01_p9_s163,9,163,Piora ao tomar banho?,Não piora ao tomar banho,22-01-2024_16-31-01,/srv/projects2/captarlibras_finep/dataset_captarlibras/raw-data/frontal-cam/22-01-2024_16-31-01_p0009_s163_b3_RAW--ZED-RGB_FRONT.avi,2024-01-22 16:31:01
22-01-2024_16-31-26_p9_sP09.5,9,P09.5,Piora em repouso?,Pergunta,22-01-2024_16-31-26,/srv/projects2/captarlibras_finep/dataset_captarlibras/raw-data/frontal-cam/22-01-2024_16-31-26_p0009_sP09.5_b3_RAW--ZED-RGB_FRONT.avi,2024-01-22 16:31:26
22-01-2024_16-31-47_p9_s164,9,164,Piora em repouso?,Piora em repouso,22-01-2024_16-31-47,/srv/projects2/captarlibras_finep/dataset_captarlibras/raw-data/frontal-cam/22-01-2024_16-31-47_p0009_s164_b3_RAW--ZED-RGB_FRONT.avi,2024-01-22 16:31:47
22-01-2024_16-32-46_p9_s165,9,165,Piora em repouso?,Não piora em repouso,22-01-2024_16-32-46,/srv/projects2/captarlibras_finep/dataset_captarlibras/raw-data/frontal-cam/22-01-2024_16-32-46_p0009_s165_b3_RAW--ZED-RGB_FRONT.avi,2024-01-22 16:32:46
22-01-2024_16-33-53_p9_s166,9,166,Piora ao subir escada?,Piora ao subir escada,22-01-2024_16-33-53,/srv/projects2/captarlibras_finep/dataset_captarlibras/raw-data/frontal-cam/22-01-2024_16-33-53_p0009_s166_b3_RAW--ZED-RGB_FRONT.avi,2024-01-22 16:33:53
22-01-2024_16-34-14_p9_s167,9,167,Piora ao subir escada?,Não piora ao subir escada,22-01-2024_16-34-14,/srv/projects2/captarlibras_finep/dataset_captarlibras/raw-data/frontal-cam/22-01-2024_16-34-14_p0009_s167_b3_RAW--ZED-RGB_FRONT.avi,2024-01-22 16:34:14
22-01-2024_16-34-38_p9_sP09.7,9,P09.7,A dor no peito ou falta de ar melhorou com algum medicamento?,Pergunta,22-01-2024_16-34-38,/srv/projects2/captarlibras_finep/dataset_captarlibras/raw-data/frontal-cam/22-01-2024_16-34-38_p0009_sP09.7_b3_RAW--ZED-RGB_FRONT.avi,2024-01-22 16:34:38
22-01-2024_16-35-05_p9_sP09.7,9,P09.7,A dor no peito ou falta de ar melhorou com algum medicamento?,Pergunta,22-01-2024_16-35-05,/srv/projects2/captarlibras_finep/dataset_captarlibras/raw-data/frontal-cam/22-01-2024_16-35-05_p0009_sP09.7_b3_RAW--ZED-RGB_FRONT.avi,2024-01-22 16:35:05
22-01-2024_16-35-25_p9_s168,9,168,A dor no peito ou falta de ar melhorou com algum medicamento?,Melhorou com medicamento,22-01-2024_16-35-25,/srv/projects2/captarlibras_finep/dataset_captarlibras/raw-data/frontal-cam/22-01-2024_16-35-25_p0009_s168_b3_RAW--ZED-RGB_FRONT.avi,2024-01-22 16:35:25
22-01-2024_16-35-41_p9_s169,9,169,A dor no peito ou falta de ar melhorou com algum medicamento?,Não melhorou com medicamento,22-01-2024_16-35-41,/srv/projects2/captarlibras_finep/dataset_captarlibras/raw-data/frontal-cam/22-01-2024_16-35-41_p0009_s169_b3_RAW--ZED-RGB_FRONT.avi,2024-01-22 16:35:41
22-01-2024_16-37-56_p9_sP10,9,P10,"De 1 a 10, sendo 1 uma dor muito fraca e 10 uma dor insuportável, qual é a intensidade da dor?",Pergunta,22-01-2024_16-37-56,/srv/projects2/captarlibras_finep/dataset_captarlibras/raw-data/frontal-cam/22-01-2024_16-37-56_p0009_sP10_b3_RAW--ZED-RGB_FRONT.avi,2024-01-22 16:37:56
22-01-2024_16-45-18_p9_sP11.1,9,P11.1,Foi um episódio de dor ou mais episódios?,Pergunta,22-01-2024_16-45-18,/srv/projects2/captarlibras_finep/dataset_captarlibras/raw-data/frontal-cam/22-01-2024_16-45-18_p0009_sP11.1_b3_RAW--ZED-RGB_FRONT.avi,2024-01-22 16:45:18
22-01-2024_16-47-38_p9_s173,9,173,Foi um episódio de dor ou mais episódios?,Constante,22-01-2024_16-47-38,/srv/projects2/captarlibras_finep/dataset_captarlibras/raw-data/frontal-cam/22-01-2024_16-47-38_p0009_s173_b3_RAW--ZED-RGB_FRONT.avi,2024-01-22 16:47:38
22-01-2024_16-48-01_p9_sP11.2,9,P11.2,Qual a frequência da dor?,Pergunta,22-01-2024_16-48-01,/srv/projects2/captarlibras_finep/dataset_captarlibras/raw-data/frontal-cam/22-01-2024_16-48-01_p0009_sP11.2_b3_RAW--ZED-RGB_FRONT.avi,2024-01-22 16:48:01
22-01-2024_16-48-42_p9_s174,9,174,Qual a frequência da dor?,Três vezes ao dia,22-01-2024_16-48-42,/srv/projects2/captarlibras_finep/dataset_captarlibras/raw-data/frontal-cam/22-01-2024_16-48-42_p0009_s174_b3_RAW--ZED-RGB_FRONT.avi,2024-01-22 16:48:42
22-01-2024_16-49-05_p9_sP11.3,9,P11.3,Quando foi o primeiro episódio?,Pergunta,22-01-2024_16-49-05,/srv/projects2/captarlibras_finep/dataset_captarlibras/raw-data/frontal-cam/22-01-2024_16-49-05_p0009_sP11.3_b3_RAW--ZED-RGB_FRONT.avi,2024-01-22 16:49:05
22-01-2024_16-49-52_p9_s176,9,176,Quando foi o primeiro episódio?,Três meses,22-01-2024_16-49-52,/srv/projects2/captarlibras_finep/dataset_captarlibras/raw-data/frontal-cam/22-01-2024_16-49-52_p0009_s176_b3_RAW--ZED-RGB_FRONT.avi,2024-01-22 16:49:52
22-01-2024_16-50-10_p9_s177,9,177,Quando foi o primeiro episódio?,Um ano,22-01-2024_16-50-10,/srv/projects2/captarlibras_finep/dataset_captarlibras/raw-data/frontal-cam/22-01-2024_16-50-10_p0009_s177_b3_RAW--ZED-RGB_FRONT.avi,2024-01-22 16:50:10
22-01-2024_16-50-32_p9_s178,9,178,Quando foi o primeiro episódio?,Cinco anos,22-01-2024_16-50-32,/srv/projects2/captarlibras_finep/dataset_captarlibras/raw-data/frontal-cam/22-01-2024_16-50-32_p0009_s178_b3_RAW--ZED-RGB_FRONT.avi,2024-01-22 16:50:32
22-01-2024_16-51-19_p9_sP11.4,9,P11.4,"Como foi a evolução da dor ao longo do tempo, aumentou ou diminuiu de intensidade?",Pergunta,22-01-2024_16-51-19,/srv/projects2/captarlibras_finep/dataset_captarlibras/raw-data/frontal-cam/22-01-2024_16-51-19_p0009_sP11.4_b3_RAW--ZED-RGB_FRONT.avi,2024-01-22 16:51:19
22-01-2024_16-51-52_p9_sP11.5,9,P11.5,Houve aumento da duração da dor?,Pergunta,22-01-2024_16-51-52,/srv/projects2/captarlibras_finep/dataset_captarlibras/raw-data/frontal-cam/22-01-2024_16-51-52_p0009_sP11.5_b3_RAW--ZED-RGB_FRONT.avi,2024-01-22 16:51:52
22-01-2024_16-52-36_p9_sP12,9,P12,A dor tem uma localização fixa ou se espalha para algum lugar?,Pergunta,22-01-2024_16-52-36,/srv/projects2/captarlibras_finep/dataset_captarlibras/raw-data/frontal-cam/22-01-2024_16-52-36_p0009_sP12_b3_RAW--ZED-RGB_FRONT.avi,2024-01-22 16:52:36
22-01-2024_16-54-26_p9_s182,9,182,A dor tem uma localização fixa ou se espalha para algum lugar?,A dor irradia para a mandíbula,22-01-2024_16-54-26,/srv/projects2/captarlibras_finep/dataset_captarlibras/raw-data/frontal-cam/22-01-2024_16-54-26_p0009_s182_b3_RAW--ZED-RGB_FRONT.avi,2024-01-22 16:54:26
22-01-2024_16-56-31_p9_s183,9,183,A dor tem uma localização fixa ou se espalha para algum lugar?,A dor irradia para o ombro,22-01-2024_16-56-31,/srv/projects2/captarlibras_finep/dataset_captarlibras/raw-data/frontal-cam/22-01-2024_16-56-31_p0009_s183_b3_RAW--ZED-RGB_FRONT.avi,2024-01-22 16:56:31
22-01-2024_16-57-43_p9_s184,9,184,A dor tem uma localização fixa ou se espalha para algum lugar?,A dor irradia para o braço,22-01-2024_16-57-43,/srv/projects2/captarlibras_finep/dataset_captarlibras/raw-data/frontal-cam/22-01-2024_16-57-43_p0009_s184_b3_RAW--ZED-RGB_FRONT.avi,2024-01-22 16:57:43
22-01-2024_16-58-25_p9_s185,9,185,A dor tem uma localização fixa ou se espalha para algum lugar?,A dor irradia para a barriga,22-01-2024_16-58-25,/srv/projects2/captarlibras_finep/dataset_captarlibras/raw-data/frontal-cam/22-01-2024_16-58-25_p0009_s185_b3_RAW--ZED-RGB_FRONT.avi,2024-01-22 16:58:25
22-01-2024_16-59-00_p9_s186,9,186,A dor tem uma localização fixa ou se espalha para algum lugar?,A dor irradia para as costas,22-01-2024_16-59-00,/srv/projects2/captarlibras_finep/dataset_captarlibras/raw-data/frontal-cam/22-01-2024_16-59-00_p0009_s186_b3_RAW--ZED-RGB_FRONT.avi,2024-01-22 16:59:00
22-01-2024_17-00-43_p9_s188,9,188,A dor tem uma localização fixa ou se espalha para algum lugar?,A dor irradia para a coxa,22-01-2024_17-00-43,/srv/projects2/captarlibras_finep/dataset_captarlibras/raw-data/frontal-cam/22-01-2024_17-00-43_p0009_s188_b3_RAW--ZED-RGB_FRONT.avi,2024-01-22 17:00:43
22-01-2024_17-02-41_p9_s188,9,188,A dor tem uma localização fixa ou se espalha para algum lugar?,A dor irradia para a coxa,22-01-2024_17-02-41,/srv/projects2/captarlibras_finep/dataset_captarlibras/raw-data/frontal-cam/22-01-2024_17-02-41_p0009_s188_b3_RAW--ZED-RGB_FRONT.avi,2024-01-22 17:02:41
22-01-2024_17-03-30_p9_s189,9,189,A dor tem uma localização fixa ou se espalha para algum lugar?,A dor irradia para a perna,22-01-2024_17-03-30,/srv/projects2/captarlibras_finep/dataset_captarlibras/raw-data/frontal-cam/22-01-2024_17-03-30_p0009_s189_b3_RAW--ZED-RGB_FRONT.avi,2024-01-22 17:03:30
22-01-2024_17-05-05_p9_sP13.1,9,P13.1,A dor piora quando aperta?,Pergunta,22-01-2024_17-05-05,/srv/projects2/captarlibras_finep/dataset_captarlibras/raw-data/frontal-cam/22-01-2024_17-05-05_p0009_sP13.1_b3_RAW--ZED-RGB_FRONT.avi,2024-01-22 17:05:05
22-01-2024_17-06-29_p9_s190,9,190,A dor piora quando aperta?,Piora quando aperta,22-01-2024_17-06-29,/srv/projects2/captarlibras_finep/dataset_captarlibras/raw-data/frontal-cam/22-01-2024_17-06-29_p0009_s190_b3_RAW--ZED-RGB_FRONT.avi,2024-01-22 17:06:29
22-01-2024_17-07-19_p9_s191,9,191,A dor piora quando aperta?,Não piora quando aperta,22-01-2024_17-07-19,/srv/projects2/captarlibras_finep/dataset_captarlibras/raw-data/frontal-cam/22-01-2024_17-07-19_p0009_s191_b3_RAW--ZED-RGB_FRONT.avi,2024-01-22 17:07:19
22-01-2024_17-08-03_p9_sP13.2,9,P13.2,A dor piora quando muda a posição do corpo?,Pergunta,22-01-2024_17-08-03,/srv/projects2/captarlibras_finep/dataset_captarlibras/raw-data/frontal-cam/22-01-2024_17-08-03_p0009_sP13.2_b3_RAW--ZED-RGB_FRONT.avi,2024-01-22 17:08:03
22-01-2024_17-09-58_p9_s192,9,192,A dor piora quando muda a posição do corpo?,Piora quando muda a posição do corpo,22-01-2024_17-09-58,/srv/projects2/captarlibras_finep/dataset_captarlibras/raw-data/frontal-cam/22-01-2024_17-09-58_p0009_s192_b3_RAW--ZED-RGB_FRONT.avi,2024-01-22 17:09:58
22-01-2024_17-10-29_p9_s193,9,193,A dor piora quando muda a posição do corpo?,Não piora quando muda a posição do corpo,22-01-2024_17-10-29,/srv/projects2/captarlibras_finep/dataset_captarlibras/raw-data/frontal-cam/22-01-2024_17-10-29_p0009_s193_b3_RAW--ZED-RGB_FRONT.avi,2024-01-22 17:10:29
22-01-2024_17-11-29_p9_sP14,9,P14,"Tem dor, febre, calafrios, espirro ou secreção nasal?",Pergunta,22-01-2024_17-11-29,/srv/projects2/captarlibras_finep/dataset_captarlibras/raw-data/frontal-cam/22-01-2024_17-11-29_p0009_sP14_b3_RAW--ZED-RGB_FRONT.avi,2024-01-22 17:11:29
22-01-2024_17-13-16_p9_s194,9,194,Como é a tosse?,Tosse seca,22-01-2024_17-13-16,/srv/projects2/captarlibras_finep/dataset_captarlibras/raw-data/frontal-cam/22-01-2024_17-13-16_p0009_s194_b3_RAW--ZED-RGB_FRONT.avi,2024-01-22 17:13:16
22-01-2024_17-15-08_p9_sP15.3,9,P15.3,Tosse é com ou sem catarro?,Pergunta,22-01-2024_17-15-08,/srv/projects2/captarlibras_finep/dataset_captarlibras/raw-data/frontal-cam/22-01-2024_17-15-08_p0009_sP15.3_b3_RAW--ZED-RGB_FRONT.avi,2024-01-22 17:15:08
22-01-2024_17-15-46_p9_s195,9,195,Tosse é com ou sem catarro?,Tosse sem catarro,22-01-2024_17-15-46,/srv/projects2/captarlibras_finep/dataset_captarlibras/raw-data/frontal-cam/22-01-2024_17-15-46_p0009_s195_b3_RAW--ZED-RGB_FRONT.avi,2024-01-22 17:15:46
22-01-2024_17-16-24_p9_s196,9,196,Tosse é com ou sem catarro?,Tosse com catarro,22-01-2024_17-16-24,/srv/projects2/captarlibras_finep/dataset_captarlibras/raw-data/frontal-cam/22-01-2024_17-16-24_p0009_s196_b3_RAW--ZED-RGB_FRONT.avi,2024-01-22 17:16:24
22-01-2024_17-17-38_p9_sP15.4,9,P15.4,Qual cor é o catarro?,Pergunta,22-01-2024_17-17-38,/srv/projects2/captarlibras_finep/dataset_captarlibras/raw-data/frontal-cam/22-01-2024_17-17-38_p0009_sP15.4_b3_RAW--ZED-RGB_FRONT.avi,2024-01-22 17:17:38
22-01-2024_17-20-26_p9_s202,9,202,Qual cor é o catarro?,Catarro com raias de sangue,22-01-2024_17-20-26,/srv/projects2/captarlibras_finep/dataset_captarlibras/raw-data/frontal-cam/22-01-2024_17-20-26_p0009_s202_b3_RAW--ZED-RGB_FRONT.avi,2024-01-22 17:20:26
22-01-2024_17-21-04_p9_sP16,9,P16,"Se não há espirro e tosse, sente ardor para urinar?",Pergunta,22-01-2024_17-21-04,/srv/projects2/captarlibras_finep/dataset_captarlibras/raw-data/frontal-cam/22-01-2024_17-21-04_p0009_sP16_b3_RAW--ZED-RGB_FRONT.avi,2024-01-22 17:21:04
22-01-2024_17-24-02_p9_s203,9,203,Você vacinou para covid-19?,Não vacinei pra covid-19,22-01-2024_17-24-02,/srv/projects2/captarlibras_finep/dataset_captarlibras/raw-data/frontal-cam/22-01-2024_17-24-02_p0009_s203_b3_RAW--ZED-RGB_FRONT.avi,2024-01-22 17:24:02
22-01-2024_17-25-18_p9_sP17.2,9,P17.2,Quantas doses?,Pergunta,22-01-2024_17-25-18,/srv/projects2/captarlibras_finep/dataset_captarlibras/raw-data/frontal-cam/22-01-2024_17-25-18_p0009_sP17.2_b3_RAW--ZED-RGB_FRONT.avi,2024-01-22 17:25:18
22-01-2024_17-25-38_p9_s204,9,204,Quantas doses?,Duas doses,22-01-2024_17-25-38,/srv/projects2/captarlibras_finep/dataset_captarlibras/raw-data/frontal-cam/22-01-2024_17-25-38_p0009_s204_b3_RAW--ZED-RGB_FRONT.avi,2024-01-22 17:25:38
22-01-2024_17-26-01_p9_s205,9,205,Quantas doses?,Três doses,22-01-2024_17-26-01,/srv/projects2/captarlibras_finep/dataset_captarlibras/raw-data/frontal-cam/22-01-2024_17-26-01_p0009_s205_b3_RAW--ZED-RGB_FRONT.avi,2024-01-22 17:26:01
22-01-2024_17-27-13_p9_s206,9,206,Quantas doses?,Quatro doses,22-01-2024_17-27-13,/srv/projects2/captarlibras_finep/dataset_captarlibras/raw-data/frontal-cam/22-01-2024_17-27-13_p0009_s206_b3_RAW--ZED-RGB_FRONT.avi,2024-01-22 17:27:13
22-01-2024_17-27-55_p9_sP17.3,9,P17.3,Você vacinou para gripe?,Pergunta,22-01-2024_17-27-55,/srv/projects2/captarlibras_finep/dataset_captarlibras/raw-data/frontal-cam/22-01-2024_17-27-55_p0009_sP17.3_b3_RAW--ZED-RGB_FRONT.avi,2024-01-22 17:27:55
22-01-2024_17-28-29_p9_s207,9,207,Você vacinou para gripe?,Não vacinei pra gripe,22-01-2024_17-28-29,/srv/projects2/captarlibras_finep/dataset_captarlibras/raw-data/frontal-cam/22-01-2024_17-28-29_p0009_s207_b3_RAW--ZED-RGB_FRONT.avi,2024-01-22 17:28:29
22-01-2024_17-29-55_p9_sP17.4,9,P17.4,Trouxe cartão de vacina?,Pergunta,22-01-2024_17-29-55,/srv/projects2/captarlibras_finep/dataset_captarlibras/raw-data/frontal-cam/22-01-2024_17-29-55_p0009_sP17.4_b3_RAW--ZED-RGB_FRONT.avi,2024-01-22 17:29:55
22-01-2024_17-32-31_p9_s208,9,208,Trouxe cartão de vacina?,Não trouxe cartão de vacina,22-01-2024_17-32-31,/srv/projects2/captarlibras_finep/dataset_captarlibras/raw-data/frontal-cam/22-01-2024_17-32-31_p0009_s208_b3_RAW--ZED-RGB_FRONT.avi,2024-01-22 17:32:31
22-01-2024_17-34-18_p9_s208,9,208,Trouxe cartão de vacina?,Não trouxe cartão de vacina,22-01-2024_17-34-18,/srv/projects2/captarlibras_finep/dataset_captarlibras/raw-data/frontal-cam/22-01-2024_17-34-18_p0009_s208_b3_RAW--ZED-RGB_FRONT.avi,2024-01-22 17:34:18
22-01-2024_17-36-13_p9_sP20,9,P20,Você trouxe algum relatório médico?,Pergunta,22-01-2024_17-36-13,/srv/projects2/captarlibras_finep/dataset_captarlibras/raw-data/frontal-cam/22-01-2024_17-36-13_p0009_sP20_b3_RAW--ZED-RGB_FRONT.avi,2024-01-22 17:36:13
22-01-2024_17-37-00_p9_sP21.1,9,P21.1,Você trouxe receita médica?,Pergunta,22-01-2024_17-37-00,/srv/projects2/captarlibras_finep/dataset_captarlibras/raw-data/frontal-cam/22-01-2024_17-37-00_p0009_sP21.1_b3_RAW--ZED-RGB_FRONT.avi,2024-01-22 17:37:00
22-01-2024_17-41-50_p9_sP21.2,9,P21.2,Está usando algum medicamento?,Pergunta,22-01-2024_17-41-50,/srv/projects2/captarlibras_finep/dataset_captarlibras/raw-data/frontal-cam/22-01-2024_17-41-50_p0009_sP21.2_b3_RAW--ZED-RGB_FRONT.avi,2024-01-22 17:41:50
22-01-2024_17-43-56_p9_s243,9,243,Está usando algum medicamento?,Não uso medicamento,22-01-2024_17-43-56,/srv/projects2/captarlibras_finep/dataset_captarlibras/raw-data/frontal-cam/22-01-2024_17-43-56_p0009_s243_b3_RAW--ZED-RGB_FRONT.avi,2024-01-22 17:43:56
24-01-2024_16-59-37_p10_s209,10,209,Está enjoado ou com vômitos?,Não estou com vontade de vomitar,24-01-2024_16-59-37,/srv/projects2/captarlibras_finep/dataset_captarlibras/raw-data/frontal-cam/24-01-2024_16-59-37_p0010_s209_b4_RAW--ZED-RGB_FRONT.avi,2024-01-24 16:59:37
24-01-2024_16-59-59_p10_sP18.2,10,P18.2,Está com diarreia?,Pergunta,24-01-2024_16-59-59,/srv/projects2/captarlibras_finep/dataset_captarlibras/raw-data/frontal-cam/24-01-2024_16-59-59_p0010_sP18.2_b4_RAW--ZED-RGB_FRONT.avi,2024-01-24 16:59:59
24-01-2024_17-00-42_p10_sP18.3,10,P18.3,Como é a diarreia?,Pergunta,24-01-2024_17-00-42,/srv/projects2/captarlibras_finep/dataset_captarlibras/raw-data/frontal-cam/24-01-2024_17-00-42_p0010_sP18.3_b4_RAW--ZED-RGB_FRONT.avi,2024-01-24 17:00:42
24-01-2024_17-01-19_p10_s211,10,211,Como é a diarreia?,Semilíquida,24-01-2024_17-01-19,/srv/projects2/captarlibras_finep/dataset_captarlibras/raw-data/frontal-cam/24-01-2024_17-01-19_p0010_s211_b4_RAW--ZED-RGB_FRONT.avi,2024-01-24 17:01:19
24-01-2024_17-01-45_p10_s212,10,212,Como é a diarreia?,Líquida,24-01-2024_17-01-45,/srv/projects2/captarlibras_finep/dataset_captarlibras/raw-data/frontal-cam/24-01-2024_17-01-45_p0010_s212_b4_RAW--ZED-RGB_FRONT.avi,2024-01-24 17:01:45
24-01-2024_17-02-21_p10_s214,10,214,Como é a diarreia?,Brilhante,24-01-2024_17-02-21,/srv/projects2/captarlibras_finep/dataset_captarlibras/raw-data/frontal-cam/24-01-2024_17-02-21_p0010_s214_b4_RAW--ZED-RGB_FRONT.avi,2024-01-24 17:02:21
24-01-2024_17-03-14_p10_s216,10,216,Como é a diarreia?,Explosiva,24-01-2024_17-03-14,/srv/projects2/captarlibras_finep/dataset_captarlibras/raw-data/frontal-cam/24-01-2024_17-03-14_p0010_s216_b4_RAW--ZED-RGB_FRONT.avi,2024-01-24 17:03:14
24-01-2024_17-04-24_p10_sP18.4,10,P18.4,"Tem sangue, muco ou pus?",Pergunta,24-01-2024_17-04-24,/srv/projects2/captarlibras_finep/dataset_captarlibras/raw-data/frontal-cam/24-01-2024_17-04-24_p0010_sP18.4_b4_RAW--ZED-RGB_FRONT.avi,2024-01-24 17:04:24
24-01-2024_17-05-54_p10_s220,10,220,Como é a diarreia?,Com muco,24-01-2024_17-05-54,/srv/projects2/captarlibras_finep/dataset_captarlibras/raw-data/frontal-cam/24-01-2024_17-05-54_p0010_s220_b4_RAW--ZED-RGB_FRONT.avi,2024-01-24 17:05:54
24-01-2024_17-06-30_p10_s221,10,221,Como é a diarreia?,Com pus,24-01-2024_17-06-30,/srv/projects2/captarlibras_finep/dataset_captarlibras/raw-data/frontal-cam/24-01-2024_17-06-30_p0010_s221_b4_RAW--ZED-RGB_FRONT.avi,2024-01-24 17:06:30
24-01-2024_17-07-40_p10_sP18.4,10,P18.4,"Tem sangue, muco ou pus?",Pergunta,24-01-2024_17-07-40,/srv/projects2/captarlibras_finep/dataset_captarlibras/raw-data/frontal-cam/24-01-2024_17-07-40_p0010_sP18.4_b4_RAW--ZED-RGB_FRONT.avi,2024-01-24 17:07:40
24-01-2024_17-08-15_p10_sP18.5,10,P18.5,Sente dor na barriga?,Pergunta,24-01-2024_17-08-15,/srv/projects2/captarlibras_finep/dataset_captarlibras/raw-data/frontal-cam/24-01-2024_17-08-15_p0010_sP18.5_b4_RAW--ZED-RGB_FRONT.avi,2024-01-24 17:08:15
24-01-2024_17-08-33_p10_s222,10,222,Sente dor na barriga?,Não sinto dor na barriga,24-01-2024_17-08-33,/srv/projects2/captarlibras_finep/dataset_captarlibras/raw-data/frontal-cam/24-01-2024_17-08-33_p0010_s222_b4_RAW--ZED-RGB_FRONT.avi,2024-01-24 17:08:33
24-01-2024_17-08-57_p10_sP19.1,10,P19.1,Você faz tratamento para alguma doença? Qual?,Pergunta,24-01-2024_17-08-57,/srv/projects2/captarlibras_finep/dataset_captarlibras/raw-data/frontal-cam/24-01-2024_17-08-57_p0010_sP19.1_b4_RAW--ZED-RGB_FRONT.avi,2024-01-24 17:08:57
24-01-2024_17-09-33_p10_s224,10,224,Você faz tratamento para alguma doença? Qual?,Infarto,24-01-2024_17-09-33,/srv/projects2/captarlibras_finep/dataset_captarlibras/raw-data/frontal-cam/24-01-2024_17-09-33_p0010_s224_b4_RAW--ZED-RGB_FRONT.avi,2024-01-24 17:09:33
24-01-2024_17-09-45_p10_s225,10,225,Você faz tratamento para alguma doença? Qual?,Arritmia,24-01-2024_17-09-45,/srv/projects2/captarlibras_finep/dataset_captarlibras/raw-data/frontal-cam/24-01-2024_17-09-45_p0010_s225_b4_RAW--ZED-RGB_FRONT.avi,2024-01-24 17:09:45
24-01-2024_17-15-31_p10_s234,10,234,Você faz tratamento para alguma doença? Qual?,Tuberculose,24-01-2024_17-15-31,/srv/projects2/captarlibras_finep/dataset_captarlibras/raw-data/frontal-cam/24-01-2024_17-15-31_p0010_s234_b4_RAW--ZED-RGB_FRONT.avi,2024-01-24 17:15:31
24-01-2024_17-16-06_p10_s236,10,236,Você faz tratamento para alguma doença? Qual?,Cirrose,24-01-2024_17-16-06,/srv/projects2/captarlibras_finep/dataset_captarlibras/raw-data/frontal-cam/24-01-2024_17-16-06_p0010_s236_b4_RAW--ZED-RGB_FRONT.avi,2024-01-24 17:16:06
24-01-2024_17-16-36_p10_s238,10,238,Você faz tratamento para alguma doença? Qual?,Hipotireoidismo,24-01-2024_17-16-36,/srv/projects2/captarlibras_finep/dataset_captarlibras/raw-data/frontal-cam/24-01-2024_17-16-36_p0010_s238_b4_RAW--ZED-RGB_FRONT.avi,2024-01-24 17:16:36
24-01-2024_17-18-09_p10_sP22.1,10,P22.1,Você tem alguma alergia?,Pergunta,24-01-2024_17-18-09,/srv/projects2/captarlibras_finep/dataset_captarlibras/raw-data/frontal-cam/24-01-2024_17-18-09_p0010_sP22.1_b4_RAW--ZED-RGB_FRONT.avi,2024-01-24 17:18:09
24-01-2024_17-21-00_p10_s246,10,246,Você tem alguma alergia?,Tenho alergia a fungos,24-01-2024_17-21-00,/srv/projects2/captarlibras_finep/dataset_captarlibras/raw-data/frontal-cam/24-01-2024_17-21-00_p0010_s246_b4_RAW--ZED-RGB_FRONT.avi,2024-01-24 17:21:00
24-01-2024_17-22-17_p10_s250,10,250,Você tem alguma alergia?,Tenho alergia a picada de insetos,24-01-2024_17-22-17,/srv/projects2/captarlibras_finep/dataset_captarlibras/raw-data/frontal-cam/24-01-2024_17-22-17_p0010_s250_b4_RAW--ZED-RGB_FRONT.avi,2024-01-24 17:22:17
24-01-2024_17-24-28_p10_s254,10,254,Você tem alguma alergia?,Tenho alergia a frutos do mar,24-01-2024_17-24-28,/srv/projects2/captarlibras_finep/dataset_captarlibras/raw-data/frontal-cam/24-01-2024_17-24-28_p0010_s254_b4_RAW--ZED-RGB_FRONT.avi,2024-01-24 17:24:28
24-01-2024_17-25-00_p10_s255,10,255,Você tem alguma alergia?,Tenho alergia a trigo,24-01-2024_17-25-00,/srv/projects2/captarlibras_finep/dataset_captarlibras/raw-data/frontal-cam/24-01-2024_17-25-00_p0010_s255_b4_RAW--ZED-RGB_FRONT.avi,2024-01-24 17:25:00
24-01-2024_17-25-57_p10_sP22.2,10,P22.2,Tem alergia a algum medicamento?,Pergunta,24-01-2024_17-25-57,/srv/projects2/captarlibras_finep/dataset_captarlibras/raw-data/frontal-cam/24-01-2024_17-25-57_p0010_sP22.2_b4_RAW--ZED-RGB_FRONT.avi,2024-01-24 17:25:57
24-01-2024_17-26-20_p10_s257,10,257,Tem alergia a algum medicamento?,Não tenho alergia a nenhum medicamento,24-01-2024_17-26-20,/srv/projects2/captarlibras_finep/dataset_captarlibras/raw-data/frontal-cam/24-01-2024_17-26-20_p0010_s257_b4_RAW--ZED-RGB_FRONT.avi,2024-01-24 17:26:20
24-01-2024_17-27-11_p10_s259,10,259,Você fuma?,Fumo sim,24-01-2024_17-27-11,/srv/projects2/captarlibras_finep/dataset_captarlibras/raw-data/frontal-cam/24-01-2024_17-27-11_p0010_s259_b4_RAW--ZED-RGB_FRONT.avi,2024-01-24 17:27:11
24-01-2024_17-28-32_p10_s262,10,262,Há quanto tempo?,Dois anos,24-01-2024_17-28-32,/srv/projects2/captarlibras_finep/dataset_captarlibras/raw-data/frontal-cam/24-01-2024_17-28-32_p0010_s262_b4_RAW--ZED-RGB_FRONT.avi,2024-01-24 17:28:32
24-01-2024_17-29-01_p10_s263,10,263,Há quanto tempo?,Dez anos,24-01-2024_17-29-01,/srv/projects2/captarlibras_finep/dataset_captarlibras/raw-data/frontal-cam/24-01-2024_17-29-01_p0010_s263_b4_RAW--ZED-RGB_FRONT.avi,2024-01-24 17:29:01
24-01-2024_17-29-21_p10_sP23.3,10,P23.3,Quantos cigarros por dia?,Pergunta,24-01-2024_17-29-21,/srv/projects2/captarlibras_finep/dataset_captarlibras/raw-data/frontal-cam/24-01-2024_17-29-21_p0010_sP23.3_b4_RAW--ZED-RGB_FRONT.avi,2024-01-24 17:29:21
24-01-2024_17-29-55_p10_sP24.1,10,P24.1,Ingere bebida alcoólica?,Pergunta,24-01-2024_17-29-55,/srv/projects2/captarlibras_finep/dataset_captarlibras/raw-data/frontal-cam/24-01-2024_17-29-55_p0010_sP24.1_b4_RAW--ZED-RGB_FRONT.avi,2024-01-24 17:29:55
24-01-2024_17-34-52_p10_sP24.3,10,P24.3,Quais quantidades?,Pergunta,24-01-2024_17-34-52,/srv/projects2/captarlibras_finep/dataset_captarlibras/raw-data/frontal-cam/24-01-2024_17-34-52_p0010_sP24.3_b4_RAW--ZED-RGB_FRONT.avi,2024-01-24 17:34:52
24-01-2024_17-36-41_p10_s274,10,274,Quais quantidades?,Duas latas duas vezes na semana,24-01-2024_17-36-41,/srv/projects2/captarlibras_finep/dataset_captarlibras/raw-data/frontal-cam/24-01-2024_17-36-41_p0010_s274_b4_RAW--ZED-RGB_FRONT.avi,2024-01-24 17:36:41
24-01-2024_17-37-00_p10_s275,10,275,Quais quantidades?,Uma garrafa todo dia,24-01-2024_17-37-00,/srv/projects2/captarlibras_finep/dataset_captarlibras/raw-data/frontal-cam/24-01-2024_17-37-00_p0010_s275_b4_RAW--ZED-RGB_FRONT.avi,2024-01-24 17:37:00
24-01-2024_17-37-17_p10_s276,10,276,Quais quantidades?,Uma garrafa uma vez por semana,24-01-2024_17-37-17,/srv/projects2/captarlibras_finep/dataset_captarlibras/raw-data/frontal-cam/24-01-2024_17-37-17_p0010_s276_b4_RAW--ZED-RGB_FRONT.avi,2024-01-24 17:37:17
24-01-2024_17-37-57_p10_s277,10,277,Quais quantidades?,Duas garrafas duas vezes por semana,24-01-2024_17-37-57,/srv/projects2/captarlibras_finep/dataset_captarlibras/raw-data/frontal-cam/24-01-2024_17-37-57_p0010_s277_b4_RAW--ZED-RGB_FRONT.avi,2024-01-24 17:37:57
24-01-2024_17-38-24_p10_s278,10,278,Quais quantidades?,Uma dose todos os dias,24-01-2024_17-38-24,/srv/projects2/captarlibras_finep/dataset_captarlibras/raw-data/frontal-cam/24-01-2024_17-38-24_p0010_s278_b4_RAW--ZED-RGB_FRONT.avi,2024-01-24 17:38:24
24-01-2024_17-39-07_p10_s278,10,278,Quais quantidades?,Uma dose todos os dias,24-01-2024_17-39-07,/srv/projects2/captarlibras_finep/dataset_captarlibras/raw-data/frontal-cam/24-01-2024_17-39-07_p0010_s278_b4_RAW--ZED-RGB_FRONT.avi,2024-01-24 17:39:07
24-01-2024_17-39-24_p10_s279,10,279,Quais quantidades?,Duas doses duas vezes por semana,24-01-2024_17-39-24,/srv/projects2/captarlibras_finep/dataset_captarlibras/raw-data/frontal-cam/24-01-2024_17-39-24_p0010_s279_b4_RAW--ZED-RGB_FRONT.avi,2024-01-24 17:39:24
24-01-2024_17-40-19_p10_s280,10,280,Quais quantidades?,Uma taça de vinho uma vez na semana,24-01-2024_17-40-19,/srv/projects2/captarlibras_finep/dataset_captarlibras/raw-data/frontal-cam/24-01-2024_17-40-19_p0010_s280_b4_RAW--ZED-RGB_FRONT.avi,2024-01-24 17:40:19
24-01-2024_17-41-23_p10_s280,10,280,Quais quantidades?,Uma taça de vinho uma vez na semana,24-01-2024_17-41-23,/srv/projects2/captarlibras_finep/dataset_captarlibras/raw-data/frontal-cam/24-01-2024_17-41-23_p0010_s280_b4_RAW--ZED-RGB_FRONT.avi,2024-01-24 17:41:23
24-01-2024_17-48-06_p10_sP25.1,10,P25.1,"Você fez alguma cirurgia? Se sim, qual?",Pergunta,24-01-2024_17-48-06,/srv/projects2/captarlibras_finep/dataset_captarlibras/raw-data/frontal-cam/24-01-2024_17-48-06_p0010_sP25.1_b4_RAW--ZED-RGB_FRONT.avi,2024-01-24 17:48:06
30-01-2024_11-05-45_p11_s15,11,15,O que você está sentindo que te fez procurar o hospital?,Dor no pé,30-01-2024_11-05-45,/srv/projects2/captarlibras_finep/dataset_captarlibras/raw-data/frontal-cam/30-01-2024_11-05-45_p0011_s15_b1_RAW--ZED-RGB_FRONT.avi,2024-01-30 11:05:45
30-01-2024_11-06-02_p11_s16,11,16,O que você está sentindo que te fez procurar o hospital?,Falta de ar,30-01-2024_11-06-02,/srv/projects2/captarlibras_finep/dataset_captarlibras/raw-data/frontal-cam/30-01-2024_11-06-02_p0011_s16_b1_RAW--ZED-RGB_FRONT.avi,2024-01-30 11:06:02
30-01-2024_11-07-22_p11_s21,11,21,O que você está sentindo que te fez procurar o hospital?,Diarreia,30-01-2024_11-07-22,/srv/projects2/captarlibras_finep/dataset_captarlibras/raw-data/frontal-cam/30-01-2024_11-07-22_p0011_s21_b1_RAW--ZED-RGB_FRONT.avi,2024-01-30 11:07:22
30-01-2024_11-09-10_p11_s25,11,25,O que você está sentindo que te fez procurar o hospital?,Fezes escurecidas,30-01-2024_11-09-10,/srv/projects2/captarlibras_finep/dataset_captarlibras/raw-data/frontal-cam/30-01-2024_11-09-10_p0011_s25_b1_RAW--ZED-RGB_FRONT.avi,2024-01-30 11:09:10
30-01-2024_11-09-26_p11_s26,11,26,O que você está sentindo que te fez procurar o hospital?,Tosse,30-01-2024_11-09-26,/srv/projects2/captarlibras_finep/dataset_captarlibras/raw-data/frontal-cam/30-01-2024_11-09-26_p0011_s26_b1_RAW--ZED-RGB_FRONT.avi,2024-01-30 11:09:26
30-01-2024_11-11-17_p11_s31,11,31,O que você está sentindo que te fez procurar o hospital?,Manchas na pele,30-01-2024_11-11-17,/srv/projects2/captarlibras_finep/dataset_captarlibras/raw-data/frontal-cam/30-01-2024_11-11-17_p0011_s31_b1_RAW--ZED-RGB_FRONT.avi,2024-01-30 11:11:17
30-01-2024_11-11-34_p11_s32,11,32,O que você está sentindo que te fez procurar o hospital?,Pele com manchas vermelhas,30-01-2024_11-11-34,/srv/projects2/captarlibras_finep/dataset_captarlibras/raw-data/frontal-cam/30-01-2024_11-11-34_p0011_s32_b1_RAW--ZED-RGB_FRONT.avi,2024-01-30 11:11:34
30-01-2024_11-12-52_p11_s37,11,37,O que você está sentindo que te fez procurar o hospital?,Glicemia alterada,30-01-2024_11-12-52,/srv/projects2/captarlibras_finep/dataset_captarlibras/raw-data/frontal-cam/30-01-2024_11-12-52_p0011_s37_b1_RAW--ZED-RGB_FRONT.avi,2024-01-30 11:12:52
30-01-2024_11-13-12_p11_s38,11,38,O que você está sentindo que te fez procurar o hospital?,Tentativa de suicídio,30-01-2024_11-13-12,/srv/projects2/captarlibras_finep/dataset_captarlibras/raw-data/frontal-cam/30-01-2024_11-13-12_p0011_s38_b1_RAW--ZED-RGB_FRONT.avi,2024-01-30 11:13:12
30-01-2024_11-14-53_p11_s44,11,44,O que você está sentindo que te fez procurar o hospital?,Pressão arterial alterada,30-01-2024_11-14-53,/srv/projects2/captarlibras_finep/dataset_captarlibras/raw-data/frontal-cam/30-01-2024_11-14-53_p0011_s44_b1_RAW--ZED-RGB_FRONT.avi,2024-01-30 11:14:53
30-01-2024_11-16-07_p11_s48,11,48,O que você está sentindo que te fez procurar o hospital?,Urina solta,30-01-2024_11-16-07,/srv/projects2/captarlibras_finep/dataset_captarlibras/raw-data/frontal-cam/30-01-2024_11-16-07_p0011_s48_b1_RAW--ZED-RGB_FRONT.avi,2024-01-30 11:16:07
30-01-2024_11-16-39_p11_s50,11,50,O que você está sentindo que te fez procurar o hospital?,Urinando muito,30-01-2024_11-16-39,/srv/projects2/captarlibras_finep/dataset_captarlibras/raw-data/frontal-cam/30-01-2024_11-16-39_p0011_s50_b1_RAW--ZED-RGB_FRONT.avi,2024-01-30 11:16:39
30-01-2024_11-21-54_p11_s58,11,58,O que você está sentindo que te fez procurar o hospital?,Trauma físico,30-01-2024_11-21-54,/srv/projects2/captarlibras_finep/dataset_captarlibras/raw-data/frontal-cam/30-01-2024_11-21-54_p0011_s58.2_b1_RAW--ZED-RGB_FRONT.avi,2024-01-30 11:21:54
30-01-2024_11-22-28_p11_s60,11,60,O que você está sentindo que te fez procurar o hospital?,Agressão,30-01-2024_11-22-28,/srv/projects2/captarlibras_finep/dataset_captarlibras/raw-data/frontal-cam/30-01-2024_11-22-28_p0011_s60_b1_RAW--ZED-RGB_FRONT.avi,2024-01-30 11:22:28
30-01-2024_11-24-42_p11_s66,11,66,O que você está sentindo que te fez procurar o hospital?,Sangramento vaginal,30-01-2024_11-24-42,/srv/projects2/captarlibras_finep/dataset_captarlibras/raw-data/frontal-cam/30-01-2024_11-24-42_p0011_s66_b1_RAW--ZED-RGB_FRONT.avi,2024-01-30 11:24:42
30-01-2024_11-25-03_p11_s67,11,67,O que você está sentindo que te fez procurar o hospital?,Vômitos com sangue,30-01-2024_11-25-03,/srv/projects2/captarlibras_finep/dataset_captarlibras/raw-data/frontal-cam/30-01-2024_11-25-03_p0011_s67_b1_RAW--ZED-RGB_FRONT.avi,2024-01-30 11:25:03
30-01-2024_11-27-05_p11_sP03,11,P03,Como começou? O que você estava fazendo?,Pergunta,30-01-2024_11-27-05,/srv/projects2/captarlibras_finep/dataset_captarlibras/raw-data/frontal-cam/30-01-2024_11-27-05_p0011_sP03_b1_RAW--ZED-RGB_FRONT.avi,2024-01-30 11:27:05
30-01-2024_11-27-58_p11_s75,11,75,Como começou? O que você estava fazendo?,Tossindo,30-01-2024_11-27-58,/srv/projects2/captarlibras_finep/dataset_captarlibras/raw-data/frontal-cam/30-01-2024_11-27-58_p0011_s75_b1_RAW--ZED-RGB_FRONT.avi,2024-01-30 11:27:58
30-01-2024_11-29-11_p11_s78,11,78,Como começou? O que você estava fazendo?,Em repouso,30-01-2024_11-29-11,/srv/projects2/captarlibras_finep/dataset_captarlibras/raw-data/frontal-cam/30-01-2024_11-29-11_p0011_s78_b1_RAW--ZED-RGB_FRONT.avi,2024-01-30 11:29:11
30-01-2024_11-29-47_p11_s80,11,80,Como começou? O que você estava fazendo?,Estava mudando de posição de sentado para de pé,30-01-2024_11-29-47,/srv/projects2/captarlibras_finep/dataset_captarlibras/raw-data/frontal-cam/30-01-2024_11-29-47_p0011_s80_b1_RAW--ZED-RGB_FRONT.avi,2024-01-30 11:29:47
30-01-2024_11-30-05_p11_s81,11,81,Como começou? O que você estava fazendo?,Não me lembro,30-01-2024_11-30-05,/srv/projects2/captarlibras_finep/dataset_captarlibras/raw-data/frontal-cam/30-01-2024_11-30-05_p0011_s81_b1_RAW--ZED-RGB_FRONT.avi,2024-01-30 11:30:05
30-01-2024_14-12-22_p12_s82,12,82,Qual é o tempo de duração?,Seis horas,30-01-2024_14-12-22,/srv/projects2/captarlibras_finep/dataset_captarlibras/raw-data/frontal-cam/30-01-2024_14-12-22_p0012_s82_b2_RAW--ZED-RGB_FRONT.avi,2024-01-30 14:12:22
30-01-2024_14-13-55_p12_sP05,12,P05,Por que você procurou atendimento nesse momento? Houve piora do quadro?,Pergunta,30-01-2024_14-13-55,/srv/projects2/captarlibras_finep/dataset_captarlibras/raw-data/frontal-cam/30-01-2024_14-13-55_p0012_sP05_b2_RAW--ZED-RGB_FRONT.avi,2024-01-30 14:13:55
30-01-2024_14-15-21_p12_s90,12,90,Onde é a dor?,Dor no ouvido,30-01-2024_14-15-21,/srv/projects2/captarlibras_finep/dataset_captarlibras/raw-data/frontal-cam/30-01-2024_14-15-21_p0012_s90_b2_RAW--ZED-RGB_FRONT.avi,2024-01-30 14:15:21
30-01-2024_14-26-46_p12_s94,12,94,Onde é a dor?,Dor no ouvido direito e esquerdo,30-01-2024_14-26-46,/srv/projects2/captarlibras_finep/dataset_captarlibras/raw-data/frontal-cam/30-01-2024_14-26-46_p0012_s94.2_b2_RAW--ZED-RGB_FRONT.avi,2024-01-30 14:26:46
30-01-2024_14-28-21_p12_s98,12,98,Onde é a dor?,Dor na bexiga,30-01-2024_14-28-21,/srv/projects2/captarlibras_finep/dataset_captarlibras/raw-data/frontal-cam/30-01-2024_14-28-21_p0012_s98.1_b2_RAW--ZED-RGB_FRONT.avi,2024-01-30 14:28:21
30-01-2024_14-30-52_p12_s102,12,102,Onde é a dor?,Dor no braço direito e esquerdo,30-01-2024_14-30-52,/srv/projects2/captarlibras_finep/dataset_captarlibras/raw-data/frontal-cam/30-01-2024_14-30-52_p0012_s102_b2_RAW--ZED-RGB_FRONT.avi,2024-01-30 14:30:52
30-01-2024_14-33-13_p12_s109,12,109,Como é a dor? ,Dor lancinante,30-01-2024_14-33-13,/srv/projects2/captarlibras_finep/dataset_captarlibras/raw-data/frontal-cam/30-01-2024_14-33-13_p0012_s109_b2_RAW--ZED-RGB_FRONT.avi,2024-01-30 14:33:13
30-01-2024_14-35-11_p12_s115,12,115,Como é a dor? ,Cólica menstrual,30-01-2024_14-35-11,/srv/projects2/captarlibras_finep/dataset_captarlibras/raw-data/frontal-cam/30-01-2024_14-35-11_p0012_s115_b2_RAW--ZED-RGB_FRONT.avi,2024-01-30 14:35:11
30-01-2024_14-40-13_p12_sP06.6,12,P06.6,A dor é como se fosse um choque?,Pergunta,30-01-2024_14-40-13,/srv/projects2/captarlibras_finep/dataset_captarlibras/raw-data/frontal-cam/30-01-2024_14-40-13_p0012_sP06.6_b2_RAW--ZED-RGB_FRONT.avi,2024-01-30 14:40:13
30-01-2024_14-41-27_p12_sP07,12,P07,"Junto desse sintoma, você sente mais alguma coisa?",Pergunta,30-01-2024_14-41-27,/srv/projects2/captarlibras_finep/dataset_captarlibras/raw-data/frontal-cam/30-01-2024_14-41-27_p0012_sP07_b2_RAW--ZED-RGB_FRONT.avi,2024-01-30 14:41:27
30-01-2024_14-41-51_p12_s117,12,117,"Junto desse sintoma, você sente mais alguma coisa?",Sudorese,30-01-2024_14-41-51,/srv/projects2/captarlibras_finep/dataset_captarlibras/raw-data/frontal-cam/30-01-2024_14-41-51_p0012_s117_b2_RAW--ZED-RGB_FRONT.avi,2024-01-30 14:41:51
30-01-2024_14-42-07_p12_s118,12,118,"Junto desse sintoma, você sente mais alguma coisa?",Lacrimejamento,30-01-2024_14-42-07,/srv/projects2/captarlibras_finep/dataset_captarlibras/raw-data/frontal-cam/30-01-2024_14-42-07_p0012_s118_b2_RAW--ZED-RGB_FRONT.avi,2024-01-30 14:42:07
30-01-2024_14-42-38_p12_s120,12,120,"Junto desse sintoma, você sente mais alguma coisa?",Visão dupla,30-01-2024_14-42-38,/srv/projects2/captarlibras_finep/dataset_captarlibras/raw-data/frontal-cam/30-01-2024_14-42-38_p0012_s120_b2_RAW--ZED-RGB_FRONT.avi,2024-01-30 14:42:38
30-01-2024_14-43-08_p12_s122,12,122,"Junto desse sintoma, você sente mais alguma coisa?",Aumento da vontade de urinar,30-01-2024_14-43-08,/srv/projects2/captarlibras_finep/dataset_captarlibras/raw-data/frontal-cam/30-01-2024_14-43-08_p0012_s122_b2_RAW--ZED-RGB_FRONT.avi,2024-01-30 14:43:08
30-01-2024_14-44-08_p12_sP08.1,12,P08.1,Existe algum fator de piora?,Pergunta,30-01-2024_14-44-08,/srv/projects2/captarlibras_finep/dataset_captarlibras/raw-data/frontal-cam/30-01-2024_14-44-08_p0012_sP08.1_b2_RAW--ZED-RGB_FRONT.avi,2024-01-30 14:44:08
30-01-2024_14-44-29_p12_s125,12,125,Existe algum fator de piora?,Comer alimentos ácidos e picantes,30-01-2024_14-44-29,/srv/projects2/captarlibras_finep/dataset_captarlibras/raw-data/frontal-cam/30-01-2024_14-44-29_p0012_s125_b2_RAW--ZED-RGB_FRONT.avi,2024-01-30 14:44:29
30-01-2024_14-45-45_p12_s129,12,129,Existe algum fator de piora?,Locais com luminosidade excessiva,30-01-2024_14-45-45,/srv/projects2/captarlibras_finep/dataset_captarlibras/raw-data/frontal-cam/30-01-2024_14-45-45_p0012_s129_b2_RAW--ZED-RGB_FRONT.avi,2024-01-30 14:45:45
30-01-2024_14-54-27_p12_s142,12,142,Existe algum fator de piora?,A posição do corpo piora a dor,30-01-2024_14-54-27,/srv/projects2/captarlibras_finep/dataset_captarlibras/raw-data/frontal-cam/30-01-2024_14-54-27_p0012_s142_b2_RAW--ZED-RGB_FRONT.avi,2024-01-30 14:54:27
30-01-2024_14-54-57_p12_sP08.2,12,P08.2,Tem algum fator de melhora?,Pergunta,30-01-2024_14-54-57,/srv/projects2/captarlibras_finep/dataset_captarlibras/raw-data/frontal-cam/30-01-2024_14-54-57_p0012_sP08.2_b2_RAW--ZED-RGB_FRONT.avi,2024-01-30 14:54:57
30-01-2024_14-55-26_p12_s144,12,144,Tem algum fator de melhora?,Colocar água fria,30-01-2024_14-55-26,/srv/projects2/captarlibras_finep/dataset_captarlibras/raw-data/frontal-cam/30-01-2024_14-55-26_p0012_s144_b2_RAW--ZED-RGB_FRONT.avi,2024-01-30 14:55:26
30-01-2024_14-56-03_p12_s146,12,146,Tem algum fator de melhora?,Usar medicamento,30-01-2024_14-56-03,/srv/projects2/captarlibras_finep/dataset_captarlibras/raw-data/frontal-cam/30-01-2024_14-56-03_p0012_s146_b2_RAW--ZED-RGB_FRONT.avi,2024-01-30 14:56:03
31-01-2024_14-34-09_p13_sP09.1,13,P09.1,A dor no peito ou falta de ar piora ao fazer esforço físico?,Pergunta,31-01-2024_14-34-09,/srv/projects2/captarlibras_finep/dataset_captarlibras/raw-data/frontal-cam/31-01-2024_14-34-09_p0013_sP09.1_b3_RAW--ZED-RGB_FRONT.avi,2024-01-31 14:34:09
31-01-2024_14-38-52_p13_s161,13,161,Piora ao andar no plano?,Não piora ao andar no plano,31-01-2024_14-38-52,/srv/projects2/captarlibras_finep/dataset_captarlibras/raw-data/frontal-cam/31-01-2024_14-38-52_p0013_s161_b3_RAW--ZED-RGB_FRONT.avi,2024-01-31 14:38:52
31-01-2024_14-41-07_p13_sP09.5,13,P09.5,Piora em repouso?,Pergunta,31-01-2024_14-41-07,/srv/projects2/captarlibras_finep/dataset_captarlibras/raw-data/frontal-cam/31-01-2024_14-41-07_p0013_sP09.5_b3_RAW--ZED-RGB_FRONT.avi,2024-01-31 14:41:07
31-01-2024_14-41-27_p13_s164,13,164,Piora em repouso?,Piora em repouso,31-01-2024_14-41-27,/srv/projects2/captarlibras_finep/dataset_captarlibras/raw-data/frontal-cam/31-01-2024_14-41-27_p0013_s164_b3_RAW--ZED-RGB_FRONT.avi,2024-01-31 14:41:27
31-01-2024_14-41-43_p13_s165,13,165,Piora em repouso?,Não piora em repouso,31-01-2024_14-41-43,/srv/projects2/captarlibras_finep/dataset_captarlibras/raw-data/frontal-cam/31-01-2024_14-41-43_p0013_s165_b3_RAW--ZED-RGB_FRONT.avi,2024-01-31 14:41:43
31-01-2024_14-43-59_p13_sP09.7,13,P09.7,A dor no peito ou falta de ar melhorou com algum medicamento?,Pergunta,31-01-2024_14-43-59,/srv/projects2/captarlibras_finep/dataset_captarlibras/raw-data/frontal-cam/31-01-2024_14-43-59_p0013_sP09.7_b3_RAW--ZED-RGB_FRONT.avi,2024-01-31 14:43:59
31-01-2024_14-44-21_p13_s168,13,168,A dor no peito ou falta de ar melhorou com algum medicamento?,Melhorou com medicamento,31-01-2024_14-44-21,/srv/projects2/captarlibras_finep/dataset_captarlibras/raw-data/frontal-cam/31-01-2024_14-44-21_p0013_s168_b3_RAW--ZED-RGB_FRONT.avi,2024-01-31 14:44:21
31-01-2024_14-44-36_p13_s169,13,169,A dor no peito ou falta de ar melhorou com algum medicamento?,Não melhorou com medicamento,31-01-2024_14-44-36,/srv/projects2/captarlibras_finep/dataset_captarlibras/raw-data/frontal-cam/31-01-2024_14-44-36_p0013_s169_b3_RAW--ZED-RGB_FRONT.avi,2024-01-31 14:44:36
31-01-2024_14-45-17_p13_sP10,13,P10,"De 1 a 10, sendo 1 uma dor muito fraca e 10 uma dor insuportável, qual é a intensidade da dor?",Pergunta,31-01-2024_14-45-17,/srv/projects2/captarlibras_finep/dataset_captarlibras/raw-data/frontal-cam/31-01-2024_14-45-17_p0013_sP10_b3_RAW--ZED-RGB_FRONT.avi,2024-01-31 14:45:17
31-01-2024_14-52-40_p13_sP11.1,13,P11.1,Foi um episódio de dor ou mais episódios?,Pergunta,31-01-2024_14-52-40,/srv/projects2/captarlibras_finep/dataset_captarlibras/raw-data/frontal-cam/31-01-2024_14-52-40_p0013_sP11.1_b3_RAW--ZED-RGB_FRONT.avi,2024-01-31 14:52:40
31-01-2024_14-53-59_p13_sP11.2,13,P11.2,Qual a frequência da dor?,Pergunta,31-01-2024_14-53-59,/srv/projects2/captarlibras_finep/dataset_captarlibras/raw-data/frontal-cam/31-01-2024_14-53-59_p0013_sP11.2_b3_RAW--ZED-RGB_FRONT.avi,2024-01-31 14:53:59
31-01-2024_14-54-17_p13_s174,13,174,Qual a frequência da dor?,Três vezes ao dia,31-01-2024_14-54-17,/srv/projects2/captarlibras_finep/dataset_captarlibras/raw-data/frontal-cam/31-01-2024_14-54-17_p0013_s174_b3_RAW--ZED-RGB_FRONT.avi,2024-01-31 14:54:17
31-01-2024_14-55-23_p13_s176,13,176,Quando foi o primeiro episódio?,Três meses,31-01-2024_14-55-23,/srv/projects2/captarlibras_finep/dataset_captarlibras/raw-data/frontal-cam/31-01-2024_14-55-23_p0013_s176_b3_RAW--ZED-RGB_FRONT.avi,2024-01-31 14:55:23
31-01-2024_14-55-34_p13_s177,13,177,Quando foi o primeiro episódio?,Um ano,31-01-2024_14-55-34,/srv/projects2/captarlibras_finep/dataset_captarlibras/raw-data/frontal-cam/31-01-2024_14-55-34_p0013_s177_b3_RAW--ZED-RGB_FRONT.avi,2024-01-31 14:55:34
31-01-2024_14-55-47_p13_s178,13,178,Quando foi o primeiro episódio?,Cinco anos,31-01-2024_14-55-47,/srv/projects2/captarlibras_finep/dataset_captarlibras/raw-data/frontal-cam/31-01-2024_14-55-47_p0013_s178_b3_RAW--ZED-RGB_FRONT.avi,2024-01-31 14:55:47
31-01-2024_14-57-46_p13_sP11.5,13,P11.5,Houve aumento da duração da dor?,Pergunta,31-01-2024_14-57-46,/srv/projects2/captarlibras_finep/dataset_captarlibras/raw-data/frontal-cam/31-01-2024_14-57-46_p0013_sP11.5_b3_RAW--ZED-RGB_FRONT.avi,2024-01-31 14:57:46
31-01-2024_14-58-13_p13_sP12,13,P12,A dor tem uma localização fixa ou se espalha para algum lugar?,Pergunta,31-01-2024_14-58-13,/srv/projects2/captarlibras_finep/dataset_captarlibras/raw-data/frontal-cam/31-01-2024_14-58-13_p0013_sP12_b3_RAW--ZED-RGB_FRONT.avi,2024-01-31 14:58:13
31-01-2024_14-59-42_p13_s183,13,183,A dor tem uma localização fixa ou se espalha para algum lugar?,A dor irradia para o ombro,31-01-2024_14-59-42,/srv/projects2/captarlibras_finep/dataset_captarlibras/raw-data/frontal-cam/31-01-2024_14-59-42_p0013_s183_b3_RAW--ZED-RGB_FRONT.avi,2024-01-31 14:59:42
31-01-2024_15-00-09_p13_s185,13,185,A dor tem uma localização fixa ou se espalha para algum lugar?,A dor irradia para a barriga,31-01-2024_15-00-09,/srv/projects2/captarlibras_finep/dataset_captarlibras/raw-data/frontal-cam/31-01-2024_15-00-09_p0013_s185_b3_RAW--ZED-RGB_FRONT.avi,2024-01-31 15:00:09
31-01-2024_15-00-23_p13_s186,13,186,A dor tem uma localização fixa ou se espalha para algum lugar?,A dor irradia para as costas,31-01-2024_15-00-23,/srv/projects2/captarlibras_finep/dataset_captarlibras/raw-data/frontal-cam/31-01-2024_15-00-23_p0013_s186_b3_RAW--ZED-RGB_FRONT.avi,2024-01-31 15:00:23
31-01-2024_15-00-53_p13_s188,13,188,A dor tem uma localização fixa ou se espalha para algum lugar?,A dor irradia para a coxa,31-01-2024_15-00-53,/srv/projects2/captarlibras_finep/dataset_captarlibras/raw-data/frontal-cam/31-01-2024_15-00-53_p0013_s188_b3_RAW--ZED-RGB_FRONT.avi,2024-01-31 15:00:53
31-01-2024_15-01-07_p13_s189,13,189,A dor tem uma localização fixa ou se espalha para algum lugar?,A dor irradia para a perna,31-01-2024_15-01-07,/srv/projects2/captarlibras_finep/dataset_captarlibras/raw-data/frontal-cam/31-01-2024_15-01-07_p0013_s189_b3_RAW--ZED-RGB_FRONT.avi,2024-01-31 15:01:07
31-01-2024_15-01-31_p13_sP13.1,13,P13.1,A dor piora quando aperta?,Pergunta,31-01-2024_15-01-31,/srv/projects2/captarlibras_finep/dataset_captarlibras/raw-data/frontal-cam/31-01-2024_15-01-31_p0013_sP13.1_b3_RAW--ZED-RGB_FRONT.avi,2024-01-31 15:01:31
31-01-2024_15-01-51_p13_s190,13,190,A dor piora quando aperta?,Piora quando aperta,31-01-2024_15-01-51,/srv/projects2/captarlibras_finep/dataset_captarlibras/raw-data/frontal-cam/31-01-2024_15-01-51_p0013_s190_b3_RAW--ZED-RGB_FRONT.avi,2024-01-31 15:01:51
31-01-2024_15-02-28_p13_s191,13,191,A dor piora quando aperta?,Não piora quando aperta,31-01-2024_15-02-28,/srv/projects2/captarlibras_finep/dataset_captarlibras/raw-data/frontal-cam/31-01-2024_15-02-28_p0013_s191_b3_RAW--ZED-RGB_FRONT.avi,2024-01-31 15:02:28
31-01-2024_15-02-56_p13_sP13.2,13,P13.2,A dor piora quando muda a posição do corpo?,Pergunta,31-01-2024_15-02-56,/srv/projects2/captarlibras_finep/dataset_captarlibras/raw-data/frontal-cam/31-01-2024_15-02-56_p0013_sP13.2_b3_RAW--ZED-RGB_FRONT.avi,2024-01-31 15:02:56
31-01-2024_15-03-17_p13_s192,13,192,A dor piora quando muda a posição do corpo?,Piora quando muda a posição do corpo,31-01-2024_15-03-17,/srv/projects2/captarlibras_finep/dataset_captarlibras/raw-data/frontal-cam/31-01-2024_15-03-17_p0013_s192_b3_RAW--ZED-RGB_FRONT.avi,2024-01-31 15:03:17
31-01-2024_15-03-37_p13_s193,13,193,A dor piora quando muda a posição do corpo?,Não piora quando muda a posição do corpo,31-01-2024_15-03-37,/srv/projects2/captarlibras_finep/dataset_captarlibras/raw-data/frontal-cam/31-01-2024_15-03-37_p0013_s193_b3_RAW--ZED-RGB_FRONT.avi,2024-01-31 15:03:37
31-01-2024_15-04-05_p13_sP14,13,P14,"Tem dor, febre, calafrios, espirro ou secreção nasal?",Pergunta,31-01-2024_15-04-05,/srv/projects2/captarlibras_finep/dataset_captarlibras/raw-data/frontal-cam/31-01-2024_15-04-05_p0013_sP14_b3_RAW--ZED-RGB_FRONT.avi,2024-01-31 15:04:05
31-01-2024_15-06-16_p13_sP15.3,13,P15.3,Tosse é com ou sem catarro?,Pergunta,31-01-2024_15-06-16,/srv/projects2/captarlibras_finep/dataset_captarlibras/raw-data/frontal-cam/31-01-2024_15-06-16_p0013_sP15.3_b3_RAW--ZED-RGB_FRONT.avi,2024-01-31 15:06:16
31-01-2024_15-06-31_p13_s195,13,195,Tosse é com ou sem catarro?,Tosse sem catarro,31-01-2024_15-06-31,/srv/projects2/captarlibras_finep/dataset_captarlibras/raw-data/frontal-cam/31-01-2024_15-06-31_p0013_s195_b3_RAW--ZED-RGB_FRONT.avi,2024-01-31 15:06:31
31-01-2024_15-07-11_p13_s196,13,196,Tosse é com ou sem catarro?,Tosse com catarro,31-01-2024_15-07-11,/srv/projects2/captarlibras_finep/dataset_captarlibras/raw-data/frontal-cam/31-01-2024_15-07-11_p0013_s196_b3_RAW--ZED-RGB_FRONT.avi,2024-01-31 15:07:11
31-01-2024_15-07-32_p13_sP15.4,13,P15.4,Qual cor é o catarro?,Pergunta,31-01-2024_15-07-32,/srv/projects2/captarlibras_finep/dataset_captarlibras/raw-data/frontal-cam/31-01-2024_15-07-32_p0013_sP15.4_b3_RAW--ZED-RGB_FRONT.avi,2024-01-31 15:07:32
31-01-2024_15-07-48_p13_s197,13,197,Qual cor é o catarro?,Catarro transparente,31-01-2024_15-07-48,/srv/projects2/captarlibras_finep/dataset_captarlibras/raw-data/frontal-cam/31-01-2024_15-07-48_p0013_s197_b3_RAW--ZED-RGB_FRONT.avi,2024-01-31 15:07:48
31-01-2024_15-08-02_p13_s198,13,198,Qual cor é o catarro?,Catarro branco,31-01-2024_15-08-02,/srv/projects2/captarlibras_finep/dataset_captarlibras/raw-data/frontal-cam/31-01-2024_15-08-02_p0013_s198_b3_RAW--ZED-RGB_FRONT.avi,2024-01-31 15:08:02
31-01-2024_15-08-26_p13_s199,13,199,Qual cor é o catarro?,Catarro amarelado,31-01-2024_15-08-26,/srv/projects2/captarlibras_finep/dataset_captarlibras/raw-data/frontal-cam/31-01-2024_15-08-26_p0013_s199_b3_RAW--ZED-RGB_FRONT.avi,2024-01-31 15:08:26
31-01-2024_15-08-42_p13_s200,13,200,Qual cor é o catarro?,Catarro esverdeado,31-01-2024_15-08-42,/srv/projects2/captarlibras_finep/dataset_captarlibras/raw-data/frontal-cam/31-01-2024_15-08-42_p0013_s200_b3_RAW--ZED-RGB_FRONT.avi,2024-01-31 15:08:42
31-01-2024_15-08-55_p13_s201,13,201,Qual cor é o catarro?,Catarro vermelho,31-01-2024_15-08-55,/srv/projects2/captarlibras_finep/dataset_captarlibras/raw-data/frontal-cam/31-01-2024_15-08-55_p0013_s201_b3_RAW--ZED-RGB_FRONT.avi,2024-01-31 15:08:55
31-01-2024_15-09-12_p13_s202,13,202,Qual cor é o catarro?,Catarro com raias de sangue,31-01-2024_15-09-12,/srv/projects2/captarlibras_finep/dataset_captarlibras/raw-data/frontal-cam/31-01-2024_15-09-12_p0013_s202_b3_RAW--ZED-RGB_FRONT.avi,2024-01-31 15:09:12
31-01-2024_15-09-38_p13_sP16,13,P16,"Se não há espirro e tosse, sente ardor para urinar?",Pergunta,31-01-2024_15-09-38,/srv/projects2/captarlibras_finep/dataset_captarlibras/raw-data/frontal-cam/31-01-2024_15-09-38_p0013_sP16_b3_RAW--ZED-RGB_FRONT.avi,2024-01-31 15:09:38
31-01-2024_15-10-30_p13_sP17.2,13,P17.2,Quantas doses?,Pergunta,31-01-2024_15-10-30,/srv/projects2/captarlibras_finep/dataset_captarlibras/raw-data/frontal-cam/31-01-2024_15-10-30_p0013_sP17.2_b3_RAW--ZED-RGB_FRONT.avi,2024-01-31 15:10:30
31-01-2024_15-12-03_p13_sP17.4,13,P17.4,Trouxe cartão de vacina?,Pergunta,31-01-2024_15-12-03,/srv/projects2/captarlibras_finep/dataset_captarlibras/raw-data/frontal-cam/31-01-2024_15-12-03_p0013_sP17.4_b3_RAW--ZED-RGB_FRONT.avi,2024-01-31 15:12:03
31-01-2024_15-12-19_p13_s208,13,208,Trouxe cartão de vacina?,Não trouxe cartão de vacina,31-01-2024_15-12-19,/srv/projects2/captarlibras_finep/dataset_captarlibras/raw-data/frontal-cam/31-01-2024_15-12-19_p0013_s208_b3_RAW--ZED-RGB_FRONT.avi,2024-01-31 15:12:19
31-01-2024_15-12-49_p13_sP20,13,P20,Você trouxe algum relatório médico?,Pergunta,31-01-2024_15-12-49,/srv/projects2/captarlibras_finep/dataset_captarlibras/raw-data/frontal-cam/31-01-2024_15-12-49_p0013_sP20_b3_RAW--ZED-RGB_FRONT.avi,2024-01-31 15:12:49
31-01-2024_15-13-09_p13_sP21.1,13,P21.1,Você trouxe receita médica?,Pergunta,31-01-2024_15-13-09,/srv/projects2/captarlibras_finep/dataset_captarlibras/raw-data/frontal-cam/31-01-2024_15-13-09_p0013_sP21.1_b3_RAW--ZED-RGB_FRONT.avi,2024-01-31 15:13:09
31-01-2024_15-14-17_p13_s244,13,244,Está usando algum medicamento?,Não uso medicamento,31-01-2024_15-14-17,/srv/projects2/captarlibras_finep/dataset_captarlibras/raw-data/frontal-cam/31-01-2024_15-14-17_p0013_s244_b3_RAW--ZED-RGB_FRONT.avi,2024-01-31 15:14:17
20-02-2024_16-14-07_p0015_s209_b4_RAW,15,209,Está enjoado ou com vômitos?,Não estou com vontade de vomitar,20-02-2024_16-14-07,/srv/projects2/captarlibras_finep/dataset_captarlibras/raw-data/frontal-cam/20-02-2024_16-14-07_p0015_s209_b4_RAW--ZED-RGB_FRONT.avi,2024-02-20 16:14:07
20-02-2024_16-14-29_p0015_sP18.2_b4_RAW,15,P18.2,Está com diarreia?,Pergunta,20-02-2024_16-14-29,/srv/projects2/captarlibras_finep/dataset_captarlibras/raw-data/frontal-cam/20-02-2024_16-14-29_p0015_sP18.2_b4_RAW--ZED-RGB_FRONT.avi,2024-02-20 16:14:29
20-02-2024_16-14-59_p0015_sP18.3_b4_RAW,15,P18.3,Como é a diarreia?,Pergunta,20-02-2024_16-14-59,/srv/projects2/captarlibras_finep/dataset_captarlibras/raw-data/frontal-cam/20-02-2024_16-14-59_p0015_sP18.3_b4_RAW--ZED-RGB_FRONT.avi,2024-02-20 16:14:59
20-02-2024_16-18-00_p0015_s214_b4_RAW,15,214,Como é a diarreia?,Brilhante,20-02-2024_16-18-00,/srv/projects2/captarlibras_finep/dataset_captarlibras/raw-data/frontal-cam/20-02-2024_16-18-00_p0015_s214_b4_RAW--ZED-RGB_FRONT.avi,2024-02-20 16:18:00
20-02-2024_16-22-26_p0015_sP18.4_b4_RAW,15,P18.4,"Tem sangue, muco ou pus?",Pergunta,20-02-2024_16-22-26,/srv/projects2/captarlibras_finep/dataset_captarlibras/raw-data/frontal-cam/20-02-2024_16-22-26_p0015_sP18.4_b4_RAW--ZED-RGB_FRONT.avi,2024-02-20 16:22:26
20-02-2024_16-24-44_p0015_sP19.1_b4_RAW,15,P19.1,Você faz tratamento para alguma doença? Qual?,Pergunta,20-02-2024_16-24-44,/srv/projects2/captarlibras_finep/dataset_captarlibras/raw-data/frontal-cam/20-02-2024_16-24-44_p0015_sP19.1_b4_RAW--ZED-RGB_FRONT.avi,2024-02-20 16:24:44
20-02-2024_16-25-49_p0015_s225_b4_RAW,15,225,Você faz tratamento para alguma doença? Qual?,Arritmia,20-02-2024_16-25-49,/srv/projects2/captarlibras_finep/dataset_captarlibras/raw-data/frontal-cam/20-02-2024_16-25-49_p0015_s225_b4_RAW--ZED-RGB_FRONT.avi,2024-02-20 16:25:49
20-02-2024_16-41-23_p0015_s245_b4_RAW,15,245,Você tem alguma alergia?,Tenho alergia a ácaros,20-02-2024_16-41-23,/srv/projects2/captarlibras_finep/dataset_captarlibras/raw-data/frontal-cam/20-02-2024_16-41-23_p0015_s245_b4_RAW--ZED-RGB_FRONT.avi,2024-02-20 16:41:23
20-02-2024_16-43-31_p0015_s248_b4_RAW,15,248,Você tem alguma alergia?,Tenho alergia a cachorro,20-02-2024_16-43-31,/srv/projects2/captarlibras_finep/dataset_captarlibras/raw-data/frontal-cam/20-02-2024_16-43-31_p0015_s248_b4_RAW--ZED-RGB_FRONT.avi,2024-02-20 16:43:31
20-02-2024_16-44-58_p0015_s252_b4_RAW,15,252,Você tem alguma alergia?,Tenho alergia a leite,20-02-2024_16-44-58,/srv/projects2/captarlibras_finep/dataset_captarlibras/raw-data/frontal-cam/20-02-2024_16-44-58_p0015_s252_b4_RAW--ZED-RGB_FRONT.avi,2024-02-20 16:44:58
20-02-2024_16-45-19_p0015_s253_b4_RAW,15,253,Você tem alguma alergia?,Tenho alergia a ovo,20-02-2024_16-45-19,/srv/projects2/captarlibras_finep/dataset_captarlibras/raw-data/frontal-cam/20-02-2024_16-45-19_p0015_s253_b4_RAW--ZED-RGB_FRONT.avi,2024-02-20 16:45:19
20-02-2024_16-49-42_p0015_sP22.2_b4_RAW,15,P22.2,Tem alergia a algum medicamento?,Pergunta,20-02-2024_16-49-42,/srv/projects2/captarlibras_finep/dataset_captarlibras/raw-data/frontal-cam/20-02-2024_16-49-42_p0015_sP22.2_b4_RAW--ZED-RGB_FRONT.avi,2024-02-20 16:49:42
20-02-2024_16-51-36_p0015_s259_b4_RAW,15,259,Você fuma?,Fumo sim,20-02-2024_16-51-36,/srv/projects2/captarlibras_finep/dataset_captarlibras/raw-data/frontal-cam/20-02-2024_16-51-36_p0015_s259_b4_RAW--ZED-RGB_FRONT.avi,2024-02-20 16:51:36
20-02-2024_16-51-52_p0015_s260_b4_RAW,15,260,Você fuma?,Não fumo,20-02-2024_16-51-52,/srv/projects2/captarlibras_finep/dataset_captarlibras/raw-data/frontal-cam/20-02-2024_16-51-52_p0015_s260_b4_RAW--ZED-RGB_FRONT.avi,2024-02-20 16:51:52
20-02-2024_16-55-54_p0015_s262_b4_RAW,15,262,Há quanto tempo?,Dois anos,20-02-2024_16-55-54,/srv/projects2/captarlibras_finep/dataset_captarlibras/raw-data/frontal-cam/20-02-2024_16-55-54_p0015_s262_b4_RAW--ZED-RGB_FRONT.avi,2024-02-20 16:55:54
20-02-2024_16-56-31_p0015_sP23.3_b4_RAW,15,P23.3,Quantos cigarros por dia?,Pergunta,20-02-2024_16-56-31,/srv/projects2/captarlibras_finep/dataset_captarlibras/raw-data/frontal-cam/20-02-2024_16-56-31_p0015_sP23.3_b4_RAW--ZED-RGB_FRONT.avi,2024-02-20 16:56:31
20-02-2024_16-57-01_p0015_sP24.1_b4_RAW,15,P24.1,Ingere bebida alcoólica?,Pergunta,20-02-2024_16-57-01,/srv/projects2/captarlibras_finep/dataset_captarlibras/raw-data/frontal-cam/20-02-2024_16-57-01_p0015_sP24.1_b4_RAW--ZED-RGB_FRONT.avi,2024-02-20 16:57:01
20-02-2024_16-58-30_p0015_s267_b4_RAW,15,267,Quais bebidas?,Vodca,20-02-2024_16-58-30,/srv/projects2/captarlibras_finep/dataset_captarlibras/raw-data/frontal-cam/20-02-2024_16-58-30_p0015_s267_b4_RAW--ZED-RGB_FRONT.avi,2024-02-20 16:58:30
20-02-2024_16-59-10_p0015_s270_b4_RAW,15,270,Quais bebidas?,Gin,20-02-2024_16-59-10,/srv/projects2/captarlibras_finep/dataset_captarlibras/raw-data/frontal-cam/20-02-2024_16-59-10_p0015_s270_b4_RAW--ZED-RGB_FRONT.avi,2024-02-20 16:59:10
20-02-2024_16-59-50_p0015_s272_b4_RAW,15,272,Quantas bebidas?,Uma lata todo dia,20-02-2024_16-59-50,/srv/projects2/captarlibras_finep/dataset_captarlibras/raw-data/frontal-cam/20-02-2024_16-59-50_p0015_s272_b4_RAW--ZED-RGB_FRONT.avi,2024-02-20 16:59:50
20-02-2024_17-00-15_p0015_s273_b4_RAW,15,273,Quantas bebidas?,Uma lata uma vez na semana,20-02-2024_17-00-15,/srv/projects2/captarlibras_finep/dataset_captarlibras/raw-data/frontal-cam/20-02-2024_17-00-15_p0015_s273_b4_RAW--ZED-RGB_FRONT.avi,2024-02-20 17:00:15
20-02-2024_17-01-33_p0015_s275_b4_RAW,15,275,Quantas bebidas?,Uma garrafa todo dia,20-02-2024_17-01-33,/srv/projects2/captarlibras_finep/dataset_captarlibras/raw-data/frontal-cam/20-02-2024_17-01-33_p0015_s275_b4_RAW--ZED-RGB_FRONT.avi,2024-02-20 17:01:33
20-02-2024_17-01-49_p0015_s276_b4_RAW,15,276,Quantas bebidas?,Uma garrafa uma vez por semana,20-02-2024_17-01-49,/srv/projects2/captarlibras_finep/dataset_captarlibras/raw-data/frontal-cam/20-02-2024_17-01-49_p0015_s276_b4_RAW--ZED-RGB_FRONT.avi,2024-02-20 17:01:49
20-02-2024_17-02-03_p0015_s277_b4_RAW,15,277,Quantas bebidas?,Duas garrafas duas vezes por semana,20-02-2024_17-02-03,/srv/projects2/captarlibras_finep/dataset_captarlibras/raw-data/frontal-cam/20-02-2024_17-02-03_p0015_s277_b4_RAW--ZED-RGB_FRONT.avi,2024-02-20 17:02:03
20-02-2024_17-04-40_p0015_s282_b4_RAW,15,282,Quantas bebidas?,Um copo uma vez por semana,20-02-2024_17-04-40,/srv/projects2/captarlibras_finep/dataset_captarlibras/raw-data/frontal-cam/20-02-2024_17-04-40_p0015_s282_b4_RAW--ZED-RGB_FRONT.avi,2024-02-20 17:04:40
20-02-2024_17-05-19_p0015_s283_b4_RAW,15,283,Quantas bebidas?,Um copo cheio todos os dias,20-02-2024_17-05-19,/srv/projects2/captarlibras_finep/dataset_captarlibras/raw-data/frontal-cam/20-02-2024_17-05-19_p0015_s283_b4_RAW--ZED-RGB_FRONT.avi,2024-02-20 17:05:19
20-02-2024_17-06-52_p0015_sP25.1_b4_RAW,15,P25.1,"Você fez alguma cirurgia? Se sim, qual?",Pergunta,20-02-2024_17-06-52,/srv/projects2/captarlibras_finep/dataset_captarlibras/raw-data/frontal-cam/20-02-2024_17-06-52_p0015_sP25.1_b4_RAW--ZED-RGB_FRONT.avi,2024-02-20 17:06:52
21-02-2024_11-28-27_p0013_sP01_b1_RAW,13,P01,O que você está sentindo que te fez procurar o hospital?,Pergunta,21-02-2024_11-28-27,/srv/projects2/captarlibras_finep/dataset_captarlibras/raw-data/frontal-cam/21-02-2024_11-28-27_p0013_sP01_b1_RAW--ZED-RGB_FRONT.avi,2024-02-21 11:28:27
21-02-2024_11-55-05_p0013_s65_b1_RAW,13,65,O que você está sentindo que te fez procurar o hospital?,Trabalho de parto ativo,21-02-2024_11-55-05,/srv/projects2/captarlibras_finep/dataset_captarlibras/raw-data/frontal-cam/21-02-2024_11-55-05_p0007_s65_b1_RAW--ZED-RGB_FRONT.avi,2024-02-21 11:55:05
21-02-2024_11-55-36_p0013_s67_b1_RAW,13,67,O que você está sentindo que te fez procurar o hospital?,Vômitos com sangue,21-02-2024_11-55-36,/srv/projects2/captarlibras_finep/dataset_captarlibras/raw-data/frontal-cam/21-02-2024_11-55-36_p0013_s67_b1_RAW--ZED-RGB_FRONT.avi,2024-02-21 11:55:36
21-02-2024_12-05-05_p0013_s73_b1_RAW,13,73,Como começou? O que você estava fazendo?,Comendo,21-02-2024_12-05-05,/srv/projects2/captarlibras_finep/dataset_captarlibras/raw-data/frontal-cam/21-02-2024_12-05-05_p0013_s73_b1_RAW--ZED-RGB_FRONT.avi,2024-02-21 12:05:05
21-02-2024_15-15-36_p0016_sP04_b2_RAW,16,P04,Qual é o tempo de duração?,Pergunta,21-02-2024_15-15-36,/srv/projects2/captarlibras_finep/dataset_captarlibras/raw-data/frontal-cam/21-02-2024_15-15-36_p0016_sP04_b2_RAW--ZED-RGB_FRONT.avi,2024-02-21 15:15:36
21-02-2024_15-18-12_p0016_sP05_b2_RAW,16,P05,Por que você procurou atendimento nesse momento? Houve piora do quadro?,Pergunta,21-02-2024_15-18-12,/srv/projects2/captarlibras_finep/dataset_captarlibras/raw-data/frontal-cam/21-02-2024_15-18-12_p0016_sP05_b2_RAW--ZED-RGB_FRONT.avi,2024-02-21 15:18:12
21-02-2024_15-21-52_p0016_s94_b2_RAW,16,94,Onde é a dor?,Dor no ouvido direito e esquerdo,21-02-2024_15-21-52,/srv/projects2/captarlibras_finep/dataset_captarlibras/raw-data/frontal-cam/21-02-2024_15-21-52_p0016_s94_b2_RAW--ZED-RGB_FRONT.avi,2024-02-21 15:21:52
21-02-2024_15-23-23_p0016_s95_b2_RAW,16,95,Onde é a dor?,Dor nos olhos,21-02-2024_15-23-23,/srv/projects2/captarlibras_finep/dataset_captarlibras/raw-data/frontal-cam/21-02-2024_15-23-23_p0016_s95_b2_RAW--ZED-RGB_FRONT.avi,2024-02-21 15:23:23
21-02-2024_15-25-12_p0016_s102_b2_RAW,16,102,Onde é a dor?,Dor no braço direito e esquerdo,21-02-2024_15-25-12,/srv/projects2/captarlibras_finep/dataset_captarlibras/raw-data/frontal-cam/21-02-2024_15-25-12_p0016_s102_b2_RAW--ZED-RGB_FRONT.avi,2024-02-21 15:25:12
21-02-2024_15-27-26_p0016_s109_b2_RAW,16,109,Como é a dor? ,Dor lancinante,21-02-2024_15-27-26,/srv/projects2/captarlibras_finep/dataset_captarlibras/raw-data/frontal-cam/21-02-2024_15-27-26_p0016_s109_b2_RAW--ZED-RGB_FRONT.avi,2024-02-21 15:27:26
21-02-2024_15-29-02_p0016_s115_b2_RAW,16,115,Como é a dor? ,Cólica menstrual,21-02-2024_15-29-02,/srv/projects2/captarlibras_finep/dataset_captarlibras/raw-data/frontal-cam/21-02-2024_15-29-02_p0016_s115_b2_RAW--ZED-RGB_FRONT.avi,2024-02-21 15:29:02
21-02-2024_15-40-15_p0016_s117_b2_RAW,16,117,"Junto desse sintoma, você sente mais alguma coisa?",Sudorese,21-02-2024_15-40-15,/srv/projects2/captarlibras_finep/dataset_captarlibras/raw-data/frontal-cam/21-02-2024_15-40-15_p0016_s117_b2_RAW--ZED-RGB_FRONT.avi,2024-02-21 15:40:15
21-02-2024_15-41-57_p0016_s120_b2_RAW,16,120,"Junto desse sintoma, você sente mais alguma coisa?",Visão dupla,21-02-2024_15-41-57,/srv/projects2/captarlibras_finep/dataset_captarlibras/raw-data/frontal-cam/21-02-2024_15-41-57_p0016_s120_b2_RAW--ZED-RGB_FRONT.avi,2024-02-21 15:41:57
21-02-2024_15-44-10_p0016_sP08.1_b2_RAW,16,P08.1,Existe algum fator de piora?,Pergunta,21-02-2024_15-44-10,/srv/projects2/captarlibras_finep/dataset_captarlibras/raw-data/frontal-cam/21-02-2024_15-44-10_p0016_sP08.1_b2_RAW--ZED-RGB_FRONT.avi,2024-02-21 15:44:10
21-02-2024_15-46-31_p0016_s129_b2_RAW,16,129,Existe algum fator de piora?,Locais com luminosidade excessiva,21-02-2024_15-46-31,/srv/projects2/captarlibras_finep/dataset_captarlibras/raw-data/frontal-cam/21-02-2024_15-46-31_p0016_s129_b2_RAW--ZED-RGB_FRONT.avi,2024-02-21 15:46:31
21-02-2024_15-47-14_p0016_s131_b2_RAW,16,131,Existe algum fator de piora?,Período menstrual,21-02-2024_15-47-14,/srv/projects2/captarlibras_finep/dataset_captarlibras/raw-data/frontal-cam/21-02-2024_15-47-14_p0016_s131_b2_RAW--ZED-RGB_FRONT.avi,2024-02-21 15:47:14
21-02-2024_15-48-41_p0016_s133_b2_RAW,16,133,Existe algum fator de piora?,Mastigar,21-02-2024_15-48-41,/srv/projects2/captarlibras_finep/dataset_captarlibras/raw-data/frontal-cam/21-02-2024_15-48-41_p0016_s134_b2_RAW--ZED-RGB_FRONT.avi,2024-02-21 15:48:41
21-02-2024_15-54-54_p0016_s140_b2_RAW,16,140,Existe algum fator de piora?,Mexer as pernas,21-02-2024_15-54-54,/srv/projects2/captarlibras_finep/dataset_captarlibras/raw-data/frontal-cam/21-02-2024_15-54-54_p0016_s140_b2_RAW--ZED-RGB_FRONT.avi,2024-02-21 15:54:54
21-02-2024_15-55-24_p0016_s142_b2_RAW,16,142,Existe algum fator de piora?,A posição do corpo piora a dor,21-02-2024_15-55-24,/srv/projects2/captarlibras_finep/dataset_captarlibras/raw-data/frontal-cam/21-02-2024_15-55-24_p0016_s142_b2_RAW--ZED-RGB_FRONT.avi,2024-02-21 15:55:24
21-02-2024_16-14-26_p0016_s154_b2_RAW,16,155,Comandos simples,Pare,21-02-2024_16-14-26,/srv/projects2/captarlibras_finep/dataset_captarlibras/raw-data/frontal-cam/21-02-2024_16-14-26_p0016_s155_b2_RAW--ZED-RGB_FRONT.avi,2024-02-21 16:14:26
22-02-2024_10-51-57_p0017_sP10_b3_RAW,17,P10,"De 1 a 10, sendo 1 uma dor muito fraca e 10 uma dor insuportável, qual é a intensidade da dor?",Pergunta,22-02-2024_10-51-57,/srv/projects2/captarlibras_finep/dataset_captarlibras/raw-data/frontal-cam/22-02-2024_10-51-57_p0017_sP10_b3_RAW--ZED-RGB_FRONT.avi,2024-02-22 10:51:57
22-02-2024_11-08-46_p0017_sP13.2_b3_RAW,17,P13.2,A dor piora quando muda a posição do corpo?,Pergunta,22-02-2024_11-08-46,/srv/projects2/captarlibras_finep/dataset_captarlibras/raw-data/frontal-cam/22-02-2024_11-08-46_p0017_sP13.2_b3_RAW--ZED-RGB_FRONT.avi,2024-02-22 11:08:46
22-02-2024_11-11-23_p0017_sP15.3_b3_RAW,17,P15.3,Tosse é com ou sem catarro?,Pergunta,22-02-2024_11-11-23,/srv/projects2/captarlibras_finep/dataset_captarlibras/raw-data/frontal-cam/22-02-2024_11-11-23_p0017_sP15.3_b3_RAW--ZED-RGB_FRONT.avi,2024-02-22 11:11:23
22-02-2024_11-11-56_p0017_s196_b3_RAW,17,196,Tosse é com ou sem catarro?,Tosse com catarro,22-02-2024_11-11-56,/srv/projects2/captarlibras_finep/dataset_captarlibras/raw-data/frontal-cam/22-02-2024_11-11-56_p0017_s196_b3_RAW--ZED-RGB_FRONT.avi,2024-02-22 11:11:56
22-02-2024_11-14-19_p0017_sP16_b3_RAW,17,P16,"Se não há espirro e tosse, sente ardor para urinar?",Pergunta,22-02-2024_11-14-19,/srv/projects2/captarlibras_finep/dataset_captarlibras/raw-data/frontal-cam/22-02-2024_11-14-19_p0017_sP16_b3_RAW--ZED-RGB_FRONT.avi,2024-02-22 11:14:19
22-02-2024_11-15-11_p0017_s203_b3_RAW,17,203,Você vacinou para covid-19?,Não vacinei pra covid-19,22-02-2024_11-15-11,/srv/projects2/captarlibras_finep/dataset_captarlibras/raw-data/frontal-cam/22-02-2024_11-15-11_p0017_s203_b3_RAW--ZED-RGB_FRONT.avi,2024-02-22 11:15:11
22-02-2024_11-20-20_p0017_s244_b3_RAW,17,244,Está usando algum medicamento?,Não uso medicamento,22-02-2024_11-20-20,/srv/projects2/captarlibras_finep/dataset_captarlibras/raw-data/frontal-cam/22-02-2024_11-20-20_p0017_s244_b3_RAW--ZED-RGB_FRONT.avi,2024-02-22 11:20:20
22-02-2024_11-36-02_p0017_s210_b4_RAW,17,210,Como é a diarreia?,Amolecida,22-02-2024_11-36-02,/srv/projects2/captarlibras_finep/dataset_captarlibras/raw-data/frontal-cam/22-02-2024_11-36-02_p0017_s210_b4_RAW--ZED-RGB_FRONT.avi,2024-02-22 11:36:02
22-02-2024_11-39-27_p0017_sP18.4_b4_RAW,17,P18.4,"Tem sangue, muco ou pus?",Pergunta,22-02-2024_11-39-27,/srv/projects2/captarlibras_finep/dataset_captarlibras/raw-data/frontal-cam/22-02-2024_11-39-27_p0017_sP18.4_b4_RAW--ZED-RGB_FRONT.avi,2024-02-22 11:39:27
22-02-2024_11-39-58_p0017_sP18.5_b4_RAW,17,P18.5,Sente dor na barriga?,Pergunta,22-02-2024_11-39-58,/srv/projects2/captarlibras_finep/dataset_captarlibras/raw-data/frontal-cam/22-02-2024_11-39-58_p0017_sP18.5_b4_RAW--ZED-RGB_FRONT.avi,2024-02-22 11:39:58
22-02-2024_11-43-40_p0017_s234_b4_RAW,17,234,Você faz tratamento para alguma doença? Qual?,Tuberculose,22-02-2024_11-43-40,/srv/projects2/captarlibras_finep/dataset_captarlibras/raw-data/frontal-cam/22-02-2024_11-43-40_p0017_s234_b4_RAW--ZED-RGB_FRONT.avi,2024-02-22 11:43:40
22-02-2024_11-50-20_p0017_sP22.2_b4_RAW,17,P22.2,Tem alergia a algum medicamento?,Pergunta,22-02-2024_11-50-20,/srv/projects2/captarlibras_finep/dataset_captarlibras/raw-data/frontal-cam/22-02-2024_11-50-20_p0017_sP22.2_b4_RAW--ZED-RGB_FRONT.avi,2024-02-22 11:50:20
22-02-2024_12-00-36_p0017_sP25.1_b4_RAW,17,P25.1,"Você fez alguma cirurgia? Se sim, qual?",Pergunta,22-02-2024_12-00-36,/srv/projects2/captarlibras_finep/dataset_captarlibras/raw-data/frontal-cam/22-02-2024_12-00-36_p0017_sP25.1_b4_RAW--ZED-RGB_FRONT.avi,2024-02-22 12:00:36
22-02-2024_13-18-01_p0018_sP01_b1_RAW,18,P01,O que você está sentindo que te fez procurar o hospital?,Pergunta,22-02-2024_13-18-01,/srv/projects2/captarlibras_finep/dataset_captarlibras/raw-data/frontal-cam/22-02-2024_13-18-01_p0018_sP01_b1_RAW--ZED-RGB_FRONT.avi,2024-02-22 13:18:01
22-02-2024_13-19-50_p0018_s6_b1_RAW,18,6,O que você está sentindo que te fez procurar o hospital?,Dor no pescoço,22-02-2024_13-19-50,/srv/projects2/captarlibras_finep/dataset_captarlibras/raw-data/frontal-cam/22-02-2024_13-19-50_p0018_s6_b1_RAW--ZED-RGB_FRONT.avi,2024-02-22 13:19:50
22-02-2024_13-22-03_p0018_s15_b1_RAW,18,15,O que você está sentindo que te fez procurar o hospital?,Dor no pé,22-02-2024_13-22-03,/srv/projects2/captarlibras_finep/dataset_captarlibras/raw-data/frontal-cam/22-02-2024_13-22-03_p0018_s15_b1_RAW--ZED-RGB_FRONT.avi,2024-02-22 13:22:03
22-02-2024_13-22-26_p0018_s16_b1_RAW,18,16,O que você está sentindo que te fez procurar o hospital?,Falta de ar,22-02-2024_13-22-26,/srv/projects2/captarlibras_finep/dataset_captarlibras/raw-data/frontal-cam/22-02-2024_13-22-26_p0018_s16_b1_RAW--ZED-RGB_FRONT.avi,2024-02-22 13:22:26
22-02-2024_13-23-01_p0018_s18_b1_RAW,18,18,O que você está sentindo que te fez procurar o hospital?,Dificuldade para respirar,22-02-2024_13-23-01,/srv/projects2/captarlibras_finep/dataset_captarlibras/raw-data/frontal-cam/22-02-2024_13-23-01_p0018_s18_b1_RAW--ZED-RGB_FRONT.avi,2024-02-22 13:23:01
22-02-2024_13-27-06_p0018_s26_b1_RAW,18,26,O que você está sentindo que te fez procurar o hospital?,Tosse,22-02-2024_13-27-06,/srv/projects2/captarlibras_finep/dataset_captarlibras/raw-data/frontal-cam/22-02-2024_13-27-06_p0018_s26_b1_RAW--ZED-RGB_FRONT.avi,2024-02-22 13:27:06
22-02-2024_13-27-26_p0018_s27_b1_RAW,18,27,O que você está sentindo que te fez procurar o hospital?,Nariz escorrendo,22-02-2024_13-27-26,/srv/projects2/captarlibras_finep/dataset_captarlibras/raw-data/frontal-cam/22-02-2024_13-27-26_p0018_s27_b1_RAW--ZED-RGB_FRONT.avi,2024-02-22 13:27:26
22-02-2024_13-28-00_p0018_s28_b1_RAW,18,28,O que você está sentindo que te fez procurar o hospital?,Obstrução nasal,22-02-2024_13-28-00,/srv/projects2/captarlibras_finep/dataset_captarlibras/raw-data/frontal-cam/22-02-2024_13-28-00_p0018_s28_b1_RAW--ZED-RGB_FRONT.avi,2024-02-22 13:28:00
22-02-2024_13-28-41_p0018_s30_b1_RAW,18,30,O que você está sentindo que te fez procurar o hospital?,Feridas na pele,22-02-2024_13-28-41,/srv/projects2/captarlibras_finep/dataset_captarlibras/raw-data/frontal-cam/22-02-2024_13-28-41_p0018_s30_b1_RAW--ZED-RGB_FRONT.avi,2024-02-22 13:28:41
22-02-2024_13-28-55_p0018_s31_b1_RAW,18,31,O que você está sentindo que te fez procurar o hospital?,Manchas na pele,22-02-2024_13-28-55,/srv/projects2/captarlibras_finep/dataset_captarlibras/raw-data/frontal-cam/22-02-2024_13-28-55_p0018_s31_b1_RAW--ZED-RGB_FRONT.avi,2024-02-22 13:28:55
22-02-2024_13-29-08_p0018_s32_b1_RAW,18,32,O que você está sentindo que te fez procurar o hospital?,Pele com manchas vermelhas,22-02-2024_13-29-08,/srv/projects2/captarlibras_finep/dataset_captarlibras/raw-data/frontal-cam/22-02-2024_13-29-08_p0018_s32_b1_RAW--ZED-RGB_FRONT.avi,2024-02-22 13:29:08
22-02-2024_13-29-24_p0018_s33_b1_RAW,18,33,O que você está sentindo que te fez procurar o hospital?,Coceira,22-02-2024_13-29-24,/srv/projects2/captarlibras_finep/dataset_captarlibras/raw-data/frontal-cam/22-02-2024_13-29-24_p0018_s33_b1_RAW--ZED-RGB_FRONT.avi,2024-02-22 13:29:24
22-02-2024_13-33-17_p0018_s36_b1_RAW,18,36,O que você está sentindo que te fez procurar o hospital?,Excesso de suor,22-02-2024_13-33-17,/srv/projects2/captarlibras_finep/dataset_captarlibras/raw-data/frontal-cam/22-02-2024_13-33-17_p0018_s36_b1_RAW--ZED-RGB_FRONT.avi,2024-02-22 13:33:17
22-02-2024_13-34-07_p0018_s37_b1_RAW,18,37,O que você está sentindo que te fez procurar o hospital?,Glicemia alterada,22-02-2024_13-34-07,/srv/projects2/captarlibras_finep/dataset_captarlibras/raw-data/frontal-cam/22-02-2024_13-34-07_p0018_s37_b1_RAW--ZED-RGB_FRONT.avi,2024-02-22 13:34:07
22-02-2024_13-34-27_p0018_s38_b1_RAW,18,38,O que você está sentindo que te fez procurar o hospital?,Tentativa de suicídio,22-02-2024_13-34-27,/srv/projects2/captarlibras_finep/dataset_captarlibras/raw-data/frontal-cam/22-02-2024_13-34-27_p0018_s38_b1_RAW--ZED-RGB_FRONT.avi,2024-02-22 13:34:27
22-02-2024_13-37-39_p0018_s47_b1_RAW,18,47,O que você está sentindo que te fez procurar o hospital?,Ardor para urinar,22-02-2024_13-37-39,/srv/projects2/captarlibras_finep/dataset_captarlibras/raw-data/frontal-cam/22-02-2024_13-37-39_p0018_s47_b1_RAW--ZED-RGB_FRONT.avi,2024-02-22 13:37:39
22-02-2024_13-39-33_p0018_s48_b1_RAW,18,48,O que você está sentindo que te fez procurar o hospital?,Urina solta,22-02-2024_13-39-33,/srv/projects2/captarlibras_finep/dataset_captarlibras/raw-data/frontal-cam/22-02-2024_13-39-33_p0018_s48_b1_RAW--ZED-RGB_FRONT.avi,2024-02-22 13:39:33
22-02-2024_13-39-49_p0018_s49_b1_RAW,18,49,O que você está sentindo que te fez procurar o hospital?,Urinando pouco,22-02-2024_13-39-49,/srv/projects2/captarlibras_finep/dataset_captarlibras/raw-data/frontal-cam/22-02-2024_13-39-49_p0018_s49_b1_RAW--ZED-RGB_FRONT.avi,2024-02-22 13:39:49
22-02-2024_13-40-01_p0018_s50_b1_RAW,18,50,O que você está sentindo que te fez procurar o hospital?,Urinando muito,22-02-2024_13-40-01,/srv/projects2/captarlibras_finep/dataset_captarlibras/raw-data/frontal-cam/22-02-2024_13-40-01_p0018_s50_b1_RAW--ZED-RGB_FRONT.avi,2024-02-22 13:40:01
22-02-2024_13-40-19_p0018_s51_b1_RAW,18,51,O que você está sentindo que te fez procurar o hospital?,Urina escura,22-02-2024_13-40-19,/srv/projects2/captarlibras_finep/dataset_captarlibras/raw-data/frontal-cam/22-02-2024_13-40-19_p0018_s51_b1_RAW--ZED-RGB_FRONT.avi,2024-02-22 13:40:19
22-02-2024_13-41-21_p0018_s54_b1_RAW,18,54,O que você está sentindo que te fez procurar o hospital?,Sangramento pela boca,22-02-2024_13-41-21,/srv/projects2/captarlibras_finep/dataset_captarlibras/raw-data/frontal-cam/22-02-2024_13-41-21_p0018_s54_b1_RAW--ZED-RGB_FRONT.avi,2024-02-22 13:41:21
22-02-2024_13-42-10_p0018_s56_b1_RAW,18,56,O que você está sentindo que te fez procurar o hospital?,Sangramento nas fezes,22-02-2024_13-42-10,/srv/projects2/captarlibras_finep/dataset_captarlibras/raw-data/frontal-cam/22-02-2024_13-42-10_p0018_s56_b1_RAW--ZED-RGB_FRONT.avi,2024-02-22 13:42:10
22-02-2024_13-43-51_p0018_s58_b1_RAW,18,58,O que você está sentindo que te fez procurar o hospital?,Trauma físico,22-02-2024_13-43-51,/srv/projects2/captarlibras_finep/dataset_captarlibras/raw-data/frontal-cam/22-02-2024_13-43-51_p0018_s58_b1_RAW--ZED-RGB_FRONT.avi,2024-02-22 13:43:51
22-02-2024_13-44-30_p0018_s60_b1_RAW,18,60,O que você está sentindo que te fez procurar o hospital?,Agressão,22-02-2024_13-44-30,/srv/projects2/captarlibras_finep/dataset_captarlibras/raw-data/frontal-cam/22-02-2024_13-44-30_p0018_s60_b1_RAW--ZED-RGB_FRONT.avi,2024-02-22 13:44:30
22-02-2024_13-46-54_p0018_s63_b1_RAW,18,63,O que você está sentindo que te fez procurar o hospital?,Lesão por arma de fogo,22-02-2024_13-46-54,/srv/projects2/captarlibras_finep/dataset_captarlibras/raw-data/frontal-cam/22-02-2024_13-46-54_p0018_s63_b1_RAW--ZED-RGB_FRONT.avi,2024-02-22 13:46:54
22-02-2024_13-47-53_p0018_s67_b1_RAW,18,67,O que você está sentindo que te fez procurar o hospital?,Vômitos com sangue,22-02-2024_13-47-53,/srv/projects2/captarlibras_finep/dataset_captarlibras/raw-data/frontal-cam/22-02-2024_13-47-53_p0018_s67_b1_RAW--ZED-RGB_FRONT.avi,2024-02-22 13:47:53
22-02-2024_13-48-10_p0018_sP02_b1_RAW,18,P02,Quando começou?,Pergunta,22-02-2024_13-48-10,/srv/projects2/captarlibras_finep/dataset_captarlibras/raw-data/frontal-cam/22-02-2024_13-48-10_p0018_sP02_b1_RAW--ZED-RGB_FRONT.avi,2024-02-22 13:48:10
22-02-2024_13-48-58_p0018_s71_b1_RAW,18,71,Quando começou?,Duas horas,22-02-2024_13-48-58,/srv/projects2/captarlibras_finep/dataset_captarlibras/raw-data/frontal-cam/22-02-2024_13-48-58_p0018_s71_b1_RAW--ZED-RGB_FRONT.avi,2024-02-22 13:48:58
22-02-2024_13-49-09_p0018_s72_b1_RAW,18,72,Quando começou?,Dois meses,22-02-2024_13-49-09,/srv/projects2/captarlibras_finep/dataset_captarlibras/raw-data/frontal-cam/22-02-2024_13-49-09_p0018_s72_b1_RAW--ZED-RGB_FRONT.avi,2024-02-22 13:49:09
22-02-2024_13-49-27_p0018_sP03_b1_RAW,18,P03,Como começou? O que você estava fazendo?,Pergunta,22-02-2024_13-49-27,/srv/projects2/captarlibras_finep/dataset_captarlibras/raw-data/frontal-cam/22-02-2024_13-49-27_p0018_sP03_b1_RAW--ZED-RGB_FRONT.avi,2024-02-22 13:49:27
22-02-2024_13-51-46_p0018_s81_b1_RAW,18,81,Como começou? O que você estava fazendo?,Não me lembro,22-02-2024_13-51-46,/srv/projects2/captarlibras_finep/dataset_captarlibras/raw-data/frontal-cam/22-02-2024_13-51-46_p0018_s81_b1_RAW--ZED-RGB_FRONT.avi,2024-02-22 13:51:46
22-02-2024_13-58-29_p0018_sP04_b2_RAW,18,P04,Qual é o tempo de duração?,Pergunta,22-02-2024_13-58-29,/srv/projects2/captarlibras_finep/dataset_captarlibras/raw-data/frontal-cam/22-02-2024_13-58-29_p0018_sP04_b2_RAW--ZED-RGB_FRONT.avi,2024-02-22 13:58:29
22-02-2024_13-58-43_p0018_s82_b2_RAW,18,82,Qual é o tempo de duração?,Seis horas,22-02-2024_13-58-43,/srv/projects2/captarlibras_finep/dataset_captarlibras/raw-data/frontal-cam/22-02-2024_13-58-43_p0018_s82_b2_RAW--ZED-RGB_FRONT.avi,2024-02-22 13:58:43
22-02-2024_13-59-54_p0018_s85_b2_RAW,18,85,Qual é o tempo de duração?,Uma semana,22-02-2024_13-59-54,/srv/projects2/captarlibras_finep/dataset_captarlibras/raw-data/frontal-cam/22-02-2024_13-59-54_p0018_s85_b2_RAW--ZED-RGB_FRONT.avi,2024-02-22 13:59:54
22-02-2024_14-08-29_p0018_s102_b2_RAW,18,102,Onde é a dor?,Dor no braço direito e esquerdo,22-02-2024_14-08-29,/srv/projects2/captarlibras_finep/dataset_captarlibras/raw-data/frontal-cam/22-02-2024_14-08-29_p0018_s102_b2_RAW--ZED-RGB_FRONT.avi,2024-02-22 14:08:29
22-02-2024_14-08-45_p0018_s103_b2_RAW,18,103,Onde é a dor?,Dor no joelho direito e esquerdo,22-02-2024_14-08-45,/srv/projects2/captarlibras_finep/dataset_captarlibras/raw-data/frontal-cam/22-02-2024_14-08-45_p0018_s103_b2_RAW--ZED-RGB_FRONT.avi,2024-02-22 14:08:45
22-02-2024_14-10-31_p0018_s109_b2_RAW,18,109,Como é a dor? ,Dor lancinante,22-02-2024_14-10-31,/srv/projects2/captarlibras_finep/dataset_captarlibras/raw-data/frontal-cam/22-02-2024_14-10-31_p0018_s109_b2_RAW--ZED-RGB_FRONT.avi,2024-02-22 14:10:31
22-02-2024_14-12-27_p0018_s115_b2_RAW,18,115,Como é a dor? ,Cólica menstrual,22-02-2024_14-12-27,/srv/projects2/captarlibras_finep/dataset_captarlibras/raw-data/frontal-cam/22-02-2024_14-12-27_p0018_s115_b2_RAW--ZED-RGB_FRONT.avi,2024-02-22 14:12:27
22-02-2024_14-16-14_p0018_sP07_b2_RAW,18,P07,"Junto desse sintoma, você sente mais alguma coisa?",Pergunta,22-02-2024_14-16-14,/srv/projects2/captarlibras_finep/dataset_captarlibras/raw-data/frontal-cam/22-02-2024_14-16-14_p0018_sP07_b2_RAW--ZED-RGB_FRONT.avi,2024-02-22 14:16:14
22-02-2024_14-16-50_p0018_s117_b2_RAW,18,117,"Junto desse sintoma, você sente mais alguma coisa?",Sudorese,22-02-2024_14-16-50,/srv/projects2/captarlibras_finep/dataset_captarlibras/raw-data/frontal-cam/22-02-2024_14-16-50_p0018_s117_b2_RAW--ZED-RGB_FRONT.avi,2024-02-22 14:16:50
22-02-2024_14-18-36_p0018_s120_b2_RAW,18,120,"Junto desse sintoma, você sente mais alguma coisa?",Visão dupla,22-02-2024_14-18-36,/srv/projects2/captarlibras_finep/dataset_captarlibras/raw-data/frontal-cam/22-02-2024_14-18-36_p0018_s120_b2_RAW--ZED-RGB_FRONT.avi,2024-02-22 14:18:36
22-02-2024_14-22-00_p0018_s125_b2_RAW,18,125,Existe algum fator de piora?,Comer alimentos ácidos e picantes,22-02-2024_14-22-00,/srv/projects2/captarlibras_finep/dataset_captarlibras/raw-data/frontal-cam/22-02-2024_14-22-00_p0018_s125_b2_RAW--ZED-RGB_FRONT.avi,2024-02-22 14:22:00
22-02-2024_14-22-59_p0018_s129_b2_RAW,18,129,Existe algum fator de piora?,Locais com luminosidade excessiva,22-02-2024_14-22-59,/srv/projects2/captarlibras_finep/dataset_captarlibras/raw-data/frontal-cam/22-02-2024_14-22-59_p0018_s129_b2_RAW--ZED-RGB_FRONT.avi,2024-02-22 14:22:59
22-02-2024_14-23-50_p0018_s131_b2_RAW,18,131,Existe algum fator de piora?,Período menstrual,22-02-2024_14-23-50,/srv/projects2/captarlibras_finep/dataset_captarlibras/raw-data/frontal-cam/22-02-2024_14-23-50_p0018_s131_b2_RAW--ZED-RGB_FRONT.avi,2024-02-22 14:23:50
22-02-2024_14-27-49_p0018_s142_b2_RAW,18,142,Existe algum fator de piora?,A posição do corpo piora a dor,22-02-2024_14-27-49,/srv/projects2/captarlibras_finep/dataset_captarlibras/raw-data/frontal-cam/22-02-2024_14-27-49_p0018_s142_b2_RAW--ZED-RGB_FRONT.avi,2024-02-22 14:27:49
22-02-2024_14-28-27_p0018_sP08.2_b2_RAW,18,P08.2,Tem algum fator de melhora?,Pergunta,22-02-2024_14-28-27,/srv/projects2/captarlibras_finep/dataset_captarlibras/raw-data/frontal-cam/22-02-2024_14-28-27_p0018_sP08.2_b2_RAW--ZED-RGB_FRONT.avi,2024-02-22 14:28:27
22-02-2024_15-22-56_p0014_sP09.5_b3_RAW,14,P09.5,Piora em repouso?,Pergunta,22-02-2024_15-22-56,/srv/projects2/captarlibras_finep/dataset_captarlibras/raw-data/frontal-cam/22-02-2024_15-22-56_p0014_sP09.5_b3_RAW--ZED-RGB_FRONT.avi,2024-02-22 15:22:56
22-02-2024_15-28-03_p0014_sP10_b3_RAW,14,P10,"De 1 a 10, sendo 1 uma dor muito fraca e 10 uma dor insuportável, qual é a intensidade da dor?",Pergunta,22-02-2024_15-28-03,/srv/projects2/captarlibras_finep/dataset_captarlibras/raw-data/frontal-cam/22-02-2024_15-28-03_p0014_sP10_b3_RAW--ZED-RGB_FRONT.avi,2024-02-22 15:28:03
22-02-2024_15-32-08_p0014_sP11.1_b3_RAW,14,P11.1,Foi um episódio de dor ou mais episódios?,Pergunta,22-02-2024_15-32-08,/srv/projects2/captarlibras_finep/dataset_captarlibras/raw-data/frontal-cam/22-02-2024_15-32-08_p0014_sP11.1_b3_RAW--ZED-RGB_FRONT.avi,2024-02-22 15:32:08
22-02-2024_15-34-27_p0014_sP11.3_b3_RAW,14,P11.3,Quando foi o primeiro episódio?,Pergunta,22-02-2024_15-34-27,/srv/projects2/captarlibras_finep/dataset_captarlibras/raw-data/frontal-cam/22-02-2024_15-34-27_p0014_sP11.3_b3_RAW--ZED-RGB_FRONT.avi,2024-02-22 15:34:27
22-02-2024_15-40-27_p0014_s185_b3_RAW,14,185,A dor tem uma localização fixa ou se espalha para algum lugar?,A dor irradia para a barriga,22-02-2024_15-40-27,/srv/projects2/captarlibras_finep/dataset_captarlibras/raw-data/frontal-cam/22-02-2024_15-40-27_p0014_s185_b3_RAW--ZED-RGB_FRONT.avi,2024-02-22 15:40:27
22-02-2024_15-42-18_p0014_sP13.1_b3_RAW,14,P13.1,A dor piora quando aperta?,Pergunta,22-02-2024_15-42-18,/srv/projects2/captarlibras_finep/dataset_captarlibras/raw-data/frontal-cam/22-02-2024_15-42-18_p0014_sP13.1_b3_RAW--ZED-RGB_FRONT.avi,2024-02-22 15:42:18
22-02-2024_15-49-22_p0014_sP16_b3_RAW,14,P16,"Se não há espirro e tosse, sente ardor para urinar?",Pergunta,22-02-2024_15-49-22,/srv/projects2/captarlibras_finep/dataset_captarlibras/raw-data/frontal-cam/22-02-2024_15-49-22_p0014_sP16_b3_RAW--ZED-RGB_FRONT.avi,2024-02-22 15:49:22
22-02-2024_15-54-21_p0014_sP21.1_b3_RAW,14,P21.1,Você trouxe receita médica?,Pergunta,22-02-2024_15-54-21,/srv/projects2/captarlibras_finep/dataset_captarlibras/raw-data/frontal-cam/22-02-2024_15-54-21_p0014_sP21.1_b3_RAW--ZED-RGB_FRONT.avi,2024-02-22 15:54:21
22-02-2024_16-07-22_p0014_s244_b3_RAW,14,244,Está usando algum medicamento?,Não uso medicamento,22-02-2024_16-07-22,/srv/projects2/captarlibras_finep/dataset_captarlibras/raw-data/frontal-cam/22-02-2024_16-07-22_p0014_s244_b3_RAW--ZED-RGB_FRONT.avi,2024-02-22 16:07:22
26-02-2024_15-23-23_p0019_s209_b4_RAW,19,209,Está enjoado ou com vômitos?,Não estou com vontade de vomitar,26-02-2024_15-23-23,/srv/projects2/captarlibras_finep/dataset_captarlibras/raw-data/frontal-cam/26-02-2024_15-23-23_p0019_s209_b4_RAW--ZED-RGB_FRONT.avi,2024-02-26 15:23:23
26-02-2024_15-24-08_p0019_sP18.2_b4_RAW,19,P18.2,Está com diarreia?,Pergunta,26-02-2024_15-24-08,/srv/projects2/captarlibras_finep/dataset_captarlibras/raw-data/frontal-cam/26-02-2024_15-24-08_p0019_sP18.2_b4_RAW--ZED-RGB_FRONT.avi,2024-02-26 15:24:08
26-02-2024_15-24-37_p0019_sP18.3_b4_RAW,19,P18.3,Como é a diarreia?,Pergunta,26-02-2024_15-24-37,/srv/projects2/captarlibras_finep/dataset_captarlibras/raw-data/frontal-cam/26-02-2024_15-24-37_p0019_sP18.3_b4_RAW--ZED-RGB_FRONT.avi,2024-02-26 15:24:37
26-02-2024_15-25-43_p0019_s211_b4_RAW,19,211,Como é a diarreia?,Semilíquida,26-02-2024_15-25-43,/srv/projects2/captarlibras_finep/dataset_captarlibras/raw-data/frontal-cam/26-02-2024_15-25-43_p0019_s211_b4_RAW--ZED-RGB_FRONT.avi,2024-02-26 15:25:43
26-02-2024_15-35-09_p0019_s221_b4_RAW,19,221,Como é a diarreia?,Com pus,26-02-2024_15-35-09,/srv/projects2/captarlibras_finep/dataset_captarlibras/raw-data/frontal-cam/26-02-2024_15-35-09_p0019_s221_b4_RAW--ZED-RGB_FRONT.avi,2024-02-26 15:35:09
26-02-2024_15-36-07_p0019_sP18.4_b4_RAW,19,P18.4,"Tem sangue, muco ou pus?",Pergunta,26-02-2024_15-36-07,/srv/projects2/captarlibras_finep/dataset_captarlibras/raw-data/frontal-cam/26-02-2024_15-36-07_p0019_sP18.4_b4_RAW--ZED-RGB_FRONT.avi,2024-02-26 15:36:07
26-02-2024_15-53-44_p0019_s246_b4_RAW,19,246,Você tem alguma alergia?,Tenho alergia a fungos,26-02-2024_15-53-44,/srv/projects2/captarlibras_finep/dataset_captarlibras/raw-data/frontal-cam/26-02-2024_15-53-44_p0019_s246_b4_RAW--ZED-RGB_FRONT.avi,2024-02-26 15:53:44
26-02-2024_16-02-39_p0019_sP22.2_b4_RAW,19,P22.2,Tem alergia a algum medicamento?,Pergunta,26-02-2024_16-02-39,/srv/projects2/captarlibras_finep/dataset_captarlibras/raw-data/frontal-cam/26-02-2024_16-02-39_p0019_sP22.2_b4_RAW--ZED-RGB_FRONT.avi,2024-02-26 16:02:39
26-02-2024_16-04-17_p0019_s259_b4_RAW,19,259,Você fuma?,Fumo sim,26-02-2024_16-04-17,/srv/projects2/captarlibras_finep/dataset_captarlibras/raw-data/frontal-cam/26-02-2024_16-04-17_p0019_s259_b4_RAW--ZED-RGB_FRONT.avi,2024-02-26 16:04:17
26-02-2024_16-19-33_p0019_s279_b4_RAW,19,279,Quantas bebidas?,Duas doses duas vezes por semana,26-02-2024_16-19-33,/srv/projects2/captarlibras_finep/dataset_captarlibras/raw-data/frontal-cam/26-02-2024_16-19-33_p0019_s279_b4_RAW--ZED-RGB_FRONT.avi,2024-02-26 16:19:33
26-02-2024_16-22-18_p0019_s282_b4_RAW,19,282,Quantas bebidas?,Um copo uma vez por semana,26-02-2024_16-22-18,/srv/projects2/captarlibras_finep/dataset_captarlibras/raw-data/frontal-cam/26-02-2024_16-22-18_p0019_s282_b4_RAW--ZED-RGB_FRONT.avi,2024-02-26 16:22:18
26-02-2024_16-23-30_p0019_s283_b4_RAW,19,283,Quantas bebidas?,Um copo cheio todos os dias,26-02-2024_16-23-30,/srv/projects2/captarlibras_finep/dataset_captarlibras/raw-data/frontal-cam/26-02-2024_16-23-30_p0019_s283_b4_RAW--ZED-RGB_FRONT.avi,2024-02-26 16:23:30
28-02-2024_16-07-11_p0011_s83_b2_RAW,11,83,Qual é o tempo de duração?,Um dia,28-02-2024_16-07-11,/srv/projects2/captarlibras_finep/dataset_captarlibras/raw-data/frontal-cam/28-02-2024_16-07-11_p0011_s83_b2_RAW--ZED-RGB_FRONT.avi,2024-02-28 16:07:11
28-02-2024_16-08-37_p0011_s86_b2_RAW,11,86,Qual é o tempo de duração?,Um mês,28-02-2024_16-08-37,/srv/projects2/captarlibras_finep/dataset_captarlibras/raw-data/frontal-cam/28-02-2024_16-08-37_p0011_s86_b2_RAW--ZED-RGB_FRONT.avi,2024-02-28 16:08:37
28-02-2024_16-20-51_p0011_s103_b2_RAW,11,103,Onde é a dor?,Dor no joelho direito e esquerdo,28-02-2024_16-20-51,/srv/projects2/captarlibras_finep/dataset_captarlibras/raw-data/frontal-cam/28-02-2024_16-20-51_p0011_s103_b2_RAW--ZED-RGB_FRONT.avi,2024-02-28 16:20:51
28-02-2024_16-32-34_p0011_s117_b2_RAW,11,117,"Junto desse sintoma, você sente mais alguma coisa?",Sudorese,28-02-2024_16-32-34,/srv/projects2/captarlibras_finep/dataset_captarlibras/raw-data/frontal-cam/28-02-2024_16-32-34_p0011_s117_b2_RAW--ZED-RGB_FRONT.avi,2024-02-28 16:32:34
28-02-2024_16-33-59_p0011_s120_b2_RAW,11,120,"Junto desse sintoma, você sente mais alguma coisa?",Visão dupla,28-02-2024_16-33-59,/srv/projects2/captarlibras_finep/dataset_captarlibras/raw-data/frontal-cam/28-02-2024_16-33-59_p0011_s120_b2_RAW--ZED-RGB_FRONT.avi,2024-02-28 16:33:59
28-02-2024_16-39-21_p0011_sP08.1_b2_RAW,11,P08.1,Existe algum fator de piora?,Pergunta,28-02-2024_16-39-21,/srv/projects2/captarlibras_finep/dataset_captarlibras/raw-data/frontal-cam/28-02-2024_16-39-21_p0011_sP08.1_b2_RAW--ZED-RGB_FRONT.avi,2024-02-28 16:39:21
28-02-2024_16-40-08_p0011_s125_b2_RAW,11,125,Existe algum fator de piora?,Comer alimentos ácidos e picantes,28-02-2024_16-40-08,/srv/projects2/captarlibras_finep/dataset_captarlibras/raw-data/frontal-cam/28-02-2024_16-40-08_p0011_s125_b2_RAW--ZED-RGB_FRONT.avi,2024-02-28 16:40:08
28-02-2024_16-40-38_p0011_s126_b2_RAW,11,126,Existe algum fator de piora?,Beber bebidas alcoólicas,28-02-2024_16-40-38,/srv/projects2/captarlibras_finep/dataset_captarlibras/raw-data/frontal-cam/28-02-2024_16-40-38_p0011_s126_b2_RAW--ZED-RGB_FRONT.avi,2024-02-28 16:40:38
28-02-2024_16-41-05_p0011_s127_b2_RAW,11,127,Existe algum fator de piora?,Comer alimentos gordurosos,28-02-2024_16-41-05,/srv/projects2/captarlibras_finep/dataset_captarlibras/raw-data/frontal-cam/28-02-2024_16-41-05_p0011_s127_b2_RAW--ZED-RGB_FRONT.avi,2024-02-28 16:41:05
29-02-2024_13-33-40_p0010_sP01_b1_RAW,10,P01,O que você está sentindo que te fez procurar o hospital?,Pergunta,29-02-2024_13-33-40,/srv/projects2/captarlibras_finep/dataset_captarlibras/raw-data/frontal-cam/29-02-2024_13-33-40_p0010_sP01_b1_RAW--ZED-RGB_FRONT.avi,2024-02-29 13:33:40
29-02-2024_13-46-41_p0010_s15_b1_RAW,10,15,O que você está sentindo que te fez procurar o hospital?,Dor no pé,29-02-2024_13-46-41,/srv/projects2/captarlibras_finep/dataset_captarlibras/raw-data/frontal-cam/29-02-2024_13-46-41_p0010_s15_b1_RAW--ZED-RGB_FRONT.avi,2024-02-29 13:46:41
29-02-2024_14-10-17_p0010_s58_b1_RAW,10,58,O que você está sentindo que te fez procurar o hospital?,Trauma físico,29-02-2024_14-10-17,/srv/projects2/captarlibras_finep/dataset_captarlibras/raw-data/frontal-cam/29-02-2024_14-10-17_p0010_s58_b1_RAW--ZED-RGB_FRONT.avi,2024-02-29 14:10:17
29-02-2024_14-14-34_p0010_s67_b1_RAW,10,67,O que você está sentindo que te fez procurar o hospital?,Vômitos com sangue,29-02-2024_14-14-34,/srv/projects2/captarlibras_finep/dataset_captarlibras/raw-data/frontal-cam/29-02-2024_14-14-34_p0010_s67_b1_RAW--ZED-RGB_FRONT.avi,2024-02-29 14:14:34
29-02-2024_14-15-01_p0010_sP02_b1_RAW,10,P02,Quando começou?,Pergunta,29-02-2024_14-15-01,/srv/projects2/captarlibras_finep/dataset_captarlibras/raw-data/frontal-cam/29-02-2024_14-15-01_p0010_sP02_b1_RAW--ZED-RGB_FRONT.avi,2024-02-29 14:15:01
29-02-2024_14-17-26_p0010_sP03_b1_RAW,10,P03,Como começou? O que você estava fazendo?,Pergunta,29-02-2024_14-17-26,/srv/projects2/captarlibras_finep/dataset_captarlibras/raw-data/frontal-cam/29-02-2024_14-17-26_p0010_sP03_b1_RAW--ZED-RGB_FRONT.avi,2024-02-29 14:17:26
05-03-2024_10-09-33_p0014_sP01_b1_RAW,14,P01,P01 - O que você está sentindo que te fez procurar o hospital?,P01 - Pergunta,05-03-2024_10-09-33,/srv/projects2/captarlibras_finep/dataset_captarlibras/raw-data/frontal-cam/05-03-2024_10-09-33_p0014_sP01_b1_RAW--ZED-RGB_FRONT.avi,2024-03-05 10:09:33
05-03-2024_10-40-48_p0014_s60_b1_RAW,14,60,O que você está sentindo que te fez procurar o hospital?,Agressão,05-03-2024_10-40-48,/srv/projects2/captarlibras_finep/dataset_captarlibras/raw-data/frontal-cam/05-03-2024_10-40-48_p0014_s60_b1_RAW--ZED-RGB_FRONT.avi,2024-03-05 10:40:48
05-03-2024_10-45-35_p0014_sP03_b1_RAW,14,P03,Como começou? O que você estava fazendo?,Pergunta,05-03-2024_10-45-35,/srv/projects2/captarlibras_finep/dataset_captarlibras/raw-data/frontal-cam/05-03-2024_10-45-35_p0014_sP03_b1_RAW--ZED-RGB_FRONT.avi,2024-03-05 10:45:35
05-03-2024_10-47-23_p0014_s79_b1_RAW,14,79,Como começou? O que você estava fazendo?,Estava sentado,05-03-2024_10-47-23,/srv/projects2/captarlibras_finep/dataset_captarlibras/raw-data/frontal-cam/05-03-2024_10-47-23_p0014_s79_b1_RAW--ZED-RGB_FRONT.avi,2024-03-05 10:47:23
07-03-2024_13-39-26_p0010_sP04_b2_RAW,10,P04,Qual é o tempo de duração?,Pergunta,07-03-2024_13-39-26,/srv/projects2/captarlibras_finep/dataset_captarlibras/raw-data/frontal-cam/07-03-2024_13-39-26_p0010_sP04_b2_RAW--ZED-RGB_FRONT.avi,2024-03-07 13:39:26
07-03-2024_14-04-55_p0010_sP08.2_b2_RAW,10,P08.2,Tem algum fator de melhora?,P08.2 - Pergunta,07-03-2024_14-04-55,/srv/projects2/captarlibras_finep/dataset_captarlibras/raw-data/frontal-cam/07-03-2024_14-04-55_p0010_sP08.2_b2_RAW--ZED-RGB_FRONT.avi,2024-03-07 14:04:55
11-03-2024_15-28-18_p0020_sP09.4_b3_RAW,20,P09.4,Piora ao tomar banho?,Pergunta,11-03-2024_15-28-18,/srv/projects2/captarlibras_finep/dataset_captarlibras/raw-data/frontal-cam/11-03-2024_15-28-18_p0020_sP09.4_b3_RAW--ZED-RGB_FRONT.avi,2024-03-11 15:28:18
11-03-2024_15-30-54_p0020_sP09.5_b3_RAW,20,P09.5,Piora em repouso?,Pergunta,11-03-2024_15-30-54,/srv/projects2/captarlibras_finep/dataset_captarlibras/raw-data/frontal-cam/11-03-2024_15-30-54_p0020_sP09.5_b3_RAW--ZED-RGB_FRONT.avi,2024-03-11 15:30:54
11-03-2024_15-35-25_p0020_sP10_b3_RAW,20,P10,"De 1 a 10, sendo 1 uma dor muito fraca e 10 uma dor insuportável, qual é a intensidade da dor?",Pergunta,11-03-2024_15-35-25,/srv/projects2/captarlibras_finep/dataset_captarlibras/raw-data/frontal-cam/11-03-2024_15-35-25_p0020_sP10_b3_RAW--ZED-RGB_FRONT.avi,2024-03-11 15:35:25
11-03-2024_15-44-09_p0020_sP11.3_b3_RAW,20,P11.3,Quando foi o primeiro episódio?,Pergunta,11-03-2024_15-44-09,/srv/projects2/captarlibras_finep/dataset_captarlibras/raw-data/frontal-cam/11-03-2024_15-44-09_p0020_sP11.3_b3_RAW--ZED-RGB_FRONT.avi,2024-03-11 15:44:09
11-03-2024_15-45-03_p0020_s176_b3_RAW,20,176,Quando foi o primeiro episódio?,Três meses,11-03-2024_15-45-03,/srv/projects2/captarlibras_finep/dataset_captarlibras/raw-data/frontal-cam/11-03-2024_15-45-03_p0020_s176_b3_RAW--ZED-RGB_FRONT.avi,2024-03-11 15:45:03
11-03-2024_15-46-09_p0020_sP11.4_b3_RAW,20,P11.4,"Como foi a evolução da dor ao longo do tempo, aumentou ou diminuiu de intensidade?",Pergunta,11-03-2024_15-46-09,/srv/projects2/captarlibras_finep/dataset_captarlibras/raw-data/frontal-cam/11-03-2024_15-46-09_p0020_sP11.4_b3_RAW--ZED-RGB_FRONT.avi,2024-03-11 15:46:09
11-03-2024_15-46-52_p0020_sP11.5_b3_RAW,20,P11.5,Houve aumento da duração da dor?,Pergunta,11-03-2024_15-46-52,/srv/projects2/captarlibras_finep/dataset_captarlibras/raw-data/frontal-cam/11-03-2024_15-46-52_p0020_sP11.5_b3_RAW--ZED-RGB_FRONT.avi,2024-03-11 15:46:52
11-03-2024_15-47-44_p0020_sP12_b3_RAW,20,P12,A dor tem uma localização fixa ou se espalha para algum lugar?,Pergunta,11-03-2024_15-47-44,/srv/projects2/captarlibras_finep/dataset_captarlibras/raw-data/frontal-cam/11-03-2024_15-47-44_p0020_sP12_b3_RAW--ZED-RGB_FRONT.avi,2024-03-11 15:47:44
11-03-2024_15-48-58_p0020_s179_b3_RAW,20,179,A dor tem uma localização fixa ou se espalha para algum lugar?,A dor é fixa,11-03-2024_15-48-58,/srv/projects2/captarlibras_finep/dataset_captarlibras/raw-data/frontal-cam/11-03-2024_15-48-58_p0020_s179_b3_RAW--ZED-RGB_FRONT.avi,2024-03-11 15:48:58
11-03-2024_15-50-50_p0020_s183_b3_RAW,20,183,A dor tem uma localização fixa ou se espalha para algum lugar?,A dor irradia para o ombro,11-03-2024_15-50-50,/srv/projects2/captarlibras_finep/dataset_captarlibras/raw-data/frontal-cam/11-03-2024_15-50-50_p0020_s183_b3_RAW--ZED-RGB_FRONT.avi,2024-03-11 15:50:50
11-03-2024_15-51-18_p0020_s184_b3_RAW,20,184,A dor tem uma localização fixa ou se espalha para algum lugar?,A dor irradia para o braço,11-03-2024_15-51-18,/srv/projects2/captarlibras_finep/dataset_captarlibras/raw-data/frontal-cam/11-03-2024_15-51-18_p0020_s184_b3_RAW--ZED-RGB_FRONT.avi,2024-03-11 15:51:18
11-03-2024_15-52-21_p0020_s186_b3_RAW,20,186,A dor tem uma localização fixa ou se espalha para algum lugar?,A dor irradia para as costas,11-03-2024_15-52-21,/srv/projects2/captarlibras_finep/dataset_captarlibras/raw-data/frontal-cam/11-03-2024_15-52-21_p0020_s186_b3_RAW--ZED-RGB_FRONT.avi,2024-03-11 15:52:21
11-03-2024_15-54-09_p0020_s189_b3_RAW,20,189,A dor tem uma localização fixa ou se espalha para algum lugar?,A dor irradia para a perna,11-03-2024_15-54-09,/srv/projects2/captarlibras_finep/dataset_captarlibras/raw-data/frontal-cam/11-03-2024_15-54-09_p0020_s189_b3_RAW--ZED-RGB_FRONT.avi,2024-03-11 15:54:09
11-03-2024_15-54-37_p0020_sP13.1_b3_RAW,20,P13.1,A dor piora quando aperta?,Pergunta,11-03-2024_15-54-37,/srv/projects2/captarlibras_finep/dataset_captarlibras/raw-data/frontal-cam/11-03-2024_15-54-37_p0020_sP13.1_b3_RAW--ZED-RGB_FRONT.avi,2024-03-11 15:54:37
11-03-2024_15-55-11_p0020_s190_b3_RAW,20,190,A dor piora quando aperta?,Piora quando aperta,11-03-2024_15-55-11,/srv/projects2/captarlibras_finep/dataset_captarlibras/raw-data/frontal-cam/11-03-2024_15-55-11_p0020_s190_b3_RAW--ZED-RGB_FRONT.avi,2024-03-11 15:55:11
11-03-2024_15-57-54_p0020_sP13.2_b3_RAW,20,P13.2,A dor piora quando muda a posição do corpo?,Pergunta,11-03-2024_15-57-54,/srv/projects2/captarlibras_finep/dataset_captarlibras/raw-data/frontal-cam/11-03-2024_15-57-54_p0020_sP13.2_b3_RAW--ZED-RGB_FRONT.avi,2024-03-11 15:57:54
11-03-2024_15-59-01_p0020_s192_b3_RAW,20,192,A dor piora quando muda a posição do corpo?,Piora quando muda a posição do corpo,11-03-2024_15-59-01,/srv/projects2/captarlibras_finep/dataset_captarlibras/raw-data/frontal-cam/11-03-2024_15-59-01_p0020_s192_b3_RAW--ZED-RGB_FRONT.avi,2024-03-11 15:59:01
11-03-2024_15-59-40_p0020_s193_b3_RAW,20,193,A dor piora quando muda a posição do corpo?,Não piora quando muda a posição do corpo,11-03-2024_15-59-40,/srv/projects2/captarlibras_finep/dataset_captarlibras/raw-data/frontal-cam/11-03-2024_15-59-40_p0020_s193_b3_RAW--ZED-RGB_FRONT.avi,2024-03-11 15:59:40
11-03-2024_16-00-53_p0020_sP14_b3_RAW,20,P14,"Tem dor, febre, calafrios, espirro ou secreção nasal?",Pergunta,11-03-2024_16-00-53,/srv/projects2/captarlibras_finep/dataset_captarlibras/raw-data/frontal-cam/11-03-2024_16-00-53_p0020_sP14_b3_RAW--ZED-RGB_FRONT.avi,2024-03-11 16:00:53
11-03-2024_16-02-05_p0020_sP15.2_b3_RAW,20,P15.2,Como é a tosse?,Pergunta,11-03-2024_16-02-05,/srv/projects2/captarlibras_finep/dataset_captarlibras/raw-data/frontal-cam/11-03-2024_16-02-05_p0020_sP15.2_b3_RAW--ZED-RGB_FRONT.avi,2024-03-11 16:02:05
11-03-2024_16-03-54_p0020_sP15.3_b3_RAW,20,P15.3,Tosse é com ou sem catarro?,Pergunta,11-03-2024_16-03-54,/srv/projects2/captarlibras_finep/dataset_captarlibras/raw-data/frontal-cam/11-03-2024_16-03-54_p0020_sP15.3_b3_RAW--ZED-RGB_FRONT.avi,2024-03-11 16:03:54
11-03-2024_16-05-31_p0020_sP15.4_b3_RAW,20,P15.4,Qual cor é o catarro?,Pergunta,11-03-2024_16-05-31,/srv/projects2/captarlibras_finep/dataset_captarlibras/raw-data/frontal-cam/11-03-2024_16-05-31_p0020_sP15.4_b3_RAW--ZED-RGB_FRONT.avi,2024-03-11 16:05:31
11-03-2024_16-05-48_p0020_s197_b3_RAW,20,197,Qual cor é o catarro?,Catarro transparente,11-03-2024_16-05-48,/srv/projects2/captarlibras_finep/dataset_captarlibras/raw-data/frontal-cam/11-03-2024_16-05-48_p0020_s197_b3_RAW--ZED-RGB_FRONT.avi,2024-03-11 16:05:48
11-03-2024_16-08-00_p0020_s199_b3_RAW,20,199,Qual cor é o catarro?,Catarro amarelado,11-03-2024_16-08-00,/srv/projects2/captarlibras_finep/dataset_captarlibras/raw-data/frontal-cam/11-03-2024_16-08-00_p0020_s199_b3_RAW--ZED-RGB_FRONT.avi,2024-03-11 16:08:00
11-03-2024_16-11-27_p0020_sP16_b3_RAW,20,P16,"Se não há espirro e tosse, sente ardor para urinar?",Pergunta,11-03-2024_16-11-27,/srv/projects2/captarlibras_finep/dataset_captarlibras/raw-data/frontal-cam/11-03-2024_16-11-27_p0020_sP16_b3_RAW--ZED-RGB_FRONT.avi,2024-03-11 16:11:27
11-03-2024_16-16-47_p0020_s208_b3_RAW,20,208,Trouxe cartão de vacina?,Não trouxe cartão de vacina,11-03-2024_16-16-47,/srv/projects2/captarlibras_finep/dataset_captarlibras/raw-data/frontal-cam/11-03-2024_16-16-47_p0020_s208_b3_RAW--ZED-RGB_FRONT.avi,2024-03-11 16:16:47
11-03-2024_16-18-12_p0020_sP20_b3_RAW,20,P20,Você trouxe algum relatório médico?,Pergunta,11-03-2024_16-18-12,/srv/projects2/captarlibras_finep/dataset_captarlibras/raw-data/frontal-cam/11-03-2024_16-18-12_p0020_sP20_b3_RAW--ZED-RGB_FRONT.avi,2024-03-11 16:18:12
11-03-2024_16-18-53_p0020_sP21.1_b3_RAW,20,P21.1,Você trouxe receita médica?,Pergunta,11-03-2024_16-18-53,/srv/projects2/captarlibras_finep/dataset_captarlibras/raw-data/frontal-cam/11-03-2024_16-18-53_p0020_sP21.1_b3_RAW--ZED-RGB_FRONT.avi,2024-03-11 16:18:53
11-03-2024_16-20-00_p0020_s241_b3_RAW,20,241,Você trouxe receita médica?,Trouxe receita médica,11-03-2024_16-20-00,/srv/projects2/captarlibras_finep/dataset_captarlibras/raw-data/frontal-cam/11-03-2024_16-20-00_p0020_s241_b3_RAW--ZED-RGB_FRONT.avi,2024-03-11 16:20:00
11-03-2024_16-20-23_p0020_s243_b3_RAW,20,243,Você trouxe receita médica?,Não trouxe receita médica,11-03-2024_16-20-23,/srv/projects2/captarlibras_finep/dataset_captarlibras/raw-data/frontal-cam/11-03-2024_16-20-23_p0020_s243_b3_RAW--ZED-RGB_FRONT.avi,2024-03-11 16:20:23
11-03-2024_16-20-45_p0020_sP21.2_b3_RAW,20,P21.2,Está usando algum medicamento?,Pergunta,11-03-2024_16-20-45,/srv/projects2/captarlibras_finep/dataset_captarlibras/raw-data/frontal-cam/11-03-2024_16-20-45_p0020_sP21.2_b3_RAW--ZED-RGB_FRONT.avi,2024-03-11 16:20:45
11-03-2024_16-21-39_p0020_s242_b3_RAW,20,242,Está usando algum medicamento?,Uso medicamento,11-03-2024_16-21-39,/srv/projects2/captarlibras_finep/dataset_captarlibras/raw-data/frontal-cam/11-03-2024_16-21-39_p0020_s242_b3_RAW--ZED-RGB_FRONT.avi,2024-03-11 16:21:39
11-03-2024_16-23-37_p0020_s244_b3_RAW,20,244,Está usando algum medicamento?,Não uso medicamento,11-03-2024_16-23-37,/srv/projects2/captarlibras_finep/dataset_captarlibras/raw-data/frontal-cam/11-03-2024_16-23-37_p0020_s244_b3_RAW--ZED-RGB_FRONT.avi,2024-03-11 16:23:37
12-03-2024_10-19-05_p0021_s221_b4_RAW,21,221,Como é a diarreia?,Com pus,12-03-2024_10-19-05,/srv/projects2/captarlibras_finep/dataset_captarlibras/raw-data/frontal-cam/12-03-2024_10-19-05_p0021_s221_b4_RAW--ZED-RGB_FRONT.avi,2024-03-12 10:19:05
12-03-2024_10-19-47_p0021_sP18.4_b4_RAW,21,P18.4,"Tem sangue, muco ou pus?",Pergunta,12-03-2024_10-19-47,/srv/projects2/captarlibras_finep/dataset_captarlibras/raw-data/frontal-cam/12-03-2024_10-19-47_p0021_sP18.4_b4_RAW--ZED-RGB_FRONT.avi,2024-03-12 10:19:47
12-03-2024_10-22-24_p0021_sP18.5_b4_RAW,21,P18.5,Sente dor na barriga?,Pergunta,12-03-2024_10-22-24,/srv/projects2/captarlibras_finep/dataset_captarlibras/raw-data/frontal-cam/12-03-2024_10-22-24_p0021_sP18.5_b4_RAW--ZED-RGB_FRONT.avi,2024-03-12 10:22:24
12-03-2024_10-33-37_p0021_sP22.1_b4_RAW,21,P22.1,Você tem alguma alergia?,Pergunta,12-03-2024_10-33-37,/srv/projects2/captarlibras_finep/dataset_captarlibras/raw-data/frontal-cam/12-03-2024_10-33-37_p0021_sP22.1_b4_RAW--ZED-RGB_FRONT.avi,2024-03-12 10:33:37
12-03-2024_10-41-29_p0021_sP22.2_b4_RAW,21,P22.2,Tem alergia a algum medicamento?,Pergunta,12-03-2024_10-41-29,/srv/projects2/captarlibras_finep/dataset_captarlibras/raw-data/frontal-cam/12-03-2024_10-41-29_p0021_sP22.2_b4_RAW--ZED-RGB_FRONT.avi,2024-03-12 10:41:29
12-03-2024_10-45-45_p0021_sP23.2_b4_RAW,21,P23.2,Há quanto tempo?,Pergunta,12-03-2024_10-45-45,/srv/projects2/captarlibras_finep/dataset_captarlibras/raw-data/frontal-cam/12-03-2024_10-45-45_p0021_sP23.2_b4_RAW--ZED-RGB_FRONT.avi,2024-03-12 10:45:45
12-03-2024_10-46-58_p0021_sP24.1_b4_RAW,21,P24.1,Ingere bebida alcoólica?,Pergunta,12-03-2024_10-46-58,/srv/projects2/captarlibras_finep/dataset_captarlibras/raw-data/frontal-cam/12-03-2024_10-46-58_p0021_sP24.1_b4_RAW--ZED-RGB_FRONT.avi,2024-03-12 10:46:58
12-03-2024_10-50-34_p0021_s274_b4_RAW,21,274,Quantas bebidas?,Duas latas duas vezes na semana,12-03-2024_10-50-34,/srv/projects2/captarlibras_finep/dataset_captarlibras/raw-data/frontal-cam/12-03-2024_10-50-34_p0021_s274_b4_RAW--ZED-RGB_FRONT.avi,2024-03-12 10:50:34
12-03-2024_10-54-15_p0021_sP25.1_b4_RAW,21,P25.1,"Você fez alguma cirurgia? Se sim, qual?",Pergunta,12-03-2024_10-54-15,/srv/projects2/captarlibras_finep/dataset_captarlibras/raw-data/frontal-cam/12-03-2024_10-54-15_p0021_sP25.1_b4_RAW--ZED-RGB_FRONT.avi,2024-03-12 10:54:15
12-03-2024_10-58-27_p0021_s214_b4_RAW,21,214,Como é a diarreia?,Brilhante,12-03-2024_10-58-27,/srv/projects2/captarlibras_finep/dataset_captarlibras/raw-data/frontal-cam/12-03-2024_10-58-27_p0021_s214_b4_RAW--ZED-RGB_FRONT.avi,2024-03-12 10:58:27
12-03-2024_14-12-06_p0022_sP01_b1_RAW,22,P01,O que você está sentindo que te fez procurar o hospital?,Pergunta,12-03-2024_14-12-06,/srv/projects2/captarlibras_finep/dataset_captarlibras/raw-data/frontal-cam/12-03-2024_14-12-06_p0022_sP01_b1_RAW--ZED-RGB_FRONT.avi,2024-03-12 14:12:06
12-03-2024_14-16-11_p0022_s5_b1_RAW,22,5,O que você está sentindo que te fez procurar o hospital?,Dor de cabeça,12-03-2024_14-16-11,/srv/projects2/captarlibras_finep/dataset_captarlibras/raw-data/frontal-cam/12-03-2024_14-16-11_p0022_s5_b1_RAW--ZED-RGB_FRONT.avi,2024-03-12 14:16:11
12-03-2024_14-17-37_p0022_s6_b1_RAW,22,6,O que você está sentindo que te fez procurar o hospital?,Dor no pescoço,12-03-2024_14-17-37,/srv/projects2/captarlibras_finep/dataset_captarlibras/raw-data/frontal-cam/12-03-2024_14-17-37_p0022_s6_b1_RAW--ZED-RGB_FRONT.avi,2024-03-12 14:17:37
12-03-2024_14-30-12_p0022_s36_b1_RAW,22,36,O que você está sentindo que te fez procurar o hospital?,Excesso de suor,12-03-2024_14-30-12,/srv/projects2/captarlibras_finep/dataset_captarlibras/raw-data/frontal-cam/12-03-2024_14-30-12_p0022_s36_b1_RAW--ZED-RGB_FRONT.avi,2024-03-12 14:30:12
12-03-2024_14-30-26_p0022_s37_b1_RAW,22,37,O que você está sentindo que te fez procurar o hospital?,Glicemia alterada,12-03-2024_14-30-26,/srv/projects2/captarlibras_finep/dataset_captarlibras/raw-data/frontal-cam/12-03-2024_14-30-26_p0022_s37_b1_RAW--ZED-RGB_FRONT.avi,2024-03-12 14:30:26
12-03-2024_14-32-31_p0022_s42_b1_RAW,22,42,O que você está sentindo que te fez procurar o hospital?,Picada de cobra,12-03-2024_14-32-31,/srv/projects2/captarlibras_finep/dataset_captarlibras/raw-data/frontal-cam/12-03-2024_14-32-31_p0022_s42_b1_RAW--ZED-RGB_FRONT.avi,2024-03-12 14:32:31
12-03-2024_14-35-26_p0022_s48_b1_RAW,22,48,O que você está sentindo que te fez procurar o hospital?,Urina solta,12-03-2024_14-35-26,/srv/projects2/captarlibras_finep/dataset_captarlibras/raw-data/frontal-cam/12-03-2024_14-35-26_p0022_s48_b1_RAW--ZED-RGB_FRONT.avi,2024-03-12 14:35:26
12-03-2024_14-37-46_p0022_s51_b1_RAW,22,51,O que você está sentindo que te fez procurar o hospital?,Urina escura,12-03-2024_14-37-46,/srv/projects2/captarlibras_finep/dataset_captarlibras/raw-data/frontal-cam/12-03-2024_14-37-46_p0022_s51_b1_RAW--ZED-RGB_FRONT.avi,2024-03-12 14:37:46
12-03-2024_14-40-03_p0022_s58_b1_RAW,22,58,O que você está sentindo que te fez procurar o hospital?,Trauma físico,12-03-2024_14-40-03,/srv/projects2/captarlibras_finep/dataset_captarlibras/raw-data/frontal-cam/12-03-2024_14-40-03_p0022_s58_b1_RAW--ZED-RGB_FRONT.avi,2024-03-12 14:40:03
12-03-2024_14-43-10_p0022_s65_b1_RAW,22,65,O que você está sentindo que te fez procurar o hospital?,Trabalho de parto ativo,12-03-2024_14-43-10,/srv/projects2/captarlibras_finep/dataset_captarlibras/raw-data/frontal-cam/12-03-2024_14-43-10_p0022_s65_b1_RAW--ZED-RGB_FRONT.avi,2024-03-12 14:43:10
12-03-2024_14-44-12_p0022_s67_b1_RAW,22,67,O que você está sentindo que te fez procurar o hospital?,Vômitos com sangue,12-03-2024_14-44-12,/srv/projects2/captarlibras_finep/dataset_captarlibras/raw-data/frontal-cam/12-03-2024_14-44-12_p0022_s67_b1_RAW--ZED-RGB_FRONT.avi,2024-03-12 14:44:12
13-03-2024_14-47-38_p0014_sP04_b2_RAW,14,P04,Qual é o tempo de duração?,Pergunta,13-03-2024_14-47-38,/srv/projects2/captarlibras_finep/dataset_captarlibras/raw-data/frontal-cam/13-03-2024_14-47-38_p0014_sP04_b2_RAW--ZED-RGB_FRONT.avi,2024-03-13 14:47:38
13-03-2024_15-08-30_p0014_s118_b2_RAW,14,118,"Junto desse sintoma, você sente mais alguma coisa?",Lacrimejamento,13-03-2024_15-08-30,/srv/projects2/captarlibras_finep/dataset_captarlibras/raw-data/frontal-cam/13-03-2024_15-08-30_p0014_s118_b2_RAW--ZED-RGB_FRONT.avi,2024-03-13 15:08:30
13-03-2024_15-20-25_p0014_sP08.2_b2_RAW,14,P08.2,Tem algum fator de melhora?,Pergunta,13-03-2024_15-20-25,/srv/projects2/captarlibras_finep/dataset_captarlibras/raw-data/frontal-cam/13-03-2024_15-20-25_p0014_sP08.2_b2_RAW--ZED-RGB_FRONT.avi,2024-03-13 15:20:25
13-03-2024_15-48-55_p0014_sP18.4_b4_RAW,14,P18.4,"Tem sangue, muco ou pus?",Pergunta,13-03-2024_15-48-55,/srv/projects2/captarlibras_finep/dataset_captarlibras/raw-data/frontal-cam/13-03-2024_15-48-55_p0014_sP18.4_b4_RAW--ZED-RGB_FRONT.avi,2024-03-13 15:48:55
13-03-2024_15-56-52_p0014_s236_b4_RAW,14,236,Você faz tratamento para alguma doença? Qual?,Cirrose,13-03-2024_15-56-52,/srv/projects2/captarlibras_finep/dataset_captarlibras/raw-data/frontal-cam/13-03-2024_15-56-52_p0014_s236_b4_RAW--ZED-RGB_FRONT.avi,2024-03-13 15:56:52
13-03-2024_16-05-50_p0014_sP22.2_b4_RAW,14,P22.2,Tem alergia a algum medicamento?,Pergunta,13-03-2024_16-05-50,/srv/projects2/captarlibras_finep/dataset_captarlibras/raw-data/frontal-cam/13-03-2024_16-05-50_p0014_sP22.2_b4_RAW--ZED-RGB_FRONT.avi,2024-03-13 16:05:50
13-03-2024_16-09-41_p0014_sP23.3_b4_RAW,14,P23.3,Quantos cigarros por dia?,Pergunta,13-03-2024_16-09-41,/srv/projects2/captarlibras_finep/dataset_captarlibras/raw-data/frontal-cam/13-03-2024_16-09-41_p0014_sP23.3_b4_RAW--ZED-RGB_FRONT.avi,2024-03-13 16:09:41
13-03-2024_16-10-08_p0014_sP24.1_b4_RAW,14,P24.1,Ingere bebida alcoólica?,Pergunta,13-03-2024_16-10-08,/srv/projects2/captarlibras_finep/dataset_captarlibras/raw-data/frontal-cam/13-03-2024_16-10-08_p0014_sP24.1_b4_RAW--ZED-RGB_FRONT.avi,2024-03-13 16:10:08
13-03-2024_16-14-25_p0014_s272_b4_RAW,14,272,Quantas bebidas?,Uma lata todo dia,13-03-2024_16-14-25,/srv/projects2/captarlibras_finep/dataset_captarlibras/raw-data/frontal-cam/13-03-2024_16-14-25_p0014_s272_b4_RAW--ZED-RGB_FRONT.avi,2024-03-13 16:14:25
13-03-2024_16-15-38_p0014_s275_b4_RAW,14,275,Quantas bebidas?,Uma garrafa todo dia,13-03-2024_16-15-38,/srv/projects2/captarlibras_finep/dataset_captarlibras/raw-data/frontal-cam/13-03-2024_16-15-38_p0014_s275_b4_RAW--ZED-RGB_FRONT.avi,2024-03-13 16:15:38
13-03-2024_16-19-11_p0014_s282_b4_RAW,14,282,Quantas bebidas?,Um copo uma vez por semana,13-03-2024_16-19-11,/srv/projects2/captarlibras_finep/dataset_captarlibras/raw-data/frontal-cam/13-03-2024_16-19-11_p0014_s282_b4_RAW--ZED-RGB_FRONT.avi,2024-03-13 16:19:11
13-03-2024_16-19-36_p0014_s283_b4_RAW,14,283,Quantas bebidas?,Um copo cheio todos os dias,13-03-2024_16-19-36,/srv/projects2/captarlibras_finep/dataset_captarlibras/raw-data/frontal-cam/13-03-2024_16-19-36_p0014_s283_b4_RAW--ZED-RGB_FRONT.avi,2024-03-13 16:19:36
13-03-2024_16-20-03_p0014_sP25.1_b4_RAW,14,P25.1,"Você fez alguma cirurgia? Se sim, qual?",Pergunta,13-03-2024_16-20-03,/srv/projects2/captarlibras_finep/dataset_captarlibras/raw-data/frontal-cam/13-03-2024_16-20-03_p0014_sP25.1_b4_RAW--ZED-RGB_FRONT.avi,2024-03-13 16:20:03
18-03-2024_11-07-00_p0013_sP18.2_b4_RAW,13,P18.2,Está com diarreia?,Pergunta,18-03-2024_11-07-00,/srv/projects2/captarlibras_finep/dataset_captarlibras/raw-data/frontal-cam/18-03-2024_11-07-00_p0013_sP18.2_b4_RAW--ZED-RGB.avi,2024-03-18 11:07:00
18-03-2024_11-10-07_p0013_sP18.3_b4_RAW,13,P18.3,Como é a diarreia?,Pergunta,18-03-2024_11-10-07,/srv/projects2/captarlibras_finep/dataset_captarlibras/raw-data/frontal-cam/18-03-2024_11-10-07_p0013_sP18.3_b4_RAW--ZED-RGB.avi,2024-03-18 11:10:07
18-03-2024_11-15-30_p0013_s221_b4_RAW,13,221,Como é a diarreia?,Com pus,18-03-2024_11-15-30,/srv/projects2/captarlibras_finep/dataset_captarlibras/raw-data/frontal-cam/18-03-2024_11-15-30_p0013_s221_b4_RAW--ZED-RGB.avi,2024-03-18 11:15:30
18-03-2024_11-16-34_p0013_sP18.4_b4_RAW,13,P18.4,"Tem sangue, muco ou pus?",Pergunta,18-03-2024_11-16-34,/srv/projects2/captarlibras_finep/dataset_captarlibras/raw-data/frontal-cam/18-03-2024_11-16-34_p0013_sP18.4_b4_RAW--ZED-RGB.avi,2024-03-18 11:16:34
18-03-2024_11-32-13_p0013_sP22.2_b4_RAW,13,P22.2,Tem alergia a algum medicamento?,Pergunta,18-03-2024_11-32-13,/srv/projects2/captarlibras_finep/dataset_captarlibras/raw-data/frontal-cam/18-03-2024_11-32-13_p0013_sP22.2_b4_RAW--ZED-RGB.avi,2024-03-18 11:32:13
18-03-2024_11-39-13_p0013_s270_b4_RAW,13,270,Quais bebidas?,Gin,18-03-2024_11-39-13,/srv/projects2/captarlibras_finep/dataset_captarlibras/raw-data/frontal-cam/18-03-2024_11-39-13_p0013_s270_b4_RAW--ZED-RGB.avi,2024-03-18 11:39:13
18-03-2024_11-51-33_p0013_sP25.1_b4_RAW,13,P25.1,"Você fez alguma cirurgia? Se sim, qual?",Pergunta,18-03-2024_11-51-33,/srv/projects2/captarlibras_finep/dataset_captarlibras/raw-data/frontal-cam/18-03-2024_11-51-33_p0013_sP25.1_b4_RAW--ZED-RGB.avi,2024-03-18 11:51:33
18-03-2024_15-11-32_p0020_sP01_b1_RAW,20,P01,O que você está sentindo que te fez procurar o hospital?,Pergunta,18-03-2024_15-11-32,/srv/projects2/captarlibras_finep/dataset_captarlibras/raw-data/frontal-cam/18-03-2024_15-11-32_p0020_sP01_b1_RAW--ZED-RGB.avi,2024-03-18 15:11:32
18-03-2024_15-14-05_p0020_s5_b1_RAW,20,5,O que você está sentindo que te fez procurar o hospital?,Dor de cabeça,18-03-2024_15-14-05,/srv/projects2/captarlibras_finep/dataset_captarlibras/raw-data/frontal-cam/18-03-2024_15-14-05_p0020_s5_b1_RAW--ZED-RGB.avi,2024-03-18 15:14:05
18-03-2024_15-14-23_p0020_s6_b1_RAW,20,6,O que você está sentindo que te fez procurar o hospital?,Dor no pescoço,18-03-2024_15-14-23,/srv/projects2/captarlibras_finep/dataset_captarlibras/raw-data/frontal-cam/18-03-2024_15-14-23_p0020_s6_b1_RAW--ZED-RGB.avi,2024-03-18 15:14:23
18-03-2024_15-15-31_p0020_s9_b1_RAW,20,9,O que você está sentindo que te fez procurar o hospital?,Dor na lombar,18-03-2024_15-15-31,/srv/projects2/captarlibras_finep/dataset_captarlibras/raw-data/frontal-cam/18-03-2024_15-15-31_p0020_s9_b1_RAW--ZED-RGB.avi,2024-03-18 15:15:31
18-03-2024_15-16-13_p0020_s11_b1_RAW,20,11,O que você está sentindo que te fez procurar o hospital?,Dor na garganta,18-03-2024_15-16-13,/srv/projects2/captarlibras_finep/dataset_captarlibras/raw-data/frontal-cam/18-03-2024_15-16-13_p0020_s11_b1_RAW--ZED-RGB.avi,2024-03-18 15:16:13
18-03-2024_15-16-30_p0020_s12_b1_RAW,20,12,O que você está sentindo que te fez procurar o hospital?,Dor no braço,18-03-2024_15-16-30,/srv/projects2/captarlibras_finep/dataset_captarlibras/raw-data/frontal-cam/18-03-2024_15-16-30_p0020_s12_b1_RAW--ZED-RGB.avi,2024-03-18 15:16:30
18-03-2024_15-16-45_p0020_s13_b1_RAW,20,13,O que você está sentindo que te fez procurar o hospital?,Dor na perna,18-03-2024_15-16-45,/srv/projects2/captarlibras_finep/dataset_captarlibras/raw-data/frontal-cam/18-03-2024_15-16-45_p0020_s13_b1_RAW--ZED-RGB.avi,2024-03-18 15:16:45
18-03-2024_15-17-01_p0020_s14_b1_RAW,20,14,O que você está sentindo que te fez procurar o hospital?,Dor na panturrilha,18-03-2024_15-17-01,/srv/projects2/captarlibras_finep/dataset_captarlibras/raw-data/frontal-cam/18-03-2024_15-17-01_p0020_s14_b1_RAW--ZED-RGB.avi,2024-03-18 15:17:01
18-03-2024_15-17-21_p0020_s15_b1_RAW,20,15,O que você está sentindo que te fez procurar o hospital?,Dor no pé,18-03-2024_15-17-21,/srv/projects2/captarlibras_finep/dataset_captarlibras/raw-data/frontal-cam/18-03-2024_15-17-21_p0020_s15_b1_RAW--ZED-RGB.avi,2024-03-18 15:17:21
18-03-2024_15-17-43_p0020_s16_b1_RAW,20,16,O que você está sentindo que te fez procurar o hospital?,Falta de ar,18-03-2024_15-17-43,/srv/projects2/captarlibras_finep/dataset_captarlibras/raw-data/frontal-cam/18-03-2024_15-17-43_p0020_s16_b1_RAW--ZED-RGB.avi,2024-03-18 15:17:43
18-03-2024_15-19-14_p0020_s21_b1_RAW,20,21,O que você está sentindo que te fez procurar o hospital?,Diarreia,18-03-2024_15-19-14,/srv/projects2/captarlibras_finep/dataset_captarlibras/raw-data/frontal-cam/18-03-2024_15-19-14_p0020_s21_b1_RAW--ZED-RGB.avi,2024-03-18 15:19:14
18-03-2024_15-19-32_p0020_s22_b1_RAW,20,22,O que você está sentindo que te fez procurar o hospital?,Diarreia com sangue,18-03-2024_15-19-32,/srv/projects2/captarlibras_finep/dataset_captarlibras/raw-data/frontal-cam/18-03-2024_15-19-32_p0020_s22_b1_RAW--ZED-RGB.avi,2024-03-18 15:19:32
18-03-2024_15-19-48_p0020_s23_b1_RAW,20,23,O que você está sentindo que te fez procurar o hospital?,Náuseas,18-03-2024_15-19-48,/srv/projects2/captarlibras_finep/dataset_captarlibras/raw-data/frontal-cam/18-03-2024_15-19-48_p0020_s23_b1_RAW--ZED-RGB.avi,2024-03-18 15:19:48
18-03-2024_15-20-18_p0020_s25_b1_RAW,20,25,O que você está sentindo que te fez procurar o hospital?,Fezes escurecidas,18-03-2024_15-20-18,/srv/projects2/captarlibras_finep/dataset_captarlibras/raw-data/frontal-cam/18-03-2024_15-20-18_p0020_s25_b1_RAW--ZED-RGB.avi,2024-03-18 15:20:18
18-03-2024_15-21-03_p0020_s27_b1_RAW,20,27,O que você está sentindo que te fez procurar o hospital?,Nariz escorrendo,18-03-2024_15-21-03,/srv/projects2/captarlibras_finep/dataset_captarlibras/raw-data/frontal-cam/18-03-2024_15-21-03_p0020_s27_b1_RAW--ZED-RGB.avi,2024-03-18 15:21:03
18-03-2024_15-27-20_p0020_s30_b1_RAW,20,30,O que você está sentindo que te fez procurar o hospital?,Feridas na pele,18-03-2024_15-27-20,/srv/projects2/captarlibras_finep/dataset_captarlibras/raw-data/frontal-cam/18-03-2024_15-27-20_p0020_s30_b1_RAW--ZED-RGB.avi,2024-03-18 15:27:20
18-03-2024_15-28-34_p0020_s33_b1_RAW,20,33,O que você está sentindo que te fez procurar o hospital?,Coceira,18-03-2024_15-28-34,/srv/projects2/captarlibras_finep/dataset_captarlibras/raw-data/frontal-cam/18-03-2024_15-28-34_p0020_s33_b1_RAW--ZED-RGB.avi,2024-03-18 15:28:34
18-03-2024_15-28-49_p0020_s34_b1_RAW,20,34,O que você está sentindo que te fez procurar o hospital?,Febre,18-03-2024_15-28-49,/srv/projects2/captarlibras_finep/dataset_captarlibras/raw-data/frontal-cam/18-03-2024_15-28-49_p0020_s34_b1_RAW--ZED-RGB.avi,2024-03-18 15:28:49
18-03-2024_15-29-04_p0020_s35_b1_RAW,20,35,O que você está sentindo que te fez procurar o hospital?,Calafrios,18-03-2024_15-29-04,/srv/projects2/captarlibras_finep/dataset_captarlibras/raw-data/frontal-cam/18-03-2024_15-29-04_p0020_s35_b1_RAW--ZED-RGB.avi,2024-03-18 15:29:04
18-03-2024_15-29-19_p0020_s36_b1_RAW,20,36,O que você está sentindo que te fez procurar o hospital?,Excesso de suor,18-03-2024_15-29-19,/srv/projects2/captarlibras_finep/dataset_captarlibras/raw-data/frontal-cam/18-03-2024_15-29-19_p0020_s36_b1_RAW--ZED-RGB.avi,2024-03-18 15:29:19
18-03-2024_15-29-32_p0020_s37_b1_RAW,20,37,O que você está sentindo que te fez procurar o hospital?,Glicemia alterada,18-03-2024_15-29-32,/srv/projects2/captarlibras_finep/dataset_captarlibras/raw-data/frontal-cam/18-03-2024_15-29-32_p0020_s37_b1_RAW--ZED-RGB.avi,2024-03-18 15:29:32
18-03-2024_15-29-55_p0020_s38_b1_RAW,20,38,O que você está sentindo que te fez procurar o hospital?,Tentativa de suicídio,18-03-2024_15-29-55,/srv/projects2/captarlibras_finep/dataset_captarlibras/raw-data/frontal-cam/18-03-2024_15-29-55_p0020_s38_b1_RAW--ZED-RGB.avi,2024-03-18 15:29:55
18-03-2024_15-32-00_p0020_s46_b1_RAW,20,46,O que você está sentindo que te fez procurar o hospital?,Problemas no ouvido,18-03-2024_15-32-00,/srv/projects2/captarlibras_finep/dataset_captarlibras/raw-data/frontal-cam/18-03-2024_15-32-00_p0020_s46_b1_RAW--ZED-RGB.avi,2024-03-18 15:32:00
18-03-2024_15-32-27_p0020_s47_b1_RAW,20,47,O que você está sentindo que te fez procurar o hospital?,Ardor para urinar,18-03-2024_15-32-27,/srv/projects2/captarlibras_finep/dataset_captarlibras/raw-data/frontal-cam/18-03-2024_15-32-27_p0020_s47_b1_RAW--ZED-RGB.avi,2024-03-18 15:32:27
18-03-2024_15-32-45_p0020_s48_b1_RAW,20,48,O que você está sentindo que te fez procurar o hospital?,Urina solta,18-03-2024_15-32-45,/srv/projects2/captarlibras_finep/dataset_captarlibras/raw-data/frontal-cam/18-03-2024_15-32-45_p0020_s48_b1_RAW--ZED-RGB.avi,2024-03-18 15:32:45
18-03-2024_15-34-06_p0020_s52_b1_RAW,20,52,O que você está sentindo que te fez procurar o hospital?,Urina com espuma,18-03-2024_15-34-06,/srv/projects2/captarlibras_finep/dataset_captarlibras/raw-data/frontal-cam/18-03-2024_15-34-06_p0020_s52_b1_RAW--ZED-RGB.avi,2024-03-18 15:34:06
18-03-2024_15-34-26_p0020_s53_b1_RAW,20,53,O que você está sentindo que te fez procurar o hospital?,Sangue na urina,18-03-2024_15-34-26,/srv/projects2/captarlibras_finep/dataset_captarlibras/raw-data/frontal-cam/18-03-2024_15-34-26_p0020_s53_b1_RAW--ZED-RGB.avi,2024-03-18 15:34:26
18-03-2024_15-34-45_p0020_s54_b1_RAW,20,54,O que você está sentindo que te fez procurar o hospital?,Sangramento pela boca,18-03-2024_15-34-45,/srv/projects2/captarlibras_finep/dataset_captarlibras/raw-data/frontal-cam/18-03-2024_15-34-45_p0020_s54_b1_RAW--ZED-RGB.avi,2024-03-18 15:34:45
18-03-2024_15-35-02_p0020_s55_b1_RAW,20,55,O que você está sentindo que te fez procurar o hospital?,Sangramento pelo nariz,18-03-2024_15-35-02,/srv/projects2/captarlibras_finep/dataset_captarlibras/raw-data/frontal-cam/18-03-2024_15-35-02_p0020_s55_b1_RAW--ZED-RGB.avi,2024-03-18 15:35:02
18-03-2024_15-35-21_p0020_s56_b1_RAW,20,56,O que você está sentindo que te fez procurar o hospital?,Sangramento nas fezes,18-03-2024_15-35-21,/srv/projects2/captarlibras_finep/dataset_captarlibras/raw-data/frontal-cam/18-03-2024_15-35-21_p0020_s56_b1_RAW--ZED-RGB.avi,2024-03-18 15:35:21
18-03-2024_15-36-13_p0020_s58_b1_RAW,20,58,O que você está sentindo que te fez procurar o hospital?,Trauma físico,18-03-2024_15-36-13,/srv/projects2/captarlibras_finep/dataset_captarlibras/raw-data/frontal-cam/18-03-2024_15-36-13_p0020_s58_b1_RAW--ZED-RGB.avi,2024-03-18 15:36:13
18-03-2024_15-39-47_p0020_s59_b1_RAW,20,59,O que você está sentindo que te fez procurar o hospital?,Trauma psicológico,18-03-2024_15-39-47,/srv/projects2/captarlibras_finep/dataset_captarlibras/raw-data/frontal-cam/18-03-2024_15-39-47_p0020_s59_b1_RAW--ZED-RGB.avi,2024-03-18 15:39:47
18-03-2024_15-40-27_p0020_s61_b1_RAW,20,61,O que você está sentindo que te fez procurar o hospital?,Queimaduras,18-03-2024_15-40-27,/srv/projects2/captarlibras_finep/dataset_captarlibras/raw-data/frontal-cam/18-03-2024_15-40-27_p0020_s61_b1_RAW--ZED-RGB.avi,2024-03-18 15:40:27
18-03-2024_15-41-01_p0020_s62_b1_RAW,20,62,O que você está sentindo que te fez procurar o hospital?,Lesão por arma branca,18-03-2024_15-41-01,/srv/projects2/captarlibras_finep/dataset_captarlibras/raw-data/frontal-cam/18-03-2024_15-41-01_p0020_s62_b1_RAW--ZED-RGB.avi,2024-03-18 15:41:01
18-03-2024_15-42-50_p0020_s67_b1_RAW,20,67,O que você está sentindo que te fez procurar o hospital?,Vômitos com sangue,18-03-2024_15-42-50,/srv/projects2/captarlibras_finep/dataset_captarlibras/raw-data/frontal-cam/18-03-2024_15-42-50_p0020_s67_b1_RAW--ZED-RGB.avi,2024-03-18 15:42:50
18-03-2024_15-43-09_p0020_sP02_b1_RAW,20,P02,Quando começou?,Pergunta,18-03-2024_15-43-09,/srv/projects2/captarlibras_finep/dataset_captarlibras/raw-data/frontal-cam/18-03-2024_15-43-09_p0020_sP02_b1_RAW--ZED-RGB.avi,2024-03-18 15:43:09
18-03-2024_15-44-45_p0020_sP03_b1_RAW,20,P03,Como começou? O que você estava fazendo?,Pergunta,18-03-2024_15-44-45,/srv/projects2/captarlibras_finep/dataset_captarlibras/raw-data/frontal-cam/18-03-2024_15-44-45_p0020_sP03_b1_RAW--ZED-RGB.avi,2024-03-18 15:44:45
18-03-2024_15-45-59_p0020_s77_b1_RAW,20,77,Como começou? O que você estava fazendo?,Praticando exercício físico,18-03-2024_15-45-59,/srv/projects2/captarlibras_finep/dataset_captarlibras/raw-data/frontal-cam/18-03-2024_15-45-59_p0020_s77_b1_RAW--ZED-RGB.avi,2024-03-18 15:45:59
18-03-2024_15-46-13_p0020_s78_b1_RAW,20,78,Como começou? O que você estava fazendo?,Em repouso,18-03-2024_15-46-13,/srv/projects2/captarlibras_finep/dataset_captarlibras/raw-data/frontal-cam/18-03-2024_15-46-13_p0020_s78_b1_RAW--ZED-RGB.avi,2024-03-18 15:46:13
19-03-2024_15-05-11_p0022_s102_b2_RAW,22,102,Onde é a dor?,Dor no braço direito e esquerdo,19-03-2024_15-05-11,/srv/projects2/captarlibras_finep/dataset_captarlibras/raw-data/frontal-cam/19-03-2024_15-05-11_p0022_s102_b2_RAW--ZED-RGB.avi,2024-03-19 15:05:11
19-03-2024_15-10-33_p0022_s109_b2_RAW,22,109,Como é a dor? ,Dor lancinante,19-03-2024_15-10-33,/srv/projects2/captarlibras_finep/dataset_captarlibras/raw-data/frontal-cam/19-03-2024_15-10-33_p0022_s109_b2_RAW--ZED-RGB.avi,2024-03-19 15:10:33
19-03-2024_15-13-16_p0022_s115_b2_RAW,22,115,Como é a dor? ,Cólica menstrual,19-03-2024_15-13-16,/srv/projects2/captarlibras_finep/dataset_captarlibras/raw-data/frontal-cam/19-03-2024_15-13-16_p0022_s115_b2_RAW--ZED-RGB.avi,2024-03-19 15:13:16
19-03-2024_15-16-25_p0022_s117_b2_RAW,22,117,"Junto desse sintoma, você sente mais alguma coisa?",Sudorese,19-03-2024_15-16-25,/srv/projects2/captarlibras_finep/dataset_captarlibras/raw-data/frontal-cam/19-03-2024_15-16-25_p0022_s117_b2_RAW--ZED-RGB.avi,2024-03-19 15:16:25
19-03-2024_15-18-00_p0022_s120_b2_RAW,22,120,"Junto desse sintoma, você sente mais alguma coisa?",Visão dupla,19-03-2024_15-18-00,/srv/projects2/captarlibras_finep/dataset_captarlibras/raw-data/frontal-cam/19-03-2024_15-18-00_p0022_s120_b2_RAW--ZED-RGB.avi,2024-03-19 15:18:00
19-03-2024_15-21-04_p0022_sP08.1_b2_RAW,22,P08.1,Existe algum fator de piora?,Pergunta,19-03-2024_15-21-04,/srv/projects2/captarlibras_finep/dataset_captarlibras/raw-data/frontal-cam/19-03-2024_15-21-04_p0022_sP08.1_b2_RAW--ZED-RGB.avi,2024-03-19 15:21:04
19-03-2024_15-23-54_p0022_s129_b2_RAW,22,129,Existe algum fator de piora?,Locais com luminosidade excessiva,19-03-2024_15-23-54,/srv/projects2/captarlibras_finep/dataset_captarlibras/raw-data/frontal-cam/19-03-2024_15-23-54_p0022_s129_b2_RAW--ZED-RGB.avi,2024-03-19 15:23:54
19-03-2024_15-33-50_p0022_s142_b2_RAW,22,142,Existe algum fator de piora?,A posição do corpo piora a dor,19-03-2024_15-33-50,/srv/projects2/captarlibras_finep/dataset_captarlibras/raw-data/frontal-cam/19-03-2024_15-33-50_p0022_s142_b2_RAW--ZED-RGB.avi,2024-03-19 15:33:50
19-03-2024_15-34-30_p0022_sP08.2_b2_RAW,22,P08.2,Tem algum fator de melhora?,Pergunta,19-03-2024_15-34-30,/srv/projects2/captarlibras_finep/dataset_captarlibras/raw-data/frontal-cam/19-03-2024_15-34-30_p0022_sP08.2_b2_RAW--ZED-RGB.avi,2024-03-19 15:34:30
20-03-2024_14-46-47_p0015_sP09.1_b3_RAW,15,P09.1,A dor no peito ou falta de ar piora ao fazer esforço físico?,Pergunta,20-03-2024_14-46-47,/srv/projects2/captarlibras_finep/dataset_captarlibras/raw-data/frontal-cam/20-03-2024_14-46-47_p0015_sP09.1_b3_RAW--ZED-RGB.avi,2024-03-20 14:46:47
20-03-2024_14-53-07_p0015_s162_b3_RAW,15,162,Piora ao tomar banho?,Piora ao tomar banho,20-03-2024_14-53-07,/srv/projects2/captarlibras_finep/dataset_captarlibras/raw-data/frontal-cam/20-03-2024_14-53-07_p0015_s162_b3_RAW--ZED-RGB.avi,2024-03-20 14:53:07
20-03-2024_15-08-27_p0015_s178_b3_RAW,15,178,Quando foi o primeiro episódio?,Cinco anos,20-03-2024_15-08-27,/srv/projects2/captarlibras_finep/dataset_captarlibras/raw-data/frontal-cam/20-03-2024_15-08-27_p0015_s178_b3_RAW--ZED-RGB.avi,2024-03-20 15:08:27
20-03-2024_15-12-50_p0015_s184_b3_RAW,15,184,A dor tem uma localização fixa ou se espalha para algum lugar?,A dor irradia para o braço,20-03-2024_15-12-50,/srv/projects2/captarlibras_finep/dataset_captarlibras/raw-data/frontal-cam/20-03-2024_15-12-50_p0015_s184_b3_RAW--ZED-RGB.avi,2024-03-20 15:12:50
20-03-2024_15-13-20_p0015_s185_b3_RAW,15,185,A dor tem uma localização fixa ou se espalha para algum lugar?,A dor irradia para a barriga,20-03-2024_15-13-20,/srv/projects2/captarlibras_finep/dataset_captarlibras/raw-data/frontal-cam/20-03-2024_15-13-20_p0015_s185_b3_RAW--ZED-RGB.avi,2024-03-20 15:13:20
20-03-2024_15-14-34_p0015_s188_b3_RAW,15,188,A dor tem uma localização fixa ou se espalha para algum lugar?,A dor irradia para a coxa,20-03-2024_15-14-34,/srv/projects2/captarlibras_finep/dataset_captarlibras/raw-data/frontal-cam/20-03-2024_15-14-34_p0015_s188_b3_RAW--ZED-RGB.avi,2024-03-20 15:14:34
20-03-2024_15-15-26_p0015_sP13.1_b3_RAW,15,P13.1,A dor piora quando aperta?,Pergunta,20-03-2024_15-15-26,/srv/projects2/captarlibras_finep/dataset_captarlibras/raw-data/frontal-cam/20-03-2024_15-15-26_p0015_sP13.1_b3_RAW--ZED-RGB.avi,2024-03-20 15:15:26
20-03-2024_15-16-29_p0015_s191_b3_RAW,15,191,A dor piora quando aperta?,Não piora quando aperta,20-03-2024_15-16-29,/srv/projects2/captarlibras_finep/dataset_captarlibras/raw-data/frontal-cam/20-03-2024_15-16-29_p0015_s191_b3_RAW--ZED-RGB.avi,2024-03-20 15:16:29
20-03-2024_15-23-09_p0015_sP15.4_b3_RAW,15,P15.4,Qual cor é o catarro?,Pergunta,20-03-2024_15-23-09,/srv/projects2/captarlibras_finep/dataset_captarlibras/raw-data/frontal-cam/20-03-2024_15-23-09_p0015_sP15.4_b3_RAW--ZED-RGB.avi,2024-03-20 15:23:09
20-03-2024_15-24-19_p0015_s199_b3_RAW,15,199,Qual cor é o catarro?,Catarro amarelado,20-03-2024_15-24-19,/srv/projects2/captarlibras_finep/dataset_captarlibras/raw-data/frontal-cam/20-03-2024_15-24-19_p0015_s199_b3_RAW--ZED-RGB.avi,2024-03-20 15:24:19
20-03-2024_15-25-49_p0015_sP16_b3_RAW,15,P16,"Se não há espirro e tosse, sente ardor para urinar?",Pergunta,20-03-2024_15-25-49,/srv/projects2/captarlibras_finep/dataset_captarlibras/raw-data/frontal-cam/20-03-2024_15-25-49_p0015_sP16_b3_RAW--ZED-RGB.avi,2024-03-20 15:25:49
20-03-2024_15-26-17_p0015_sP17.1_b3_RAW,15,P17.1,Você vacinou para covid-19?,Pergunta,20-03-2024_15-26-17,/srv/projects2/captarlibras_finep/dataset_captarlibras/raw-data/frontal-cam/20-03-2024_15-26-17_p0015_sP17.1_b3_RAW--ZED-RGB.avi,2024-03-20 15:26:17
20-03-2024_15-26-41_p0015_s203_b3_RAW,15,203,Você vacinou para covid-19?,Não vacinei pra covid-19,20-03-2024_15-26-41,/srv/projects2/captarlibras_finep/dataset_captarlibras/raw-data/frontal-cam/20-03-2024_15-26-41_p0015_s203_b3_RAW--ZED-RGB.avi,2024-03-20 15:26:41
20-03-2024_15-28-24_p0015_sP17.3_b3_RAW,15,P17.3,Você vacinou para gripe?,Pergunta,20-03-2024_15-28-24,/srv/projects2/captarlibras_finep/dataset_captarlibras/raw-data/frontal-cam/20-03-2024_15-28-24_p0015_sP17.3_b3_RAW--ZED-RGB.avi,2024-03-20 15:28:24
20-03-2024_15-30-18_p0015_sP20_b3_RAW,15,P20,Você trouxe algum relatório médico?,Pergunta,20-03-2024_15-30-18,/srv/projects2/captarlibras_finep/dataset_captarlibras/raw-data/frontal-cam/20-03-2024_15-30-18_p0015_sP20_b3_RAW--ZED-RGB.avi,2024-03-20 15:30:18
20-03-2024_15-30-41_p0015_sP21.1_b3_RAW,15,P21.1,Você trouxe receita médica?,Pergunta,20-03-2024_15-30-41,/srv/projects2/captarlibras_finep/dataset_captarlibras/raw-data/frontal-cam/20-03-2024_15-30-41_p0015_sP21.1_b3_RAW--ZED-RGB.avi,2024-03-20 15:30:41
20-03-2024_15-32-28_p0015_s242_b3_RAW,15,242,Está usando algum medicamento?,Uso medicamento,20-03-2024_15-32-28,/srv/projects2/captarlibras_finep/dataset_captarlibras/raw-data/frontal-cam/20-03-2024_15-32-28_p0015_s242_b3_RAW--ZED-RGB.avi,2024-03-20 15:32:28
20-03-2024_15-32-49_p0015_s244_b3_RAW,15,244,Está usando algum medicamento?,Não uso medicamento,20-03-2024_15-32-49,/srv/projects2/captarlibras_finep/dataset_captarlibras/raw-data/frontal-cam/20-03-2024_15-32-49_p0015_s244_b3_RAW--ZED-RGB.avi,2024-03-20 15:32:49
25-03-2024_15-24-15_p0020_s209_b4_RAW,20,209,Está enjoado ou com vômitos?,Pergunta,25-03-2024_15-24-15,/srv/projects2/captarlibras_finep/dataset_captarlibras/raw-data/frontal-cam/25-03-2024_15-24-15_p0020_s209_b4_RAW--ZED-RGB.avi,2024-03-25 15:24:15
25-03-2024_15-25-29_p0020_sP18.2_b4_RAW,20,P18.2,Está com diarreia?,Pergunta,25-03-2024_15-25-29,/srv/projects2/captarlibras_finep/dataset_captarlibras/raw-data/frontal-cam/25-03-2024_15-25-29_p0020_sP18.2_b4_RAW--ZED-RGB.avi,2024-03-25 15:25:29
25-03-2024_15-27-17_p0020_s211_b4_RAW,20,211,Como é a diarreia?,Semilíquida,25-03-2024_15-27-17,/srv/projects2/captarlibras_finep/dataset_captarlibras/raw-data/frontal-cam/25-03-2024_15-27-17_p0020_s211_b4_RAW--ZED-RGB.avi,2024-03-25 15:27:17
25-03-2024_15-29-12_p0020_s217_b4_RAW,20,217,Como é a diarreia?,Branca,25-03-2024_15-29-12,/srv/projects2/captarlibras_finep/dataset_captarlibras/raw-data/frontal-cam/25-03-2024_15-29-12_p0020_s217_b4_RAW--ZED-RGB.avi,2024-03-25 15:29:12
25-03-2024_15-29-52_p0020_s219_b4_RAW,20,219,Como é a diarreia?,Com resto de comida,25-03-2024_15-29-52,/srv/projects2/captarlibras_finep/dataset_captarlibras/raw-data/frontal-cam/25-03-2024_15-29-52_p0020_s219_b4_RAW--ZED-RGB.avi,2024-03-25 15:29:52
25-03-2024_15-30-15_p0020_s220_b4_RAW,20,220,Como é a diarreia?,Com muco,25-03-2024_15-30-15,/srv/projects2/captarlibras_finep/dataset_captarlibras/raw-data/frontal-cam/25-03-2024_15-30-15_p0020_s220_b4_RAW--ZED-RGB.avi,2024-03-25 15:30:15
25-03-2024_15-30-44_p0020_s221_b4_RAW,20,221,Como é a diarreia?,Com pus,25-03-2024_15-30-44,/srv/projects2/captarlibras_finep/dataset_captarlibras/raw-data/frontal-cam/25-03-2024_15-30-44_p0020_s221_b4_RAW--ZED-RGB.avi,2024-03-25 15:30:44
25-03-2024_15-32-44_p0020_sP18.4_b4_RAW,20,P18.4,"Tem sangue, muco ou pus?",Pergunta,25-03-2024_15-32-44,/srv/projects2/captarlibras_finep/dataset_captarlibras/raw-data/frontal-cam/25-03-2024_15-32-44_p0020_sP18.4_b4_RAW--ZED-RGB.avi,2024-03-25 15:32:44
25-03-2024_15-34-38_p0020_sP19.1_b4_RAW,20,P19.1,Você faz tratamento para alguma doença? Qual?,Pergunta,25-03-2024_15-34-38,/srv/projects2/captarlibras_finep/dataset_captarlibras/raw-data/frontal-cam/25-03-2024_15-34-38_p0020_sP19.1_b4_RAW--ZED-RGB.avi,2024-03-25 15:34:38
25-03-2024_15-42-26_p0020_sP22.1_b4_RAW,20,P22.1,Você tem alguma alergia?,Pergunta,25-03-2024_15-42-26,/srv/projects2/captarlibras_finep/dataset_captarlibras/raw-data/frontal-cam/25-03-2024_15-42-26_p0020_sP22.1_b4_RAW--ZED-RGB.avi,2024-03-25 15:42:26
25-03-2024_15-44-26_p0020_s246_b4_RAW,20,246,Você tem alguma alergia?,Tenho alergia a fungos,25-03-2024_15-44-26,/srv/projects2/captarlibras_finep/dataset_captarlibras/raw-data/frontal-cam/25-03-2024_15-44-26_p0020_s246_b4_RAW--ZED-RGB.avi,2024-03-25 15:44:26
25-03-2024_15-45-17_p0020_s248_b4_RAW,20,248,Você tem alguma alergia?,Tenho alergia a cachorro,25-03-2024_15-45-17,/srv/projects2/captarlibras_finep/dataset_captarlibras/raw-data/frontal-cam/25-03-2024_15-45-17_p0020_s248_b4_RAW--ZED-RGB.avi,2024-03-25 15:45:17
25-03-2024_15-46-02_p0020_s250_b4_RAW,20,250,Você tem alguma alergia?,Tenho alergia a picada de insetos,25-03-2024_15-46-02,/srv/projects2/captarlibras_finep/dataset_captarlibras/raw-data/frontal-cam/25-03-2024_15-46-02_p0020_s250_b4_RAW--ZED-RGB.avi,2024-03-25 15:46:02
25-03-2024_15-46-46_p0020_s252_b4_RAW,20,252,Você tem alguma alergia?,Tenho alergia a leite,25-03-2024_15-46-46,/srv/projects2/captarlibras_finep/dataset_captarlibras/raw-data/frontal-cam/25-03-2024_15-46-46_p0020_s252_b4_RAW--ZED-RGB.avi,2024-03-25 15:46:46
25-03-2024_15-47-08_p0020_s253_b4_RAW,20,253,Você tem alguma alergia?,Tenho alergia a ovo,25-03-2024_15-47-08,/srv/projects2/captarlibras_finep/dataset_captarlibras/raw-data/frontal-cam/25-03-2024_15-47-08_p0020_s253_b4_RAW--ZED-RGB.avi,2024-03-25 15:47:08
25-03-2024_15-49-34_p0020_sP22.2_b4_RAW,20,P22.2,Tem alergia a algum medicamento?,Pergunta,25-03-2024_15-49-34,/srv/projects2/captarlibras_finep/dataset_captarlibras/raw-data/frontal-cam/25-03-2024_15-49-34_p0020_sP22.2_b4_RAW--ZED-RGB.avi,2024-03-25 15:49:34
25-03-2024_15-50-11_p0020_sP22.2_b4_RAW,20,P22.2,Tem alergia a algum medicamento?,Pergunta,25-03-2024_15-50-11,/srv/projects2/captarlibras_finep/dataset_captarlibras/raw-data/frontal-cam/25-03-2024_15-50-11_p0020_sP22.2_b4_RAW--ZED-RGB.avi,2024-03-25 15:50:11
25-03-2024_15-51-40_p0020_sP23.2_b4_RAW,20,P23.2,Há quanto tempo?,Pergunta,25-03-2024_15-51-40,/srv/projects2/captarlibras_finep/dataset_captarlibras/raw-data/frontal-cam/25-03-2024_15-51-40_p0020_sP23.2_b4_RAW--ZED-RGB.avi,2024-03-25 15:51:40
25-03-2024_15-53-00_p0020_sP23.3_b4_RAW,20,P23.3,Quantos cigarros por dia?,Pergunta,25-03-2024_15-53-00,/srv/projects2/captarlibras_finep/dataset_captarlibras/raw-data/frontal-cam/25-03-2024_15-53-00_p0020_sP23.3_b4_RAW--ZED-RGB.avi,2024-03-25 15:53:00
25-03-2024_15-53-22_p0020_sP24.1_b4_RAW,20,P24.1,Ingere bebida alcoólica?,Pergunta,25-03-2024_15-53-22,/srv/projects2/captarlibras_finep/dataset_captarlibras/raw-data/frontal-cam/25-03-2024_15-53-22_p0020_sP24.1_b4_RAW--ZED-RGB.avi,2024-03-25 15:53:22
25-03-2024_15-53-42_p0020_sP24.2_b4_RAW,20,P24.2,Quais bebidas?,Pergunta,25-03-2024_15-53-42,/srv/projects2/captarlibras_finep/dataset_captarlibras/raw-data/frontal-cam/25-03-2024_15-53-42_p0020_sP24.2_b4_RAW--ZED-RGB.avi,2024-03-25 15:53:42
25-03-2024_16-01-53_p0020_s283_b4_RAW,20,283,Quantas bebidas?,Um copo cheio todos os dias,25-03-2024_16-01-53,/srv/projects2/captarlibras_finep/dataset_captarlibras/raw-data/frontal-cam/25-03-2024_16-01-53_p0020_s283_b4_RAW--ZED-RGB.avi,2024-03-25 16:01:53
25-03-2024_16-02-17_p0020_s282_b4_RAW,20,282,Quantas bebidas?,Um copo uma vez por semana,25-03-2024_16-02-17,/srv/projects2/captarlibras_finep/dataset_captarlibras/raw-data/frontal-cam/25-03-2024_16-02-17_p0020_s282_b4_RAW--ZED-RGB.avi,2024-03-25 16:02:17
25-03-2024_16-02-38_p0020_sP25.1_b4_RAW,20,P25.1,"Você fez alguma cirurgia? Se sim, qual?",Pergunta,25-03-2024_16-02-38,/srv/projects2/captarlibras_finep/dataset_captarlibras/raw-data/frontal-cam/25-03-2024_16-02-38_p0020_sP25.1_b4_RAW--ZED-RGB.avi,2024-03-25 16:02:38
25-03-2024_16-06-06_p0020_sP04_b2_RAW,20,P04,Qual é o tempo de duração?,Pergunta,25-03-2024_16-06-06,/srv/projects2/captarlibras_finep/dataset_captarlibras/raw-data/frontal-cam/25-03-2024_16-06-06_p0020_sP04_b2_RAW--ZED-RGB.avi,2024-03-25 16:06:06
25-03-2024_16-06-49_p0020_s83_b2_RAW,20,83,Qual é o tempo de duração?,Um dia,25-03-2024_16-06-49,/srv/projects2/captarlibras_finep/dataset_captarlibras/raw-data/frontal-cam/25-03-2024_16-06-49_p0020_s83_b2_RAW--ZED-RGB.avi,2024-03-25 16:06:49
25-03-2024_16-07-04_p0020_s84_b2_RAW,20,84,Qual é o tempo de duração?,Três dias,25-03-2024_16-07-04,/srv/projects2/captarlibras_finep/dataset_captarlibras/raw-data/frontal-cam/25-03-2024_16-07-04_p0020_s84_b2_RAW--ZED-RGB.avi,2024-03-25 16:07:04
25-03-2024_16-08-06_p0020_sP05_b2_RAW,20,P05,Por que você procurou atendimento nesse momento? Houve piora do quadro?,Pergunta,25-03-2024_16-08-06,/srv/projects2/captarlibras_finep/dataset_captarlibras/raw-data/frontal-cam/25-03-2024_16-08-06_p0020_sP05_b2_RAW--ZED-RGB.avi,2024-03-25 16:08:06
25-03-2024_16-09-53_p0020_s91_b2_RAW,20,91,Onde é a dor?,Dor dos dois lados da cabeça,25-03-2024_16-09-53,/srv/projects2/captarlibras_finep/dataset_captarlibras/raw-data/frontal-cam/25-03-2024_16-09-53_p0020_s91_b2_RAW--ZED-RGB.avi,2024-03-25 16:09:53
25-03-2024_16-10-57_p0020_s94_b2_RAW,20,94,Onde é a dor?,Dor no ouvido direito e esquerdo,25-03-2024_16-10-57,/srv/projects2/captarlibras_finep/dataset_captarlibras/raw-data/frontal-cam/25-03-2024_16-10-57_p0020_s94_b2_RAW--ZED-RGB.avi,2024-03-25 16:10:57
25-03-2024_16-13-08_p0020_s98_b2_RAW,20,98,Onde é a dor?,Dor na bexiga,25-03-2024_16-13-08,/srv/projects2/captarlibras_finep/dataset_captarlibras/raw-data/frontal-cam/25-03-2024_16-13-08_p0020_s98_b2_RAW--ZED-RGB.avi,2024-03-25 16:13:08
25-03-2024_16-14-59_p0020_s104_b2_RAW,20,104,Onde é a dor?,Dor na perna direita e esquerda,25-03-2024_16-14-59,/srv/projects2/captarlibras_finep/dataset_captarlibras/raw-data/frontal-cam/25-03-2024_16-14-59_p0020_s104_b2_RAW--ZED-RGB.avi,2024-03-25 16:14:59
25-03-2024_16-15-24_p0020_s105_b2_RAW,20,105,Onde é a dor?,Dor nos testículos direito e esquerdo,25-03-2024_16-15-24,/srv/projects2/captarlibras_finep/dataset_captarlibras/raw-data/frontal-cam/25-03-2024_16-15-24_p0020_s105_b2_RAW--ZED-RGB.avi,2024-03-25 16:15:24
25-03-2024_16-18-56_p0020_s115_b2_RAW,20,115,Como é a dor? ,Cólica menstrual,25-03-2024_16-18-56,/srv/projects2/captarlibras_finep/dataset_captarlibras/raw-data/frontal-cam/25-03-2024_16-18-56_p0020_s115_b2_RAW--ZED-RGB.avi,2024-03-25 16:18:56
25-03-2024_16-21-09_p0020_sP06.5_b2_RAW,20,P06.5,A dor é como se fosse uma fincada?,Pergunta,25-03-2024_16-21-09,/srv/projects2/captarlibras_finep/dataset_captarlibras/raw-data/frontal-cam/25-03-2024_16-21-09_p0020_sP06.5_b2_RAW--ZED-RGB.avi,2024-03-25 16:21:09
25-03-2024_16-21-32_p0020_sP06.6_b2_RAW,20,P06.6,A dor é como se fosse um choque?,Pergunta,25-03-2024_16-21-32,/srv/projects2/captarlibras_finep/dataset_captarlibras/raw-data/frontal-cam/25-03-2024_16-21-32_p0020_sP06.6_b2_RAW--ZED-RGB.avi,2024-03-25 16:21:32
25-03-2024_16-21-54_p0020_sP07_b2_RAW,20,P07,"Junto desse sintoma, você sente mais alguma coisa?",Pergunta,25-03-2024_16-21-54,/srv/projects2/captarlibras_finep/dataset_captarlibras/raw-data/frontal-cam/25-03-2024_16-21-54_p0020_sP07_b2_RAW--ZED-RGB.avi,2024-03-25 16:21:54
25-03-2024_16-22-37_p0020_s118_b2_RAW,20,118,"Junto desse sintoma, você sente mais alguma coisa?",Lacrimejamento,25-03-2024_16-22-37,/srv/projects2/captarlibras_finep/dataset_captarlibras/raw-data/frontal-cam/25-03-2024_16-22-37_p0020_s118_b2_RAW--ZED-RGB.avi,2024-03-25 16:22:37
25-03-2024_16-23-37_p0020_s121_b2_RAW,20,121,"Junto desse sintoma, você sente mais alguma coisa?",Mancha na vista,25-03-2024_16-23-37,/srv/projects2/captarlibras_finep/dataset_captarlibras/raw-data/frontal-cam/25-03-2024_16-23-37_p0020_s121_b2_RAW--ZED-RGB.avi,2024-03-25 16:23:37
25-03-2024_16-24-16_p0020_s123_b2_RAW,20,123,"Junto desse sintoma, você sente mais alguma coisa?",Zumbido,25-03-2024_16-24-16,/srv/projects2/captarlibras_finep/dataset_captarlibras/raw-data/frontal-cam/25-03-2024_16-24-16_p0020_s123_b2_RAW--ZED-RGB.avi,2024-03-25 16:24:16
25-03-2024_16-25-47_p0020_sP08.1_b2_RAW,20,P08.1,Existe algum fator de piora?,Pergunta,25-03-2024_16-25-47,/srv/projects2/captarlibras_finep/dataset_captarlibras/raw-data/frontal-cam/25-03-2024_16-25-47_p0020_sP08.1_b2_RAW--ZED-RGB.avi,2024-03-25 16:25:47
25-03-2024_16-26-20_p0020_s125_b2_RAW,20,125,Existe algum fator de piora?,Comer alimentos ácidos e picantes,25-03-2024_16-26-20,/srv/projects2/captarlibras_finep/dataset_captarlibras/raw-data/frontal-cam/25-03-2024_16-26-20_p0020_s125_b2_RAW--ZED-RGB.avi,2024-03-25 16:26:20
25-03-2024_16-27-05_p0020_s127_b2_RAW,20,127,Existe algum fator de piora?,Comer alimentos gordurosos,25-03-2024_16-27-05,/srv/projects2/captarlibras_finep/dataset_captarlibras/raw-data/frontal-cam/25-03-2024_16-27-05_p0020_s127_b2_RAW--ZED-RGB.avi,2024-03-25 16:27:05
25-03-2024_16-29-54_p0020_s131_b2_RAW,20,131,Existe algum fator de piora?,Período menstrual,25-03-2024_16-29-54,/srv/projects2/captarlibras_finep/dataset_captarlibras/raw-data/frontal-cam/25-03-2024_16-29-54_p0020_s131_b2_RAW--ZED-RGB.avi,2024-03-25 16:29:54
25-03-2024_16-32-49_p0020_s140_b2_RAW,20,140,Existe algum fator de piora?,Mexer as pernas,25-03-2024_16-32-49,/srv/projects2/captarlibras_finep/dataset_captarlibras/raw-data/frontal-cam/25-03-2024_16-32-49_p0020_s140_b2_RAW--ZED-RGB.avi,2024-03-25 16:32:49
25-03-2024_16-33-08_p0020_s141_b2_RAW,20,141,Existe algum fator de piora?,Mexer o pescoço,25-03-2024_16-33-08,/srv/projects2/captarlibras_finep/dataset_captarlibras/raw-data/frontal-cam/25-03-2024_16-33-08_p0020_s141_b2_RAW--ZED-RGB.avi,2024-03-25 16:33:08
25-03-2024_16-33-28_p0020_s142_b2_RAW,20,142,Existe algum fator de piora?,A posição do corpo piora a dor,25-03-2024_16-33-28,/srv/projects2/captarlibras_finep/dataset_captarlibras/raw-data/frontal-cam/25-03-2024_16-33-28_p0020_s142_b2_RAW--ZED-RGB.avi,2024-03-25 16:33:28
25-03-2024_16-33-55_p0020_sP08.2_b2_RAW,20,P08.2,Tem algum fator de melhora?,Pergunta,25-03-2024_16-33-55,/srv/projects2/captarlibras_finep/dataset_captarlibras/raw-data/frontal-cam/25-03-2024_16-33-55_p0020_sP08.2_b2_RAW--ZED-RGB.avi,2024-03-25 16:33:55
26-03-2024_14-58-47_p0022_sP09.1_b3_RAW,22,P09.1,A dor no peito ou falta de ar piora ao fazer esforço físico?,Pergunta,26-03-2024_14-58-47,/srv/projects2/captarlibras_finep/dataset_captarlibras/raw-data/frontal-cam/26-03-2024_14-58-47_p0022_sP09.1_b3_RAW--ZED-RGB_FRONT.avi,2024-03-26 14:58:47
26-03-2024_15-06-19_p0022_s165_b3_RAW,22,165,Piora em repouso?,Não piora em repouso,26-03-2024_15-06-19,/srv/projects2/captarlibras_finep/dataset_captarlibras/raw-data/frontal-cam/26-03-2024_15-06-19_p0022_s165_b3_RAW--ZED-RGB_FRONT.avi,2024-03-26 15:06:19
26-03-2024_15-08-11_p0022_sP09.7_b3_RAW,22,P09.7,A dor no peito ou falta de ar melhorou com algum medicamento?,Pergunta,26-03-2024_15-08-11,/srv/projects2/captarlibras_finep/dataset_captarlibras/raw-data/frontal-cam/26-03-2024_15-08-11_p0022_sP09.7_b3_RAW--ZED-RGB_FRONT.avi,2024-03-26 15:08:11
26-03-2024_15-19-10_p0022_sP11.2_b3_RAW,22,P11.2,Qual a frequência da dor?,Pergunta,26-03-2024_15-19-10,/srv/projects2/captarlibras_finep/dataset_captarlibras/raw-data/frontal-cam/26-03-2024_15-19-10_p0022_sP11.2_b3_RAW--ZED-RGB_FRONT.avi,2024-03-26 15:19:10
26-03-2024_15-24-32_p0022_s179_b3_RAW,22,179,A dor tem uma localização fixa ou se espalha para algum lugar?,A dor é fixa,26-03-2024_15-24-32,/srv/projects2/captarlibras_finep/dataset_captarlibras/raw-data/frontal-cam/26-03-2024_15-24-32_p0022_s179_b3_RAW--ZED-RGB_FRONT.avi,2024-03-26 15:24:32
26-03-2024_15-35-46_p0022_sP13.1_b3_RAW,22,P13.1,A dor piora quando aperta?,Pergunta,26-03-2024_15-35-46,/srv/projects2/captarlibras_finep/dataset_captarlibras/raw-data/frontal-cam/26-03-2024_15-35-46_p0022_sP13.1_b3_RAW--ZED-RGB_FRONT.avi,2024-03-26 15:35:46
26-03-2024_15-38-03_p0022_s192_b3_RAW,22,192,A dor piora quando muda a posição do corpo?,Piora quando muda a posição do corpo,26-03-2024_15-38-03,/srv/projects2/captarlibras_finep/dataset_captarlibras/raw-data/frontal-cam/26-03-2024_15-38-03_p0022_s192_b3_RAW--ZED-RGB_FRONT.avi,2024-03-26 15:38:03
26-03-2024_15-44-48_p0022_sP16_b3_RAW,22,P16,"Se não há espirro e tosse, sente ardor para urinar?",Pergunta,26-03-2024_15-44-48,/srv/projects2/captarlibras_finep/dataset_captarlibras/raw-data/frontal-cam/26-03-2024_15-44-48_p0022_sP16_b3_RAW--ZED-RGB_FRONT.avi,2024-03-26 15:44:48
26-03-2024_16-00-58_p0022_sP18.1_b4_RAW,22,P18.1,Está enjoado ou com vômitos?,Pergunta,26-03-2024_16-00-58,/srv/projects2/captarlibras_finep/dataset_captarlibras/raw-data/frontal-cam/26-03-2024_16-00-58_p0022_sP18.1_b4_RAW--ZED-RGB_FRONT.avi,2024-03-26 16:00:58
26-03-2024_16-10-21_p0022_sP18.4_b4_RAW,22,P18.4,"Tem sangue, muco ou pus?",Pergunta,26-03-2024_16-10-21,/srv/projects2/captarlibras_finep/dataset_captarlibras/raw-data/frontal-cam/26-03-2024_16-10-21_p0022_sP18.4_b4_RAW--ZED-RGB.avi,2024-03-26 16:10:21
26-03-2024_16-26-25_p0022_sP22.2_b4_RAW,22,P22.2,Tem alergia a algum medicamento?,Pergunta,26-03-2024_16-26-25,/srv/projects2/captarlibras_finep/dataset_captarlibras/raw-data/frontal-cam/26-03-2024_16-26-25_p0022_sP22.2_b4_RAW--ZED-RGB.avi,2024-03-26 16:26:25
26-03-2024_16-28-45_p0022_sP23.2_b4_RAW,22,P23.2,Há quanto tempo?,Pergunta,26-03-2024_16-28-45,/srv/projects2/captarlibras_finep/dataset_captarlibras/raw-data/frontal-cam/26-03-2024_16-28-45_p0022_sP23.2_b4_RAW--ZED-RGB.avi,2024-03-26 16:28:45
26-03-2024_16-39-42_p0022_sP25.1_b4_RAW,22,P25.1,"Você fez alguma cirurgia? Se sim, qual?",Pergunta,26-03-2024_16-39-42,/srv/projects2/captarlibras_finep/dataset_captarlibras/raw-data/frontal-cam/26-03-2024_16-39-42_p0022_sP25.1_b4_RAW--ZED-RGB.avi,2024-03-26 16:39:42
27-03-2024_15-01-31_p0015_sP04_b2_RAW,15,P04,Qual é o tempo de duração?,Pergunta,27-03-2024_15-01-31,/srv/projects2/captarlibras_finep/dataset_captarlibras/raw-data/frontal-cam/27-03-2024_15-01-31_p0015_sP04_b2_RAW--ZED-RGB.avi,2024-03-27 15:01:31
27-03-2024_15-02-05_p0015_s82_b2_RAW,15,82,Qual é o tempo de duração?,Seis horas,27-03-2024_15-02-05,/srv/projects2/captarlibras_finep/dataset_captarlibras/raw-data/frontal-cam/27-03-2024_15-02-05_p0015_s82_b2_RAW--ZED-RGB.avi,2024-03-27 15:02:05
27-03-2024_15-04-19_p0015_s86_b2_RAW,15,86,Qual é o tempo de duração?,Um mês,27-03-2024_15-04-19,/srv/projects2/captarlibras_finep/dataset_captarlibras/raw-data/frontal-cam/27-03-2024_15-04-19_p0015_s86_b2_RAW--ZED-RGB.avi,2024-03-27 15:04:19
27-03-2024_15-06-20_p0015_s89_b2_RAW,15,89,Onde é a dor?,Dor de um lado da cabeça,27-03-2024_15-06-20,/srv/projects2/captarlibras_finep/dataset_captarlibras/raw-data/frontal-cam/27-03-2024_15-06-20_p0015_s89_b2_RAW--ZED-RGB.avi,2024-03-27 15:06:20
27-03-2024_15-06-43_p0015_s90_b2_RAW,15,90,Onde é a dor?,Dor no ouvido,27-03-2024_15-06-43,/srv/projects2/captarlibras_finep/dataset_captarlibras/raw-data/frontal-cam/27-03-2024_15-06-43_p0015_s90_b2_RAW--ZED-RGB.avi,2024-03-27 15:06:43
27-03-2024_15-07-01_p0015_s91_b2_RAW,15,91,Onde é a dor?,Dor dos dois lados da cabeça,27-03-2024_15-07-01,/srv/projects2/captarlibras_finep/dataset_captarlibras/raw-data/frontal-cam/27-03-2024_15-07-01_p0015_s91_b2_RAW--ZED-RGB.avi,2024-03-27 15:07:01
27-03-2024_15-07-23_p0015_s92_b2_RAW,15,92,Onde é a dor?,Dor na testa,27-03-2024_15-07-23,/srv/projects2/captarlibras_finep/dataset_captarlibras/raw-data/frontal-cam/27-03-2024_15-07-23_p0015_s92_b2_RAW--ZED-RGB.avi,2024-03-27 15:07:23
27-03-2024_15-07-45_p0015_s93_b2_RAW,15,93,Onde é a dor?,Dor na nuca,27-03-2024_15-07-45,/srv/projects2/captarlibras_finep/dataset_captarlibras/raw-data/frontal-cam/27-03-2024_15-07-45_p0015_s93_b2_RAW--ZED-RGB.avi,2024-03-27 15:07:45
27-03-2024_15-08-06_p0015_s94_b2_RAW,15,94,Onde é a dor?,Dor no ouvido direito e esquerdo,27-03-2024_15-08-06,/srv/projects2/captarlibras_finep/dataset_captarlibras/raw-data/frontal-cam/27-03-2024_15-08-06_p0015_s94_b2_RAW--ZED-RGB.avi,2024-03-27 15:08:06
27-03-2024_15-08-28_p0015_s95_b2_RAW,15,95,Onde é a dor?,Dor nos olhos,27-03-2024_15-08-28,/srv/projects2/captarlibras_finep/dataset_captarlibras/raw-data/frontal-cam/27-03-2024_15-08-28_p0015_s95_b2_RAW--ZED-RGB.avi,2024-03-27 15:08:28
27-03-2024_15-08-49_p0015_s96_b2_RAW,15,96,Onde é a dor?,Dor no meio da barriga,27-03-2024_15-08-49,/srv/projects2/captarlibras_finep/dataset_captarlibras/raw-data/frontal-cam/27-03-2024_15-08-49_p0015_s96_b2_RAW--ZED-RGB.avi,2024-03-27 15:08:49
27-03-2024_15-09-16_p0015_s97_b2_RAW,15,97,Onde é a dor?,Dor no lado direito e esquerdo da barriga,27-03-2024_15-09-16,/srv/projects2/captarlibras_finep/dataset_captarlibras/raw-data/frontal-cam/27-03-2024_15-09-16_p0015_s97_b2_RAW--ZED-RGB.avi,2024-03-27 15:09:16
27-03-2024_15-09-38_p0015_s98_b2_RAW,15,98,Onde é a dor?,Dor na bexiga,27-03-2024_15-09-38,/srv/projects2/captarlibras_finep/dataset_captarlibras/raw-data/frontal-cam/27-03-2024_15-09-38_p0015_s98_b2_RAW--ZED-RGB.avi,2024-03-27 15:09:38
27-03-2024_15-10-03_p0015_s99_b2_RAW,15,99,Onde é a dor?,Dor no baixo ventre,27-03-2024_15-10-03,/srv/projects2/captarlibras_finep/dataset_captarlibras/raw-data/frontal-cam/27-03-2024_15-10-03_p0015_s99_b2_RAW--ZED-RGB.avi,2024-03-27 15:10:03
27-03-2024_15-10-24_p0015_s100_b2_RAW,15,100,Onde é a dor?,Dor na virilha,27-03-2024_15-10-24,/srv/projects2/captarlibras_finep/dataset_captarlibras/raw-data/frontal-cam/27-03-2024_15-10-24_p0015_s100_b2_RAW--ZED-RGB.avi,2024-03-27 15:10:24
27-03-2024_15-10-45_p0015_s101_b2_RAW,15,101,Onde é a dor?,Dor nos ombros,27-03-2024_15-10-45,/srv/projects2/captarlibras_finep/dataset_captarlibras/raw-data/frontal-cam/27-03-2024_15-10-45_p0015_s101_b2_RAW--ZED-RGB.avi,2024-03-27 15:10:45
27-03-2024_15-11-14_p0015_s102_b2_RAW,15,102,Onde é a dor?,Dor no braço direito e esquerdo,27-03-2024_15-11-14,/srv/projects2/captarlibras_finep/dataset_captarlibras/raw-data/frontal-cam/27-03-2024_15-11-14_p0015_s102_b2_RAW--ZED-RGB.avi,2024-03-27 15:11:14
27-03-2024_15-11-41_p0015_s103_b2_RAW,15,103,Onde é a dor?,Dor no joelho direito e esquerdo,27-03-2024_15-11-41,/srv/projects2/captarlibras_finep/dataset_captarlibras/raw-data/frontal-cam/27-03-2024_15-11-41_p0015_s103_b2_RAW--ZED-RGB.avi,2024-03-27 15:11:41
27-03-2024_15-12-10_p0015_s104_b2_RAW,15,104,Onde é a dor?,Dor na perna direita e esquerda,27-03-2024_15-12-10,/srv/projects2/captarlibras_finep/dataset_captarlibras/raw-data/frontal-cam/27-03-2024_15-12-10_p0015_s104_b2_RAW--ZED-RGB.avi,2024-03-27 15:12:10
27-03-2024_15-12-50_p0015_s105_b2_RAW,15,105,Onde é a dor?,Dor nos testículos direito e esquerdo,27-03-2024_15-12-50,/srv/projects2/captarlibras_finep/dataset_captarlibras/raw-data/frontal-cam/27-03-2024_15-12-50_p0015_s105_b2_RAW--ZED-RGB.avi,2024-03-27 15:12:50
27-03-2024_15-14-00_p0015_s107_b2_RAW,15,107,Como é a dor? ,Dor profunda,27-03-2024_15-14-00,/srv/projects2/captarlibras_finep/dataset_captarlibras/raw-data/frontal-cam/27-03-2024_15-14-00_p0015_s107_b2_RAW--ZED-RGB.avi,2024-03-27 15:14:00
27-03-2024_15-14-25_p0015_s108_b2_RAW,15,108,Como é a dor? ,Dor superficial,27-03-2024_15-14-25,/srv/projects2/captarlibras_finep/dataset_captarlibras/raw-data/frontal-cam/27-03-2024_15-14-25_p0015_s108_b2_RAW--ZED-RGB.avi,2024-03-27 15:14:25
27-03-2024_15-15-18_p0015_s110_b2_RAW,15,110,Como é a dor? ,Dor em aperto,27-03-2024_15-15-18,/srv/projects2/captarlibras_finep/dataset_captarlibras/raw-data/frontal-cam/27-03-2024_15-15-18_p0015_s110_b2_RAW--ZED-RGB.avi,2024-03-27 15:15:18
27-03-2024_15-15-42_p0015_s111_b2_RAW,15,111,Como é a dor? ,Dor em peso,27-03-2024_15-15-42,/srv/projects2/captarlibras_finep/dataset_captarlibras/raw-data/frontal-cam/27-03-2024_15-15-42_p0015_s111_b2_RAW--ZED-RGB.avi,2024-03-27 15:15:42
27-03-2024_15-16-04_p0015_s112_b2_RAW,15,112,Como é a dor? ,Dor em queimação,27-03-2024_15-16-04,/srv/projects2/captarlibras_finep/dataset_captarlibras/raw-data/frontal-cam/27-03-2024_15-16-04_p0015_s112_b2_RAW--ZED-RGB.avi,2024-03-27 15:16:04
27-03-2024_15-16-28_p0015_s113_b2_RAW,15,113,Como é a dor? ,Dor em pontada,27-03-2024_15-16-28,/srv/projects2/captarlibras_finep/dataset_captarlibras/raw-data/frontal-cam/27-03-2024_15-16-28_p0015_s113_b2_RAW--ZED-RGB.avi,2024-03-27 15:16:28
27-03-2024_15-16-52_p0015_s114_b2_RAW,15,114,Como é a dor? ,Dor em choque,27-03-2024_15-16-52,/srv/projects2/captarlibras_finep/dataset_captarlibras/raw-data/frontal-cam/27-03-2024_15-16-52_p0015_s114_b2_RAW--ZED-RGB.avi,2024-03-27 15:16:52
27-03-2024_15-17-17_p0015_s115_b2_RAW,15,115,Como é a dor? ,Cólica menstrual,27-03-2024_15-17-17,/srv/projects2/captarlibras_finep/dataset_captarlibras/raw-data/frontal-cam/27-03-2024_15-17-17_p0015_s115_b2_RAW--ZED-RGB.avi,2024-03-27 15:17:17
27-03-2024_15-17-41_p0015_s116_b2_RAW,15,116,Como é a dor? ,Cólica,27-03-2024_15-17-41,/srv/projects2/captarlibras_finep/dataset_captarlibras/raw-data/frontal-cam/27-03-2024_15-17-41_p0015_s116_b2_RAW--ZED-RGB.avi,2024-03-27 15:17:41
27-03-2024_15-18-34_p0015_sP06.4_b2_RAW,15,P06.4,A dor é como se fosse uma queimação?,Pergunta,27-03-2024_15-18-34,/srv/projects2/captarlibras_finep/dataset_captarlibras/raw-data/frontal-cam/27-03-2024_15-18-34_p0015_sP06.4_b2_RAW--ZED-RGB.avi,2024-03-27 15:18:34
27-03-2024_15-18-59_p0015_sP06.5_b2_RAW,15,P06.5,A dor é como se fosse uma fincada?,Pergunta,27-03-2024_15-18-59,/srv/projects2/captarlibras_finep/dataset_captarlibras/raw-data/frontal-cam/27-03-2024_15-18-59_p0015_sP06.5_b2_RAW--ZED-RGB.avi,2024-03-27 15:18:59
27-03-2024_15-19-27_p0015_sP06.6_b2_RAW,15,P06.6,A dor é como se fosse um choque?,Pergunta,27-03-2024_15-19-27,/srv/projects2/captarlibras_finep/dataset_captarlibras/raw-data/frontal-cam/27-03-2024_15-19-27_p0015_sP06.6_b2_RAW--ZED-RGB.avi,2024-03-27 15:19:27
27-03-2024_15-20-54_p0015_s118_b2_RAW,15,118,"Junto desse sintoma, você sente mais alguma coisa?",Lacrimejamento,27-03-2024_15-20-54,/srv/projects2/captarlibras_finep/dataset_captarlibras/raw-data/frontal-cam/27-03-2024_15-20-54_p0015_s118_b2_RAW--ZED-RGB.avi,2024-03-27 15:20:54
27-03-2024_15-22-23_p0015_s122_b2_RAW,15,122,"Junto desse sintoma, você sente mais alguma coisa?",Aumento da vontade de urinar,27-03-2024_15-22-23,/srv/projects2/captarlibras_finep/dataset_captarlibras/raw-data/frontal-cam/27-03-2024_15-22-23_p0015_s122_b2_RAW--ZED-RGB.avi,2024-03-27 15:22:23
27-03-2024_15-31-18_p0015_s142_b2_RAW,15,142,Existe algum fator de piora?,A posição do corpo piora a dor,27-03-2024_15-31-18,/srv/projects2/captarlibras_finep/dataset_captarlibras/raw-data/frontal-cam/27-03-2024_15-31-18_p0015_s142_b2_RAW--ZED-RGB.avi,2024-03-27 15:31:18
27-03-2024_15-31-56_p0015_sP08.2_b2_RAW,15,P08.2,Tem algum fator de melhora?,Pergunta,27-03-2024_15-31-56,/srv/projects2/captarlibras_finep/dataset_captarlibras/raw-data/frontal-cam/27-03-2024_15-31-56_p0015_sP08.2_b2_RAW--ZED-RGB.avi,2024-03-27 15:31:56
27-03-2024_15-32-45_p0015_s144_b2_RAW,15,144,Tem algum fator de melhora?,Colocar água fria,27-03-2024_15-32-45,/srv/projects2/captarlibras_finep/dataset_captarlibras/raw-data/frontal-cam/27-03-2024_15-32-45_p0015_s144_b2_RAW--ZED-RGB.avi,2024-03-27 15:32:45
27-03-2024_15-57-38_p0015_sP01_b1_RAW,15,P01,O que você está sentindo que te fez procurar o hospital?,Pergunta,27-03-2024_15-57-38,/srv/projects2/captarlibras_finep/dataset_captarlibras/raw-data/frontal-cam/27-03-2024_15-57-38_p0015_sP01_b1_RAW--ZED-RGB.avi,2024-03-27 15:57:38
27-03-2024_16-00-06_p0015_s6_b1_RAW,15,6,O que você está sentindo que te fez procurar o hospital?,Dor no pescoço,27-03-2024_16-00-06,/srv/projects2/captarlibras_finep/dataset_captarlibras/raw-data/frontal-cam/27-03-2024_16-00-06_p0015_s6_b1_RAW--ZED-RGB.avi,2024-03-27 16:00:06
27-03-2024_16-00-27_p0015_s7_b1_RAW,15,7,O que você está sentindo que te fez procurar o hospital?,Dor no peito,27-03-2024_16-00-27,/srv/projects2/captarlibras_finep/dataset_captarlibras/raw-data/frontal-cam/27-03-2024_16-00-27_p0015_s7_b1_RAW--ZED-RGB.avi,2024-03-27 16:00:27
27-03-2024_16-00-46_p0015_s8_b1_RAW,15,8,O que você está sentindo que te fez procurar o hospital?,Dor nas costas,27-03-2024_16-00-46,/srv/projects2/captarlibras_finep/dataset_captarlibras/raw-data/frontal-cam/27-03-2024_16-00-46_p0015_s8_b1_RAW--ZED-RGB.avi,2024-03-27 16:00:46
27-03-2024_16-01-19_p0015_s9_b1_RAW,15,9,O que você está sentindo que te fez procurar o hospital?,Dor na lombar,27-03-2024_16-01-19,/srv/projects2/captarlibras_finep/dataset_captarlibras/raw-data/frontal-cam/27-03-2024_16-01-19_p0015_s9_b1_RAW--ZED-RGB.avi,2024-03-27 16:01:19
27-03-2024_16-02-07_p0015_s10_b1_RAW,15,10,O que você está sentindo que te fez procurar o hospital?,Dor na barriga,27-03-2024_16-02-07,/srv/projects2/captarlibras_finep/dataset_captarlibras/raw-data/frontal-cam/27-03-2024_16-02-07_p0015_s10_b1_RAW--ZED-RGB.avi,2024-03-27 16:02:07
27-03-2024_16-03-27_p0015_s11_b1_RAW,15,11,O que você está sentindo que te fez procurar o hospital?,Dor na garganta,27-03-2024_16-03-27,/srv/projects2/captarlibras_finep/dataset_captarlibras/raw-data/frontal-cam/27-03-2024_16-03-27_p0015_s11_b1_RAW--ZED-RGB.avi,2024-03-27 16:03:27
27-03-2024_16-03-49_p0015_s12_b1_RAW,15,12,O que você está sentindo que te fez procurar o hospital?,Dor no braço,27-03-2024_16-03-49,/srv/projects2/captarlibras_finep/dataset_captarlibras/raw-data/frontal-cam/27-03-2024_16-03-49_p0015_s12_b1_RAW--ZED-RGB.avi,2024-03-27 16:03:49
27-03-2024_16-04-09_p0015_s13_b1_RAW,15,13,O que você está sentindo que te fez procurar o hospital?,Dor na perna,27-03-2024_16-04-09,/srv/projects2/captarlibras_finep/dataset_captarlibras/raw-data/frontal-cam/27-03-2024_16-04-09_p0015_s13_b1_RAW--ZED-RGB.avi,2024-03-27 16:04:09
27-03-2024_16-04-28_p0015_s14_b1_RAW,15,14,O que você está sentindo que te fez procurar o hospital?,Dor na panturrilha,27-03-2024_16-04-28,/srv/projects2/captarlibras_finep/dataset_captarlibras/raw-data/frontal-cam/27-03-2024_16-04-28_p0015_s14_b1_RAW--ZED-RGB.avi,2024-03-27 16:04:28
27-03-2024_16-04-52_p0015_s15_b1_RAW,15,15,O que você está sentindo que te fez procurar o hospital?,Dor no pé,27-03-2024_16-04-52,/srv/projects2/captarlibras_finep/dataset_captarlibras/raw-data/frontal-cam/27-03-2024_16-04-52_p0015_s15_b1_RAW--ZED-RGB.avi,2024-03-27 16:04:52
27-03-2024_16-05-15_p0015_s16_b1_RAW,15,16,O que você está sentindo que te fez procurar o hospital?,Falta de ar,27-03-2024_16-05-15,/srv/projects2/captarlibras_finep/dataset_captarlibras/raw-data/frontal-cam/27-03-2024_16-05-15_p0015_s16_b1_RAW--ZED-RGB.avi,2024-03-27 16:05:15
27-03-2024_16-05-58_p0015_s18_b1_RAW,15,18,O que você está sentindo que te fez procurar o hospital?,Dificuldade para respirar,27-03-2024_16-05-58,/srv/projects2/captarlibras_finep/dataset_captarlibras/raw-data/frontal-cam/27-03-2024_16-05-58_p0015_s18_b1_RAW--ZED-RGB.avi,2024-03-27 16:05:58
27-03-2024_16-08-43_p0015_s26_b1_RAW,15,26,O que você está sentindo que te fez procurar o hospital?,Tosse,27-03-2024_16-08-43,/srv/projects2/captarlibras_finep/dataset_captarlibras/raw-data/frontal-cam/27-03-2024_16-08-43_p0015_s26_b1_RAW--ZED-RGB.avi,2024-03-27 16:08:43
27-03-2024_16-11-52_p0015_s36_b1_RAW,15,36,O que você está sentindo que te fez procurar o hospital?,Excesso de suor,27-03-2024_16-11-52,/srv/projects2/captarlibras_finep/dataset_captarlibras/raw-data/frontal-cam/27-03-2024_16-11-52_p0015_s36_b1_RAW--ZED-RGB.avi,2024-03-27 16:11:52
27-03-2024_16-12-12_p0015_s37_b1_RAW,15,37,O que você está sentindo que te fez procurar o hospital?,Glicemia alterada,27-03-2024_16-12-12,/srv/projects2/captarlibras_finep/dataset_captarlibras/raw-data/frontal-cam/27-03-2024_16-12-12_p0015_s37_b1_RAW--ZED-RGB.avi,2024-03-27 16:12:12
27-03-2024_16-12-34_p0015_s38_b1_RAW,15,38,O que você está sentindo que te fez procurar o hospital?,Tentativa de suicídio,27-03-2024_16-12-34,/srv/projects2/captarlibras_finep/dataset_captarlibras/raw-data/frontal-cam/27-03-2024_16-12-34_p0015_s38_b1_RAW--ZED-RGB.avi,2024-03-27 16:12:34
27-03-2024_16-16-51_p0015_s44_b1_RAW,15,44,O que você está sentindo que te fez procurar o hospital?,Pressão arterial alterada,27-03-2024_16-16-51,/srv/projects2/captarlibras_finep/dataset_captarlibras/raw-data/frontal-cam/27-03-2024_16-16-51_p0015_s44_b1_RAW--ZED-RGB.avi,2024-03-27 16:16:51
27-03-2024_16-17-12_p0015_s45_b1_RAW,15,45,O que você está sentindo que te fez procurar o hospital?,Problemas nos olhos,27-03-2024_16-17-12,/srv/projects2/captarlibras_finep/dataset_captarlibras/raw-data/frontal-cam/27-03-2024_16-17-12_p0015_s45_b1_RAW--ZED-RGB.avi,2024-03-27 16:17:12
27-03-2024_16-17-29_p0015_s46_b1_RAW,15,46,O que você está sentindo que te fez procurar o hospital?,Problemas no ouvido,27-03-2024_16-17-29,/srv/projects2/captarlibras_finep/dataset_captarlibras/raw-data/frontal-cam/27-03-2024_16-17-29_p0015_s46_b1_RAW--ZED-RGB.avi,2024-03-27 16:17:29
27-03-2024_16-19-11_p0015_s50_b1_RAW,15,50,O que você está sentindo que te fez procurar o hospital?,Urinando muito,27-03-2024_16-19-11,/srv/projects2/captarlibras_finep/dataset_captarlibras/raw-data/frontal-cam/27-03-2024_16-19-11_p0015_s50_b1_RAW--ZED-RGB.avi,2024-03-27 16:19:11
27-03-2024_16-20-54_p0015_s55_b1_RAW,15,55,O que você está sentindo que te fez procurar o hospital?,Sangramento pelo nariz,27-03-2024_16-20-54,/srv/projects2/captarlibras_finep/dataset_captarlibras/raw-data/frontal-cam/27-03-2024_16-20-54_p0015_s55_b1_RAW--ZED-RGB.avi,2024-03-27 16:20:54
27-03-2024_16-21-18_p0015_s56_b1_RAW,15,56,O que você está sentindo que te fez procurar o hospital?,Sangramento nas fezes,27-03-2024_16-21-18,/srv/projects2/captarlibras_finep/dataset_captarlibras/raw-data/frontal-cam/27-03-2024_16-21-18_p0015_s56_b1_RAW--ZED-RGB.avi,2024-03-27 16:21:18
27-03-2024_16-24-14_p0015_s63_b1_RAW,15,63,O que você está sentindo que te fez procurar o hospital?,Lesão por arma de fogo,27-03-2024_16-24-14,/srv/projects2/captarlibras_finep/dataset_captarlibras/raw-data/frontal-cam/27-03-2024_16-24-14_p0015_s63_b1_RAW--ZED-RGB.avi,2024-03-27 16:24:14
27-03-2024_16-25-41_p0015_s67_b1_RAW,15,67,O que você está sentindo que te fez procurar o hospital?,Vômitos com sangue,27-03-2024_16-25-41,/srv/projects2/captarlibras_finep/dataset_captarlibras/raw-data/frontal-cam/27-03-2024_16-25-41_p0015_s67_b1_RAW--ZED-RGB.avi,2024-03-27 16:25:41
27-03-2024_16-26-03_p0015_sP02_b1_RAW,15,P02,Quando começou?,Pergunta,27-03-2024_16-26-03,/srv/projects2/captarlibras_finep/dataset_captarlibras/raw-data/frontal-cam/27-03-2024_16-26-03_p0015_sP02_b1_RAW--ZED-RGB.avi,2024-03-27 16:26:03
27-03-2024_16-28-30_p0015_sP03_b1_RAW,15,P03,Como começou? O que você estava fazendo?,Pergunta,27-03-2024_16-28-30,/srv/projects2/captarlibras_finep/dataset_captarlibras/raw-data/frontal-cam/27-03-2024_16-28-30_p0015_sP03_b1_RAW--ZED-RGB.avi,2024-03-27 16:28:30
27-03-2024_16-30-00_p0015_s76_b1_RAW,15,76,Como começou? O que você estava fazendo?,Limpando a casa,27-03-2024_16-30-00,/srv/projects2/captarlibras_finep/dataset_captarlibras/raw-data/frontal-cam/27-03-2024_16-30-00_p0015_s76_b1_RAW--ZED-RGB.avi,2024-03-27 16:30:00
02-04-2024_15-26-10_p0021_sP11.3_b3_RAW,21,P11.3,Quando foi o primeiro episódio?,Pergunta,02-04-2024_15-26-10,/srv/projects2/captarlibras_finep/dataset_captarlibras/raw-data/frontal-cam/02-04-2024_15-26-10_p0021_sP11.3_b3_RAW--ZED-RGB_FRONT.avi,2024-04-02 15:26:10
02-04-2024_15-44-07_p0021_sP15.3_b3_RAW,21,P15.3,Tosse é com ou sem catarro?,Pergunta,02-04-2024_15-44-07,/srv/projects2/captarlibras_finep/dataset_captarlibras/raw-data/frontal-cam/02-04-2024_15-44-07_p0021_sP15.3_b3_RAW--ZED-RGB_FRONT.avi,2024-04-02 15:44:07
02-04-2024_15-45-51_p0021_s197_b3_RAW,21,197,Qual cor é o catarro?,Catarro transparente,02-04-2024_15-45-51,/srv/projects2/captarlibras_finep/dataset_captarlibras/raw-data/frontal-cam/02-04-2024_15-45-51_p0021_s197_b3_RAW--ZED-RGB_FRONT.avi,2024-04-02 15:45:51
02-04-2024_15-55-09_p0021_s208_b3_RAW,21,208,Trouxe cartão de vacina?,Não trouxe cartão de vacina,02-04-2024_15-55-09,/srv/projects2/captarlibras_finep/dataset_captarlibras/raw-data/frontal-cam/02-04-2024_15-55-09_p0021_s208_b3_RAW--ZED-RGB_FRONT.avi,2024-04-02 15:55:09
02-04-2024_15-57-47_p0021_s243_b3_RAW,21,243,Você trouxe receita médica?,Não trouxe receita médica,02-04-2024_15-57-47,/srv/projects2/captarlibras_finep/dataset_captarlibras/raw-data/frontal-cam/02-04-2024_15-57-47_p0021_s243_b3_RAW--ZED-RGB_FRONT.avi,2024-04-02 15:57:47
02-04-2024_15-58-53_p0021_s244_b3_RAW,21,244,Está usando algum medicamento?,Não uso medicamento,02-04-2024_15-58-53,/srv/projects2/captarlibras_finep/dataset_captarlibras/raw-data/frontal-cam/02-04-2024_15-58-53_p0021_s244_b3_RAW--ZED-RGB_FRONT.avi,2024-04-02 15:58:53
03-04-2024_15-31-29_p0023_sP18.3_b4_RAW,23,P18.3,Como é a diarreia?,Pergunta,03-04-2024_15-31-29,/srv/projects2/captarlibras_finep/dataset_captarlibras/raw-data/frontal-cam/03-04-2024_15-31-29_p0023_sP18.3_b4_RAW--ZED-RGB.avi,2024-04-03 15:31:29
03-04-2024_15-37-56_p0023_sP18.4_b4_RAW,23,P18.4,"Tem sangue, muco ou pus?",Pergunta,03-04-2024_15-37-56,/srv/projects2/captarlibras_finep/dataset_captarlibras/raw-data/frontal-cam/03-04-2024_15-37-56_p0023_sP18.4_b4_RAW--ZED-RGB.avi,2024-04-03 15:37:56
03-04-2024_16-01-42_p0023_sP23.1_b4_RAW,23,P23.1,Você fuma?,Pergunta,03-04-2024_16-01-42,/srv/projects2/captarlibras_finep/dataset_captarlibras/raw-data/frontal-cam/03-04-2024_16-01-42_p0023_sP23.1_b4_RAW--ZED-RGB.avi,2024-04-03 16:01:42
03-04-2024_16-05-42_p0023_sP24.1_b4_RAW,23,P24.1,Ingere bebida alcoólica?,Pergunta,03-04-2024_16-05-42,/srv/projects2/captarlibras_finep/dataset_captarlibras/raw-data/frontal-cam/03-04-2024_16-05-42_p0023_sP24.1_b4_RAW--ZED-RGB.avi,2024-04-03 16:05:42
03-04-2024_16-08-43_p0023_sP24.3_b4_RAW,23,P24.3,Quantas bebidas?,Pergunta,03-04-2024_16-08-43,/srv/projects2/captarlibras_finep/dataset_captarlibras/raw-data/frontal-cam/03-04-2024_16-08-43_p0023_sP24.3_b4_RAW--ZED-RGB.avi,2024-04-03 16:08:43
03-04-2024_16-10-38_p0023_s275_b4_RAW,23,275,Quantas bebidas?,Uma garrafa todo dia,03-04-2024_16-10-38,/srv/projects2/captarlibras_finep/dataset_captarlibras/raw-data/frontal-cam/03-04-2024_16-10-38_p0023_s275_b4_RAW--ZED-RGB.avi,2024-04-03 16:10:38
03-04-2024_16-15-38_p0023_sP25.1_b4_RAW,23,P25.1,"Você fez alguma cirurgia? Se sim, qual?",Pergunta,03-04-2024_16-15-38,/srv/projects2/captarlibras_finep/dataset_captarlibras/raw-data/frontal-cam/03-04-2024_16-15-38_p0023_sP25.1_b4_RAW--ZED-RGB.avi,2024-04-03 16:15:38
08-04-2024_15-22-08_p0021_sP04_b2_RAW,21,P04,Qual é o tempo de duração?,Pergunta,08-04-2024_15-22-08,/srv/projects2/captarlibras_finep/dataset_captarlibras/raw-data/frontal-cam/08-04-2024_15-22-08_p0021_sP04_b2_RAW--ZED-RGB_FRONT.avi,2024-04-08 15:22:08
08-04-2024_15-37-45_p0021_s104_b2_RAW,21,104,Onde é a dor?,Dor na perna direita e esquerda,08-04-2024_15-37-45,/srv/projects2/captarlibras_finep/dataset_captarlibras/raw-data/frontal-cam/08-04-2024_15-37-45_p0021_s104_b2_RAW--ZED-RGB_FRONT.avi,2024-04-08 15:37:45
08-04-2024_15-39-28_p0021_sP06.2_b2_RAW,21,P06.2,Como é a dor? ,Pergunta,08-04-2024_15-39-28,/srv/projects2/captarlibras_finep/dataset_captarlibras/raw-data/frontal-cam/08-04-2024_15-39-28_p0021_sP06.2_b2_RAW--ZED-RGB_FRONT.avi,2024-04-08 15:39:28
08-04-2024_15-44-09_p0021_sP06.3_b2_RAW,21,P06.3,A dor é como se fosse um peso?,Pergunta,08-04-2024_15-44-09,/srv/projects2/captarlibras_finep/dataset_captarlibras/raw-data/frontal-cam/08-04-2024_15-44-09_p0021_sP06.3_b2_RAW--ZED-RGB_FRONT.avi,2024-04-08 15:44:09
08-04-2024_15-44-59_p0021_sP06.4_b2_RAW,21,P06.4,A dor é como se fosse uma queimação?,Pergunta,08-04-2024_15-44-59,/srv/projects2/captarlibras_finep/dataset_captarlibras/raw-data/frontal-cam/08-04-2024_15-44-59_p0021_sP06.4_b2_RAW--ZED-RGB_FRONT.avi,2024-04-08 15:44:59
08-04-2024_15-45-26_p0021_sP06.5_b2_RAW,21,P06.5,A dor é como se fosse uma fincada?,Pergunta,08-04-2024_15-45-26,/srv/projects2/captarlibras_finep/dataset_captarlibras/raw-data/frontal-cam/08-04-2024_15-45-26_p0021_sP06.5_b2_RAW--ZED-RGB_FRONT.avi,2024-04-08 15:45:26
08-04-2024_15-45-54_p0021_sP06.6_b2_RAW,21,P06.6,A dor é como se fosse um choque?,Pergunta,08-04-2024_15-45-54,/srv/projects2/captarlibras_finep/dataset_captarlibras/raw-data/frontal-cam/08-04-2024_15-45-54_p0021_sP06.6_b2_RAW--ZED-RGB_FRONT.avi,2024-04-08 15:45:54
08-04-2024_15-52-27_p0021_s129_b2_RAW,21,129,Existe algum fator de piora?,Locais com luminosidade excessiva,08-04-2024_15-52-27,/srv/projects2/captarlibras_finep/dataset_captarlibras/raw-data/frontal-cam/08-04-2024_15-52-27_p0021_s129_b2_RAW--ZED-RGB_FRONT.avi,2024-04-08 15:52:27
08-04-2024_15-58-55_p0021_sP08.2_b2_RAW,21,P08.2,Tem algum fator de melhora?,Pergunta,08-04-2024_15-58-55,/srv/projects2/captarlibras_finep/dataset_captarlibras/raw-data/frontal-cam/08-04-2024_15-58-55_p0021_sP08.2_b2_RAW--ZED-RGB_FRONT.avi,2024-04-08 15:58:55
08-04-2024_16-28-24_p0021_sP01_b1_RAW,21,P01,O que você está sentindo que te fez procurar o hospital?,Pergunta,08-04-2024_16-28-24,/srv/projects2/captarlibras_finep/dataset_captarlibras/raw-data/frontal-cam/08-04-2024_16-28-24_p0021_sP01_b1_RAW--ZED-RGB_FRONT.avi,2024-04-08 16:28:24
08-04-2024_16-45-07_p0021_s36_b1_RAW,21,36,O que você está sentindo que te fez procurar o hospital?,Excesso de suor,08-04-2024_16-45-07,/srv/projects2/captarlibras_finep/dataset_captarlibras/raw-data/frontal-cam/08-04-2024_16-45-07_p0021_s36_b1_RAW--ZED-RGB_FRONT.avi,2024-04-08 16:45:07
08-04-2024_16-52-09_p0021_s56_b1_RAW,21,56,O que você está sentindo que te fez procurar o hospital?,Sangramento nas fezes,08-04-2024_16-52-09,/srv/projects2/captarlibras_finep/dataset_captarlibras/raw-data/frontal-cam/08-04-2024_16-52-09_p0021_s56_b1_RAW--ZED-RGB_FRONT.avi,2024-04-08 16:52:09
08-04-2024_17-00-49_p0021_sP03_b1_RAW,21,P03,Como começou? O que você estava fazendo?,Pergunta,08-04-2024_17-00-49,/srv/projects2/captarlibras_finep/dataset_captarlibras/raw-data/frontal-cam/08-04-2024_17-00-49_p0021_sP03_b1_RAW--ZED-RGB_FRONT.avi,2024-04-08 17:00:49
16-04-2024_10-16-13_p0025_sP18.1_b4_RAW,25,P18.1,Está enjoado ou com vômitos?,Pergunta,16-04-2024_10-16-13,/srv/projects2/captarlibras_finep/dataset_captarlibras/raw-data/frontal-cam/16-04-2024_10-16-13_p0025_sP18.1_b4_RAW--ZED-RGB_FRONT.avi,2024-04-16 10:16:13
16-04-2024_10-19-02_p0025_sP18.2_b4_RAW,25,P18.2,Está com diarreia?,Pergunta,16-04-2024_10-19-02,/srv/projects2/captarlibras_finep/dataset_captarlibras/raw-data/frontal-cam/16-04-2024_10-19-02_p0025_sP18.2_b4_RAW--ZED-RGB_FRONT.avi,2024-04-16 10:19:02
16-04-2024_10-26-05_p0025_s221_b4_RAW,25,221,Como é a diarreia?,Com pus,16-04-2024_10-26-05,/srv/projects2/captarlibras_finep/dataset_captarlibras/raw-data/frontal-cam/16-04-2024_10-26-05_p0025_s221_b4_RAW--ZED-RGB_FRONT.avi,2024-04-16 10:26:05
16-04-2024_10-26-53_p0025_sP18.4_b4_RAW,25,P18.4,"Tem sangue, muco ou pus?",Pergunta,16-04-2024_10-26-53,/srv/projects2/captarlibras_finep/dataset_captarlibras/raw-data/frontal-cam/16-04-2024_10-26-53_p0025_sP18.4_b4_RAW--ZED-RGB_FRONT.avi,2024-04-16 10:26:53
16-04-2024_10-36-47_p0025_s238_b4_RAW,25,238,Você faz tratamento para alguma doença? Qual?,Hipotireoidismo,16-04-2024_10-36-47,/srv/projects2/captarlibras_finep/dataset_captarlibras/raw-data/frontal-cam/16-04-2024_10-36-47_p0025_s238_b4_RAW--ZED-RGB_FRONT.avi,2024-04-16 10:36:47
16-04-2024_10-40-36_p0025_s246_b4_RAW,25,246,Você tem alguma alergia?,Tenho alergia a fungos,16-04-2024_10-40-36,/srv/projects2/captarlibras_finep/dataset_captarlibras/raw-data/frontal-cam/16-04-2024_10-40-36_p0025_s246_b4_RAW--ZED-RGB_FRONT.avi,2024-04-16 10:40:36
16-04-2024_10-42-33_p0025_s250_b4_RAW,25,250,Você tem alguma alergia?,Tenho alergia a picada de insetos,16-04-2024_10-42-33,/srv/projects2/captarlibras_finep/dataset_captarlibras/raw-data/frontal-cam/16-04-2024_10-42-33_p0025_s250_b4_RAW--ZED-RGB_FRONT.avi,2024-04-16 10:42:33
16-04-2024_10-44-06_p0025_s254_b4_RAW,25,254,Você tem alguma alergia?,Tenho alergia a frutos do mar,16-04-2024_10-44-06,/srv/projects2/captarlibras_finep/dataset_captarlibras/raw-data/frontal-cam/16-04-2024_10-44-06_p0025_s254_b4_RAW--ZED-RGB_FRONT.avi,2024-04-16 10:44:06
16-04-2024_10-47-25_p0025_sP22.2_b4_RAW,25,P22.2,Tem alergia a algum medicamento?,Pergunta,16-04-2024_10-47-25,/srv/projects2/captarlibras_finep/dataset_captarlibras/raw-data/frontal-cam/16-04-2024_10-47-25_p0025_sP22.2_b4_RAW--ZED-RGB_FRONT.avi,2024-04-16 10:47:25
16-04-2024_10-49-22_p0025_s259_b4_RAW,25,259,Você fuma?,Fumo sim,16-04-2024_10-49-22,/srv/projects2/captarlibras_finep/dataset_captarlibras/raw-data/frontal-cam/16-04-2024_10-49-22_p0025_s259_b4_RAW--ZED-RGB_FRONT.avi,2024-04-16 10:49:22
16-04-2024_10-52-17_p0025_sP24.1_b4_RAW,25,P24.1,Ingere bebida alcoólica?,Pergunta,16-04-2024_10-52-17,/srv/projects2/captarlibras_finep/dataset_captarlibras/raw-data/frontal-cam/16-04-2024_10-52-17_p0025_sP24.1_b4_RAW--ZED-RGB_FRONT.avi,2024-04-16 10:52:17
16-04-2024_10-55-59_p0025_sP24.3_b4_RAW,25,P24.3,Quantas bebidas?,Pergunta,16-04-2024_10-55-59,/srv/projects2/captarlibras_finep/dataset_captarlibras/raw-data/frontal-cam/16-04-2024_10-55-59_p0025_sP24.3_b4_RAW--ZED-RGB_FRONT.avi,2024-04-16 10:55:59
16-04-2024_10-58-14_p0025_s275_b4_RAW,25,275,Quantas bebidas?,Uma garrafa todo dia,16-04-2024_10-58-14,/srv/projects2/captarlibras_finep/dataset_captarlibras/raw-data/frontal-cam/16-04-2024_10-58-14_p0025_s275_b4_RAW--ZED-RGB_FRONT.avi,2024-04-16 10:58:14
16-04-2024_11-00-30_p0025_s279_b4_RAW,25,279,Quantas bebidas?,Duas doses duas vezes por semana,16-04-2024_11-00-30,/srv/projects2/captarlibras_finep/dataset_captarlibras/raw-data/frontal-cam/16-04-2024_11-00-30_p0025_s279_b4_RAW--ZED-RGB_FRONT.avi,2024-04-16 11:00:30
16-04-2024_11-01-17_p0025_s280_b4_RAW,25,280,Quantas bebidas?,Uma taça de vinho uma vez na semana,16-04-2024_11-01-17,/srv/projects2/captarlibras_finep/dataset_captarlibras/raw-data/frontal-cam/16-04-2024_11-01-17_p0025_s280_b4_RAW--ZED-RGB_FRONT.avi,2024-04-16 11:01:17
16-04-2024_11-03-00_p0025_sP25.1_b4_RAW,25,P25.1,"Você fez alguma cirurgia? Se sim, qual?",Pergunta,16-04-2024_11-03-00,/srv/projects2/captarlibras_finep/dataset_captarlibras/raw-data/frontal-cam/16-04-2024_11-03-00_p0025_sP25.1_b4_RAW--ZED-RGB_FRONT.avi,2024-04-16 11:03:00
16-04-2024_15-17-24_p0016_sP09.1_b3_RAW,16,P09.1,A dor no peito ou falta de ar piora ao fazer esforço físico?,Pergunta,16-04-2024_15-17-24,/srv/projects2/captarlibras_finep/dataset_captarlibras/raw-data/frontal-cam/16-04-2024_15-17-24_p0016_sP09.1_b3_RAW--ZED-RGB_FRONT.avi,2024-04-16 15:17:24
16-04-2024_15-27-57_p0016_sP10_b3_RAW,16,P10,"De 1 a 10, sendo 1 uma dor muito fraca e 10 uma dor insuportável, qual é a intensidade da dor?",Pergunta,16-04-2024_15-27-57,/srv/projects2/captarlibras_finep/dataset_captarlibras/raw-data/frontal-cam/16-04-2024_15-27-57_p0016_sP10_b3_RAW--ZED-RGB_FRONT.avi,2024-04-16 15:27:57
16-04-2024_15-36-16_p0016_sP11.2_b3_RAW,16,P11.2,Qual a frequência da dor?,Pergunta,16-04-2024_15-36-16,/srv/projects2/captarlibras_finep/dataset_captarlibras/raw-data/frontal-cam/16-04-2024_15-36-16_p0016_sP11.2_b3_RAW--ZED-RGB_FRONT.avi,2024-04-16 15:36:16
16-04-2024_15-57-32_p0016_sP16_b3_RAW,16,P16,"Se não há espirro e tosse, sente ardor para urinar?",Pergunta,16-04-2024_15-57-32,/srv/projects2/captarlibras_finep/dataset_captarlibras/raw-data/frontal-cam/16-04-2024_15-57-32_p0016_sP16_b3_RAW--ZED-RGB_FRONT.avi,2024-04-16 15:57:32
16-04-2024_16-08-15_p0016_s244_b3_RAW,16,244,Está usando algum medicamento?,Não uso medicamento,16-04-2024_16-08-15,/srv/projects2/captarlibras_finep/dataset_captarlibras/raw-data/frontal-cam/16-04-2024_16-08-15_p0016_s244_b3_RAW--ZED-RGB_FRONT.avi,2024-04-16 16:08:15
18-04-2024_10-06-56_p0025_sP01_b1_RAW,25,P01,O que você está sentindo que te fez procurar o hospital?,Pergunta,18-04-2024_10-06-56,/srv/projects2/captarlibras_finep/dataset_captarlibras/raw-data/frontal-cam/18-04-2024_10-06-56_p0025_sP01_b1_RAW--ZED-RGB_FRONT.avi,2024-04-18 10:06:56
18-04-2024_10-29-29_p0025_s55_b1_RAW,25,55,O que você está sentindo que te fez procurar o hospital?,Sangramento pelo nariz,18-04-2024_10-29-29,/srv/projects2/captarlibras_finep/dataset_captarlibras/raw-data/frontal-cam/18-04-2024_10-29-29_p0025_s55_b1_RAW--ZED-RGB_FRONT.avi,2024-04-18 10:29:29
18-04-2024_10-30-57_p0025_s58_b1_RAW,25,58,O que você está sentindo que te fez procurar o hospital?,Trauma físico,18-04-2024_10-30-57,/srv/projects2/captarlibras_finep/dataset_captarlibras/raw-data/frontal-cam/18-04-2024_10-30-57_p0025_s58_b1_RAW--ZED-RGB_FRONT.avi,2024-04-18 10:30:57
18-04-2024_15-14-39_p0026_sP04_b2_RAW,26,P04,Qual é o tempo de duração?,Pergunta,18-04-2024_15-14-39,/srv/projects2/captarlibras_finep/dataset_captarlibras/raw-data/frontal-cam/18-04-2024_15-14-39_p0026_sP04_b2_RAW--ZED-RGB_FRONT.avi,2024-04-18 15:14:39
18-04-2024_15-20-33_p0026_s83_b2_RAW,26,83,Qual é o tempo de duração?,Um dia,18-04-2024_15-20-33,/srv/projects2/captarlibras_finep/dataset_captarlibras/raw-data/frontal-cam/18-04-2024_15-20-33_p0026_s83_b2_RAW--ZED-RGB_FRONT.avi,2024-04-18 15:20:33
18-04-2024_15-23-18_p0026_sP06.1_b2_RAW,26,P06.1,Onde é a dor?,Pergunta,18-04-2024_15-23-18,/srv/projects2/captarlibras_finep/dataset_captarlibras/raw-data/frontal-cam/18-04-2024_15-23-18_p0026_sP06.1_b2_RAW--ZED-RGB_FRONT.avi,2024-04-18 15:23:18
18-04-2024_15-36-10_p0026_sP08.1_b2_RAW,26,P08.1,Existe algum fator de piora?,Pergunta,18-04-2024_15-36-10,/srv/projects2/captarlibras_finep/dataset_captarlibras/raw-data/frontal-cam/18-04-2024_15-36-10_p0026_sP08.1_b2_RAW--ZED-RGB_FRONT.avi,2024-04-18 15:36:10
18-04-2024_15-36-38_p0026_s125_b2_RAW,26,125,Existe algum fator de piora?,Comer alimentos ácidos e picantes,18-04-2024_15-36-38,/srv/projects2/captarlibras_finep/dataset_captarlibras/raw-data/frontal-cam/18-04-2024_15-36-38_p0026_s125_b2_RAW--ZED-RGB_FRONT.avi,2024-04-18 15:36:38
18-04-2024_15-41-54_p0026_s142_b2_RAW,26,142,Existe algum fator de piora?,A posição do corpo piora a dor,18-04-2024_15-41-54,/srv/projects2/captarlibras_finep/dataset_captarlibras/raw-data/frontal-cam/18-04-2024_15-41-54_p0026_s142_b2_RAW--ZED-RGB_FRONT.avi,2024-04-18 15:41:54
18-04-2024_15-43-10_p0026_sP08.2_b2_RAW,26,P08.2,Tem algum fator de melhora?,Pergunta,18-04-2024_15-43-10,/srv/projects2/captarlibras_finep/dataset_captarlibras/raw-data/frontal-cam/18-04-2024_15-43-10_p0026_sP08.2_b2_RAW--ZED-RGB_FRONT.avi,2024-04-18 15:43:10
18-04-2024_15-44-23_p0026_s146_b2_RAW,26,146,Tem algum fator de melhora?,Usar medicamento,18-04-2024_15-44-23,/srv/projects2/captarlibras_finep/dataset_captarlibras/raw-data/frontal-cam/18-04-2024_15-44-23_p0026_s146_b2_RAW--ZED-RGB_FRONT.avi,2024-04-18 15:44:23
22-04-2024_09-12-25_p0025_s164_b3_RAW,25,164,Piora em repouso?,Piora em repouso,22-04-2024_09-12-25,/srv/projects2/captarlibras_finep/dataset_captarlibras/raw-data/frontal-cam/22-04-2024_09-12-25_p0025_s164_b3_RAW--ZED-RGB_FRONT.avi,2024-04-22 09:12:25
22-04-2024_09-12-48_p0025_s165_b3_RAW,25,165,Piora em repouso?,Não piora em repouso,22-04-2024_09-12-48,/srv/projects2/captarlibras_finep/dataset_captarlibras/raw-data/frontal-cam/22-04-2024_09-12-48_p0025_s165_b3_RAW--ZED-RGB_FRONT.avi,2024-04-22 09:12:48
22-04-2024_09-14-28_p0025_sP09.7_b3_RAW,25,P09.7,A dor no peito ou falta de ar melhorou com algum medicamento?,Pergunta,22-04-2024_09-14-28,/srv/projects2/captarlibras_finep/dataset_captarlibras/raw-data/frontal-cam/22-04-2024_09-14-28_p0025_sP09.7_b3_RAW--ZED-RGB_FRONT.avi,2024-04-22 09:14:28
22-04-2024_09-14-59_p0025_s168_b3_RAW,25,168,A dor no peito ou falta de ar melhorou com algum medicamento?,Melhorou com medicamento,22-04-2024_09-14-59,/srv/projects2/captarlibras_finep/dataset_captarlibras/raw-data/frontal-cam/22-04-2024_09-14-59_p0025_s168_b3_RAW--ZED-RGB_FRONT.avi,2024-04-22 09:14:59
22-04-2024_09-15-55_p0025_s169_b3_RAW,25,169,A dor no peito ou falta de ar melhorou com algum medicamento?,Não melhorou com medicamento,22-04-2024_09-15-55,/srv/projects2/captarlibras_finep/dataset_captarlibras/raw-data/frontal-cam/22-04-2024_09-15-55_p0025_s169_b3_RAW--ZED-RGB_FRONT.avi,2024-04-22 09:15:55
22-04-2024_09-16-28_p0025_sP10_b3_RAW,25,P10,"De 1 a 10, sendo 1 uma dor muito fraca e 10 uma dor insuportável, qual é a intensidade da dor?",Pergunta,22-04-2024_09-16-28,/srv/projects2/captarlibras_finep/dataset_captarlibras/raw-data/frontal-cam/22-04-2024_09-16-28_p0025_sP10_b3_RAW--ZED-RGB_FRONT.avi,2024-04-22 09:16:28
22-04-2024_09-22-02_p0025_s173_b3_RAW,25,173,Foi um episódio de dor ou mais episódios?,Constante,22-04-2024_09-22-02,/srv/projects2/captarlibras_finep/dataset_captarlibras/raw-data/frontal-cam/22-04-2024_09-22-02_p0025_s173_b3_RAW--ZED-RGB_FRONT.avi,2024-04-22 09:22:02
22-04-2024_09-22-27_p0025_sP11.2_b3_RAW,25,P11.2,Qual a frequência da dor?,Pergunta,22-04-2024_09-22-27,/srv/projects2/captarlibras_finep/dataset_captarlibras/raw-data/frontal-cam/22-04-2024_09-22-27_p0025_sP11.2_b3_RAW--ZED-RGB_FRONT.avi,2024-04-22 09:22:27
22-04-2024_09-26-19_p0025_sP11.5_b3_RAW,25,P11.5,Houve aumento da duração da dor?,Pergunta,22-04-2024_09-26-19,/srv/projects2/captarlibras_finep/dataset_captarlibras/raw-data/frontal-cam/22-04-2024_09-26-19_p0025_sP11.5_b3_RAW--ZED-RGB_FRONT.avi,2024-04-22 09:26:19
22-04-2024_09-29-24_p0025_s184_b3_RAW,25,184,A dor tem uma localização fixa ou se espalha para algum lugar?,A dor irradia para o braço,22-04-2024_09-29-24,/srv/projects2/captarlibras_finep/dataset_captarlibras/raw-data/frontal-cam/22-04-2024_09-29-24_p0025_s184_b3_RAW--ZED-RGB_FRONT.avi,2024-04-22 09:29:24
22-04-2024_09-29-57_p0025_s185_b3_RAW,25,185,A dor tem uma localização fixa ou se espalha para algum lugar?,A dor irradia para a barriga,22-04-2024_09-29-57,/srv/projects2/captarlibras_finep/dataset_captarlibras/raw-data/frontal-cam/22-04-2024_09-29-57_p0025_s185_b3_RAW--ZED-RGB_FRONT.avi,2024-04-22 09:29:57
22-04-2024_09-30-44_p0025_s187_b3_RAW,25,187,A dor tem uma localização fixa ou se espalha para algum lugar?,A dor irradia para a virilha,22-04-2024_09-30-44,/srv/projects2/captarlibras_finep/dataset_captarlibras/raw-data/frontal-cam/22-04-2024_09-30-44_p0025_s187_b3_RAW--ZED-RGB_FRONT.avi,2024-04-22 09:30:44
22-04-2024_09-31-55_p0025_s189_b3_RAW,25,189,A dor tem uma localização fixa ou se espalha para algum lugar?,A dor irradia para a perna,22-04-2024_09-31-55,/srv/projects2/captarlibras_finep/dataset_captarlibras/raw-data/frontal-cam/22-04-2024_09-31-55_p0025_s189_b3_RAW--ZED-RGB_FRONT.avi,2024-04-22 09:31:55
22-04-2024_09-36-19_p0025_sP14_b3_RAW,25,P14,"Tem dor, febre, calafrios, espirro ou secreção nasal?",Pergunta,22-04-2024_09-36-19,/srv/projects2/captarlibras_finep/dataset_captarlibras/raw-data/frontal-cam/22-04-2024_09-36-19_p0025_sP14_b3_RAW--ZED-RGB_FRONT.avi,2024-04-22 09:36:19
22-04-2024_09-39-34_p0025_s197_b3_RAW,25,197,Qual cor é o catarro?,Catarro transparente,22-04-2024_09-39-34,/srv/projects2/captarlibras_finep/dataset_captarlibras/raw-data/frontal-cam/22-04-2024_09-39-34_p0025_s197_b3_RAW--ZED-RGB_FRONT.avi,2024-04-22 09:39:34
22-04-2024_09-42-04_p0025_sP16_b3_RAW,25,P16,"Se não há espirro e tosse, sente ardor para urinar?",Pergunta,22-04-2024_09-42-04,/srv/projects2/captarlibras_finep/dataset_captarlibras/raw-data/frontal-cam/22-04-2024_09-42-04_p0025_sP16_b3_RAW--ZED-RGB_FRONT.avi,2024-04-22 09:42:04
22-04-2024_09-45-34_p0025_sP17.4_b3_RAW,25,P17.4,Trouxe cartão de vacina?,Pergunta,22-04-2024_09-45-34,/srv/projects2/captarlibras_finep/dataset_captarlibras/raw-data/frontal-cam/22-04-2024_09-45-34_p0025_sP17.4_b3_RAW--ZED-RGB_FRONT.avi,2024-04-22 09:45:34
22-04-2024_09-46-31_p0025_sP20_b3_RAW,25,P20,Você trouxe algum relatório médico?,Pergunta,22-04-2024_09-46-31,/srv/projects2/captarlibras_finep/dataset_captarlibras/raw-data/frontal-cam/22-04-2024_09-46-31_p0025_sP20_b3_RAW--ZED-RGB_FRONT.avi,2024-04-22 09:46:31
23-04-2024_11-13-26_p0024_s209_b4_RAW,24,209,Está enjoado ou com vômitos?,Não estou com vontade de vomitar,23-04-2024_11-13-26,/srv/projects2/captarlibras_finep/dataset_captarlibras/raw-data/frontal-cam/23-04-2024_11-13-26_p0024_s209_b4_RAW--ZED-RGB_FRONT.avi,2024-04-23 11:13:26
23-04-2024_11-13-49_p0024_sP18.2_b4_RAW,24,P18.2,Está com diarreia?,Pergunta,23-04-2024_11-13-49,/srv/projects2/captarlibras_finep/dataset_captarlibras/raw-data/frontal-cam/23-04-2024_11-13-49_p0024_sP18.2_b4_RAW--ZED-RGB_FRONT.avi,2024-04-23 11:13:49
23-04-2024_11-14-35_p0024_s210_b4_RAW,24,210,Como é a diarreia?,Amolecida,23-04-2024_11-14-35,/srv/projects2/captarlibras_finep/dataset_captarlibras/raw-data/frontal-cam/23-04-2024_11-14-35_p0024_s210_b4_RAW--ZED-RGB_FRONT.avi,2024-04-23 11:14:35
23-04-2024_11-15-49_p0024_s211_b4_RAW,24,211,Como é a diarreia?,Semilíquida,23-04-2024_11-15-49,/srv/projects2/captarlibras_finep/dataset_captarlibras/raw-data/frontal-cam/23-04-2024_11-15-49_p0024_s211_b4_RAW--ZED-RGB_FRONT.avi,2024-04-23 11:15:49
23-04-2024_11-16-35_p0024_s212_b4_RAW,24,212,Como é a diarreia?,Líquida,23-04-2024_11-16-35,/srv/projects2/captarlibras_finep/dataset_captarlibras/raw-data/frontal-cam/23-04-2024_11-16-35_p0024_s212_b4_RAW--ZED-RGB_FRONT.avi,2024-04-23 11:16:35
23-04-2024_11-16-54_p0024_s213_b4_RAW,24,213,Como é a diarreia?,Clara,23-04-2024_11-16-54,/srv/projects2/captarlibras_finep/dataset_captarlibras/raw-data/frontal-cam/23-04-2024_11-16-54_p0024_s213_b4_RAW--ZED-RGB_FRONT.avi,2024-04-23 11:16:54
23-04-2024_11-18-38_p0024_s218_b4_RAW,24,218,Como é a diarreia?,Escura,23-04-2024_11-18-38,/srv/projects2/captarlibras_finep/dataset_captarlibras/raw-data/frontal-cam/23-04-2024_11-18-38_p0024_s218_b4_RAW--ZED-RGB_FRONT.avi,2024-04-23 11:18:38
23-04-2024_11-20-54_p0024_s221_b4_RAW,24,221,Como é a diarreia?,Com pus,23-04-2024_11-20-54,/srv/projects2/captarlibras_finep/dataset_captarlibras/raw-data/frontal-cam/23-04-2024_11-20-54_p0024_s221_b4_RAW--ZED-RGB_FRONT.avi,2024-04-23 11:20:54
23-04-2024_11-21-18_p0024_sP18.4_b4_RAW,24,P18.4,"Tem sangue, muco ou pus?",Pergunta,23-04-2024_11-21-18,/srv/projects2/captarlibras_finep/dataset_captarlibras/raw-data/frontal-cam/23-04-2024_11-21-18_p0024_sP18.4_b4_RAW--ZED-RGB_FRONT.avi,2024-04-23 11:21:18
23-04-2024_11-22-08_p0024_sP18.5_b4_RAW,24,P18.5,Sente dor na barriga?,Pergunta,23-04-2024_11-22-08,/srv/projects2/captarlibras_finep/dataset_captarlibras/raw-data/frontal-cam/23-04-2024_11-22-08_p0024_sP18.5_b4_RAW--ZED-RGB_FRONT.avi,2024-04-23 11:22:08
23-04-2024_11-22-50_p0024_sP19.1_b4_RAW,24,P19.1,Você faz tratamento para alguma doença? Qual?,Pergunta,23-04-2024_11-22-50,/srv/projects2/captarlibras_finep/dataset_captarlibras/raw-data/frontal-cam/23-04-2024_11-22-50_p0024_sP19.1_b4_RAW--ZED-RGB_FRONT.avi,2024-04-23 11:22:50
23-04-2024_11-23-18_p0024_s223_b4_RAW,24,223,Você faz tratamento para alguma doença? Qual?,Diabetes,23-04-2024_11-23-18,/srv/projects2/captarlibras_finep/dataset_captarlibras/raw-data/frontal-cam/23-04-2024_11-23-18_p0024_s223_b4_RAW--ZED-RGB_FRONT.avi,2024-04-23 11:23:18
23-04-2024_11-25-01_p0024_s226_b4_RAW,24,226,Você faz tratamento para alguma doença? Qual?,Pressão alta,23-04-2024_11-25-01,/srv/projects2/captarlibras_finep/dataset_captarlibras/raw-data/frontal-cam/23-04-2024_11-25-01_p0024_s226_b4_RAW--ZED-RGB_FRONT.avi,2024-04-23 11:25:01
23-04-2024_11-25-38_p0024_s227_b4_RAW,24,227,Você faz tratamento para alguma doença? Qual?,Asma,23-04-2024_11-25-38,/srv/projects2/captarlibras_finep/dataset_captarlibras/raw-data/frontal-cam/23-04-2024_11-25-38_p0024_s227_b4_RAW--ZED-RGB_FRONT.avi,2024-04-23 11:25:38
23-04-2024_11-25-56_p0024_s228_b4_RAW,24,228,Você faz tratamento para alguma doença? Qual?,AIDS,23-04-2024_11-25-56,/srv/projects2/captarlibras_finep/dataset_captarlibras/raw-data/frontal-cam/23-04-2024_11-25-56_p0024_s228_b4_RAW--ZED-RGB_FRONT.avi,2024-04-23 11:25:56
23-04-2024_11-30-16_p0024_sP22.1_b4_RAW,24,P22.1,Você tem alguma alergia?,Pergunta,23-04-2024_11-30-16,/srv/projects2/captarlibras_finep/dataset_captarlibras/raw-data/frontal-cam/23-04-2024_11-30-16_p0024_sP22.1_b4_RAW--ZED-RGB_FRONT.avi,2024-04-23 11:30:16
23-04-2024_11-33-49_p0024_s252_b4_RAW,24,252,Você tem alguma alergia?,Tenho alergia a leite,23-04-2024_11-33-49,/srv/projects2/captarlibras_finep/dataset_captarlibras/raw-data/frontal-cam/23-04-2024_11-33-49_p0024_s252_b4_RAW--ZED-RGB_FRONT.avi,2024-04-23 11:33:49
23-04-2024_11-35-11_p0024_s254_b4_RAW,24,254,Você tem alguma alergia?,Tenho alergia a frutos do mar,23-04-2024_11-35-11,/srv/projects2/captarlibras_finep/dataset_captarlibras/raw-data/frontal-cam/23-04-2024_11-35-11_p0024_s254_b4_RAW--ZED-RGB_FRONT.avi,2024-04-23 11:35:11
23-04-2024_11-35-35_p0024_s255_b4_RAW,24,255,Você tem alguma alergia?,Tenho alergia a trigo,23-04-2024_11-35-35,/srv/projects2/captarlibras_finep/dataset_captarlibras/raw-data/frontal-cam/23-04-2024_11-35-35_p0024_s255_b4_RAW--ZED-RGB_FRONT.avi,2024-04-23 11:35:35
23-04-2024_11-37-04_p0024_sP22.2_b4_RAW,24,P22.2,Tem alergia a algum medicamento?,Pergunta,23-04-2024_11-37-04,/srv/projects2/captarlibras_finep/dataset_captarlibras/raw-data/frontal-cam/23-04-2024_11-37-04_p0024_sP22.2_b4_RAW--ZED-RGB_FRONT.avi,2024-04-23 11:37:04
23-04-2024_11-38-23_p0024_sP23.1_b4_RAW,24,P23.1,Você fuma?,Pergunta,23-04-2024_11-38-23,/srv/projects2/captarlibras_finep/dataset_captarlibras/raw-data/frontal-cam/23-04-2024_11-38-23_p0024_sP23.1_b4_RAW--ZED-RGB_FRONT.avi,2024-04-23 11:38:23
23-04-2024_11-39-57_p0024_s260_b4_RAW,24,260,Você fuma?,Não fumo,23-04-2024_11-39-57,/srv/projects2/captarlibras_finep/dataset_captarlibras/raw-data/frontal-cam/23-04-2024_11-39-57_p0024_s260_b4_RAW--ZED-RGB_FRONT.avi,2024-04-23 11:39:57
23-04-2024_11-41-42_p0024_sP23.3_b4_RAW,24,P23.3,Quantos cigarros por dia?,Pergunta,23-04-2024_11-41-42,/srv/projects2/captarlibras_finep/dataset_captarlibras/raw-data/frontal-cam/23-04-2024_11-41-42_p0024_sP23.3_b4_RAW--ZED-RGB_FRONT.avi,2024-04-23 11:41:42
23-04-2024_11-42-06_p0024_sP24.1_b4_RAW,24,P24.1,Ingere bebida alcoólica?,Pergunta,23-04-2024_11-42-06,/srv/projects2/captarlibras_finep/dataset_captarlibras/raw-data/frontal-cam/23-04-2024_11-42-06_p0024_sP24.1_b4_RAW--ZED-RGB_FRONT.avi,2024-04-23 11:42:06
23-04-2024_11-43-36_p0024_s267_b4_RAW,24,267,Quais bebidas?,Vodca,23-04-2024_11-43-36,/srv/projects2/captarlibras_finep/dataset_captarlibras/raw-data/frontal-cam/23-04-2024_11-43-36_p0024_s267_b4_RAW--ZED-RGB_FRONT.avi,2024-04-23 11:43:36
23-04-2024_11-46-26_p0024_sP24.3_b4_RAW,24,P24.3,Quantas bebidas?,Pergunta,23-04-2024_11-46-26,/srv/projects2/captarlibras_finep/dataset_captarlibras/raw-data/frontal-cam/23-04-2024_11-46-26_p0024_sP24.3_b4_RAW--ZED-RGB_FRONT.avi,2024-04-23 11:46:26
23-04-2024_11-47-14_p0024_s273_b4_RAW,24,273,Quantas bebidas?,Uma lata uma vez na semana,23-04-2024_11-47-14,/srv/projects2/captarlibras_finep/dataset_captarlibras/raw-data/frontal-cam/23-04-2024_11-47-14_p0024_s273_b4_RAW--ZED-RGB_FRONT.avi,2024-04-23 11:47:14
23-04-2024_11-50-08_p0024_s280_b4_RAW,24,280,Quantas bebidas?,Uma taça de vinho uma vez na semana,23-04-2024_11-50-08,/srv/projects2/captarlibras_finep/dataset_captarlibras/raw-data/frontal-cam/23-04-2024_11-50-08_p0024_s280_b4_RAW--ZED-RGB_FRONT.avi,2024-04-23 11:50:08
23-04-2024_11-50-30_p0024_s281_b4_RAW,24,281,Quantas bebidas?,Uma taça de vinho todos os dias,23-04-2024_11-50-30,/srv/projects2/captarlibras_finep/dataset_captarlibras/raw-data/frontal-cam/23-04-2024_11-50-30_p0024_s281_b4_RAW--ZED-RGB_FRONT.avi,2024-04-23 11:50:30
23-04-2024_11-51-17_p0024_s283_b4_RAW,24,283,Quantas bebidas?,Um copo uma vez por semana,23-04-2024_11-51-17,/srv/projects2/captarlibras_finep/dataset_captarlibras/raw-data/frontal-cam/23-04-2024_11-51-17_p0024_s283_b4_RAW--ZED-RGB_FRONT.avi,2024-04-23 11:51:17
23-04-2024_11-51-47_p0024_sP25.1_b4_RAW,24,P25.1,"Você fez alguma cirurgia? Se sim, qual?",Pergunta,23-04-2024_11-51-47,/srv/projects2/captarlibras_finep/dataset_captarlibras/raw-data/frontal-cam/23-04-2024_11-51-47_p0024_sP25.1_b4_RAW--ZED-RGB_FRONT.avi,2024-04-23 11:51:47
23-04-2024_14-57-19_p0026_sP01_b1_RAW,26,P01,O que você está sentindo que te fez procurar o hospital?,Pergunta,23-04-2024_14-57-19,/srv/projects2/captarlibras_finep/dataset_captarlibras/raw-data/frontal-cam/23-04-2024_14-57-19_p0026_sP01_b1_RAW--ZED-RGB_FRONT.avi,2024-04-23 14:57:19
23-04-2024_15-08-49_p0026_s19_b1_RAW,26,19,O que você está sentindo que te fez procurar o hospital?,Palpitação,23-04-2024_15-08-49,/srv/projects2/captarlibras_finep/dataset_captarlibras/raw-data/frontal-cam/23-04-2024_15-08-49_p0026_s19_b1_RAW--ZED-RGB_FRONT.avi,2024-04-23 15:08:49
23-04-2024_15-18-43_p0026_s37_b1_RAW,26,37,O que você está sentindo que te fez procurar o hospital?,Glicemia alterada,23-04-2024_15-18-43,/srv/projects2/captarlibras_finep/dataset_captarlibras/raw-data/frontal-cam/23-04-2024_15-18-43_p0026_s37_b1_RAW--ZED-RGB_FRONT.avi,2024-04-23 15:18:43
23-04-2024_15-22-19_p0026_s47_b1_RAW,26,47,O que você está sentindo que te fez procurar o hospital?,Ardor para urinar,23-04-2024_15-22-19,/srv/projects2/captarlibras_finep/dataset_captarlibras/raw-data/frontal-cam/23-04-2024_15-22-19_p0026_s47_b1_RAW--ZED-RGB_FRONT.avi,2024-04-23 15:22:19
23-04-2024_15-25-28_p0026_s55_b1_RAW,26,55,O que você está sentindo que te fez procurar o hospital?,Sangramento pelo nariz,23-04-2024_15-25-28,/srv/projects2/captarlibras_finep/dataset_captarlibras/raw-data/frontal-cam/23-04-2024_15-25-28_p0026_s55_b1_RAW--ZED-RGB_FRONT.avi,2024-04-23 15:25:28
23-04-2024_15-28-21_p0026_s62_b1_RAW,26,62,O que você está sentindo que te fez procurar o hospital?,Lesão por arma branca,23-04-2024_15-28-21,/srv/projects2/captarlibras_finep/dataset_captarlibras/raw-data/frontal-cam/23-04-2024_15-28-21_p0026_s62_b1_RAW--ZED-RGB_FRONT.avi,2024-04-23 15:28:21
23-04-2024_15-30-17_p0026_s66_b1_RAW,26,66,O que você está sentindo que te fez procurar o hospital?,Sangramento vaginal,23-04-2024_15-30-17,/srv/projects2/captarlibras_finep/dataset_captarlibras/raw-data/frontal-cam/23-04-2024_15-30-17_p0026_s66_b1_RAW--ZED-RGB_FRONT.avi,2024-04-23 15:30:17
23-04-2024_15-30-37_p0026_s67_b1_RAW,26,67,O que você está sentindo que te fez procurar o hospital?,Vômitos com sangue,23-04-2024_15-30-37,/srv/projects2/captarlibras_finep/dataset_captarlibras/raw-data/frontal-cam/23-04-2024_15-30-37_p0026_s67_b1_RAW--ZED-RGB_FRONT.avi,2024-04-23 15:30:37
23-04-2024_15-30-56_p0026_sP02_b1_RAW,26,P02,Quando começou?,Pergunta,23-04-2024_15-30-56,/srv/projects2/captarlibras_finep/dataset_captarlibras/raw-data/frontal-cam/23-04-2024_15-30-56_p0026_sP02_b1_RAW--ZED-RGB_FRONT.avi,2024-04-23 15:30:56
23-04-2024_15-32-57_p0026_sP03_b1_RAW,26,P03,Como começou? O que você estava fazendo?,Pergunta,23-04-2024_15-32-57,/srv/projects2/captarlibras_finep/dataset_captarlibras/raw-data/frontal-cam/23-04-2024_15-32-57_p0026_sP03_b1_RAW--ZED-RGB_FRONT.avi,2024-04-23 15:32:57
24-04-2024_15-28-37_p0027_sP10_b3_RAW,27,P10,"De 1 a 10, sendo 1 uma dor muito fraca e 10 uma dor insuportável, qual é a intensidade da dor?",Pergunta,24-04-2024_15-28-37,/srv/projects2/captarlibras_finep/dataset_captarlibras/raw-data/frontal-cam/24-04-2024_15-28-37_p0027_sP10_b3_RAW--ZED-RGB_FRONT.avi,2024-04-24 15:28:37
24-04-2024_15-39-53_p0027_sP11.2_b3_RAW,27,P11.2,Qual a frequência da dor?,Pergunta,24-04-2024_15-39-53,/srv/projects2/captarlibras_finep/dataset_captarlibras/raw-data/frontal-cam/24-04-2024_15-39-53_p0027_sP11.2_b3_RAW--ZED-RGB_FRONT.avi,2024-04-24 15:39:53
24-04-2024_15-40-30_p0027_s174_b3_RAW,27,174,Qual a frequência da dor?,Três vezes ao dia,24-04-2024_15-40-30,/srv/projects2/captarlibras_finep/dataset_captarlibras/raw-data/frontal-cam/24-04-2024_15-40-30_p0027_s174_b3_RAW--ZED-RGB_FRONT.avi,2024-04-24 15:40:30
24-04-2024_15-41-14_p0027_sP11.3_b3_RAW,27,P11.3,Quando foi o primeiro episódio?,Pergunta,24-04-2024_15-41-14,/srv/projects2/captarlibras_finep/dataset_captarlibras/raw-data/frontal-cam/24-04-2024_15-41-14_p0027_sP11.3_b3_RAW--ZED-RGB_FRONT.avi,2024-04-24 15:41:14
24-04-2024_15-45-44_p0027_sP12_b3_RAW,27,P12,A dor tem uma localização fixa ou se espalha para algum lugar?,Pergunta,24-04-2024_15-45-44,/srv/projects2/captarlibras_finep/dataset_captarlibras/raw-data/frontal-cam/24-04-2024_15-45-44_p0027_sP12_b3_RAW--ZED-RGB_FRONT.avi,2024-04-24 15:45:44
24-04-2024_15-48-58_p0027_s183_b3_RAW,27,183,A dor tem uma localização fixa ou se espalha para algum lugar?,A dor irradia para o ombro,24-04-2024_15-48-58,/srv/projects2/captarlibras_finep/dataset_captarlibras/raw-data/frontal-cam/24-04-2024_15-48-58_p0027_s183_b3_RAW--ZED-RGB_FRONT.avi,2024-04-24 15:48:58
24-04-2024_15-50-30_p0027_s185_b3_RAW,27,185,A dor tem uma localização fixa ou se espalha para algum lugar?,A dor irradia para a barriga,24-04-2024_15-50-30,/srv/projects2/captarlibras_finep/dataset_captarlibras/raw-data/frontal-cam/24-04-2024_15-50-30_p0027_s185_b3_RAW--ZED-RGB_FRONT.avi,2024-04-24 15:50:30
24-04-2024_15-50-59_p0027_s186_b3_RAW,27,186,A dor tem uma localização fixa ou se espalha para algum lugar?,A dor irradia para as costas,24-04-2024_15-50-59,/srv/projects2/captarlibras_finep/dataset_captarlibras/raw-data/frontal-cam/24-04-2024_15-50-59_p0027_s186_b3_RAW--ZED-RGB_FRONT.avi,2024-04-24 15:50:59
24-04-2024_15-52-40_p0027_s188_b3_RAW,27,188,A dor tem uma localização fixa ou se espalha para algum lugar?,A dor irradia para a coxa,24-04-2024_15-52-40,/srv/projects2/captarlibras_finep/dataset_captarlibras/raw-data/frontal-cam/24-04-2024_15-52-40_p0027_s188_b3_RAW--ZED-RGB_FRONT.avi,2024-04-24 15:52:40
24-04-2024_15-53-41_p0027_sP13.1_b3_RAW,27,P13.1,A dor piora quando aperta?,Pergunta,24-04-2024_15-53-41,/srv/projects2/captarlibras_finep/dataset_captarlibras/raw-data/frontal-cam/24-04-2024_15-53-41_p0027_sP13.1_b3_RAW--ZED-RGB_FRONT.avi,2024-04-24 15:53:41
24-04-2024_15-55-33_p0027_sP13.2_b3_RAW,27,P13.2,A dor piora quando muda a posição do corpo?,Pergunta,24-04-2024_15-55-33,/srv/projects2/captarlibras_finep/dataset_captarlibras/raw-data/frontal-cam/24-04-2024_15-55-33_p0027_sP13.2_b3_RAW--ZED-RGB_FRONT.avi,2024-04-24 15:55:33
24-04-2024_16-07-54_p0027_sP17.2_b3_RAW,27,P17.2,Quantas doses?,Pergunta,24-04-2024_16-07-54,/srv/projects2/captarlibras_finep/dataset_captarlibras/raw-data/frontal-cam/24-04-2024_16-07-54_p0027_sP17.2_b3_RAW--ZED-RGB_FRONT.avi,2024-04-24 16:07:54
24-04-2024_16-19-10_p0027_sP17.4_b3_RAW,27,P17.4,Trouxe cartão de vacina?,Pergunta,24-04-2024_16-19-10,/srv/projects2/captarlibras_finep/dataset_captarlibras/raw-data/frontal-cam/24-04-2024_16-19-10_p0027_sP17.4_b3_RAW--ZED-RGB_FRONT.avi,2024-04-24 16:19:10
24-04-2024_16-19-41_p0027_s208_b3_RAW,27,208,Trouxe cartão de vacina?,Não trouxe cartão de vacina,24-04-2024_16-19-41,/srv/projects2/captarlibras_finep/dataset_captarlibras/raw-data/frontal-cam/24-04-2024_16-19-41_p0027_s208_b3_RAW--ZED-RGB_FRONT.avi,2024-04-24 16:19:41
24-04-2024_16-20-14_p0027_sP20_b3_RAW,27,P20,Você trouxe algum relatório médico?,Pergunta,24-04-2024_16-20-14,/srv/projects2/captarlibras_finep/dataset_captarlibras/raw-data/frontal-cam/24-04-2024_16-20-14_p0027_sP20_b3_RAW--ZED-RGB_FRONT.avi,2024-04-24 16:20:14
24-04-2024_16-21-39_p0027_s243_b3_RAW,27,243,Você trouxe receita médica?,Não trouxe receita médica,24-04-2024_16-21-39,/srv/projects2/captarlibras_finep/dataset_captarlibras/raw-data/frontal-cam/24-04-2024_16-21-39_p0027_s243_b3_RAW--ZED-RGB_FRONT.avi,2024-04-24 16:21:39
24-04-2024_16-22-42_p0027_s242_b3_RAW,27,242,Está usando algum medicamento?,Uso medicamento,24-04-2024_16-22-42,/srv/projects2/captarlibras_finep/dataset_captarlibras/raw-data/frontal-cam/24-04-2024_16-22-42_p0027_s242_b3_RAW--ZED-RGB_FRONT.avi,2024-04-24 16:22:42
24-04-2024_16-23-07_p0027_s244_b3_RAW,27,244,Está usando algum medicamento?,Não uso medicamento,24-04-2024_16-23-07,/srv/projects2/captarlibras_finep/dataset_captarlibras/raw-data/frontal-cam/24-04-2024_16-23-07_p0027_s244_b3_RAW--ZED-RGB_FRONT.avi,2024-04-24 16:23:07
26-04-2024_14-29-46_p0028_sP01_b1_RAW,28,P01,O que você está sentindo que te fez procurar o hospital?,Pergunta,26-04-2024_14-29-46,/srv/projects2/captarlibras_finep/dataset_captarlibras/raw-data/frontal-cam/26-04-2024_14-29-46_p0028_sP01_b1_RAW--ZED-RGB_FRONT.avi,2024-04-26 14:29:46
26-04-2024_14-40-35_p0028_s24_b1_RAW,28,24,O que você está sentindo que te fez procurar o hospital?,Vômitos,26-04-2024_14-40-35,/srv/projects2/captarlibras_finep/dataset_captarlibras/raw-data/frontal-cam/26-04-2024_14-40-35_p0028_s24_b1_RAW--ZED-RGB_FRONT.avi,2024-04-26 14:40:35
26-04-2024_14-43-02_p0028_s30_b1_RAW,28,30,O que você está sentindo que te fez procurar o hospital?,Feridas na pele,26-04-2024_14-43-02,/srv/projects2/captarlibras_finep/dataset_captarlibras/raw-data/frontal-cam/26-04-2024_14-43-02_p0028_s30_b1_RAW--ZED-RGB_FRONT.avi,2024-04-26 14:43:02
26-04-2024_15-00-55_p0028_s58_b1_RAW,28,58,O que você está sentindo que te fez procurar o hospital?,Trauma físico,26-04-2024_15-00-55,/srv/projects2/captarlibras_finep/dataset_captarlibras/raw-data/frontal-cam/26-04-2024_15-00-55_p0028_s58_b1_RAW--ZED-RGB_FRONT.avi,2024-04-26 15:00:55
26-04-2024_15-05-38_p0028_s67_b1_RAW,28,67,O que você está sentindo que te fez procurar o hospital?,Vômitos com sangue,26-04-2024_15-05-38,/srv/projects2/captarlibras_finep/dataset_captarlibras/raw-data/frontal-cam/26-04-2024_15-05-38_p0028_s67_b1_RAW--ZED-RGB_FRONT.avi,2024-04-26 15:05:38
26-04-2024_15-06-18_p0028_sP02_b1_RAW,28,P02,Quando começou?,Pergunta,26-04-2024_15-06-18,/srv/projects2/captarlibras_finep/dataset_captarlibras/raw-data/frontal-cam/26-04-2024_15-06-18_p0028_sP02_b1_RAW--ZED-RGB_FRONT.avi,2024-04-26 15:06:18
26-04-2024_15-09-00_p0028_sP03_b1_RAW,28,P03,Como começou? O que você estava fazendo?,Pergunta,26-04-2024_15-09-00,/srv/projects2/captarlibras_finep/dataset_captarlibras/raw-data/frontal-cam/26-04-2024_15-09-00_p0028_sP03_b1_RAW--ZED-RGB_FRONT.avi,2024-04-26 15:09:00
29-04-2024_11-22-50_p0029_sP04_b2_RAW,29,P04,Qual é o tempo de duração?,Pergunta,29-04-2024_11-22-50,/srv/projects2/captarlibras_finep/dataset_captarlibras/raw-data/frontal-cam/29-04-2024_11-22-50_p0029_sP04_b2_RAW--ZED-RGB_FRONT.avi,2024-04-29 11:22:50
29-04-2024_11-45-08_p0029_sP08.1_b2_RAW,29,P08.1,Existe algum fator de piora?,Pergunta,29-04-2024_11-45-08,/srv/projects2/captarlibras_finep/dataset_captarlibras/raw-data/frontal-cam/29-04-2024_11-45-08_p0029_sP08.1_b2_RAW--ZED-RGB_FRONT.avi,2024-04-29 11:45:08
29-04-2024_11-46-07_p0029_s125_b2_RAW,29,125,Existe algum fator de piora?,Comer alimentos ácidos e picantes,29-04-2024_11-46-07,/srv/projects2/captarlibras_finep/dataset_captarlibras/raw-data/frontal-cam/29-04-2024_11-46-07_p0029_s125_b2_RAW--ZED-RGB_FRONT.avi,2024-04-29 11:46:07
29-04-2024_11-57-42_p0029_s148.5_b2_RAW,29,148.5,Alfabeto completo,E,29-04-2024_11-57-42,/srv/projects2/captarlibras_finep/dataset_captarlibras/raw-data/frontal-cam/29-04-2024_11-57-42_p0029_s148.5_b2_RAW--ZED-RGB_FRONT.avi,2024-04-29 11:57:42
29-04-2024_15-15-33_p0024_sP09.2_b3_RAW,24,P09.2,Piora ao subir morro?,Pergunta,29-04-2024_15-15-33,/srv/projects2/captarlibras_finep/dataset_captarlibras/raw-data/frontal-cam/29-04-2024_15-15-33_p0024_sP09.2_b3_RAW--ZED-RGB_FRONT.avi,2024-04-29 15:15:33
29-04-2024_15-22-14_p0024_s164_b3_RAW,24,164,Piora em repouso?,Piora em repouso,29-04-2024_15-22-14,/srv/projects2/captarlibras_finep/dataset_captarlibras/raw-data/frontal-cam/29-04-2024_15-22-14_p0024_s164_b3_RAW--ZED-RGB_FRONT.avi,2024-04-29 15:22:14
29-04-2024_15-23-52_p0024_s165_b3_RAW,24,165,Piora em repouso?,Não piora em repouso,29-04-2024_15-23-52,/srv/projects2/captarlibras_finep/dataset_captarlibras/raw-data/frontal-cam/29-04-2024_15-23-52_p0024_s165_b3_RAW--ZED-RGB_FRONT.avi,2024-04-29 15:23:52
29-04-2024_15-28-55_p0024_sP10_b3_RAW,24,P10,"De 1 a 10, sendo 1 uma dor muito fraca e 10 uma dor insuportável, qual é a intensidade da dor?",Pergunta,29-04-2024_15-28-55,/srv/projects2/captarlibras_finep/dataset_captarlibras/raw-data/frontal-cam/29-04-2024_15-28-55_p0024_sP10_b3_RAW--ZED-RGB_FRONT.avi,2024-04-29 15:28:55
29-04-2024_15-30-48_p0024_s170.0_b3_RAW,24,170.0,"De 1 a 10, sendo 1 uma dor muito fraca e 10 uma dor insuportável, qual é a intensidade da dor?",Zero,29-04-2024_15-30-48,/srv/projects2/captarlibras_finep/dataset_captarlibras/raw-data/frontal-cam/29-04-2024_15-30-48_p0024_s170.0_b3_RAW--ZED-RGB_FRONT.avi,2024-04-29 15:30:48
29-04-2024_15-35-59_p0024_sP11.1_b3_RAW,24,P11.1,Foi um episódio de dor ou mais episódios?,Pergunta,29-04-2024_15-35-59,/srv/projects2/captarlibras_finep/dataset_captarlibras/raw-data/frontal-cam/29-04-2024_15-35-59_p0024_sP11.1_b3_RAW--ZED-RGB_FRONT.avi,2024-04-29 15:35:59
29-04-2024_15-43-50_p0024_sP12_b3_RAW,24,P12,A dor tem uma localização fixa ou se espalha para algum lugar?,Pergunta,29-04-2024_15-43-50,/srv/projects2/captarlibras_finep/dataset_captarlibras/raw-data/frontal-cam/29-04-2024_15-43-50_p0024_sP12_b3_RAW--ZED-RGB_FRONT.avi,2024-04-29 15:43:50
29-04-2024_15-48-53_p0024_s186_b3_RAW,24,186,A dor tem uma localização fixa ou se espalha para algum lugar?,A dor irradia para as costas,29-04-2024_15-48-53,/srv/projects2/captarlibras_finep/dataset_captarlibras/raw-data/frontal-cam/29-04-2024_15-48-53_p0024_s186_b3_RAW--ZED-RGB_FRONT.avi,2024-04-29 15:48:53
29-04-2024_15-49-28_p0024_s187_b3_RAW,24,187,A dor tem uma localização fixa ou se espalha para algum lugar?,A dor irradia para a virilha,29-04-2024_15-49-28,/srv/projects2/captarlibras_finep/dataset_captarlibras/raw-data/frontal-cam/29-04-2024_15-49-28_p0024_s187_b3_RAW--ZED-RGB_FRONT.avi,2024-04-29 15:49:28
29-04-2024_15-51-13_p0024_sP13.1_b3_RAW,24,P13.1,A dor piora quando aperta?,Pergunta,29-04-2024_15-51-13,/srv/projects2/captarlibras_finep/dataset_captarlibras/raw-data/frontal-cam/29-04-2024_15-51-13_p0024_sP13.1_b3_RAW--ZED-RGB_FRONT.avi,2024-04-29 15:51:13
29-04-2024_15-51-45_p0024_s190_b3_RAW,24,190,A dor piora quando aperta?,Piora quando aperta,29-04-2024_15-51-45,/srv/projects2/captarlibras_finep/dataset_captarlibras/raw-data/frontal-cam/29-04-2024_15-51-45_p0024_s190_b3_RAW--ZED-RGB_FRONT.avi,2024-04-29 15:51:45
29-04-2024_15-52-50_p0024_sP13.2_b3_RAW,24,P13.2,A dor piora quando muda a posição do corpo?,Pergunta,29-04-2024_15-52-50,/srv/projects2/captarlibras_finep/dataset_captarlibras/raw-data/frontal-cam/29-04-2024_15-52-50_p0024_sP13.2_b3_RAW--ZED-RGB_FRONT.avi,2024-04-29 15:52:50
29-04-2024_15-53-37_p0024_s192_b3_RAW,24,192,A dor piora quando muda a posição do corpo?,Piora quando muda a posição do corpo,29-04-2024_15-53-37,/srv/projects2/captarlibras_finep/dataset_captarlibras/raw-data/frontal-cam/29-04-2024_15-53-37_p0024_s192_b3_RAW--ZED-RGB_FRONT.avi,2024-04-29 15:53:37
29-04-2024_15-54-12_p0024_s193_b3_RAW,24,193,A dor piora quando muda a posição do corpo?,Não piora quando muda a posição do corpo,29-04-2024_15-54-12,/srv/projects2/captarlibras_finep/dataset_captarlibras/raw-data/frontal-cam/29-04-2024_15-54-12_p0024_s193_b3_RAW--ZED-RGB_FRONT.avi,2024-04-29 15:54:12
29-04-2024_15-54-45_p0024_sP14_b3_RAW,24,P14,"Tem dor, febre, calafrios, espirro ou secreção nasal?",Pergunta,29-04-2024_15-54-45,/srv/projects2/captarlibras_finep/dataset_captarlibras/raw-data/frontal-cam/29-04-2024_15-54-45_p0024_sP14_b3_RAW--ZED-RGB_FRONT.avi,2024-04-29 15:54:45
29-04-2024_15-55-33_p0024_sP15.1_b3_RAW,24,P15.1,Tem tosse?,Pergunta,29-04-2024_15-55-33,/srv/projects2/captarlibras_finep/dataset_captarlibras/raw-data/frontal-cam/29-04-2024_15-55-33_p0024_sP15.1_b3_RAW--ZED-RGB_FRONT.avi,2024-04-29 15:55:33
29-04-2024_15-56-43_p0024_sP15.2_b3_RAW,24,P15.2,Como é a tosse?,Pergunta,29-04-2024_15-56-43,/srv/projects2/captarlibras_finep/dataset_captarlibras/raw-data/frontal-cam/29-04-2024_15-56-43_p0024_sP15.2_b3_RAW--ZED-RGB_FRONT.avi,2024-04-29 15:56:43
29-04-2024_15-57-41_p0024_sP15.3_b3_RAW,24,P15.3,Tosse é com ou sem catarro?,Pergunta,29-04-2024_15-57-41,/srv/projects2/captarlibras_finep/dataset_captarlibras/raw-data/frontal-cam/29-04-2024_15-57-41_p0024_sP15.3_b3_RAW--ZED-RGB_FRONT.avi,2024-04-29 15:57:41
29-04-2024_15-58-43_p0024_s196_b3_RAW,24,196,Tosse é com ou sem catarro?,Tosse com catarro,29-04-2024_15-58-43,/srv/projects2/captarlibras_finep/dataset_captarlibras/raw-data/frontal-cam/29-04-2024_15-58-43_p0024_s196_b3_RAW--ZED-RGB_FRONT.avi,2024-04-29 15:58:43
29-04-2024_15-59-25_p0024_sP15.4_b3_RAW,24,P15.4,Qual cor é o catarro?,Pergunta,29-04-2024_15-59-25,/srv/projects2/captarlibras_finep/dataset_captarlibras/raw-data/frontal-cam/29-04-2024_15-59-25_p0024_sP15.4_b3_RAW--ZED-RGB_FRONT.avi,2024-04-29 15:59:25
29-04-2024_16-03-46_p0024_sP16_b3_RAW,24,P16,"Se não há espirro e tosse, sente ardor para urinar?",Pergunta,29-04-2024_16-03-46,/srv/projects2/captarlibras_finep/dataset_captarlibras/raw-data/frontal-cam/29-04-2024_16-03-46_p0024_sP16_b3_RAW--ZED-RGB_FRONT.avi,2024-04-29 16:03:46
29-04-2024_16-04-53_p0024_s203_b3_RAW,24,203,Você vacinou para covid-19?,Não vacinei pra covid-19,29-04-2024_16-04-53,/srv/projects2/captarlibras_finep/dataset_captarlibras/raw-data/frontal-cam/29-04-2024_16-04-53_p0024_s203_b3_RAW--ZED-RGB_FRONT.avi,2024-04-29 16:04:53
29-04-2024_16-05-41_p0024_sP17.2_b3_RAW,24,P17.2,Quantas doses?,Pergunta,29-04-2024_16-05-41,/srv/projects2/captarlibras_finep/dataset_captarlibras/raw-data/frontal-cam/29-04-2024_16-05-41_p0024_sP17.2_b3_RAW--ZED-RGB_FRONT.avi,2024-04-29 16:05:41
29-04-2024_16-07-53_p0024_s207_b3_RAW,24,207,Você vacinou para gripe?,Não vacinei pra gripe,29-04-2024_16-07-53,/srv/projects2/captarlibras_finep/dataset_captarlibras/raw-data/frontal-cam/29-04-2024_16-07-53_p0024_s207_b3_RAW--ZED-RGB_FRONT.avi,2024-04-29 16:07:53
29-04-2024_16-08-23_p0024_sP17.4_b3_RAW,24,P17.4,Trouxe cartão de vacina?,Pergunta,29-04-2024_16-08-23,/srv/projects2/captarlibras_finep/dataset_captarlibras/raw-data/frontal-cam/29-04-2024_16-08-23_p0024_sP17.4_b3_RAW--ZED-RGB_FRONT.avi,2024-04-29 16:08:23
29-04-2024_16-08-49_p0024_s208_b3_RAW,24,208,Trouxe cartão de vacina?,Não trouxe cartão de vacina,29-04-2024_16-08-49,/srv/projects2/captarlibras_finep/dataset_captarlibras/raw-data/frontal-cam/29-04-2024_16-08-49_p0024_s208_b3_RAW--ZED-RGB_FRONT.avi,2024-04-29 16:08:49
29-04-2024_16-09-14_p0024_sP20_b3_RAW,24,P20,Você trouxe algum relatório médico?,Pergunta,29-04-2024_16-09-14,/srv/projects2/captarlibras_finep/dataset_captarlibras/raw-data/frontal-cam/29-04-2024_16-09-14_p0024_sP20_b3_RAW--ZED-RGB_FRONT.avi,2024-04-29 16:09:14
29-04-2024_16-10-00_p0024_sP21.1_b3_RAW,24,P21.1,Você trouxe receita médica?,Pergunta,29-04-2024_16-10-00,/srv/projects2/captarlibras_finep/dataset_captarlibras/raw-data/frontal-cam/29-04-2024_16-10-00_p0024_sP21.1_b3_RAW--ZED-RGB_FRONT.avi,2024-04-29 16:10:00
29-04-2024_16-10-55_p0024_s243_b3_RAW,24,243,Você trouxe receita médica?,Não trouxe receita médica,29-04-2024_16-10-55,/srv/projects2/captarlibras_finep/dataset_captarlibras/raw-data/frontal-cam/29-04-2024_16-10-55_p0024_s243_b3_RAW--ZED-RGB_FRONT.avi,2024-04-29 16:10:55
29-04-2024_16-11-47_p0024_s242_b3_RAW,24,242,Está usando algum medicamento?,Uso medicamento,29-04-2024_16-11-47,/srv/projects2/captarlibras_finep/dataset_captarlibras/raw-data/frontal-cam/29-04-2024_16-11-47_p0024_s242_b3_RAW--ZED-RGB_FRONT.avi,2024-04-29 16:11:47
29-04-2024_16-12-17_p0024_s244_b3_RAW,24,244,Está usando algum medicamento?,Não uso medicamento,29-04-2024_16-12-17,/srv/projects2/captarlibras_finep/dataset_captarlibras/raw-data/frontal-cam/29-04-2024_16-12-17_p0024_s244_b3_RAW--ZED-RGB_FRONT.avi,2024-04-29 16:12:17
29-04-2024_16-24-05_p0024_sP01_b1_RAW,24,P01,O que você está sentindo que te fez procurar o hospital?,Pergunta,29-04-2024_16-24-05,/srv/projects2/captarlibras_finep/dataset_captarlibras/raw-data/frontal-cam/29-04-2024_16-24-05_p0024_sP01_b1_RAW--ZED-RGB_FRONT.avi,2024-04-29 16:24:05
29-04-2024_16-25-24_p0024_s3_b1_RAW,24,3,O que você está sentindo que te fez procurar o hospital?,Alteração comportamental,29-04-2024_16-25-24,/srv/projects2/captarlibras_finep/dataset_captarlibras/raw-data/frontal-cam/29-04-2024_16-25-24_p0024_s3_b1_RAW--ZED-RGB_FRONT.avi,2024-04-29 16:25:24
29-04-2024_16-26-44_p0024_s6_b1_RAW,24,6,O que você está sentindo que te fez procurar o hospital?,Dor no pescoço,29-04-2024_16-26-44,/srv/projects2/captarlibras_finep/dataset_captarlibras/raw-data/frontal-cam/29-04-2024_16-26-44_p0024_s6_b1_RAW--ZED-RGB_FRONT.avi,2024-04-29 16:26:44
29-04-2024_16-28-14_p0024_s9_b1_RAW,24,9,O que você está sentindo que te fez procurar o hospital?,Dor na lombar,29-04-2024_16-28-14,/srv/projects2/captarlibras_finep/dataset_captarlibras/raw-data/frontal-cam/29-04-2024_16-28-14_p0024_s9_b1_RAW--ZED-RGB_FRONT.avi,2024-04-29 16:28:14
29-04-2024_16-30-59_p0024_s14_b1_RAW,24,14,O que você está sentindo que te fez procurar o hospital?,Dor na panturrilha,29-04-2024_16-30-59,/srv/projects2/captarlibras_finep/dataset_captarlibras/raw-data/frontal-cam/29-04-2024_16-30-59_p0024_s14_b1_RAW--ZED-RGB_FRONT.avi,2024-04-29 16:30:59
29-04-2024_16-35-02_p0024_s15_b1_RAW,24,15,O que você está sentindo que te fez procurar o hospital?,Dor no pé,29-04-2024_16-35-02,/srv/projects2/captarlibras_finep/dataset_captarlibras/raw-data/frontal-cam/29-04-2024_16-35-02_p0024_s15_b1_RAW--ZED-RGB_FRONT.avi,2024-04-29 16:35:02
29-04-2024_16-43-05_p0024_s30_b1_RAW,24,30,O que você está sentindo que te fez procurar o hospital?,Feridas na pele,29-04-2024_16-43-05,/srv/projects2/captarlibras_finep/dataset_captarlibras/raw-data/frontal-cam/29-04-2024_16-43-05_p0024_s30_b1_RAW--ZED-RGB_FRONT.avi,2024-04-29 16:43:05
29-04-2024_16-45-08_p0024_s33_b1_RAW,24,33,O que você está sentindo que te fez procurar o hospital?,Coceira,29-04-2024_16-45-08,/srv/projects2/captarlibras_finep/dataset_captarlibras/raw-data/frontal-cam/29-04-2024_16-45-08_p0024_s33_b1_RAW--ZED-RGB_FRONT.avi,2024-04-29 16:45:08
29-04-2024_16-46-14_p0024_s34_b1_RAW,24,34,O que você está sentindo que te fez procurar o hospital?,Febre,29-04-2024_16-46-14,/srv/projects2/captarlibras_finep/dataset_captarlibras/raw-data/frontal-cam/29-04-2024_16-46-14_p0024_s34_b1_RAW--ZED-RGB_FRONT.avi,2024-04-29 16:46:14
29-04-2024_16-46-59_p0024_s36_b1_RAW,24,36,O que você está sentindo que te fez procurar o hospital?,Excesso de suor,29-04-2024_16-46-59,/srv/projects2/captarlibras_finep/dataset_captarlibras/raw-data/frontal-cam/29-04-2024_16-46-59_p0024_s36_b1_RAW--ZED-RGB_FRONT.avi,2024-04-29 16:46:59
29-04-2024_16-47-24_p0024_s37_b1_RAW,24,37,O que você está sentindo que te fez procurar o hospital?,Glicemia alterada,29-04-2024_16-47-24,/srv/projects2/captarlibras_finep/dataset_captarlibras/raw-data/frontal-cam/29-04-2024_16-47-24_p0024_s37_b1_RAW--ZED-RGB_FRONT.avi,2024-04-29 16:47:24
29-04-2024_16-48-40_p0024_s40_b1_RAW,24,40,O que você está sentindo que te fez procurar o hospital?,Mordida de cachorro,29-04-2024_16-48-40,/srv/projects2/captarlibras_finep/dataset_captarlibras/raw-data/frontal-cam/29-04-2024_16-48-40_p0024_s40_b1_RAW--ZED-RGB_FRONT.avi,2024-04-29 16:48:40
29-04-2024_16-50-12_p0024_s44_b1_RAW,24,44,O que você está sentindo que te fez procurar o hospital?,Pressão arterial alterada,29-04-2024_16-50-12,/srv/projects2/captarlibras_finep/dataset_captarlibras/raw-data/frontal-cam/29-04-2024_16-50-12_p0024_s44_b1_RAW--ZED-RGB_FRONT.avi,2024-04-29 16:50:12
29-04-2024_16-56-02_p0024_s58_b1_RAW,24,58,O que você está sentindo que te fez procurar o hospital?,Trauma físico,29-04-2024_16-56-02,/srv/projects2/captarlibras_finep/dataset_captarlibras/raw-data/frontal-cam/29-04-2024_16-56-02_p0024_s58_b1_RAW--ZED-RGB_FRONT.avi,2024-04-29 16:56:02
29-04-2024_16-58-05_p0024_s63_b1_RAW,24,63,O que você está sentindo que te fez procurar o hospital?,Lesão por arma de fogo,29-04-2024_16-58-05,/srv/projects2/captarlibras_finep/dataset_captarlibras/raw-data/frontal-cam/29-04-2024_16-58-05_p0024_s63_b1_RAW--ZED-RGB_FRONT.avi,2024-04-29 16:58:05
29-04-2024_17-00-54_p0024_sP02_b1_RAW,24,P02,Quando começou?,Pergunta,29-04-2024_17-00-54,/srv/projects2/captarlibras_finep/dataset_captarlibras/raw-data/frontal-cam/29-04-2024_17-00-54_p0024_sP02_b1_RAW--ZED-RGB_FRONT.avi,2024-04-29 17:00:54
29-04-2024_17-04-04_p0024_sP03_b1_RAW,24,P03,Como começou? O que você estava fazendo?,Pergunta,29-04-2024_17-04-04,/srv/projects2/captarlibras_finep/dataset_captarlibras/raw-data/frontal-cam/29-04-2024_17-04-04_p0024_sP03_b1_RAW--ZED-RGB_FRONT.avi,2024-04-29 17:04:04
29-04-2024_17-07-19_p0024_s81_b1_RAW,24,81,Como começou? O que você estava fazendo?,Não me lembro,29-04-2024_17-07-19,/srv/projects2/captarlibras_finep/dataset_captarlibras/raw-data/frontal-cam/29-04-2024_17-07-19_p0024_s81_b1_RAW--ZED-RGB_FRONT.avi,2024-04-29 17:07:19
30-04-2024_13-19-23_p0024_s115_b2_RAW,24,115,Como é a dor? ,Cólica menstrual,30-04-2024_13-19-23,/srv/projects2/captarlibras_finep/dataset_captarlibras/raw-data/frontal-cam/30-04-2024_13-19-23_p0024_s115_b2_RAW--ZED-RGB_FRONT.avi,2024-04-30 13:19:23
30-04-2024_13-19-51_p0024_s116_b2_RAW,24,116,Como é a dor? ,Cólica,30-04-2024_13-19-51,/srv/projects2/captarlibras_finep/dataset_captarlibras/raw-data/frontal-cam/30-04-2024_13-19-51_p0024_s116_b2_RAW--ZED-RGB_FRONT.avi,2024-04-30 13:19:51
30-04-2024_13-22-47_p0024_sP06.6_b2_RAW,24,P06.6,A dor é como se fosse um choque?,Pergunta,30-04-2024_13-22-47,/srv/projects2/captarlibras_finep/dataset_captarlibras/raw-data/frontal-cam/30-04-2024_13-22-47_p0024_sP06.6_b2_RAW--ZED-RGB_FRONT.avi,2024-04-30 13:22:47
30-04-2024_13-24-14_p0024_s118_b2_RAW,24,118,"Junto desse sintoma, você sente mais alguma coisa?",Lacrimejamento,30-04-2024_13-24-14,/srv/projects2/captarlibras_finep/dataset_captarlibras/raw-data/frontal-cam/30-04-2024_13-24-14_p0024_s118_b2_RAW--ZED-RGB_FRONT.avi,2024-04-30 13:24:14
30-04-2024_13-39-52_p0024_sP08.2_b2_RAW,24,P08.2,Tem algum fator de melhora?,Pergunta,30-04-2024_13-39-52,/srv/projects2/captarlibras_finep/dataset_captarlibras/raw-data/frontal-cam/30-04-2024_13-39-52_p0024_sP08.2_b2_RAW--ZED-RGB_FRONT.avi,2024-04-30 13:39:52
30-04-2024_13-55-21_p0024_s81_b1_RAW,24,81,Como começou? O que você estava fazendo?,Não me lembro,30-04-2024_13-55-21,/srv/projects2/captarlibras_finep/dataset_captarlibras/raw-data/frontal-cam/30-04-2024_13-55-21_p0024_s81_b1_RAW--ZED-RGB_FRONT.avi,2024-04-30 13:55:21
02-05-2024_14-44-38_p0026_sP09.4_b3_RAW,26,P09.4,Piora ao tomar banho?,Pergunta,02-05-2024_14-44-38,/srv/projects2/captarlibras_finep/dataset_captarlibras/raw-data/frontal-cam/02-05-2024_14-44-38_p0026_sP09.4_b3_RAW--ZED-RGB_FRONT.avi,2024-05-02 14:44:38
02-05-2024_14-46-03_p0026_sP09.5_b3_RAW,26,P09.5,Piora em repouso?,Pergunta,02-05-2024_14-46-03,/srv/projects2/captarlibras_finep/dataset_captarlibras/raw-data/frontal-cam/02-05-2024_14-46-03_p0026_sP09.5_b3_RAW--ZED-RGB_FRONT.avi,2024-05-02 14:46:03
02-05-2024_14-49-27_p0026_sP09.7_b3_RAW,26,P09.7,A dor no peito ou falta de ar melhorou com algum medicamento?,Pergunta,02-05-2024_14-49-27,/srv/projects2/captarlibras_finep/dataset_captarlibras/raw-data/frontal-cam/02-05-2024_14-49-27_p0026_sP09.7_b3_RAW--ZED-RGB_FRONT.avi,2024-05-02 14:49:27
02-05-2024_14-51-16_p0026_sP10_b3_RAW,26,P10,"De 1 a 10, sendo 1 uma dor muito fraca e 10 uma dor insuportável, qual é a intensidade da dor?",Pergunta,02-05-2024_14-51-16,/srv/projects2/captarlibras_finep/dataset_captarlibras/raw-data/frontal-cam/02-05-2024_14-51-16_p0026_sP10_b3_RAW--ZED-RGB_FRONT.avi,2024-05-02 14:51:16
02-05-2024_14-59-59_p0026_sP11.3_b3_RAW,26,P11.3,Quando foi o primeiro episódio?,Pergunta,02-05-2024_14-59-59,/srv/projects2/captarlibras_finep/dataset_captarlibras/raw-data/frontal-cam/02-05-2024_14-59-59_p0026_sP11.3_b3_RAW--ZED-RGB_FRONT.avi,2024-05-02 14:59:59
02-05-2024_15-02-16_p0026_sP11.4_b3_RAW,26,P11.4,"Como foi a evolução da dor ao longo do tempo, aumentou ou diminuiu de intensidade?",Pergunta,02-05-2024_15-02-16,/srv/projects2/captarlibras_finep/dataset_captarlibras/raw-data/frontal-cam/02-05-2024_15-02-16_p0026_sP11.4_b3_RAW--ZED-RGB_FRONT.avi,2024-05-02 15:02:16
02-05-2024_15-03-28_p0026_sP12_b3_RAW,26,P12,A dor tem uma localização fixa ou se espalha para algum lugar?,Pergunta,02-05-2024_15-03-28,/srv/projects2/captarlibras_finep/dataset_captarlibras/raw-data/frontal-cam/02-05-2024_15-03-28_p0026_sP12_b3_RAW--ZED-RGB_FRONT.avi,2024-05-02 15:03:28
02-05-2024_15-07-05_p0026_s186_b3_RAW,26,186,A dor tem uma localização fixa ou se espalha para algum lugar?,A dor irradia para as costas,02-05-2024_15-07-05,/srv/projects2/captarlibras_finep/dataset_captarlibras/raw-data/frontal-cam/02-05-2024_15-07-05_p0026_s186_b3_RAW--ZED-RGB_FRONT.avi,2024-05-02 15:07:05
02-05-2024_15-07-53_p0026_s188_b3_RAW,26,188,A dor tem uma localização fixa ou se espalha para algum lugar?,A dor irradia para a coxa,02-05-2024_15-07-53,/srv/projects2/captarlibras_finep/dataset_captarlibras/raw-data/frontal-cam/02-05-2024_15-07-53_p0026_s188_b3_RAW--ZED-RGB_FRONT.avi,2024-05-02 15:07:53
02-05-2024_15-08-19_p0026_s189_b3_RAW,26,189,A dor tem uma localização fixa ou se espalha para algum lugar?,A dor irradia para a perna,02-05-2024_15-08-19,/srv/projects2/captarlibras_finep/dataset_captarlibras/raw-data/frontal-cam/02-05-2024_15-08-19_p0026_s189_b3_RAW--ZED-RGB_FRONT.avi,2024-05-02 15:08:19
02-05-2024_15-08-42_p0026_sP13.1_b3_RAW,26,P13.1,A dor piora quando aperta?,Pergunta,02-05-2024_15-08-42,/srv/projects2/captarlibras_finep/dataset_captarlibras/raw-data/frontal-cam/02-05-2024_15-08-42_p0026_sP13.1_b3_RAW--ZED-RGB_FRONT.avi,2024-05-02 15:08:42
02-05-2024_15-18-40_p0026_s198_b3_RAW,26,198,Qual cor é o catarro?,Catarro branco,02-05-2024_15-18-40,/srv/projects2/captarlibras_finep/dataset_captarlibras/raw-data/frontal-cam/02-05-2024_15-18-40_p0026_s198_b3_RAW--ZED-RGB_FRONT.avi,2024-05-02 15:18:40
02-05-2024_15-19-11_p0026_s199_b3_RAW,26,199,Qual cor é o catarro?,Catarro amarelado,02-05-2024_15-19-11,/srv/projects2/captarlibras_finep/dataset_captarlibras/raw-data/frontal-cam/02-05-2024_15-19-11_p0026_s199_b3_RAW--ZED-RGB_FRONT.avi,2024-05-02 15:19:11
02-05-2024_15-20-41_p0026_sP16_b3_RAW,26,P16,"Se não há espirro e tosse, sente ardor para urinar?",Pergunta,02-05-2024_15-20-41,/srv/projects2/captarlibras_finep/dataset_captarlibras/raw-data/frontal-cam/02-05-2024_15-20-41_p0026_sP16_b3_RAW--ZED-RGB_FRONT.avi,2024-05-02 15:20:41
02-05-2024_15-24-20_p0026_s208_b3_RAW,26,208,Trouxe cartão de vacina?,Não trouxe cartão de vacina,02-05-2024_15-24-20,/srv/projects2/captarlibras_finep/dataset_captarlibras/raw-data/frontal-cam/02-05-2024_15-24-20_p0026_s208_b3_RAW--ZED-RGB_FRONT.avi,2024-05-02 15:24:20
02-05-2024_15-25-05_p0026_sP21.1_b3_RAW,26,P21.1,Você trouxe receita médica?,Pergunta,02-05-2024_15-25-05,/srv/projects2/captarlibras_finep/dataset_captarlibras/raw-data/frontal-cam/02-05-2024_15-25-05_p0026_sP21.1_b3_RAW--ZED-RGB_FRONT.avi,2024-05-02 15:25:05
02-05-2024_15-25-44_p0026_s243_b3_RAW,26,243,Você trouxe receita médica?,Não trouxe receita médica,02-05-2024_15-25-44,/srv/projects2/captarlibras_finep/dataset_captarlibras/raw-data/frontal-cam/02-05-2024_15-25-44_p0026_s243_b3_RAW--ZED-RGB_FRONT.avi,2024-05-02 15:25:44
02-05-2024_15-26-22_p0026_s242_b3_RAW,26,242,Está usando algum medicamento?,Uso medicamento,02-05-2024_15-26-22,/srv/projects2/captarlibras_finep/dataset_captarlibras/raw-data/frontal-cam/02-05-2024_15-26-22_p0026_s242_b3_RAW--ZED-RGB_FRONT.avi,2024-05-02 15:26:22
02-05-2024_15-26-39_p0026_s244_b3_RAW,26,244,Está usando algum medicamento?,Não uso medicamento,02-05-2024_15-26-39,/srv/projects2/captarlibras_finep/dataset_captarlibras/raw-data/frontal-cam/02-05-2024_15-26-39_p0026_s244_b3_RAW--ZED-RGB_FRONT.avi,2024-05-02 15:26:39
02-05-2024_15-43-58_p0026_sP18.2_b4_RAW,26,P18.2,Está com diarreia?,Pergunta,02-05-2024_15-43-58,/srv/projects2/captarlibras_finep/dataset_captarlibras/raw-data/frontal-cam/02-05-2024_15-43-58_p0026_sP18.2_b4_RAW--ZED-RGB_FRONT.avi,2024-05-02 15:43:58
02-05-2024_15-45-06_p0026_sP18.3_b4_RAW,26,P18.3,Como é a diarreia?,Pergunta,02-05-2024_15-45-06,/srv/projects2/captarlibras_finep/dataset_captarlibras/raw-data/frontal-cam/02-05-2024_15-45-06_p0026_sP18.3_b4_RAW--ZED-RGB_FRONT.avi,2024-05-02 15:45:06
02-05-2024_15-45-43_p0026_s211_b4_RAW,26,211,Como é a diarreia?,Semilíquida,02-05-2024_15-45-43,/srv/projects2/captarlibras_finep/dataset_captarlibras/raw-data/frontal-cam/02-05-2024_15-45-43_p0026_s211_b4_RAW--ZED-RGB_FRONT.avi,2024-05-02 15:45:43
02-05-2024_15-49-17_p0026_sP18.4_b4_RAW,26,P18.4,"Tem sangue, muco ou pus?",Pergunta,02-05-2024_15-49-17,/srv/projects2/captarlibras_finep/dataset_captarlibras/raw-data/frontal-cam/02-05-2024_15-49-17_p0026_sP18.4_b4_RAW--ZED-RGB_FRONT.avi,2024-05-02 15:49:17
02-05-2024_15-50-16_p0026_sP18.5_b4_RAW,26,P18.5,Sente dor na barriga?,Pergunta,02-05-2024_15-50-16,/srv/projects2/captarlibras_finep/dataset_captarlibras/raw-data/frontal-cam/02-05-2024_15-50-16_p0026_sP18.5_b4_RAW--ZED-RGB_FRONT.avi,2024-05-02 15:50:16
02-05-2024_15-50-38_p0026_s222_b4_RAW,26,222,Sente dor na barriga?,Não sinto dor na barriga,02-05-2024_15-50-38,/srv/projects2/captarlibras_finep/dataset_captarlibras/raw-data/frontal-cam/02-05-2024_15-50-38_p0026_s222_b4_RAW--ZED-RGB_FRONT.avi,2024-05-02 15:50:38
02-05-2024_15-50-58_p0026_sP19.1_b4_RAW,26,P19.1,Você faz tratamento para alguma doença? Qual?,Pergunta,02-05-2024_15-50-58,/srv/projects2/captarlibras_finep/dataset_captarlibras/raw-data/frontal-cam/02-05-2024_15-50-58_p0026_sP19.1_b4_RAW--ZED-RGB_FRONT.avi,2024-05-02 15:50:58
02-05-2024_15-55-50_p0026_s234_b4_RAW,26,234,Você faz tratamento para alguma doença? Qual?,Tuberculose,02-05-2024_15-55-50,/srv/projects2/captarlibras_finep/dataset_captarlibras/raw-data/frontal-cam/02-05-2024_15-55-50_p0026_s234_b4_RAW--ZED-RGB_FRONT.avi,2024-05-02 15:55:50
02-05-2024_15-59-55_p0026_s247_b4_RAW,26,247,Você tem alguma alergia?,Tenho alergia a pólen,02-05-2024_15-59-55,/srv/projects2/captarlibras_finep/dataset_captarlibras/raw-data/frontal-cam/02-05-2024_15-59-55_p0026_s247_b4_RAW--ZED-RGB_FRONT.avi,2024-05-02 15:59:55
02-05-2024_16-02-28_p0026_s254_b4_RAW,26,254,Você tem alguma alergia?,Tenho alergia a frutos do mar,02-05-2024_16-02-28,/srv/projects2/captarlibras_finep/dataset_captarlibras/raw-data/frontal-cam/02-05-2024_16-02-28_p0026_s254_b4_RAW--ZED-RGB_FRONT.avi,2024-05-02 16:02:28
02-05-2024_16-02-54_p0026_s255_b4_RAW,26,255,Você tem alguma alergia?,Tenho alergia a trigo,02-05-2024_16-02-54,/srv/projects2/captarlibras_finep/dataset_captarlibras/raw-data/frontal-cam/02-05-2024_16-02-54_p0026_s255_b4_RAW--ZED-RGB_FRONT.avi,2024-05-02 16:02:54
02-05-2024_16-04-05_p0026_sP22.2_b4_RAW,26,P22.2,Tem alergia a algum medicamento?,Pergunta,02-05-2024_16-04-05,/srv/projects2/captarlibras_finep/dataset_captarlibras/raw-data/frontal-cam/02-05-2024_16-04-05_p0026_sP22.2_b4_RAW--ZED-RGB_FRONT.avi,2024-05-02 16:04:05
02-05-2024_16-04-31_p0026_s257_b4_RAW,26,257,Tem alergia a algum medicamento?,Não tenho alergia a nenhum medicamento,02-05-2024_16-04-31,/srv/projects2/captarlibras_finep/dataset_captarlibras/raw-data/frontal-cam/02-05-2024_16-04-31_p0026_s257_b4_RAW--ZED-RGB_FRONT.avi,2024-05-02 16:04:31
02-05-2024_16-05-34_p0026_s259_b4_RAW,26,259,Você fuma?,Fumo sim,02-05-2024_16-05-34,/srv/projects2/captarlibras_finep/dataset_captarlibras/raw-data/frontal-cam/02-05-2024_16-05-34_p0026_s259_b4_RAW--ZED-RGB_FRONT.avi,2024-05-02 16:05:34
02-05-2024_16-06-07_p0026_sP23.2_b4_RAW,26,P23.2,Há quanto tempo?,Pergunta,02-05-2024_16-06-07,/srv/projects2/captarlibras_finep/dataset_captarlibras/raw-data/frontal-cam/02-05-2024_16-06-07_p0026_sP23.2_b4_RAW--ZED-RGB_FRONT.avi,2024-05-02 16:06:07
02-05-2024_16-07-39_p0026_sP24.1_b4_RAW,26,P24.1,Ingere bebida alcoólica?,Pergunta,02-05-2024_16-07-39,/srv/projects2/captarlibras_finep/dataset_captarlibras/raw-data/frontal-cam/02-05-2024_16-07-39_p0026_sP24.1_b4_RAW--ZED-RGB_FRONT.avi,2024-05-02 16:07:39
02-05-2024_16-13-48_p0026_s270_b4_RAW,26,270,Quais bebidas?,Gin,02-05-2024_16-13-48,/srv/projects2/captarlibras_finep/dataset_captarlibras/raw-data/frontal-cam/02-05-2024_16-13-48_p0026_s270_b4_RAW--ZED-RGB_FRONT.avi,2024-05-02 16:13:48
02-05-2024_16-15-21_p0026_s274_b4_RAW,26,274,Quantas bebidas?,Duas latas duas vezes na semana,02-05-2024_16-15-21,/srv/projects2/captarlibras_finep/dataset_captarlibras/raw-data/frontal-cam/02-05-2024_16-15-21_p0026_s274_b4_RAW--ZED-RGB_FRONT.avi,2024-05-02 16:15:21
02-05-2024_16-16-22_p0026_s277_b4_RAW,26,277,Quantas bebidas?,Duas garrafas duas vezes por semana,02-05-2024_16-16-22,/srv/projects2/captarlibras_finep/dataset_captarlibras/raw-data/frontal-cam/02-05-2024_16-16-22_p0026_s277_b4_RAW--ZED-RGB_FRONT.avi,2024-05-02 16:16:22
02-05-2024_16-17-27_p0026_s280_b4_RAW,26,280,Quantas bebidas?,Uma taça de vinho uma vez na semana,02-05-2024_16-17-27,/srv/projects2/captarlibras_finep/dataset_captarlibras/raw-data/frontal-cam/02-05-2024_16-17-27_p0026_s280_b4_RAW--ZED-RGB_FRONT.avi,2024-05-02 16:17:27
02-05-2024_16-17-55_p0026_s281_b4_RAW,26,281,Quantas bebidas?,Uma taça de vinho todos os dias,02-05-2024_16-17-55,/srv/projects2/captarlibras_finep/dataset_captarlibras/raw-data/frontal-cam/02-05-2024_16-17-55_p0026_s281_b4_RAW--ZED-RGB_FRONT.avi,2024-05-02 16:17:55
02-05-2024_16-19-01_p0026_sP25.1_b4_RAW,26,P25.1,"Você fez alguma cirurgia? Se sim, qual?",Pergunta,02-05-2024_16-19-01,/srv/projects2/captarlibras_finep/dataset_captarlibras/raw-data/frontal-cam/02-05-2024_16-19-01_p0026_sP25.1_b4_RAW--ZED-RGB_FRONT.avi,2024-05-02 16:19:01
02-05-2024_18-41-21_p0029_sP09.1_b3_RAW,29,P09.1,A dor no peito ou falta de ar piora ao fazer esforço físico?,Pergunta,02-05-2024_18-41-21,/srv/projects2/captarlibras_finep/dataset_captarlibras/raw-data/frontal-cam/02-05-2024_18-41-21_p0029_sP09.1_b3_RAW--ZED-RGB_FRONT.avi,2024-05-02 18:41:21
03-05-2024_08-49-46_p0030_s58_b1_RAW,30,58,O que você está sentindo que te fez procurar o hospital?,Trauma físico,03-05-2024_08-49-46,/srv/projects2/captarlibras_finep/dataset_captarlibras/raw-data/frontal-cam/03-05-2024_08-49-46_p0030_s58_b1_RAW--ZED-RGB_FRONT.avi,2024-05-03 08:49:46
03-05-2024_13-59-32_p0027_sP04_b2_RAW,27,P04,Qual é o tempo de duração?,Pergunta,03-05-2024_13-59-32,/srv/projects2/captarlibras_finep/dataset_captarlibras/raw-data/frontal-cam/03-05-2024_13-59-32_p0027_sP04_b2_RAW--ZED-RGB_FRONT.avi,2024-05-03 13:59:32
03-05-2024_13-59-53_p0027_s82_b2_RAW,27,82,Qual é o tempo de duração?,Seis horas,03-05-2024_13-59-53,/srv/projects2/captarlibras_finep/dataset_captarlibras/raw-data/frontal-cam/03-05-2024_13-59-53_p0027_s82_b2_RAW--ZED-RGB_FRONT.avi,2024-05-03 13:59:53
03-05-2024_14-01-51_p0027_sP05_b2_RAW,27,P05,Por que você procurou atendimento nesse momento? Houve piora do quadro?,Pergunta,03-05-2024_14-01-51,/srv/projects2/captarlibras_finep/dataset_captarlibras/raw-data/frontal-cam/03-05-2024_14-01-51_p0027_sP05_b2_RAW--ZED-RGB_FRONT.avi,2024-05-03 14:01:51
03-05-2024_14-03-24_p0027_s91_b2_RAW,27,91,Onde é a dor?,Dor dos dois lados da cabeça,03-05-2024_14-03-24,/srv/projects2/captarlibras_finep/dataset_captarlibras/raw-data/frontal-cam/03-05-2024_14-03-24_p0027_s91_b2_RAW--ZED-RGB_FRONT.avi,2024-05-03 14:03:24
03-05-2024_14-04-12_p0027_s94_b2_RAW,27,94,Onde é a dor?,Dor no ouvido direito e esquerdo,03-05-2024_14-04-12,/srv/projects2/captarlibras_finep/dataset_captarlibras/raw-data/frontal-cam/03-05-2024_14-04-12_p0027_s94_b2_RAW--ZED-RGB_FRONT.avi,2024-05-03 14:04:12
03-05-2024_14-05-15_p0027_s98_b2_RAW,27,98,Onde é a dor?,Dor na bexiga,03-05-2024_14-05-15,/srv/projects2/captarlibras_finep/dataset_captarlibras/raw-data/frontal-cam/03-05-2024_14-05-15_p0027_s98_b2_RAW--ZED-RGB_FRONT.avi,2024-05-03 14:05:15
03-05-2024_14-06-15_p0027_s102_b2_RAW,27,102,Onde é a dor?,Dor no braço direito e esquerdo,03-05-2024_14-06-15,/srv/projects2/captarlibras_finep/dataset_captarlibras/raw-data/frontal-cam/03-05-2024_14-06-15_p0027_s102_b2_RAW--ZED-RGB_FRONT.avi,2024-05-03 14:06:15
03-05-2024_14-07-07_p0027_s105_b2_RAW,27,105,Onde é a dor?,Dor nos testículos direito e esquerdo,03-05-2024_14-07-07,/srv/projects2/captarlibras_finep/dataset_captarlibras/raw-data/frontal-cam/03-05-2024_14-07-07_p0027_s105_b2_RAW--ZED-RGB_FRONT.avi,2024-05-03 14:07:07
03-05-2024_14-08-41_p0027_s109_b2_RAW,27,109,Como é a dor? ,Dor lancinante,03-05-2024_14-08-41,/srv/projects2/captarlibras_finep/dataset_captarlibras/raw-data/frontal-cam/03-05-2024_14-08-41_p0027_s109_b2_RAW--ZED-RGB_FRONT.avi,2024-05-03 14:08:41
03-05-2024_14-09-24_p0027_s112_b2_RAW,27,112,Como é a dor? ,Dor em queimação,03-05-2024_14-09-24,/srv/projects2/captarlibras_finep/dataset_captarlibras/raw-data/frontal-cam/03-05-2024_14-09-24_p0027_s112_b2_RAW--ZED-RGB_FRONT.avi,2024-05-03 14:09:24
03-05-2024_14-10-59_p0027_s115_b2_RAW,27,115,Como é a dor? ,Cólica menstrual,03-05-2024_14-10-59,/srv/projects2/captarlibras_finep/dataset_captarlibras/raw-data/frontal-cam/03-05-2024_14-10-59_p0027_s115_b2_RAW--ZED-RGB_FRONT.avi,2024-05-03 14:10:59
03-05-2024_14-11-14_p0027_s116_b2_RAW,27,116,Como é a dor? ,Cólica,03-05-2024_14-11-14,/srv/projects2/captarlibras_finep/dataset_captarlibras/raw-data/frontal-cam/03-05-2024_14-11-14_p0027_s116_b2_RAW--ZED-RGB_FRONT.avi,2024-05-03 14:11:14
03-05-2024_14-12-26_p0027_sP06.6_b2_RAW,27,P06.6,A dor é como se fosse um choque?,Pergunta,03-05-2024_14-12-26,/srv/projects2/captarlibras_finep/dataset_captarlibras/raw-data/frontal-cam/03-05-2024_14-12-26_p0027_sP06.6_b2_RAW--ZED-RGB_FRONT.avi,2024-05-03 14:12:26
03-05-2024_14-13-06_p0027_s117_b2_RAW,27,117,"Junto desse sintoma, você sente mais alguma coisa?",Sudorese,03-05-2024_14-13-06,/srv/projects2/captarlibras_finep/dataset_captarlibras/raw-data/frontal-cam/03-05-2024_14-13-06_p0027_s117_b2_RAW--ZED-RGB_FRONT.avi,2024-05-03 14:13:06
03-05-2024_14-13-21_p0027_s118_b2_RAW,27,118,"Junto desse sintoma, você sente mais alguma coisa?",Lacrimejamento,03-05-2024_14-13-21,/srv/projects2/captarlibras_finep/dataset_captarlibras/raw-data/frontal-cam/03-05-2024_14-13-21_p0027_s118_b2_RAW--ZED-RGB_FRONT.avi,2024-05-03 14:13:21
03-05-2024_14-13-47_p0027_s120_b2_RAW,27,120,"Junto desse sintoma, você sente mais alguma coisa?",Visão dupla,03-05-2024_14-13-47,/srv/projects2/captarlibras_finep/dataset_captarlibras/raw-data/frontal-cam/03-05-2024_14-13-47_p0027_s120_b2_RAW--ZED-RGB_FRONT.avi,2024-05-03 14:13:47
03-05-2024_14-14-02_p0027_s121_b2_RAW,27,121,"Junto desse sintoma, você sente mais alguma coisa?",Mancha na vista,03-05-2024_14-14-02,/srv/projects2/captarlibras_finep/dataset_captarlibras/raw-data/frontal-cam/03-05-2024_14-14-02_p0027_s121_b2_RAW--ZED-RGB_FRONT.avi,2024-05-03 14:14:02
03-05-2024_14-14-30_p0027_s123_b2_RAW,27,123,"Junto desse sintoma, você sente mais alguma coisa?",Zumbido,03-05-2024_14-14-30,/srv/projects2/captarlibras_finep/dataset_captarlibras/raw-data/frontal-cam/03-05-2024_14-14-30_p0027_s123_b2_RAW--ZED-RGB_FRONT.avi,2024-05-03 14:14:30
03-05-2024_14-15-02_p0027_sP08.1_b2_RAW,27,P08.1,Existe algum fator de piora?,Pergunta,03-05-2024_14-15-02,/srv/projects2/captarlibras_finep/dataset_captarlibras/raw-data/frontal-cam/03-05-2024_14-15-02_p0027_sP08.1_b2_RAW--ZED-RGB_FRONT.avi,2024-05-03 14:15:02
03-05-2024_14-16-05_p0027_s128_b2_RAW,27,128,Existe algum fator de piora?,Locais com barulho,03-05-2024_14-16-05,/srv/projects2/captarlibras_finep/dataset_captarlibras/raw-data/frontal-cam/03-05-2024_14-16-05_p0027_s128_b2_RAW--ZED-RGB_FRONT.avi,2024-05-03 14:16:05
03-05-2024_14-18-45_p0027_s138_b2_RAW,27,138,Existe algum fator de piora?,Apertar,03-05-2024_14-18-45,/srv/projects2/captarlibras_finep/dataset_captarlibras/raw-data/frontal-cam/03-05-2024_14-18-45_p0027_s138_b2_RAW--ZED-RGB_FRONT.avi,2024-05-03 14:18:45
03-05-2024_14-20-04_p0027_sP08.2_b2_RAW,27,P08.2,Tem algum fator de melhora?,Pergunta,03-05-2024_14-20-04,/srv/projects2/captarlibras_finep/dataset_captarlibras/raw-data/frontal-cam/03-05-2024_14-20-04_p0027_sP08.2_b2_RAW--ZED-RGB_FRONT.avi,2024-05-03 14:20:04
03-05-2024_14-29-11_p0027_s150_b2_RAW,27,150,Comandos simples,Entendi,03-05-2024_14-29-11,/srv/projects2/captarlibras_finep/dataset_captarlibras/raw-data/frontal-cam/03-05-2024_14-29-11_p0027_s150_b2_RAW--ZED-RGB_FRONT.avi,2024-05-03 14:29:11
03-05-2024_18-22-56_p0031_sP09.3_b3_RAW,31,P09.3,Piora ao andar no plano?,Pergunta,03-05-2024_18-22-56,/srv/projects2/captarlibras_finep/dataset_captarlibras/raw-data/frontal-cam/03-05-2024_18-22-56_p0031_sP09.3_b3_RAW--ZED-RGB_FRONT.avi,2024-05-03 18:22:56
03-05-2024_18-26-52_p0031_sP09.4_b3_RAW,31,P09.4,Piora ao tomar banho?,Pergunta,03-05-2024_18-26-52,/srv/projects2/captarlibras_finep/dataset_captarlibras/raw-data/frontal-cam/03-05-2024_18-26-52_p0031_sP09.4_b3_RAW--ZED-RGB_FRONT.avi,2024-05-03 18:26:52
03-05-2024_18-27-13_p0031_s162_b3_RAW,31,162,Piora ao tomar banho?,Piora ao tomar banho,03-05-2024_18-27-13,/srv/projects2/captarlibras_finep/dataset_captarlibras/raw-data/frontal-cam/03-05-2024_18-27-13_p0031_s162_b3_RAW--ZED-RGB_FRONT.avi,2024-05-03 18:27:13
03-05-2024_18-27-32_p0031_s163_b3_RAW,31,163,Piora ao tomar banho?,Não piora ao tomar banho,03-05-2024_18-27-32,/srv/projects2/captarlibras_finep/dataset_captarlibras/raw-data/frontal-cam/03-05-2024_18-27-32_p0031_s163_b3_RAW--ZED-RGB_FRONT.avi,2024-05-03 18:27:32
03-05-2024_18-32-23_p0031_sP10_b3_RAW,31,P10,"De 1 a 10, sendo 1 uma dor muito fraca e 10 uma dor insuportável, qual é a intensidade da dor?",Pergunta,03-05-2024_18-32-23,/srv/projects2/captarlibras_finep/dataset_captarlibras/raw-data/frontal-cam/03-05-2024_18-32-23_p0031_sP10_b3_RAW--ZED-RGB_FRONT.avi,2024-05-03 18:32:23
03-05-2024_18-38-41_p0031_sP11.1_b3_RAW,31,P11.1,Foi um episódio de dor ou mais episódios?,Pergunta,03-05-2024_18-38-41,/srv/projects2/captarlibras_finep/dataset_captarlibras/raw-data/frontal-cam/03-05-2024_18-38-41_p0031_sP11.1_b3_RAW--ZED-RGB_FRONT.avi,2024-05-03 18:38:41
03-05-2024_18-40-16_p0031_sP11.2_b3_RAW,31,P11.2,Qual a frequência da dor?,Pergunta,03-05-2024_18-40-16,/srv/projects2/captarlibras_finep/dataset_captarlibras/raw-data/frontal-cam/03-05-2024_18-40-16_p0031_sP11.2_b3_RAW--ZED-RGB_FRONT.avi,2024-05-03 18:40:16
03-05-2024_18-49-15_p0031_s185_b3_RAW,31,185,A dor tem uma localização fixa ou se espalha para algum lugar?,A dor irradia para a barriga,03-05-2024_18-49-15,/srv/projects2/captarlibras_finep/dataset_captarlibras/raw-data/frontal-cam/03-05-2024_18-49-15_p0031_s185_b3_RAW--ZED-RGB_FRONT.avi,2024-05-03 18:49:15
03-05-2024_18-49-37_p0031_s186_b3_RAW,31,186,A dor tem uma localização fixa ou se espalha para algum lugar?,A dor irradia para as costas,03-05-2024_18-49-37,/srv/projects2/captarlibras_finep/dataset_captarlibras/raw-data/frontal-cam/03-05-2024_18-49-37_p0031_s186_b3_RAW--ZED-RGB_FRONT.avi,2024-05-03 18:49:37
03-05-2024_19-01-23_p0031_sP16_b3_RAW,31,P16,"Se não há espirro e tosse, sente ardor para urinar?",Pergunta,03-05-2024_19-01-23,/srv/projects2/captarlibras_finep/dataset_captarlibras/raw-data/frontal-cam/03-05-2024_19-01-23_p0031_sP16_b3_RAW--ZED-RGB_FRONT.avi,2024-05-03 19:01:23
03-05-2024_19-06-42_p0031_s243_b3_RAW,31,243,Você trouxe receita médica?,Não trouxe receita médica,03-05-2024_19-06-42,/srv/projects2/captarlibras_finep/dataset_captarlibras/raw-data/frontal-cam/03-05-2024_19-06-42_p0031_s243_b3_RAW--ZED-RGB_FRONT.avi,2024-05-03 19:06:42
03-05-2024_19-07-21_p0031_s242_b3_RAW,31,242,Está usando algum medicamento?,Uso medicamento,03-05-2024_19-07-21,/srv/projects2/captarlibras_finep/dataset_captarlibras/raw-data/frontal-cam/03-05-2024_19-07-21_p0031_s242_b3_RAW--ZED-RGB_FRONT.avi,2024-05-03 19:07:21
03-05-2024_19-07-39_p0031_s244_b3_RAW,31,244,Está usando algum medicamento?,Não uso medicamento,03-05-2024_19-07-39,/srv/projects2/captarlibras_finep/dataset_captarlibras/raw-data/frontal-cam/03-05-2024_19-07-39_p0031_s244_b3_RAW--ZED-RGB_FRONT.avi,2024-05-03 19:07:39
06-05-2024_15-12-25_p0032_sP18.2_b4_RAW,32,P18.2,Está com diarreia?,Pergunta,06-05-2024_15-12-25,/srv/projects2/captarlibras_finep/dataset_captarlibras/raw-data/frontal-cam/06-05-2024_15-12-25_p0032_sP18.2_b4_RAW--ZED-RGB_FRONT.avi,2024-05-06 15:12:25
06-05-2024_15-13-31_p0032_sP18.3_b4_RAW,32,P18.3,Como é a diarreia?,Pergunta,06-05-2024_15-13-31,/srv/projects2/captarlibras_finep/dataset_captarlibras/raw-data/frontal-cam/06-05-2024_15-13-31_p0032_sP18.3_b4_RAW--ZED-RGB_FRONT.avi,2024-05-06 15:13:31
06-05-2024_15-23-30_p0032_sP18.4_b4_RAW,32,P18.4,"Tem sangue, muco ou pus?",Pergunta,06-05-2024_15-23-30,/srv/projects2/captarlibras_finep/dataset_captarlibras/raw-data/frontal-cam/06-05-2024_15-23-30_p0032_sP18.4_b4_RAW--ZED-RGB_FRONT.avi,2024-05-06 15:23:30
06-05-2024_15-35-40_p0032_sP22.1_b4_RAW,32,P22.1,Você tem alguma alergia?,Pergunta,06-05-2024_15-35-40,/srv/projects2/captarlibras_finep/dataset_captarlibras/raw-data/frontal-cam/06-05-2024_15-35-40_p0032_sP22.1_b4_RAW--ZED-RGB_FRONT.avi,2024-05-06 15:35:40
06-05-2024_15-54-15_p0032_sP22.2_b4_RAW,32,P22.2,Tem alergia a algum medicamento?,Pergunta,06-05-2024_15-54-15,/srv/projects2/captarlibras_finep/dataset_captarlibras/raw-data/frontal-cam/06-05-2024_15-54-15_p0032_sP22.2_b4_RAW--ZED-RGB_FRONT.avi,2024-05-06 15:54:15
06-05-2024_15-59-10_p0032_sP24.1_b4_RAW,32,P24.1,Ingere bebida alcoólica?,Pergunta,06-05-2024_15-59-10,/srv/projects2/captarlibras_finep/dataset_captarlibras/raw-data/frontal-cam/06-05-2024_15-59-10_p0032_sP24.1_b4_RAW--ZED-RGB_FRONT.avi,2024-05-06 15:59:10
06-05-2024_16-07-01_p0032_s275_b4_RAW,32,275,Quantas bebidas?,Uma garrafa todo dia,06-05-2024_16-07-01,/srv/projects2/captarlibras_finep/dataset_captarlibras/raw-data/frontal-cam/06-05-2024_16-07-01_p0032_s275_b4_RAW--ZED-RGB_FRONT.avi,2024-05-06 16:07:01
06-05-2024_16-12-46_p0032_sP25.1_b4_RAW,32,P25.1,"Você fez alguma cirurgia? Se sim, qual?",Pergunta,06-05-2024_16-12-46,/srv/projects2/captarlibras_finep/dataset_captarlibras/raw-data/frontal-cam/06-05-2024_16-12-46_p0032_sP25.1_b4_RAW--ZED-RGB_FRONT.avi,2024-05-06 16:12:46
07-05-2024_14-06-44_p0027_s209_b4_RAW,27,209,Está enjoado ou com vômitos?,Não estou com vontade de vomitar,07-05-2024_14-06-44,/srv/projects2/captarlibras_finep/dataset_captarlibras/raw-data/frontal-cam/07-05-2024_14-06-44_p0027_s209_b4_RAW--ZED-RGB_FRONT.avi,2024-05-07 14:06:44
07-05-2024_14-07-10_p0027_sP18.2_b4_RAW,27,P18.2,Está com diarreia?,Pergunta,07-05-2024_14-07-10,/srv/projects2/captarlibras_finep/dataset_captarlibras/raw-data/frontal-cam/07-05-2024_14-07-10_p0027_sP18.2_b4_RAW--ZED-RGB_FRONT.avi,2024-05-07 14:07:10
07-05-2024_14-07-35_p0027_sP18.3_b4_RAW,27,P18.3,Como é a diarreia?,Pergunta,07-05-2024_14-07-35,/srv/projects2/captarlibras_finep/dataset_captarlibras/raw-data/frontal-cam/07-05-2024_14-07-35_p0027_sP18.3_b4_RAW--ZED-RGB_FRONT.avi,2024-05-07 14:07:35
07-05-2024_14-13-16_p0027_sP18.4_b4_RAW,27,P18.4,"Tem sangue, muco ou pus?",Pergunta,07-05-2024_14-13-16,/srv/projects2/captarlibras_finep/dataset_captarlibras/raw-data/frontal-cam/07-05-2024_14-13-16_p0027_sP18.4_b4_RAW--ZED-RGB_FRONT.avi,2024-05-07 14:13:16
07-05-2024_14-21-33_p0027_sP22.1_b4_RAW,27,P22.1,Você tem alguma alergia?,Pergunta,07-05-2024_14-21-33,/srv/projects2/captarlibras_finep/dataset_captarlibras/raw-data/frontal-cam/07-05-2024_14-21-33_p0027_sP22.1_b4_RAW--ZED-RGB_FRONT.avi,2024-05-07 14:21:33
07-05-2024_14-28-23_p0027_sP22.2_b4_RAW,27,P22.2,Tem alergia a algum medicamento?,Pergunta,07-05-2024_14-28-23,/srv/projects2/captarlibras_finep/dataset_captarlibras/raw-data/frontal-cam/07-05-2024_14-28-23_p0027_sP22.2_b4_RAW--ZED-RGB_FRONT.avi,2024-05-07 14:28:23
07-05-2024_14-32-48_p0027_sP24.1_b4_RAW,27,P24.1,Ingere bebida alcoólica?,Pergunta,07-05-2024_14-32-48,/srv/projects2/captarlibras_finep/dataset_captarlibras/raw-data/frontal-cam/07-05-2024_14-32-48_p0027_sP24.1_b4_RAW--ZED-RGB_FRONT.avi,2024-05-07 14:32:48
07-05-2024_14-38-41_p0027_s275_b4_RAW,27,275,Quantas bebidas?,Uma garrafa todo dia,07-05-2024_14-38-41,/srv/projects2/captarlibras_finep/dataset_captarlibras/raw-data/frontal-cam/07-05-2024_14-38-41_p0027_s275_b4_RAW--ZED-RGB_FRONT.avi,2024-05-07 14:38:41
07-05-2024_14-40-08_p0027_s279_b4_RAW,27,279,Quantas bebidas?,Duas doses duas vezes por semana,07-05-2024_14-40-08,/srv/projects2/captarlibras_finep/dataset_captarlibras/raw-data/frontal-cam/07-05-2024_14-40-08_p0027_s279_b4_RAW--ZED-RGB_FRONT.avi,2024-05-07 14:40:08
07-05-2024_14-41-13_p0027_s280_b4_RAW,27,280,Quantas bebidas?,Uma taça de vinho uma vez na semana,07-05-2024_14-41-13,/srv/projects2/captarlibras_finep/dataset_captarlibras/raw-data/frontal-cam/07-05-2024_14-41-13_p0027_s280_b4_RAW--ZED-RGB_FRONT.avi,2024-05-07 14:41:13
07-05-2024_14-42-23_p0027_s281_b4_RAW,27,281,Quantas bebidas?,Uma taça de vinho todos os dias,07-05-2024_14-42-23,/srv/projects2/captarlibras_finep/dataset_captarlibras/raw-data/frontal-cam/07-05-2024_14-42-23_p0027_s281_b4_RAW--ZED-RGB_FRONT.avi,2024-05-07 14:42:23
07-05-2024_14-44-21_p0027_sP25.1_b4_RAW,27,P25.1,"Você fez alguma cirurgia? Se sim, qual?",Pergunta,07-05-2024_14-44-21,/srv/projects2/captarlibras_finep/dataset_captarlibras/raw-data/frontal-cam/07-05-2024_14-44-21_p0027_sP25.1_b4_RAW--ZED-RGB_FRONT.avi,2024-05-07 14:44:21
07-05-2024_14-52-23_p0027_sP01_b1_RAW,27,P01,O que você está sentindo que te fez procurar o hospital?,Pergunta,07-05-2024_14-52-23,/srv/projects2/captarlibras_finep/dataset_captarlibras/raw-data/frontal-cam/07-05-2024_14-52-23_p0027_sP01_b1_RAW--ZED-RGB_FRONT.avi,2024-05-07 14:52:23
07-05-2024_15-07-13_p0027_s44_b1_RAW,27,44,O que você está sentindo que te fez procurar o hospital?,Pressão arterial alterada,07-05-2024_15-07-13,/srv/projects2/captarlibras_finep/dataset_captarlibras/raw-data/frontal-cam/07-05-2024_15-07-13_p0027_s44_b1_RAW--ZED-RGB_FRONT.avi,2024-05-07 15:07:13
07-05-2024_15-08-10_p0027_s47_b1_RAW,27,47,O que você está sentindo que te fez procurar o hospital?,Ardor para urinar,07-05-2024_15-08-10,/srv/projects2/captarlibras_finep/dataset_captarlibras/raw-data/frontal-cam/07-05-2024_15-08-10_p0027_s47_b1_RAW--ZED-RGB_FRONT.avi,2024-05-07 15:08:10
07-05-2024_15-12-03_p0027_s58_b1_RAW,27,58,O que você está sentindo que te fez procurar o hospital?,Trauma físico,07-05-2024_15-12-03,/srv/projects2/captarlibras_finep/dataset_captarlibras/raw-data/frontal-cam/07-05-2024_15-12-03_p0027_s58_b1_RAW--ZED-RGB_FRONT.avi,2024-05-07 15:12:03
07-05-2024_15-16-22_p0027_sP02_b1_RAW,27,P02,Quando começou?,Pergunta,07-05-2024_15-16-22,/srv/projects2/captarlibras_finep/dataset_captarlibras/raw-data/frontal-cam/07-05-2024_15-16-22_p0027_sP02_b1_RAW--ZED-RGB_FRONT.avi,2024-05-07 15:16:22
07-05-2024_15-18-12_p0027_sP03_b1_RAW,27,P03,Como começou? O que você estava fazendo?,Pergunta,07-05-2024_15-18-12,/srv/projects2/captarlibras_finep/dataset_captarlibras/raw-data/frontal-cam/07-05-2024_15-18-12_p0027_sP03_b1_RAW--ZED-RGB_FRONT.avi,2024-05-07 15:18:12
08-05-2024_09-43-28_p0030_sP06.4_b2_RAW,30,P06.4,A dor é como se fosse uma queimação?,Pergunta,08-05-2024_09-43-28,/srv/projects2/captarlibras_finep/dataset_captarlibras/raw-data/frontal-cam/08-05-2024_09-43-28_p0030_sP06.4_b2_RAW--ZED-RGB_FRONT.avi,2024-05-08 09:43:28
08-05-2024_09-43-47_p0030_sP06.5_b2_RAW,30,P06.5,A dor é como se fosse uma fincada?,Pergunta,08-05-2024_09-43-47,/srv/projects2/captarlibras_finep/dataset_captarlibras/raw-data/frontal-cam/08-05-2024_09-43-47_p0030_sP06.5_b2_RAW--ZED-RGB_FRONT.avi,2024-05-08 09:43:47
08-05-2024_09-44-07_p0030_sP06.6_b2_RAW,30,P06.6,A dor é como se fosse um choque?,Pergunta,08-05-2024_09-44-07,/srv/projects2/captarlibras_finep/dataset_captarlibras/raw-data/frontal-cam/08-05-2024_09-44-07_p0030_sP06.6_b2_RAW--ZED-RGB_FRONT.avi,2024-05-08 09:44:07
08-05-2024_09-44-41_p0030_sP07_b2_RAW,30,P07,"Junto desse sintoma, você sente mais alguma coisa?",Pergunta,08-05-2024_09-44-41,/srv/projects2/captarlibras_finep/dataset_captarlibras/raw-data/frontal-cam/08-05-2024_09-44-41_p0030_sP07_b2_RAW--ZED-RGB_FRONT.avi,2024-05-08 09:44:41
08-05-2024_09-45-03_p0030_s117_b2_RAW,30,117,"Junto desse sintoma, você sente mais alguma coisa?",Sudorese,08-05-2024_09-45-03,/srv/projects2/captarlibras_finep/dataset_captarlibras/raw-data/frontal-cam/08-05-2024_09-45-03_p0030_s117_b2_RAW--ZED-RGB_FRONT.avi,2024-05-08 09:45:03
08-05-2024_09-47-27_p0030_sP08.1_b2_RAW,30,P08.1,Existe algum fator de piora?,Pergunta,08-05-2024_09-47-27,/srv/projects2/captarlibras_finep/dataset_captarlibras/raw-data/frontal-cam/08-05-2024_09-47-27_p0030_sP08.1_b2_RAW--ZED-RGB_FRONT.avi,2024-05-08 09:47:27
08-05-2024_15-25-53_p0033_sP10_b3_RAW,33,P10,"De 1 a 10, sendo 1 uma dor muito fraca e 10 uma dor insuportável, qual é a intensidade da dor?",Pergunta,08-05-2024_15-25-53,/srv/projects2/captarlibras_finep/dataset_captarlibras/raw-data/frontal-cam/08-05-2024_15-25-53_p0033_sP10_b3_RAW--ZED-RGB_FRONT.avi,2024-05-08 15:25:53
08-05-2024_15-33-42_p0033_sP11.1_b3_RAW,33,P11.1,Foi um episódio de dor ou mais episódios?,Pergunta,08-05-2024_15-33-42,/srv/projects2/captarlibras_finep/dataset_captarlibras/raw-data/frontal-cam/08-05-2024_15-33-42_p0033_sP11.1_b3_RAW--ZED-RGB_FRONT.avi,2024-05-08 15:33:42
08-05-2024_15-36-36_p0033_s173_b3_RAW,33,173,Foi um episódio de dor ou mais episódios?,Constante,08-05-2024_15-36-36,/srv/projects2/captarlibras_finep/dataset_captarlibras/raw-data/frontal-cam/08-05-2024_15-36-36_p0033_s173_b3_RAW--ZED-RGB_FRONT.avi,2024-05-08 15:36:36
08-05-2024_15-38-39_p0033_sP11.3_b3_RAW,33,P11.3,Quando foi o primeiro episódio?,Pergunta,08-05-2024_15-38-39,/srv/projects2/captarlibras_finep/dataset_captarlibras/raw-data/frontal-cam/08-05-2024_15-38-39_p0033_sP11.3_b3_RAW--ZED-RGB_FRONT.avi,2024-05-08 15:38:39
08-05-2024_15-54-11_p0033_s187_b3_RAW,33,187,A dor tem uma localização fixa ou se espalha para algum lugar?,A dor irradia para a virilha,08-05-2024_15-54-11,/srv/projects2/captarlibras_finep/dataset_captarlibras/raw-data/frontal-cam/08-05-2024_15-54-11_p0033_s187_b3_RAW--ZED-RGB_FRONT.avi,2024-05-08 15:54:11
08-05-2024_15-55-20_p0033_s189_b3_RAW,33,189,A dor tem uma localização fixa ou se espalha para algum lugar?,A dor irradia para a perna,08-05-2024_15-55-20,/srv/projects2/captarlibras_finep/dataset_captarlibras/raw-data/frontal-cam/08-05-2024_15-55-20_p0033_s189_b3_RAW--ZED-RGB_FRONT.avi,2024-05-08 15:55:20
08-05-2024_15-56-05_p0033_sP13.1_b3_RAW,33,P13.1,A dor piora quando aperta?,Pergunta,08-05-2024_15-56-05,/srv/projects2/captarlibras_finep/dataset_captarlibras/raw-data/frontal-cam/08-05-2024_15-56-05_p0033_sP13.1_b3_RAW--ZED-RGB_FRONT.avi,2024-05-08 15:56:05
08-05-2024_16-09-21_p0033_sP14_b3_RAW,33,P14,"Tem dor, febre, calafrios, espirro ou secreção nasal?",Pergunta,08-05-2024_16-09-21,/srv/projects2/captarlibras_finep/dataset_captarlibras/raw-data/frontal-cam/08-05-2024_16-09-21_p0033_sP14_b3_RAW--ZED-RGB_FRONT.avi,2024-05-08 16:09:21
08-05-2024_16-19-35_p0033_sP16_b3_RAW,33,P16,"Se não há espirro e tosse, sente ardor para urinar?",Pergunta,08-05-2024_16-19-35,/srv/projects2/captarlibras_finep/dataset_captarlibras/raw-data/frontal-cam/08-05-2024_16-19-35_p0033_sP16_b3_RAW--ZED-RGB_FRONT.avi,2024-05-08 16:19:35
08-05-2024_16-20-41_p0033_s203_b3_RAW,33,203,Você vacinou para covid-19?,Não vacinei pra covid-19,08-05-2024_16-20-41,/srv/projects2/captarlibras_finep/dataset_captarlibras/raw-data/frontal-cam/08-05-2024_16-20-41_p0033_s203_b3_RAW--ZED-RGB_FRONT.avi,2024-05-08 16:20:41
08-05-2024_16-24-03_p0033_sP17.4_b3_RAW,33,P17.4,Trouxe cartão de vacina?,Pergunta,08-05-2024_16-24-03,/srv/projects2/captarlibras_finep/dataset_captarlibras/raw-data/frontal-cam/08-05-2024_16-24-03_p0033_sP17.4_b3_RAW--ZED-RGB_FRONT.avi,2024-05-08 16:24:03
08-05-2024_16-24-36_p0033_s208_b3_RAW,33,208,Trouxe cartão de vacina?,Não trouxe cartão de vacina,08-05-2024_16-24-36,/srv/projects2/captarlibras_finep/dataset_captarlibras/raw-data/frontal-cam/08-05-2024_16-24-36_p0033_s208_b3_RAW--ZED-RGB_FRONT.avi,2024-05-08 16:24:36
08-05-2024_16-25-28_p0033_sP20_b3_RAW,33,P20,Você trouxe algum relatório médico?,Pergunta,08-05-2024_16-25-28,/srv/projects2/captarlibras_finep/dataset_captarlibras/raw-data/frontal-cam/08-05-2024_16-25-28_p0033_sP20_b3_RAW--ZED-RGB_FRONT.avi,2024-05-08 16:25:28
08-05-2024_16-26-13_p0033_sP21.1_b3_RAW,33,P21.1,Você trouxe receita médica?,Pergunta,08-05-2024_16-26-13,/srv/projects2/captarlibras_finep/dataset_captarlibras/raw-data/frontal-cam/08-05-2024_16-26-13_p0033_sP21.1_b3_RAW--ZED-RGB_FRONT.avi,2024-05-08 16:26:13
08-05-2024_16-29-16_p0033_s244_b3_RAW,33,244,Está usando algum medicamento?,Não uso medicamento,08-05-2024_16-29-16,/srv/projects2/captarlibras_finep/dataset_captarlibras/raw-data/frontal-cam/08-05-2024_16-29-16_p0033_s244_b3_RAW--ZED-RGB_FRONT.avi,2024-05-08 16:29:16
09-05-2024_14-36-51_p0033_s116_b2_RAW,33,116,Como é a dor? ,Cólica,09-05-2024_14-36-51,/srv/projects2/captarlibras_finep/dataset_captarlibras/raw-data/frontal-cam/09-05-2024_14-36-51_p0033_s116_b2_RAW--ZED-RGB_FRONT.avi,2024-05-09 14:36:51
09-05-2024_14-40-35_p0033_s117_b2_RAW,33,117,"Junto desse sintoma, você sente mais alguma coisa?",Sudorese,09-05-2024_14-40-35,/srv/projects2/captarlibras_finep/dataset_captarlibras/raw-data/frontal-cam/09-05-2024_14-40-35_p0033_s117_b2_RAW--ZED-RGB_FRONT.avi,2024-05-09 14:40:35
09-05-2024_14-41-30_p0033_s118_b2_RAW,33,118,"Junto desse sintoma, você sente mais alguma coisa?",Lacrimejamento,09-05-2024_14-41-30,/srv/projects2/captarlibras_finep/dataset_captarlibras/raw-data/frontal-cam/09-05-2024_14-41-30_p0033_s118_b2_RAW--ZED-RGB_FRONT.avi,2024-05-09 14:41:30
09-05-2024_14-50-48_p0033_s131_b2_RAW,33,131,Existe algum fator de piora?,Período menstrual,09-05-2024_14-50-48,/srv/projects2/captarlibras_finep/dataset_captarlibras/raw-data/frontal-cam/09-05-2024_14-50-48_p0033_s131_b2_RAW--ZED-RGB_FRONT.avi,2024-05-09 14:50:48
09-05-2024_15-03-22_p0033_s146_b2_RAW,33,146,Tem algum fator de melhora?,Usar medicamento,09-05-2024_15-03-22,/srv/projects2/captarlibras_finep/dataset_captarlibras/raw-data/frontal-cam/09-05-2024_15-03-22_p0033_s146_b2_RAW--ZED-RGB_FRONT.avi,2024-05-09 15:03:22
10-05-2024_08-21-43_p0030_sP09.1_b3_RAW,30,P09.1,A dor no peito ou falta de ar piora ao fazer esforço físico?,Pergunta,10-05-2024_08-21-43,/srv/projects2/captarlibras_finep/dataset_captarlibras/raw-data/frontal-cam/10-05-2024_08-21-43_p0030_sP09.1_b3_RAW--ZED-RGB_FRONT.avi,2024-05-10 08:21:43
10-05-2024_08-22-24_p0030_sP09.2_b3_RAW,30,P09.2,Piora ao subir morro?,Pergunta,10-05-2024_08-22-24,/srv/projects2/captarlibras_finep/dataset_captarlibras/raw-data/frontal-cam/10-05-2024_08-22-24_p0030_sP09.2_b3_RAW--ZED-RGB_FRONT.avi,2024-05-10 08:22:24
10-05-2024_08-23-26_p0030_s158_b3_RAW,30,158,Piora ao subir morro?,Piora ao subir morro,10-05-2024_08-23-26,/srv/projects2/captarlibras_finep/dataset_captarlibras/raw-data/frontal-cam/10-05-2024_08-23-26_p0030_s158_b3_RAW--ZED-RGB_FRONT.avi,2024-05-10 08:23:26
10-05-2024_08-23-50_p0030_s159_b3_RAW,30,159,Piora ao subir morro?,Não piora ao subir morro,10-05-2024_08-23-50,/srv/projects2/captarlibras_finep/dataset_captarlibras/raw-data/frontal-cam/10-05-2024_08-23-50_p0030_s159_b3_RAW--ZED-RGB_FRONT.avi,2024-05-10 08:23:50
10-05-2024_08-24-16_p0030_sP09.3_b3_RAW,30,P09.3,Piora ao andar no plano?,Pergunta,10-05-2024_08-24-16,/srv/projects2/captarlibras_finep/dataset_captarlibras/raw-data/frontal-cam/10-05-2024_08-24-16_p0030_sP09.3_b3_RAW--ZED-RGB_FRONT.avi,2024-05-10 08:24:16
10-05-2024_08-24-42_p0030_s160_b3_RAW,30,160,Piora ao andar no plano?,Piora ao andar no plano,10-05-2024_08-24-42,/srv/projects2/captarlibras_finep/dataset_captarlibras/raw-data/frontal-cam/10-05-2024_08-24-42_p0030_s160_b3_RAW--ZED-RGB_FRONT.avi,2024-05-10 08:24:42
10-05-2024_08-25-32_p0030_s161_b3_RAW,30,161,Piora ao andar no plano?,Não piora ao andar no plano,10-05-2024_08-25-32,/srv/projects2/captarlibras_finep/dataset_captarlibras/raw-data/frontal-cam/10-05-2024_08-25-32_p0030_s161_b3_RAW--ZED-RGB_FRONT.avi,2024-05-10 08:25:32
10-05-2024_08-26-04_p0030_sP09.4_b3_RAW,30,P09.4,Piora ao tomar banho?,Pergunta,10-05-2024_08-26-04,/srv/projects2/captarlibras_finep/dataset_captarlibras/raw-data/frontal-cam/10-05-2024_08-26-04_p0030_sP09.4_b3_RAW--ZED-RGB_FRONT.avi,2024-05-10 08:26:04
10-05-2024_08-27-53_p0030_sP09.4_b3_RAW,30,P09.4,Piora ao tomar banho?,Pergunta,10-05-2024_08-27-53,/srv/projects2/captarlibras_finep/dataset_captarlibras/raw-data/frontal-cam/10-05-2024_08-27-53_p0030_sP09.4_b3_RAW--ZED-RGB_FRONT.avi,2024-05-10 08:27:53
10-05-2024_08-28-16_p0030_s162_b3_RAW,30,162,Piora ao tomar banho?,Piora ao tomar banho,10-05-2024_08-28-16,/srv/projects2/captarlibras_finep/dataset_captarlibras/raw-data/frontal-cam/10-05-2024_08-28-16_p0030_s162_b3_RAW--ZED-RGB_FRONT.avi,2024-05-10 08:28:16
10-05-2024_08-28-37_p0030_s163_b3_RAW,30,163,Piora ao tomar banho?,Não piora ao tomar banho,10-05-2024_08-28-37,/srv/projects2/captarlibras_finep/dataset_captarlibras/raw-data/frontal-cam/10-05-2024_08-28-37_p0030_s163_b3_RAW--ZED-RGB_FRONT.avi,2024-05-10 08:28:37
10-05-2024_08-28-59_p0030_sP09.5_b3_RAW,30,P09.5,Piora em repouso?,Pergunta,10-05-2024_08-28-59,/srv/projects2/captarlibras_finep/dataset_captarlibras/raw-data/frontal-cam/10-05-2024_08-28-59_p0030_sP09.5_b3_RAW--ZED-RGB_FRONT.avi,2024-05-10 08:28:59
10-05-2024_08-29-23_p0030_s164_b3_RAW,30,164,Piora em repouso?,Piora em repouso,10-05-2024_08-29-23,/srv/projects2/captarlibras_finep/dataset_captarlibras/raw-data/frontal-cam/10-05-2024_08-29-23_p0030_s164_b3_RAW--ZED-RGB_FRONT.avi,2024-05-10 08:29:23
10-05-2024_08-29-45_p0030_s165_b3_RAW,30,165,Piora em repouso?,Não piora em repouso,10-05-2024_08-29-45,/srv/projects2/captarlibras_finep/dataset_captarlibras/raw-data/frontal-cam/10-05-2024_08-29-45_p0030_s165_b3_RAW--ZED-RGB_FRONT.avi,2024-05-10 08:29:45
10-05-2024_08-30-12_p0030_sP09.6_b3_RAW,30,P09.6,Piora ao subir escada?,Pergunta,10-05-2024_08-30-12,/srv/projects2/captarlibras_finep/dataset_captarlibras/raw-data/frontal-cam/10-05-2024_08-30-12_p0030_sP09.6_b3_RAW--ZED-RGB_FRONT.avi,2024-05-10 08:30:12
10-05-2024_08-30-37_p0030_s166_b3_RAW,30,166,Piora ao subir escada?,Piora ao subir escada,10-05-2024_08-30-37,/srv/projects2/captarlibras_finep/dataset_captarlibras/raw-data/frontal-cam/10-05-2024_08-30-37_p0030_s166_b3_RAW--ZED-RGB_FRONT.avi,2024-05-10 08:30:37
10-05-2024_08-31-18_p0030_s167_b3_RAW,30,167,Piora ao subir escada?,Não piora ao subir escada,10-05-2024_08-31-18,/srv/projects2/captarlibras_finep/dataset_captarlibras/raw-data/frontal-cam/10-05-2024_08-31-18_p0030_s167_b3_RAW--ZED-RGB_FRONT.avi,2024-05-10 08:31:18
10-05-2024_08-31-50_p0030_sP09.7_b3_RAW,30,P09.7,A dor no peito ou falta de ar melhorou com algum medicamento?,Pergunta,10-05-2024_08-31-50,/srv/projects2/captarlibras_finep/dataset_captarlibras/raw-data/frontal-cam/10-05-2024_08-31-50_p0030_sP09.7_b3_RAW--ZED-RGB_FRONT.avi,2024-05-10 08:31:50
10-05-2024_08-32-58_p0030_s168_b3_RAW,30,168,A dor no peito ou falta de ar melhorou com algum medicamento?,Melhorou com medicamento,10-05-2024_08-32-58,/srv/projects2/captarlibras_finep/dataset_captarlibras/raw-data/frontal-cam/10-05-2024_08-32-58_p0030_s168_b3_RAW--ZED-RGB_FRONT.avi,2024-05-10 08:32:58
10-05-2024_08-33-17_p0030_s169_b3_RAW,30,169,A dor no peito ou falta de ar melhorou com algum medicamento?,Não melhorou com medicamento,10-05-2024_08-33-17,/srv/projects2/captarlibras_finep/dataset_captarlibras/raw-data/frontal-cam/10-05-2024_08-33-17_p0030_s169_b3_RAW--ZED-RGB_FRONT.avi,2024-05-10 08:33:17
10-05-2024_08-34-32_p0030_sP10_b3_RAW,30,P10,"De 1 a 10, sendo 1 uma dor muito fraca e 10 uma dor insuportável, qual é a intensidade da dor?",Pergunta,10-05-2024_08-34-32,/srv/projects2/captarlibras_finep/dataset_captarlibras/raw-data/frontal-cam/10-05-2024_08-34-32_p0030_sP10_b3_RAW--ZED-RGB_FRONT.avi,2024-05-10 08:34:32
10-05-2024_08-35-55_p0030_s170.0_b3_RAW,30,170.0,"De 1 a 10, sendo 1 uma dor muito fraca e 10 uma dor insuportável, qual é a intensidade da dor?",Zero,10-05-2024_08-35-55,/srv/projects2/captarlibras_finep/dataset_captarlibras/raw-data/frontal-cam/10-05-2024_08-35-55_p0030_s170.0_b3_RAW--ZED-RGB_FRONT.avi,2024-05-10 08:35:55
10-05-2024_08-36-15_p0030_s170.1_b3_RAW,30,170.1,"De 1 a 10, sendo 1 uma dor muito fraca e 10 uma dor insuportável, qual é a intensidade da dor?",Um,10-05-2024_08-36-15,/srv/projects2/captarlibras_finep/dataset_captarlibras/raw-data/frontal-cam/10-05-2024_08-36-15_p0030_s170.1_b3_RAW--ZED-RGB_FRONT.avi,2024-05-10 08:36:15
10-05-2024_08-36-53_p0030_s170.2_b3_RAW,30,170.2,"De 1 a 10, sendo 1 uma dor muito fraca e 10 uma dor insuportável, qual é a intensidade da dor?",Dois,10-05-2024_08-36-53,/srv/projects2/captarlibras_finep/dataset_captarlibras/raw-data/frontal-cam/10-05-2024_08-36-53_p0030_s170.2_b3_RAW--ZED-RGB_FRONT.avi,2024-05-10 08:36:53
10-05-2024_08-37-13_p0030_s170.3_b3_RAW,30,170.3,"De 1 a 10, sendo 1 uma dor muito fraca e 10 uma dor insuportável, qual é a intensidade da dor?",Três,10-05-2024_08-37-13,/srv/projects2/captarlibras_finep/dataset_captarlibras/raw-data/frontal-cam/10-05-2024_08-37-13_p0030_s170.3_b3_RAW--ZED-RGB_FRONT.avi,2024-05-10 08:37:13
10-05-2024_08-37-30_p0030_s170.4_b3_RAW,30,170.4,"De 1 a 10, sendo 1 uma dor muito fraca e 10 uma dor insuportável, qual é a intensidade da dor?",Quatro,10-05-2024_08-37-30,/srv/projects2/captarlibras_finep/dataset_captarlibras/raw-data/frontal-cam/10-05-2024_08-37-30_p0030_s170.4_b3_RAW--ZED-RGB_FRONT.avi,2024-05-10 08:37:30
10-05-2024_08-37-48_p0030_s170.5_b3_RAW,30,170.5,"De 1 a 10, sendo 1 uma dor muito fraca e 10 uma dor insuportável, qual é a intensidade da dor?",Cinco,10-05-2024_08-37-48,/srv/projects2/captarlibras_finep/dataset_captarlibras/raw-data/frontal-cam/10-05-2024_08-37-48_p0030_s170.5_b3_RAW--ZED-RGB_FRONT.avi,2024-05-10 08:37:48
10-05-2024_08-38-05_p0030_s170.6_b3_RAW,30,170.6,"De 1 a 10, sendo 1 uma dor muito fraca e 10 uma dor insuportável, qual é a intensidade da dor?",Seis,10-05-2024_08-38-05,/srv/projects2/captarlibras_finep/dataset_captarlibras/raw-data/frontal-cam/10-05-2024_08-38-05_p0030_s170.6_b3_RAW--ZED-RGB_FRONT.avi,2024-05-10 08:38:05
10-05-2024_08-38-23_p0030_s170.7_b3_RAW,30,170.7,"De 1 a 10, sendo 1 uma dor muito fraca e 10 uma dor insuportável, qual é a intensidade da dor?",Sete,10-05-2024_08-38-23,/srv/projects2/captarlibras_finep/dataset_captarlibras/raw-data/frontal-cam/10-05-2024_08-38-23_p0030_s170.7_b3_RAW--ZED-RGB_FRONT.avi,2024-05-10 08:38:23
10-05-2024_08-38-47_p0030_s170.8_b3_RAW,30,170.8,"De 1 a 10, sendo 1 uma dor muito fraca e 10 uma dor insuportável, qual é a intensidade da dor?",Oito,10-05-2024_08-38-47,/srv/projects2/captarlibras_finep/dataset_captarlibras/raw-data/frontal-cam/10-05-2024_08-38-47_p0030_s170.8_b3_RAW--ZED-RGB_FRONT.avi,2024-05-10 08:38:47
10-05-2024_08-39-06_p0030_s170.9_b3_RAW,30,170.9,"De 1 a 10, sendo 1 uma dor muito fraca e 10 uma dor insuportável, qual é a intensidade da dor?",Nove,10-05-2024_08-39-06,/srv/projects2/captarlibras_finep/dataset_captarlibras/raw-data/frontal-cam/10-05-2024_08-39-06_p0030_s170.9_b3_RAW--ZED-RGB_FRONT.avi,2024-05-10 08:39:06
10-05-2024_08-39-24_p0030_s170.10_b3_RAW,30,170.10,"De 1 a 10, sendo 1 uma dor muito fraca e 10 uma dor insuportável, qual é a intensidade da dor?",Dez,10-05-2024_08-39-24,/srv/projects2/captarlibras_finep/dataset_captarlibras/raw-data/frontal-cam/10-05-2024_08-39-24_p0030_s170.10_b3_RAW--ZED-RGB_FRONT.avi,2024-05-10 08:39:24
10-05-2024_08-40-10_p0030_sP11.1_b3_RAW,30,P11.1,Foi um episódio de dor ou mais episódios?,Pergunta,10-05-2024_08-40-10,/srv/projects2/captarlibras_finep/dataset_captarlibras/raw-data/frontal-cam/10-05-2024_08-40-10_p0030_sP11.1_b3_RAW--ZED-RGB_FRONT.avi,2024-05-10 08:40:10
10-05-2024_08-43-43_p0030_sP11.3_b3_RAW,30,P11.3,Quando foi o primeiro episódio?,Pergunta,10-05-2024_08-43-43,/srv/projects2/captarlibras_finep/dataset_captarlibras/raw-data/frontal-cam/10-05-2024_08-43-43_p0030_sP11.3_b3_RAW--ZED-RGB_FRONT.avi,2024-05-10 08:43:43
10-05-2024_09-00-07_p0030_sP15.2_b3_RAW,30,P15.2,Como é a tosse?,Pergunta,10-05-2024_09-00-07,/srv/projects2/captarlibras_finep/dataset_captarlibras/raw-data/frontal-cam/10-05-2024_09-00-07_p0030_sP15.2_b3_RAW--ZED-RGB_FRONT.avi,2024-05-10 09:00:07
10-05-2024_09-01-22_p0030_sP15.3_b3_RAW,30,P15.3,Tosse é com ou sem catarro?,Pergunta,10-05-2024_09-01-22,/srv/projects2/captarlibras_finep/dataset_captarlibras/raw-data/frontal-cam/10-05-2024_09-01-22_p0030_sP15.3_b3_RAW--ZED-RGB_FRONT.avi,2024-05-10 09:01:22
10-05-2024_09-06-39_p0030_sP16_b3_RAW,30,P16,"Se não há espirro e tosse, sente ardor para urinar?",Pergunta,10-05-2024_09-06-39,/srv/projects2/captarlibras_finep/dataset_captarlibras/raw-data/frontal-cam/10-05-2024_09-06-39_p0030_sP16_b3_RAW--ZED-RGB_FRONT.avi,2024-05-10 09:06:39
10-05-2024_09-10-30_p0030_sP17.3_b3_RAW,30,P17.3,Você vacinou para gripe?,Pergunta,10-05-2024_09-10-30,/srv/projects2/captarlibras_finep/dataset_captarlibras/raw-data/frontal-cam/10-05-2024_09-10-30_p0030_sP17.3_b3_RAW--ZED-RGB_FRONT.avi,2024-05-10 09:10:30
10-05-2024_09-32-09_p0030_sP18.1_b4_RAW,30,P18.1,Está enjoado ou com vômitos?,Pergunta,10-05-2024_09-32-09,/srv/projects2/captarlibras_finep/dataset_captarlibras/raw-data/frontal-cam/10-05-2024_09-32-09_p0030_sP18.1_b4_RAW--ZED-RGB_FRONT.avi,2024-05-10 09:32:09
10-05-2024_09-35-33_p0030_s212_b4_RAW,30,212,Como é a diarreia?,Líquida,10-05-2024_09-35-33,/srv/projects2/captarlibras_finep/dataset_captarlibras/raw-data/frontal-cam/10-05-2024_09-35-33_p0030_s212_b4_RAW--ZED-RGB_FRONT.avi,2024-05-10 09:35:33
10-05-2024_09-36-46_p0030_s215_b4_RAW,30,215,Como é a diarreia?,Espumosa,10-05-2024_09-36-46,/srv/projects2/captarlibras_finep/dataset_captarlibras/raw-data/frontal-cam/10-05-2024_09-36-46_p0030_s215_b4_RAW--ZED-RGB_FRONT.avi,2024-05-10 09:36:46
10-05-2024_09-39-54_p0030_sP18.4_b4_RAW,30,P18.4,"Tem sangue, muco ou pus?",Pergunta,10-05-2024_09-39-54,/srv/projects2/captarlibras_finep/dataset_captarlibras/raw-data/frontal-cam/10-05-2024_09-39-54_p0030_sP18.4_b4_RAW--ZED-RGB_FRONT.avi,2024-05-10 09:39:54
10-05-2024_10-00-00_p0030_sP24.1_b4_RAW,30,P24.1,Ingere bebida alcoólica?,Pergunta,10-05-2024_10-00-00,/srv/projects2/captarlibras_finep/dataset_captarlibras/raw-data/frontal-cam/10-05-2024_10-00-00_p0030_sP24.1_b4_RAW--ZED-RGB_FRONT.avi,2024-05-10 10:00:00
10-05-2024_10-00-25_p0030_sP24.2_b4_RAW,30,P24.2,Quais bebidas?,Pergunta,10-05-2024_10-00-25,/srv/projects2/captarlibras_finep/dataset_captarlibras/raw-data/frontal-cam/10-05-2024_10-00-25_p0030_sP24.2_b4_RAW--ZED-RGB_FRONT.avi,2024-05-10 10:00:25
10-05-2024_10-03-59_p0030_sP24.3_b4_RAW,30,P24.3,Quantas bebidas?,Pergunta,10-05-2024_10-03-59,/srv/projects2/captarlibras_finep/dataset_captarlibras/raw-data/frontal-cam/10-05-2024_10-03-59_p0030_sP24.3_b4_RAW--ZED-RGB_FRONT.avi,2024-05-10 10:03:59
10-05-2024_10-10-01_p0030_sP25.1_b4_RAW,30,P25.1,"Você fez alguma cirurgia? Se sim, qual?",Pergunta,10-05-2024_10-10-01,/srv/projects2/captarlibras_finep/dataset_captarlibras/raw-data/frontal-cam/10-05-2024_10-10-01_p0030_sP25.1_b4_RAW--ZED-RGB_FRONT.avi,2024-05-10 10:10:01
10-05-2024_15-04-17_p0033_s209_b4_RAW,33,209,Está enjoado ou com vômitos?,Não estou com vontade de vomitar,10-05-2024_15-04-17,/srv/projects2/captarlibras_finep/dataset_captarlibras/raw-data/frontal-cam/10-05-2024_15-04-17_p0033_s209_b4_RAW--ZED-RGB_FRONT.avi,2024-05-10 15:04:17
10-05-2024_15-04-50_p0033_sP18.2_b4_RAW,33,P18.2,Está com diarreia?,Pergunta,10-05-2024_15-04-50,/srv/projects2/captarlibras_finep/dataset_captarlibras/raw-data/frontal-cam/10-05-2024_15-04-50_p0033_sP18.2_b4_RAW--ZED-RGB_FRONT.avi,2024-05-10 15:04:50
10-05-2024_15-05-53_p0033_s211_b4_RAW,33,211,Como é a diarreia?,Semilíquida,10-05-2024_15-05-53,/srv/projects2/captarlibras_finep/dataset_captarlibras/raw-data/frontal-cam/10-05-2024_15-05-53_p0033_s211_b4_RAW--ZED-RGB_FRONT.avi,2024-05-10 15:05:53
10-05-2024_15-12-31_p0033_sP18.4_b4_RAW,33,P18.4,"Tem sangue, muco ou pus?",Pergunta,10-05-2024_15-12-31,/srv/projects2/captarlibras_finep/dataset_captarlibras/raw-data/frontal-cam/10-05-2024_15-12-31_p0033_sP18.4_b4_RAW--ZED-RGB_FRONT.avi,2024-05-10 15:12:31
10-05-2024_15-30-44_p0033_sP22.1_b4_RAW,33,P22.1,Você tem alguma alergia?,Pergunta,10-05-2024_15-30-44,/srv/projects2/captarlibras_finep/dataset_captarlibras/raw-data/frontal-cam/10-05-2024_15-30-44_p0033_sP22.1_b4_RAW--ZED-RGB_FRONT.avi,2024-05-10 15:30:44
10-05-2024_15-31-57_p0033_s246_b4_RAW,33,246,Você tem alguma alergia?,Tenho alergia a fungos,10-05-2024_15-31-57,/srv/projects2/captarlibras_finep/dataset_captarlibras/raw-data/frontal-cam/10-05-2024_15-31-57_p0033_s246_b4_RAW--ZED-RGB_FRONT.avi,2024-05-10 15:31:57
10-05-2024_15-35-36_p0033_s254_b4_RAW,33,254,Você tem alguma alergia?,Tenho alergia a frutos do mar,10-05-2024_15-35-36,/srv/projects2/captarlibras_finep/dataset_captarlibras/raw-data/frontal-cam/10-05-2024_15-35-36_p0033_s254_b4_RAW--ZED-RGB_FRONT.avi,2024-05-10 15:35:36
10-05-2024_15-38-00_p0033_sP22.2_b4_RAW,33,P22.2,Tem alergia a algum medicamento?,Pergunta,10-05-2024_15-38-00,/srv/projects2/captarlibras_finep/dataset_captarlibras/raw-data/frontal-cam/10-05-2024_15-38-00_p0033_sP22.2_b4_RAW--ZED-RGB_FRONT.avi,2024-05-10 15:38:00
10-05-2024_15-41-11_p0033_s259_b4_RAW,33,259,Você fuma?,Fumo sim,10-05-2024_15-41-11,/srv/projects2/captarlibras_finep/dataset_captarlibras/raw-data/frontal-cam/10-05-2024_15-41-11_p0033_s259_b4_RAW--ZED-RGB_FRONT.avi,2024-05-10 15:41:11
10-05-2024_15-41-54_p0033_s259_b4_RAW,33,259,Você fuma?,Fumo sim,10-05-2024_15-41-54,/srv/projects2/captarlibras_finep/dataset_captarlibras/raw-data/frontal-cam/10-05-2024_15-41-54_p0033_s259_b4_RAW--ZED-RGB_FRONT.avi,2024-05-10 15:41:54
10-05-2024_15-42-38_p0033_sP23.2_b4_RAW,33,P23.2,Há quanto tempo?,Pergunta,10-05-2024_15-42-38,/srv/projects2/captarlibras_finep/dataset_captarlibras/raw-data/frontal-cam/10-05-2024_15-42-38_p0033_sP23.2_b4_RAW--ZED-RGB_FRONT.avi,2024-05-10 15:42:38
10-05-2024_15-46-31_p0033_sP24.1_b4_RAW,33,P24.1,Ingere bebida alcoólica?,Pergunta,10-05-2024_15-46-31,/srv/projects2/captarlibras_finep/dataset_captarlibras/raw-data/frontal-cam/10-05-2024_15-46-31_p0033_sP24.1_b4_RAW--ZED-RGB_FRONT.avi,2024-05-10 15:46:31
10-05-2024_16-10-57_p0033_s279_b4_RAW,33,279,Quantas bebidas?,Duas doses duas vezes por semana,10-05-2024_16-10-57,/srv/projects2/captarlibras_finep/dataset_captarlibras/raw-data/frontal-cam/10-05-2024_16-10-57_p0033_s279_b4_RAW--ZED-RGB_FRONT.avi,2024-05-10 16:10:57
10-05-2024_16-16-57_p0033_sP25.1_b4_RAW,33,P25.1,"Você fez alguma cirurgia? Se sim, qual?",Pergunta,10-05-2024_16-16-57,/srv/projects2/captarlibras_finep/dataset_captarlibras/raw-data/frontal-cam/10-05-2024_16-16-57_p0033_sP25.1_b4_RAW--ZED-RGB_FRONT.avi,2024-05-10 16:16:57
10-05-2024_16-18-33_p0033_sP01_b1_RAW,33,P01,O que você está sentindo que te fez procurar o hospital?,Pergunta,10-05-2024_16-18-33,/srv/projects2/captarlibras_finep/dataset_captarlibras/raw-data/frontal-cam/10-05-2024_16-18-33_p0033_sP01_b1_RAW--ZED-RGB_FRONT.avi,2024-05-10 16:18:33
10-05-2024_16-21-26_p0033_sP01_b1_RAW,33,P01,O que você está sentindo que te fez procurar o hospital?,Pergunta,10-05-2024_16-21-26,/srv/projects2/captarlibras_finep/dataset_captarlibras/raw-data/frontal-cam/10-05-2024_16-21-26_p0033_sP01_b1_RAW--ZED-RGB_FRONT.avi,2024-05-10 16:21:26
10-05-2024_16-42-54_p0033_s50_b1_RAW,33,50,O que você está sentindo que te fez procurar o hospital?,Urinando muito,10-05-2024_16-42-54,/srv/projects2/captarlibras_finep/dataset_captarlibras/raw-data/frontal-cam/10-05-2024_16-42-54_p0033_s50_b1_RAW--ZED-RGB_FRONT.avi,2024-05-10 16:42:54
10-05-2024_16-45-48_p0033_s58_b1_RAW,33,58,O que você está sentindo que te fez procurar o hospital?,Trauma físico,10-05-2024_16-45-48,/srv/projects2/captarlibras_finep/dataset_captarlibras/raw-data/frontal-cam/10-05-2024_16-45-48_p0033_s58_b1_RAW--ZED-RGB_FRONT.avi,2024-05-10 16:45:48
10-05-2024_16-47-05_p0033_s63_b1_RAW,33,63,O que você está sentindo que te fez procurar o hospital?,Lesão por arma de fogo,10-05-2024_16-47-05,/srv/projects2/captarlibras_finep/dataset_captarlibras/raw-data/frontal-cam/10-05-2024_16-47-05_p0033_s63_b1_RAW--ZED-RGB_FRONT.avi,2024-05-10 16:47:05
10-05-2024_16-48-11_p0033_s65_b1_RAW,33,65,O que você está sentindo que te fez procurar o hospital?,Trabalho de parto ativo,10-05-2024_16-48-11,/srv/projects2/captarlibras_finep/dataset_captarlibras/raw-data/frontal-cam/10-05-2024_16-48-11_p0033_s65_b1_RAW--ZED-RGB_FRONT.avi,2024-05-10 16:48:11
10-05-2024_16-48-27_p0033_s66_b1_RAW,33,66,O que você está sentindo que te fez procurar o hospital?,Sangramento vaginal,10-05-2024_16-48-27,/srv/projects2/captarlibras_finep/dataset_captarlibras/raw-data/frontal-cam/10-05-2024_16-48-27_p0033_s66_b1_RAW--ZED-RGB_FRONT.avi,2024-05-10 16:48:27
10-05-2024_16-48-42_p0033_s67_b1_RAW,33,67,O que você está sentindo que te fez procurar o hospital?,Vômitos com sangue,10-05-2024_16-48-42,/srv/projects2/captarlibras_finep/dataset_captarlibras/raw-data/frontal-cam/10-05-2024_16-48-42_p0033_s67_b1_RAW--ZED-RGB_FRONT.avi,2024-05-10 16:48:42
10-05-2024_16-49-14_p0033_sP02_b1_RAW,33,P02,Quando começou?,Pergunta,10-05-2024_16-49-14,/srv/projects2/captarlibras_finep/dataset_captarlibras/raw-data/frontal-cam/10-05-2024_16-49-14_p0033_sP02_b1_RAW--ZED-RGB_FRONT.avi,2024-05-10 16:49:14
10-05-2024_16-50-51_p0033_sP03_b1_RAW,33,P03,Como começou? O que você estava fazendo?,Pergunta,10-05-2024_16-50-51,/srv/projects2/captarlibras_finep/dataset_captarlibras/raw-data/frontal-cam/10-05-2024_16-50-51_p0033_sP03_b1_RAW--ZED-RGB_FRONT.avi,2024-05-10 16:50:51
10-05-2024_18-31-20_p0025_sP07_b2_RAW,25,P07,"Junto desse sintoma, você sente mais alguma coisa?",Pergunta,10-05-2024_18-31-20,/srv/projects2/captarlibras_finep/dataset_captarlibras/raw-data/frontal-cam/10-05-2024_18-31-20_p0025_sP07_b2_RAW--ZED-RGB_FRONT.avi,2024-05-10 18:31:20
10-05-2024_18-38-53_p0025_s131_b2_RAW,25,131,Existe algum fator de piora?,Período menstrual,10-05-2024_18-38-53,/srv/projects2/captarlibras_finep/dataset_captarlibras/raw-data/frontal-cam/10-05-2024_18-38-53_p0025_s131_b2_RAW--ZED-RGB_FRONT.avi,2024-05-10 18:38:53
10-05-2024_18-44-00_p0025_sP08.2_b2_RAW,25,P08.2,Tem algum fator de melhora?,Pergunta,10-05-2024_18-44-00,/srv/projects2/captarlibras_finep/dataset_captarlibras/raw-data/frontal-cam/10-05-2024_18-44-00_p0025_sP08.2_b2_RAW--ZED-RGB_FRONT.avi,2024-05-10 18:44:00
11-05-2024_09-31-32_p0034_s166_b3_RAW,34,166,Piora ao subir escada?,Piora ao subir escada,11-05-2024_09-31-32,/srv/projects2/captarlibras_finep/dataset_captarlibras/raw-data/frontal-cam/11-05-2024_09-31-32_p0034_s166_b3_RAW--ZED-RGB_FRONT.avi,2024-05-11 09:31:32
11-05-2024_09-35-13_p0034_sP10_b3_RAW,34,P10,"De 1 a 10, sendo 1 uma dor muito fraca e 10 uma dor insuportável, qual é a intensidade da dor?",Pergunta,11-05-2024_09-35-13,/srv/projects2/captarlibras_finep/dataset_captarlibras/raw-data/frontal-cam/11-05-2024_09-35-13_p0034_sP10_b3_RAW--ZED-RGB_FRONT.avi,2024-05-11 09:35:13
11-05-2024_09-54-14_p0034_s188_b3_RAW,34,188,A dor tem uma localização fixa ou se espalha para algum lugar?,A dor irradia para a coxa,11-05-2024_09-54-14,/srv/projects2/captarlibras_finep/dataset_captarlibras/raw-data/frontal-cam/11-05-2024_09-54-14_p0034_s188_b3_RAW--ZED-RGB_FRONT.avi,2024-05-11 09:54:14
11-05-2024_10-05-35_p0034_sP16_b3_RAW,34,P16,"Se não há espirro e tosse, sente ardor para urinar?",Pergunta,11-05-2024_10-05-35,/srv/projects2/captarlibras_finep/dataset_captarlibras/raw-data/frontal-cam/11-05-2024_10-05-35_p0034_sP16_b3_RAW--ZED-RGB_FRONT.avi,2024-05-11 10:05:35
13-05-2024_15-29-13_p0028_sP09.1_b3_RAW,28,P09.1,A dor no peito ou falta de ar piora ao fazer esforço físico?,Pergunta,13-05-2024_15-29-13,/srv/projects2/captarlibras_finep/dataset_captarlibras/raw-data/frontal-cam/13-05-2024_15-29-13_p0028_sP09.1_b3_RAW--ZED-RGB_FRONT.avi,2024-05-13 15:29:13
13-05-2024_15-32-42_p0028_sP09.3_b3_RAW,28,P09.3,Piora ao andar no plano?,Pergunta,13-05-2024_15-32-42,/srv/projects2/captarlibras_finep/dataset_captarlibras/raw-data/frontal-cam/13-05-2024_15-32-42_p0028_sP09.3_b3_RAW--ZED-RGB_FRONT.avi,2024-05-13 15:32:42
13-05-2024_15-34-13_p0028_s161_b3_RAW,28,161,Piora ao andar no plano?,Não piora ao andar no plano,13-05-2024_15-34-13,/srv/projects2/captarlibras_finep/dataset_captarlibras/raw-data/frontal-cam/13-05-2024_15-34-13_p0028_s161_b3_RAW--ZED-RGB_FRONT.avi,2024-05-13 15:34:13
13-05-2024_15-36-53_p0028_s164_b3_RAW,28,164,Piora em repouso?,Piora em repouso,13-05-2024_15-36-53,/srv/projects2/captarlibras_finep/dataset_captarlibras/raw-data/frontal-cam/13-05-2024_15-36-53_p0028_s164_b3_RAW--ZED-RGB_FRONT.avi,2024-05-13 15:36:53
13-05-2024_15-37-19_p0028_s165_b3_RAW,28,165,Piora em repouso?,Não piora em repouso,13-05-2024_15-37-19,/srv/projects2/captarlibras_finep/dataset_captarlibras/raw-data/frontal-cam/13-05-2024_15-37-19_p0028_s165_b3_RAW--ZED-RGB_FRONT.avi,2024-05-13 15:37:19
13-05-2024_15-41-55_p0028_sP09.7_b3_RAW,28,P09.7,A dor no peito ou falta de ar melhorou com algum medicamento?,Pergunta,13-05-2024_15-41-55,/srv/projects2/captarlibras_finep/dataset_captarlibras/raw-data/frontal-cam/13-05-2024_15-41-55_p0028_sP09.7_b3_RAW--ZED-RGB_FRONT.avi,2024-05-13 15:41:55
13-05-2024_15-43-42_p0028_s168_b3_RAW,28,168,A dor no peito ou falta de ar melhorou com algum medicamento?,Melhorou com medicamento,13-05-2024_15-43-42,/srv/projects2/captarlibras_finep/dataset_captarlibras/raw-data/frontal-cam/13-05-2024_15-43-42_p0028_s168_b3_RAW--ZED-RGB_FRONT.avi,2024-05-13 15:43:42
13-05-2024_15-44-00_p0028_s169_b3_RAW,28,169,A dor no peito ou falta de ar melhorou com algum medicamento?,Não melhorou com medicamento,13-05-2024_15-44-00,/srv/projects2/captarlibras_finep/dataset_captarlibras/raw-data/frontal-cam/13-05-2024_15-44-00_p0028_s169_b3_RAW--ZED-RGB_FRONT.avi,2024-05-13 15:44:00
13-05-2024_15-48-37_p0028_sP10_b3_RAW,28,P10,"De 1 a 10, sendo 1 uma dor muito fraca e 10 uma dor insuportável, qual é a intensidade da dor?",Pergunta,13-05-2024_15-48-37,/srv/projects2/captarlibras_finep/dataset_captarlibras/raw-data/frontal-cam/13-05-2024_15-48-37_p0028_sP10_b3_RAW--ZED-RGB_FRONT.avi,2024-05-13 15:48:37
13-05-2024_15-55-00_p0028_sP11.1_b3_RAW,28,P11.1,Foi um episódio de dor ou mais episódios?,Pergunta,13-05-2024_15-55-00,/srv/projects2/captarlibras_finep/dataset_captarlibras/raw-data/frontal-cam/13-05-2024_15-55-00_p0028_sP11.1_b3_RAW--ZED-RGB_FRONT.avi,2024-05-13 15:55:00
13-05-2024_15-59-58_p0028_sP11.3_b3_RAW,28,P11.3,Quando foi o primeiro episódio?,Pergunta,13-05-2024_15-59-58,/srv/projects2/captarlibras_finep/dataset_captarlibras/raw-data/frontal-cam/13-05-2024_15-59-58_p0028_sP11.3_b3_RAW--ZED-RGB_FRONT.avi,2024-05-13 15:59:58
13-05-2024_16-03-11_p0028_sP11.4_b3_RAW,28,P11.4,"Como foi a evolução da dor ao longo do tempo, aumentou ou diminuiu de intensidade?",Pergunta,13-05-2024_16-03-11,/srv/projects2/captarlibras_finep/dataset_captarlibras/raw-data/frontal-cam/13-05-2024_16-03-11_p0028_sP11.4_b3_RAW--ZED-RGB_FRONT.avi,2024-05-13 16:03:11
13-05-2024_16-03-43_p0028_sP11.5_b3_RAW,28,P11.5,Houve aumento da duração da dor?,Pergunta,13-05-2024_16-03-43,/srv/projects2/captarlibras_finep/dataset_captarlibras/raw-data/frontal-cam/13-05-2024_16-03-43_p0028_sP11.5_b3_RAW--ZED-RGB_FRONT.avi,2024-05-13 16:03:43
13-05-2024_16-04-15_p0028_sP12_b3_RAW,28,P12,A dor tem uma localização fixa ou se espalha para algum lugar?,Pergunta,13-05-2024_16-04-15,/srv/projects2/captarlibras_finep/dataset_captarlibras/raw-data/frontal-cam/13-05-2024_16-04-15_p0028_sP12_b3_RAW--ZED-RGB_FRONT.avi,2024-05-13 16:04:15
13-05-2024_16-04-44_p0028_s179_b3_RAW,28,179,A dor tem uma localização fixa ou se espalha para algum lugar?,A dor é fixa,13-05-2024_16-04-44,/srv/projects2/captarlibras_finep/dataset_captarlibras/raw-data/frontal-cam/13-05-2024_16-04-44_p0028_s179_b3_RAW--ZED-RGB_FRONT.avi,2024-05-13 16:04:44
13-05-2024_16-06-31_p0028_s181_b3_RAW,28,181,A dor tem uma localização fixa ou se espalha para algum lugar?,A dor irradia para o pescoço,13-05-2024_16-06-31,/srv/projects2/captarlibras_finep/dataset_captarlibras/raw-data/frontal-cam/13-05-2024_16-06-31_p0028_s181_b3_RAW--ZED-RGB_FRONT.avi,2024-05-13 16:06:31
13-05-2024_16-06-58_p0028_s182_b3_RAW,28,182,A dor tem uma localização fixa ou se espalha para algum lugar?,A dor irradia para a mandíbula,13-05-2024_16-06-58,/srv/projects2/captarlibras_finep/dataset_captarlibras/raw-data/frontal-cam/13-05-2024_16-06-58_p0028_s182_b3_RAW--ZED-RGB_FRONT.avi,2024-05-13 16:06:58
13-05-2024_16-08-06_p0028_s183_b3_RAW,28,183,A dor tem uma localização fixa ou se espalha para algum lugar?,A dor irradia para o ombro,13-05-2024_16-08-06,/srv/projects2/captarlibras_finep/dataset_captarlibras/raw-data/frontal-cam/13-05-2024_16-08-06_p0028_s183_b3_RAW--ZED-RGB_FRONT.avi,2024-05-13 16:08:06
13-05-2024_16-12-57_p0028_s185_b3_RAW,28,185,A dor tem uma localização fixa ou se espalha para algum lugar?,A dor irradia para a barriga,13-05-2024_16-12-57,/srv/projects2/captarlibras_finep/dataset_captarlibras/raw-data/frontal-cam/13-05-2024_16-12-57_p0028_s185_b3_RAW--ZED-RGB_FRONT.avi,2024-05-13 16:12:57
13-05-2024_16-15-29_p0028_sP13.1_b3_RAW,28,P13.1,A dor piora quando aperta?,Pergunta,13-05-2024_16-15-29,/srv/projects2/captarlibras_finep/dataset_captarlibras/raw-data/frontal-cam/13-05-2024_16-15-29_p0028_sP13.1_b3_RAW--ZED-RGB_FRONT.avi,2024-05-13 16:15:29
13-05-2024_16-16-10_p0028_s190_b3_RAW,28,190,A dor piora quando aperta?,Piora quando aperta,13-05-2024_16-16-10,/srv/projects2/captarlibras_finep/dataset_captarlibras/raw-data/frontal-cam/13-05-2024_16-16-10_p0028_s190_b3_RAW--ZED-RGB_FRONT.avi,2024-05-13 16:16:10
13-05-2024_16-16-53_p0028_s191_b3_RAW,28,191,A dor piora quando aperta?,Não piora quando aperta,13-05-2024_16-16-53,/srv/projects2/captarlibras_finep/dataset_captarlibras/raw-data/frontal-cam/13-05-2024_16-16-53_p0028_s191_b3_RAW--ZED-RGB_FRONT.avi,2024-05-13 16:16:53
13-05-2024_16-19-51_p0028_s192_b3_RAW,28,192,A dor piora quando muda a posição do corpo?,Piora quando muda a posição do corpo,13-05-2024_16-19-51,/srv/projects2/captarlibras_finep/dataset_captarlibras/raw-data/frontal-cam/13-05-2024_16-19-51_p0028_s192_b3_RAW--ZED-RGB_FRONT.avi,2024-05-13 16:19:51
13-05-2024_16-20-30_p0028_s193_b3_RAW,28,193,A dor piora quando muda a posição do corpo?,Não piora quando muda a posição do corpo,13-05-2024_16-20-30,/srv/projects2/captarlibras_finep/dataset_captarlibras/raw-data/frontal-cam/13-05-2024_16-20-30_p0028_s193_b3_RAW--ZED-RGB_FRONT.avi,2024-05-13 16:20:30
13-05-2024_16-23-47_p0028_sP15.3_b3_RAW,28,P15.3,Tosse é com ou sem catarro?,Pergunta,13-05-2024_16-23-47,/srv/projects2/captarlibras_finep/dataset_captarlibras/raw-data/frontal-cam/13-05-2024_16-23-47_p0028_sP15.3_b3_RAW--ZED-RGB_FRONT.avi,2024-05-13 16:23:47
13-05-2024_16-24-49_p0028_sP15.4_b3_RAW,28,P15.4,Qual cor é o catarro?,Pergunta,13-05-2024_16-24-49,/srv/projects2/captarlibras_finep/dataset_captarlibras/raw-data/frontal-cam/13-05-2024_16-24-49_p0028_sP15.4_b3_RAW--ZED-RGB_FRONT.avi,2024-05-13 16:24:49
13-05-2024_16-25-20_p0028_s197_b3_RAW,28,197,Qual cor é o catarro?,Catarro transparente,13-05-2024_16-25-20,/srv/projects2/captarlibras_finep/dataset_captarlibras/raw-data/frontal-cam/13-05-2024_16-25-20_p0028_s197_b3_RAW--ZED-RGB_FRONT.avi,2024-05-13 16:25:20
13-05-2024_16-30-51_p0028_sP16_b3_RAW,28,P16,"Se não há espirro e tosse, sente ardor para urinar?",Pergunta,13-05-2024_16-30-51,/srv/projects2/captarlibras_finep/dataset_captarlibras/raw-data/frontal-cam/13-05-2024_16-30-51_p0028_sP16_b3_RAW--ZED-RGB_FRONT.avi,2024-05-13 16:30:51
13-05-2024_16-31-52_p0028_s203_b3_RAW,28,203,Você vacinou para covid-19?,Não vacinei pra covid-19,13-05-2024_16-31-52,/srv/projects2/captarlibras_finep/dataset_captarlibras/raw-data/frontal-cam/13-05-2024_16-31-52_p0028_s203_b3_RAW--ZED-RGB_FRONT.avi,2024-05-13 16:31:52
13-05-2024_16-36-09_p0028_s208_b3_RAW,28,208,Trouxe cartão de vacina?,Não trouxe cartão de vacina,13-05-2024_16-36-09,/srv/projects2/captarlibras_finep/dataset_captarlibras/raw-data/frontal-cam/13-05-2024_16-36-09_p0028_s208_b3_RAW--ZED-RGB_FRONT.avi,2024-05-13 16:36:09
13-05-2024_16-36-57_p0028_sP21.1_b3_RAW,28,P21.1,Você trouxe receita médica?,Pergunta,13-05-2024_16-36-57,/srv/projects2/captarlibras_finep/dataset_captarlibras/raw-data/frontal-cam/13-05-2024_16-36-57_p0028_sP21.1_b3_RAW--ZED-RGB_FRONT.avi,2024-05-13 16:36:57
13-05-2024_16-37-15_p0028_s241_b3_RAW,28,241,Você trouxe receita médica?,Trouxe receita médica,13-05-2024_16-37-15,/srv/projects2/captarlibras_finep/dataset_captarlibras/raw-data/frontal-cam/13-05-2024_16-37-15_p0028_s241_b3_RAW--ZED-RGB_FRONT.avi,2024-05-13 16:37:15
13-05-2024_16-38-17_p0028_sP21.2_b3_RAW,28,P21.2,Está usando algum medicamento?,Pergunta,13-05-2024_16-38-17,/srv/projects2/captarlibras_finep/dataset_captarlibras/raw-data/frontal-cam/13-05-2024_16-38-17_p0028_sP21.2_b3_RAW--ZED-RGB_FRONT.avi,2024-05-13 16:38:17
13-05-2024_16-38-51_p0028_s244_b3_RAW,28,244,Está usando algum medicamento?,Não uso medicamento,13-05-2024_16-38-51,/srv/projects2/captarlibras_finep/dataset_captarlibras/raw-data/frontal-cam/13-05-2024_16-38-51_p0028_s244_b3_RAW--ZED-RGB_FRONT.avi,2024-05-13 16:38:51
15-05-2024_15-56-09_p0032_s125_b2_RAW,32,125,Existe algum fator de piora?,Comer alimentos ácidos e picantes,15-05-2024_15-56-09,/srv/projects2/captarlibras_finep/dataset_captarlibras/raw-data/frontal-cam/15-05-2024_15-56-09_p0032_s125_b2_RAW--ZED-RGB_FRONT.avi,2024-05-15 15:56:09
15-05-2024_16-22-35_p0032_s145_b2_RAW,32,145,Tem algum fator de melhora?,Colocar água quente,15-05-2024_16-22-35,/srv/projects2/captarlibras_finep/dataset_captarlibras/raw-data/frontal-cam/15-05-2024_16-22-35_p0032_s145_b2_RAW--ZED-RGB_FRONT.avi,2024-05-15 16:22:35
16-05-2024_14-28-50_p0034_s98_b2_RAW,34,98,Onde é a dor?,Dor na bexiga,16-05-2024_14-28-50,/srv/projects2/captarlibras_finep/dataset_captarlibras/raw-data/frontal-cam/16-05-2024_14-28-50_p0034_s98_b2_RAW--ZED-RGB_FRONT.avi,2024-05-16 14:28:50
16-05-2024_14-52-27_p0034_s130_b2_RAW,34,130,Existe algum fator de piora?,Fazer esforço físico,16-05-2024_14-52-27,/srv/projects2/captarlibras_finep/dataset_captarlibras/raw-data/frontal-cam/16-05-2024_14-52-27_p0034_s130_b2_RAW--ZED-RGB_FRONT.avi,2024-05-16 14:52:27
16-05-2024_14-52-53_p0034_s131_b2_RAW,34,131,Existe algum fator de piora?,Período menstrual,16-05-2024_14-52-53,/srv/projects2/captarlibras_finep/dataset_captarlibras/raw-data/frontal-cam/16-05-2024_14-52-53_p0034_s131_b2_RAW--ZED-RGB_FRONT.avi,2024-05-16 14:52:53
16-05-2024_15-01-05_p0034_sP08.2_b2_RAW,34,P08.2,Tem algum fator de melhora?,Pergunta,16-05-2024_15-01-05,/srv/projects2/captarlibras_finep/dataset_captarlibras/raw-data/frontal-cam/16-05-2024_15-01-05_p0034_sP08.2_b2_RAW--ZED-RGB_FRONT.avi,2024-05-16 15:01:05
20-05-2024_11-18-38_p0034_sP01_b1_RAW,34,P01,O que você está sentindo que te fez procurar o hospital?,Pergunta,20-05-2024_11-18-38,/srv/projects2/captarlibras_finep/dataset_captarlibras/raw-data/frontal-cam/20-05-2024_11-18-38_p0034_sP01_b1_RAW--ZED-RGB_FRONT.avi,2024-05-20 11:18:38
20-05-2024_11-19-03_p0034_s1_b1_RAW,34,1,O que você está sentindo que te fez procurar o hospital?,Alteração do estado mental,20-05-2024_11-19-03,/srv/projects2/captarlibras_finep/dataset_captarlibras/raw-data/frontal-cam/20-05-2024_11-19-03_p0034_s1_b1_RAW--ZED-RGB_FRONT.avi,2024-05-20 11:19:03
20-05-2024_11-28-34_p0034_s20_b1_RAW,34,20,O que você está sentindo que te fez procurar o hospital?,Desmaio,20-05-2024_11-28-34,/srv/projects2/captarlibras_finep/dataset_captarlibras/raw-data/frontal-cam/20-05-2024_11-28-34_p0034_s20_b1_RAW--ZED-RGB_FRONT.avi,2024-05-20 11:28:34
20-05-2024_11-40-05_p0034_s44_b1_RAW,34,44,O que você está sentindo que te fez procurar o hospital?,Pressão arterial alterada,20-05-2024_11-40-05,/srv/projects2/captarlibras_finep/dataset_captarlibras/raw-data/frontal-cam/20-05-2024_11-40-05_p0034_s44_b1_RAW--ZED-RGB_FRONT.avi,2024-05-20 11:40:05
20-05-2024_11-40-43_p0034_s45_b1_RAW,34,45,O que você está sentindo que te fez procurar o hospital?,Problemas nos olhos,20-05-2024_11-40-43,/srv/projects2/captarlibras_finep/dataset_captarlibras/raw-data/frontal-cam/20-05-2024_11-40-43_p0034_s45_b1_RAW--ZED-RGB_FRONT.avi,2024-05-20 11:40:43
20-05-2024_11-41-30_p0034_s47_b1_RAW,34,47,O que você está sentindo que te fez procurar o hospital?,Ardor para urinar,20-05-2024_11-41-30,/srv/projects2/captarlibras_finep/dataset_captarlibras/raw-data/frontal-cam/20-05-2024_11-41-30_p0034_s47_b1_RAW--ZED-RGB_FRONT.avi,2024-05-20 11:41:30
20-05-2024_11-47-30_p0034_s58_b1_RAW,34,58,O que você está sentindo que te fez procurar o hospital?,Trauma físico,20-05-2024_11-47-30,/srv/projects2/captarlibras_finep/dataset_captarlibras/raw-data/frontal-cam/20-05-2024_11-47-30_p0034_s58_b1_RAW--ZED-RGB_FRONT.avi,2024-05-20 11:47:30
20-05-2024_11-52-04_p0034_sP02_b1_RAW,34,P02,Quando começou?,Pergunta,20-05-2024_11-52-04,/srv/projects2/captarlibras_finep/dataset_captarlibras/raw-data/frontal-cam/20-05-2024_11-52-04_p0034_sP02_b1_RAW--ZED-RGB_FRONT.avi,2024-05-20 11:52:04
20-05-2024_11-54-48_p0034_sP03_b1_RAW,34,P03,Como começou? O que você estava fazendo?,Pergunta,20-05-2024_11-54-48,/srv/projects2/captarlibras_finep/dataset_captarlibras/raw-data/frontal-cam/20-05-2024_11-54-48_p0034_sP03_b1_RAW--ZED-RGB_FRONT.avi,2024-05-20 11:54:48
20-05-2024_12-00-19_p0034_sP18.2_b4_RAW,34,P18.2,Está com diarreia?,Pergunta,20-05-2024_12-00-19,/srv/projects2/captarlibras_finep/dataset_captarlibras/raw-data/frontal-cam/20-05-2024_12-00-19_p0034_sP18.2_b4_RAW--ZED-RGB_FRONT.avi,2024-05-20 12:00:19
20-05-2024_12-06-36_p0034_sP18.4_b4_RAW,34,P18.4,"Tem sangue, muco ou pus?",Pergunta,20-05-2024_12-06-36,/srv/projects2/captarlibras_finep/dataset_captarlibras/raw-data/frontal-cam/20-05-2024_12-06-36_p0034_sP18.4_b4_RAW--ZED-RGB_FRONT.avi,2024-05-20 12:06:36
20-05-2024_12-07-29_p0034_sP18.5_b4_RAW,34,P18.5,Sente dor na barriga?,Pergunta,20-05-2024_12-07-29,/srv/projects2/captarlibras_finep/dataset_captarlibras/raw-data/frontal-cam/20-05-2024_12-07-29_p0034_sP18.5_b4_RAW--ZED-RGB_FRONT.avi,2024-05-20 12:07:29
20-05-2024_12-16-53_p0034_sP22.1_b4_RAW,34,P22.1,Você tem alguma alergia?,Pergunta,20-05-2024_12-16-53,/srv/projects2/captarlibras_finep/dataset_captarlibras/raw-data/frontal-cam/20-05-2024_12-16-53_p0034_sP22.1_b4_RAW--ZED-RGB_FRONT.avi,2024-05-20 12:16:53
20-05-2024_12-24-08_p0034_sP22.2_b4_RAW,34,P22.2,Tem alergia a algum medicamento?,Pergunta,20-05-2024_12-24-08,/srv/projects2/captarlibras_finep/dataset_captarlibras/raw-data/frontal-cam/20-05-2024_12-24-08_p0034_sP22.2_b4_RAW--ZED-RGB_FRONT.avi,2024-05-20 12:24:08
20-05-2024_12-26-07_p0034_s259_b4_RAW,34,259,Você fuma?,Fumo sim,20-05-2024_12-26-07,/srv/projects2/captarlibras_finep/dataset_captarlibras/raw-data/frontal-cam/20-05-2024_12-26-07_p0034_s259_b4_RAW--ZED-RGB_FRONT.avi,2024-05-20 12:26:07
20-05-2024_12-26-57_p0034_sP23.2_b4_RAW,34,P23.2,Há quanto tempo?,Pergunta,20-05-2024_12-26-57,/srv/projects2/captarlibras_finep/dataset_captarlibras/raw-data/frontal-cam/20-05-2024_12-26-57_p0034_sP23.2_b4_RAW--ZED-RGB_FRONT.avi,2024-05-20 12:26:57
20-05-2024_12-29-25_p0034_sP24.1_b4_RAW,34,P24.1,Ingere bebida alcoólica?,Pergunta,20-05-2024_12-29-25,/srv/projects2/captarlibras_finep/dataset_captarlibras/raw-data/frontal-cam/20-05-2024_12-29-25_p0034_sP24.1_b4_RAW--ZED-RGB_FRONT.avi,2024-05-20 12:29:25
20-05-2024_12-34-07_p0034_sP24.3_b4_RAW,34,P24.3,Quantas bebidas?,Pergunta,20-05-2024_12-34-07,/srv/projects2/captarlibras_finep/dataset_captarlibras/raw-data/frontal-cam/20-05-2024_12-34-07_p0034_sP24.3_b4_RAW--ZED-RGB_FRONT.avi,2024-05-20 12:34:07
20-05-2024_12-38-37_p0034_s280_b4_RAW,34,280,Quantas bebidas?,Uma taça de vinho uma vez na semana,20-05-2024_12-38-37,/srv/projects2/captarlibras_finep/dataset_captarlibras/raw-data/frontal-cam/20-05-2024_12-38-37_p0034_s280_b4_RAW--ZED-RGB_FRONT.avi,2024-05-20 12:38:37
20-05-2024_12-40-56_p0034_sP25.1_b4_RAW,34,P25.1,"Você fez alguma cirurgia? Se sim, qual?",Pergunta,20-05-2024_12-40-56,/srv/projects2/captarlibras_finep/dataset_captarlibras/raw-data/frontal-cam/20-05-2024_12-40-56_p0034_sP25.1_b4_RAW--ZED-RGB_FRONT.avi,2024-05-20 12:40:56
20-05-2024_15-12-25_p0023_sP04_b2_RAW,23,P04,Qual é o tempo de duração?,Pergunta,20-05-2024_15-12-25,/srv/projects2/captarlibras_finep/dataset_captarlibras/raw-data/frontal-cam/20-05-2024_15-12-25_p0023_sP04_b2_RAW--ZED-RGB_FRONT.avi,2024-05-20 15:12:25
20-05-2024_15-17-30_p0023_s89_b2_RAW,23,89,Onde é a dor?,Dor de um lado da cabeça,20-05-2024_15-17-30,/srv/projects2/captarlibras_finep/dataset_captarlibras/raw-data/frontal-cam/20-05-2024_15-17-30_p0023_s89_b2_RAW--ZED-RGB_FRONT.avi,2024-05-20 15:17:30
20-05-2024_15-29-35_p0023_s102_b2_RAW,23,102,Onde é a dor?,Dor no braço direito e esquerdo,20-05-2024_15-29-35,/srv/projects2/captarlibras_finep/dataset_captarlibras/raw-data/frontal-cam/20-05-2024_15-29-35_p0023_s102_b2_RAW--ZED-RGB_FRONT.avi,2024-05-20 15:29:35
20-05-2024_15-39-37_p0023_s117_b2_RAW,23,117,"Junto desse sintoma, você sente mais alguma coisa?",Sudorese,20-05-2024_15-39-37,/srv/projects2/captarlibras_finep/dataset_captarlibras/raw-data/frontal-cam/20-05-2024_15-39-37_p0023_s117_b2_RAW--ZED-RGB_FRONT.avi,2024-05-20 15:39:37
20-05-2024_15-48-23_p0023_s131_b2_RAW,23,131,Existe algum fator de piora?,Período menstrual,20-05-2024_15-48-23,/srv/projects2/captarlibras_finep/dataset_captarlibras/raw-data/frontal-cam/20-05-2024_15-48-23_p0023_s131_b2_RAW--ZED-RGB_FRONT.avi,2024-05-20 15:48:23
20-05-2024_15-48-49_p0023_s132_b2_RAW,23,132,Existe algum fator de piora?,Espirrar,20-05-2024_15-48-49,/srv/projects2/captarlibras_finep/dataset_captarlibras/raw-data/frontal-cam/20-05-2024_15-48-49_p0023_s132_b2_RAW--ZED-RGB_FRONT.avi,2024-05-20 15:48:49
20-05-2024_15-56-37_p0023_sP08.2_b2_RAW,23,P08.2,Tem algum fator de melhora?,Pergunta,20-05-2024_15-56-37,/srv/projects2/captarlibras_finep/dataset_captarlibras/raw-data/frontal-cam/20-05-2024_15-56-37_p0023_sP08.2_b2_RAW--ZED-RGB_FRONT.avi,2024-05-20 15:56:37
23-05-2024_14-37-36_p0035_sP09.1_b3_RAW,35,P09.1,A dor no peito ou falta de ar piora ao fazer esforço físico?,Pergunta,23-05-2024_14-37-36,/srv/projects2/captarlibras_finep/dataset_captarlibras/raw-data/frontal-cam/23-05-2024_14-37-36_p0035_sP09.1_b3_RAW--ZED-RGB_FRONT.avi,2024-05-23 14:37:36
23-05-2024_14-43-50_p0035_s162_b3_RAW,35,162,Piora ao tomar banho?,Piora ao tomar banho,23-05-2024_14-43-50,/srv/projects2/captarlibras_finep/dataset_captarlibras/raw-data/frontal-cam/23-05-2024_14-43-50_p0035_s162_b3_RAW--ZED-RGB_FRONT.avi,2024-05-23 14:43:50
23-05-2024_15-04-01_p0035_sP12_b3_RAW,35,P12,A dor tem uma localização fixa ou se espalha para algum lugar?,Pergunta,23-05-2024_15-04-01,/srv/projects2/captarlibras_finep/dataset_captarlibras/raw-data/frontal-cam/23-05-2024_15-04-01_p0035_sP12_b3_RAW--ZED-RGB_FRONT.avi,2024-05-23 15:04:01
23-05-2024_15-09-57_p0035_sP13.1_b3_RAW,35,P13.1,A dor piora quando aperta?,Pergunta,23-05-2024_15-09-57,/srv/projects2/captarlibras_finep/dataset_captarlibras/raw-data/frontal-cam/23-05-2024_15-09-57_p0035_sP13.1_b3_RAW--ZED-RGB_FRONT.avi,2024-05-23 15:09:57
23-05-2024_15-18-50_p0035_sP16_b3_RAW,35,P16,"Se não há espirro e tosse, sente ardor para urinar?",Pergunta,23-05-2024_15-18-50,/srv/projects2/captarlibras_finep/dataset_captarlibras/raw-data/frontal-cam/23-05-2024_15-18-50_p0035_sP16_b3_RAW--ZED-RGB_FRONT.avi,2024-05-23 15:18:50
24-05-2024_18-30-09_p0031_sP04_b2_RAW,31,P04,Qual é o tempo de duração?,Pergunta,24-05-2024_18-30-09,/srv/projects2/captarlibras_finep/dataset_captarlibras/raw-data/frontal-cam/24-05-2024_18-30-09_p0031_sP04_b2_RAW--ZED-RGB_FRONT.avi,2024-05-24 18:30:09
24-05-2024_18-32-48_p0031_sP05_b2_RAW,31,P05,Por que você procurou atendimento nesse momento? Houve piora do quadro?,Pergunta,24-05-2024_18-32-48,/srv/projects2/captarlibras_finep/dataset_captarlibras/raw-data/frontal-cam/24-05-2024_18-32-48_p0031_sP05_b2_RAW--ZED-RGB_FRONT.avi,2024-05-24 18:32:48
24-05-2024_18-35-36_p0031_s92_b2_RAW,31,92,Onde é a dor?,Dor na testa,24-05-2024_18-35-36,/srv/projects2/captarlibras_finep/dataset_captarlibras/raw-data/frontal-cam/24-05-2024_18-35-36_p0031_s92_b2_RAW--ZED-RGB_FRONT.avi,2024-05-24 18:35:36
24-05-2024_18-46-19_p0031_sP06.6_b2_RAW,31,P06.6,A dor é como se fosse um choque?,Pergunta,24-05-2024_18-46-19,/srv/projects2/captarlibras_finep/dataset_captarlibras/raw-data/frontal-cam/24-05-2024_18-46-19_p0031_sP06.6_b2_RAW--ZED-RGB_FRONT.avi,2024-05-24 18:46:19
24-05-2024_18-47-02_p0031_sP07_b2_RAW,31,P07,"Junto desse sintoma, você sente mais alguma coisa?",Pergunta,24-05-2024_18-47-02,/srv/projects2/captarlibras_finep/dataset_captarlibras/raw-data/frontal-cam/24-05-2024_18-47-02_p0031_sP07_b2_RAW--ZED-RGB_FRONT.avi,2024-05-24 18:47:02
24-05-2024_18-54-50_p0031_sP08.1_b2_RAW,31,P08.1,Existe algum fator de piora?,Pergunta,24-05-2024_18-54-50,/srv/projects2/captarlibras_finep/dataset_captarlibras/raw-data/frontal-cam/24-05-2024_18-54-50_p0031_sP08.1_b2_RAW--ZED-RGB_FRONT.avi,2024-05-24 18:54:50
24-05-2024_19-01-38_p0031_sP08.2_b2_RAW,31,P08.2,Tem algum fator de melhora?,Pergunta,24-05-2024_19-01-38,/srv/projects2/captarlibras_finep/dataset_captarlibras/raw-data/frontal-cam/24-05-2024_19-01-38_p0031_sP08.2_b2_RAW--ZED-RGB_FRONT.avi,2024-05-24 19:01:38
27-05-2024_15-06-51_p0032_sP09.1_b3_RAW,32,P09.1,A dor no peito ou falta de ar piora ao fazer esforço físico?,Pergunta,27-05-2024_15-06-51,/srv/projects2/captarlibras_finep/dataset_captarlibras/raw-data/frontal-cam/27-05-2024_15-06-51_p0032_sP09.1_b3_RAW--ZED-RGB_FRONT.avi,2024-05-27 15:06:51
27-05-2024_15-20-00_p0032_sP09.7_b3_RAW,32,P09.7,A dor no peito ou falta de ar melhorou com algum medicamento?,Pergunta,27-05-2024_15-20-00,/srv/projects2/captarlibras_finep/dataset_captarlibras/raw-data/frontal-cam/27-05-2024_15-20-00_p0032_sP09.7_b3_RAW--ZED-RGB_FRONT.avi,2024-05-27 15:20:00
27-05-2024_15-25-47_p0032_sP10_b3_RAW,32,P10,"De 1 a 10, sendo 1 uma dor muito fraca e 10 uma dor insuportável, qual é a intensidade da dor?",Pergunta,27-05-2024_15-25-47,/srv/projects2/captarlibras_finep/dataset_captarlibras/raw-data/frontal-cam/27-05-2024_15-25-47_p0032_sP10_b3_RAW--ZED-RGB_FRONT.avi,2024-05-27 15:25:47
27-05-2024_15-28-44_p0032_s170.2_b3_RAW,32,170.2,"De 1 a 10, sendo 1 uma dor muito fraca e 10 uma dor insuportável, qual é a intensidade da dor?",Dois,27-05-2024_15-28-44,/srv/projects2/captarlibras_finep/dataset_captarlibras/raw-data/frontal-cam/27-05-2024_15-28-44_p0032_s170.2_b3_RAW--ZED-RGB_FRONT.avi,2024-05-27 15:28:44
27-05-2024_15-32-03_p0032_sP11.1_b3_RAW,32,P11.1,Foi um episódio de dor ou mais episódios?,Pergunta,27-05-2024_15-32-03,/srv/projects2/captarlibras_finep/dataset_captarlibras/raw-data/frontal-cam/27-05-2024_15-32-03_p0032_sP11.1_b3_RAW--ZED-RGB_FRONT.avi,2024-05-27 15:32:03
27-05-2024_15-35-08_p0032_sP11.3_b3_RAW,32,P11.3,Quando foi o primeiro episódio?,Pergunta,27-05-2024_15-35-08,/srv/projects2/captarlibras_finep/dataset_captarlibras/raw-data/frontal-cam/27-05-2024_15-35-08_p0032_sP11.3_b3_RAW--ZED-RGB_FRONT.avi,2024-05-27 15:35:08
27-05-2024_15-35-46_p0032_s175_b3_RAW,32,175,Quando foi o primeiro episódio?,Duas semanas,27-05-2024_15-35-46,/srv/projects2/captarlibras_finep/dataset_captarlibras/raw-data/frontal-cam/27-05-2024_15-35-46_p0032_s175_b3_RAW--ZED-RGB_FRONT.avi,2024-05-27 15:35:46
27-05-2024_15-37-29_p0032_sP11.4_b3_RAW,32,P11.4,"Como foi a evolução da dor ao longo do tempo, aumentou ou diminuiu de intensidade?",Pergunta,27-05-2024_15-37-29,/srv/projects2/captarlibras_finep/dataset_captarlibras/raw-data/frontal-cam/27-05-2024_15-37-29_p0032_sP11.4_b3_RAW--ZED-RGB_FRONT.avi,2024-05-27 15:37:29
27-05-2024_15-41-00_p0032_sP12_b3_RAW,32,P12,A dor tem uma localização fixa ou se espalha para algum lugar?,Pergunta,27-05-2024_15-41-00,/srv/projects2/captarlibras_finep/dataset_captarlibras/raw-data/frontal-cam/27-05-2024_15-41-00_p0032_sP12_b3_RAW--ZED-RGB_FRONT.avi,2024-05-27 15:41:00
27-05-2024_15-43-33_p0032_s183_b3_RAW,32,183,A dor tem uma localização fixa ou se espalha para algum lugar?,A dor irradia para o ombro,27-05-2024_15-43-33,/srv/projects2/captarlibras_finep/dataset_captarlibras/raw-data/frontal-cam/27-05-2024_15-43-33_p0032_s183_b3_RAW--ZED-RGB_FRONT.avi,2024-05-27 15:43:33
27-05-2024_15-44-43_p0032_s185_b3_RAW,32,185,A dor tem uma localização fixa ou se espalha para algum lugar?,A dor irradia para a barriga,27-05-2024_15-44-43,/srv/projects2/captarlibras_finep/dataset_captarlibras/raw-data/frontal-cam/27-05-2024_15-44-43_p0032_s185_b3_RAW--ZED-RGB_FRONT.avi,2024-05-27 15:44:43
27-05-2024_15-47-19_p0032_s188_b3_RAW,32,188,A dor tem uma localização fixa ou se espalha para algum lugar?,A dor irradia para a coxa,27-05-2024_15-47-19,/srv/projects2/captarlibras_finep/dataset_captarlibras/raw-data/frontal-cam/27-05-2024_15-47-19_p0032_s188_b3_RAW--ZED-RGB_FRONT.avi,2024-05-27 15:47:19
27-05-2024_15-48-10_p0032_s189_b3_RAW,32,189,A dor tem uma localização fixa ou se espalha para algum lugar?,A dor irradia para a perna,27-05-2024_15-48-10,/srv/projects2/captarlibras_finep/dataset_captarlibras/raw-data/frontal-cam/27-05-2024_15-48-10_p0032_s189_b3_RAW--ZED-RGB_FRONT.avi,2024-05-27 15:48:10
27-05-2024_15-49-04_p0032_sP13.1_b3_RAW,32,P13.1,A dor piora quando aperta?,Pergunta,27-05-2024_15-49-04,/srv/projects2/captarlibras_finep/dataset_captarlibras/raw-data/frontal-cam/27-05-2024_15-49-04_p0032_sP13.1_b3_RAW--ZED-RGB_FRONT.avi,2024-05-27 15:49:04
27-05-2024_16-02-05_p0032_s202_b3_RAW,32,202,Qual cor é o catarro?,Catarro com raias de sangue,27-05-2024_16-02-05,/srv/projects2/captarlibras_finep/dataset_captarlibras/raw-data/frontal-cam/27-05-2024_16-02-05_p0032_s202_b3_RAW--ZED-RGB_FRONT.avi,2024-05-27 16:02:05
27-05-2024_16-02-33_p0032_sP16_b3_RAW,32,P16,"Se não há espirro e tosse, sente ardor para urinar?",Pergunta,27-05-2024_16-02-33,/srv/projects2/captarlibras_finep/dataset_captarlibras/raw-data/frontal-cam/27-05-2024_16-02-33_p0032_sP16_b3_RAW--ZED-RGB_FRONT.avi,2024-05-27 16:02:33
27-05-2024_16-08-52_p0032_s243_b3_RAW,32,243,Você trouxe receita médica?,Não trouxe receita médica,27-05-2024_16-08-52,/srv/projects2/captarlibras_finep/dataset_captarlibras/raw-data/frontal-cam/27-05-2024_16-08-52_p0032_s243_b3_RAW--ZED-RGB_FRONT.avi,2024-05-27 16:08:52
27-05-2024_16-10-04_p0032_s244_b3_RAW,32,244,Está usando algum medicamento?,Não uso medicamento,27-05-2024_16-10-04,/srv/projects2/captarlibras_finep/dataset_captarlibras/raw-data/frontal-cam/27-05-2024_16-10-04_p0032_s244_b3_RAW--ZED-RGB_FRONT.avi,2024-05-27 16:10:04
27-05-2024_16-29-23_p0032_sP01_b1_RAW,32,P01,O que você está sentindo que te fez procurar o hospital?,Pergunta,27-05-2024_16-29-23,/srv/projects2/captarlibras_finep/dataset_captarlibras/raw-data/frontal-cam/27-05-2024_16-29-23_p0032_sP01_b1_RAW--ZED-RGB_FRONT.avi,2024-05-27 16:29:23
27-05-2024_16-50-12_p0032_s45_b1_RAW,32,45,O que você está sentindo que te fez procurar o hospital?,Problemas nos olhos,27-05-2024_16-50-12,/srv/projects2/captarlibras_finep/dataset_captarlibras/raw-data/frontal-cam/27-05-2024_16-50-12_p0032_s45_b1_RAW--ZED-RGB_FRONT.avi,2024-05-27 16:50:12
27-05-2024_16-54-13_p0032_s55_b1_RAW,32,55,O que você está sentindo que te fez procurar o hospital?,Sangramento pelo nariz,27-05-2024_16-54-13,/srv/projects2/captarlibras_finep/dataset_captarlibras/raw-data/frontal-cam/27-05-2024_16-54-13_p0032_s55_b1_RAW--ZED-RGB_FRONT.avi,2024-05-27 16:54:13
27-05-2024_16-59-12_p0032_s67_b1_RAW,32,67,O que você está sentindo que te fez procurar o hospital?,Vômitos com sangue,27-05-2024_16-59-12,/srv/projects2/captarlibras_finep/dataset_captarlibras/raw-data/frontal-cam/27-05-2024_16-59-12_p0032_s67_b1_RAW--ZED-RGB_FRONT.avi,2024-05-27 16:59:12
27-05-2024_16-59-38_p0032_sP02_b1_RAW,32,P02,Quando começou?,Pergunta,27-05-2024_16-59-38,/srv/projects2/captarlibras_finep/dataset_captarlibras/raw-data/frontal-cam/27-05-2024_16-59-38_p0032_sP02_b1_RAW--ZED-RGB_FRONT.avi,2024-05-27 16:59:38
27-05-2024_17-01-42_p0032_sP03_b1_RAW,32,P03,Como começou? O que você estava fazendo?,Pergunta,27-05-2024_17-01-42,/srv/projects2/captarlibras_finep/dataset_captarlibras/raw-data/frontal-cam/27-05-2024_17-01-42_p0032_sP03_b1_RAW--ZED-RGB_FRONT.avi,2024-05-27 17:01:42
05-06-2024_09-43-45_p0036_sP18.2_b4_RAW,36,P18.2,Está com diarreia?,Pergunta,05-06-2024_09-43-45,/srv/projects2/captarlibras_finep/dataset_captarlibras/raw-data/frontal-cam/05-06-2024_09-43-45_p0036_sP18.2_b4_RAW--ZED-RGB_FRONT.avi,2024-06-05 09:43:45
05-06-2024_09-45-32_p0036_sP18.3_b4_RAW,36,P18.3,Como é a diarreia?,Pergunta,05-06-2024_09-45-32,/srv/projects2/captarlibras_finep/dataset_captarlibras/raw-data/frontal-cam/05-06-2024_09-45-32_p0036_sP18.3_b4_RAW--ZED-RGB_FRONT.avi,2024-06-05 09:45:32
05-06-2024_09-56-07_p0036_sP18.4_b4_RAW,36,P18.4,"Tem sangue, muco ou pus?",Pergunta,05-06-2024_09-56-07,/srv/projects2/captarlibras_finep/dataset_captarlibras/raw-data/frontal-cam/05-06-2024_09-56-07_p0036_sP18.4_b4_RAW--ZED-RGB_FRONT.avi,2024-06-05 09:56:07
05-06-2024_10-10-35_p0036_sP22.1_b4_RAW,36,P22.1,Você tem alguma alergia?,Pergunta,05-06-2024_10-10-35,/srv/projects2/captarlibras_finep/dataset_captarlibras/raw-data/frontal-cam/05-06-2024_10-10-35_p0036_sP22.1_b4_RAW--ZED-RGB_FRONT.avi,2024-06-05 10:10:35
05-06-2024_10-20-02_p0036_sP22.2_b4_RAW,36,P22.2,Tem alergia a algum medicamento?,Pergunta,05-06-2024_10-20-02,/srv/projects2/captarlibras_finep/dataset_captarlibras/raw-data/frontal-cam/05-06-2024_10-20-02_p0036_sP22.2_b4_RAW--ZED-RGB_FRONT.avi,2024-06-05 10:20:02
05-06-2024_10-31-18_p0036_sP24.3_b4_RAW,36,P24.3,Quantas bebidas?,Pergunta,05-06-2024_10-31-18,/srv/projects2/captarlibras_finep/dataset_captarlibras/raw-data/frontal-cam/05-06-2024_10-31-18_p0036_sP24.3_b4_RAW--ZED-RGB_FRONT.avi,2024-06-05 10:31:18
05-06-2024_10-35-05_p0036_s277_b4_RAW,36,277,Quantas bebidas?,Duas garrafas duas vezes por semana,05-06-2024_10-35-05,/srv/projects2/captarlibras_finep/dataset_captarlibras/raw-data/frontal-cam/05-06-2024_10-35-05_p0036_s277_b4_RAW--ZED-RGB_FRONT.avi,2024-06-05 10:35:05
05-06-2024_10-40-46_p0036_sP25.1_b4_RAW,36,P25.1,"Você fez alguma cirurgia? Se sim, qual?",Pergunta,05-06-2024_10-40-46,/srv/projects2/captarlibras_finep/dataset_captarlibras/raw-data/frontal-cam/05-06-2024_10-40-46_p0036_sP25.1_b4_RAW--ZED-RGB_FRONT.avi,2024-06-05 10:40:46
05-06-2024_15-01-08_p0037_sP18.2_b4_RAW,37,P18.2,Está com diarreia?,Pergunta,05-06-2024_15-01-08,/srv/projects2/captarlibras_finep/dataset_captarlibras/raw-data/frontal-cam/05-06-2024_15-01-08_p0037_sP18.2_b4_RAW--ZED-RGB_FRONT.avi,2024-06-05 15:01:08
05-06-2024_15-01-30_p0037_sP18.3_b4_RAW,37,P18.3,Como é a diarreia?,Pergunta,05-06-2024_15-01-30,/srv/projects2/captarlibras_finep/dataset_captarlibras/raw-data/frontal-cam/05-06-2024_15-01-30_p0037_sP18.3_b4_RAW--ZED-RGB_FRONT.avi,2024-06-05 15:01:30
05-06-2024_15-08-10_p0037_sP18.4_b4_RAW,37,P18.4,"Tem sangue, muco ou pus?",Pergunta,05-06-2024_15-08-10,/srv/projects2/captarlibras_finep/dataset_captarlibras/raw-data/frontal-cam/05-06-2024_15-08-10_p0037_sP18.4_b4_RAW--ZED-RGB_FRONT.avi,2024-06-05 15:08:10
05-06-2024_15-18-23_p0037_sP22.1_b4_RAW,37,P22.1,Você tem alguma alergia?,Pergunta,05-06-2024_15-18-23,/srv/projects2/captarlibras_finep/dataset_captarlibras/raw-data/frontal-cam/05-06-2024_15-18-23_p0037_sP22.1_b4_RAW--ZED-RGB_FRONT.avi,2024-06-05 15:18:23
05-06-2024_15-20-45_p0037_s248_b4_RAW,37,248,Você tem alguma alergia?,Tenho alergia a cachorro,05-06-2024_15-20-45,/srv/projects2/captarlibras_finep/dataset_captarlibras/raw-data/frontal-cam/05-06-2024_15-20-45_p0037_s248_b4_RAW--ZED-RGB_FRONT.avi,2024-06-05 15:20:45
05-06-2024_15-21-10_p0037_s249_b4_RAW,37,249,Você tem alguma alergia?,Tenho alergia a gato,05-06-2024_15-21-10,/srv/projects2/captarlibras_finep/dataset_captarlibras/raw-data/frontal-cam/05-06-2024_15-21-10_p0037_s249_b4_RAW--ZED-RGB_FRONT.avi,2024-06-05 15:21:10
05-06-2024_15-21-35_p0037_s250_b4_RAW,37,250,Você tem alguma alergia?,Tenho alergia a picada de insetos,05-06-2024_15-21-35,/srv/projects2/captarlibras_finep/dataset_captarlibras/raw-data/frontal-cam/05-06-2024_15-21-35_p0037_s250_b4_RAW--ZED-RGB_FRONT.avi,2024-06-05 15:21:35
05-06-2024_15-22-34_p0037_s252_b4_RAW,37,252,Você tem alguma alergia?,Tenho alergia a leite,05-06-2024_15-22-34,/srv/projects2/captarlibras_finep/dataset_captarlibras/raw-data/frontal-cam/05-06-2024_15-22-34_p0037_s252_b4_RAW--ZED-RGB_FRONT.avi,2024-06-05 15:22:34
05-06-2024_15-23-36_p0037_s253_b4_RAW,37,253,Você tem alguma alergia?,Tenho alergia a ovo,05-06-2024_15-23-36,/srv/projects2/captarlibras_finep/dataset_captarlibras/raw-data/frontal-cam/05-06-2024_15-23-36_p0037_s253_b4_RAW--ZED-RGB_FRONT.avi,2024-06-05 15:23:36
05-06-2024_15-26-21_p0037_sP22.2_b4_RAW,37,P22.2,Tem alergia a algum medicamento?,Pergunta,05-06-2024_15-26-21,/srv/projects2/captarlibras_finep/dataset_captarlibras/raw-data/frontal-cam/05-06-2024_15-26-21_p0037_sP22.2_b4_RAW--ZED-RGB_FRONT.avi,2024-06-05 15:26:21
05-06-2024_15-28-51_p0037_s259_b4_RAW,37,259,Você fuma?,Fumo sim,05-06-2024_15-28-51,/srv/projects2/captarlibras_finep/dataset_captarlibras/raw-data/frontal-cam/05-06-2024_15-28-51_p0037_s259_b4_RAW--ZED-RGB_FRONT.avi,2024-06-05 15:28:51
05-06-2024_15-29-43_p0037_sP23.2_b4_RAW,37,P23.2,Há quanto tempo?,Pergunta,05-06-2024_15-29-43,/srv/projects2/captarlibras_finep/dataset_captarlibras/raw-data/frontal-cam/05-06-2024_15-29-43_p0037_sP23.2_b4_RAW--ZED-RGB_FRONT.avi,2024-06-05 15:29:43
05-06-2024_15-31-58_p0037_sP24.1_b4_RAW,37,P24.1,Ingere bebida alcoólica?,Pergunta,05-06-2024_15-31-58,/srv/projects2/captarlibras_finep/dataset_captarlibras/raw-data/frontal-cam/05-06-2024_15-31-58_p0037_sP24.1_b4_RAW--ZED-RGB_FRONT.avi,2024-06-05 15:31:58
05-06-2024_15-39-03_p0037_s276_b4_RAW,37,276,Quantas bebidas?,Uma garrafa uma vez por semana,05-06-2024_15-39-03,/srv/projects2/captarlibras_finep/dataset_captarlibras/raw-data/frontal-cam/05-06-2024_15-39-03_p0037_s276_b4_RAW--ZED-RGB_FRONT.avi,2024-06-05 15:39:03
05-06-2024_15-42-59_p0037_s281_b4_RAW,37,281,Quantas bebidas?,Uma taça de vinho todos os dias,05-06-2024_15-42-59,/srv/projects2/captarlibras_finep/dataset_captarlibras/raw-data/frontal-cam/05-06-2024_15-42-59_p0037_s281_b4_RAW--ZED-RGB_FRONT.avi,2024-06-05 15:42:59
08-06-2024_09-17-42_p0031_s209_b4_RAW,31,209,Está enjoado ou com vômitos?,Não estou com vontade de vomitar,08-06-2024_09-17-42,/srv/projects2/captarlibras_finep/dataset_captarlibras/raw-data/frontal-cam/08-06-2024_09-17-42_p0031_s209_b4_RAW--ZED-RGB_FRONT.avi,2024-06-08 09:17:42
08-06-2024_09-19-02_p0031_sP18.2_b4_RAW,31,P18.2,Está com diarreia?,Pergunta,08-06-2024_09-19-02,/srv/projects2/captarlibras_finep/dataset_captarlibras/raw-data/frontal-cam/08-06-2024_09-19-02_p0031_sP18.2_b4_RAW--ZED-RGB_FRONT.avi,2024-06-08 09:19:02
08-06-2024_09-21-04_p0031_s211_b4_RAW,31,211,Como é a diarreia?,Semilíquida,08-06-2024_09-21-04,/srv/projects2/captarlibras_finep/dataset_captarlibras/raw-data/frontal-cam/08-06-2024_09-21-04_p0031_s211_b4_RAW--ZED-RGB_FRONT.avi,2024-06-08 09:21:04
08-06-2024_09-27-08_p0031_s221_b4_RAW,31,221,Como é a diarreia?,Com pus,08-06-2024_09-27-08,/srv/projects2/captarlibras_finep/dataset_captarlibras/raw-data/frontal-cam/08-06-2024_09-27-08_p0031_s221_b4_RAW--ZED-RGB_FRONT.avi,2024-06-08 09:27:08
08-06-2024_09-29-31_p0031_sP18.4_b4_RAW,31,P18.4,"Tem sangue, muco ou pus?",Pergunta,08-06-2024_09-29-31,/srv/projects2/captarlibras_finep/dataset_captarlibras/raw-data/frontal-cam/08-06-2024_09-29-31_p0031_sP18.4_b4_RAW--ZED-RGB_FRONT.avi,2024-06-08 09:29:31
08-06-2024_09-32-08_p0031_sP19.1_b4_RAW,31,P19.1,Você faz tratamento para alguma doença? Qual?,Pergunta,08-06-2024_09-32-08,/srv/projects2/captarlibras_finep/dataset_captarlibras/raw-data/frontal-cam/08-06-2024_09-32-08_p0031_sP19.1_b4_RAW--ZED-RGB_FRONT.avi,2024-06-08 09:32:08
08-06-2024_09-44-09_p0031_sP22.1_b4_RAW,31,P22.1,Você tem alguma alergia?,Pergunta,08-06-2024_09-44-09,/srv/projects2/captarlibras_finep/dataset_captarlibras/raw-data/frontal-cam/08-06-2024_09-44-09_p0031_sP22.1_b4_RAW--ZED-RGB_FRONT.avi,2024-06-08 09:44:09
08-06-2024_09-51-10_p0031_s254_b4_RAW,31,254,Você tem alguma alergia?,Tenho alergia a frutos do mar,08-06-2024_09-51-10,/srv/projects2/captarlibras_finep/dataset_captarlibras/raw-data/frontal-cam/08-06-2024_09-51-10_p0031_s254_b4_RAW--ZED-RGB_FRONT.avi,2024-06-08 09:51:10
08-06-2024_09-54-41_p0031_sP22.2_b4_RAW,31,P22.2,Tem alergia a algum medicamento?,Pergunta,08-06-2024_09-54-41,/srv/projects2/captarlibras_finep/dataset_captarlibras/raw-data/frontal-cam/08-06-2024_09-54-41_p0031_sP22.2_b4_RAW--ZED-RGB_FRONT.avi,2024-06-08 09:54:41
08-06-2024_10-00-00_p0031_sP24.1_b4_RAW,31,P24.1,Ingere bebida alcoólica?,Pergunta,08-06-2024_10-00-00,/srv/projects2/captarlibras_finep/dataset_captarlibras/raw-data/frontal-cam/08-06-2024_10-00-00_p0031_sP24.1_b4_RAW--ZED-RGB_FRONT.avi,2024-06-08 10:00:00
08-06-2024_10-04-29_p0031_sP24.3_b4_RAW,31,P24.3,Quantas bebidas?,Pergunta,08-06-2024_10-04-29,/srv/projects2/captarlibras_finep/dataset_captarlibras/raw-data/frontal-cam/08-06-2024_10-04-29_p0031_sP24.3_b4_RAW--ZED-RGB_FRONT.avi,2024-06-08 10:04:29
08-06-2024_10-06-19_p0031_s275_b4_RAW,31,275,Quantas bebidas?,Uma garrafa todo dia,08-06-2024_10-06-19,/srv/projects2/captarlibras_finep/dataset_captarlibras/raw-data/frontal-cam/08-06-2024_10-06-19_p0031_s275_b4_RAW--ZED-RGB_FRONT.avi,2024-06-08 10:06:19
08-06-2024_10-08-53_p0031_s279_b4_RAW,31,279,Quantas bebidas?,Duas doses duas vezes por semana,08-06-2024_10-08-53,/srv/projects2/captarlibras_finep/dataset_captarlibras/raw-data/frontal-cam/08-06-2024_10-08-53_p0031_s279_b4_RAW--ZED-RGB_FRONT.avi,2024-06-08 10:08:53
08-06-2024_10-09-51_p0031_s280_b4_RAW,31,280,Quantas bebidas?,Uma taça de vinho uma vez na semana,08-06-2024_10-09-51,/srv/projects2/captarlibras_finep/dataset_captarlibras/raw-data/frontal-cam/08-06-2024_10-09-51_p0031_s280_b4_RAW--ZED-RGB_FRONT.avi,2024-06-08 10:09:51
08-06-2024_10-12-27_p0031_sP25.1_b4_RAW,31,P25.1,"Você fez alguma cirurgia? Se sim, qual?",Pergunta,08-06-2024_10-12-27,/srv/projects2/captarlibras_finep/dataset_captarlibras/raw-data/frontal-cam/08-06-2024_10-12-27_p0031_sP25.1_b4_RAW--ZED-RGB_FRONT.avi,2024-06-08 10:12:27
08-06-2024_10-24-27_p0031_s16_b1_RAW,31,16,O que você está sentindo que te fez procurar o hospital?,Falta de ar,08-06-2024_10-24-27,/srv/projects2/captarlibras_finep/dataset_captarlibras/raw-data/frontal-cam/08-06-2024_10-24-27_p0031_s16_b1_RAW--ZED-RGB_FRONT.avi,2024-06-08 10:24:27
08-06-2024_10-35-09_p0031_s44_b1_RAW,31,44,O que você está sentindo que te fez procurar o hospital?,Pressão arterial alterada,08-06-2024_10-35-09,/srv/projects2/captarlibras_finep/dataset_captarlibras/raw-data/frontal-cam/08-06-2024_10-35-09_p0031_s44_b1_RAW--ZED-RGB_FRONT.avi,2024-06-08 10:35:09
08-06-2024_10-37-19_p0031_s50_b1_RAW,31,50,O que você está sentindo que te fez procurar o hospital?,Urinando muito,08-06-2024_10-37-19,/srv/projects2/captarlibras_finep/dataset_captarlibras/raw-data/frontal-cam/08-06-2024_10-37-19_p0031_s50_b1_RAW--ZED-RGB_FRONT.avi,2024-06-08 10:37:19
11-06-2024_13-52-11_p0035_sP04_b2_RAW,35,P04,Qual é o tempo de duração?,Pergunta,11-06-2024_13-52-11,/srv/projects2/captarlibras_finep/dataset_captarlibras/raw-data/frontal-cam/11-06-2024_13-52-11_p0035_sP04_b2_RAW--ZED-RGB_FRONT.avi,2024-06-11 13:52:11
11-06-2024_14-07-24_p0035_s104_b2_RAW,35,104,Onde é a dor?,Dor na perna direita e esquerda,11-06-2024_14-07-24,/srv/projects2/captarlibras_finep/dataset_captarlibras/raw-data/frontal-cam/11-06-2024_14-07-24_p0035_s104_b2_RAW--ZED-RGB_FRONT.avi,2024-06-11 14:07:24
11-06-2024_14-18-23_p0035_s118_b2_RAW,35,118,"Junto desse sintoma, você sente mais alguma coisa?",Lacrimejamento,11-06-2024_14-18-23,/srv/projects2/captarlibras_finep/dataset_captarlibras/raw-data/frontal-cam/11-06-2024_14-18-23_p0035_s118_b2_RAW--ZED-RGB_FRONT.avi,2024-06-11 14:18:23
11-06-2024_14-32-49_p0035_s146_b2_RAW,35,146,Tem algum fator de melhora?,Usar medicamento,11-06-2024_14-32-49,/srv/projects2/captarlibras_finep/dataset_captarlibras/raw-data/frontal-cam/11-06-2024_14-32-49_p0035_s146_b2_RAW--ZED-RGB_FRONT.avi,2024-06-11 14:32:49
12-06-2024_09-47-55_p0036_s94_b2_RAW,36,94,Onde é a dor?,Dor no ouvido direito e esquerdo,12-06-2024_09-47-55,/srv/projects2/captarlibras_finep/dataset_captarlibras/raw-data/frontal-cam/12-06-2024_09-47-55_p0036_s94_b2_RAW--ZED-RGB_FRONT.avi,2024-06-12 09:47:55
12-06-2024_16-19-52_p0038_sP10_b3_RAW,38,P10,"De 1 a 10, sendo 1 uma dor muito fraca e 10 uma dor insuportável, qual é a intensidade da dor?",Pergunta,12-06-2024_16-19-52,/srv/projects2/captarlibras_finep/dataset_captarlibras/raw-data/frontal-cam/12-06-2024_16-19-52_p0038_sP10_b3_RAW--ZED-RGB_FRONT.avi,2024-06-12 16:19:52
12-06-2024_16-32-52_p0038_sP11.3_b3_RAW,38,P11.3,Quando foi o primeiro episódio?,Pergunta,12-06-2024_16-32-52,/srv/projects2/captarlibras_finep/dataset_captarlibras/raw-data/frontal-cam/12-06-2024_16-32-52_p0038_sP11.3_b3_RAW--ZED-RGB_FRONT.avi,2024-06-12 16:32:52
12-06-2024_16-48-02_p0038_sP13.1_b3_RAW,38,P13.1,A dor piora quando aperta?,Pergunta,12-06-2024_16-48-02,/srv/projects2/captarlibras_finep/dataset_captarlibras/raw-data/frontal-cam/12-06-2024_16-48-02_p0038_sP13.1_b3_RAW--ZED-RGB_FRONT.avi,2024-06-12 16:48:02
12-06-2024_17-02-46_p0038_sP16_b3_RAW,38,P16,"Se não há espirro e tosse, sente ardor para urinar?",Pergunta,12-06-2024_17-02-46,/srv/projects2/captarlibras_finep/dataset_captarlibras/raw-data/frontal-cam/12-06-2024_17-02-46_p0038_sP16_b3_RAW--ZED-RGB_FRONT.avi,2024-06-12 17:02:46
17-06-2024_14-47-49_p0019_sP04_b2_RAW,19,P04,Qual é o tempo de duração?,Pergunta,17-06-2024_14-47-49,/srv/projects2/captarlibras_finep/dataset_captarlibras/raw-data/frontal-cam/17-06-2024_14-47-49_p0019_sP04_b2_RAW--ZED-RGB_FRONT.avi,2024-06-17 14:47:49
17-06-2024_14-51-33_p0019_sP05_b2_RAW,19,P05,Por que você procurou atendimento nesse momento? Houve piora do quadro?,Pergunta,17-06-2024_14-51-33,/srv/projects2/captarlibras_finep/dataset_captarlibras/raw-data/frontal-cam/17-06-2024_14-51-33_p0019_sP05_b2_RAW--ZED-RGB_FRONT.avi,2024-06-17 14:51:33
17-06-2024_15-02-14_p0019_sP06.2_b2_RAW,19,P06.2,Como é a dor? ,Pergunta,17-06-2024_15-02-14,/srv/projects2/captarlibras_finep/dataset_captarlibras/raw-data/frontal-cam/17-06-2024_15-02-14_p0019_sP06.2_b2_RAW--ZED-RGB_FRONT.avi,2024-06-17 15:02:14
17-06-2024_15-12-26_p0019_sP07_b2_RAW,19,P07,"Junto desse sintoma, você sente mais alguma coisa?",Pergunta,17-06-2024_15-12-26,/srv/projects2/captarlibras_finep/dataset_captarlibras/raw-data/frontal-cam/17-06-2024_15-12-26_p0019_sP07_b2_RAW--ZED-RGB_FRONT.avi,2024-06-17 15:12:26
17-06-2024_15-12-59_p0019_s117_b2_RAW,19,117,"Junto desse sintoma, você sente mais alguma coisa?",Sudorese,17-06-2024_15-12-59,/srv/projects2/captarlibras_finep/dataset_captarlibras/raw-data/frontal-cam/17-06-2024_15-12-59_p0019_s117_b2_RAW--ZED-RGB_FRONT.avi,2024-06-17 15:12:59
17-06-2024_15-13-24_p0019_s118_b2_RAW,19,118,"Junto desse sintoma, você sente mais alguma coisa?",Lacrimejamento,17-06-2024_15-13-24,/srv/projects2/captarlibras_finep/dataset_captarlibras/raw-data/frontal-cam/17-06-2024_15-13-24_p0019_s118_b2_RAW--ZED-RGB_FRONT.avi,2024-06-17 15:13:24
17-06-2024_15-20-31_p0019_s131_b2_RAW,19,131,Existe algum fator de piora?,Período menstrual,17-06-2024_15-20-31,/srv/projects2/captarlibras_finep/dataset_captarlibras/raw-data/frontal-cam/17-06-2024_15-20-31_p0019_s131_b2_RAW--ZED-RGB_FRONT.avi,2024-06-17 15:20:31
17-06-2024_15-27-07_p0019_sP08.2_b2_RAW,19,P08.2,Tem algum fator de melhora?,Pergunta,17-06-2024_15-27-07,/srv/projects2/captarlibras_finep/dataset_captarlibras/raw-data/frontal-cam/17-06-2024_15-27-07_p0019_sP08.2_b2_RAW--ZED-RGB_FRONT.avi,2024-06-17 15:27:07
18-06-2024_14-48-32_p0028_sP04_b2_RAW,28,P04,Qual é o tempo de duração?,Pergunta,18-06-2024_14-48-32,/srv/projects2/captarlibras_finep/dataset_captarlibras/raw-data/frontal-cam/18-06-2024_14-48-32_p0028_sP04_b2_RAW--ZED-RGB_FRONT.avi,2024-06-18 14:48:32
18-06-2024_14-53-34_p0028_sP05_b2_RAW,28,P05,Por que você procurou atendimento nesse momento? Houve piora do quadro?,Pergunta,18-06-2024_14-53-34,/srv/projects2/captarlibras_finep/dataset_captarlibras/raw-data/frontal-cam/18-06-2024_14-53-34_p0028_sP05_b2_RAW--ZED-RGB_FRONT.avi,2024-06-18 14:53:34
18-06-2024_15-03-01_p0028_s104_b2_RAW,28,104,Onde é a dor?,Dor na perna direita e esquerda,18-06-2024_15-03-01,/srv/projects2/captarlibras_finep/dataset_captarlibras/raw-data/frontal-cam/18-06-2024_15-03-01_p0028_s104_b2_RAW--ZED-RGB_FRONT.avi,2024-06-18 15:03:01
18-06-2024_15-12-23_p0028_s117_b2_RAW,28,117,"Junto desse sintoma, você sente mais alguma coisa?",Sudorese,18-06-2024_15-12-23,/srv/projects2/captarlibras_finep/dataset_captarlibras/raw-data/frontal-cam/18-06-2024_15-12-23_p0028_s117_b2_RAW--ZED-RGB_FRONT.avi,2024-06-18 15:12:23
18-06-2024_15-17-46_p0028_sP08.1_b2_RAW,28,P08.1,Existe algum fator de piora?,Pergunta,18-06-2024_15-17-46,/srv/projects2/captarlibras_finep/dataset_captarlibras/raw-data/frontal-cam/18-06-2024_15-17-46_p0028_sP08.1_b2_RAW--ZED-RGB_FRONT.avi,2024-06-18 15:17:46
18-06-2024_15-30-28_p0028_sP08.2_b2_RAW,28,P08.2,Tem algum fator de melhora?,Pergunta,18-06-2024_15-30-28,/srv/projects2/captarlibras_finep/dataset_captarlibras/raw-data/frontal-cam/18-06-2024_15-30-28_p0028_sP08.2_b2_RAW--ZED-RGB_FRONT.avi,2024-06-18 15:30:28
18-06-2024_16-06-51_p0028_s209_b4_RAW,28,209,Está enjoado ou com vômitos?,Não estou com vontade de vomitar,18-06-2024_16-06-51,/srv/projects2/captarlibras_finep/dataset_captarlibras/raw-data/frontal-cam/18-06-2024_16-06-51_p0028_s209_b4_RAW--ZED-RGB_FRONT.avi,2024-06-18 16:06:51
18-06-2024_16-07-23_p0028_sP18.2_b4_RAW,28,P18.2,Está com diarreia?,Pergunta,18-06-2024_16-07-23,/srv/projects2/captarlibras_finep/dataset_captarlibras/raw-data/frontal-cam/18-06-2024_16-07-23_p0028_sP18.2_b4_RAW--ZED-RGB_FRONT.avi,2024-06-18 16:07:23
18-06-2024_16-08-03_p0028_sP18.3_b4_RAW,28,P18.3,Como é a diarreia?,Pergunta,18-06-2024_16-08-03,/srv/projects2/captarlibras_finep/dataset_captarlibras/raw-data/frontal-cam/18-06-2024_16-08-03_p0028_sP18.3_b4_RAW--ZED-RGB_FRONT.avi,2024-06-18 16:08:03
18-06-2024_16-10-32_p0028_s214_b4_RAW,28,214,Como é a diarreia?,Brilhante,18-06-2024_16-10-32,/srv/projects2/captarlibras_finep/dataset_captarlibras/raw-data/frontal-cam/18-06-2024_16-10-32_p0028_s214_b4_RAW--ZED-RGB_FRONT.avi,2024-06-18 16:10:32
18-06-2024_16-10-55_p0028_s215_b4_RAW,28,215,Como é a diarreia?,Espumosa,18-06-2024_16-10-55,/srv/projects2/captarlibras_finep/dataset_captarlibras/raw-data/frontal-cam/18-06-2024_16-10-55_p0028_s215_b4_RAW--ZED-RGB_FRONT.avi,2024-06-18 16:10:55
18-06-2024_16-12-20_p0028_s219_b4_RAW,28,219,Como é a diarreia?,Com resto de comida,18-06-2024_16-12-20,/srv/projects2/captarlibras_finep/dataset_captarlibras/raw-data/frontal-cam/18-06-2024_16-12-20_p0028_s219_b4_RAW--ZED-RGB_FRONT.avi,2024-06-18 16:12:20
18-06-2024_16-14-02_p0028_s221_b4_RAW,28,221,Como é a diarreia?,Com pus,18-06-2024_16-14-02,/srv/projects2/captarlibras_finep/dataset_captarlibras/raw-data/frontal-cam/18-06-2024_16-14-02_p0028_s221_b4_RAW--ZED-RGB_FRONT.avi,2024-06-18 16:14:02
18-06-2024_16-17-55_p0028_sP18.4_b4_RAW,28,P18.4,"Tem sangue, muco ou pus?",Pergunta,18-06-2024_16-17-55,/srv/projects2/captarlibras_finep/dataset_captarlibras/raw-data/frontal-cam/18-06-2024_16-17-55_p0028_sP18.4_b4_RAW--ZED-RGB_FRONT.avi,2024-06-18 16:17:55
18-06-2024_16-36-03_p0028_s247_b4_RAW,28,247,Você tem alguma alergia?,Tenho alergia a pólen,18-06-2024_16-36-03,/srv/projects2/captarlibras_finep/dataset_captarlibras/raw-data/frontal-cam/18-06-2024_16-36-03_p0028_s247_b4_RAW--ZED-RGB_FRONT.avi,2024-06-18 16:36:03
18-06-2024_16-37-45_p0028_s250_b4_RAW,28,250,Você tem alguma alergia?,Tenho alergia a picada de insetos,18-06-2024_16-37-45,/srv/projects2/captarlibras_finep/dataset_captarlibras/raw-data/frontal-cam/18-06-2024_16-37-45_p0028_s250_b4_RAW--ZED-RGB_FRONT.avi,2024-06-18 16:37:45
18-06-2024_16-42-46_p0028_sP22.2_b4_RAW,28,P22.2,Tem alergia a algum medicamento?,Pergunta,18-06-2024_16-42-46,/srv/projects2/captarlibras_finep/dataset_captarlibras/raw-data/frontal-cam/18-06-2024_16-42-46_p0028_sP22.2_b4_RAW--ZED-RGB_FRONT.avi,2024-06-18 16:42:46
18-06-2024_16-43-20_p0028_s257_b4_RAW,28,257,Tem alergia a algum medicamento?,Não tenho alergia a nenhum medicamento,18-06-2024_16-43-20,/srv/projects2/captarlibras_finep/dataset_captarlibras/raw-data/frontal-cam/18-06-2024_16-43-20_p0028_s257_b4_RAW--ZED-RGB_FRONT.avi,2024-06-18 16:43:20
18-06-2024_16-46-23_p0028_s262_b4_RAW,28,262,Há quanto tempo?,Dois anos,18-06-2024_16-46-23,/srv/projects2/captarlibras_finep/dataset_captarlibras/raw-data/frontal-cam/18-06-2024_16-46-23_p0028_s262_b4_RAW--ZED-RGB_FRONT.avi,2024-06-18 16:46:23
18-06-2024_16-48-33_p0028_sP24.1_b4_RAW,28,P24.1,Ingere bebida alcoólica?,Pergunta,18-06-2024_16-48-33,/srv/projects2/captarlibras_finep/dataset_captarlibras/raw-data/frontal-cam/18-06-2024_16-48-33_p0028_sP24.1_b4_RAW--ZED-RGB_FRONT.avi,2024-06-18 16:48:33
18-06-2024_16-49-52_p0028_sP24.2_b4_RAW,28,P24.2,Quais bebidas?,Pergunta,18-06-2024_16-49-52,/srv/projects2/captarlibras_finep/dataset_captarlibras/raw-data/frontal-cam/18-06-2024_16-49-52_p0028_sP24.2_b4_RAW--ZED-RGB_FRONT.avi,2024-06-18 16:49:52
18-06-2024_16-53-58_p0028_sP24.3_b4_RAW,28,P24.3,Quantas bebidas?,Pergunta,18-06-2024_16-53-58,/srv/projects2/captarlibras_finep/dataset_captarlibras/raw-data/frontal-cam/18-06-2024_16-53-58_p0028_sP24.3_b4_RAW--ZED-RGB_FRONT.avi,2024-06-18 16:53:58
18-06-2024_16-54-15_p0028_s272_b4_RAW,28,272,Quantas bebidas?,Uma lata todo dia,18-06-2024_16-54-15,/srv/projects2/captarlibras_finep/dataset_captarlibras/raw-data/frontal-cam/18-06-2024_16-54-15_p0028_s272_b4_RAW--ZED-RGB_FRONT.avi,2024-06-18 16:54:15
18-06-2024_16-55-54_p0028_s275_b4_RAW,28,275,Quantas bebidas?,Uma garrafa todo dia,18-06-2024_16-55-54,/srv/projects2/captarlibras_finep/dataset_captarlibras/raw-data/frontal-cam/18-06-2024_16-55-54_p0028_s275_b4_RAW--ZED-RGB_FRONT.avi,2024-06-18 16:55:54
18-06-2024_16-56-14_p0028_s276_b4_RAW,28,276,Quantas bebidas?,Uma garrafa uma vez por semana,18-06-2024_16-56-14,/srv/projects2/captarlibras_finep/dataset_captarlibras/raw-data/frontal-cam/18-06-2024_16-56-14_p0028_s276_b4_RAW--ZED-RGB_FRONT.avi,2024-06-18 16:56:14
18-06-2024_16-57-00_p0028_s278_b4_RAW,28,278,Quantas bebidas?,Uma dose todos os dias,18-06-2024_16-57-00,/srv/projects2/captarlibras_finep/dataset_captarlibras/raw-data/frontal-cam/18-06-2024_16-57-00_p0028_s278_b4_RAW--ZED-RGB_FRONT.avi,2024-06-18 16:57:00
18-06-2024_16-57-33_p0028_s279_b4_RAW,28,279,Quantas bebidas?,Duas doses duas vezes por semana,18-06-2024_16-57-33,/srv/projects2/captarlibras_finep/dataset_captarlibras/raw-data/frontal-cam/18-06-2024_16-57-33_p0028_s279_b4_RAW--ZED-RGB_FRONT.avi,2024-06-18 16:57:33
18-06-2024_17-00-59_p0028_sP25.1_b4_RAW,28,P25.1,"Você fez alguma cirurgia? Se sim, qual?",Pergunta,18-06-2024_17-00-59,/srv/projects2/captarlibras_finep/dataset_captarlibras/raw-data/frontal-cam/18-06-2024_17-00-59_p0028_sP25.1_b4_RAW--ZED-RGB_FRONT.avi,2024-06-18 17:00:59
19-06-2024_09-47-54_p0036_sP01_b1_RAW,36,P01,O que você está sentindo que te fez procurar o hospital?,Pergunta,19-06-2024_09-47-54,/srv/projects2/captarlibras_finep/dataset_captarlibras/raw-data/frontal-cam/19-06-2024_09-47-54_p0036_sP01_b1_RAW--ZED-RGB_FRONT.avi,2024-06-19 09:47:54
19-06-2024_10-23-16_p0036_sP02_b1_RAW,36,P02,Quando começou?,Pergunta,19-06-2024_10-23-16,/srv/projects2/captarlibras_finep/dataset_captarlibras/raw-data/frontal-cam/19-06-2024_10-23-16_p0036_sP02_b1_RAW--ZED-RGB_FRONT.avi,2024-06-19 10:23:16
19-06-2024_10-26-20_p0036_sP03_b1_RAW,36,P03,Como começou? O que você estava fazendo?,Pergunta,19-06-2024_10-26-20,/srv/projects2/captarlibras_finep/dataset_captarlibras/raw-data/frontal-cam/19-06-2024_10-26-20_p0036_sP03_b1_RAW--ZED-RGB_FRONT.avi,2024-06-19 10:26:20
19-06-2024_10-37-01_p0036_sP09.1_b3_RAW,36,P09.1,A dor no peito ou falta de ar piora ao fazer esforço físico?,Pergunta,19-06-2024_10-37-01,/srv/projects2/captarlibras_finep/dataset_captarlibras/raw-data/frontal-cam/19-06-2024_10-37-01_p0036_sP09.1_b3_RAW--ZED-RGB_FRONT.avi,2024-06-19 10:37:01
19-06-2024_10-46-58_p0036_sP09.7_b3_RAW,36,P09.7,A dor no peito ou falta de ar melhorou com algum medicamento?,Pergunta,19-06-2024_10-46-58,/srv/projects2/captarlibras_finep/dataset_captarlibras/raw-data/frontal-cam/19-06-2024_10-46-58_p0036_sP09.7_b3_RAW--ZED-RGB_FRONT.avi,2024-06-19 10:46:58
19-06-2024_10-50-39_p0036_sP10_b3_RAW,36,P10,"De 1 a 10, sendo 1 uma dor muito fraca e 10 uma dor insuportável, qual é a intensidade da dor?",Pergunta,19-06-2024_10-50-39,/srv/projects2/captarlibras_finep/dataset_captarlibras/raw-data/frontal-cam/19-06-2024_10-50-39_p0036_sP10_b3_RAW--ZED-RGB_FRONT.avi,2024-06-19 10:50:39
19-06-2024_11-04-57_p0036_sP12_b3_RAW,36,P12,A dor tem uma localização fixa ou se espalha para algum lugar?,Pergunta,19-06-2024_11-04-57,/srv/projects2/captarlibras_finep/dataset_captarlibras/raw-data/frontal-cam/19-06-2024_11-04-57_p0036_sP12_b3_RAW--ZED-RGB_FRONT.avi,2024-06-19 11:04:57
19-06-2024_11-10-48_p0036_s188_b3_RAW,36,188,A dor tem uma localização fixa ou se espalha para algum lugar?,A dor irradia para a coxa,19-06-2024_11-10-48,/srv/projects2/captarlibras_finep/dataset_captarlibras/raw-data/frontal-cam/19-06-2024_11-10-48_p0036_s188_b3_RAW--ZED-RGB_FRONT.avi,2024-06-19 11:10:48
19-06-2024_11-12-15_p0036_s188_b3_RAW,36,188,A dor tem uma localização fixa ou se espalha para algum lugar?,A dor irradia para a coxa,19-06-2024_11-12-15,/srv/projects2/captarlibras_finep/dataset_captarlibras/raw-data/frontal-cam/19-06-2024_11-12-15_p0036_s188_b3_RAW--ZED-RGB_FRONT.avi,2024-06-19 11:12:15
19-06-2024_11-12-39_p0036_s189_b3_RAW,36,189,A dor tem uma localização fixa ou se espalha para algum lugar?,A dor irradia para a perna,19-06-2024_11-12-39,/srv/projects2/captarlibras_finep/dataset_captarlibras/raw-data/frontal-cam/19-06-2024_11-12-39_p0036_s189_b3_RAW--ZED-RGB_FRONT.avi,2024-06-19 11:12:39
19-06-2024_11-13-08_p0036_sP13.1_b3_RAW,36,P13.1,A dor piora quando aperta?,Pergunta,19-06-2024_11-13-08,/srv/projects2/captarlibras_finep/dataset_captarlibras/raw-data/frontal-cam/19-06-2024_11-13-08_p0036_sP13.1_b3_RAW--ZED-RGB_FRONT.avi,2024-06-19 11:13:08
19-06-2024_11-18-59_p0036_sP15.3_b3_RAW,36,P15.3,Tosse é com ou sem catarro?,Pergunta,19-06-2024_11-18-59,/srv/projects2/captarlibras_finep/dataset_captarlibras/raw-data/frontal-cam/19-06-2024_11-18-59_p0036_sP15.3_b3_RAW--ZED-RGB_FRONT.avi,2024-06-19 11:18:59
19-06-2024_11-25-20_p0036_sP16_b3_RAW,36,P16,"Se não há espirro e tosse, sente ardor para urinar?",Pergunta,19-06-2024_11-25-20,/srv/projects2/captarlibras_finep/dataset_captarlibras/raw-data/frontal-cam/19-06-2024_11-25-20_p0036_sP16_b3_RAW--ZED-RGB_FRONT.avi,2024-06-19 11:25:20
19-06-2024_11-30-53_p0036_sP20_b3_RAW,36,P20,Você trouxe algum relatório médico?,Pergunta,19-06-2024_11-30-53,/srv/projects2/captarlibras_finep/dataset_captarlibras/raw-data/frontal-cam/19-06-2024_11-30-53_p0036_sP20_b3_RAW--ZED-RGB_FRONT.avi,2024-06-19 11:30:53
19-06-2024_15-09-24_p0023_s166_b3_RAW,23,166,Piora ao subir escada?,Piora ao subir escada,19-06-2024_15-09-24,/srv/projects2/captarlibras_finep/dataset_captarlibras/raw-data/frontal-cam/19-06-2024_15-09-24_p0023_s166_b3_RAW--ZED-RGB_FRONT.avi,2024-06-19 15:09:24
19-06-2024_15-12-23_p0023_sP10_b3_RAW,23,P10,"De 1 a 10, sendo 1 uma dor muito fraca e 10 uma dor insuportável, qual é a intensidade da dor?",Pergunta,19-06-2024_15-12-23,/srv/projects2/captarlibras_finep/dataset_captarlibras/raw-data/frontal-cam/19-06-2024_15-12-23_p0023_sP10_b3_RAW--ZED-RGB_FRONT.avi,2024-06-19 15:12:23
19-06-2024_15-32-37_p0023_s186_b3_RAW,23,186,A dor tem uma localização fixa ou se espalha para algum lugar?,A dor irradia para as costas,19-06-2024_15-32-37,/srv/projects2/captarlibras_finep/dataset_captarlibras/raw-data/frontal-cam/19-06-2024_15-32-37_p0023_s186_b3_RAW--ZED-RGB_FRONT.avi,2024-06-19 15:32:37
19-06-2024_15-43-19_p0023_sP15.3_b3_RAW,23,P15.3,Tosse é com ou sem catarro?,Pergunta,19-06-2024_15-43-19,/srv/projects2/captarlibras_finep/dataset_captarlibras/raw-data/frontal-cam/19-06-2024_15-43-19_p0023_sP15.3_b3_RAW--ZED-RGB_FRONT.avi,2024-06-19 15:43:19
19-06-2024_15-47-38_p0023_sP16_b3_RAW,23,P16,"Se não há espirro e tosse, sente ardor para urinar?",Pergunta,19-06-2024_15-47-38,/srv/projects2/captarlibras_finep/dataset_captarlibras/raw-data/frontal-cam/19-06-2024_15-47-38_p0023_sP16_b3_RAW--ZED-RGB_FRONT.avi,2024-06-19 15:47:38
19-06-2024_15-50-49_p0023_s203_b3_RAW,23,203,Você vacinou para covid-19?,Não vacinei pra covid-19,19-06-2024_15-50-49,/srv/projects2/captarlibras_finep/dataset_captarlibras/raw-data/frontal-cam/19-06-2024_15-50-49_p0023_s203_b3_RAW--ZED-RGB_FRONT.avi,2024-06-19 15:50:49
19-06-2024_15-59-18_p0023_s244_b3_RAW,23,244,Está usando algum medicamento?,Não uso medicamento,19-06-2024_15-59-18,/srv/projects2/captarlibras_finep/dataset_captarlibras/raw-data/frontal-cam/19-06-2024_15-59-18_p0023_s244_b3_RAW--ZED-RGB_FRONT.avi,2024-06-19 15:59:18
19-06-2024_16-24-02_p0023_s16_b1_RAW,23,16,O que você está sentindo que te fez procurar o hospital?,Falta de ar,19-06-2024_16-24-02,/srv/projects2/captarlibras_finep/dataset_captarlibras/raw-data/frontal-cam/19-06-2024_16-24-02_p0023_s16_b1_RAW--ZED-RGB_FRONT.avi,2024-06-19 16:24:02
19-06-2024_16-42-15_p0023_s58_b1_RAW,23,58,O que você está sentindo que te fez procurar o hospital?,Trauma físico,19-06-2024_16-42-15,/srv/projects2/captarlibras_finep/dataset_captarlibras/raw-data/frontal-cam/19-06-2024_16-42-15_p0023_s58_b1_RAW--ZED-RGB_FRONT.avi,2024-06-19 16:42:15
19-06-2024_16-49-02_p0023_sP03_b1_RAW,23,P03,Como começou? O que você estava fazendo?,Pergunta,19-06-2024_16-49-02,/srv/projects2/captarlibras_finep/dataset_captarlibras/raw-data/frontal-cam/19-06-2024_16-49-02_p0023_sP03_b1_RAW--ZED-RGB_FRONT.avi,2024-06-19 16:49:02
28-06-2024_14-26-00_p0035_s53_b1_RAW,35,53,O que você está sentindo que te fez procurar o hospital?,Sangue na urina,28-06-2024_14-26-00,/srv/projects2/captarlibras_finep/dataset_captarlibras/raw-data/frontal-cam/28-06-2024_14-26-00_p0035_s53_b1_RAW--ZED-RGB_FRONT.avi,2024-06-28 14:26:00
28-06-2024_14-29-41_p0035_s58_b1_RAW,35,58,O que você está sentindo que te fez procurar o hospital?,Trauma físico,28-06-2024_14-29-41,/srv/projects2/captarlibras_finep/dataset_captarlibras/raw-data/frontal-cam/28-06-2024_14-29-41_p0035_s58_b1_RAW--ZED-RGB_FRONT.avi,2024-06-28 14:29:41
28-06-2024_14-37-12_p0035_sP03_b1_RAW,35,P03,Como começou? O que você estava fazendo?,Pergunta,28-06-2024_14-37-12,/srv/projects2/captarlibras_finep/dataset_captarlibras/raw-data/frontal-cam/28-06-2024_14-37-12_p0035_sP03_b1_RAW--ZED-RGB_FRONT.avi,2024-06-28 14:37:12
28-06-2024_15-05-04_p0035_sP18.2_b4_RAW,35,P18.2,Está com diarreia?,Pergunta,28-06-2024_15-05-04,/srv/projects2/captarlibras_finep/dataset_captarlibras/raw-data/frontal-cam/28-06-2024_15-05-04_p0035_sP18.2_b4_RAW--ZED-RGB_FRONT.avi,2024-06-28 15:05:04
28-06-2024_15-10-37_p0035_s219_b4_RAW,35,219,Como é a diarreia?,Com resto de comida,28-06-2024_15-10-37,/srv/projects2/captarlibras_finep/dataset_captarlibras/raw-data/frontal-cam/28-06-2024_15-10-37_p0035_s219_b4_RAW--ZED-RGB_FRONT.avi,2024-06-28 15:10:37
28-06-2024_15-12-09_p0035_sP18.4_b4_RAW,35,P18.4,"Tem sangue, muco ou pus?",Pergunta,28-06-2024_15-12-09,/srv/projects2/captarlibras_finep/dataset_captarlibras/raw-data/frontal-cam/28-06-2024_15-12-09_p0035_sP18.4_b4_RAW--ZED-RGB_FRONT.avi,2024-06-28 15:12:09
28-06-2024_15-36-03_p0035_sP22.2_b4_RAW,35,P22.2,Tem alergia a algum medicamento?,Pergunta,28-06-2024_15-36-03,/srv/projects2/captarlibras_finep/dataset_captarlibras/raw-data/frontal-cam/28-06-2024_15-36-03_p0035_sP22.2_b4_RAW--ZED-RGB_FRONT.avi,2024-06-28 15:36:03
28-06-2024_15-40-43_p0035_sP24.1_b4_RAW,35,P24.1,Ingere bebida alcoólica?,Pergunta,28-06-2024_15-40-43,/srv/projects2/captarlibras_finep/dataset_captarlibras/raw-data/frontal-cam/28-06-2024_15-40-43_p0035_sP24.1_b4_RAW--ZED-RGB_FRONT.avi,2024-06-28 15:40:43
28-06-2024_15-46-22_p0035_s275_b4_RAW,35,275,Quantas bebidas?,Uma garrafa todo dia,28-06-2024_15-46-22,/srv/projects2/captarlibras_finep/dataset_captarlibras/raw-data/frontal-cam/28-06-2024_15-46-22_p0035_s275_b4_RAW--ZED-RGB_FRONT.avi,2024-06-28 15:46:22
28-06-2024_15-48-04_p0035_s279_b4_RAW,35,279,Quantas bebidas?,Duas doses duas vezes por semana,28-06-2024_15-48-04,/srv/projects2/captarlibras_finep/dataset_captarlibras/raw-data/frontal-cam/28-06-2024_15-48-04_p0035_s279_b4_RAW--ZED-RGB_FRONT.avi,2024-06-28 15:48:04
28-06-2024_15-52-00_p0035_sP25.1_b4_RAW,35,P25.1,"Você fez alguma cirurgia? Se sim, qual?",Pergunta,28-06-2024_15-52-00,/srv/projects2/captarlibras_finep/dataset_captarlibras/raw-data/frontal-cam/28-06-2024_15-52-00_p0035_sP25.1_b4_RAW--ZED-RGB_FRONT.avi,2024-06-28 15:52:00
04-07-2024_15-10-08_p0039_sP10_b3_RAW,39,P10,"De 1 a 10, sendo 1 uma dor muito fraca e 10 uma dor insuportável, qual é a intensidade da dor?",Pergunta,04-07-2024_15-10-08,/srv/projects2/captarlibras_finep/dataset_captarlibras/raw-data/frontal-cam/04-07-2024_15-10-08_p0039_sP10_b3_RAW--ZED-RGB_FRONT.avi,2024-07-04 15:10:08
04-07-2024_15-17-43_p0039_s171_b3_RAW,39,171,Foi um episódio de dor ou mais episódios?,Foi uma vez,04-07-2024_15-17-43,/srv/projects2/captarlibras_finep/dataset_captarlibras/raw-data/frontal-cam/04-07-2024_15-17-43_p0039_s171_b3_RAW--ZED-RGB_FRONT.avi,2024-07-04 15:17:43
04-07-2024_15-39-13_p0039_sP13.1_b3_RAW,39,P13.1,A dor piora quando aperta?,Pergunta,04-07-2024_15-39-13,/srv/projects2/captarlibras_finep/dataset_captarlibras/raw-data/frontal-cam/04-07-2024_15-39-13_p0039_sP13.1_b3_RAW--ZED-RGB_FRONT.avi,2024-07-04 15:39:13
04-07-2024_15-40-18_p0039_s191_b3_RAW,39,191,A dor piora quando aperta?,Não piora quando aperta,04-07-2024_15-40-18,/srv/projects2/captarlibras_finep/dataset_captarlibras/raw-data/frontal-cam/04-07-2024_15-40-18_p0039_s191_b3_RAW--ZED-RGB_FRONT.avi,2024-07-04 15:40:18
04-07-2024_15-59-17_p0039_sP15.3_b3_RAW,39,P15.3,Tosse é com ou sem catarro?,Pergunta,04-07-2024_15-59-17,/srv/projects2/captarlibras_finep/dataset_captarlibras/raw-data/frontal-cam/04-07-2024_15-59-17_p0039_sP15.3_b3_RAW--ZED-RGB_FRONT.avi,2024-07-04 15:59:17
04-07-2024_16-06-17_p0039_sP16_b3_RAW,39,P16,"Se não há espirro e tosse, sente ardor para urinar?",Pergunta,04-07-2024_16-06-17,/srv/projects2/captarlibras_finep/dataset_captarlibras/raw-data/frontal-cam/04-07-2024_16-06-17_p0039_sP16_b3_RAW--ZED-RGB_FRONT.avi,2024-07-04 16:06:17
04-07-2024_16-06-51_p0039_sP17.1_b3_RAW,39,P17.1,Você vacinou para covid-19?,Pergunta,04-07-2024_16-06-51,/srv/projects2/captarlibras_finep/dataset_captarlibras/raw-data/frontal-cam/04-07-2024_16-06-51_p0039_sP17.1_b3_RAW--ZED-RGB_FRONT.avi,2024-07-04 16:06:51
04-07-2024_16-11-23_p0039_sP20_b3_RAW,39,P20,Você trouxe algum relatório médico?,Pergunta,04-07-2024_16-11-23,/srv/projects2/captarlibras_finep/dataset_captarlibras/raw-data/frontal-cam/04-07-2024_16-11-23_p0039_sP20_b3_RAW--ZED-RGB_FRONT.avi,2024-07-04 16:11:23
04-07-2024_16-14-20_p0039_s242_b3_RAW,39,242,Está usando algum medicamento?,Uso medicamento,04-07-2024_16-14-20,/srv/projects2/captarlibras_finep/dataset_captarlibras/raw-data/frontal-cam/04-07-2024_16-14-20_p0039_s242_b3_RAW--ZED-RGB_FRONT.avi,2024-07-04 16:14:20
08-07-2024_11-46-36_p0040_sP18.2_b4_RAW,40,P18.2,Está com diarreia?,Pergunta,08-07-2024_11-46-36,/srv/projects2/captarlibras_finep/dataset_captarlibras/raw-data/frontal-cam/08-07-2024_11-46-36_p0040_sP18.2_b4_RAW--ZED-RGB_FRONT.avi,2024-07-08 11:46:36
08-07-2024_11-49-18_p0040_s214_b4_RAW,40,214,Como é a diarreia?,Brilhante,08-07-2024_11-49-18,/srv/projects2/captarlibras_finep/dataset_captarlibras/raw-data/frontal-cam/08-07-2024_11-49-18_p0040_s214_b4_RAW--ZED-RGB_FRONT.avi,2024-07-08 11:49:18
08-07-2024_11-52-28_p0040_sP18.4_b4_RAW,40,P18.4,"Tem sangue, muco ou pus?",Pergunta,08-07-2024_11-52-28,/srv/projects2/captarlibras_finep/dataset_captarlibras/raw-data/frontal-cam/08-07-2024_11-52-28_p0040_sP18.4_b4_RAW--ZED-RGB_FRONT.avi,2024-07-08 11:52:28
08-07-2024_11-54-45_p0040_sP18.4_b4_RAW,40,P18.4,"Tem sangue, muco ou pus?",Pergunta,08-07-2024_11-54-45,/srv/projects2/captarlibras_finep/dataset_captarlibras/raw-data/frontal-cam/08-07-2024_11-54-45_p0040_sP18.4_b4_RAW--ZED-RGB_FRONT.avi,2024-07-08 11:54:45
08-07-2024_12-05-52_p0040_sP22.1_b4_RAW,40,P22.1,Você tem alguma alergia?,Pergunta,08-07-2024_12-05-52,/srv/projects2/captarlibras_finep/dataset_captarlibras/raw-data/frontal-cam/08-07-2024_12-05-52_p0040_sP22.1_b4_RAW--ZED-RGB_FRONT.avi,2024-07-08 12:05:52
08-07-2024_12-14-56_p0040_sP22.2_b4_RAW,40,P22.2,Tem alergia a algum medicamento?,Pergunta,08-07-2024_12-14-56,/srv/projects2/captarlibras_finep/dataset_captarlibras/raw-data/frontal-cam/08-07-2024_12-14-56_p0040_sP22.2_b4_RAW--ZED-RGB_FRONT.avi,2024-07-08 12:14:56
08-07-2024_12-19-53_p0040_sP24.1_b4_RAW,40,P24.1,Ingere bebida alcoólica?,Pergunta,08-07-2024_12-19-53,/srv/projects2/captarlibras_finep/dataset_captarlibras/raw-data/frontal-cam/08-07-2024_12-19-53_p0040_sP24.1_b4_RAW--ZED-RGB_FRONT.avi,2024-07-08 12:19:53
08-07-2024_12-25-01_p0040_s272_b4_RAW,40,272,Quantas bebidas?,Uma lata todo dia,08-07-2024_12-25-01,/srv/projects2/captarlibras_finep/dataset_captarlibras/raw-data/frontal-cam/08-07-2024_12-25-01_p0040_s272_b4_RAW--ZED-RGB_FRONT.avi,2024-07-08 12:25:01
08-07-2024_12-27-31_p0040_s275_b4_RAW,40,275,Quantas bebidas?,Uma garrafa todo dia,08-07-2024_12-27-31,/srv/projects2/captarlibras_finep/dataset_captarlibras/raw-data/frontal-cam/08-07-2024_12-27-31_p0040_s275_b4_RAW--ZED-RGB_FRONT.avi,2024-07-08 12:27:31
08-07-2024_12-35-44_p0040_sP25.1_b4_RAW,40,P25.1,"Você fez alguma cirurgia? Se sim, qual?",Pergunta,08-07-2024_12-35-44,/srv/projects2/captarlibras_finep/dataset_captarlibras/raw-data/frontal-cam/08-07-2024_12-35-44_p0040_sP25.1_b4_RAW--ZED-RGB_FRONT.avi,2024-07-08 12:35:44
11-07-2024_15-13-22_p0041_sP10_b3_RAW,41,P10,"De 1 a 10, sendo 1 uma dor muito fraca e 10 uma dor insuportável, qual é a intensidade da dor?",Pergunta,11-07-2024_15-13-22,/srv/projects2/captarlibras_finep/dataset_captarlibras/raw-data/frontal-cam/11-07-2024_15-13-22_p0041_sP10_b3_RAW--ZED-RGB_FRONT.avi,2024-07-11 15:13:22
11-07-2024_15-28-41_p0041_s185_b3_RAW,41,185,A dor tem uma localização fixa ou se espalha para algum lugar?,A dor irradia para a barriga,11-07-2024_15-28-41,/srv/projects2/captarlibras_finep/dataset_captarlibras/raw-data/frontal-cam/11-07-2024_15-28-41_p0041_s185_b3_RAW--ZED-RGB_FRONT.avi,2024-07-11 15:28:41
11-07-2024_15-39-39_p0041_sP15.3_b3_RAW,41,P15.3,Tosse é com ou sem catarro?,Pergunta,11-07-2024_15-39-39,/srv/projects2/captarlibras_finep/dataset_captarlibras/raw-data/frontal-cam/11-07-2024_15-39-39_p0041_sP15.3_b3_RAW--ZED-RGB_FRONT.avi,2024-07-11 15:39:39
11-07-2024_15-48-47_p0041_sP20_b3_RAW,41,P20,Você trouxe algum relatório médico?,Pergunta,11-07-2024_15-48-47,/srv/projects2/captarlibras_finep/dataset_captarlibras/raw-data/frontal-cam/11-07-2024_15-48-47_p0041_sP20_b3_RAW--ZED-RGB_FRONT.avi,2024-07-11 15:48:47
11-07-2024_15-49-10_p0041_sP21.1_b3_RAW,41,P21.1,Você trouxe receita médica?,Pergunta,11-07-2024_15-49-10,/srv/projects2/captarlibras_finep/dataset_captarlibras/raw-data/frontal-cam/11-07-2024_15-49-10_p0041_sP21.1_b3_RAW--ZED-RGB_FRONT.avi,2024-07-11 15:49:10
11-07-2024_15-50-26_p0041_sP21.2_b3_RAW,41,P21.2,Está usando algum medicamento?,Pergunta,11-07-2024_15-50-26,/srv/projects2/captarlibras_finep/dataset_captarlibras/raw-data/frontal-cam/11-07-2024_15-50-26_p0041_sP21.2_b3_RAW--ZED-RGB_FRONT.avi,2024-07-11 15:50:26
12-07-2024_14-36-15_p0040_sP10_b3_RAW,40,P10,"De 1 a 10, sendo 1 uma dor muito fraca e 10 uma dor insuportável, qual é a intensidade da dor?",Pergunta,12-07-2024_14-36-15,/srv/projects2/captarlibras_finep/dataset_captarlibras/raw-data/frontal-cam/12-07-2024_14-36-15_p0040_sP10_b3_RAW--ZED-RGB_FRONT.avi,2024-07-12 14:36:15
12-07-2024_14-53-59_p0040_s170.2_b3_RAW,40,170.2,"De 1 a 10, sendo 1 uma dor muito fraca e 10 uma dor insuportável, qual é a intensidade da dor?",Dois,12-07-2024_14-53-59,/srv/projects2/captarlibras_finep/dataset_captarlibras/raw-data/frontal-cam/12-07-2024_14-53-59_p0040_s170.2_b3_RAW--ZED-RGB_FRONT.avi,2024-07-12 14:53:59
12-07-2024_15-00-39_p0040_sP11.3_b3_RAW,40,P11.3,Quando foi o primeiro episódio?,Pergunta,12-07-2024_15-00-39,/srv/projects2/captarlibras_finep/dataset_captarlibras/raw-data/frontal-cam/12-07-2024_15-00-39_p0040_sP11.3_b3_RAW--ZED-RGB_FRONT.avi,2024-07-12 15:00:39
12-07-2024_15-10-46_p0040_sP13.1_b3_RAW,40,P13.1,A dor piora quando aperta?,Pergunta,12-07-2024_15-10-46,/srv/projects2/captarlibras_finep/dataset_captarlibras/raw-data/frontal-cam/12-07-2024_15-10-46_p0040_sP13.1_b3_RAW--ZED-RGB_FRONT.avi,2024-07-12 15:10:46
12-07-2024_15-20-03_p0040_sP16_b3_RAW,40,P16,"Se não há espirro e tosse, sente ardor para urinar?",Pergunta,12-07-2024_15-20-03,/srv/projects2/captarlibras_finep/dataset_captarlibras/raw-data/frontal-cam/12-07-2024_15-20-03_p0040_sP16_b3_RAW--ZED-RGB_FRONT.avi,2024-07-12 15:20:03
12-07-2024_15-25-14_p0040_sP20_b3_RAW,40,P20,Você trouxe algum relatório médico?,Pergunta,12-07-2024_15-25-14,/srv/projects2/captarlibras_finep/dataset_captarlibras/raw-data/frontal-cam/12-07-2024_15-25-14_p0040_sP20_b3_RAW--ZED-RGB_FRONT.avi,2024-07-12 15:25:14
16-07-2024_16-14-09_p0039_sP18.1_b4_RAW,39,P18.1,Está enjoado ou com vômitos?,Pergunta,16-07-2024_16-14-09,/srv/projects2/captarlibras_finep/dataset_captarlibras/raw-data/frontal-cam/16-07-2024_16-14-09_p0039_sP18.1_b4_RAW--ZED-RGB_FRONT.avi,2024-07-16 16:14:09
16-07-2024_16-24-28_p0039_sP18.4_b4_RAW,39,P18.4,"Tem sangue, muco ou pus?",Pergunta,16-07-2024_16-24-28,/srv/projects2/captarlibras_finep/dataset_captarlibras/raw-data/frontal-cam/16-07-2024_16-24-28_p0039_sP18.4_b4_RAW--ZED-RGB_FRONT.avi,2024-07-16 16:24:28
16-07-2024_16-42-57_p0039_sP22.2_b4_RAW,39,P22.2,Tem alergia a algum medicamento?,Pergunta,16-07-2024_16-42-57,/srv/projects2/captarlibras_finep/dataset_captarlibras/raw-data/frontal-cam/16-07-2024_16-42-57_p0039_sP22.2_b4_RAW--ZED-RGB_FRONT.avi,2024-07-16 16:42:57
16-07-2024_16-51-12_p0039_sP24.1_b4_RAW,39,P24.1,Ingere bebida alcoólica?,Pergunta,16-07-2024_16-51-12,/srv/projects2/captarlibras_finep/dataset_captarlibras/raw-data/frontal-cam/16-07-2024_16-51-12_p0039_sP24.1_b4_RAW--ZED-RGB_FRONT.avi,2024-07-16 16:51:12
16-07-2024_16-53-59_p0039_s270_b4_RAW,39,270,Quais bebidas?,Gin,16-07-2024_16-53-59,/srv/projects2/captarlibras_finep/dataset_captarlibras/raw-data/frontal-cam/16-07-2024_16-53-59_p0039_s270_b4_RAW--ZED-RGB_FRONT.avi,2024-07-16 16:53:59
16-07-2024_17-02-03_p0039_sP25.1_b4_RAW,39,P25.1,"Você fez alguma cirurgia? Se sim, qual?",Pergunta,16-07-2024_17-02-03,/srv/projects2/captarlibras_finep/dataset_captarlibras/raw-data/frontal-cam/16-07-2024_17-02-03_p0039_sP25.1_b4_RAW--ZED-RGB_FRONT.avi,2024-07-16 17:02:03
17-07-2024_14-10-45_p0041_s85_b2_RAW,41,85,Qual é o tempo de duração?,Uma semana,17-07-2024_14-10-45,/srv/projects2/captarlibras_finep/dataset_captarlibras/raw-data/frontal-cam/17-07-2024_14-10-45_p0041_s85_b2_RAW--ZED-RGB_FRONT.avi,2024-07-17 14:10:45
17-07-2024_14-12-00_p0041_sP05_b2_RAW,41,P05,Por que você procurou atendimento nesse momento? Houve piora do quadro?,Pergunta,17-07-2024_14-12-00,/srv/projects2/captarlibras_finep/dataset_captarlibras/raw-data/frontal-cam/17-07-2024_14-12-00_p0041_sP05_b2_RAW--ZED-RGB_FRONT.avi,2024-07-17 14:12:00
17-07-2024_14-17-30_p0041_s94_b2_RAW,41,94,Onde é a dor?,Dor no ouvido direito e esquerdo,17-07-2024_14-17-30,/srv/projects2/captarlibras_finep/dataset_captarlibras/raw-data/frontal-cam/17-07-2024_14-17-30_p0041_s94_b2_RAW--ZED-RGB_FRONT.avi,2024-07-17 14:17:30
17-07-2024_14-20-26_p0041_s102_b2_RAW,41,102,Onde é a dor?,Dor no braço direito e esquerdo,17-07-2024_14-20-26,/srv/projects2/captarlibras_finep/dataset_captarlibras/raw-data/frontal-cam/17-07-2024_14-20-26_p0041_s102_b2_RAW--ZED-RGB_FRONT.avi,2024-07-17 14:20:26
17-07-2024_14-29-05_p0041_s117_b2_RAW,41,117,"Junto desse sintoma, você sente mais alguma coisa?",Sudorese,17-07-2024_14-29-05,/srv/projects2/captarlibras_finep/dataset_captarlibras/raw-data/frontal-cam/17-07-2024_14-29-05_p0041_s117_b2_RAW--ZED-RGB_FRONT.avi,2024-07-17 14:29:05
17-07-2024_14-29-22_p0041_s118_b2_RAW,41,118,"Junto desse sintoma, você sente mais alguma coisa?",Lacrimejamento,17-07-2024_14-29-22,/srv/projects2/captarlibras_finep/dataset_captarlibras/raw-data/frontal-cam/17-07-2024_14-29-22_p0041_s118_b2_RAW--ZED-RGB_FRONT.avi,2024-07-17 14:29:22
17-07-2024_14-40-03_p0041_sP08.2_b2_RAW,41,P08.2,Tem algum fator de melhora?,Pergunta,17-07-2024_14-40-03,/srv/projects2/captarlibras_finep/dataset_captarlibras/raw-data/frontal-cam/17-07-2024_14-40-03_p0041_sP08.2_b2_RAW--ZED-RGB_FRONT.avi,2024-07-17 14:40:03
19-07-2024_14-04-09_p0040_sP06.3_b2_RAW,40,P06.3,A dor é como se fosse um peso?,Pergunta,19-07-2024_14-04-09,/srv/projects2/captarlibras_finep/dataset_captarlibras/raw-data/frontal-cam/19-07-2024_14-04-09_p0040_sP06.3_b2_RAW--ZED-RGB_FRONT.avi,2024-07-19 14:04:09
19-07-2024_14-12-02_p0040_s122_b2_RAW,40,122,"Junto desse sintoma, você sente mais alguma coisa?",Aumento da vontade de urinar,19-07-2024_14-12-02,/srv/projects2/captarlibras_finep/dataset_captarlibras/raw-data/frontal-cam/19-07-2024_14-12-02_p0040_s122_b2_RAW--ZED-RGB_FRONT.avi,2024-07-19 14:12:02
19-07-2024_14-23-37_p0040_sP08.2_b2_RAW,40,P08.2,Tem algum fator de melhora?,Pergunta,19-07-2024_14-23-37,/srv/projects2/captarlibras_finep/dataset_captarlibras/raw-data/frontal-cam/19-07-2024_14-23-37_p0040_sP08.2_b2_RAW--ZED-RGB_FRONT.avi,2024-07-19 14:23:37
19-07-2024_14-31-31_p0040_s148.10_b2_RAW,40,148.10,Alfabeto completo,J,19-07-2024_14-31-31,/srv/projects2/captarlibras_finep/dataset_captarlibras/raw-data/frontal-cam/19-07-2024_14-31-31_p0040_s148.10_b2_RAW--ZED-RGB_FRONT.avi,2024-07-19 14:31:31
19-07-2024_15-11-24_p0040_sP01_b1_RAW,40,P01,O que você está sentindo que te fez procurar o hospital?,Pergunta,19-07-2024_15-11-24,/srv/projects2/captarlibras_finep/dataset_captarlibras/raw-data/frontal-cam/19-07-2024_15-11-24_p0040_sP01_b1_RAW--ZED-RGB_FRONT.avi,2024-07-19 15:11:24
19-07-2024_15-26-31_p0040_s28_b1_RAW,40,28,O que você está sentindo que te fez procurar o hospital?,Obstrução nasal,19-07-2024_15-26-31,/srv/projects2/captarlibras_finep/dataset_captarlibras/raw-data/frontal-cam/19-07-2024_15-26-31_p0040_s28_b1_RAW--ZED-RGB_FRONT.avi,2024-07-19 15:26:31
19-07-2024_15-42-28_p0040_s58_b1_RAW,40,58,O que você está sentindo que te fez procurar o hospital?,Trauma físico,19-07-2024_15-42-28,/srv/projects2/captarlibras_finep/dataset_captarlibras/raw-data/frontal-cam/19-07-2024_15-42-28_p0040_s58_b1_RAW--ZED-RGB_FRONT.avi,2024-07-19 15:42:28
19-07-2024_15-50-50_p0040_sP03_b1_RAW,40,P03,Como começou? O que você estava fazendo?,Pergunta,19-07-2024_15-50-50,/srv/projects2/captarlibras_finep/dataset_captarlibras/raw-data/frontal-cam/19-07-2024_15-50-50_p0040_sP03_b1_RAW--ZED-RGB_FRONT.avi,2024-07-19 15:50:50
23-07-2024_16-01-48_p0039_sP04_b2_RAW,39,P04,Qual é o tempo de duração?,Pergunta,23-07-2024_16-01-48,/srv/projects2/captarlibras_finep/dataset_captarlibras/raw-data/frontal-cam/23-07-2024_16-01-48_p0039_sP04_b2_RAW--ZED-RGB_FRONT.avi,2024-07-23 16:01:48
24-07-2024_14-07-00_p0041_sP01_b1_RAW,41,P01,O que você está sentindo que te fez procurar o hospital?,Pergunta,24-07-2024_14-07-00,/srv/projects2/captarlibras_finep/dataset_captarlibras/raw-data/frontal-cam/24-07-2024_14-07-00_p0041_sP01_b1_RAW--ZED-RGB_FRONT.avi,2024-07-24 14:07:00
24-07-2024_14-30-27_p0041_s58_b1_RAW,41,58,O que você está sentindo que te fez procurar o hospital?,Trauma físico,24-07-2024_14-30-27,/srv/projects2/captarlibras_finep/dataset_captarlibras/raw-data/frontal-cam/24-07-2024_14-30-27_p0041_s58_b1_RAW--ZED-RGB_FRONT.avi,2024-07-24 14:30:27
24-07-2024_14-36-50_p0041_sP03_b1_RAW,41,P03,Como começou? O que você estava fazendo?,Pergunta,24-07-2024_14-36-50,/srv/projects2/captarlibras_finep/dataset_captarlibras/raw-data/frontal-cam/24-07-2024_14-36-50_p0041_sP03_b1_RAW--ZED-RGB_FRONT.avi,2024-07-24 14:36:50
24-07-2024_14-52-09_p0041_s209_b4_RAW,41,209,Está enjoado ou com vômitos?,Não estou com vontade de vomitar,24-07-2024_14-52-09,/srv/projects2/captarlibras_finep/dataset_captarlibras/raw-data/frontal-cam/24-07-2024_14-52-09_p0041_s209_b4_RAW--ZED-RGB_FRONT.avi,2024-07-24 14:52:09
24-07-2024_14-58-49_p0041_s219_b4_RAW,41,219,Como é a diarreia?,Com resto de comida,24-07-2024_14-58-49,/srv/projects2/captarlibras_finep/dataset_captarlibras/raw-data/frontal-cam/24-07-2024_14-58-49_p0041_s219_b4_RAW--ZED-RGB_FRONT.avi,2024-07-24 14:58:49
24-07-2024_15-01-02_p0041_sP18.4_b4_RAW,41,P18.4,"Tem sangue, muco ou pus?",Pergunta,24-07-2024_15-01-02,/srv/projects2/captarlibras_finep/dataset_captarlibras/raw-data/frontal-cam/24-07-2024_15-01-02_p0041_sP18.4_b4_RAW--ZED-RGB_FRONT.avi,2024-07-24 15:01:02
24-07-2024_15-01-52_p0041_sP18.5_b4_RAW,41,P18.5,Sente dor na barriga?,Pergunta,24-07-2024_15-01-52,/srv/projects2/captarlibras_finep/dataset_captarlibras/raw-data/frontal-cam/24-07-2024_15-01-52_p0041_sP18.5_b4_RAW--ZED-RGB_FRONT.avi,2024-07-24 15:01:52
24-07-2024_15-11-14_p0041_sP22.1_b4_RAW,41,P22.1,Você tem alguma alergia?,Pergunta,24-07-2024_15-11-14,/srv/projects2/captarlibras_finep/dataset_captarlibras/raw-data/frontal-cam/24-07-2024_15-11-14_p0041_sP22.1_b4_RAW--ZED-RGB_FRONT.avi,2024-07-24 15:11:14
24-07-2024_15-18-46_p0041_sP22.3_b4_RAW,41,P22.3,Qual medicamento?,Pergunta,24-07-2024_15-18-46,/srv/projects2/captarlibras_finep/dataset_captarlibras/raw-data/frontal-cam/24-07-2024_15-18-46_p0041_sP22.3_b4_RAW--ZED-RGB_FRONT.avi,2024-07-24 15:18:46
24-07-2024_15-27-58_p0041_s276_b4_RAW,41,276,Quantas bebidas?,Uma garrafa uma vez por semana,24-07-2024_15-27-58,/srv/projects2/captarlibras_finep/dataset_captarlibras/raw-data/frontal-cam/24-07-2024_15-27-58_p0041_s276_b4_RAW--ZED-RGB_FRONT.avi,2024-07-24 15:27:58
24-07-2024_15-32-05_p0041_sP25.1_b4_RAW,41,P25.1,"Você fez alguma cirurgia? Se sim, qual?",Pergunta,24-07-2024_15-32-05,/srv/projects2/captarlibras_finep/dataset_captarlibras/raw-data/frontal-cam/24-07-2024_15-32-05_p0041_sP25.1_b4_RAW--ZED-RGB_FRONT.avi,2024-07-24 15:32:05
01-08-2024_16-00-03_p0042_sP09.3_b3_RAW,42,P09.3,Piora ao andar no plano?,Pergunta,01-08-2024_16-00-03,/srv/projects2/captarlibras_finep/dataset_captarlibras/raw-data/frontal-cam/01-08-2024_16-00-03_p0042_sP09.3_b3_RAW--ZED-RGB_FRONT.avi,2024-08-01 16:00:03
01-08-2024_16-24-34_p0042_sP09.7_b3_RAW,42,P09.7,A dor no peito ou falta de ar melhorou com algum medicamento?,Pergunta,01-08-2024_16-24-34,/srv/projects2/captarlibras_finep/dataset_captarlibras/raw-data/frontal-cam/01-08-2024_16-24-34_p0042_sP09.7_b3_RAW--ZED-RGB_FRONT.avi,2024-08-01 16:24:34
01-08-2024_16-26-29_p0042_sP10_b3_RAW,42,P10,"De 1 a 10, sendo 1 uma dor muito fraca e 10 uma dor insuportável, qual é a intensidade da dor?",Pergunta,01-08-2024_16-26-29,/srv/projects2/captarlibras_finep/dataset_captarlibras/raw-data/frontal-cam/01-08-2024_16-26-29_p0042_sP10_b3_RAW--ZED-RGB_FRONT.avi,2024-08-01 16:26:29
01-08-2024_16-31-40_p0042_sP11.1_b3_RAW,42,P11.1,Foi um episódio de dor ou mais episódios?,Pergunta,01-08-2024_16-31-40,/srv/projects2/captarlibras_finep/dataset_captarlibras/raw-data/frontal-cam/01-08-2024_16-31-40_p0042_sP11.1_b3_RAW--ZED-RGB_FRONT.avi,2024-08-01 16:31:40
01-08-2024_16-41-07_p0042_s182_b3_RAW,42,182,A dor tem uma localização fixa ou se espalha para algum lugar?,A dor irradia para a mandíbula,01-08-2024_16-41-07,/srv/projects2/captarlibras_finep/dataset_captarlibras/raw-data/frontal-cam/01-08-2024_16-41-07_p0042_s182_b3_RAW--ZED-RGB_FRONT.avi,2024-08-01 16:41:07
01-08-2024_16-45-34_p0042_s190_b3_RAW,42,190,A dor piora quando aperta?,Piora quando aperta,01-08-2024_16-45-34,/srv/projects2/captarlibras_finep/dataset_captarlibras/raw-data/frontal-cam/01-08-2024_16-45-34_p0042_s190_b3_RAW--ZED-RGB_FRONT.avi,2024-08-01 16:45:34
01-08-2024_16-52-22_p0042_s198_b3_RAW,42,198,Qual cor é o catarro?,Catarro branco,01-08-2024_16-52-22,/srv/projects2/captarlibras_finep/dataset_captarlibras/raw-data/frontal-cam/01-08-2024_16-52-22_p0042_s198_b3_RAW--ZED-RGB_FRONT.avi,2024-08-01 16:52:22
01-08-2024_16-54-36_p0042_s201_b3_RAW,42,201,Qual cor é o catarro?,Catarro vermelho,01-08-2024_16-54-36,/srv/projects2/captarlibras_finep/dataset_captarlibras/raw-data/frontal-cam/01-08-2024_16-54-36_p0042_s201_b3_RAW--ZED-RGB_FRONT.avi,2024-08-01 16:54:36
01-08-2024_16-55-23_p0042_sP16_b3_RAW,42,P16,"Se não há espirro e tosse, sente ardor para urinar?",Pergunta,01-08-2024_16-55-23,/srv/projects2/captarlibras_finep/dataset_captarlibras/raw-data/frontal-cam/01-08-2024_16-55-23_p0042_sP16_b3_RAW--ZED-RGB_FRONT.avi,2024-08-01 16:55:23
01-08-2024_16-55-57_p0042_sP17.1_b3_RAW,42,P17.1,Você vacinou para covid-19?,Pergunta,01-08-2024_16-55-57,/srv/projects2/captarlibras_finep/dataset_captarlibras/raw-data/frontal-cam/01-08-2024_16-55-57_p0042_sP17.1_b3_RAW--ZED-RGB_FRONT.avi,2024-08-01 16:55:57
01-08-2024_16-59-34_p0042_s207_b3_RAW,42,207,Você vacinou para gripe?,Não vacinei pra gripe,01-08-2024_16-59-34,/srv/projects2/captarlibras_finep/dataset_captarlibras/raw-data/frontal-cam/01-08-2024_16-59-34_p0042_s207_b3_RAW--ZED-RGB_FRONT.avi,2024-08-01 16:59:34
01-08-2024_17-02-10_p0042_sP21.1_b3_RAW,42,P21.1,Você trouxe receita médica?,Pergunta,01-08-2024_17-02-10,/srv/projects2/captarlibras_finep/dataset_captarlibras/raw-data/frontal-cam/01-08-2024_17-02-10_p0042_sP21.1_b3_RAW--ZED-RGB_FRONT.avi,2024-08-01 17:02:10
01-08-2024_17-04-19_p0042_s244_b3_RAW,42,244,Está usando algum medicamento?,Não uso medicamento,01-08-2024_17-04-19,/srv/projects2/captarlibras_finep/dataset_captarlibras/raw-data/frontal-cam/01-08-2024_17-04-19_p0042_s244_b3_RAW--ZED-RGB_FRONT.avi,2024-08-01 17:04:19
03-08-2024_10-25-48_p0043_sP09.7_b3_RAW,43,P09.7,A dor no peito ou falta de ar melhorou com algum medicamento?,Pergunta,03-08-2024_10-25-48,/srv/projects2/captarlibras_finep/dataset_captarlibras/raw-data/frontal-cam/03-08-2024_10-25-48_p0043_sP09.7_b3_RAW--ZED-RGB_FRONT.avi,2024-08-03 10:25:48
03-08-2024_10-28-40_p0043_sP10_b3_RAW,43,P10,"De 1 a 10, sendo 1 uma dor muito fraca e 10 uma dor insuportável, qual é a intensidade da dor?",Pergunta,03-08-2024_10-28-40,/srv/projects2/captarlibras_finep/dataset_captarlibras/raw-data/frontal-cam/03-08-2024_10-28-40_p0043_sP10_b3_RAW--ZED-RGB_FRONT.avi,2024-08-03 10:28:40
03-08-2024_10-37-03_p0043_sP11.1_b3_RAW,43,P11.1,Foi um episódio de dor ou mais episódios?,Pergunta,03-08-2024_10-37-03,/srv/projects2/captarlibras_finep/dataset_captarlibras/raw-data/frontal-cam/03-08-2024_10-37-03_p0043_sP11.1_b3_RAW--ZED-RGB_FRONT.avi,2024-08-03 10:37:03
03-08-2024_11-02-57_p0043_sP10_b3_RAW,43,P10,"De 1 a 10, sendo 1 uma dor muito fraca e 10 uma dor insuportável, qual é a intensidade da dor?",Pergunta,03-08-2024_11-02-57,/srv/projects2/captarlibras_finep/dataset_captarlibras/raw-data/frontal-cam/03-08-2024_11-02-57_p0043_sP10_b3_RAW--ZED-RGB_FRONT.avi,2024-08-03 11:02:57
03-08-2024_11-05-18_p0043_sP12_b3_RAW,43,P12,A dor tem uma localização fixa ou se espalha para algum lugar?,Pergunta,03-08-2024_11-05-18,/srv/projects2/captarlibras_finep/dataset_captarlibras/raw-data/frontal-cam/03-08-2024_11-05-18_p0043_sP12_b3_RAW--ZED-RGB_FRONT.avi,2024-08-03 11:05:18
03-08-2024_11-06-26_p0043_s180_b3_RAW,43,180,A dor tem uma localização fixa ou se espalha para algum lugar?,A dor irradia para a nuca,03-08-2024_11-06-26,/srv/projects2/captarlibras_finep/dataset_captarlibras/raw-data/frontal-cam/03-08-2024_11-06-26_p0043_s180_b3_RAW--ZED-RGB_FRONT.avi,2024-08-03 11:06:26
03-08-2024_11-11-36_p0043_sP13.1_b3_RAW,43,P13.1,A dor piora quando aperta?,Pergunta,03-08-2024_11-11-36,/srv/projects2/captarlibras_finep/dataset_captarlibras/raw-data/frontal-cam/03-08-2024_11-11-36_p0043_sP13.1_b3_RAW--ZED-RGB_FRONT.avi,2024-08-03 11:11:36
03-08-2024_11-26-24_p0043_s205_b3_RAW,43,205,Quantas doses?,Três doses,03-08-2024_11-26-24,/srv/projects2/captarlibras_finep/dataset_captarlibras/raw-data/frontal-cam/03-08-2024_11-26-24_p0043_s205_b3_RAW--ZED-RGB_FRONT.avi,2024-08-03 11:26:24
06-08-2024_16-11-23_p0039_sP01_b1_RAW,39,P01,O que você está sentindo que te fez procurar o hospital?,Pergunta,06-08-2024_16-11-23,/srv/projects2/captarlibras_finep/dataset_captarlibras/raw-data/frontal-cam/06-08-2024_16-11-23_p0039_sP01_b1_RAW--ZED-RGB_FRONT.avi,2024-08-06 16:11:23
06-08-2024_16-38-28_p0039_s58_b1_RAW,39,58,O que você está sentindo que te fez procurar o hospital?,Trauma físico,06-08-2024_16-38-28,/srv/projects2/captarlibras_finep/dataset_captarlibras/raw-data/frontal-cam/06-08-2024_16-38-28_p0039_s58_b1_RAW--ZED-RGB_FRONT.avi,2024-08-06 16:38:28
06-08-2024_16-39-36_p0039_s61_b1_RAW,39,61,O que você está sentindo que te fez procurar o hospital?,Queimaduras,06-08-2024_16-39-36,/srv/projects2/captarlibras_finep/dataset_captarlibras/raw-data/frontal-cam/06-08-2024_16-39-36_p0039_s61_b1_RAW--ZED-RGB_FRONT.avi,2024-08-06 16:39:36
06-08-2024_16-43-36_p0039_sP02_b1_RAW,39,P02,Quando começou?,Pergunta,06-08-2024_16-43-36,/srv/projects2/captarlibras_finep/dataset_captarlibras/raw-data/frontal-cam/06-08-2024_16-43-36_p0039_sP02_b1_RAW--ZED-RGB_FRONT.avi,2024-08-06 16:43:36
06-08-2024_16-46-21_p0039_sP03_b1_RAW,39,P03,Como começou? O que você estava fazendo?,Pergunta,06-08-2024_16-46-21,/srv/projects2/captarlibras_finep/dataset_captarlibras/raw-data/frontal-cam/06-08-2024_16-46-21_p0039_sP03_b1_RAW--ZED-RGB_FRONT.avi,2024-08-06 16:46:21
08-08-2024_14-37-06_p0042_sP04_b2_RAW,42,P04,Qual é o tempo de duração?,Pergunta,08-08-2024_14-37-06,/srv/projects2/captarlibras_finep/dataset_captarlibras/raw-data/frontal-cam/08-08-2024_14-37-06_p0042_sP04_b2_RAW--ZED-RGB_FRONT.avi,2024-08-08 14:37:06
08-08-2024_14-40-01_p0042_sP05_b2_RAW,42,P05,Por que você procurou atendimento nesse momento? Houve piora do quadro?,Pergunta,08-08-2024_14-40-01,/srv/projects2/captarlibras_finep/dataset_captarlibras/raw-data/frontal-cam/08-08-2024_14-40-01_p0042_sP05_b2_RAW--ZED-RGB_FRONT.avi,2024-08-08 14:40:01
08-08-2024_14-45-50_p0042_s101_b2_RAW,42,101,Onde é a dor?,Dor nos ombros,08-08-2024_14-45-50,/srv/projects2/captarlibras_finep/dataset_captarlibras/raw-data/frontal-cam/08-08-2024_14-45-50_p0042_s101_b2_RAW--ZED-RGB_FRONT.avi,2024-08-08 14:45:50
08-08-2024_15-01-09_p0042_s119_b2_RAW,42,119,"Junto desse sintoma, você sente mais alguma coisa?",Mal-estar,08-08-2024_15-01-09,/srv/projects2/captarlibras_finep/dataset_captarlibras/raw-data/frontal-cam/08-08-2024_15-01-09_p0042_s119_b2_RAW--ZED-RGB_FRONT.avi,2024-08-08 15:01:09
08-08-2024_15-06-27_p0042_s125_b2_RAW,42,125,Existe algum fator de piora?,Comer alimentos ácidos e picantes,08-08-2024_15-06-27,/srv/projects2/captarlibras_finep/dataset_captarlibras/raw-data/frontal-cam/08-08-2024_15-06-27_p0042_s125_b2_RAW--ZED-RGB_FRONT.avi,2024-08-08 15:06:27
10-08-2024_10-49-02_p0043_sP06.3_b2_RAW,43,P06.3,A dor é como se fosse um peso?,Pergunta,10-08-2024_10-49-02,/srv/projects2/captarlibras_finep/dataset_captarlibras/raw-data/frontal-cam/10-08-2024_10-49-02_p0043_sP06.3_b2_RAW--ZED-RGB_FRONT.avi,2024-08-10 10:49:02
10-08-2024_10-49-23_p0043_sP06.4_b2_RAW,43,P06.4,A dor é como se fosse uma queimação?,Pergunta,10-08-2024_10-49-23,/srv/projects2/captarlibras_finep/dataset_captarlibras/raw-data/frontal-cam/10-08-2024_10-49-23_p0043_sP06.4_b2_RAW--ZED-RGB_FRONT.avi,2024-08-10 10:49:23
10-08-2024_10-49-51_p0043_sP06.5_b2_RAW,43,P06.5,A dor é como se fosse uma fincada?,Pergunta,10-08-2024_10-49-51,/srv/projects2/captarlibras_finep/dataset_captarlibras/raw-data/frontal-cam/10-08-2024_10-49-51_p0043_sP06.5_b2_RAW--ZED-RGB_FRONT.avi,2024-08-10 10:49:51
10-08-2024_10-50-15_p0043_sP06.6_b2_RAW,43,P06.6,A dor é como se fosse um choque?,Pergunta,10-08-2024_10-50-15,/srv/projects2/captarlibras_finep/dataset_captarlibras/raw-data/frontal-cam/10-08-2024_10-50-15_p0043_sP06.6_b2_RAW--ZED-RGB_FRONT.avi,2024-08-10 10:50:15
10-08-2024_10-54-49_p0043_s124_b2_RAW,43,124,"Junto desse sintoma, você sente mais alguma coisa?",Gases,10-08-2024_10-54-49,/srv/projects2/captarlibras_finep/dataset_captarlibras/raw-data/frontal-cam/10-08-2024_10-54-49_p0043_s124_b2_RAW--ZED-RGB_FRONT.avi,2024-08-10 10:54:49
10-08-2024_11-02-54_p0043_sP08.2_b2_RAW,43,P08.2,Tem algum fator de melhora?,Pergunta,10-08-2024_11-02-54,/srv/projects2/captarlibras_finep/dataset_captarlibras/raw-data/frontal-cam/10-08-2024_11-02-54_p0043_sP08.2_b2_RAW--ZED-RGB_FRONT.avi,2024-08-10 11:02:54
10-08-2024_11-11-38_p0043_s148.18_b2_RAW,43,148.18,Alfabeto completo,R,10-08-2024_11-11-38,/srv/projects2/captarlibras_finep/dataset_captarlibras/raw-data/frontal-cam/10-08-2024_11-11-38_p0043_s148.18_b2_RAW--ZED-RGB_FRONT.avi,2024-08-10 11:11:38
14-08-2024_15-36-49_p0038_sP18.2_b4_RAW,38,P18.2,Está com diarreia?,Pergunta,14-08-2024_15-36-49,/srv/projects2/captarlibras_finep/dataset_captarlibras/raw-data/frontal-cam/14-08-2024_15-36-49_p0038_sP18.2_b4_RAW--ZED-RGB_FRONT.avi,2024-08-14 15:36:49
14-08-2024_15-49-25_p0038_sP18.4_b4_RAW,38,P18.4,"Tem sangue, muco ou pus?",Pergunta,14-08-2024_15-49-25,/srv/projects2/captarlibras_finep/dataset_captarlibras/raw-data/frontal-cam/14-08-2024_15-49-25_p0038_sP18.4_b4_RAW--ZED-RGB_FRONT.avi,2024-08-14 15:49:25
14-08-2024_15-58-27_p0038_s234_b4_RAW,38,234,Você faz tratamento para alguma doença? Qual?,Tuberculose,14-08-2024_15-58-27,/srv/projects2/captarlibras_finep/dataset_captarlibras/raw-data/frontal-cam/14-08-2024_15-58-27_p0038_s234_b4_RAW--ZED-RGB_FRONT.avi,2024-08-14 15:58:27
14-08-2024_16-01-56_p0038_s238_b4_RAW,38,238,Você faz tratamento para alguma doença? Qual?,Hipotireoidismo,14-08-2024_16-01-56,/srv/projects2/captarlibras_finep/dataset_captarlibras/raw-data/frontal-cam/14-08-2024_16-01-56_p0038_s238_b4_RAW--ZED-RGB_FRONT.avi,2024-08-14 16:01:56
14-08-2024_16-13-27_p0038_sP22.2_b4_RAW,38,P22.2,Tem alergia a algum medicamento?,Pergunta,14-08-2024_16-13-27,/srv/projects2/captarlibras_finep/dataset_captarlibras/raw-data/frontal-cam/14-08-2024_16-13-27_p0038_sP22.2_b4_RAW--ZED-RGB_FRONT.avi,2024-08-14 16:13:27
14-08-2024_16-18-56_p0038_sP24.1_b4_RAW,38,P24.1,Ingere bebida alcoólica?,Pergunta,14-08-2024_16-18-56,/srv/projects2/captarlibras_finep/dataset_captarlibras/raw-data/frontal-cam/14-08-2024_16-18-56_p0038_sP24.1_b4_RAW--ZED-RGB_FRONT.avi,2024-08-14 16:18:56
14-08-2024_16-37-44_p0038_sP25.1_b4_RAW,38,P25.1,"Você fez alguma cirurgia? Se sim, qual?",Pergunta,14-08-2024_16-37-44,/srv/projects2/captarlibras_finep/dataset_captarlibras/raw-data/frontal-cam/14-08-2024_16-37-44_p0038_sP25.1_b4_RAW--ZED-RGB_FRONT.avi,2024-08-14 16:37:44
17-08-2024_10-18-08_p0043_s30_b1_RAW,43,30,O que você está sentindo que te fez procurar o hospital?,Feridas na pele,17-08-2024_10-18-08,/srv/projects2/captarlibras_finep/dataset_captarlibras/raw-data/frontal-cam/17-08-2024_10-18-08_p0043_s30_b1_RAW--ZED-RGB_FRONT.avi,2024-08-17 10:18:08
17-08-2024_10-26-38_p0043_s49_b1_RAW,43,49,O que você está sentindo que te fez procurar o hospital?,Urinando pouco,17-08-2024_10-26-38,/srv/projects2/captarlibras_finep/dataset_captarlibras/raw-data/frontal-cam/17-08-2024_10-26-38_p0043_s49_b1_RAW--ZED-RGB_FRONT.avi,2024-08-17 10:26:38
17-08-2024_10-36-03_p0043_sP02_b1_RAW,43,P02,Quando começou?,Pergunta,17-08-2024_10-36-03,/srv/projects2/captarlibras_finep/dataset_captarlibras/raw-data/frontal-cam/17-08-2024_10-36-03_p0043_sP02_b1_RAW--ZED-RGB_FRONT.avi,2024-08-17 10:36:03
17-08-2024_10-43-54_p0043_sP18.2_b4_RAW,43,P18.2,Está com diarreia?,Pergunta,17-08-2024_10-43-54,/srv/projects2/captarlibras_finep/dataset_captarlibras/raw-data/frontal-cam/17-08-2024_10-43-54_p0043_sP18.2_b4_RAW--ZED-RGB_FRONT.avi,2024-08-17 10:43:54
17-08-2024_10-50-55_p0043_sP18.4_b4_RAW,43,P18.4,"Tem sangue, muco ou pus?",Pergunta,17-08-2024_10-50-55,/srv/projects2/captarlibras_finep/dataset_captarlibras/raw-data/frontal-cam/17-08-2024_10-50-55_p0043_sP18.4_b4_RAW--ZED-RGB_FRONT.avi,2024-08-17 10:50:55
17-08-2024_11-10-41_p0043_s256_b4_RAW,43,256,Você tem alguma alergia?,Tenho alergia a amendoim,17-08-2024_11-10-41,/srv/projects2/captarlibras_finep/dataset_captarlibras/raw-data/frontal-cam/17-08-2024_11-10-41_p0043_s256_b4_RAW--ZED-RGB_FRONT.avi,2024-08-17 11:10:41
17-08-2024_11-11-03_p0043_s258_b4_RAW,43,258,Você tem alguma alergia?,Não tenho alergia,17-08-2024_11-11-03,/srv/projects2/captarlibras_finep/dataset_captarlibras/raw-data/frontal-cam/17-08-2024_11-11-03_p0043_s258_b4_RAW--ZED-RGB_FRONT.avi,2024-08-17 11:11:03
17-08-2024_11-11-41_p0043_sP22.2_b4_RAW,43,P22.2,Tem alergia a algum medicamento?,Pergunta,17-08-2024_11-11-41,/srv/projects2/captarlibras_finep/dataset_captarlibras/raw-data/frontal-cam/17-08-2024_11-11-41_p0043_sP22.2_b4_RAW--ZED-RGB_FRONT.avi,2024-08-17 11:11:41
17-08-2024_11-12-04_p0043_s257_b4_RAW,43,257,Tem alergia a algum medicamento?,Não tenho alergia a nenhum medicamento,17-08-2024_11-12-04,/srv/projects2/captarlibras_finep/dataset_captarlibras/raw-data/frontal-cam/17-08-2024_11-12-04_p0043_s257_b4_RAW--ZED-RGB_FRONT.avi,2024-08-17 11:12:04
17-08-2024_11-14-37_p0043_sP23.2_b4_RAW,43,P23.2,Há quanto tempo?,Pergunta,17-08-2024_11-14-37,/srv/projects2/captarlibras_finep/dataset_captarlibras/raw-data/frontal-cam/17-08-2024_11-14-37_p0043_sP23.2_b4_RAW--ZED-RGB_FRONT.avi,2024-08-17 11:14:37
17-08-2024_11-17-25_p0043_sP24.1_b4_RAW,43,P24.1,Ingere bebida alcoólica?,Pergunta,17-08-2024_11-17-25,/srv/projects2/captarlibras_finep/dataset_captarlibras/raw-data/frontal-cam/17-08-2024_11-17-25_p0043_sP24.1_b4_RAW--ZED-RGB_FRONT.avi,2024-08-17 11:17:25
17-08-2024_11-32-46_p0043_sP25.1_b4_RAW,43,P25.1,"Você fez alguma cirurgia? Se sim, qual?",Pergunta,17-08-2024_11-32-46,/srv/projects2/captarlibras_finep/dataset_captarlibras/raw-data/frontal-cam/17-08-2024_11-32-46_p0043_sP25.1_b4_RAW--ZED-RGB_FRONT.avi,2024-08-17 11:32:46
21-08-2024_14-27-11_p0044_sP10_b3_RAW,44,P10,"De 1 a 10, sendo 1 uma dor muito fraca e 10 uma dor insuportável, qual é a intensidade da dor?",Pergunta,21-08-2024_14-27-11,/srv/projects2/captarlibras_finep/dataset_captarlibras/raw-data/frontal-cam/21-08-2024_14-27-11_p0044_sP10_b3_RAW--ZED-RGB_FRONT.avi,2024-08-21 14:27:11
21-08-2024_14-33-06_p0044_s170.2_b3_RAW,44,170.2,"De 1 a 10, sendo 1 uma dor muito fraca e 10 uma dor insuportável, qual é a intensidade da dor?",Dois,21-08-2024_14-33-06,/srv/projects2/captarlibras_finep/dataset_captarlibras/raw-data/frontal-cam/21-08-2024_14-33-06_p0044_s170.2_b3_RAW--ZED-RGB_FRONT.avi,2024-08-21 14:33:06
21-08-2024_14-39-07_p0044_s174_b3_RAW,44,174,Qual a frequência da dor?,Três vezes ao dia,21-08-2024_14-39-07,/srv/projects2/captarlibras_finep/dataset_captarlibras/raw-data/frontal-cam/21-08-2024_14-39-07_p0044_s174_b3_RAW--ZED-RGB_FRONT.avi,2024-08-21 14:39:07
21-08-2024_14-40-04_p0044_sP11.3_b3_RAW,44,P11.3,Quando foi o primeiro episódio?,Pergunta,21-08-2024_14-40-04,/srv/projects2/captarlibras_finep/dataset_captarlibras/raw-data/frontal-cam/21-08-2024_14-40-04_p0044_sP11.3_b3_RAW--ZED-RGB_FRONT.avi,2024-08-21 14:40:04
21-08-2024_14-51-48_p0044_s188_b3_RAW,44,188,A dor tem uma localização fixa ou se espalha para algum lugar?,A dor irradia para a coxa,21-08-2024_14-51-48,/srv/projects2/captarlibras_finep/dataset_captarlibras/raw-data/frontal-cam/21-08-2024_14-51-48_p0044_s188_b3_RAW--ZED-RGB_FRONT.avi,2024-08-21 14:51:48
21-08-2024_15-02-45_p0044_sP16_b3_RAW,44,P16,"Se não há espirro e tosse, sente ardor para urinar?",Pergunta,21-08-2024_15-02-45,/srv/projects2/captarlibras_finep/dataset_captarlibras/raw-data/frontal-cam/21-08-2024_15-02-45_p0044_sP16_b3_RAW--ZED-RGB_FRONT.avi,2024-08-21 15:02:45
21-08-2024_15-08-07_p0044_sP20_b3_RAW,44,P20,Você trouxe algum relatório médico?,Pergunta,21-08-2024_15-08-07,/srv/projects2/captarlibras_finep/dataset_captarlibras/raw-data/frontal-cam/21-08-2024_15-08-07_p0044_sP20_b3_RAW--ZED-RGB_FRONT.avi,2024-08-21 15:08:07
22-08-2024_15-23-52_p0042_sP18.2_b4_RAW,42,P18.2,Está com diarreia?,Pergunta,22-08-2024_15-23-52,/srv/projects2/captarlibras_finep/dataset_captarlibras/raw-data/frontal-cam/22-08-2024_15-23-52_p0042_sP18.2_b4_RAW--ZED-RGB_FRONT.avi,2024-08-22 15:23:52
22-08-2024_15-25-58_p0042_s213_b4_RAW,42,213,Como é a diarreia?,Clara,22-08-2024_15-25-58,/srv/projects2/captarlibras_finep/dataset_captarlibras/raw-data/frontal-cam/22-08-2024_15-25-58_p0042_s213_b4_RAW--ZED-RGB_FRONT.avi,2024-08-22 15:25:58
22-08-2024_15-31-26_p0042_sP18.4_b4_RAW,42,P18.4,"Tem sangue, muco ou pus?",Pergunta,22-08-2024_15-31-26,/srv/projects2/captarlibras_finep/dataset_captarlibras/raw-data/frontal-cam/22-08-2024_15-31-26_p0042_sP18.4_b4_RAW--ZED-RGB_FRONT.avi,2024-08-22 15:31:26
22-08-2024_15-52-41_p0042_s252_b4_RAW,42,252,Você tem alguma alergia?,Tenho alergia a leite,22-08-2024_15-52-41,/srv/projects2/captarlibras_finep/dataset_captarlibras/raw-data/frontal-cam/22-08-2024_15-52-41_p0042_s252_b4_RAW--ZED-RGB_FRONT.avi,2024-08-22 15:52:41
22-08-2024_15-57-55_p0042_s259_b4_RAW,42,259,Você fuma?,Fumo sim,22-08-2024_15-57-55,/srv/projects2/captarlibras_finep/dataset_captarlibras/raw-data/frontal-cam/22-08-2024_15-57-55_p0042_s259_b4_RAW--ZED-RGB_FRONT.avi,2024-08-22 15:57:55
22-08-2024_16-05-56_p0042_s275_b4_RAW,42,275,Quantas bebidas?,Uma garrafa todo dia,22-08-2024_16-05-56,/srv/projects2/captarlibras_finep/dataset_captarlibras/raw-data/frontal-cam/22-08-2024_16-05-56_p0042_s275_b4_RAW--ZED-RGB_FRONT.avi,2024-08-22 16:05:56
22-08-2024_16-24-22_p0042_s280_b4_RAW,42,280,Quantas bebidas?,Uma taça de vinho uma vez na semana,22-08-2024_16-24-22,/srv/projects2/captarlibras_finep/dataset_captarlibras/raw-data/frontal-cam/22-08-2024_16-24-22_p0042_s280_b4_RAW--ZED-RGB_FRONT.avi,2024-08-22 16:24:22
22-08-2024_16-25-54_p0042_s281_b4_RAW,42,281,Quantas bebidas?,Uma taça de vinho todos os dias,22-08-2024_16-25-54,/srv/projects2/captarlibras_finep/dataset_captarlibras/raw-data/frontal-cam/22-08-2024_16-25-54_p0042_s281_b4_RAW--ZED-RGB_FRONT.avi,2024-08-22 16:25:54
22-08-2024_16-34-32_p0042_s11_b1_RAW,42,11,O que você está sentindo que te fez procurar o hospital?,Dor na garganta,22-08-2024_16-34-32,/srv/projects2/captarlibras_finep/dataset_captarlibras/raw-data/frontal-cam/22-08-2024_16-34-32_p0042_s11_b1_RAW--ZED-RGB_FRONT.avi,2024-08-22 16:34:32
22-08-2024_16-44-10_p0042_s30_b1_RAW,42,30,O que você está sentindo que te fez procurar o hospital?,Feridas na pele,22-08-2024_16-44-10,/srv/projects2/captarlibras_finep/dataset_captarlibras/raw-data/frontal-cam/22-08-2024_16-44-10_p0042_s30_b1_RAW--ZED-RGB_FRONT.avi,2024-08-22 16:44:10
22-08-2024_16-51-09_p0042_s44_b1_RAW,42,44,O que você está sentindo que te fez procurar o hospital?,Pressão arterial alterada,22-08-2024_16-51-09,/srv/projects2/captarlibras_finep/dataset_captarlibras/raw-data/frontal-cam/22-08-2024_16-51-09_p0042_s44_b1_RAW--ZED-RGB_FRONT.avi,2024-08-22 16:51:09
22-08-2024_16-56-49_p0042_s58_b1_RAW,42,58,O que você está sentindo que te fez procurar o hospital?,Trauma físico,22-08-2024_16-56-49,/srv/projects2/captarlibras_finep/dataset_captarlibras/raw-data/frontal-cam/22-08-2024_16-56-49_p0042_s58_b1_RAW--ZED-RGB_FRONT.avi,2024-08-22 16:56:49
22-08-2024_16-58-05_p0042_s62_b1_RAW,42,62,O que você está sentindo que te fez procurar o hospital?,Lesão por arma branca,22-08-2024_16-58-05,/srv/projects2/captarlibras_finep/dataset_captarlibras/raw-data/frontal-cam/22-08-2024_16-58-05_p0042_s62_b1_RAW--ZED-RGB_FRONT.avi,2024-08-22 16:58:05
26-08-2024_15-14-04_p0019_sP01_b1_RAW,19,P01,O que você está sentindo que te fez procurar o hospital?,Pergunta,26-08-2024_15-14-04,/srv/projects2/captarlibras_finep/dataset_captarlibras/raw-data/frontal-cam/26-08-2024_15-14-04_p0019_sP01_b1_RAW--ZED-RGB_FRONT.avi,2024-08-26 15:14:04
26-08-2024_15-41-02_p0019_s58_b1_RAW,19,58,O que você está sentindo que te fez procurar o hospital?,Trauma físico,26-08-2024_15-41-02,/srv/projects2/captarlibras_finep/dataset_captarlibras/raw-data/frontal-cam/26-08-2024_15-41-02_p0019_s58_b1_RAW--ZED-RGB_FRONT.avi,2024-08-26 15:41:02
26-08-2024_15-45-10_p0019_s67_b1_RAW,19,67,O que você está sentindo que te fez procurar o hospital?,Vômitos com sangue,26-08-2024_15-45-10,/srv/projects2/captarlibras_finep/dataset_captarlibras/raw-data/frontal-cam/26-08-2024_15-45-10_p0019_s67_b1_RAW--ZED-RGB_FRONT.avi,2024-08-26 15:45:10
26-08-2024_16-21-58_p0019_sP10_b3_RAW,19,P10,"De 1 a 10, sendo 1 uma dor muito fraca e 10 uma dor insuportável, qual é a intensidade da dor?",Pergunta,26-08-2024_16-21-58,/srv/projects2/captarlibras_finep/dataset_captarlibras/raw-data/frontal-cam/26-08-2024_16-21-58_p0019_sP10_b3_RAW--ZED-RGB_FRONT.avi,2024-08-26 16:21:58
26-08-2024_16-37-07_p0019_sP12_b3_RAW,19,P12,A dor tem uma localização fixa ou se espalha para algum lugar?,Pergunta,26-08-2024_16-37-07,/srv/projects2/captarlibras_finep/dataset_captarlibras/raw-data/frontal-cam/26-08-2024_16-37-07_p0019_sP12_b3_RAW--ZED-RGB_FRONT.avi,2024-08-26 16:37:07
26-08-2024_17-00-01_p0019_sP20_b3_RAW,19,P20,Você trouxe algum relatório médico?,Pergunta,26-08-2024_17-00-01,/srv/projects2/captarlibras_finep/dataset_captarlibras/raw-data/frontal-cam/26-08-2024_17-00-01_p0019_sP20_b3_RAW--ZED-RGB_FRONT.avi,2024-08-26 17:00:01
28-08-2024_09-17-05_p0044_s82_b2_RAW,44,82,Qual é o tempo de duração?,Seis horas,28-08-2024_09-17-05,/srv/projects2/captarlibras_finep/dataset_captarlibras/raw-data/frontal-cam/28-08-2024_09-17-05_p0044_s82_b2_RAW--ZED-RGB_FRONT.avi,2024-08-28 09:17:05
28-08-2024_09-21-15_p0044_s84_b2_RAW,44,84,Qual é o tempo de duração?,Três dias,28-08-2024_09-21-15,/srv/projects2/captarlibras_finep/dataset_captarlibras/raw-data/frontal-cam/28-08-2024_09-21-15_p0044_s84_b2_RAW--ZED-RGB_FRONT.avi,2024-08-28 09:21:15
28-08-2024_09-24-36_p0044_s89_b2_RAW,44,89,Onde é a dor?,Dor de um lado da cabeça,28-08-2024_09-24-36,/srv/projects2/captarlibras_finep/dataset_captarlibras/raw-data/frontal-cam/28-08-2024_09-24-36_p0044_s89_b2_RAW--ZED-RGB_FRONT.avi,2024-08-28 09:24:36
28-08-2024_09-26-10_p0044_s91_b2_RAW,44,91,Onde é a dor?,Dor dos dois lados da cabeça,28-08-2024_09-26-10,/srv/projects2/captarlibras_finep/dataset_captarlibras/raw-data/frontal-cam/28-08-2024_09-26-10_p0044_s91_b2_RAW--ZED-RGB_FRONT.avi,2024-08-28 09:26:10
28-08-2024_09-51-40_p0044_s129_b2_RAW,44,129,Existe algum fator de piora?,Locais com luminosidade excessiva,28-08-2024_09-51-40,/srv/projects2/captarlibras_finep/dataset_captarlibras/raw-data/frontal-cam/28-08-2024_09-51-40_p0044_s129_b2_RAW--ZED-RGB_FRONT.avi,2024-08-28 09:51:40
28-08-2024_15-09-50_p0038_s102_b2_RAW,38,102,Onde é a dor?,Dor no braço direito e esquerdo,28-08-2024_15-09-50,/srv/projects2/captarlibras_finep/dataset_captarlibras/raw-data/frontal-cam/28-08-2024_15-09-50_p0038_s102_b2_RAW--ZED-RGB_FRONT.avi,2024-08-28 15:09:50
28-08-2024_15-20-21_p0038_sP06.3_b2_RAW,38,P06.3,A dor é como se fosse um peso?,Pergunta,28-08-2024_15-20-21,/srv/projects2/captarlibras_finep/dataset_captarlibras/raw-data/frontal-cam/28-08-2024_15-20-21_p0038_sP06.3_b2_RAW--ZED-RGB_FRONT.avi,2024-08-28 15:20:21
28-08-2024_15-37-30_p0038_sP08.2_b2_RAW,38,P08.2,Tem algum fator de melhora?,Pergunta,28-08-2024_15-37-30,/srv/projects2/captarlibras_finep/dataset_captarlibras/raw-data/frontal-cam/28-08-2024_15-37-30_p0038_sP08.2_b2_RAW--ZED-RGB_FRONT.avi,2024-08-28 15:37:30
28-08-2024_16-19-31_p0038_sP01_b1_RAW,38,P01,O que você está sentindo que te fez procurar o hospital?,Pergunta,28-08-2024_16-19-31,/srv/projects2/captarlibras_finep/dataset_captarlibras/raw-data/frontal-cam/28-08-2024_16-19-31_p0038_sP01_b1_RAW--ZED-RGB_FRONT.avi,2024-08-28 16:19:31
28-08-2024_16-50-25_p0038_s58_b1_RAW,38,58,O que você está sentindo que te fez procurar o hospital?,Trauma físico,28-08-2024_16-50-25,/srv/projects2/captarlibras_finep/dataset_captarlibras/raw-data/frontal-cam/28-08-2024_16-50-25_p0038_s58_b1_RAW--ZED-RGB_FRONT.avi,2024-08-28 16:50:25
28-08-2024_16-55-46_p0038_s67_b1_RAW,38,67,O que você está sentindo que te fez procurar o hospital?,Vômitos com sangue,28-08-2024_16-55-46,/srv/projects2/captarlibras_finep/dataset_captarlibras/raw-data/frontal-cam/28-08-2024_16-55-46_p0038_s67_b1_RAW--ZED-RGB_FRONT.avi,2024-08-28 16:55:46
28-08-2024_16-58-39_p0038_sP03_b1_RAW,38,P03,Como começou? O que você estava fazendo?,Pergunta,28-08-2024_16-58-39,/srv/projects2/captarlibras_finep/dataset_captarlibras/raw-data/frontal-cam/28-08-2024_16-58-39_p0038_sP03_b1_RAW--ZED-RGB_FRONT.avi,2024-08-28 16:58:39
29-08-2024_15-25-50_p0045_sP18.2_b4_RAW,45,P18.2,Está com diarreia?,Pergunta,29-08-2024_15-25-50,/srv/projects2/captarlibras_finep/dataset_captarlibras/raw-data/frontal-cam/29-08-2024_15-25-50_p0045_sP18.2_b4_RAW--ZED-RGB_FRONT.avi,2024-08-29 15:25:50
29-08-2024_15-36-02_p0045_sP18.4_b4_RAW,45,P18.4,"Tem sangue, muco ou pus?",Pergunta,29-08-2024_15-36-02,/srv/projects2/captarlibras_finep/dataset_captarlibras/raw-data/frontal-cam/29-08-2024_15-36-02_p0045_sP18.4_b4_RAW--ZED-RGB_FRONT.avi,2024-08-29 15:36:02
29-08-2024_15-47-27_p0045_sP22.1_b4_RAW,45,P22.1,Você tem alguma alergia?,Pergunta,29-08-2024_15-47-27,/srv/projects2/captarlibras_finep/dataset_captarlibras/raw-data/frontal-cam/29-08-2024_15-47-27_p0045_sP22.1_b4_RAW--ZED-RGB_FRONT.avi,2024-08-29 15:47:27
29-08-2024_15-52-00_p0045_s252_b4_RAW,45,252,Você tem alguma alergia?,Tenho alergia a leite,29-08-2024_15-52-00,/srv/projects2/captarlibras_finep/dataset_captarlibras/raw-data/frontal-cam/29-08-2024_15-52-00_p0045_s252_b4_RAW--ZED-RGB_FRONT.avi,2024-08-29 15:52:00
29-08-2024_16-09-03_p0045_sP22.2_b4_RAW,45,P22.2,Tem alergia a algum medicamento?,Pergunta,29-08-2024_16-09-03,/srv/projects2/captarlibras_finep/dataset_captarlibras/raw-data/frontal-cam/29-08-2024_16-09-03_p0045_sP22.2_b4_RAW--ZED-RGB_FRONT.avi,2024-08-29 16:09:03
29-08-2024_16-14-37_p0045_sP24.1_b4_RAW,45,P24.1,Ingere bebida alcoólica?,Pergunta,29-08-2024_16-14-37,/srv/projects2/captarlibras_finep/dataset_captarlibras/raw-data/frontal-cam/29-08-2024_16-14-37_p0045_sP24.1_b4_RAW--ZED-RGB_FRONT.avi,2024-08-29 16:14:37
29-08-2024_16-36-17_p0045_sP25.1_b4_RAW,45,P25.1,"Você fez alguma cirurgia? Se sim, qual?",Pergunta,29-08-2024_16-36-17,/srv/projects2/captarlibras_finep/dataset_captarlibras/raw-data/frontal-cam/29-08-2024_16-36-17_p0045_sP25.1_b4_RAW--ZED-RGB_FRONT.avi,2024-08-29 16:36:17
30-08-2024_16-04-45_p0046_s131_b2_RAW,46,131,Existe algum fator de piora?,Período menstrual,30-08-2024_16-04-45,/srv/projects2/captarlibras_finep/dataset_captarlibras/raw-data/frontal-cam/30-08-2024_16-04-45_p0046_s131_b2_RAW--ZED-RGB_FRONT.avi,2024-08-30 16:04:45
30-08-2024_16-15-21_p0046_sP08.2_b2_RAW,46,P08.2,Tem algum fator de melhora?,Pergunta,30-08-2024_16-15-21,/srv/projects2/captarlibras_finep/dataset_captarlibras/raw-data/frontal-cam/30-08-2024_16-15-21_p0046_sP08.2_b2_RAW--ZED-RGB_FRONT.avi,2024-08-30 16:15:21
30-08-2024_16-17-16_p0046_s147_b2_RAW,46,147,Tem algum fator de melhora?,Ficar em jejum,30-08-2024_16-17-16,/srv/projects2/captarlibras_finep/dataset_captarlibras/raw-data/frontal-cam/30-08-2024_16-17-16_p0046_s147_b2_RAW--ZED-RGB_FRONT.avi,2024-08-30 16:17:16
31-08-2024_12-23-34_p0047_sP09.4_b3_RAW,47,P09.4,Piora ao tomar banho?,Pergunta,31-08-2024_12-23-34,/srv/projects2/captarlibras_finep/dataset_captarlibras/raw-data/frontal-cam/31-08-2024_12-23-34_p0047_sP09.4_b3_RAW--ZED-RGB_FRONT.avi,2024-08-31 12:23:34
31-08-2024_12-26-04_p0047_s164_b3_RAW,47,164,Piora em repouso?,Piora em repouso,31-08-2024_12-26-04,/srv/projects2/captarlibras_finep/dataset_captarlibras/raw-data/frontal-cam/31-08-2024_12-26-04_p0047_s164_b3_RAW--ZED-RGB_FRONT.avi,2024-08-31 12:26:04
31-08-2024_12-46-17_p0047_s169_b3_RAW,47,169,A dor no peito ou falta de ar melhorou com algum medicamento?,Não melhorou com medicamento,31-08-2024_12-46-17,/srv/projects2/captarlibras_finep/dataset_captarlibras/raw-data/frontal-cam/31-08-2024_12-46-17_p0047_s169_b3_RAW--ZED-RGB_FRONT.avi,2024-08-31 12:46:17
31-08-2024_12-48-46_p0047_sP10_b3_RAW,47,P10,"De 1 a 10, sendo 1 uma dor muito fraca e 10 uma dor insuportável, qual é a intensidade da dor?",Pergunta,31-08-2024_12-48-46,/srv/projects2/captarlibras_finep/dataset_captarlibras/raw-data/frontal-cam/31-08-2024_12-48-46_p0047_sP10_b3_RAW--ZED-RGB_FRONT.avi,2024-08-31 12:48:46
31-08-2024_12-56-52_p0047_sP11.1_b3_RAW,47,P11.1,Foi um episódio de dor ou mais episódios?,Pergunta,31-08-2024_12-56-52,/srv/projects2/captarlibras_finep/dataset_captarlibras/raw-data/frontal-cam/31-08-2024_12-56-52_p0047_sP11.1_b3_RAW--ZED-RGB_FRONT.avi,2024-08-31 12:56:52
31-08-2024_13-00-08_p0047_sP11.2_b3_RAW,47,P11.2,Qual a frequência da dor?,Pergunta,31-08-2024_13-00-08,/srv/projects2/captarlibras_finep/dataset_captarlibras/raw-data/frontal-cam/31-08-2024_13-00-08_p0047_sP11.2_b3_RAW--ZED-RGB_FRONT.avi,2024-08-31 13:00:08
31-08-2024_13-12-00_p0047_sP12_b3_RAW,47,P12,A dor tem uma localização fixa ou se espalha para algum lugar?,Pergunta,31-08-2024_13-12-00,/srv/projects2/captarlibras_finep/dataset_captarlibras/raw-data/frontal-cam/31-08-2024_13-12-00_p0047_sP12_b3_RAW--ZED-RGB_FRONT.avi,2024-08-31 13:12:00
31-08-2024_13-15-54_p0047_s185_b3_RAW,47,185,A dor tem uma localização fixa ou se espalha para algum lugar?,A dor irradia para a barriga,31-08-2024_13-15-54,/srv/projects2/captarlibras_finep/dataset_captarlibras/raw-data/frontal-cam/31-08-2024_13-15-54_p0047_s185_b3_RAW--ZED-RGB_FRONT.avi,2024-08-31 13:15:54
31-08-2024_13-18-06_p0047_s188_b3_RAW,47,188,A dor tem uma localização fixa ou se espalha para algum lugar?,A dor irradia para a coxa,31-08-2024_13-18-06,/srv/projects2/captarlibras_finep/dataset_captarlibras/raw-data/frontal-cam/31-08-2024_13-18-06_p0047_s188_b3_RAW--ZED-RGB_FRONT.avi,2024-08-31 13:18:06
31-08-2024_13-19-16_p0047_s189_b3_RAW,47,189,A dor tem uma localização fixa ou se espalha para algum lugar?,A dor irradia para a perna,31-08-2024_13-19-16,/srv/projects2/captarlibras_finep/dataset_captarlibras/raw-data/frontal-cam/31-08-2024_13-19-16_p0047_s189_b3_RAW--ZED-RGB_FRONT.avi,2024-08-31 13:19:16
31-08-2024_13-19-57_p0047_sP13.1_b3_RAW,47,P13.1,A dor piora quando aperta?,Pergunta,31-08-2024_13-19-57,/srv/projects2/captarlibras_finep/dataset_captarlibras/raw-data/frontal-cam/31-08-2024_13-19-57_p0047_sP13.1_b3_RAW--ZED-RGB_FRONT.avi,2024-08-31 13:19:57
31-08-2024_13-20-41_p0047_s190_b3_RAW,47,190,A dor piora quando aperta?,Piora quando aperta,31-08-2024_13-20-41,/srv/projects2/captarlibras_finep/dataset_captarlibras/raw-data/frontal-cam/31-08-2024_13-20-41_p0047_s190_b3_RAW--ZED-RGB_FRONT.avi,2024-08-31 13:20:41
31-08-2024_14-04-39_p0047_sP16_b3_RAW,47,P16,"Se não há espirro e tosse, sente ardor para urinar?",Pergunta,31-08-2024_14-04-39,/srv/projects2/captarlibras_finep/dataset_captarlibras/raw-data/frontal-cam/31-08-2024_14-04-39_p0047_sP16_b3_RAW--ZED-RGB_FRONT.avi,2024-08-31 14:04:39
31-08-2024_14-11-39_p0047_sP20_b3_RAW,47,P20,Você trouxe algum relatório médico?,Pergunta,31-08-2024_14-11-39,/srv/projects2/captarlibras_finep/dataset_captarlibras/raw-data/frontal-cam/31-08-2024_14-11-39_p0047_sP20_b3_RAW--ZED-RGB_FRONT.avi,2024-08-31 14:11:39
31-08-2024_14-14-12_p0047_s242_b3_RAW,47,242,Está usando algum medicamento?,Uso medicamento,31-08-2024_14-14-12,/srv/projects2/captarlibras_finep/dataset_captarlibras/raw-data/frontal-cam/31-08-2024_14-14-12_p0047_s242_b3_RAW--ZED-RGB_FRONT.avi,2024-08-31 14:14:12
31-08-2024_14-14-35_p0047_s244_b3_RAW,47,244,Está usando algum medicamento?,Não uso medicamento,31-08-2024_14-14-35,/srv/projects2/captarlibras_finep/dataset_captarlibras/raw-data/frontal-cam/31-08-2024_14-14-35_p0047_s244_b3_RAW--ZED-RGB_FRONT.avi,2024-08-31 14:14:35
03-09-2024_14-27-51_p0048_s162_b3_RAW,48,162,Piora ao tomar banho?,Piora ao tomar banho,03-09-2024_14-27-51,/srv/projects2/captarlibras_finep/dataset_captarlibras/raw-data/frontal-cam/03-09-2024_14-27-51_p0048_s162_b3_RAW--ZED-RGB_FRONT.avi,2024-09-03 14:27:51
03-09-2024_15-11-24_p0048_s190_b3_RAW,48,190,A dor piora quando aperta?,Piora quando aperta,03-09-2024_15-11-24,/srv/projects2/captarlibras_finep/dataset_captarlibras/raw-data/frontal-cam/03-09-2024_15-11-24_p0048_s190_b3_RAW--ZED-RGB_FRONT.avi,2024-09-03 15:11:24
03-09-2024_15-49-46_p0048_sP21.2_b3_RAW,48,P21.2,Está usando algum medicamento?,Pergunta,03-09-2024_15-49-46,/srv/projects2/captarlibras_finep/dataset_captarlibras/raw-data/frontal-cam/03-09-2024_15-49-46_p0048_sP21.2_b3_RAW--ZED-RGB_FRONT.avi,2024-09-03 15:49:46
04-09-2024_14-20-32_p0044_sP18.3_b4_RAW,44,P18.3,Como é a diarreia?,Pergunta,04-09-2024_14-20-32,/srv/projects2/captarlibras_finep/dataset_captarlibras/raw-data/frontal-cam/04-09-2024_14-20-32_p0044_sP18.3_b4_RAW--ZED-RGB_FRONT.avi,2024-09-04 14:20:32
04-09-2024_14-26-16_p0044_sP18.4_b4_RAW,44,P18.4,"Tem sangue, muco ou pus?",Pergunta,04-09-2024_14-26-16,/srv/projects2/captarlibras_finep/dataset_captarlibras/raw-data/frontal-cam/04-09-2024_14-26-16_p0044_sP18.4_b4_RAW--ZED-RGB_FRONT.avi,2024-09-04 14:26:16
04-09-2024_14-43-41_p0044_s254_b4_RAW,44,254,Você tem alguma alergia?,Tenho alergia a frutos do mar,04-09-2024_14-43-41,/srv/projects2/captarlibras_finep/dataset_captarlibras/raw-data/frontal-cam/04-09-2024_14-43-41_p0044_s254_b4_RAW--ZED-RGB_FRONT.avi,2024-09-04 14:43:41
04-09-2024_14-45-48_p0044_sP22.2_b4_RAW,44,P22.2,Tem alergia a algum medicamento?,Pergunta,04-09-2024_14-45-48,/srv/projects2/captarlibras_finep/dataset_captarlibras/raw-data/frontal-cam/04-09-2024_14-45-48_p0044_sP22.2_b4_RAW--ZED-RGB_FRONT.avi,2024-09-04 14:45:48
04-09-2024_15-42-25_p0044_sP01_b1_RAW,44,P01,O que você está sentindo que te fez procurar o hospital?,Pergunta,04-09-2024_15-42-25,/srv/projects2/captarlibras_finep/dataset_captarlibras/raw-data/frontal-cam/04-09-2024_15-42-25_p0044_sP01_b1_RAW--ZED-RGB_FRONT.avi,2024-09-04 15:42:25
04-09-2024_16-00-03_p0044_s31_b1_RAW,44,31,O que você está sentindo que te fez procurar o hospital?,Manchas na pele,04-09-2024_16-00-03,/srv/projects2/captarlibras_finep/dataset_captarlibras/raw-data/frontal-cam/04-09-2024_16-00-03_p0044_s31_b1_RAW--ZED-RGB_FRONT.avi,2024-09-04 16:00:03
04-09-2024_16-00-45_p0044_s32_b1_RAW,44,32,O que você está sentindo que te fez procurar o hospital?,Pele com manchas vermelhas,04-09-2024_16-00-45,/srv/projects2/captarlibras_finep/dataset_captarlibras/raw-data/frontal-cam/04-09-2024_16-00-45_p0044_s32_b1_RAW--ZED-RGB_FRONT.avi,2024-09-04 16:00:45
04-09-2024_16-02-35_p0044_s36_b1_RAW,44,36,O que você está sentindo que te fez procurar o hospital?,Excesso de suor,04-09-2024_16-02-35,/srv/projects2/captarlibras_finep/dataset_captarlibras/raw-data/frontal-cam/04-09-2024_16-02-35_p0044_s36_b1_RAW--ZED-RGB_FRONT.avi,2024-09-04 16:02:35
05-09-2024_14-32-08_p0047_sP01_b1_RAW,47,P01,O que você está sentindo que te fez procurar o hospital?,Pergunta,05-09-2024_14-32-08,/srv/projects2/captarlibras_finep/dataset_captarlibras/raw-data/frontal-cam/05-09-2024_14-32-08_p0047_sP01_b1_RAW--ZED-RGB_FRONT.avi,2024-09-05 14:32:08
05-09-2024_15-09-29_p0047_s36_b1_RAW,47,36,O que você está sentindo que te fez procurar o hospital?,Excesso de suor,05-09-2024_15-09-29,/srv/projects2/captarlibras_finep/dataset_captarlibras/raw-data/frontal-cam/05-09-2024_15-09-29_p0047_s36_b1_RAW--ZED-RGB_FRONT.avi,2024-09-05 15:09:29
05-09-2024_15-12-55_p0047_s36_b1_RAW,47,36,O que você está sentindo que te fez procurar o hospital?,Excesso de suor,05-09-2024_15-12-55,/srv/projects2/captarlibras_finep/dataset_captarlibras/raw-data/frontal-cam/05-09-2024_15-12-55_p0047_s36_b1_RAW--ZED-RGB_FRONT.avi,2024-09-05 15:12:55
05-09-2024_15-24-03_p0047_s55_b1_RAW,47,55,O que você está sentindo que te fez procurar o hospital?,Sangramento pelo nariz,05-09-2024_15-24-03,/srv/projects2/captarlibras_finep/dataset_captarlibras/raw-data/frontal-cam/05-09-2024_15-24-03_p0047_s55_b1_RAW--ZED-RGB_FRONT.avi,2024-09-05 15:24:03
05-09-2024_15-25-37_p0047_s58_b1_RAW,47,58,O que você está sentindo que te fez procurar o hospital?,Trauma físico,05-09-2024_15-25-37,/srv/projects2/captarlibras_finep/dataset_captarlibras/raw-data/frontal-cam/05-09-2024_15-25-37_p0047_s58_b1_RAW--ZED-RGB_FRONT.avi,2024-09-05 15:25:37
05-09-2024_15-31-46_p0047_sP02_b1_RAW,47,P02,Quando começou?,Pergunta,05-09-2024_15-31-46,/srv/projects2/captarlibras_finep/dataset_captarlibras/raw-data/frontal-cam/05-09-2024_15-31-46_p0047_sP02_b1_RAW--ZED-RGB_FRONT.avi,2024-09-05 15:31:46
05-09-2024_15-41-20_p0047_sP18.2_b4_RAW,47,P18.2,Está com diarreia?,Pergunta,05-09-2024_15-41-20,/srv/projects2/captarlibras_finep/dataset_captarlibras/raw-data/frontal-cam/05-09-2024_15-41-20_p0047_sP18.2_b4_RAW--ZED-RGB_FRONT.avi,2024-09-05 15:41:20
05-09-2024_15-44-00_p0047_s214_b4_RAW,47,214,Como é a diarreia?,Brilhante,05-09-2024_15-44-00,/srv/projects2/captarlibras_finep/dataset_captarlibras/raw-data/frontal-cam/05-09-2024_15-44-00_p0047_s214_b4_RAW--ZED-RGB_FRONT.avi,2024-09-05 15:44:00
05-09-2024_15-49-27_p0047_s221_b4_RAW,47,221,Como é a diarreia?,Com pus,05-09-2024_15-49-27,/srv/projects2/captarlibras_finep/dataset_captarlibras/raw-data/frontal-cam/05-09-2024_15-49-27_p0047_s221_b4_RAW--ZED-RGB_FRONT.avi,2024-09-05 15:49:27
05-09-2024_15-52-14_p0047_sP18.4_b4_RAW,47,P18.4,"Tem sangue, muco ou pus?",Pergunta,05-09-2024_15-52-14,/srv/projects2/captarlibras_finep/dataset_captarlibras/raw-data/frontal-cam/05-09-2024_15-52-14_p0047_sP18.4_b4_RAW--ZED-RGB_FRONT.avi,2024-09-05 15:52:14
05-09-2024_16-17-48_p0047_sP22.2_b4_RAW,47,P22.2,Tem alergia a algum medicamento?,Pergunta,05-09-2024_16-17-48,/srv/projects2/captarlibras_finep/dataset_captarlibras/raw-data/frontal-cam/05-09-2024_16-17-48_p0047_sP22.2_b4_RAW--ZED-RGB_FRONT.avi,2024-09-05 16:17:48
05-09-2024_16-33-24_p0047_s276_b4_RAW,47,276,Quantas bebidas?,Uma garrafa uma vez por semana,05-09-2024_16-33-24,/srv/projects2/captarlibras_finep/dataset_captarlibras/raw-data/frontal-cam/05-09-2024_16-33-24_p0047_s276_b4_RAW--ZED-RGB_FRONT.avi,2024-09-05 16:33:24
05-09-2024_16-34-12_p0047_s278_b4_RAW,47,278,Quantas bebidas?,Uma dose todos os dias,05-09-2024_16-34-12,/srv/projects2/captarlibras_finep/dataset_captarlibras/raw-data/frontal-cam/05-09-2024_16-34-12_p0047_s278_b4_RAW--ZED-RGB_FRONT.avi,2024-09-05 16:34:12
05-09-2024_16-36-39_p0047_s280_b4_RAW,47,280,Quantas bebidas?,Uma taça de vinho uma vez na semana,05-09-2024_16-36-39,/srv/projects2/captarlibras_finep/dataset_captarlibras/raw-data/frontal-cam/05-09-2024_16-36-39_p0047_s280_b4_RAW--ZED-RGB_FRONT.avi,2024-09-05 16:36:39
05-09-2024_16-43-44_p0047_sP25.1_b4_RAW,47,P25.1,"Você fez alguma cirurgia? Se sim, qual?",Pergunta,05-09-2024_16-43-44,/srv/projects2/captarlibras_finep/dataset_captarlibras/raw-data/frontal-cam/05-09-2024_16-43-44_p0047_sP25.1_b4_RAW--ZED-RGB_FRONT.avi,2024-09-05 16:43:44
06-09-2024_15-11-37_p0047_sP04_b2_RAW,47,P04,Qual é o tempo de duração?,Pergunta,06-09-2024_15-11-37,/srv/projects2/captarlibras_finep/dataset_captarlibras/raw-data/frontal-cam/06-09-2024_15-11-37_p0047_sP04_b2_RAW--ZED-RGB_FRONT.avi,2024-09-06 15:11:37
06-09-2024_15-14-38_p0047_s85_b2_RAW,47,85,Qual é o tempo de duração?,Uma semana,06-09-2024_15-14-38,/srv/projects2/captarlibras_finep/dataset_captarlibras/raw-data/frontal-cam/06-09-2024_15-14-38_p0047_s85_b2_RAW--ZED-RGB_FRONT.avi,2024-09-06 15:14:38
06-09-2024_15-19-14_p0047_s93_b2_RAW,47,93,Onde é a dor?,Dor na nuca,06-09-2024_15-19-14,/srv/projects2/captarlibras_finep/dataset_captarlibras/raw-data/frontal-cam/06-09-2024_15-19-14_p0047_s93_b2_RAW--ZED-RGB_FRONT.avi,2024-09-06 15:19:14
06-09-2024_15-26-35_p0047_sP06.2_b2_RAW,47,P06.2,Como é a dor? ,Pergunta,06-09-2024_15-26-35,/srv/projects2/captarlibras_finep/dataset_captarlibras/raw-data/frontal-cam/06-09-2024_15-26-35_p0047_sP06.2_b2_RAW--ZED-RGB_FRONT.avi,2024-09-06 15:26:35
06-09-2024_15-37-08_p0047_sP06.6_b2_RAW,47,P06.6,A dor é como se fosse um choque?,Pergunta,06-09-2024_15-37-08,/srv/projects2/captarlibras_finep/dataset_captarlibras/raw-data/frontal-cam/06-09-2024_15-37-08_p0047_sP06.6_b2_RAW--ZED-RGB_FRONT.avi,2024-09-06 15:37:08
06-09-2024_15-39-49_p0047_sP07_b2_RAW,47,P07,"Junto desse sintoma, você sente mais alguma coisa?",Pergunta,06-09-2024_15-39-49,/srv/projects2/captarlibras_finep/dataset_captarlibras/raw-data/frontal-cam/06-09-2024_15-39-49_p0047_sP07_b2_RAW--ZED-RGB_FRONT.avi,2024-09-06 15:39:49
06-09-2024_15-50-21_p0047_s131_b2_RAW,47,131,Existe algum fator de piora?,Período menstrual,06-09-2024_15-50-21,/srv/projects2/captarlibras_finep/dataset_captarlibras/raw-data/frontal-cam/06-09-2024_15-50-21_p0047_s131_b2_RAW--ZED-RGB_FRONT.avi,2024-09-06 15:50:21
06-09-2024_15-59-37_p0047_sP08.2_b2_RAW,47,P08.2,Tem algum fator de melhora?,Pergunta,06-09-2024_15-59-37,/srv/projects2/captarlibras_finep/dataset_captarlibras/raw-data/frontal-cam/06-09-2024_15-59-37_p0047_sP08.2_b2_RAW--ZED-RGB_FRONT.avi,2024-09-06 15:59:37
10-09-2024_13-57-42_p0048_s148.6_b2_RAW,48,148.6,Alfabeto completo,F,10-09-2024_13-57-42,/srv/projects2/captarlibras_finep/dataset_captarlibras/raw-data/frontal-cam/10-09-2024_13-57-42_p0048_s148.6_b2_RAW--ZED-RGB_FRONT.avi,2024-09-10 13:57:42
10-09-2024_14-14-56_p0048_s94_b2_RAW,48,94,Onde é a dor?,Dor no ouvido direito e esquerdo,10-09-2024_14-14-56,/srv/projects2/captarlibras_finep/dataset_captarlibras/raw-data/frontal-cam/10-09-2024_14-14-56_p0048_s94_b2_RAW--ZED-RGB_FRONT.avi,2024-09-10 14:14:56
10-09-2024_14-19-40_p0048_s102_b2_RAW,48,102,Onde é a dor?,Dor no braço direito e esquerdo,10-09-2024_14-19-40,/srv/projects2/captarlibras_finep/dataset_captarlibras/raw-data/frontal-cam/10-09-2024_14-19-40_p0048_s102_b2_RAW--ZED-RGB_FRONT.avi,2024-09-10 14:19:40
10-09-2024_14-20-09_p0048_s103_b2_RAW,48,103,Onde é a dor?,Dor no joelho direito e esquerdo,10-09-2024_14-20-09,/srv/projects2/captarlibras_finep/dataset_captarlibras/raw-data/frontal-cam/10-09-2024_14-20-09_p0048_s103_b2_RAW--ZED-RGB_FRONT.avi,2024-09-10 14:20:09
10-09-2024_14-21-19_p0048_s104_b2_RAW,48,104,Onde é a dor?,Dor na perna direita e esquerda,10-09-2024_14-21-19,/srv/projects2/captarlibras_finep/dataset_captarlibras/raw-data/frontal-cam/10-09-2024_14-21-19_p0048_s104_b2_RAW--ZED-RGB_FRONT.avi,2024-09-10 14:21:19
10-09-2024_14-35-03_p0048_s122_b2_RAW,48,122,"Junto desse sintoma, você sente mais alguma coisa?",Aumento da vontade de urinar,10-09-2024_14-35-03,/srv/projects2/captarlibras_finep/dataset_captarlibras/raw-data/frontal-cam/10-09-2024_14-35-03_p0048_s122_b2_RAW--ZED-RGB_FRONT.avi,2024-09-10 14:35:03
10-09-2024_14-44-08_p0048_s131_b2_RAW,48,131,Existe algum fator de piora?,Período menstrual,10-09-2024_14-44-08,/srv/projects2/captarlibras_finep/dataset_captarlibras/raw-data/frontal-cam/10-09-2024_14-44-08_p0048_s131_b2_RAW--ZED-RGB_FRONT.avi,2024-09-10 14:44:08
10-09-2024_16-40-06_p0045_s161_b3_RAW,45,161,Piora ao andar no plano?,Não piora ao andar no plano,10-09-2024_16-40-06,/srv/projects2/captarlibras_finep/dataset_captarlibras/raw-data/frontal-cam/10-09-2024_16-40-06_p0045_s161_b3_RAW--ZED-RGB_FRONT.avi,2024-09-10 16:40:06
10-09-2024_16-42-36_p0045_sP09.5_b3_RAW,45,P09.5,Piora em repouso?,Pergunta,10-09-2024_16-42-36,/srv/projects2/captarlibras_finep/dataset_captarlibras/raw-data/frontal-cam/10-09-2024_16-42-36_p0045_sP09.5_b3_RAW--ZED-RGB_FRONT.avi,2024-09-10 16:42:36
10-09-2024_16-50-04_p0045_sP09.7_b3_RAW,45,P09.7,A dor no peito ou falta de ar melhorou com algum medicamento?,Pergunta,10-09-2024_16-50-04,/srv/projects2/captarlibras_finep/dataset_captarlibras/raw-data/frontal-cam/10-09-2024_16-50-04_p0045_sP09.7_b3_RAW--ZED-RGB_FRONT.avi,2024-09-10 16:50:04
10-09-2024_16-52-18_p0045_sP10_b3_RAW,45,P10,"De 1 a 10, sendo 1 uma dor muito fraca e 10 uma dor insuportável, qual é a intensidade da dor?",Pergunta,10-09-2024_16-52-18,/srv/projects2/captarlibras_finep/dataset_captarlibras/raw-data/frontal-cam/10-09-2024_16-52-18_p0045_sP10_b3_RAW--ZED-RGB_FRONT.avi,2024-09-10 16:52:18
10-09-2024_17-12-06_p0045_sP12_b3_RAW,45,P12,A dor tem uma localização fixa ou se espalha para algum lugar?,Pergunta,10-09-2024_17-12-06,/srv/projects2/captarlibras_finep/dataset_captarlibras/raw-data/frontal-cam/10-09-2024_17-12-06_p0045_sP12_b3_RAW--ZED-RGB_FRONT.avi,2024-09-10 17:12:06
10-09-2024_17-32-04_p0045_sP15.3_b3_RAW,45,P15.3,Tosse é com ou sem catarro?,Pergunta,10-09-2024_17-32-04,/srv/projects2/captarlibras_finep/dataset_captarlibras/raw-data/frontal-cam/10-09-2024_17-32-04_p0045_sP15.3_b3_RAW--ZED-RGB_FRONT.avi,2024-09-10 17:32:04
10-09-2024_17-38-23_p0045_sP16_b3_RAW,45,P16,"Se não há espirro e tosse, sente ardor para urinar?",Pergunta,10-09-2024_17-38-23,/srv/projects2/captarlibras_finep/dataset_captarlibras/raw-data/frontal-cam/10-09-2024_17-38-23_p0045_sP16_b3_RAW--ZED-RGB_FRONT.avi,2024-09-10 17:38:23
10-09-2024_17-40-35_p0045_s204_b3_RAW,45,204,Quantas doses?,Duas doses,10-09-2024_17-40-35,/srv/projects2/captarlibras_finep/dataset_captarlibras/raw-data/frontal-cam/10-09-2024_17-40-35_p0045_s204_b3_RAW--ZED-RGB_FRONT.avi,2024-09-10 17:40:35
10-09-2024_17-41-03_p0045_s205_b3_RAW,45,205,Quantas doses?,Três doses,10-09-2024_17-41-03,/srv/projects2/captarlibras_finep/dataset_captarlibras/raw-data/frontal-cam/10-09-2024_17-41-03_p0045_s205_b3_RAW--ZED-RGB_FRONT.avi,2024-09-10 17:41:03
10-09-2024_17-41-26_p0045_s206_b3_RAW,45,206,Quantas doses?,Quatro doses,10-09-2024_17-41-26,/srv/projects2/captarlibras_finep/dataset_captarlibras/raw-data/frontal-cam/10-09-2024_17-41-26_p0045_s206_b3_RAW--ZED-RGB_FRONT.avi,2024-09-10 17:41:26
10-09-2024_17-51-41_p0045_s242_b3_RAW,45,242,Está usando algum medicamento?,Uso medicamento,10-09-2024_17-51-41,/srv/projects2/captarlibras_finep/dataset_captarlibras/raw-data/frontal-cam/10-09-2024_17-51-41_p0045_s242_b3_RAW--ZED-RGB_FRONT.avi,2024-09-10 17:51:41
13-09-2024_15-13-25_p0046_sP18.1_b4_RAW,46,P18.1,Está enjoado ou com vômitos?,Pergunta,13-09-2024_15-13-25,/srv/projects2/captarlibras_finep/dataset_captarlibras/raw-data/frontal-cam/13-09-2024_15-13-25_p0046_sP18.1_b4_RAW--ZED-RGB_FRONT.avi,2024-09-13 15:13:25
13-09-2024_15-14-50_p0046_sP18.3_b4_RAW,46,P18.3,Como é a diarreia?,Pergunta,13-09-2024_15-14-50,/srv/projects2/captarlibras_finep/dataset_captarlibras/raw-data/frontal-cam/13-09-2024_15-14-50_p0046_sP18.3_b4_RAW--ZED-RGB_FRONT.avi,2024-09-13 15:14:50
13-09-2024_15-22-58_p0046_sP18.4_b4_RAW,46,P18.4,"Tem sangue, muco ou pus?",Pergunta,13-09-2024_15-22-58,/srv/projects2/captarlibras_finep/dataset_captarlibras/raw-data/frontal-cam/13-09-2024_15-22-58_p0046_sP18.4_b4_RAW--ZED-RGB_FRONT.avi,2024-09-13 15:22:58
13-09-2024_15-36-29_p0046_sP22.1_b4_RAW,46,P22.1,Você tem alguma alergia?,Pergunta,13-09-2024_15-36-29,/srv/projects2/captarlibras_finep/dataset_captarlibras/raw-data/frontal-cam/13-09-2024_15-36-29_p0046_sP22.1_b4_RAW--ZED-RGB_FRONT.avi,2024-09-13 15:36:29
13-09-2024_16-20-27_p0046_sP01_b1_RAW,46,P01,O que você está sentindo que te fez procurar o hospital?,Pergunta,13-09-2024_16-20-27,/srv/projects2/captarlibras_finep/dataset_captarlibras/raw-data/frontal-cam/13-09-2024_16-20-27_p0046_sP01_b1_RAW--ZED-RGB_FRONT.avi,2024-09-13 16:20:27
13-09-2024_16-44-38_p0046_s56_b1_RAW,46,56,O que você está sentindo que te fez procurar o hospital?,Sangramento nas fezes,13-09-2024_16-44-38,/srv/projects2/captarlibras_finep/dataset_captarlibras/raw-data/frontal-cam/13-09-2024_16-44-38_p0046_s56_b1_RAW--ZED-RGB_FRONT.avi,2024-09-13 16:44:38
13-09-2024_16-50-44_p0046_s68_b1_RAW,46,68,Quando começou?,Quinze minutos,13-09-2024_16-50-44,/srv/projects2/captarlibras_finep/dataset_captarlibras/raw-data/frontal-cam/13-09-2024_16-50-44_p0046_s68_b1_RAW--ZED-RGB_FRONT.avi,2024-09-13 16:50:44
13-09-2024_16-52-37_p0046_sP03_b1_RAW,46,P03,Como começou? O que você estava fazendo?,Pergunta,13-09-2024_16-52-37,/srv/projects2/captarlibras_finep/dataset_captarlibras/raw-data/frontal-cam/13-09-2024_16-52-37_p0046_sP03_b1_RAW--ZED-RGB_FRONT.avi,2024-09-13 16:52:37
16-09-2024_16-29-51_p0045_sP01_b1_RAW,45,P01,O que você está sentindo que te fez procurar o hospital?,Pergunta,16-09-2024_16-29-51,/srv/projects2/captarlibras_finep/dataset_captarlibras/raw-data/frontal-cam/16-09-2024_16-29-51_p0045_sP01_b1_RAW--ZED-RGB_FRONT.avi,2024-09-16 16:29:51
16-09-2024_17-11-44_p0045_sP02_b1_RAW,45,P02,Quando começou?,Pergunta,16-09-2024_17-11-44,/srv/projects2/captarlibras_finep/dataset_captarlibras/raw-data/frontal-cam/16-09-2024_17-11-44_p0045_sP02_b1_RAW--ZED-RGB_FRONT.avi,2024-09-16 17:11:44
16-09-2024_17-14-27_p0045_sP03_b1_RAW,45,P03,Como começou? O que você estava fazendo?,Pergunta,16-09-2024_17-14-27,/srv/projects2/captarlibras_finep/dataset_captarlibras/raw-data/frontal-cam/16-09-2024_17-14-27_p0045_sP03_b1_RAW--ZED-RGB_FRONT.avi,2024-09-16 17:14:27
17-09-2024_14-45-44_p0048_s36_b1_RAW,48,36,O que você está sentindo que te fez procurar o hospital?,Excesso de suor,17-09-2024_14-45-44,/srv/projects2/captarlibras_finep/dataset_captarlibras/raw-data/frontal-cam/17-09-2024_14-45-44_p0048_s36_b1_RAW--ZED-RGB_FRONT.avi,2024-09-17 14:45:44
17-09-2024_15-30-04_p0048_sP18.2_b4_RAW,48,P18.2,Está com diarreia?,Pergunta,17-09-2024_15-30-04,/srv/projects2/captarlibras_finep/dataset_captarlibras/raw-data/frontal-cam/17-09-2024_15-30-04_p0048_sP18.2_b4_RAW--ZED-RGB_FRONT.avi,2024-09-17 15:30:04
17-09-2024_15-37-30_p0048_sP18.4_b4_RAW,48,P18.4,"Tem sangue, muco ou pus?",Pergunta,17-09-2024_15-37-30,/srv/projects2/captarlibras_finep/dataset_captarlibras/raw-data/frontal-cam/17-09-2024_15-37-30_p0048_sP18.4_b4_RAW--ZED-RGB_FRONT.avi,2024-09-17 15:37:30
17-09-2024_15-56-13_p0048_s251_b4_RAW,48,251,Você tem alguma alergia?,Tenho alergia a látex,17-09-2024_15-56-13,/srv/projects2/captarlibras_finep/dataset_captarlibras/raw-data/frontal-cam/17-09-2024_15-56-13_p0048_s251_b4_RAW--ZED-RGB_FRONT.avi,2024-09-17 15:56:13
17-09-2024_16-03-07_p0048_sP22.2_b4_RAW,48,P22.2,Tem alergia a algum medicamento?,Pergunta,17-09-2024_16-03-07,/srv/projects2/captarlibras_finep/dataset_captarlibras/raw-data/frontal-cam/17-09-2024_16-03-07_p0048_sP22.2_b4_RAW--ZED-RGB_FRONT.avi,2024-09-17 16:03:07
17-09-2024_16-06-43_p0048_s260_b4_RAW,48,260,Você fuma?,Não fumo,17-09-2024_16-06-43,/srv/projects2/captarlibras_finep/dataset_captarlibras/raw-data/frontal-cam/17-09-2024_16-06-43_p0048_s260_b4_RAW--ZED-RGB_FRONT.avi,2024-09-17 16:06:43
17-09-2024_16-09-31_p0048_sP24.1_b4_RAW,48,P24.1,Ingere bebida alcoólica?,Pergunta,17-09-2024_16-09-31,/srv/projects2/captarlibras_finep/dataset_captarlibras/raw-data/frontal-cam/17-09-2024_16-09-31_p0048_sP24.1_b4_RAW--ZED-RGB_FRONT.avi,2024-09-17 16:09:31
28-09-2024_13-01-22_p0016_sP18.2_b4_RAW,16,P18.2,Está com diarreia?,Pergunta,28-09-2024_13-01-22,/srv/projects2/captarlibras_finep/dataset_captarlibras/raw-data/frontal-cam/28-09-2024_13-01-22_p0016_sP18.2_b4_RAW--ZED-RGB_FRONT.avi,2024-09-28 13:01:22
28-09-2024_13-11-26_p0016_sP18.4_b4_RAW,16,P18.4,"Tem sangue, muco ou pus?",Pergunta,28-09-2024_13-11-26,/srv/projects2/captarlibras_finep/dataset_captarlibras/raw-data/frontal-cam/28-09-2024_13-11-26_p0016_sP18.4_b4_RAW--ZED-RGB_FRONT.avi,2024-09-28 13:11:26
28-09-2024_13-14-21_p0016_sP19.1_b4_RAW,16,P19.1,Você faz tratamento para alguma doença? Qual?,Pergunta,28-09-2024_13-14-21,/srv/projects2/captarlibras_finep/dataset_captarlibras/raw-data/frontal-cam/28-09-2024_13-14-21_p0016_sP19.1_b4_RAW--ZED-RGB_FRONT.avi,2024-09-28 13:14:21
28-09-2024_13-33-49_p0016_sP22.2_b4_RAW,16,P22.2,Tem alergia a algum medicamento?,Pergunta,28-09-2024_13-33-49,/srv/projects2/captarlibras_finep/dataset_captarlibras/raw-data/frontal-cam/28-09-2024_13-33-49_p0016_sP22.2_b4_RAW--ZED-RGB_FRONT.avi,2024-09-28 13:33:49
28-09-2024_13-37-34_p0016_s263_b4_RAW,16,263,Há quanto tempo?,Dez anos,28-09-2024_13-37-34,/srv/projects2/captarlibras_finep/dataset_captarlibras/raw-data/frontal-cam/28-09-2024_13-37-34_p0016_s263_b4_RAW--ZED-RGB_FRONT.avi,2024-09-28 13:37:34
28-09-2024_13-39-22_p0016_sP24.1_b4_RAW,16,P24.1,Ingere bebida alcoólica?,Pergunta,28-09-2024_13-39-22,/srv/projects2/captarlibras_finep/dataset_captarlibras/raw-data/frontal-cam/28-09-2024_13-39-22_p0016_sP24.1_b4_RAW--ZED-RGB_FRONT.avi,2024-09-28 13:39:22
28-09-2024_13-42-50_p0016_sP24.3_b4_RAW,16,P24.3,Quantas bebidas?,Pergunta,28-09-2024_13-42-50,/srv/projects2/captarlibras_finep/dataset_captarlibras/raw-data/frontal-cam/28-09-2024_13-42-50_p0016_sP24.3_b4_RAW--ZED-RGB_FRONT.avi,2024-09-28 13:42:50
28-09-2024_13-58-41_p0016_sP25.1_b4_RAW,16,P25.1,"Você fez alguma cirurgia? Se sim, qual?",Pergunta,28-09-2024_13-58-41,/srv/projects2/captarlibras_finep/dataset_captarlibras/raw-data/frontal-cam/28-09-2024_13-58-41_p0016_sP25.1_b4_RAW--ZED-RGB_FRONT.avi,2024-09-28 13:58:41
28-09-2024_14-00-43_p0016_sP01_b1_RAW,16,P01,O que você está sentindo que te fez procurar o hospital?,Pergunta,28-09-2024_14-00-43,/srv/projects2/captarlibras_finep/dataset_captarlibras/raw-data/frontal-cam/28-09-2024_14-00-43_p0016_sP01_b1_RAW--ZED-RGB_FRONT.avi,2024-09-28 14:00:43
28-09-2024_14-11-10_p0016_s22_b1_RAW,16,22,O que você está sentindo que te fez procurar o hospital?,Diarreia com sangue,28-09-2024_14-11-10,/srv/projects2/captarlibras_finep/dataset_captarlibras/raw-data/frontal-cam/28-09-2024_14-11-10_p0016_s22_b1_RAW--ZED-RGB_FRONT.avi,2024-09-28 14:11:10
28-09-2024_14-29-55_p0016_s58_b1_RAW,16,58,O que você está sentindo que te fez procurar o hospital?,Trauma físico,28-09-2024_14-29-55,/srv/projects2/captarlibras_finep/dataset_captarlibras/raw-data/frontal-cam/28-09-2024_14-29-55_p0016_s58_b1_RAW--ZED-RGB_FRONT.avi,2024-09-28 14:29:55
28-09-2024_14-34-42_p0016_sP02_b1_RAW,16,P02,Quando começou?,Pergunta,28-09-2024_14-34-42,/srv/projects2/captarlibras_finep/dataset_captarlibras/raw-data/frontal-cam/28-09-2024_14-34-42_p0016_sP02_b1_RAW--ZED-RGB_FRONT.avi,2024-09-28 14:34:42
28-09-2024_14-36-30_p0016_sP03_b1_RAW,16,P03,Como começou? O que você estava fazendo?,Pergunta,28-09-2024_14-36-30,/srv/projects2/captarlibras_finep/dataset_captarlibras/raw-data/frontal-cam/28-09-2024_14-36-30_p0016_sP03_b1_RAW--ZED-RGB_FRONT.avi,2024-09-28 14:36:30
30-09-2024_15-32-14_p0049_sP18.4_b4_RAW,49,P18.4,"Tem sangue, muco ou pus?",Pergunta,30-09-2024_15-32-14,/srv/projects2/captarlibras_finep/dataset_captarlibras/raw-data/frontal-cam/30-09-2024_15-32-14_p0049_sP18.4_b4_RAW--ZED-RGB_FRONT.avi,2024-09-30 15:32:14
30-09-2024_15-36-04_p0049_sP19.1_b4_RAW,49,P19.1,Você faz tratamento para alguma doença? Qual?,Pergunta,30-09-2024_15-36-04,/srv/projects2/captarlibras_finep/dataset_captarlibras/raw-data/frontal-cam/30-09-2024_15-36-04_p0049_sP19.1_b4_RAW--ZED-RGB_FRONT.avi,2024-09-30 15:36:04
30-09-2024_15-42-02_p0049_s236_b4_RAW,49,236,Você faz tratamento para alguma doença? Qual?,Cirrose,30-09-2024_15-42-02,/srv/projects2/captarlibras_finep/dataset_captarlibras/raw-data/frontal-cam/30-09-2024_15-42-02_p0049_s236_b4_RAW--ZED-RGB_FRONT.avi,2024-09-30 15:42:02
30-09-2024_15-53-22_p0049_sP22.2_b4_RAW,49,P22.2,Tem alergia a algum medicamento?,Pergunta,30-09-2024_15-53-22,/srv/projects2/captarlibras_finep/dataset_captarlibras/raw-data/frontal-cam/30-09-2024_15-53-22_p0049_sP22.2_b4_RAW--ZED-RGB_FRONT.avi,2024-09-30 15:53:22
30-09-2024_16-09-56_p0049_s276_b4_RAW,49,276,Quantas bebidas?,Uma garrafa uma vez por semana,30-09-2024_16-09-56,/srv/projects2/captarlibras_finep/dataset_captarlibras/raw-data/frontal-cam/30-09-2024_16-09-56_p0049_s276_b4_RAW--ZED-RGB_FRONT.avi,2024-09-30 16:09:56
30-09-2024_16-15-24_p0049_sP25.1_b4_RAW,49,P25.1,"Você fez alguma cirurgia? Se sim, qual?",Pergunta,30-09-2024_16-15-24,/srv/projects2/captarlibras_finep/dataset_captarlibras/raw-data/frontal-cam/30-09-2024_16-15-24_p0049_sP25.1_b4_RAW--ZED-RGB_FRONT.avi,2024-09-30 16:15:24
03-10-2024_14-44-12_p0050_s161_b3_RAW,50,161,Piora ao andar no plano?,Não piora ao andar no plano,03-10-2024_14-44-12,/srv/projects2/captarlibras_finep/dataset_captarlibras/raw-data/frontal-cam/03-10-2024_14-44-12_p0050_s161_b3_RAW--ZED-RGB_FRONT.avi,2024-10-03 14:44:12
03-10-2024_14-57-42_p0050_sP10_b3_RAW,50,P10,"De 1 a 10, sendo 1 uma dor muito fraca e 10 uma dor insuportável, qual é a intensidade da dor?",Pergunta,03-10-2024_14-57-42,/srv/projects2/captarlibras_finep/dataset_captarlibras/raw-data/frontal-cam/03-10-2024_14-57-42_p0050_sP10_b3_RAW--ZED-RGB_FRONT.avi,2024-10-03 14:57:42
03-10-2024_15-58-57_p0050_sP16_b3_RAW,50,P16,"Se não há espirro e tosse, sente ardor para urinar?",Pergunta,03-10-2024_15-58-57,/srv/projects2/captarlibras_finep/dataset_captarlibras/raw-data/frontal-cam/03-10-2024_15-58-57_p0050_sP16_b3_RAW--ZED-RGB_FRONT.avi,2024-10-03 15:58:57
03-10-2024_15-59-55_p0050_s203_b3_RAW,50,203,Você vacinou para covid-19?,Não vacinei pra covid-19,03-10-2024_15-59-55,/srv/projects2/captarlibras_finep/dataset_captarlibras/raw-data/frontal-cam/03-10-2024_15-59-55_p0050_s203_b3_RAW--ZED-RGB_FRONT.avi,2024-10-03 15:59:55
03-10-2024_16-00-15_p0050_sP17.2_b3_RAW,50,P17.2,Quantas doses?,Pergunta,03-10-2024_16-00-15,/srv/projects2/captarlibras_finep/dataset_captarlibras/raw-data/frontal-cam/03-10-2024_16-00-15_p0050_sP17.2_b3_RAW--ZED-RGB_FRONT.avi,2024-10-03 16:00:15
04-10-2024_14-34-50_p0050_s102_b2_RAW,50,102,Onde é a dor?,Dor no braço direito e esquerdo,04-10-2024_14-34-50,/srv/projects2/captarlibras_finep/dataset_captarlibras/raw-data/frontal-cam/04-10-2024_14-34-50_p0050_s102_b2_RAW--ZED-RGB_FRONT.avi,2024-10-04 14:34:50
04-10-2024_15-13-16_p0050_sP08.2_b2_RAW,50,P08.2,Tem algum fator de melhora?,Pergunta,04-10-2024_15-13-16,/srv/projects2/captarlibras_finep/dataset_captarlibras/raw-data/frontal-cam/04-10-2024_15-13-16_p0050_sP08.2_b2_RAW--ZED-RGB_FRONT.avi,2024-10-04 15:13:16
05-10-2024_09-18-00_p0050_sP18.2_b4_RAW,50,P18.2,Está com diarreia?,Pergunta,05-10-2024_09-18-00,/srv/projects2/captarlibras_finep/dataset_captarlibras/raw-data/frontal-cam/05-10-2024_09-18-00_p0050_sP18.2_b4_RAW--ZED-RGB_FRONT.avi,2024-10-05 09:18:00
05-10-2024_09-27-22_p0050_sP18.4_b4_RAW,50,P18.4,"Tem sangue, muco ou pus?",Pergunta,05-10-2024_09-27-22,/srv/projects2/captarlibras_finep/dataset_captarlibras/raw-data/frontal-cam/05-10-2024_09-27-22_p0050_sP18.4_b4_RAW--ZED-RGB_FRONT.avi,2024-10-05 09:27:22
05-10-2024_09-33-13_p0050_s224_b4_RAW,50,224,Você faz tratamento para alguma doença? Qual?,Infarto,05-10-2024_09-33-13,/srv/projects2/captarlibras_finep/dataset_captarlibras/raw-data/frontal-cam/05-10-2024_09-33-13_p0050_s224_b4_RAW--ZED-RGB_FRONT.avi,2024-10-05 09:33:13
05-10-2024_09-35-45_p0050_s226_b4_RAW,50,226,Você faz tratamento para alguma doença? Qual?,Pressão alta,05-10-2024_09-35-45,/srv/projects2/captarlibras_finep/dataset_captarlibras/raw-data/frontal-cam/05-10-2024_09-35-45_p0050_s226_b4_RAW--ZED-RGB_FRONT.avi,2024-10-05 09:35:45
05-10-2024_09-58-05_p0050_sP22.2_b4_RAW,50,P22.2,Tem alergia a algum medicamento?,Pergunta,05-10-2024_09-58-05,/srv/projects2/captarlibras_finep/dataset_captarlibras/raw-data/frontal-cam/05-10-2024_09-58-05_p0050_sP22.2_b4_RAW--ZED-RGB_FRONT.avi,2024-10-05 09:58:05
05-10-2024_10-03-33_p0050_sP24.1_b4_RAW,50,P24.1,Ingere bebida alcoólica?,Pergunta,05-10-2024_10-03-33,/srv/projects2/captarlibras_finep/dataset_captarlibras/raw-data/frontal-cam/05-10-2024_10-03-33_p0050_sP24.1_b4_RAW--ZED-RGB_FRONT.avi,2024-10-05 10:03:33
05-10-2024_10-14-56_p0050_s274_b4_RAW,50,274,Quantas bebidas?,Duas latas duas vezes na semana,05-10-2024_10-14-56,/srv/projects2/captarlibras_finep/dataset_captarlibras/raw-data/frontal-cam/05-10-2024_10-14-56_p0050_s274_b4_RAW--ZED-RGB_FRONT.avi,2024-10-05 10:14:56
05-10-2024_10-23-01_p0050_sP25.1_b4_RAW,50,P25.1,"Você fez alguma cirurgia? Se sim, qual?",Pergunta,05-10-2024_10-23-01,/srv/projects2/captarlibras_finep/dataset_captarlibras/raw-data/frontal-cam/05-10-2024_10-23-01_p0050_sP25.1_b4_RAW--ZED-RGB_FRONT.avi,2024-10-05 10:23:01
05-10-2024_11-06-57_p0050_sP01_b1_RAW,50,P01,O que você está sentindo que te fez procurar o hospital?,Pergunta,05-10-2024_11-06-57,/srv/projects2/captarlibras_finep/dataset_captarlibras/raw-data/frontal-cam/05-10-2024_11-06-57_p0050_sP01_b1_RAW--ZED-RGB_FRONT.avi,2024-10-05 11:06:57
05-10-2024_11-36-40_p0050_sP02_b1_RAW,50,P02,Quando começou?,Pergunta,05-10-2024_11-36-40,/srv/projects2/captarlibras_finep/dataset_captarlibras/raw-data/frontal-cam/05-10-2024_11-36-40_p0050_sP02_b1_RAW--ZED-RGB_FRONT.avi,2024-10-05 11:36:40
08-10-2024_16-13-23_p0049_sP08.2_b2_RAW,49,P08.2,Tem algum fator de melhora?,Pergunta,08-10-2024_16-13-23,/srv/projects2/captarlibras_finep/dataset_captarlibras/raw-data/frontal-cam/08-10-2024_16-13-23_p0049_sP08.2_b2_RAW--ZED-RGB_FRONT.avi,2024-10-08 16:13:23
16-10-2024_15-32-15_p0049_sP10_b3_RAW,49,P10,"De 1 a 10, sendo 1 uma dor muito fraca e 10 uma dor insuportável, qual é a intensidade da dor?",Pergunta,16-10-2024_15-32-15,/srv/projects2/captarlibras_finep/dataset_captarlibras/raw-data/frontal-cam/16-10-2024_15-32-15_p0049_sP10_b3_RAW--ZED-RGB_FRONT.avi,2024-10-16 15:32:15
16-10-2024_15-39-34_p0049_sP11.2_b3_RAW,49,P11.2,Qual a frequência da dor?,Pergunta,16-10-2024_15-39-34,/srv/projects2/captarlibras_finep/dataset_captarlibras/raw-data/frontal-cam/16-10-2024_15-39-34_p0049_sP11.2_b3_RAW--ZED-RGB_FRONT.avi,2024-10-16 15:39:34
16-10-2024_16-06-11_p0049_sP16_b3_RAW,49,P16,"Se não há espirro e tosse, sente ardor para urinar?",Pergunta,16-10-2024_16-06-11,/srv/projects2/captarlibras_finep/dataset_captarlibras/raw-data/frontal-cam/16-10-2024_16-06-11_p0049_sP16_b3_RAW--ZED-RGB_FRONT.avi,2024-10-16 16:06:11
16-10-2024_16-21-31_p0049_sP01_b1_RAW,49,P01,O que você está sentindo que te fez procurar o hospital?,Pergunta,16-10-2024_16-21-31,/srv/projects2/captarlibras_finep/dataset_captarlibras/raw-data/frontal-cam/16-10-2024_16-21-31_p0049_sP01_b1_RAW--ZED-RGB_FRONT.avi,2024-10-16 16:21:31
16-10-2024_16-42-28_p0049_s58_b1_RAW,49,58,O que você está sentindo que te fez procurar o hospital?,Trauma físico,16-10-2024_16-42-28,/srv/projects2/captarlibras_finep/dataset_captarlibras/raw-data/frontal-cam/16-10-2024_16-42-28_p0049_s58_b1_RAW--ZED-RGB_FRONT.avi,2024-10-16 16:42:28
16-10-2024_16-46-50_p0049_s66_b1_RAW,49,66,O que você está sentindo que te fez procurar o hospital?,Sangramento vaginal,16-10-2024_16-46-50,/srv/projects2/captarlibras_finep/dataset_captarlibras/raw-data/frontal-cam/16-10-2024_16-46-50_p0049_s66_b1_RAW--ZED-RGB_FRONT.avi,2024-10-16 16:46:50
16-10-2024_16-49-38_p0049_sP03_b1_RAW,49,P03,Como começou? O que você estava fazendo?,Pergunta,16-10-2024_16-49-38,/srv/projects2/captarlibras_finep/dataset_captarlibras/raw-data/frontal-cam/16-10-2024_16-49-38_p0049_sP03_b1_RAW--ZED-RGB_FRONT.avi,2024-10-16 16:49:38
26-10-2024_12-13-15_p0051_s176_b3_RAW,51,176,Quando foi o primeiro episódio?,Três meses,26-10-2024_12-13-15,/srv/projects2/captarlibras_finep/dataset_captarlibras/raw-data/frontal-cam/26-10-2024_12-13-15_p0051_s176_b3_RAW--ZED-RGB_FRONT.avi,2024-10-26 12:13:15
26-10-2024_12-23-54_p0051_s188_b3_RAW,51,188,A dor tem uma localização fixa ou se espalha para algum lugar?,A dor irradia para a coxa,26-10-2024_12-23-54,/srv/projects2/captarlibras_finep/dataset_captarlibras/raw-data/frontal-cam/26-10-2024_12-23-54_p0051_s188_b3_RAW--ZED-RGB_FRONT.avi,2024-10-26 12:23:54
26-10-2024_12-30-37_p0051_sP15.3_b3_RAW,51,P15.3,Tosse é com ou sem catarro?,Pergunta,26-10-2024_12-30-37,/srv/projects2/captarlibras_finep/dataset_captarlibras/raw-data/frontal-cam/26-10-2024_12-30-37_p0051_sP15.3_b3_RAW--ZED-RGB_FRONT.avi,2024-10-26 12:30:37
26-10-2024_12-35-21_p0051_s203_b3_RAW,51,203,Você vacinou para covid-19?,Não vacinei pra covid-19,26-10-2024_12-35-21,/srv/projects2/captarlibras_finep/dataset_captarlibras/raw-data/frontal-cam/26-10-2024_12-35-21_p0051_s203_b3_RAW--ZED-RGB_FRONT.avi,2024-10-26 12:35:21
26-10-2024_12-38-48_p0051_sP21.1_b3_RAW,51,P21.1,Você trouxe receita médica?,Pergunta,26-10-2024_12-38-48,/srv/projects2/captarlibras_finep/dataset_captarlibras/raw-data/frontal-cam/26-10-2024_12-38-48_p0051_sP21.1_b3_RAW--ZED-RGB_FRONT.avi,2024-10-26 12:38:48
30-10-2024_15-02-32_p0052_sP12_b3_RAW,52,P12,A dor tem uma localização fixa ou se espalha para algum lugar?,Pergunta,30-10-2024_15-02-32,/srv/projects2/captarlibras_finep/dataset_captarlibras/raw-data/frontal-cam/30-10-2024_15-02-32_p0052_sP12_b3_RAW--ZED-RGB_FRONT.avi,2024-10-30 15:02:32
30-10-2024_15-22-16_p0052_sP16_b3_RAW,52,P16,"Se não há espirro e tosse, sente ardor para urinar?",Pergunta,30-10-2024_15-22-16,/srv/projects2/captarlibras_finep/dataset_captarlibras/raw-data/frontal-cam/30-10-2024_15-22-16_p0052_sP16_b3_RAW--ZED-RGB_FRONT.avi,2024-10-30 15:22:16
06-11-2024_16-18-34_p0051_s82_b2_RAW,51,82,Qual é o tempo de duração?,Seis horas,06-11-2024_16-18-34,/srv/projects2/captarlibras_finep/dataset_captarlibras/raw-data/frontal-cam/06-11-2024_16-18-34_p0051_s82_b2_RAW--ZED-RGB_FRONT.avi,2024-11-06 16:18:34
06-11-2024_17-03-01_p0051_s148.20_b2_RAW,51,148.20,Alfabeto completo,T,06-11-2024_17-03-01,/srv/projects2/captarlibras_finep/dataset_captarlibras/raw-data/frontal-cam/06-11-2024_17-03-01_p0051_s148.20_b2_RAW--ZED-RGB_FRONT.avi,2024-11-06 17:03:01
08-11-2024_14-25-18_p0052_s4_b1_RAW,52,4,O que você está sentindo que te fez procurar o hospital?,Convulsão,08-11-2024_14-25-18,/srv/projects2/captarlibras_finep/dataset_captarlibras/raw-data/frontal-cam/08-11-2024_14-25-18_p0052_s4_b1_RAW--ZED-RGB_FRONT.avi,2024-11-08 14:25:18
08-11-2024_14-42-52_p0052_s35_b1_RAW,52,35,O que você está sentindo que te fez procurar o hospital?,Calafrios,08-11-2024_14-42-52,/srv/projects2/captarlibras_finep/dataset_captarlibras/raw-data/frontal-cam/08-11-2024_14-42-52_p0052_s35_b1_RAW--ZED-RGB_FRONT.avi,2024-11-08 14:42:52
08-11-2024_15-00-27_p0052_s58_b1_RAW,52,58,O que você está sentindo que te fez procurar o hospital?,Trauma físico,08-11-2024_15-00-27,/srv/projects2/captarlibras_finep/dataset_captarlibras/raw-data/frontal-cam/08-11-2024_15-00-27_p0052_s58_b1_RAW--ZED-RGB_FRONT.avi,2024-11-08 15:00:27
08-11-2024_15-14-47_p0052_s75_b1_RAW,52,75,Como começou? O que você estava fazendo?,Tossindo,08-11-2024_15-14-47,/srv/projects2/captarlibras_finep/dataset_captarlibras/raw-data/frontal-cam/08-11-2024_15-14-47_p0052_s75_b1_RAW--ZED-RGB_FRONT.avi,2024-11-08 15:14:47
08-11-2024_16-08-27_p0053_s131_b2_RAW,53,131,Existe algum fator de piora?,Período menstrual,08-11-2024_16-08-27,/srv/projects2/captarlibras_finep/dataset_captarlibras/raw-data/frontal-cam/08-11-2024_16-08-27_p0053_s131_b2_RAW--ZED-RGB_FRONT.avi,2024-11-08 16:08:27
13-11-2024_16-38-11_p0051_sP01_b1_RAW,51,P01,O que você está sentindo que te fez procurar o hospital?,Pergunta,13-11-2024_16-38-11,/srv/projects2/captarlibras_finep/dataset_captarlibras/raw-data/frontal-cam/13-11-2024_16-38-11_p0051_sP01_b1_RAW--ZED-RGB_FRONT.avi,2024-11-13 16:38:11
13-11-2024_16-53-18_p0051_s36_b1_RAW,51,36,O que você está sentindo que te fez procurar o hospital?,Excesso de suor,13-11-2024_16-53-18,/srv/projects2/captarlibras_finep/dataset_captarlibras/raw-data/frontal-cam/13-11-2024_16-53-18_p0051_s36_b1_RAW--ZED-RGB_FRONT.avi,2024-11-13 16:53:18
13-11-2024_17-05-14_p0051_s58_b1_RAW,51,58,O que você está sentindo que te fez procurar o hospital?,Trauma físico,13-11-2024_17-05-14,/srv/projects2/captarlibras_finep/dataset_captarlibras/raw-data/frontal-cam/13-11-2024_17-05-14_p0051_s58_b1_RAW--ZED-RGB_FRONT.avi,2024-11-13 17:05:14
13-11-2024_17-28-36_p0051_sP18.4_b4_RAW,51,P18.4,"Tem sangue, muco ou pus?",Pergunta,13-11-2024_17-28-36,/srv/projects2/captarlibras_finep/dataset_captarlibras/raw-data/frontal-cam/13-11-2024_17-28-36_p0051_sP18.4_b4_RAW--ZED-RGB_FRONT.avi,2024-11-13 17:28:36
13-11-2024_17-48-12_p0051_sP22.2_b4_RAW,51,P22.2,Tem alergia a algum medicamento?,Pergunta,13-11-2024_17-48-12,/srv/projects2/captarlibras_finep/dataset_captarlibras/raw-data/frontal-cam/13-11-2024_17-48-12_p0051_sP22.2_b4_RAW--ZED-RGB_FRONT.avi,2024-11-13 17:48:12
13-11-2024_17-53-38_p0051_sP24.1_b4_RAW,51,P24.1,Ingere bebida alcoólica?,Pergunta,13-11-2024_17-53-38,/srv/projects2/captarlibras_finep/dataset_captarlibras/raw-data/frontal-cam/13-11-2024_17-53-38_p0051_sP24.1_b4_RAW--ZED-RGB_FRONT.avi,2024-11-13 17:53:38
13-11-2024_18-03-04_p0051_sP25.1_b4_RAW,51,P25.1,"Você fez alguma cirurgia? Se sim, qual?",Pergunta,13-11-2024_18-03-04,/srv/projects2/captarlibras_finep/dataset_captarlibras/raw-data/frontal-cam/13-11-2024_18-03-04_p0051_sP25.1_b4_RAW--ZED-RGB_FRONT.avi,2024-11-13 18:03:04
19-11-2024_15-31-41_p0054_sP09.3_b3_RAW,54,P09.3,Piora ao andar no plano?,Pergunta,19-11-2024_15-31-41,/srv/projects2/captarlibras_finep/dataset_captarlibras/raw-data/frontal-cam/19-11-2024_15-31-41_p0054_sP09.3_b3_RAW--ZED-RGB_FRONT.avi,2024-11-19 15:31:41
19-11-2024_15-46-27_p0054_sP10_b3_RAW,54,P10,"De 1 a 10, sendo 1 uma dor muito fraca e 10 uma dor insuportável, qual é a intensidade da dor?",Pergunta,19-11-2024_15-46-27,/srv/projects2/captarlibras_finep/dataset_captarlibras/raw-data/frontal-cam/19-11-2024_15-46-27_p0054_sP10_b3_RAW--ZED-RGB_FRONT.avi,2024-11-19 15:46:27
19-11-2024_15-59-57_p0054_sP12_b3_RAW,54,P12,A dor tem uma localização fixa ou se espalha para algum lugar?,Pergunta,19-11-2024_15-59-57,/srv/projects2/captarlibras_finep/dataset_captarlibras/raw-data/frontal-cam/19-11-2024_15-59-57_p0054_sP12_b3_RAW--ZED-RGB_FRONT.avi,2024-11-19 15:59:57
19-11-2024_16-18-21_p0054_sP13.1_b3_RAW,54,P13.1,A dor piora quando aperta?,Pergunta,19-11-2024_16-18-21,/srv/projects2/captarlibras_finep/dataset_captarlibras/raw-data/frontal-cam/19-11-2024_16-18-21_p0054_sP13.1_b3_RAW--ZED-RGB_FRONT.avi,2024-11-19 16:18:21
19-11-2024_16-19-21_p0054_s190_b3_RAW,54,190,A dor piora quando aperta?,Piora quando aperta,19-11-2024_16-19-21,/srv/projects2/captarlibras_finep/dataset_captarlibras/raw-data/frontal-cam/19-11-2024_16-19-21_p0054_s190_b3_RAW--ZED-RGB_FRONT.avi,2024-11-19 16:19:21
19-11-2024_16-21-44_p0054_s192_b3_RAW,54,192,A dor piora quando muda a posição do corpo?,Piora quando muda a posição do corpo,19-11-2024_16-21-44,/srv/projects2/captarlibras_finep/dataset_captarlibras/raw-data/frontal-cam/19-11-2024_16-21-44_p0054_s192_b3_RAW--ZED-RGB_FRONT.avi,2024-11-19 16:21:44
19-11-2024_16-42-19_p0054_sP16_b3_RAW,54,P16,"Se não há espirro e tosse, sente ardor para urinar?",Pergunta,19-11-2024_16-42-19,/srv/projects2/captarlibras_finep/dataset_captarlibras/raw-data/frontal-cam/19-11-2024_16-42-19_p0054_sP16_b3_RAW--ZED-RGB_FRONT.avi,2024-11-19 16:42:19
19-11-2024_16-45-36_p0054_sP16_b3_RAW,54,P16,"Se não há espirro e tosse, sente ardor para urinar?",Pergunta,19-11-2024_16-45-36,/srv/projects2/captarlibras_finep/dataset_captarlibras/raw-data/frontal-cam/19-11-2024_16-45-36_p0054_sP16_b3_RAW--ZED-RGB_FRONT.avi,2024-11-19 16:45:36
19-11-2024_16-47-50_p0054_s203_b3_RAW,54,203,Você vacinou para covid-19?,Não vacinei pra covid-19,19-11-2024_16-47-50,/srv/projects2/captarlibras_finep/dataset_captarlibras/raw-data/frontal-cam/19-11-2024_16-47-50_p0054_s203_b3_RAW--ZED-RGB_FRONT.avi,2024-11-19 16:47:50
19-11-2024_16-53-01_p0054_s208_b3_RAW,54,208,Trouxe cartão de vacina?,Não trouxe cartão de vacina,19-11-2024_16-53-01,/srv/projects2/captarlibras_finep/dataset_captarlibras/raw-data/frontal-cam/19-11-2024_16-53-01_p0054_s208_b3_RAW--ZED-RGB_FRONT.avi,2024-11-19 16:53:01
19-11-2024_16-56-55_p0054_s242_b3_RAW,54,242,Está usando algum medicamento?,Uso medicamento,19-11-2024_16-56-55,/srv/projects2/captarlibras_finep/dataset_captarlibras/raw-data/frontal-cam/19-11-2024_16-56-55_p0054_s242_b3_RAW--ZED-RGB_FRONT.avi,2024-11-19 16:56:55
21-11-2024_15-02-42_p0055_s160_b3_RAW,55,160,Piora ao andar no plano?,Piora ao andar no plano,21-11-2024_15-02-42,/srv/projects2/captarlibras_finep/dataset_captarlibras/raw-data/frontal-cam/21-11-2024_15-02-42_p0055_s160_b3_RAW--ZED-RGB_FRONT.avi,2024-11-21 15:02:42
21-11-2024_15-18-41_p0055_sP10_b3_RAW,55,P10,"De 1 a 10, sendo 1 uma dor muito fraca e 10 uma dor insuportável, qual é a intensidade da dor?",Pergunta,21-11-2024_15-18-41,/srv/projects2/captarlibras_finep/dataset_captarlibras/raw-data/frontal-cam/21-11-2024_15-18-41_p0055_sP10_b3_RAW--ZED-RGB_FRONT.avi,2024-11-21 15:18:41
21-11-2024_15-28-11_p0055_sP11.2_b3_RAW,55,P11.2,Qual a frequência da dor?,Pergunta,21-11-2024_15-28-11,/srv/projects2/captarlibras_finep/dataset_captarlibras/raw-data/frontal-cam/21-11-2024_15-28-11_p0055_sP11.2_b3_RAW--ZED-RGB_FRONT.avi,2024-11-21 15:28:11
21-11-2024_15-41-48_p0055_sP13.1_b3_RAW,55,P13.1,A dor piora quando aperta?,Pergunta,21-11-2024_15-41-48,/srv/projects2/captarlibras_finep/dataset_captarlibras/raw-data/frontal-cam/21-11-2024_15-41-48_p0055_sP13.1_b3_RAW--ZED-RGB_FRONT.avi,2024-11-21 15:41:48
21-11-2024_15-55-14_p0055_sP16_b3_RAW,55,P16,"Se não há espirro e tosse, sente ardor para urinar?",Pergunta,21-11-2024_15-55-14,/srv/projects2/captarlibras_finep/dataset_captarlibras/raw-data/frontal-cam/21-11-2024_15-55-14_p0055_sP16_b3_RAW--ZED-RGB_FRONT.avi,2024-11-21 15:55:14
23-11-2024_09-50-04_p0053_sP11.2_b3_RAW,53,P11.2,Qual a frequência da dor?,Pergunta,23-11-2024_09-50-04,/srv/projects2/captarlibras_finep/dataset_captarlibras/raw-data/frontal-cam/23-11-2024_09-50-04_p0053_sP11.2_b3_RAW--ZED-RGB_FRONT.avi,2024-11-23 09:50:04
23-11-2024_10-17-13_p0053_sP16_b3_RAW,53,P16,"Se não há espirro e tosse, sente ardor para urinar?",Pergunta,23-11-2024_10-17-13,/srv/projects2/captarlibras_finep/dataset_captarlibras/raw-data/frontal-cam/23-11-2024_10-17-13_p0053_sP16_b3_RAW--ZED-RGB_FRONT.avi,2024-11-23 10:17:13
23-11-2024_12-15-47_p0052_sP18.1_b4_RAW,52,P18.1,Está enjoado ou com vômitos?,Pergunta,23-11-2024_12-15-47,/srv/projects2/captarlibras_finep/dataset_captarlibras/raw-data/frontal-cam/23-11-2024_12-15-47_p0052_sP18.1_b4_RAW--ZED-RGB_FRONT.avi,2024-11-23 12:15:47
23-11-2024_12-16-39_p0052_s209_b4_RAW,52,209,Está enjoado ou com vômitos?,Não estou com vontade de vomitar,23-11-2024_12-16-39,/srv/projects2/captarlibras_finep/dataset_captarlibras/raw-data/frontal-cam/23-11-2024_12-16-39_p0052_s209_b4_RAW--ZED-RGB_FRONT.avi,2024-11-23 12:16:39
23-11-2024_12-18-01_p0052_sP18.2_b4_RAW,52,P18.2,Está com diarreia?,Pergunta,23-11-2024_12-18-01,/srv/projects2/captarlibras_finep/dataset_captarlibras/raw-data/frontal-cam/23-11-2024_12-18-01_p0052_sP18.2_b4_RAW--ZED-RGB_FRONT.avi,2024-11-23 12:18:01
23-11-2024_12-18-21_p0052_sP18.3_b4_RAW,52,P18.3,Como é a diarreia?,Pergunta,23-11-2024_12-18-21,/srv/projects2/captarlibras_finep/dataset_captarlibras/raw-data/frontal-cam/23-11-2024_12-18-21_p0052_sP18.3_b4_RAW--ZED-RGB_FRONT.avi,2024-11-23 12:18:21
23-11-2024_12-18-41_p0052_s210_b4_RAW,52,210,Como é a diarreia?,Amolecida,23-11-2024_12-18-41,/srv/projects2/captarlibras_finep/dataset_captarlibras/raw-data/frontal-cam/23-11-2024_12-18-41_p0052_s210_b4_RAW--ZED-RGB_FRONT.avi,2024-11-23 12:18:41
23-11-2024_12-18-59_p0052_s211_b4_RAW,52,211,Como é a diarreia?,Semilíquida,23-11-2024_12-18-59,/srv/projects2/captarlibras_finep/dataset_captarlibras/raw-data/frontal-cam/23-11-2024_12-18-59_p0052_s211_b4_RAW--ZED-RGB_FRONT.avi,2024-11-23 12:18:59
23-11-2024_12-19-19_p0052_s212_b4_RAW,52,212,Como é a diarreia?,Líquida,23-11-2024_12-19-19,/srv/projects2/captarlibras_finep/dataset_captarlibras/raw-data/frontal-cam/23-11-2024_12-19-19_p0052_s212_b4_RAW--ZED-RGB_FRONT.avi,2024-11-23 12:19:19
23-11-2024_12-19-36_p0052_s213_b4_RAW,52,213,Como é a diarreia?,Clara,23-11-2024_12-19-36,/srv/projects2/captarlibras_finep/dataset_captarlibras/raw-data/frontal-cam/23-11-2024_12-19-36_p0052_s213_b4_RAW--ZED-RGB_FRONT.avi,2024-11-23 12:19:36
23-11-2024_12-19-54_p0052_s214_b4_RAW,52,214,Como é a diarreia?,Brilhante,23-11-2024_12-19-54,/srv/projects2/captarlibras_finep/dataset_captarlibras/raw-data/frontal-cam/23-11-2024_12-19-54_p0052_s214_b4_RAW--ZED-RGB_FRONT.avi,2024-11-23 12:19:54
23-11-2024_12-20-14_p0052_s215_b4_RAW,52,215,Como é a diarreia?,Espumosa,23-11-2024_12-20-14,/srv/projects2/captarlibras_finep/dataset_captarlibras/raw-data/frontal-cam/23-11-2024_12-20-14_p0052_s215_b4_RAW--ZED-RGB_FRONT.avi,2024-11-23 12:20:14
23-11-2024_12-20-35_p0052_s216_b4_RAW,52,216,Como é a diarreia?,Explosiva,23-11-2024_12-20-35,/srv/projects2/captarlibras_finep/dataset_captarlibras/raw-data/frontal-cam/23-11-2024_12-20-35_p0052_s216_b4_RAW--ZED-RGB_FRONT.avi,2024-11-23 12:20:35
23-11-2024_12-20-52_p0052_s217_b4_RAW,52,217,Como é a diarreia?,Branca,23-11-2024_12-20-52,/srv/projects2/captarlibras_finep/dataset_captarlibras/raw-data/frontal-cam/23-11-2024_12-20-52_p0052_s217_b4_RAW--ZED-RGB_FRONT.avi,2024-11-23 12:20:52
23-11-2024_12-21-09_p0052_s218_b4_RAW,52,218,Como é a diarreia?,Escura,23-11-2024_12-21-09,/srv/projects2/captarlibras_finep/dataset_captarlibras/raw-data/frontal-cam/23-11-2024_12-21-09_p0052_s218_b4_RAW--ZED-RGB_FRONT.avi,2024-11-23 12:21:09
23-11-2024_12-21-48_p0052_s219_b4_RAW,52,219,Como é a diarreia?,Com resto de comida,23-11-2024_12-21-48,/srv/projects2/captarlibras_finep/dataset_captarlibras/raw-data/frontal-cam/23-11-2024_12-21-48_p0052_s219_b4_RAW--ZED-RGB_FRONT.avi,2024-11-23 12:21:48
23-11-2024_12-22-07_p0052_s220_b4_RAW,52,220,Como é a diarreia?,Com muco,23-11-2024_12-22-07,/srv/projects2/captarlibras_finep/dataset_captarlibras/raw-data/frontal-cam/23-11-2024_12-22-07_p0052_s220_b4_RAW--ZED-RGB_FRONT.avi,2024-11-23 12:22:07
23-11-2024_12-22-27_p0052_s221_b4_RAW,52,221,Como é a diarreia?,Com pus,23-11-2024_12-22-27,/srv/projects2/captarlibras_finep/dataset_captarlibras/raw-data/frontal-cam/23-11-2024_12-22-27_p0052_s221_b4_RAW--ZED-RGB_FRONT.avi,2024-11-23 12:22:27
23-11-2024_12-23-31_p0052_sP18.4_b4_RAW,52,P18.4,"Tem sangue, muco ou pus?",Pergunta,23-11-2024_12-23-31,/srv/projects2/captarlibras_finep/dataset_captarlibras/raw-data/frontal-cam/23-11-2024_12-23-31_p0052_sP18.4_b4_RAW--ZED-RGB_FRONT.avi,2024-11-23 12:23:31
23-11-2024_12-24-10_p0052_sP18.5_b4_RAW,52,P18.5,Sente dor na barriga?,Pergunta,23-11-2024_12-24-10,/srv/projects2/captarlibras_finep/dataset_captarlibras/raw-data/frontal-cam/23-11-2024_12-24-10_p0052_sP18.5_b4_RAW--ZED-RGB_FRONT.avi,2024-11-23 12:24:10
23-11-2024_12-24-31_p0052_s222_b4_RAW,52,222,Sente dor na barriga?,Não sinto dor na barriga,23-11-2024_12-24-31,/srv/projects2/captarlibras_finep/dataset_captarlibras/raw-data/frontal-cam/23-11-2024_12-24-31_p0052_s222_b4_RAW--ZED-RGB_FRONT.avi,2024-11-23 12:24:31
23-11-2024_12-25-11_p0052_sP19.1_b4_RAW,52,P19.1,Você faz tratamento para alguma doença? Qual?,Pergunta,23-11-2024_12-25-11,/srv/projects2/captarlibras_finep/dataset_captarlibras/raw-data/frontal-cam/23-11-2024_12-25-11_p0052_sP19.1_b4_RAW--ZED-RGB_FRONT.avi,2024-11-23 12:25:11
23-11-2024_12-25-38_p0052_s223_b4_RAW,52,223,Você faz tratamento para alguma doença? Qual?,Diabetes,23-11-2024_12-25-38,/srv/projects2/captarlibras_finep/dataset_captarlibras/raw-data/frontal-cam/23-11-2024_12-25-38_p0052_s223_b4_RAW--ZED-RGB_FRONT.avi,2024-11-23 12:25:38
23-11-2024_12-25-56_p0052_s224_b4_RAW,52,224,Você faz tratamento para alguma doença? Qual?,Infarto,23-11-2024_12-25-56,/srv/projects2/captarlibras_finep/dataset_captarlibras/raw-data/frontal-cam/23-11-2024_12-25-56_p0052_s224_b4_RAW--ZED-RGB_FRONT.avi,2024-11-23 12:25:56
23-11-2024_12-26-12_p0052_s225_b4_RAW,52,225,Você faz tratamento para alguma doença? Qual?,Arritmia,23-11-2024_12-26-12,/srv/projects2/captarlibras_finep/dataset_captarlibras/raw-data/frontal-cam/23-11-2024_12-26-12_p0052_s225_b4_RAW--ZED-RGB_FRONT.avi,2024-11-23 12:26:12
23-11-2024_12-26-32_p0052_s226_b4_RAW,52,226,Você faz tratamento para alguma doença? Qual?,Pressão alta,23-11-2024_12-26-32,/srv/projects2/captarlibras_finep/dataset_captarlibras/raw-data/frontal-cam/23-11-2024_12-26-32_p0052_s226_b4_RAW--ZED-RGB_FRONT.avi,2024-11-23 12:26:32
23-11-2024_12-26-50_p0052_s227_b4_RAW,52,227,Você faz tratamento para alguma doença? Qual?,Asma,23-11-2024_12-26-50,/srv/projects2/captarlibras_finep/dataset_captarlibras/raw-data/frontal-cam/23-11-2024_12-26-50_p0052_s227_b4_RAW--ZED-RGB_FRONT.avi,2024-11-23 12:26:50
23-11-2024_12-27-36_p0052_s228_b4_RAW,52,228,Você faz tratamento para alguma doença? Qual?,AIDS,23-11-2024_12-27-36,/srv/projects2/captarlibras_finep/dataset_captarlibras/raw-data/frontal-cam/23-11-2024_12-27-36_p0052_s228_b4_RAW--ZED-RGB_FRONT.avi,2024-11-23 12:27:36
23-11-2024_12-28-56_p0052_s229_b4_RAW,52,229,Você faz tratamento para alguma doença? Qual?,Câncer,23-11-2024_12-28-56,/srv/projects2/captarlibras_finep/dataset_captarlibras/raw-data/frontal-cam/23-11-2024_12-28-56_p0052_s229_b4_RAW--ZED-RGB_FRONT.avi,2024-11-23 12:28:56
23-11-2024_12-29-13_p0052_s230_b4_RAW,52,230,Você faz tratamento para alguma doença? Qual?,Depressão 1,23-11-2024_12-29-13,/srv/projects2/captarlibras_finep/dataset_captarlibras/raw-data/frontal-cam/23-11-2024_12-29-13_p0052_s230_b4_RAW--ZED-RGB_FRONT.avi,2024-11-23 12:29:13
23-11-2024_12-29-51_p0052_s231_b4_RAW,52,231,Você faz tratamento para alguma doença? Qual?,Depressão 2,23-11-2024_12-29-51,/srv/projects2/captarlibras_finep/dataset_captarlibras/raw-data/frontal-cam/23-11-2024_12-29-51_p0052_s231_b4_RAW--ZED-RGB_FRONT.avi,2024-11-23 12:29:51
23-11-2024_12-30-11_p0052_s232_b4_RAW,52,232,Você faz tratamento para alguma doença? Qual?,Ansiedade,23-11-2024_12-30-11,/srv/projects2/captarlibras_finep/dataset_captarlibras/raw-data/frontal-cam/23-11-2024_12-30-11_p0052_s232_b4_RAW--ZED-RGB_FRONT.avi,2024-11-23 12:30:11
23-11-2024_12-30-38_p0052_s233_b4_RAW,52,233,Você faz tratamento para alguma doença? Qual?,AVC,23-11-2024_12-30-38,/srv/projects2/captarlibras_finep/dataset_captarlibras/raw-data/frontal-cam/23-11-2024_12-30-38_p0052_s233_b4_RAW--ZED-RGB_FRONT.avi,2024-11-23 12:30:38
23-11-2024_12-30-55_p0052_s234_b4_RAW,52,234,Você faz tratamento para alguma doença? Qual?,Tuberculose,23-11-2024_12-30-55,/srv/projects2/captarlibras_finep/dataset_captarlibras/raw-data/frontal-cam/23-11-2024_12-30-55_p0052_s234_b4_RAW--ZED-RGB_FRONT.avi,2024-11-23 12:30:55
23-11-2024_12-31-14_p0052_s235_b4_RAW,52,235,Você faz tratamento para alguma doença? Qual?,Obesidade,23-11-2024_12-31-14,/srv/projects2/captarlibras_finep/dataset_captarlibras/raw-data/frontal-cam/23-11-2024_12-31-14_p0052_s235_b4_RAW--ZED-RGB_FRONT.avi,2024-11-23 12:31:14
23-11-2024_12-31-33_p0052_s236_b4_RAW,52,236,Você faz tratamento para alguma doença? Qual?,Cirrose,23-11-2024_12-31-33,/srv/projects2/captarlibras_finep/dataset_captarlibras/raw-data/frontal-cam/23-11-2024_12-31-33_p0052_s236_b4_RAW--ZED-RGB_FRONT.avi,2024-11-23 12:31:33
23-11-2024_12-31-51_p0052_s237_b4_RAW,52,237,Você faz tratamento para alguma doença? Qual?,Insuficiência renal,23-11-2024_12-31-51,/srv/projects2/captarlibras_finep/dataset_captarlibras/raw-data/frontal-cam/23-11-2024_12-31-51_p0052_s237_b4_RAW--ZED-RGB_FRONT.avi,2024-11-23 12:31:51
23-11-2024_12-32-12_p0052_s238_b4_RAW,52,238,Você faz tratamento para alguma doença? Qual?,Hipotireoidismo,23-11-2024_12-32-12,/srv/projects2/captarlibras_finep/dataset_captarlibras/raw-data/frontal-cam/23-11-2024_12-32-12_p0052_s238_b4_RAW--ZED-RGB_FRONT.avi,2024-11-23 12:32:12
23-11-2024_12-32-32_p0052_s239_b4_RAW,52,239,Você faz tratamento para alguma doença? Qual?,Alcoolismo,23-11-2024_12-32-32,/srv/projects2/captarlibras_finep/dataset_captarlibras/raw-data/frontal-cam/23-11-2024_12-32-32_p0052_s239_b4_RAW--ZED-RGB_FRONT.avi,2024-11-23 12:32:32
23-11-2024_12-32-53_p0052_s240_b4_RAW,52,240,Você faz tratamento para alguma doença? Qual?,Tabagismo,23-11-2024_12-32-53,/srv/projects2/captarlibras_finep/dataset_captarlibras/raw-data/frontal-cam/23-11-2024_12-32-53_p0052_s240_b4_RAW--ZED-RGB_FRONT.avi,2024-11-23 12:32:53
23-11-2024_12-33-14_p0052_sP22.1_b4_RAW,52,P22.1,Você tem alguma alergia?,Pergunta,23-11-2024_12-33-14,/srv/projects2/captarlibras_finep/dataset_captarlibras/raw-data/frontal-cam/23-11-2024_12-33-14_p0052_sP22.1_b4_RAW--ZED-RGB_FRONT.avi,2024-11-23 12:33:14
23-11-2024_12-33-35_p0052_s245_b4_RAW,52,245,Você tem alguma alergia?,Tenho alergia a ácaros,23-11-2024_12-33-35,/srv/projects2/captarlibras_finep/dataset_captarlibras/raw-data/frontal-cam/23-11-2024_12-33-35_p0052_s245_b4_RAW--ZED-RGB_FRONT.avi,2024-11-23 12:33:35
23-11-2024_12-33-56_p0052_s246_b4_RAW,52,246,Você tem alguma alergia?,Tenho alergia a fungos,23-11-2024_12-33-56,/srv/projects2/captarlibras_finep/dataset_captarlibras/raw-data/frontal-cam/23-11-2024_12-33-56_p0052_s246_b4_RAW--ZED-RGB_FRONT.avi,2024-11-23 12:33:56
23-11-2024_12-34-30_p0052_s247_b4_RAW,52,247,Você tem alguma alergia?,Tenho alergia a pólen,23-11-2024_12-34-30,/srv/projects2/captarlibras_finep/dataset_captarlibras/raw-data/frontal-cam/23-11-2024_12-34-30_p0052_s247_b4_RAW--ZED-RGB_FRONT.avi,2024-11-23 12:34:30
23-11-2024_12-34-52_p0052_s248_b4_RAW,52,248,Você tem alguma alergia?,Tenho alergia a cachorro,23-11-2024_12-34-52,/srv/projects2/captarlibras_finep/dataset_captarlibras/raw-data/frontal-cam/23-11-2024_12-34-52_p0052_s248_b4_RAW--ZED-RGB_FRONT.avi,2024-11-23 12:34:52
23-11-2024_12-35-10_p0052_s249_b4_RAW,52,249,Você tem alguma alergia?,Tenho alergia a gato,23-11-2024_12-35-10,/srv/projects2/captarlibras_finep/dataset_captarlibras/raw-data/frontal-cam/23-11-2024_12-35-10_p0052_s249_b4_RAW--ZED-RGB_FRONT.avi,2024-11-23 12:35:10
23-11-2024_12-35-28_p0052_s250_b4_RAW,52,250,Você tem alguma alergia?,Tenho alergia a picada de insetos,23-11-2024_12-35-28,/srv/projects2/captarlibras_finep/dataset_captarlibras/raw-data/frontal-cam/23-11-2024_12-35-28_p0052_s250_b4_RAW--ZED-RGB_FRONT.avi,2024-11-23 12:35:28
23-11-2024_12-35-47_p0052_s251_b4_RAW,52,251,Você tem alguma alergia?,Tenho alergia a látex,23-11-2024_12-35-47,/srv/projects2/captarlibras_finep/dataset_captarlibras/raw-data/frontal-cam/23-11-2024_12-35-47_p0052_s251_b4_RAW--ZED-RGB_FRONT.avi,2024-11-23 12:35:47
23-11-2024_12-36-06_p0052_s252_b4_RAW,52,252,Você tem alguma alergia?,Tenho alergia a leite,23-11-2024_12-36-06,/srv/projects2/captarlibras_finep/dataset_captarlibras/raw-data/frontal-cam/23-11-2024_12-36-06_p0052_s252_b4_RAW--ZED-RGB_FRONT.avi,2024-11-23 12:36:06
23-11-2024_12-36-25_p0052_s253_b4_RAW,52,253,Você tem alguma alergia?,Tenho alergia a ovo,23-11-2024_12-36-25,/srv/projects2/captarlibras_finep/dataset_captarlibras/raw-data/frontal-cam/23-11-2024_12-36-25_p0052_s253_b4_RAW--ZED-RGB_FRONT.avi,2024-11-23 12:36:25
23-11-2024_12-37-11_p0052_s254_b4_RAW,52,254,Você tem alguma alergia?,Tenho alergia a frutos do mar,23-11-2024_12-37-11,/srv/projects2/captarlibras_finep/dataset_captarlibras/raw-data/frontal-cam/23-11-2024_12-37-11_p0052_s254_b4_RAW--ZED-RGB_FRONT.avi,2024-11-23 12:37:11
23-11-2024_12-37-35_p0052_s255_b4_RAW,52,255,Você tem alguma alergia?,Tenho alergia a trigo,23-11-2024_12-37-35,/srv/projects2/captarlibras_finep/dataset_captarlibras/raw-data/frontal-cam/23-11-2024_12-37-35_p0052_s255_b4_RAW--ZED-RGB_FRONT.avi,2024-11-23 12:37:35
23-11-2024_12-37-58_p0052_s256_b4_RAW,52,256,Você tem alguma alergia?,Tenho alergia a amendoim,23-11-2024_12-37-58,/srv/projects2/captarlibras_finep/dataset_captarlibras/raw-data/frontal-cam/23-11-2024_12-37-58_p0052_s256_b4_RAW--ZED-RGB_FRONT.avi,2024-11-23 12:37:58
23-11-2024_12-38-17_p0052_s258_b4_RAW,52,258,Você tem alguma alergia?,Não tenho alergia,23-11-2024_12-38-17,/srv/projects2/captarlibras_finep/dataset_captarlibras/raw-data/frontal-cam/23-11-2024_12-38-17_p0052_s258_b4_RAW--ZED-RGB_FRONT.avi,2024-11-23 12:38:17
23-11-2024_12-38-35_p0052_sP22.2_b4_RAW,52,P22.2,Tem alergia a algum medicamento?,Pergunta,23-11-2024_12-38-35,/srv/projects2/captarlibras_finep/dataset_captarlibras/raw-data/frontal-cam/23-11-2024_12-38-35_p0052_sP22.2_b4_RAW--ZED-RGB_FRONT.avi,2024-11-23 12:38:35
23-11-2024_12-39-04_p0052_s257_b4_RAW,52,257,Tem alergia a algum medicamento?,Não tenho alergia a nenhum medicamento,23-11-2024_12-39-04,/srv/projects2/captarlibras_finep/dataset_captarlibras/raw-data/frontal-cam/23-11-2024_12-39-04_p0052_s257_b4_RAW--ZED-RGB_FRONT.avi,2024-11-23 12:39:04
23-11-2024_12-39-23_p0052_sP22.3_b4_RAW,52,P22.3,Qual medicamento?,Pergunta,23-11-2024_12-39-23,/srv/projects2/captarlibras_finep/dataset_captarlibras/raw-data/frontal-cam/23-11-2024_12-39-23_p0052_sP22.3_b4_RAW--ZED-RGB_FRONT.avi,2024-11-23 12:39:23
23-11-2024_12-39-43_p0052_sP23.1_b4_RAW,52,P23.1,Você fuma?,Pergunta,23-11-2024_12-39-43,/srv/projects2/captarlibras_finep/dataset_captarlibras/raw-data/frontal-cam/23-11-2024_12-39-43_p0052_sP23.1_b4_RAW--ZED-RGB_FRONT.avi,2024-11-23 12:39:43
23-11-2024_12-40-21_p0052_s259_b4_RAW,52,259,Você fuma?,Fumo sim,23-11-2024_12-40-21,/srv/projects2/captarlibras_finep/dataset_captarlibras/raw-data/frontal-cam/23-11-2024_12-40-21_p0052_s259_b4_RAW--ZED-RGB_FRONT.avi,2024-11-23 12:40:21
23-11-2024_12-40-39_p0052_s260_b4_RAW,52,260,Você fuma?,Não fumo,23-11-2024_12-40-39,/srv/projects2/captarlibras_finep/dataset_captarlibras/raw-data/frontal-cam/23-11-2024_12-40-39_p0052_s260_b4_RAW--ZED-RGB_FRONT.avi,2024-11-23 12:40:39
23-11-2024_12-40-58_p0052_sP23.2_b4_RAW,52,P23.2,Há quanto tempo?,Pergunta,23-11-2024_12-40-58,/srv/projects2/captarlibras_finep/dataset_captarlibras/raw-data/frontal-cam/23-11-2024_12-40-58_p0052_sP23.2_b4_RAW--ZED-RGB_FRONT.avi,2024-11-23 12:40:58
23-11-2024_12-41-17_p0052_s261_b4_RAW,52,261,Há quanto tempo?,Um ano,23-11-2024_12-41-17,/srv/projects2/captarlibras_finep/dataset_captarlibras/raw-data/frontal-cam/23-11-2024_12-41-17_p0052_s261_b4_RAW--ZED-RGB_FRONT.avi,2024-11-23 12:41:17
23-11-2024_12-41-33_p0052_s262_b4_RAW,52,262,Há quanto tempo?,Dois anos,23-11-2024_12-41-33,/srv/projects2/captarlibras_finep/dataset_captarlibras/raw-data/frontal-cam/23-11-2024_12-41-33_p0052_s262_b4_RAW--ZED-RGB_FRONT.avi,2024-11-23 12:41:33
23-11-2024_12-43-09_p0052_sP23.3_b4_RAW,52,P23.3,Quantos cigarros por dia?,Pergunta,23-11-2024_12-43-09,/srv/projects2/captarlibras_finep/dataset_captarlibras/raw-data/frontal-cam/23-11-2024_12-43-09_p0052_sP23.3_b4_RAW--ZED-RGB_FRONT.avi,2024-11-23 12:43:09
23-11-2024_12-43-32_p0052_sP24.1_b4_RAW,52,P24.1,Ingere bebida alcoólica?,Pergunta,23-11-2024_12-43-32,/srv/projects2/captarlibras_finep/dataset_captarlibras/raw-data/frontal-cam/23-11-2024_12-43-32_p0052_sP24.1_b4_RAW--ZED-RGB_FRONT.avi,2024-11-23 12:43:32
23-11-2024_12-44-02_p0052_sP24.2_b4_RAW,52,P24.2,Quais bebidas?,Pergunta,23-11-2024_12-44-02,/srv/projects2/captarlibras_finep/dataset_captarlibras/raw-data/frontal-cam/23-11-2024_12-44-02_p0052_sP24.2_b4_RAW--ZED-RGB_FRONT.avi,2024-11-23 12:44:02
23-11-2024_12-44-23_p0052_s264_b4_RAW,52,264,Quais bebidas?,Cerveja,23-11-2024_12-44-23,/srv/projects2/captarlibras_finep/dataset_captarlibras/raw-data/frontal-cam/23-11-2024_12-44-23_p0052_s264_b4_RAW--ZED-RGB_FRONT.avi,2024-11-23 12:44:23
23-11-2024_12-44-51_p0052_s265_b4_RAW,52,265,Quais bebidas?,Vinho,23-11-2024_12-44-51,/srv/projects2/captarlibras_finep/dataset_captarlibras/raw-data/frontal-cam/23-11-2024_12-44-51_p0052_s265_b4_RAW--ZED-RGB_FRONT.avi,2024-11-23 12:44:51
23-11-2024_12-45-09_p0052_s266_b4_RAW,52,266,Quais bebidas?,Licor,23-11-2024_12-45-09,/srv/projects2/captarlibras_finep/dataset_captarlibras/raw-data/frontal-cam/23-11-2024_12-45-09_p0052_s266_b4_RAW--ZED-RGB_FRONT.avi,2024-11-23 12:45:09
23-11-2024_12-45-28_p0052_s267_b4_RAW,52,267,Quais bebidas?,Vodca,23-11-2024_12-45-28,/srv/projects2/captarlibras_finep/dataset_captarlibras/raw-data/frontal-cam/23-11-2024_12-45-28_p0052_s267_b4_RAW--ZED-RGB_FRONT.avi,2024-11-23 12:45:28
23-11-2024_12-45-45_p0052_s268_b4_RAW,52,268,Quais bebidas?,Uísque,23-11-2024_12-45-45,/srv/projects2/captarlibras_finep/dataset_captarlibras/raw-data/frontal-cam/23-11-2024_12-45-45_p0052_s268_b4_RAW--ZED-RGB_FRONT.avi,2024-11-23 12:45:45
23-11-2024_12-46-01_p0052_s269_b4_RAW,52,269,Quais bebidas?,Cachaça,23-11-2024_12-46-01,/srv/projects2/captarlibras_finep/dataset_captarlibras/raw-data/frontal-cam/23-11-2024_12-46-01_p0052_s269_b4_RAW--ZED-RGB_FRONT.avi,2024-11-23 12:46:01
23-11-2024_12-46-20_p0052_s270_b4_RAW,52,270,Quais bebidas?,Gin,23-11-2024_12-46-20,/srv/projects2/captarlibras_finep/dataset_captarlibras/raw-data/frontal-cam/23-11-2024_12-46-20_p0052_s270_b4_RAW--ZED-RGB_FRONT.avi,2024-11-23 12:46:20
23-11-2024_12-46-37_p0052_s271_b4_RAW,52,271,Quais bebidas?,Champanhe,23-11-2024_12-46-37,/srv/projects2/captarlibras_finep/dataset_captarlibras/raw-data/frontal-cam/23-11-2024_12-46-37_p0052_s271_b4_RAW--ZED-RGB_FRONT.avi,2024-11-23 12:46:37
23-11-2024_12-47-01_p0052_sP24.3_b4_RAW,52,P24.3,Quantas bebidas?,Pergunta,23-11-2024_12-47-01,/srv/projects2/captarlibras_finep/dataset_captarlibras/raw-data/frontal-cam/23-11-2024_12-47-01_p0052_sP24.3_b4_RAW--ZED-RGB_FRONT.avi,2024-11-23 12:47:01
23-11-2024_12-47-19_p0052_s272_b4_RAW,52,272,Quantas bebidas?,Uma lata todo dia,23-11-2024_12-47-19,/srv/projects2/captarlibras_finep/dataset_captarlibras/raw-data/frontal-cam/23-11-2024_12-47-19_p0052_s272_b4_RAW--ZED-RGB_FRONT.avi,2024-11-23 12:47:19
23-11-2024_12-47-37_p0052_s273_b4_RAW,52,273,Quantas bebidas?,Uma lata uma vez na semana,23-11-2024_12-47-37,/srv/projects2/captarlibras_finep/dataset_captarlibras/raw-data/frontal-cam/23-11-2024_12-47-37_p0052_s273_b4_RAW--ZED-RGB_FRONT.avi,2024-11-23 12:47:37
23-11-2024_12-47-57_p0052_s274_b4_RAW,52,274,Quantas bebidas?,Duas latas duas vezes na semana,23-11-2024_12-47-57,/srv/projects2/captarlibras_finep/dataset_captarlibras/raw-data/frontal-cam/23-11-2024_12-47-57_p0052_s274_b4_RAW--ZED-RGB_FRONT.avi,2024-11-23 12:47:57
23-11-2024_12-48-20_p0052_s275_b4_RAW,52,275,Quantas bebidas?,Uma garrafa todo dia,23-11-2024_12-48-20,/srv/projects2/captarlibras_finep/dataset_captarlibras/raw-data/frontal-cam/23-11-2024_12-48-20_p0052_s275_b4_RAW--ZED-RGB_FRONT.avi,2024-11-23 12:48:20
23-11-2024_12-48-37_p0052_s276_b4_RAW,52,276,Quantas bebidas?,Uma garrafa uma vez por semana,23-11-2024_12-48-37,/srv/projects2/captarlibras_finep/dataset_captarlibras/raw-data/frontal-cam/23-11-2024_12-48-37_p0052_s276_b4_RAW--ZED-RGB_FRONT.avi,2024-11-23 12:48:37
23-11-2024_12-49-02_p0052_s277_b4_RAW,52,277,Quantas bebidas?,Duas garrafas duas vezes por semana,23-11-2024_12-49-02,/srv/projects2/captarlibras_finep/dataset_captarlibras/raw-data/frontal-cam/23-11-2024_12-49-02_p0052_s277_b4_RAW--ZED-RGB_FRONT.avi,2024-11-23 12:49:02
23-11-2024_12-49-24_p0052_s278_b4_RAW,52,278,Quantas bebidas?,Uma dose todos os dias,23-11-2024_12-49-24,/srv/projects2/captarlibras_finep/dataset_captarlibras/raw-data/frontal-cam/23-11-2024_12-49-24_p0052_s278_b4_RAW--ZED-RGB_FRONT.avi,2024-11-23 12:49:24
23-11-2024_12-49-43_p0052_s279_b4_RAW,52,279,Quantas bebidas?,Duas doses duas vezes por semana,23-11-2024_12-49-43,/srv/projects2/captarlibras_finep/dataset_captarlibras/raw-data/frontal-cam/23-11-2024_12-49-43_p0052_s279_b4_RAW--ZED-RGB_FRONT.avi,2024-11-23 12:49:43
23-11-2024_12-52-26_p0052_s281_b4_RAW,52,281,Quantas bebidas?,Uma taça de vinho todos os dias,23-11-2024_12-52-26,/srv/projects2/captarlibras_finep/dataset_captarlibras/raw-data/frontal-cam/23-11-2024_12-52-26_p0052_s281_b4_RAW--ZED-RGB_FRONT.avi,2024-11-23 12:52:26
23-11-2024_12-53-17_p0052_s282_b4_RAW,52,282,Quantas bebidas?,Um copo cheio todos os dias,23-11-2024_12-53-17,/srv/projects2/captarlibras_finep/dataset_captarlibras/raw-data/frontal-cam/23-11-2024_12-53-17_p0052_s282_b4_RAW--ZED-RGB_FRONT.avi,2024-11-23 12:53:17
23-11-2024_12-53-55_p0052_s283_b4_RAW,52,283,Quantas bebidas?,Um copo uma vez por semana,23-11-2024_12-53-55,/srv/projects2/captarlibras_finep/dataset_captarlibras/raw-data/frontal-cam/23-11-2024_12-53-55_p0052_s283_b4_RAW--ZED-RGB_FRONT.avi,2024-11-23 12:53:55
23-11-2024_12-54-35_p0052_sP25.1_b4_RAW,52,P25.1,"Você fez alguma cirurgia? Se sim, qual?",Pergunta,23-11-2024_12-54-35,/srv/projects2/captarlibras_finep/dataset_captarlibras/raw-data/frontal-cam/23-11-2024_12-54-35_p0052_sP25.1_b4_RAW--ZED-RGB_FRONT.avi,2024-11-23 12:54:35
23-11-2024_13-05-39_p0052_s99_b2_RAW,52,99,Onde é a dor?,Dor no baixo ventre,23-11-2024_13-05-39,/srv/projects2/captarlibras_finep/dataset_captarlibras/raw-data/frontal-cam/23-11-2024_13-05-39_p0052_s99_b2_RAW--ZED-RGB_FRONT.avi,2024-11-23 13:05:39
23-11-2024_13-43-40_p0052_s152_b2_RAW,52,152,Comandos simples,Obrigado 2,23-11-2024_13-43-40,/srv/projects2/captarlibras_finep/dataset_captarlibras/raw-data/frontal-cam/23-11-2024_13-43-40_p0052_s152_b2_RAW--ZED-RGB_FRONT.avi,2024-11-23 13:43:40
26-11-2024_15-10-12_p0056_sP04_b2_RAW,56,P04,Qual é o tempo de duração?,Pergunta,26-11-2024_15-10-12,/srv/projects2/captarlibras_finep/dataset_captarlibras/raw-data/frontal-cam/26-11-2024_15-10-12_p0056_sP04_b2_RAW--ZED-RGB_FRONT.avi,2024-11-26 15:10:12
27-11-2024_15-05-33_p0054_sP18.2_b4_RAW,54,P18.2,Está com diarreia?,Pergunta,27-11-2024_15-05-33,/srv/projects2/captarlibras_finep/dataset_captarlibras/raw-data/frontal-cam/27-11-2024_15-05-33_p0054_sP18.2_b4_RAW--ZED-RGB_FRONT.avi,2024-11-27 15:05:33
27-11-2024_15-12-25_p0054_sP18.4_b4_RAW,54,P18.4,"Tem sangue, muco ou pus?",Pergunta,27-11-2024_15-12-25,/srv/projects2/captarlibras_finep/dataset_captarlibras/raw-data/frontal-cam/27-11-2024_15-12-25_p0054_sP18.4_b4_RAW--ZED-RGB_FRONT.avi,2024-11-27 15:12:25
27-11-2024_15-24-17_p0054_sP22.1_b4_RAW,54,P22.1,Você tem alguma alergia?,Pergunta,27-11-2024_15-24-17,/srv/projects2/captarlibras_finep/dataset_captarlibras/raw-data/frontal-cam/27-11-2024_15-24-17_p0054_sP22.1_b4_RAW--ZED-RGB_FRONT.avi,2024-11-27 15:24:17
27-11-2024_15-31-40_p0054_sP22.2_b4_RAW,54,P22.2,Tem alergia a algum medicamento?,Pergunta,27-11-2024_15-31-40,/srv/projects2/captarlibras_finep/dataset_captarlibras/raw-data/frontal-cam/27-11-2024_15-31-40_p0054_sP22.2_b4_RAW--ZED-RGB_FRONT.avi,2024-11-27 15:31:40
27-11-2024_15-36-19_p0054_sP24.1_b4_RAW,54,P24.1,Ingere bebida alcoólica?,Pergunta,27-11-2024_15-36-19,/srv/projects2/captarlibras_finep/dataset_captarlibras/raw-data/frontal-cam/27-11-2024_15-36-19_p0054_sP24.1_b4_RAW--ZED-RGB_FRONT.avi,2024-11-27 15:36:19
27-11-2024_15-46-38_p0054_sP25.1_b4_RAW,54,P25.1,"Você fez alguma cirurgia? Se sim, qual?",Pergunta,27-11-2024_15-46-38,/srv/projects2/captarlibras_finep/dataset_captarlibras/raw-data/frontal-cam/27-11-2024_15-46-38_p0054_sP25.1_b4_RAW--ZED-RGB_FRONT.avi,2024-11-27 15:46:38
28-11-2024_15-59-01_p0055_s131_b2_RAW,55,131,Existe algum fator de piora?,Período menstrual,28-11-2024_15-59-01,/srv/projects2/captarlibras_finep/dataset_captarlibras/raw-data/frontal-cam/28-11-2024_15-59-01_p0055_s131_b2_RAW--ZED-RGB_FRONT.avi,2024-11-28 15:59:01
28-11-2024_16-08-42_p0055_sP08.2_b2_RAW,55,P08.2,Tem algum fator de melhora?,Pergunta,28-11-2024_16-08-42,/srv/projects2/captarlibras_finep/dataset_captarlibras/raw-data/frontal-cam/28-11-2024_16-08-42_p0055_sP08.2_b2_RAW--ZED-RGB_FRONT.avi,2024-11-28 16:08:42
03-12-2024_15-03-55_p0056_s158_b3_RAW,56,158,Piora ao subir morro?,Piora ao subir morro,03-12-2024_15-03-55,/srv/projects2/captarlibras_finep/dataset_captarlibras/raw-data/frontal-cam/03-12-2024_15-03-55_p0056_s158_b3_RAW--ZED-RGB_FRONT.avi,2024-12-03 15:03:55
03-12-2024_15-04-30_p0056_s159_b3_RAW,56,159,Piora ao subir morro?,Não piora ao subir morro,03-12-2024_15-04-30,/srv/projects2/captarlibras_finep/dataset_captarlibras/raw-data/frontal-cam/03-12-2024_15-04-30_p0056_s159_b3_RAW--ZED-RGB_FRONT.avi,2024-12-03 15:04:30
03-12-2024_15-07-32_p0056_s160_b3_RAW,56,160,Piora ao andar no plano?,Piora ao andar no plano,03-12-2024_15-07-32,/srv/projects2/captarlibras_finep/dataset_captarlibras/raw-data/frontal-cam/03-12-2024_15-07-32_p0056_s160_b3_RAW--ZED-RGB_FRONT.avi,2024-12-03 15:07:32
03-12-2024_15-08-18_p0056_s161_b3_RAW,56,161,Piora ao andar no plano?,Não piora ao andar no plano,03-12-2024_15-08-18,/srv/projects2/captarlibras_finep/dataset_captarlibras/raw-data/frontal-cam/03-12-2024_15-08-18_p0056_s161_b3_RAW--ZED-RGB_FRONT.avi,2024-12-03 15:08:18
03-12-2024_15-09-18_p0056_s162_b3_RAW,56,162,Piora ao tomar banho?,Piora ao tomar banho,03-12-2024_15-09-18,/srv/projects2/captarlibras_finep/dataset_captarlibras/raw-data/frontal-cam/03-12-2024_15-09-18_p0056_s162_b3_RAW--ZED-RGB_FRONT.avi,2024-12-03 15:09:18
03-12-2024_15-09-58_p0056_s163_b3_RAW,56,163,Piora ao tomar banho?,Não piora ao tomar banho,03-12-2024_15-09-58,/srv/projects2/captarlibras_finep/dataset_captarlibras/raw-data/frontal-cam/03-12-2024_15-09-58_p0056_s163_b3_RAW--ZED-RGB_FRONT.avi,2024-12-03 15:09:58
03-12-2024_15-11-31_p0056_s164_b3_RAW,56,164,Piora em repouso?,Piora em repouso,03-12-2024_15-11-31,/srv/projects2/captarlibras_finep/dataset_captarlibras/raw-data/frontal-cam/03-12-2024_15-11-31_p0056_s164_b3_RAW--ZED-RGB_FRONT.avi,2024-12-03 15:11:31
03-12-2024_15-11-58_p0056_s165_b3_RAW,56,165,Piora em repouso?,Não piora em repouso,03-12-2024_15-11-58,/srv/projects2/captarlibras_finep/dataset_captarlibras/raw-data/frontal-cam/03-12-2024_15-11-58_p0056_s165_b3_RAW--ZED-RGB_FRONT.avi,2024-12-03 15:11:58
03-12-2024_15-13-18_p0056_s166_b3_RAW,56,166,Piora ao subir escada?,Piora ao subir escada,03-12-2024_15-13-18,/srv/projects2/captarlibras_finep/dataset_captarlibras/raw-data/frontal-cam/03-12-2024_15-13-18_p0056_s166_b3_RAW--ZED-RGB_FRONT.avi,2024-12-03 15:13:18
03-12-2024_15-14-08_p0056_s167_b3_RAW,56,167,Piora ao subir escada?,Não piora ao subir escada,03-12-2024_15-14-08,/srv/projects2/captarlibras_finep/dataset_captarlibras/raw-data/frontal-cam/03-12-2024_15-14-08_p0056_s167_b3_RAW--ZED-RGB_FRONT.avi,2024-12-03 15:14:08
03-12-2024_15-21-57_p0056_s168_b3_RAW,56,168,A dor no peito ou falta de ar melhorou com algum medicamento?,Melhorou com medicamento,03-12-2024_15-21-57,/srv/projects2/captarlibras_finep/dataset_captarlibras/raw-data/frontal-cam/03-12-2024_15-21-57_p0056_s168_b3_RAW--ZED-RGB_FRONT.avi,2024-12-03 15:21:57
03-12-2024_15-22-17_p0056_s169_b3_RAW,56,169,A dor no peito ou falta de ar melhorou com algum medicamento?,Não melhorou com medicamento,03-12-2024_15-22-17,/srv/projects2/captarlibras_finep/dataset_captarlibras/raw-data/frontal-cam/03-12-2024_15-22-17_p0056_s169_b3_RAW--ZED-RGB_FRONT.avi,2024-12-03 15:22:17
03-12-2024_15-28-04_p0056_sP10_b3_RAW,56,P10,"De 1 a 10, sendo 1 uma dor muito fraca e 10 uma dor insuportável, qual é a intensidade da dor?",Pergunta,03-12-2024_15-28-04,/srv/projects2/captarlibras_finep/dataset_captarlibras/raw-data/frontal-cam/03-12-2024_15-28-04_p0056_sP10_b3_RAW--ZED-RGB_FRONT.avi,2024-12-03 15:28:04
03-12-2024_15-34-56_p0056_s171_b3_RAW,56,171,Foi um episódio de dor ou mais episódios?,Foi uma vez,03-12-2024_15-34-56,/srv/projects2/captarlibras_finep/dataset_captarlibras/raw-data/frontal-cam/03-12-2024_15-34-56_p0056_s171_b3_RAW--ZED-RGB_FRONT.avi,2024-12-03 15:34:56
03-12-2024_15-35-21_p0056_s172_b3_RAW,56,172,Foi um episódio de dor ou mais episódios?,Foram vários episódios,03-12-2024_15-35-21,/srv/projects2/captarlibras_finep/dataset_captarlibras/raw-data/frontal-cam/03-12-2024_15-35-21_p0056_s172_b3_RAW--ZED-RGB_FRONT.avi,2024-12-03 15:35:21
03-12-2024_15-35-44_p0056_s173_b3_RAW,56,173,Foi um episódio de dor ou mais episódios?,Constante,03-12-2024_15-35-44,/srv/projects2/captarlibras_finep/dataset_captarlibras/raw-data/frontal-cam/03-12-2024_15-35-44_p0056_s173_b3_RAW--ZED-RGB_FRONT.avi,2024-12-03 15:35:44
03-12-2024_15-37-12_p0056_s174_b3_RAW,56,174,Qual a frequência da dor?,Três vezes ao dia,03-12-2024_15-37-12,/srv/projects2/captarlibras_finep/dataset_captarlibras/raw-data/frontal-cam/03-12-2024_15-37-12_p0056_s174_b3_RAW--ZED-RGB_FRONT.avi,2024-12-03 15:37:12
03-12-2024_15-38-09_p0056_s175_b3_RAW,56,175,Quando foi o primeiro episódio?,Duas semanas,03-12-2024_15-38-09,/srv/projects2/captarlibras_finep/dataset_captarlibras/raw-data/frontal-cam/03-12-2024_15-38-09_p0056_s175_b3_RAW--ZED-RGB_FRONT.avi,2024-12-03 15:38:09
03-12-2024_15-39-17_p0056_s176_b3_RAW,56,176,Quando foi o primeiro episódio?,Três meses,03-12-2024_15-39-17,/srv/projects2/captarlibras_finep/dataset_captarlibras/raw-data/frontal-cam/03-12-2024_15-39-17_p0056_s176_b3_RAW--ZED-RGB_FRONT.avi,2024-12-03 15:39:17
03-12-2024_15-39-39_p0056_s177_b3_RAW,56,177,Quando foi o primeiro episódio?,Um ano,03-12-2024_15-39-39,/srv/projects2/captarlibras_finep/dataset_captarlibras/raw-data/frontal-cam/03-12-2024_15-39-39_p0056_s177_b3_RAW--ZED-RGB_FRONT.avi,2024-12-03 15:39:39
03-12-2024_15-40-00_p0056_s178_b3_RAW,56,178,Quando foi o primeiro episódio?,Cinco anos,03-12-2024_15-40-00,/srv/projects2/captarlibras_finep/dataset_captarlibras/raw-data/frontal-cam/03-12-2024_15-40-00_p0056_s178_b3_RAW--ZED-RGB_FRONT.avi,2024-12-03 15:40:00
03-12-2024_15-42-56_p0056_sP12_b3_RAW,56,P12,A dor tem uma localização fixa ou se espalha para algum lugar?,Pergunta,03-12-2024_15-42-56,/srv/projects2/captarlibras_finep/dataset_captarlibras/raw-data/frontal-cam/03-12-2024_15-42-56_p0056_sP12_b3_RAW--ZED-RGB_FRONT.avi,2024-12-03 15:42:56
03-12-2024_15-44-00_p0056_s179_b3_RAW,56,179,A dor tem uma localização fixa ou se espalha para algum lugar?,A dor é fixa,03-12-2024_15-44-00,/srv/projects2/captarlibras_finep/dataset_captarlibras/raw-data/frontal-cam/03-12-2024_15-44-00_p0056_s179_b3_RAW--ZED-RGB_FRONT.avi,2024-12-03 15:44:00
03-12-2024_15-44-36_p0056_s180_b3_RAW,56,180,A dor tem uma localização fixa ou se espalha para algum lugar?,A dor irradia para a nuca,03-12-2024_15-44-36,/srv/projects2/captarlibras_finep/dataset_captarlibras/raw-data/frontal-cam/03-12-2024_15-44-36_p0056_s180_b3_RAW--ZED-RGB_FRONT.avi,2024-12-03 15:44:36
03-12-2024_15-45-02_p0056_s181_b3_RAW,56,181,A dor tem uma localização fixa ou se espalha para algum lugar?,A dor irradia para o pescoço,03-12-2024_15-45-02,/srv/projects2/captarlibras_finep/dataset_captarlibras/raw-data/frontal-cam/03-12-2024_15-45-02_p0056_s181_b3_RAW--ZED-RGB_FRONT.avi,2024-12-03 15:45:02
03-12-2024_15-45-30_p0056_s182_b3_RAW,56,182,A dor tem uma localização fixa ou se espalha para algum lugar?,A dor irradia para a mandíbula,03-12-2024_15-45-30,/srv/projects2/captarlibras_finep/dataset_captarlibras/raw-data/frontal-cam/03-12-2024_15-45-30_p0056_s182_b3_RAW--ZED-RGB_FRONT.avi,2024-12-03 15:45:30
03-12-2024_15-46-11_p0056_s183_b3_RAW,56,183,A dor tem uma localização fixa ou se espalha para algum lugar?,A dor irradia para o ombro,03-12-2024_15-46-11,/srv/projects2/captarlibras_finep/dataset_captarlibras/raw-data/frontal-cam/03-12-2024_15-46-11_p0056_s183_b3_RAW--ZED-RGB_FRONT.avi,2024-12-03 15:46:11
03-12-2024_15-46-36_p0056_s184_b3_RAW,56,184,A dor tem uma localização fixa ou se espalha para algum lugar?,A dor irradia para o braço,03-12-2024_15-46-36,/srv/projects2/captarlibras_finep/dataset_captarlibras/raw-data/frontal-cam/03-12-2024_15-46-36_p0056_s184_b3_RAW--ZED-RGB_FRONT.avi,2024-12-03 15:46:36
03-12-2024_15-47-01_p0056_s185_b3_RAW,56,185,A dor tem uma localização fixa ou se espalha para algum lugar?,A dor irradia para a barriga,03-12-2024_15-47-01,/srv/projects2/captarlibras_finep/dataset_captarlibras/raw-data/frontal-cam/03-12-2024_15-47-01_p0056_s185_b3_RAW--ZED-RGB_FRONT.avi,2024-12-03 15:47:01
03-12-2024_15-47-28_p0056_s186_b3_RAW,56,186,A dor tem uma localização fixa ou se espalha para algum lugar?,A dor irradia para as costas,03-12-2024_15-47-28,/srv/projects2/captarlibras_finep/dataset_captarlibras/raw-data/frontal-cam/03-12-2024_15-47-28_p0056_s186_b3_RAW--ZED-RGB_FRONT.avi,2024-12-03 15:47:28
03-12-2024_16-06-57_p0056_s187_b3_RAW,56,187,A dor tem uma localização fixa ou se espalha para algum lugar?,A dor irradia para a virilha,03-12-2024_16-06-57,/srv/projects2/captarlibras_finep/dataset_captarlibras/raw-data/frontal-cam/03-12-2024_16-06-57_p0056_s187_b3_RAW--ZED-RGB_FRONT.avi,2024-12-03 16:06:57
03-12-2024_16-08-05_p0056_s188_b3_RAW,56,188,A dor tem uma localização fixa ou se espalha para algum lugar?,A dor irradia para a coxa,03-12-2024_16-08-05,/srv/projects2/captarlibras_finep/dataset_captarlibras/raw-data/frontal-cam/03-12-2024_16-08-05_p0056_s188_b3_RAW--ZED-RGB_FRONT.avi,2024-12-03 16:08:05
03-12-2024_16-08-27_p0056_s189_b3_RAW,56,189,A dor tem uma localização fixa ou se espalha para algum lugar?,A dor irradia para a perna,03-12-2024_16-08-27,/srv/projects2/captarlibras_finep/dataset_captarlibras/raw-data/frontal-cam/03-12-2024_16-08-27_p0056_s189_b3_RAW--ZED-RGB_FRONT.avi,2024-12-03 16:08:27
03-12-2024_16-10-08_p0056_s190_b3_RAW,56,190,A dor piora quando aperta?,Piora quando aperta,03-12-2024_16-10-08,/srv/projects2/captarlibras_finep/dataset_captarlibras/raw-data/frontal-cam/03-12-2024_16-10-08_p0056_s190_b3_RAW--ZED-RGB_FRONT.avi,2024-12-03 16:10:08
03-12-2024_16-11-20_p0056_s191_b3_RAW,56,191,A dor piora quando aperta?,Não piora quando aperta,03-12-2024_16-11-20,/srv/projects2/captarlibras_finep/dataset_captarlibras/raw-data/frontal-cam/03-12-2024_16-11-20_p0056_s191_b3_RAW--ZED-RGB_FRONT.avi,2024-12-03 16:11:20
03-12-2024_16-12-38_p0056_s192_b3_RAW,56,192,A dor piora quando muda a posição do corpo?,Piora quando muda a posição do corpo,03-12-2024_16-12-38,/srv/projects2/captarlibras_finep/dataset_captarlibras/raw-data/frontal-cam/03-12-2024_16-12-38_p0056_s192_b3_RAW--ZED-RGB_FRONT.avi,2024-12-03 16:12:38
03-12-2024_16-13-06_p0056_s193_b3_RAW,56,193,A dor piora quando muda a posição do corpo?,Não piora quando muda a posição do corpo,03-12-2024_16-13-06,/srv/projects2/captarlibras_finep/dataset_captarlibras/raw-data/frontal-cam/03-12-2024_16-13-06_p0056_s193_b3_RAW--ZED-RGB_FRONT.avi,2024-12-03 16:13:06
03-12-2024_16-13-55_p0056_sP14_b3_RAW,56,P14,"Tem dor, febre, calafrios, espirro ou secreção nasal?",Pergunta,03-12-2024_16-13-55,/srv/projects2/captarlibras_finep/dataset_captarlibras/raw-data/frontal-cam/03-12-2024_16-13-55_p0056_sP14_b3_RAW--ZED-RGB_FRONT.avi,2024-12-03 16:13:55
03-12-2024_16-16-40_p0056_s194_b3_RAW,56,194,Como é a tosse?,Tosse seca,03-12-2024_16-16-40,/srv/projects2/captarlibras_finep/dataset_captarlibras/raw-data/frontal-cam/03-12-2024_16-16-40_p0056_s194_b3_RAW--ZED-RGB_FRONT.avi,2024-12-03 16:16:40
03-12-2024_16-18-26_p0056_s195_b3_RAW,56,195,Tosse é com ou sem catarro?,Tosse sem catarro,03-12-2024_16-18-26,/srv/projects2/captarlibras_finep/dataset_captarlibras/raw-data/frontal-cam/03-12-2024_16-18-26_p0056_s195_b3_RAW--ZED-RGB_FRONT.avi,2024-12-03 16:18:26
03-12-2024_16-18-49_p0056_s196_b3_RAW,56,196,Tosse é com ou sem catarro?,Tosse com catarro,03-12-2024_16-18-49,/srv/projects2/captarlibras_finep/dataset_captarlibras/raw-data/frontal-cam/03-12-2024_16-18-49_p0056_s196_b3_RAW--ZED-RGB_FRONT.avi,2024-12-03 16:18:49
03-12-2024_16-19-56_p0056_s197_b3_RAW,56,197,Qual cor é o catarro?,Catarro transparente,03-12-2024_16-19-56,/srv/projects2/captarlibras_finep/dataset_captarlibras/raw-data/frontal-cam/03-12-2024_16-19-56_p0056_s197_b3_RAW--ZED-RGB_FRONT.avi,2024-12-03 16:19:56
03-12-2024_16-20-18_p0056_s198_b3_RAW,56,198,Qual cor é o catarro?,Catarro branco,03-12-2024_16-20-18,/srv/projects2/captarlibras_finep/dataset_captarlibras/raw-data/frontal-cam/03-12-2024_16-20-18_p0056_s198_b3_RAW--ZED-RGB_FRONT.avi,2024-12-03 16:20:18
03-12-2024_16-20-39_p0056_s199_b3_RAW,56,199,Qual cor é o catarro?,Catarro amarelado,03-12-2024_16-20-39,/srv/projects2/captarlibras_finep/dataset_captarlibras/raw-data/frontal-cam/03-12-2024_16-20-39_p0056_s199_b3_RAW--ZED-RGB_FRONT.avi,2024-12-03 16:20:39
03-12-2024_16-21-18_p0056_s200_b3_RAW,56,200,Qual cor é o catarro?,Catarro esverdeado,03-12-2024_16-21-18,/srv/projects2/captarlibras_finep/dataset_captarlibras/raw-data/frontal-cam/03-12-2024_16-21-18_p0056_s200_b3_RAW--ZED-RGB_FRONT.avi,2024-12-03 16:21:18
03-12-2024_16-21-42_p0056_s201_b3_RAW,56,201,Qual cor é o catarro?,Catarro vermelho,03-12-2024_16-21-42,/srv/projects2/captarlibras_finep/dataset_captarlibras/raw-data/frontal-cam/03-12-2024_16-21-42_p0056_s201_b3_RAW--ZED-RGB_FRONT.avi,2024-12-03 16:21:42
03-12-2024_16-22-03_p0056_s202_b3_RAW,56,202,Qual cor é o catarro?,Catarro com raias de sangue,03-12-2024_16-22-03,/srv/projects2/captarlibras_finep/dataset_captarlibras/raw-data/frontal-cam/03-12-2024_16-22-03_p0056_s202_b3_RAW--ZED-RGB_FRONT.avi,2024-12-03 16:22:03
03-12-2024_16-23-25_p0056_sP16_b3_RAW,56,P16,"Se não há espirro e tosse, sente ardor para urinar?",Pergunta,03-12-2024_16-23-25,/srv/projects2/captarlibras_finep/dataset_captarlibras/raw-data/frontal-cam/03-12-2024_16-23-25_p0056_sP16_b3_RAW--ZED-RGB_FRONT.avi,2024-12-03 16:23:25
03-12-2024_16-24-55_p0056_s203_b3_RAW,56,203,Você vacinou para covid-19?,Não vacinei pra covid-19,03-12-2024_16-24-55,/srv/projects2/captarlibras_finep/dataset_captarlibras/raw-data/frontal-cam/03-12-2024_16-24-55_p0056_s203_b3_RAW--ZED-RGB_FRONT.avi,2024-12-03 16:24:55
03-12-2024_16-25-41_p0056_s204_b3_RAW,56,204,Quantas doses?,Duas doses,03-12-2024_16-25-41,/srv/projects2/captarlibras_finep/dataset_captarlibras/raw-data/frontal-cam/03-12-2024_16-25-41_p0056_s204_b3_RAW--ZED-RGB_FRONT.avi,2024-12-03 16:25:41
03-12-2024_16-26-06_p0056_s205_b3_RAW,56,205,Quantas doses?,Três doses,03-12-2024_16-26-06,/srv/projects2/captarlibras_finep/dataset_captarlibras/raw-data/frontal-cam/03-12-2024_16-26-06_p0056_s205_b3_RAW--ZED-RGB_FRONT.avi,2024-12-03 16:26:06
03-12-2024_16-26-25_p0056_s206_b3_RAW,56,206,Quantas doses?,Quatro doses,03-12-2024_16-26-25,/srv/projects2/captarlibras_finep/dataset_captarlibras/raw-data/frontal-cam/03-12-2024_16-26-25_p0056_s206_b3_RAW--ZED-RGB_FRONT.avi,2024-12-03 16:26:25
03-12-2024_16-27-15_p0056_s207_b3_RAW,56,207,Você vacinou para gripe?,Não vacinei pra gripe,03-12-2024_16-27-15,/srv/projects2/captarlibras_finep/dataset_captarlibras/raw-data/frontal-cam/03-12-2024_16-27-15_p0056_s207_b3_RAW--ZED-RGB_FRONT.avi,2024-12-03 16:27:15
03-12-2024_16-28-26_p0056_s208_b3_RAW,56,208,Trouxe cartão de vacina?,Não trouxe cartão de vacina,03-12-2024_16-28-26,/srv/projects2/captarlibras_finep/dataset_captarlibras/raw-data/frontal-cam/03-12-2024_16-28-26_p0056_s208_b3_RAW--ZED-RGB_FRONT.avi,2024-12-03 16:28:26
03-12-2024_16-29-55_p0056_sP20_b3_RAW,56,P20,Você trouxe algum relatório médico?,Pergunta,03-12-2024_16-29-55,/srv/projects2/captarlibras_finep/dataset_captarlibras/raw-data/frontal-cam/03-12-2024_16-29-55_p0056_sP20_b3_RAW--ZED-RGB_FRONT.avi,2024-12-03 16:29:55
03-12-2024_16-31-27_p0056_s241_b3_RAW,56,241,Você trouxe receita médica?,Trouxe receita médica,03-12-2024_16-31-27,/srv/projects2/captarlibras_finep/dataset_captarlibras/raw-data/frontal-cam/03-12-2024_16-31-27_p0056_s241_b3_RAW--ZED-RGB_FRONT.avi,2024-12-03 16:31:27
03-12-2024_16-32-25_p0056_s243_b3_RAW,56,243,Você trouxe receita médica?,Não trouxe receita médica,03-12-2024_16-32-25,/srv/projects2/captarlibras_finep/dataset_captarlibras/raw-data/frontal-cam/03-12-2024_16-32-25_p0056_s243_b3_RAW--ZED-RGB_FRONT.avi,2024-12-03 16:32:25
03-12-2024_16-33-16_p0056_s242_b3_RAW,56,242,Está usando algum medicamento?,Uso medicamento,03-12-2024_16-33-16,/srv/projects2/captarlibras_finep/dataset_captarlibras/raw-data/frontal-cam/03-12-2024_16-33-16_p0056_s242_b3_RAW--ZED-RGB_FRONT.avi,2024-12-03 16:33:16
03-12-2024_16-33-41_p0056_s244_b3_RAW,56,244,Está usando algum medicamento?,Não uso medicamento,03-12-2024_16-33-41,/srv/projects2/captarlibras_finep/dataset_captarlibras/raw-data/frontal-cam/03-12-2024_16-33-41_p0056_s244_b3_RAW--ZED-RGB_FRONT.avi,2024-12-03 16:33:41
05-12-2024_15-35-17_p0055_sP01_b1_RAW,55,P01,O que você está sentindo que te fez procurar o hospital?,Pergunta,05-12-2024_15-35-17,/srv/projects2/captarlibras_finep/dataset_captarlibras/raw-data/frontal-cam/05-12-2024_15-35-17_p0055_sP01_b1_RAW--ZED-RGB_FRONT.avi,2024-12-05 15:35:17
05-12-2024_15-56-18_p0055_s30_b1_RAW,55,30,O que você está sentindo que te fez procurar o hospital?,Feridas na pele,05-12-2024_15-56-18,/srv/projects2/captarlibras_finep/dataset_captarlibras/raw-data/frontal-cam/05-12-2024_15-56-18_p0055_s30_b1_RAW--ZED-RGB_FRONT.avi,2024-12-05 15:56:18
05-12-2024_16-09-03_p0055_s52_b1_RAW,55,52,O que você está sentindo que te fez procurar o hospital?,Urina com espuma,05-12-2024_16-09-03,/srv/projects2/captarlibras_finep/dataset_captarlibras/raw-data/frontal-cam/05-12-2024_16-09-03_p0055_s52_b1_RAW--ZED-RGB_FRONT.avi,2024-12-05 16:09:03
05-12-2024_16-47-14_p0055_sP18.2_b4_RAW,55,P18.2,Está com diarreia?,Pergunta,05-12-2024_16-47-14,/srv/projects2/captarlibras_finep/dataset_captarlibras/raw-data/frontal-cam/05-12-2024_16-47-14_p0055_sP18.2_b4_RAW--ZED-RGB_FRONT.avi,2024-12-05 16:47:14
05-12-2024_16-47-51_p0055_sP18.3_b4_RAW,55,P18.3,Como é a diarreia?,Pergunta,05-12-2024_16-47-51,/srv/projects2/captarlibras_finep/dataset_captarlibras/raw-data/frontal-cam/05-12-2024_16-47-51_p0055_sP18.3_b4_RAW--ZED-RGB_FRONT.avi,2024-12-05 16:47:51
05-12-2024_16-52-18_p0055_s219_b4_RAW,55,219,Como é a diarreia?,Com resto de comida,05-12-2024_16-52-18,/srv/projects2/captarlibras_finep/dataset_captarlibras/raw-data/frontal-cam/05-12-2024_16-52-18_p0055_s219_b4_RAW--ZED-RGB_FRONT.avi,2024-12-05 16:52:18
05-12-2024_16-55-27_p0055_sP18.4_b4_RAW,55,P18.4,"Tem sangue, muco ou pus?",Pergunta,05-12-2024_16-55-27,/srv/projects2/captarlibras_finep/dataset_captarlibras/raw-data/frontal-cam/05-12-2024_16-55-27_p0055_sP18.4_b4_RAW--ZED-RGB_FRONT.avi,2024-12-05 16:55:27
05-12-2024_17-07-51_p0055_sP22.1_b4_RAW,55,P22.1,Você tem alguma alergia?,Pergunta,05-12-2024_17-07-51,/srv/projects2/captarlibras_finep/dataset_captarlibras/raw-data/frontal-cam/05-12-2024_17-07-51_p0055_sP22.1_b4_RAW--ZED-RGB_FRONT.avi,2024-12-05 17:07:51
05-12-2024_17-19-53_p0055_sP24.1_b4_RAW,55,P24.1,Ingere bebida alcoólica?,Pergunta,05-12-2024_17-19-53,/srv/projects2/captarlibras_finep/dataset_captarlibras/raw-data/frontal-cam/05-12-2024_17-19-53_p0055_sP24.1_b4_RAW--ZED-RGB_FRONT.avi,2024-12-05 17:19:53
07-12-2024_09-37-57_p0053_sP18.1_b4_RAW,53,P18.1,Está enjoado ou com vômitos?,Pergunta,07-12-2024_09-37-57,/srv/projects2/captarlibras_finep/dataset_captarlibras/raw-data/frontal-cam/07-12-2024_09-37-57_p0053_sP18.1_b4_RAW--ZED-RGB_FRONT.avi,2024-12-07 09:37:57
07-12-2024_10-09-32_p0053_sP18.4_b4_RAW,53,P18.4,"Tem sangue, muco ou pus?",Pergunta,07-12-2024_10-09-32,/srv/projects2/captarlibras_finep/dataset_captarlibras/raw-data/frontal-cam/07-12-2024_10-09-32_p0053_sP18.4_b4_RAW--ZED-RGB_FRONT.avi,2024-12-07 10:09:32
07-12-2024_10-35-51_p0053_sP22.2_b4_RAW,53,P22.2,Tem alergia a algum medicamento?,Pergunta,07-12-2024_10-35-51,/srv/projects2/captarlibras_finep/dataset_captarlibras/raw-data/frontal-cam/07-12-2024_10-35-51_p0053_sP22.2_b4_RAW--ZED-RGB_FRONT.avi,2024-12-07 10:35:51
07-12-2024_10-40-31_p0053_sP24.1_b4_RAW,53,P24.1,Ingere bebida alcoólica?,Pergunta,07-12-2024_10-40-31,/srv/projects2/captarlibras_finep/dataset_captarlibras/raw-data/frontal-cam/07-12-2024_10-40-31_p0053_sP24.1_b4_RAW--ZED-RGB_FRONT.avi,2024-12-07 10:40:31
07-12-2024_10-44-14_p0053_sP24.3_b4_RAW,53,P24.3,Quantas bebidas?,Pergunta,07-12-2024_10-44-14,/srv/projects2/captarlibras_finep/dataset_captarlibras/raw-data/frontal-cam/07-12-2024_10-44-14_p0053_sP24.3_b4_RAW--ZED-RGB_FRONT.avi,2024-12-07 10:44:14
07-12-2024_10-47-17_p0053_s278_b4_RAW,53,278,Quantas bebidas?,Uma dose todos os dias,07-12-2024_10-47-17,/srv/projects2/captarlibras_finep/dataset_captarlibras/raw-data/frontal-cam/07-12-2024_10-47-17_p0053_s278_b4_RAW--ZED-RGB_FRONT.avi,2024-12-07 10:47:17
07-12-2024_10-53-23_p0053_sP01_b1_RAW,53,P01,O que você está sentindo que te fez procurar o hospital?,Pergunta,07-12-2024_10-53-23,/srv/projects2/captarlibras_finep/dataset_captarlibras/raw-data/frontal-cam/07-12-2024_10-53-23_p0053_sP01_b1_RAW--ZED-RGB_FRONT.avi,2024-12-07 10:53:23
07-12-2024_11-00-48_p0053_s15_b1_RAW,53,15,O que você está sentindo que te fez procurar o hospital?,Dor no pé,07-12-2024_11-00-48,/srv/projects2/captarlibras_finep/dataset_captarlibras/raw-data/frontal-cam/07-12-2024_11-00-48_p0053_s15_b1_RAW--ZED-RGB_FRONT.avi,2024-12-07 11:00:48
07-12-2024_11-19-49_p0053_s58_b1_RAW,53,58,O que você está sentindo que te fez procurar o hospital?,Trauma físico,07-12-2024_11-19-49,/srv/projects2/captarlibras_finep/dataset_captarlibras/raw-data/frontal-cam/07-12-2024_11-19-49_p0053_s58_b1_RAW--ZED-RGB_FRONT.avi,2024-12-07 11:19:49
07-12-2024_11-21-14_p0053_s63_b1_RAW,53,63,O que você está sentindo que te fez procurar o hospital?,Lesão por arma de fogo,07-12-2024_11-21-14,/srv/projects2/captarlibras_finep/dataset_captarlibras/raw-data/frontal-cam/07-12-2024_11-21-14_p0053_s63_b1_RAW--ZED-RGB_FRONT.avi,2024-12-07 11:21:14
07-12-2024_11-24-41_p0053_sP03_b1_RAW,53,P03,Como começou? O que você estava fazendo?,Pergunta,07-12-2024_11-24-41,/srv/projects2/captarlibras_finep/dataset_captarlibras/raw-data/frontal-cam/07-12-2024_11-24-41_p0053_sP03_b1_RAW--ZED-RGB_FRONT.avi,2024-12-07 11:24:41
10-12-2024_15-22-14_p0056_s218_b4_RAW,56,218,Como é a diarreia?,Escura,10-12-2024_15-22-14,/srv/projects2/captarlibras_finep/dataset_captarlibras/raw-data/frontal-cam/10-12-2024_15-22-14_p0056_s218_b4_RAW--ZED-RGB_FRONT.avi,2024-12-10 15:22:14
10-12-2024_15-25-29_p0056_sP18.4_b4_RAW,56,P18.4,"Tem sangue, muco ou pus?",Pergunta,10-12-2024_15-25-29,/srv/projects2/captarlibras_finep/dataset_captarlibras/raw-data/frontal-cam/10-12-2024_15-25-29_p0056_sP18.4_b4_RAW--ZED-RGB_FRONT.avi,2024-12-10 15:25:29
10-12-2024_15-59-06_p0056_sP22.2_b4_RAW,56,P22.2,Tem alergia a algum medicamento?,Pergunta,10-12-2024_15-59-06,/srv/projects2/captarlibras_finep/dataset_captarlibras/raw-data/frontal-cam/10-12-2024_15-59-06_p0056_sP22.2_b4_RAW--ZED-RGB_FRONT.avi,2024-12-10 15:59:06
10-12-2024_16-21-37_p0056_s283_b4_RAW,56,283,Quantas bebidas?,Um copo uma vez por semana,10-12-2024_16-21-37,/srv/projects2/captarlibras_finep/dataset_captarlibras/raw-data/frontal-cam/10-12-2024_16-21-37_p0056_s283_b4_RAW--ZED-RGB_FRONT.avi,2024-12-10 16:21:37
10-12-2024_16-50-27_p0056_sP01_b1_RAW,56,P01,O que você está sentindo que te fez procurar o hospital?,Pergunta,10-12-2024_16-50-27,/srv/projects2/captarlibras_finep/dataset_captarlibras/raw-data/frontal-cam/10-12-2024_16-50-27_p0056_sP01_b1_RAW--ZED-RGB_FRONT.avi,2024-12-10 16:50:27
10-12-2024_17-21-55_p0056_s36_b1_RAW,56,36,O que você está sentindo que te fez procurar o hospital?,Excesso de suor,10-12-2024_17-21-55,/srv/projects2/captarlibras_finep/dataset_captarlibras/raw-data/frontal-cam/10-12-2024_17-21-55_p0056_s36_b1_RAW--ZED-RGB_FRONT.avi,2024-12-10 17:21:55
10-12-2024_17-33-06_p0056_s58_b1_RAW,56,58,O que você está sentindo que te fez procurar o hospital?,Trauma físico,10-12-2024_17-33-06,/srv/projects2/captarlibras_finep/dataset_captarlibras/raw-data/frontal-cam/10-12-2024_17-33-06_p0056_s58_b1_RAW--ZED-RGB_FRONT.avi,2024-12-10 17:33:06
12-12-2024_15-23-55_p0057_sP04_b2_RAW,57,P04,Qual é o tempo de duração?,Pergunta,12-12-2024_15-23-55,/srv/projects2/captarlibras_finep/dataset_captarlibras/raw-data/frontal-cam/12-12-2024_15-23-55_p0057_sP04_b2_RAW--ZED-RGB_FRONT.avi,2024-12-12 15:23:55
12-12-2024_15-26-27_p0057_s83_b2_RAW,57,83,Qual é o tempo de duração?,Um dia,12-12-2024_15-26-27,/srv/projects2/captarlibras_finep/dataset_captarlibras/raw-data/frontal-cam/12-12-2024_15-26-27_p0057_s83_b2_RAW--ZED-RGB_FRONT.avi,2024-12-12 15:26:27
12-12-2024_15-35-40_p0057_s94_b2_RAW,57,94,Onde é a dor?,Dor no ouvido direito e esquerdo,12-12-2024_15-35-40,/srv/projects2/captarlibras_finep/dataset_captarlibras/raw-data/frontal-cam/12-12-2024_15-35-40_p0057_s94_b2_RAW--ZED-RGB_FRONT.avi,2024-12-12 15:35:40
12-12-2024_15-57-54_p0057_s117_b2_RAW,57,117,"Junto desse sintoma, você sente mais alguma coisa?",Sudorese,12-12-2024_15-57-54,/srv/projects2/captarlibras_finep/dataset_captarlibras/raw-data/frontal-cam/12-12-2024_15-57-54_p0057_s117_b2_RAW--ZED-RGB_FRONT.avi,2024-12-12 15:57:54
12-12-2024_15-58-19_p0057_s118_b2_RAW,57,118,"Junto desse sintoma, você sente mais alguma coisa?",Lacrimejamento,12-12-2024_15-58-19,/srv/projects2/captarlibras_finep/dataset_captarlibras/raw-data/frontal-cam/12-12-2024_15-58-19_p0057_s118_b2_RAW--ZED-RGB_FRONT.avi,2024-12-12 15:58:19
12-12-2024_16-10-29_p0057_s140_b2_RAW,57,140,Existe algum fator de piora?,Mexer as pernas,12-12-2024_16-10-29,/srv/projects2/captarlibras_finep/dataset_captarlibras/raw-data/frontal-cam/12-12-2024_16-10-29_p0057_s140_b2_RAW--ZED-RGB_FRONT.avi,2024-12-12 16:10:29
12-12-2024_19-31-45_p0058_sP08.2_b2_RAW,58,P08.2,Tem algum fator de melhora?,Pergunta,12-12-2024_19-31-45,/srv/projects2/captarlibras_finep/dataset_captarlibras/raw-data/frontal-cam/12-12-2024_19-31-45_p0058_sP08.2_b2_RAW--ZED-RGB_FRONT.avi,2024-12-12 19:31:45
13-12-2024_14-40-32_p0054_s86_b2_RAW,54,86,Qual é o tempo de duração?,Um mês,13-12-2024_14-40-32,/srv/projects2/captarlibras_finep/dataset_captarlibras/raw-data/frontal-cam/13-12-2024_14-40-32_p0054_s86_b2_RAW--ZED-RGB_FRONT.avi,2024-12-13 14:40:32
13-12-2024_14-43-22_p0054_sP05_b2_RAW,54,P05,Por que você procurou atendimento nesse momento? Houve piora do quadro?,Pergunta,13-12-2024_14-43-22,/srv/projects2/captarlibras_finep/dataset_captarlibras/raw-data/frontal-cam/13-12-2024_14-43-22_p0054_sP05_b2_RAW--ZED-RGB_FRONT.avi,2024-12-13 14:43:22
13-12-2024_14-54-43_p0054_s101_b2_RAW,54,101,Onde é a dor?,Dor nos ombros,13-12-2024_14-54-43,/srv/projects2/captarlibras_finep/dataset_captarlibras/raw-data/frontal-cam/13-12-2024_14-54-43_p0054_s101_b2_RAW--ZED-RGB_FRONT.avi,2024-12-13 14:54:43
13-12-2024_15-06-17_p0054_sP06.5_b2_RAW,54,P06.5,A dor é como se fosse uma fincada?,Pergunta,13-12-2024_15-06-17,/srv/projects2/captarlibras_finep/dataset_captarlibras/raw-data/frontal-cam/13-12-2024_15-06-17_p0054_sP06.5_b2_RAW--ZED-RGB_FRONT.avi,2024-12-13 15:06:17
13-12-2024_15-42-31_p0054_sP08.2_b2_RAW,54,P08.2,Tem algum fator de melhora?,Pergunta,13-12-2024_15-42-31,/srv/projects2/captarlibras_finep/dataset_captarlibras/raw-data/frontal-cam/13-12-2024_15-42-31_p0054_sP08.2_b2_RAW--ZED-RGB_FRONT.avi,2024-12-13 15:42:31
13-12-2024_16-03-37_p0054_sP01_b1_RAW,54,P01,O que você está sentindo que te fez procurar o hospital?,Pergunta,13-12-2024_16-03-37,/srv/projects2/captarlibras_finep/dataset_captarlibras/raw-data/frontal-cam/13-12-2024_16-03-37_p0054_sP01_b1_RAW--ZED-RGB_FRONT.avi,2024-12-13 16:03:37
13-12-2024_16-13-47_p0054_s22_b1_RAW,54,22,O que você está sentindo que te fez procurar o hospital?,Diarreia com sangue,13-12-2024_16-13-47,/srv/projects2/captarlibras_finep/dataset_captarlibras/raw-data/frontal-cam/13-12-2024_16-13-47_p0054_s22_b1_RAW--ZED-RGB_FRONT.avi,2024-12-13 16:13:47
13-12-2024_16-29-21_p0054_s58_b1_RAW,54,58,O que você está sentindo que te fez procurar o hospital?,Trauma físico,13-12-2024_16-29-21,/srv/projects2/captarlibras_finep/dataset_captarlibras/raw-data/frontal-cam/13-12-2024_16-29-21_p0054_s58_b1_RAW--ZED-RGB_FRONT.avi,2024-12-13 16:29:21
13-12-2024_16-35-14_p0054_s70_b1_RAW,54,70,Quando começou?,Uma hora,13-12-2024_16-35-14,/srv/projects2/captarlibras_finep/dataset_captarlibras/raw-data/frontal-cam/13-12-2024_16-35-14_p0054_s70_b1_RAW--ZED-RGB_FRONT.avi,2024-12-13 16:35:14
13-12-2024_16-35-33_p0054_s71_b1_RAW,54,71,Quando começou?,Duas horas,13-12-2024_16-35-33,/srv/projects2/captarlibras_finep/dataset_captarlibras/raw-data/frontal-cam/13-12-2024_16-35-33_p0054_s71_b1_RAW--ZED-RGB_FRONT.avi,2024-12-13 16:35:33
13-12-2024_16-36-54_p0054_sP03_b1_RAW,54,P03,Como começou? O que você estava fazendo?,Pergunta,13-12-2024_16-36-54,/srv/projects2/captarlibras_finep/dataset_captarlibras/raw-data/frontal-cam/13-12-2024_16-36-54_p0054_sP03_b1_RAW--ZED-RGB_FRONT.avi,2024-12-13 16:36:54
14-12-2024_11-27-24_p0059_s131_b2_RAW,59,131,Existe algum fator de piora?,Período menstrual,14-12-2024_11-27-24,/srv/projects2/captarlibras_finep/dataset_captarlibras/raw-data/frontal-cam/14-12-2024_11-27-24_p0059_s131_b2_RAW--ZED-RGB_FRONT.avi,2024-12-14 11:27:24
14-12-2024_11-33-08_p0059_sP08.2_b2_RAW,59,P08.2,Tem algum fator de melhora?,Pergunta,14-12-2024_11-33-08,/srv/projects2/captarlibras_finep/dataset_captarlibras/raw-data/frontal-cam/14-12-2024_11-33-08_p0059_sP08.2_b2_RAW--ZED-RGB_FRONT.avi,2024-12-14 11:33:08
14-12-2024_12-05-08_p0059_s148.18_b2_RAW,59,148.18,Alfabeto completo,R,14-12-2024_12-05-08,/srv/projects2/captarlibras_finep/dataset_captarlibras/raw-data/frontal-cam/14-12-2024_12-05-08_p0059_s148.18_b2_RAW--ZED-RGB_FRONT.avi,2024-12-14 12:05:08
17-12-2024_16-34-03_p0060_sP11.1_b3_RAW,60,P11.1,Foi um episódio de dor ou mais episódios?,Pergunta,17-12-2024_16-34-03,/srv/projects2/captarlibras_finep/dataset_captarlibras/raw-data/frontal-cam/17-12-2024_16-34-03_p0060_sP11.1_b3_RAW--ZED-RGB_FRONT.avi,2024-12-17 16:34:03
17-12-2024_16-43-52_p0060_sP12_b3_RAW,60,P12,A dor tem uma localização fixa ou se espalha para algum lugar?,Pergunta,17-12-2024_16-43-52,/srv/projects2/captarlibras_finep/dataset_captarlibras/raw-data/frontal-cam/17-12-2024_16-43-52_p0060_sP12_b3_RAW--ZED-RGB_FRONT.avi,2024-12-17 16:43:52
17-12-2024_16-50-00_p0060_s187_b3_RAW,60,187,A dor tem uma localização fixa ou se espalha para algum lugar?,A dor irradia para a virilha,17-12-2024_16-50-00,/srv/projects2/captarlibras_finep/dataset_captarlibras/raw-data/frontal-cam/17-12-2024_16-50-00_p0060_s187_b3_RAW--ZED-RGB_FRONT.avi,2024-12-17 16:50:00
17-12-2024_16-52-05_p0060_sP13.1_b3_RAW,60,P13.1,A dor piora quando aperta?,Pergunta,17-12-2024_16-52-05,/srv/projects2/captarlibras_finep/dataset_captarlibras/raw-data/frontal-cam/17-12-2024_16-52-05_p0060_sP13.1_b3_RAW--ZED-RGB_FRONT.avi,2024-12-17 16:52:05
17-12-2024_17-00-08_p0060_s195_b3_RAW,60,195,Tosse é com ou sem catarro?,Tosse sem catarro,17-12-2024_17-00-08,/srv/projects2/captarlibras_finep/dataset_captarlibras/raw-data/frontal-cam/17-12-2024_17-00-08_p0060_s195_b3_RAW--ZED-RGB_FRONT.avi,2024-12-17 17:00:08
17-12-2024_17-13-19_p0060_sP16_b3_RAW,60,P16,"Se não há espirro e tosse, sente ardor para urinar?",Pergunta,17-12-2024_17-13-19,/srv/projects2/captarlibras_finep/dataset_captarlibras/raw-data/frontal-cam/17-12-2024_17-13-19_p0060_sP16_b3_RAW--ZED-RGB_FRONT.avi,2024-12-17 17:13:19
17-12-2024_17-23-02_p0060_s242_b3_RAW,60,242,Está usando algum medicamento?,Uso medicamento,17-12-2024_17-23-02,/srv/projects2/captarlibras_finep/dataset_captarlibras/raw-data/frontal-cam/17-12-2024_17-23-02_p0060_s242_b3_RAW--ZED-RGB_FRONT.avi,2024-12-17 17:23:02
18-12-2024_09-28-09_p0061_sP10_b3_RAW,61,P10,"De 1 a 10, sendo 1 uma dor muito fraca e 10 uma dor insuportável, qual é a intensidade da dor?",Pergunta,18-12-2024_09-28-09,/srv/projects2/captarlibras_finep/dataset_captarlibras/raw-data/frontal-cam/18-12-2024_09-28-09_p0061_sP10_b3_RAW--ZED-RGB_FRONT.avi,2024-12-18 09:28:09
18-12-2024_10-00-26_p0061_s195_b3_RAW,61,195,Tosse é com ou sem catarro?,Tosse sem catarro,18-12-2024_10-00-26,/srv/projects2/captarlibras_finep/dataset_captarlibras/raw-data/frontal-cam/18-12-2024_10-00-26_p0061_s195_b3_RAW--ZED-RGB_FRONT.avi,2024-12-18 10:00:26
18-12-2024_10-01-18_p0061_sP15.4_b3_RAW,61,P15.4,Qual cor é o catarro?,Pergunta,18-12-2024_10-01-18,/srv/projects2/captarlibras_finep/dataset_captarlibras/raw-data/frontal-cam/18-12-2024_10-01-18_p0061_sP15.4_b3_RAW--ZED-RGB_FRONT.avi,2024-12-18 10:01:18
18-12-2024_10-05-15_p0061_sP16_b3_RAW,61,P16,"Se não há espirro e tosse, sente ardor para urinar?",Pergunta,18-12-2024_10-05-15,/srv/projects2/captarlibras_finep/dataset_captarlibras/raw-data/frontal-cam/18-12-2024_10-05-15_p0061_sP16_b3_RAW--ZED-RGB_FRONT.avi,2024-12-18 10:05:15
18-12-2024_16-54-03_p0057_sP10_b3_RAW,57,P10,"De 1 a 10, sendo 1 uma dor muito fraca e 10 uma dor insuportável, qual é a intensidade da dor?",Pergunta,18-12-2024_16-54-03,/srv/projects2/captarlibras_finep/dataset_captarlibras/raw-data/frontal-cam/18-12-2024_16-54-03_p0057_sP10_b3_RAW--ZED-RGB_FRONT.avi,2024-12-18 16:54:03
18-12-2024_17-08-06_p0057_sP11.1_b3_RAW,57,P11.1,Foi um episódio de dor ou mais episódios?,Pergunta,18-12-2024_17-08-06,/srv/projects2/captarlibras_finep/dataset_captarlibras/raw-data/frontal-cam/18-12-2024_17-08-06_p0057_sP11.1_b3_RAW--ZED-RGB_FRONT.avi,2024-12-18 17:08:06
18-12-2024_17-23-31_p0057_sP13.1_b3_RAW,57,P13.1,A dor piora quando aperta?,Pergunta,18-12-2024_17-23-31,/srv/projects2/captarlibras_finep/dataset_captarlibras/raw-data/frontal-cam/18-12-2024_17-23-31_p0057_sP13.1_b3_RAW--ZED-RGB_FRONT.avi,2024-12-18 17:23:31
18-12-2024_17-32-03_p0057_s196_b3_RAW,57,196,Tosse é com ou sem catarro?,Tosse com catarro,18-12-2024_17-32-03,/srv/projects2/captarlibras_finep/dataset_captarlibras/raw-data/frontal-cam/18-12-2024_17-32-03_p0057_s196_b3_RAW--ZED-RGB_FRONT.avi,2024-12-18 17:32:03
18-12-2024_17-36-08_p0057_sP16_b3_RAW,57,P16,"Se não há espirro e tosse, sente ardor para urinar?",Pergunta,18-12-2024_17-36-08,/srv/projects2/captarlibras_finep/dataset_captarlibras/raw-data/frontal-cam/18-12-2024_17-36-08_p0057_sP16_b3_RAW--ZED-RGB_FRONT.avi,2024-12-18 17:36:08
18-12-2024_17-37-06_p0057_s203_b3_RAW,57,203,Você vacinou para covid-19?,Não vacinei pra covid-19,18-12-2024_17-37-06,/srv/projects2/captarlibras_finep/dataset_captarlibras/raw-data/frontal-cam/18-12-2024_17-37-06_p0057_s203_b3_RAW--ZED-RGB_FRONT.avi,2024-12-18 17:37:06
18-12-2024_17-39-55_p0057_s208_b3_RAW,57,208,Trouxe cartão de vacina?,Não trouxe cartão de vacina,18-12-2024_17-39-55,/srv/projects2/captarlibras_finep/dataset_captarlibras/raw-data/frontal-cam/18-12-2024_17-39-55_p0057_s208_b3_RAW--ZED-RGB_FRONT.avi,2024-12-18 17:39:55
18-12-2024_17-40-14_p0057_sP20_b3_RAW,57,P20,Você trouxe algum relatório médico?,Pergunta,18-12-2024_17-40-14,/srv/projects2/captarlibras_finep/dataset_captarlibras/raw-data/frontal-cam/18-12-2024_17-40-14_p0057_sP20_b3_RAW--ZED-RGB_FRONT.avi,2024-12-18 17:40:14
18-12-2024_17-40-33_p0057_sP21.1_b3_RAW,57,P21.1,Você trouxe receita médica?,Pergunta,18-12-2024_17-40-33,/srv/projects2/captarlibras_finep/dataset_captarlibras/raw-data/frontal-cam/18-12-2024_17-40-33_p0057_sP21.1_b3_RAW--ZED-RGB_FRONT.avi,2024-12-18 17:40:33
18-12-2024_17-46-00_p0057_s242_b3_RAW,57,242,Está usando algum medicamento?,Uso medicamento,18-12-2024_17-46-00,/srv/projects2/captarlibras_finep/dataset_captarlibras/raw-data/frontal-cam/18-12-2024_17-46-00_p0057_s242_b3_RAW--ZED-RGB_FRONT.avi,2024-12-18 17:46:00
19-12-2024_15-49-09_p0062_sP10_b3_RAW,62,P10,"De 1 a 10, sendo 1 uma dor muito fraca e 10 uma dor insuportável, qual é a intensidade da dor?",Pergunta,19-12-2024_15-49-09,/srv/projects2/captarlibras_finep/dataset_captarlibras/raw-data/frontal-cam/19-12-2024_15-49-09_p0062_sP10_b3_RAW--ZED-RGB_FRONT.avi,2024-12-19 15:49:09
19-12-2024_16-14-30_p0062_s194_b3_RAW,62,194,Como é a tosse?,Tosse seca,19-12-2024_16-14-30,/srv/projects2/captarlibras_finep/dataset_captarlibras/raw-data/frontal-cam/19-12-2024_16-14-30_p0062_s194_b3_RAW--ZED-RGB_FRONT.avi,2024-12-19 16:14:30
19-12-2024_16-27-11_p0062_sP20_b3_RAW,62,P20,Você trouxe algum relatório médico?,Pergunta,19-12-2024_16-27-11,/srv/projects2/captarlibras_finep/dataset_captarlibras/raw-data/frontal-cam/19-12-2024_16-27-11_p0062_sP20_b3_RAW--ZED-RGB_FRONT.avi,2024-12-19 16:27:11
20-12-2024_14-46-53_p0061_s118_b2_RAW,61,118,"Junto desse sintoma, você sente mais alguma coisa?",Lacrimejamento,20-12-2024_14-46-53,/srv/projects2/captarlibras_finep/dataset_captarlibras/raw-data/frontal-cam/20-12-2024_14-46-53_p0061_s118_b2_RAW--ZED-RGB_FRONT.avi,2024-12-20 14:46:53
20-12-2024_14-59-30_p0061_sP08.2_b2_RAW,61,P08.2,Tem algum fator de melhora?,Pergunta,20-12-2024_14-59-30,/srv/projects2/captarlibras_finep/dataset_captarlibras/raw-data/frontal-cam/20-12-2024_14-59-30_p0061_sP08.2_b2_RAW--ZED-RGB_FRONT.avi,2024-12-20 14:59:30
21-12-2024_09-19-28_p0061_sP18.2_b4_RAW,61,P18.2,Está com diarreia?,Pergunta,21-12-2024_09-19-28,/srv/projects2/captarlibras_finep/dataset_captarlibras/raw-data/frontal-cam/21-12-2024_09-19-28_p0061_sP18.2_b4_RAW--ZED-RGB_FRONT.avi,2024-12-21 09:19:28
21-12-2024_09-25-32_p0061_sP18.4_b4_RAW,61,P18.4,"Tem sangue, muco ou pus?",Pergunta,21-12-2024_09-25-32,/srv/projects2/captarlibras_finep/dataset_captarlibras/raw-data/frontal-cam/21-12-2024_09-25-32_p0061_sP18.4_b4_RAW--ZED-RGB_FRONT.avi,2024-12-21 09:25:32
21-12-2024_09-41-08_p0061_sP22.2_b4_RAW,61,P22.2,Tem alergia a algum medicamento?,Pergunta,21-12-2024_09-41-08,/srv/projects2/captarlibras_finep/dataset_captarlibras/raw-data/frontal-cam/21-12-2024_09-41-08_p0061_sP22.2_b4_RAW--ZED-RGB_FRONT.avi,2024-12-21 09:41:08
21-12-2024_09-43-26_p0061_s259_b4_RAW,61,259,Você fuma?,Fumo sim,21-12-2024_09-43-26,/srv/projects2/captarlibras_finep/dataset_captarlibras/raw-data/frontal-cam/21-12-2024_09-43-26_p0061_s259_b4_RAW--ZED-RGB_FRONT.avi,2024-12-21 09:43:26
21-12-2024_09-50-22_p0061_s270_b4_RAW,61,270,Quais bebidas?,Gin,21-12-2024_09-50-22,/srv/projects2/captarlibras_finep/dataset_captarlibras/raw-data/frontal-cam/21-12-2024_09-50-22_p0061_s270_b4_RAW--ZED-RGB_FRONT.avi,2024-12-21 09:50:22
21-12-2024_10-00-21_p0061_sP01_b1_RAW,61,P01,O que você está sentindo que te fez procurar o hospital?,Pergunta,21-12-2024_10-00-21,/srv/projects2/captarlibras_finep/dataset_captarlibras/raw-data/frontal-cam/21-12-2024_10-00-21_p0061_sP01_b1_RAW--ZED-RGB_FRONT.avi,2024-12-21 10:00:21
21-12-2024_10-20-15_p0061_s44_b1_RAW,61,44,O que você está sentindo que te fez procurar o hospital?,Pressão arterial alterada,21-12-2024_10-20-15,/srv/projects2/captarlibras_finep/dataset_captarlibras/raw-data/frontal-cam/21-12-2024_10-20-15_p0061_s44_b1_RAW--ZED-RGB_FRONT.avi,2024-12-21 10:20:15
21-12-2024_10-26-41_p0061_s58_b1_RAW,61,58,O que você está sentindo que te fez procurar o hospital?,Trauma físico,21-12-2024_10-26-41,/srv/projects2/captarlibras_finep/dataset_captarlibras/raw-data/frontal-cam/21-12-2024_10-26-41_p0061_s58_b1_RAW--ZED-RGB_FRONT.avi,2024-12-21 10:26:41
07-01-2025_13-38-49_p0062_sP01_b1_RAW,62,P01,O que você está sentindo que te fez procurar o hospital?,Pergunta,07-01-2025_13-38-49,/srv/projects2/captarlibras_finep/dataset_captarlibras/raw-data/frontal-cam/07-01-2025_13-38-49_p0062_sP01_b1_RAW--ZED-RGB_FRONT.avi,2025-01-07 13:38:49
07-01-2025_13-58-08_p0062_s32_b1_RAW,62,32,O que você está sentindo que te fez procurar o hospital?,Pele com manchas vermelhas,07-01-2025_13-58-08,/srv/projects2/captarlibras_finep/dataset_captarlibras/raw-data/frontal-cam/07-01-2025_13-58-08_p0062_s32_b1_RAW--ZED-RGB_FRONT.avi,2025-01-07 13:58:08
07-01-2025_14-11-48_p0062_s58_b1_RAW,62,58,O que você está sentindo que te fez procurar o hospital?,Trauma físico,07-01-2025_14-11-48,/srv/projects2/captarlibras_finep/dataset_captarlibras/raw-data/frontal-cam/07-01-2025_14-11-48_p0062_s58_b1_RAW--ZED-RGB_FRONT.avi,2025-01-07 14:11:48
07-01-2025_14-19-29_p0062_sP02_b1_RAW,62,P02,Quando começou?,Pergunta,07-01-2025_14-19-29,/srv/projects2/captarlibras_finep/dataset_captarlibras/raw-data/frontal-cam/07-01-2025_14-19-29_p0062_sP02_b1_RAW--ZED-RGB_FRONT.avi,2025-01-07 14:19:29
07-01-2025_14-22-57_p0062_sP03_b1_RAW,62,P03,Como começou? O que você estava fazendo?,Pergunta,07-01-2025_14-22-57,/srv/projects2/captarlibras_finep/dataset_captarlibras/raw-data/frontal-cam/07-01-2025_14-22-57_p0062_sP03_b1_RAW--ZED-RGB_FRONT.avi,2025-01-07 14:22:57
07-01-2025_14-39-51_p0062_sP18.1_b4_RAW,62,P18.1,Está enjoado ou com vômitos?,Pergunta,07-01-2025_14-39-51,/srv/projects2/captarlibras_finep/dataset_captarlibras/raw-data/frontal-cam/07-01-2025_14-39-51_p0062_sP18.1_b4_RAW--ZED-RGB_FRONT.avi,2025-01-07 14:39:51
07-01-2025_14-40-31_p0062_s209_b4_RAW,62,209,Está enjoado ou com vômitos?,Não estou com vontade de vomitar,07-01-2025_14-40-31,/srv/projects2/captarlibras_finep/dataset_captarlibras/raw-data/frontal-cam/07-01-2025_14-40-31_p0062_s209_b4_RAW--ZED-RGB_FRONT.avi,2025-01-07 14:40:31
07-01-2025_14-40-58_p0062_sP18.2_b4_RAW,62,P18.2,Está com diarreia?,Pergunta,07-01-2025_14-40-58,/srv/projects2/captarlibras_finep/dataset_captarlibras/raw-data/frontal-cam/07-01-2025_14-40-58_p0062_sP18.2_b4_RAW--ZED-RGB_FRONT.avi,2025-01-07 14:40:58
07-01-2025_14-43-20_p0062_sP18.3_b4_RAW,62,P18.3,Como é a diarreia?,Pergunta,07-01-2025_14-43-20,/srv/projects2/captarlibras_finep/dataset_captarlibras/raw-data/frontal-cam/07-01-2025_14-43-20_p0062_sP18.3_b4_RAW--ZED-RGB_FRONT.avi,2025-01-07 14:43:20
07-01-2025_14-43-39_p0062_s210_b4_RAW,62,210,Como é a diarreia?,Amolecida,07-01-2025_14-43-39,/srv/projects2/captarlibras_finep/dataset_captarlibras/raw-data/frontal-cam/07-01-2025_14-43-39_p0062_s210_b4_RAW--ZED-RGB_FRONT.avi,2025-01-07 14:43:39
07-01-2025_14-49-46_p0062_sP18.4_b4_RAW,62,P18.4,"Tem sangue, muco ou pus?",Pergunta,07-01-2025_14-49-46,/srv/projects2/captarlibras_finep/dataset_captarlibras/raw-data/frontal-cam/07-01-2025_14-49-46_p0062_sP18.4_b4_RAW--ZED-RGB_FRONT.avi,2025-01-07 14:49:46
07-01-2025_15-08-42_p0062_sP22.2_b4_RAW,62,P22.2,Tem alergia a algum medicamento?,Pergunta,07-01-2025_15-08-42,/srv/projects2/captarlibras_finep/dataset_captarlibras/raw-data/frontal-cam/07-01-2025_15-08-42_p0062_sP22.2_b4_RAW--ZED-RGB_FRONT.avi,2025-01-07 15:08:42
07-01-2025_15-16-49_p0062_s265_b4_RAW,62,265,Quais bebidas?,Vinho,07-01-2025_15-16-49,/srv/projects2/captarlibras_finep/dataset_captarlibras/raw-data/frontal-cam/07-01-2025_15-16-49_p0062_s265_b4_RAW--ZED-RGB_FRONT.avi,2025-01-07 15:16:49
07-01-2025_15-31-29_p0062_sP25.1_b4_RAW,62,P25.1,"Você fez alguma cirurgia? Se sim, qual?",Pergunta,07-01-2025_15-31-29,/srv/projects2/captarlibras_finep/dataset_captarlibras/raw-data/frontal-cam/07-01-2025_15-31-29_p0062_sP25.1_b4_RAW--ZED-RGB_FRONT.avi,2025-01-07 15:31:29
07-01-2025_15-39-50_p0063_s91_b2_RAW,63,91,Onde é a dor?,Dor dos dois lados da cabeça,07-01-2025_15-39-50,/srv/projects2/captarlibras_finep/dataset_captarlibras/raw-data/frontal-cam/07-01-2025_15-39-50_p0063_s91_b2_RAW--ZED-RGB_FRONT.avi,2025-01-07 15:39:50
08-01-2025_16-11-35_p0063_s7_b1_RAW,63,7,O que você está sentindo que te fez procurar o hospital?,Dor no peito,08-01-2025_16-11-35,/srv/projects2/captarlibras_finep/dataset_captarlibras/raw-data/frontal-cam/08-01-2025_16-11-35_p0063_s7_b1_RAW--ZED-RGB_FRONT.avi,2025-01-08 16:11:35
08-01-2025_16-22-43_p0063_s27_b1_RAW,63,27,O que você está sentindo que te fez procurar o hospital?,Nariz escorrendo,08-01-2025_16-22-43,/srv/projects2/captarlibras_finep/dataset_captarlibras/raw-data/frontal-cam/08-01-2025_16-22-43_p0063_s27_b1_RAW--ZED-RGB_FRONT.avi,2025-01-08 16:22:43
08-01-2025_16-27-24_p0063_s37_b1_RAW,63,37,O que você está sentindo que te fez procurar o hospital?,Glicemia alterada,08-01-2025_16-27-24,/srv/projects2/captarlibras_finep/dataset_captarlibras/raw-data/frontal-cam/08-01-2025_16-27-24_p0063_s37_b1_RAW--ZED-RGB_FRONT.avi,2025-01-08 16:27:24
08-01-2025_16-38-14_p0063_s58_b1_RAW,63,58,O que você está sentindo que te fez procurar o hospital?,Trauma físico,08-01-2025_16-38-14,/srv/projects2/captarlibras_finep/dataset_captarlibras/raw-data/frontal-cam/08-01-2025_16-38-14_p0063_s58_b1_RAW--ZED-RGB_FRONT.avi,2025-01-08 16:38:14
08-01-2025_16-40-28_p0063_s63_b1_RAW,63,63,O que você está sentindo que te fez procurar o hospital?,Lesão por arma de fogo,08-01-2025_16-40-28,/srv/projects2/captarlibras_finep/dataset_captarlibras/raw-data/frontal-cam/08-01-2025_16-40-28_p0063_s63_b1_RAW--ZED-RGB_FRONT.avi,2025-01-08 16:40:28
08-01-2025_16-43-32_p0063_sP02_b1_RAW,63,P02,Quando começou?,Pergunta,08-01-2025_16-43-32,/srv/projects2/captarlibras_finep/dataset_captarlibras/raw-data/frontal-cam/08-01-2025_16-43-32_p0063_sP02_b1_RAW--ZED-RGB_FRONT.avi,2025-01-08 16:43:32
08-01-2025_16-44-20_p0063_s69_b1_RAW,63,69,Quando começou?,Trinta minutos,08-01-2025_16-44-20,/srv/projects2/captarlibras_finep/dataset_captarlibras/raw-data/frontal-cam/08-01-2025_16-44-20_p0063_s69_b1_RAW--ZED-RGB_FRONT.avi,2025-01-08 16:44:20
10-01-2025_14-37-04_p0062_s99_b2_RAW,62,99,Onde é a dor?,Dor no baixo ventre,10-01-2025_14-37-04,/srv/projects2/captarlibras_finep/dataset_captarlibras/raw-data/frontal-cam/10-01-2025_14-37-04_p0062_s99_b2_RAW--ZED-RGB_FRONT.avi,2025-01-10 14:37:04
10-01-2025_14-41-36_p0062_s105_b2_RAW,62,105,Onde é a dor?,Dor nos testículos direito e esquerdo,10-01-2025_14-41-36,/srv/projects2/captarlibras_finep/dataset_captarlibras/raw-data/frontal-cam/10-01-2025_14-41-36_p0062_s105_b2_RAW--ZED-RGB_FRONT.avi,2025-01-10 14:41:36
10-01-2025_14-46-56_p0062_s115_b2_RAW,62,115,Como é a dor? ,Cólica menstrual,10-01-2025_14-46-56,/srv/projects2/captarlibras_finep/dataset_captarlibras/raw-data/frontal-cam/10-01-2025_14-46-56_p0062_s115_b2_RAW--ZED-RGB_FRONT.avi,2025-01-10 14:46:56
10-01-2025_14-51-09_p0062_sP07_b2_RAW,62,P07,"Junto desse sintoma, você sente mais alguma coisa?",Pergunta,10-01-2025_14-51-09,/srv/projects2/captarlibras_finep/dataset_captarlibras/raw-data/frontal-cam/10-01-2025_14-51-09_p0062_sP07_b2_RAW--ZED-RGB_FRONT.avi,2025-01-10 14:51:09
10-01-2025_14-53-19_p0062_s118_b2_RAW,62,118,"Junto desse sintoma, você sente mais alguma coisa?",Lacrimejamento,10-01-2025_14-53-19,/srv/projects2/captarlibras_finep/dataset_captarlibras/raw-data/frontal-cam/10-01-2025_14-53-19_p0062_s118_b2_RAW--ZED-RGB_FRONT.avi,2025-01-10 14:53:19
10-01-2025_15-07-49_p0062_sP08.2_b2_RAW,62,P08.2,Tem algum fator de melhora?,Pergunta,10-01-2025_15-07-49,/srv/projects2/captarlibras_finep/dataset_captarlibras/raw-data/frontal-cam/10-01-2025_15-07-49_p0062_sP08.2_b2_RAW--ZED-RGB_FRONT.avi,2025-01-10 15:07:49
10-01-2025_15-27-31_p0063_sP18.2_b4_RAW,63,P18.2,Está com diarreia?,Pergunta,10-01-2025_15-27-31,/srv/projects2/captarlibras_finep/dataset_captarlibras/raw-data/frontal-cam/10-01-2025_15-27-31_p0063_sP18.2_b4_RAW--ZED-RGB_FRONT.avi,2025-01-10 15:27:31
10-01-2025_15-37-27_p0063_sP18.4_b4_RAW,63,P18.4,"Tem sangue, muco ou pus?",Pergunta,10-01-2025_15-37-27,/srv/projects2/captarlibras_finep/dataset_captarlibras/raw-data/frontal-cam/10-01-2025_15-37-27_p0063_sP18.4_b4_RAW--ZED-RGB_FRONT.avi,2025-01-10 15:37:27
10-01-2025_15-53-00_p0063_s253_b4_RAW,63,253,Você tem alguma alergia?,Tenho alergia a ovo,10-01-2025_15-53-00,/srv/projects2/captarlibras_finep/dataset_captarlibras/raw-data/frontal-cam/10-01-2025_15-53-00_p0063_s253_b4_RAW--ZED-RGB_FRONT.avi,2025-01-10 15:53:00
10-01-2025_15-57-08_p0063_sP22.2_b4_RAW,63,P22.2,Tem alergia a algum medicamento?,Pergunta,10-01-2025_15-57-08,/srv/projects2/captarlibras_finep/dataset_captarlibras/raw-data/frontal-cam/10-01-2025_15-57-08_p0063_sP22.2_b4_RAW--ZED-RGB_FRONT.avi,2025-01-10 15:57:08
10-01-2025_16-00-35_p0063_sP23.2_b4_RAW,63,P23.2,Há quanto tempo?,Pergunta,10-01-2025_16-00-35,/srv/projects2/captarlibras_finep/dataset_captarlibras/raw-data/frontal-cam/10-01-2025_16-00-35_p0063_sP23.2_b4_RAW--ZED-RGB_FRONT.avi,2025-01-10 16:00:35
10-01-2025_16-04-09_p0063_sP24.1_b4_RAW,63,P24.1,Ingere bebida alcoólica?,Pergunta,10-01-2025_16-04-09,/srv/projects2/captarlibras_finep/dataset_captarlibras/raw-data/frontal-cam/10-01-2025_16-04-09_p0063_sP24.1_b4_RAW--ZED-RGB_FRONT.avi,2025-01-10 16:04:09
10-01-2025_16-05-39_p0063_s265_b4_RAW,63,265,Quais bebidas?,Vinho,10-01-2025_16-05-39,/srv/projects2/captarlibras_finep/dataset_captarlibras/raw-data/frontal-cam/10-01-2025_16-05-39_p0063_s265_b4_RAW--ZED-RGB_FRONT.avi,2025-01-10 16:05:39
14-01-2025_15-44-29_p0060_s134_b2_RAW,60,134,Existe algum fator de piora?,Mastigar 2,14-01-2025_15-44-29,/srv/projects2/captarlibras_finep/dataset_captarlibras/raw-data/frontal-cam/14-01-2025_15-44-29_p0060_s134_b2_RAW--ZED-RGB_FRONT.avi,2025-01-14 15:44:29
14-01-2025_15-51-47_p0060_sP08.2_b2_RAW,60,P08.2,Tem algum fator de melhora?,Pergunta,14-01-2025_15-51-47,/srv/projects2/captarlibras_finep/dataset_captarlibras/raw-data/frontal-cam/14-01-2025_15-51-47_p0060_sP08.2_b2_RAW--ZED-RGB_FRONT.avi,2025-01-14 15:51:47
14-01-2025_15-59-41_p0060_s148.13_b2_RAW,60,148.13,Alfabeto completo,M,14-01-2025_15-59-41,/srv/projects2/captarlibras_finep/dataset_captarlibras/raw-data/frontal-cam/14-01-2025_15-59-41_p0060_s148.13_b2_RAW--ZED-RGB_FRONT.avi,2025-01-14 15:59:41
18-01-2025_09-37-28_p0057_sP18.2_b4_RAW,57,P18.2,Está com diarreia?,Pergunta,18-01-2025_09-37-28,/srv/projects2/captarlibras_finep/dataset_captarlibras/raw-data/frontal-cam/18-01-2025_09-37-28_p0057_sP18.2_b4_RAW--ZED-RGB_FRONT.avi,2025-01-18 09:37:28
18-01-2025_09-38-25_p0057_sP18.3_b4_RAW,57,P18.3,Como é a diarreia?,Pergunta,18-01-2025_09-38-25,/srv/projects2/captarlibras_finep/dataset_captarlibras/raw-data/frontal-cam/18-01-2025_09-38-25_p0057_sP18.3_b4_RAW--ZED-RGB_FRONT.avi,2025-01-18 09:38:25
18-01-2025_09-45-53_p0057_sP18.4_b4_RAW,57,P18.4,"Tem sangue, muco ou pus?",Pergunta,18-01-2025_09-45-53,/srv/projects2/captarlibras_finep/dataset_captarlibras/raw-data/frontal-cam/18-01-2025_09-45-53_p0057_sP18.4_b4_RAW--ZED-RGB_FRONT.avi,2025-01-18 09:45:53
18-01-2025_10-12-57_p0057_sP22.2_b4_RAW,57,P22.2,Tem alergia a algum medicamento?,Pergunta,18-01-2025_10-12-57,/srv/projects2/captarlibras_finep/dataset_captarlibras/raw-data/frontal-cam/18-01-2025_10-12-57_p0057_sP22.2_b4_RAW--ZED-RGB_FRONT.avi,2025-01-18 10:12:57
18-01-2025_10-19-43_p0057_sP24.1_b4_RAW,57,P24.1,Ingere bebida alcoólica?,Pergunta,18-01-2025_10-19-43,/srv/projects2/captarlibras_finep/dataset_captarlibras/raw-data/frontal-cam/18-01-2025_10-19-43_p0057_sP24.1_b4_RAW--ZED-RGB_FRONT.avi,2025-01-18 10:19:43
18-01-2025_11-01-49_p0057_sP01_b1_RAW,57,P01,O que você está sentindo que te fez procurar o hospital?,Pergunta,18-01-2025_11-01-49,/srv/projects2/captarlibras_finep/dataset_captarlibras/raw-data/frontal-cam/18-01-2025_11-01-49_p0057_sP01_b1_RAW--ZED-RGB_FRONT.avi,2025-01-18 11:01:49
18-01-2025_11-02-12_p0057_s1_b1_RAW,57,1,O que você está sentindo que te fez procurar o hospital?,Alteração do estado mental,18-01-2025_11-02-12,/srv/projects2/captarlibras_finep/dataset_captarlibras/raw-data/frontal-cam/18-01-2025_11-02-12_p0057_s1_b1_RAW--ZED-RGB_FRONT.avi,2025-01-18 11:02:12
18-01-2025_11-02-38_p0057_s2_b1_RAW,57,2,O que você está sentindo que te fez procurar o hospital?,Confusão,18-01-2025_11-02-38,/srv/projects2/captarlibras_finep/dataset_captarlibras/raw-data/frontal-cam/18-01-2025_11-02-38_p0057_s2_b1_RAW--ZED-RGB_FRONT.avi,2025-01-18 11:02:38
18-01-2025_11-03-24_p0057_s3_b1_RAW,57,3,O que você está sentindo que te fez procurar o hospital?,Alteração comportamental,18-01-2025_11-03-24,/srv/projects2/captarlibras_finep/dataset_captarlibras/raw-data/frontal-cam/18-01-2025_11-03-24_p0057_s3_b1_RAW--ZED-RGB_FRONT.avi,2025-01-18 11:03:24
18-01-2025_11-03-46_p0057_s4_b1_RAW,57,4,O que você está sentindo que te fez procurar o hospital?,Convulsão,18-01-2025_11-03-46,/srv/projects2/captarlibras_finep/dataset_captarlibras/raw-data/frontal-cam/18-01-2025_11-03-46_p0057_s4_b1_RAW--ZED-RGB_FRONT.avi,2025-01-18 11:03:46
18-01-2025_11-04-02_p0057_s5_b1_RAW,57,5,O que você está sentindo que te fez procurar o hospital?,Dor de cabeça,18-01-2025_11-04-02,/srv/projects2/captarlibras_finep/dataset_captarlibras/raw-data/frontal-cam/18-01-2025_11-04-02_p0057_s5_b1_RAW--ZED-RGB_FRONT.avi,2025-01-18 11:04:02
18-01-2025_11-05-00_p0057_s6_b1_RAW,57,6,O que você está sentindo que te fez procurar o hospital?,Dor no pescoço,18-01-2025_11-05-00,/srv/projects2/captarlibras_finep/dataset_captarlibras/raw-data/frontal-cam/18-01-2025_11-05-00_p0057_s6_b1_RAW--ZED-RGB_FRONT.avi,2025-01-18 11:05:00
18-01-2025_11-05-18_p0057_s7_b1_RAW,57,7,O que você está sentindo que te fez procurar o hospital?,Dor no peito,18-01-2025_11-05-18,/srv/projects2/captarlibras_finep/dataset_captarlibras/raw-data/frontal-cam/18-01-2025_11-05-18_p0057_s7_b1_RAW--ZED-RGB_FRONT.avi,2025-01-18 11:05:18
18-01-2025_11-05-36_p0057_s8_b1_RAW,57,8,O que você está sentindo que te fez procurar o hospital?,Dor nas costas,18-01-2025_11-05-36,/srv/projects2/captarlibras_finep/dataset_captarlibras/raw-data/frontal-cam/18-01-2025_11-05-36_p0057_s8_b1_RAW--ZED-RGB_FRONT.avi,2025-01-18 11:05:36
18-01-2025_11-06-03_p0057_s9_b1_RAW,57,9,O que você está sentindo que te fez procurar o hospital?,Dor na lombar,18-01-2025_11-06-03,/srv/projects2/captarlibras_finep/dataset_captarlibras/raw-data/frontal-cam/18-01-2025_11-06-03_p0057_s9_b1_RAW--ZED-RGB_FRONT.avi,2025-01-18 11:06:03
18-01-2025_11-06-58_p0057_s10_b1_RAW,57,10,O que você está sentindo que te fez procurar o hospital?,Dor na barriga,18-01-2025_11-06-58,/srv/projects2/captarlibras_finep/dataset_captarlibras/raw-data/frontal-cam/18-01-2025_11-06-58_p0057_s10_b1_RAW--ZED-RGB_FRONT.avi,2025-01-18 11:06:58
18-01-2025_11-07-20_p0057_s11_b1_RAW,57,11,O que você está sentindo que te fez procurar o hospital?,Dor na garganta,18-01-2025_11-07-20,/srv/projects2/captarlibras_finep/dataset_captarlibras/raw-data/frontal-cam/18-01-2025_11-07-20_p0057_s11_b1_RAW--ZED-RGB_FRONT.avi,2025-01-18 11:07:20
18-01-2025_11-10-35_p0057_s12_b1_RAW,57,12,O que você está sentindo que te fez procurar o hospital?,Dor no braço,18-01-2025_11-10-35,/srv/projects2/captarlibras_finep/dataset_captarlibras/raw-data/frontal-cam/18-01-2025_11-10-35_p0057_s12_b1_RAW--ZED-RGB_FRONT.avi,2025-01-18 11:10:35
18-01-2025_11-10-57_p0057_s13_b1_RAW,57,13,O que você está sentindo que te fez procurar o hospital?,Dor na perna,18-01-2025_11-10-57,/srv/projects2/captarlibras_finep/dataset_captarlibras/raw-data/frontal-cam/18-01-2025_11-10-57_p0057_s13_b1_RAW--ZED-RGB_FRONT.avi,2025-01-18 11:10:57
18-01-2025_11-11-33_p0057_s14_b1_RAW,57,14,O que você está sentindo que te fez procurar o hospital?,Dor na panturrilha,18-01-2025_11-11-33,/srv/projects2/captarlibras_finep/dataset_captarlibras/raw-data/frontal-cam/18-01-2025_11-11-33_p0057_s14_b1_RAW--ZED-RGB_FRONT.avi,2025-01-18 11:11:33
18-01-2025_11-11-55_p0057_s15_b1_RAW,57,15,O que você está sentindo que te fez procurar o hospital?,Dor no pé,18-01-2025_11-11-55,/srv/projects2/captarlibras_finep/dataset_captarlibras/raw-data/frontal-cam/18-01-2025_11-11-55_p0057_s15_b1_RAW--ZED-RGB_FRONT.avi,2025-01-18 11:11:55
18-01-2025_11-12-16_p0057_s16_b1_RAW,57,16,O que você está sentindo que te fez procurar o hospital?,Falta de ar,18-01-2025_11-12-16,/srv/projects2/captarlibras_finep/dataset_captarlibras/raw-data/frontal-cam/18-01-2025_11-12-16_p0057_s16_b1_RAW--ZED-RGB_FRONT.avi,2025-01-18 11:12:16
18-01-2025_11-12-38_p0057_s17_b1_RAW,57,17,O que você está sentindo que te fez procurar o hospital?,Chieira,18-01-2025_11-12-38,/srv/projects2/captarlibras_finep/dataset_captarlibras/raw-data/frontal-cam/18-01-2025_11-12-38_p0057_s17_b1_RAW--ZED-RGB_FRONT.avi,2025-01-18 11:12:38
18-01-2025_11-13-23_p0057_s18_b1_RAW,57,18,O que você está sentindo que te fez procurar o hospital?,Dificuldade para respirar,18-01-2025_11-13-23,/srv/projects2/captarlibras_finep/dataset_captarlibras/raw-data/frontal-cam/18-01-2025_11-13-23_p0057_s18_b1_RAW--ZED-RGB_FRONT.avi,2025-01-18 11:13:23
18-01-2025_11-13-41_p0057_s19_b1_RAW,57,19,O que você está sentindo que te fez procurar o hospital?,Palpitação,18-01-2025_11-13-41,/srv/projects2/captarlibras_finep/dataset_captarlibras/raw-data/frontal-cam/18-01-2025_11-13-41_p0057_s19_b1_RAW--ZED-RGB_FRONT.avi,2025-01-18 11:13:41
18-01-2025_11-14-19_p0057_s20_b1_RAW,57,20,O que você está sentindo que te fez procurar o hospital?,Desmaio,18-01-2025_11-14-19,/srv/projects2/captarlibras_finep/dataset_captarlibras/raw-data/frontal-cam/18-01-2025_11-14-19_p0057_s20_b1_RAW--ZED-RGB_FRONT.avi,2025-01-18 11:14:19
18-01-2025_11-14-43_p0057_s21_b1_RAW,57,21,O que você está sentindo que te fez procurar o hospital?,Diarreia,18-01-2025_11-14-43,/srv/projects2/captarlibras_finep/dataset_captarlibras/raw-data/frontal-cam/18-01-2025_11-14-43_p0057_s21_b1_RAW--ZED-RGB_FRONT.avi,2025-01-18 11:14:43
18-01-2025_11-15-02_p0057_s22_b1_RAW,57,22,O que você está sentindo que te fez procurar o hospital?,Diarreia com sangue,18-01-2025_11-15-02,/srv/projects2/captarlibras_finep/dataset_captarlibras/raw-data/frontal-cam/18-01-2025_11-15-02_p0057_s22_b1_RAW--ZED-RGB_FRONT.avi,2025-01-18 11:15:02
18-01-2025_11-15-23_p0057_s23_b1_RAW,57,23,O que você está sentindo que te fez procurar o hospital?,Náuseas,18-01-2025_11-15-23,/srv/projects2/captarlibras_finep/dataset_captarlibras/raw-data/frontal-cam/18-01-2025_11-15-23_p0057_s23_b1_RAW--ZED-RGB_FRONT.avi,2025-01-18 11:15:23
18-01-2025_11-15-41_p0057_s24_b1_RAW,57,24,O que você está sentindo que te fez procurar o hospital?,Vômitos,18-01-2025_11-15-41,/srv/projects2/captarlibras_finep/dataset_captarlibras/raw-data/frontal-cam/18-01-2025_11-15-41_p0057_s24_b1_RAW--ZED-RGB_FRONT.avi,2025-01-18 11:15:41
18-01-2025_11-15-58_p0057_s25_b1_RAW,57,25,O que você está sentindo que te fez procurar o hospital?,Fezes escurecidas,18-01-2025_11-15-58,/srv/projects2/captarlibras_finep/dataset_captarlibras/raw-data/frontal-cam/18-01-2025_11-15-58_p0057_s25_b1_RAW--ZED-RGB_FRONT.avi,2025-01-18 11:15:58
18-01-2025_11-17-06_p0057_s26_b1_RAW,57,26,O que você está sentindo que te fez procurar o hospital?,Tosse,18-01-2025_11-17-06,/srv/projects2/captarlibras_finep/dataset_captarlibras/raw-data/frontal-cam/18-01-2025_11-17-06_p0057_s26_b1_RAW--ZED-RGB_FRONT.avi,2025-01-18 11:17:06
18-01-2025_11-18-25_p0057_s27_b1_RAW,57,27,O que você está sentindo que te fez procurar o hospital?,Nariz escorrendo,18-01-2025_11-18-25,/srv/projects2/captarlibras_finep/dataset_captarlibras/raw-data/frontal-cam/18-01-2025_11-18-25_p0057_s27_b1_RAW--ZED-RGB_FRONT.avi,2025-01-18 11:18:25
18-01-2025_11-18-55_p0057_s28_b1_RAW,57,28,O que você está sentindo que te fez procurar o hospital?,Obstrução nasal,18-01-2025_11-18-55,/srv/projects2/captarlibras_finep/dataset_captarlibras/raw-data/frontal-cam/18-01-2025_11-18-55_p0057_s28_b1_RAW--ZED-RGB_FRONT.avi,2025-01-18 11:18:55
18-01-2025_11-19-12_p0057_s29_b1_RAW,57,29,O que você está sentindo que te fez procurar o hospital?,Inchaço,18-01-2025_11-19-12,/srv/projects2/captarlibras_finep/dataset_captarlibras/raw-data/frontal-cam/18-01-2025_11-19-12_p0057_s29_b1_RAW--ZED-RGB_FRONT.avi,2025-01-18 11:19:12
18-01-2025_11-19-46_p0057_s30_b1_RAW,57,30,O que você está sentindo que te fez procurar o hospital?,Feridas na pele,18-01-2025_11-19-46,/srv/projects2/captarlibras_finep/dataset_captarlibras/raw-data/frontal-cam/18-01-2025_11-19-46_p0057_s30_b1_RAW--ZED-RGB_FRONT.avi,2025-01-18 11:19:46
18-01-2025_11-20-12_p0057_s31_b1_RAW,57,31,O que você está sentindo que te fez procurar o hospital?,Manchas na pele,18-01-2025_11-20-12,/srv/projects2/captarlibras_finep/dataset_captarlibras/raw-data/frontal-cam/18-01-2025_11-20-12_p0057_s31_b1_RAW--ZED-RGB_FRONT.avi,2025-01-18 11:20:12
18-01-2025_11-20-31_p0057_s32_b1_RAW,57,32,O que você está sentindo que te fez procurar o hospital?,Pele com manchas vermelhas,18-01-2025_11-20-31,/srv/projects2/captarlibras_finep/dataset_captarlibras/raw-data/frontal-cam/18-01-2025_11-20-31_p0057_s32_b1_RAW--ZED-RGB_FRONT.avi,2025-01-18 11:20:31
18-01-2025_11-20-47_p0057_s33_b1_RAW,57,33,O que você está sentindo que te fez procurar o hospital?,Coceira,18-01-2025_11-20-47,/srv/projects2/captarlibras_finep/dataset_captarlibras/raw-data/frontal-cam/18-01-2025_11-20-47_p0057_s33_b1_RAW--ZED-RGB_FRONT.avi,2025-01-18 11:20:47
18-01-2025_11-21-11_p0057_s34_b1_RAW,57,34,O que você está sentindo que te fez procurar o hospital?,Febre,18-01-2025_11-21-11,/srv/projects2/captarlibras_finep/dataset_captarlibras/raw-data/frontal-cam/18-01-2025_11-21-11_p0057_s34_b1_RAW--ZED-RGB_FRONT.avi,2025-01-18 11:21:11
18-01-2025_11-22-06_p0057_s35_b1_RAW,57,35,O que você está sentindo que te fez procurar o hospital?,Calafrios,18-01-2025_11-22-06,/srv/projects2/captarlibras_finep/dataset_captarlibras/raw-data/frontal-cam/18-01-2025_11-22-06_p0057_s35_b1_RAW--ZED-RGB_FRONT.avi,2025-01-18 11:22:06
18-01-2025_11-22-31_p0057_s36_b1_RAW,57,36,O que você está sentindo que te fez procurar o hospital?,Excesso de suor,18-01-2025_11-22-31,/srv/projects2/captarlibras_finep/dataset_captarlibras/raw-data/frontal-cam/18-01-2025_11-22-31_p0057_s36_b1_RAW--ZED-RGB_FRONT.avi,2025-01-18 11:22:31
18-01-2025_11-23-41_p0057_s37_b1_RAW,57,37,O que você está sentindo que te fez procurar o hospital?,Glicemia alterada,18-01-2025_11-23-41,/srv/projects2/captarlibras_finep/dataset_captarlibras/raw-data/frontal-cam/18-01-2025_11-23-41_p0057_s37_b1_RAW--ZED-RGB_FRONT.avi,2025-01-18 11:23:41
18-01-2025_11-25-11_p0057_s38_b1_RAW,57,38,O que você está sentindo que te fez procurar o hospital?,Tentativa de suicídio,18-01-2025_11-25-11,/srv/projects2/captarlibras_finep/dataset_captarlibras/raw-data/frontal-cam/18-01-2025_11-25-11_p0057_s38_b1_RAW--ZED-RGB_FRONT.avi,2025-01-18 11:25:11
18-01-2025_11-26-31_p0057_s39_b1_RAW,57,39,O que você está sentindo que te fez procurar o hospital?,Mordeduras,18-01-2025_11-26-31,/srv/projects2/captarlibras_finep/dataset_captarlibras/raw-data/frontal-cam/18-01-2025_11-26-31_p0057_s39_b1_RAW--ZED-RGB_FRONT.avi,2025-01-18 11:26:31
18-01-2025_11-26-59_p0057_s40_b1_RAW,57,40,O que você está sentindo que te fez procurar o hospital?,Mordida de cachorro,18-01-2025_11-26-59,/srv/projects2/captarlibras_finep/dataset_captarlibras/raw-data/frontal-cam/18-01-2025_11-26-59_p0057_s40_b1_RAW--ZED-RGB_FRONT.avi,2025-01-18 11:26:59
18-01-2025_11-27-16_p0057_s41_b1_RAW,57,41,O que você está sentindo que te fez procurar o hospital?,Mordida de gato,18-01-2025_11-27-16,/srv/projects2/captarlibras_finep/dataset_captarlibras/raw-data/frontal-cam/18-01-2025_11-27-16_p0057_s41_b1_RAW--ZED-RGB_FRONT.avi,2025-01-18 11:27:16
18-01-2025_11-27-39_p0057_s42_b1_RAW,57,42,O que você está sentindo que te fez procurar o hospital?,Picada de cobra,18-01-2025_11-27-39,/srv/projects2/captarlibras_finep/dataset_captarlibras/raw-data/frontal-cam/18-01-2025_11-27-39_p0057_s42_b1_RAW--ZED-RGB_FRONT.avi,2025-01-18 11:27:39
18-01-2025_11-27-59_p0057_s43_b1_RAW,57,43,O que você está sentindo que te fez procurar o hospital?,Picada de escorpião,18-01-2025_11-27-59,/srv/projects2/captarlibras_finep/dataset_captarlibras/raw-data/frontal-cam/18-01-2025_11-27-59_p0057_s43_b1_RAW--ZED-RGB_FRONT.avi,2025-01-18 11:27:59
18-01-2025_11-28-17_p0057_s44_b1_RAW,57,44,O que você está sentindo que te fez procurar o hospital?,Pressão arterial alterada,18-01-2025_11-28-17,/srv/projects2/captarlibras_finep/dataset_captarlibras/raw-data/frontal-cam/18-01-2025_11-28-17_p0057_s44_b1_RAW--ZED-RGB_FRONT.avi,2025-01-18 11:28:17
18-01-2025_11-28-40_p0057_s45_b1_RAW,57,45,O que você está sentindo que te fez procurar o hospital?,Problemas nos olhos,18-01-2025_11-28-40,/srv/projects2/captarlibras_finep/dataset_captarlibras/raw-data/frontal-cam/18-01-2025_11-28-40_p0057_s45_b1_RAW--ZED-RGB_FRONT.avi,2025-01-18 11:28:40
18-01-2025_11-29-16_p0057_s46_b1_RAW,57,46,O que você está sentindo que te fez procurar o hospital?,Problemas no ouvido,18-01-2025_11-29-16,/srv/projects2/captarlibras_finep/dataset_captarlibras/raw-data/frontal-cam/18-01-2025_11-29-16_p0057_s46_b1_RAW--ZED-RGB_FRONT.avi,2025-01-18 11:29:16
18-01-2025_11-29-59_p0057_s47_b1_RAW,57,47,O que você está sentindo que te fez procurar o hospital?,Ardor para urinar,18-01-2025_11-29-59,/srv/projects2/captarlibras_finep/dataset_captarlibras/raw-data/frontal-cam/18-01-2025_11-29-59_p0057_s47_b1_RAW--ZED-RGB_FRONT.avi,2025-01-18 11:29:59
18-01-2025_11-30-37_p0057_s48_b1_RAW,57,48,O que você está sentindo que te fez procurar o hospital?,Urina solta,18-01-2025_11-30-37,/srv/projects2/captarlibras_finep/dataset_captarlibras/raw-data/frontal-cam/18-01-2025_11-30-37_p0057_s48_b1_RAW--ZED-RGB_FRONT.avi,2025-01-18 11:30:37
18-01-2025_11-31-01_p0057_s49_b1_RAW,57,49,O que você está sentindo que te fez procurar o hospital?,Urinando pouco,18-01-2025_11-31-01,/srv/projects2/captarlibras_finep/dataset_captarlibras/raw-data/frontal-cam/18-01-2025_11-31-01_p0057_s49_b1_RAW--ZED-RGB_FRONT.avi,2025-01-18 11:31:01
18-01-2025_11-31-33_p0057_s50_b1_RAW,57,50,O que você está sentindo que te fez procurar o hospital?,Urinando muito,18-01-2025_11-31-33,/srv/projects2/captarlibras_finep/dataset_captarlibras/raw-data/frontal-cam/18-01-2025_11-31-33_p0057_s50_b1_RAW--ZED-RGB_FRONT.avi,2025-01-18 11:31:33
18-01-2025_11-31-55_p0057_s51_b1_RAW,57,51,O que você está sentindo que te fez procurar o hospital?,Urina escura,18-01-2025_11-31-55,/srv/projects2/captarlibras_finep/dataset_captarlibras/raw-data/frontal-cam/18-01-2025_11-31-55_p0057_s51_b1_RAW--ZED-RGB_FRONT.avi,2025-01-18 11:31:55
18-01-2025_11-32-22_p0057_s52_b1_RAW,57,52,O que você está sentindo que te fez procurar o hospital?,Urina com espuma,18-01-2025_11-32-22,/srv/projects2/captarlibras_finep/dataset_captarlibras/raw-data/frontal-cam/18-01-2025_11-32-22_p0057_s52_b1_RAW--ZED-RGB_FRONT.avi,2025-01-18 11:32:22
18-01-2025_11-33-00_p0057_s53_b1_RAW,57,53,O que você está sentindo que te fez procurar o hospital?,Sangue na urina,18-01-2025_11-33-00,/srv/projects2/captarlibras_finep/dataset_captarlibras/raw-data/frontal-cam/18-01-2025_11-33-00_p0057_s53_b1_RAW--ZED-RGB_FRONT.avi,2025-01-18 11:33:00
18-01-2025_11-33-26_p0057_s54_b1_RAW,57,54,O que você está sentindo que te fez procurar o hospital?,Sangramento pela boca,18-01-2025_11-33-26,/srv/projects2/captarlibras_finep/dataset_captarlibras/raw-data/frontal-cam/18-01-2025_11-33-26_p0057_s54_b1_RAW--ZED-RGB_FRONT.avi,2025-01-18 11:33:26
18-01-2025_11-34-23_p0057_s55_b1_RAW,57,55,O que você está sentindo que te fez procurar o hospital?,Sangramento pelo nariz,18-01-2025_11-34-23,/srv/projects2/captarlibras_finep/dataset_captarlibras/raw-data/frontal-cam/18-01-2025_11-34-23_p0057_s55_b1_RAW--ZED-RGB_FRONT.avi,2025-01-18 11:34:23
18-01-2025_11-35-47_p0057_s56_b1_RAW,57,56,O que você está sentindo que te fez procurar o hospital?,Sangramento nas fezes,18-01-2025_11-35-47,/srv/projects2/captarlibras_finep/dataset_captarlibras/raw-data/frontal-cam/18-01-2025_11-35-47_p0057_s56_b1_RAW--ZED-RGB_FRONT.avi,2025-01-18 11:35:47
18-01-2025_11-36-09_p0057_s57_b1_RAW,57,57,O que você está sentindo que te fez procurar o hospital?,Tonteira,18-01-2025_11-36-09,/srv/projects2/captarlibras_finep/dataset_captarlibras/raw-data/frontal-cam/18-01-2025_11-36-09_p0057_s57_b1_RAW--ZED-RGB_FRONT.avi,2025-01-18 11:36:09
18-01-2025_11-37-48_p0057_s58_b1_RAW,57,58,O que você está sentindo que te fez procurar o hospital?,Trauma físico,18-01-2025_11-37-48,/srv/projects2/captarlibras_finep/dataset_captarlibras/raw-data/frontal-cam/18-01-2025_11-37-48_p0057_s58_b1_RAW--ZED-RGB_FRONT.avi,2025-01-18 11:37:48
18-01-2025_11-38-30_p0057_s59_b1_RAW,57,59,O que você está sentindo que te fez procurar o hospital?,Trauma psicológico,18-01-2025_11-38-30,/srv/projects2/captarlibras_finep/dataset_captarlibras/raw-data/frontal-cam/18-01-2025_11-38-30_p0057_s59_b1_RAW--ZED-RGB_FRONT.avi,2025-01-18 11:38:30
18-01-2025_11-38-48_p0057_s60_b1_RAW,57,60,O que você está sentindo que te fez procurar o hospital?,Agressão,18-01-2025_11-38-48,/srv/projects2/captarlibras_finep/dataset_captarlibras/raw-data/frontal-cam/18-01-2025_11-38-48_p0057_s60_b1_RAW--ZED-RGB_FRONT.avi,2025-01-18 11:38:48
18-01-2025_11-39-10_p0057_s61_b1_RAW,57,61,O que você está sentindo que te fez procurar o hospital?,Queimaduras,18-01-2025_11-39-10,/srv/projects2/captarlibras_finep/dataset_captarlibras/raw-data/frontal-cam/18-01-2025_11-39-10_p0057_s61_b1_RAW--ZED-RGB_FRONT.avi,2025-01-18 11:39:10
18-01-2025_11-39-46_p0057_s62_b1_RAW,57,62,O que você está sentindo que te fez procurar o hospital?,Lesão por arma branca,18-01-2025_11-39-46,/srv/projects2/captarlibras_finep/dataset_captarlibras/raw-data/frontal-cam/18-01-2025_11-39-46_p0057_s62_b1_RAW--ZED-RGB_FRONT.avi,2025-01-18 11:39:46
18-01-2025_11-42-06_p0057_s63_b1_RAW,57,63,O que você está sentindo que te fez procurar o hospital?,Lesão por arma de fogo,18-01-2025_11-42-06,/srv/projects2/captarlibras_finep/dataset_captarlibras/raw-data/frontal-cam/18-01-2025_11-42-06_p0057_s63_b1_RAW--ZED-RGB_FRONT.avi,2025-01-18 11:42:06
18-01-2025_11-42-27_p0057_s64_b1_RAW,57,64,O que você está sentindo que te fez procurar o hospital?,Iminência de trabalho de parto,18-01-2025_11-42-27,/srv/projects2/captarlibras_finep/dataset_captarlibras/raw-data/frontal-cam/18-01-2025_11-42-27_p0057_s64_b1_RAW--ZED-RGB_FRONT.avi,2025-01-18 11:42:27
18-01-2025_11-43-28_p0057_s65_b1_RAW,57,65,O que você está sentindo que te fez procurar o hospital?,Trabalho de parto ativo,18-01-2025_11-43-28,/srv/projects2/captarlibras_finep/dataset_captarlibras/raw-data/frontal-cam/18-01-2025_11-43-28_p0057_s65_b1_RAW--ZED-RGB_FRONT.avi,2025-01-18 11:43:28
18-01-2025_11-44-02_p0057_s66_b1_RAW,57,66,O que você está sentindo que te fez procurar o hospital?,Sangramento vaginal,18-01-2025_11-44-02,/srv/projects2/captarlibras_finep/dataset_captarlibras/raw-data/frontal-cam/18-01-2025_11-44-02_p0057_s66_b1_RAW--ZED-RGB_FRONT.avi,2025-01-18 11:44:02
18-01-2025_11-44-42_p0057_s67_b1_RAW,57,67,O que você está sentindo que te fez procurar o hospital?,Vômitos com sangue,18-01-2025_11-44-42,/srv/projects2/captarlibras_finep/dataset_captarlibras/raw-data/frontal-cam/18-01-2025_11-44-42_p0057_s67_b1_RAW--ZED-RGB_FRONT.avi,2025-01-18 11:44:42
18-01-2025_11-45-50_p0057_sP02_b1_RAW,57,P02,Quando começou?,Pergunta,18-01-2025_11-45-50,/srv/projects2/captarlibras_finep/dataset_captarlibras/raw-data/frontal-cam/18-01-2025_11-45-50_p0057_sP02_b1_RAW--ZED-RGB_FRONT.avi,2025-01-18 11:45:50
18-01-2025_11-46-17_p0057_s68_b1_RAW,57,68,Quando começou?,Quinze minutos,18-01-2025_11-46-17,/srv/projects2/captarlibras_finep/dataset_captarlibras/raw-data/frontal-cam/18-01-2025_11-46-17_p0057_s68_b1_RAW--ZED-RGB_FRONT.avi,2025-01-18 11:46:17
18-01-2025_11-46-36_p0057_s69_b1_RAW,57,69,Quando começou?,Trinta minutos,18-01-2025_11-46-36,/srv/projects2/captarlibras_finep/dataset_captarlibras/raw-data/frontal-cam/18-01-2025_11-46-36_p0057_s69_b1_RAW--ZED-RGB_FRONT.avi,2025-01-18 11:46:36
18-01-2025_11-46-56_p0057_s70_b1_RAW,57,70,Quando começou?,Uma hora,18-01-2025_11-46-56,/srv/projects2/captarlibras_finep/dataset_captarlibras/raw-data/frontal-cam/18-01-2025_11-46-56_p0057_s70_b1_RAW--ZED-RGB_FRONT.avi,2025-01-18 11:46:56
18-01-2025_11-47-25_p0057_s71_b1_RAW,57,71,Quando começou?,Duas horas,18-01-2025_11-47-25,/srv/projects2/captarlibras_finep/dataset_captarlibras/raw-data/frontal-cam/18-01-2025_11-47-25_p0057_s71_b1_RAW--ZED-RGB_FRONT.avi,2025-01-18 11:47:25
18-01-2025_11-47-50_p0057_s72_b1_RAW,57,72,Quando começou?,Dois meses,18-01-2025_11-47-50,/srv/projects2/captarlibras_finep/dataset_captarlibras/raw-data/frontal-cam/18-01-2025_11-47-50_p0057_s72_b1_RAW--ZED-RGB_FRONT.avi,2025-01-18 11:47:50
18-01-2025_11-48-59_p0057_sP03_b1_RAW,57,P03,Como começou? O que você estava fazendo?,Pergunta,18-01-2025_11-48-59,/srv/projects2/captarlibras_finep/dataset_captarlibras/raw-data/frontal-cam/18-01-2025_11-48-59_p0057_sP03_b1_RAW--ZED-RGB_FRONT.avi,2025-01-18 11:48:59
18-01-2025_11-49-40_p0057_s73_b1_RAW,57,73,Como começou? O que você estava fazendo?,Comendo,18-01-2025_11-49-40,/srv/projects2/captarlibras_finep/dataset_captarlibras/raw-data/frontal-cam/18-01-2025_11-49-40_p0057_s73_b1_RAW--ZED-RGB_FRONT.avi,2025-01-18 11:49:40
18-01-2025_11-49-59_p0057_s74_b1_RAW,57,74,Como começou? O que você estava fazendo?,Bebendo,18-01-2025_11-49-59,/srv/projects2/captarlibras_finep/dataset_captarlibras/raw-data/frontal-cam/18-01-2025_11-49-59_p0057_s74_b1_RAW--ZED-RGB_FRONT.avi,2025-01-18 11:49:59
18-01-2025_11-50-38_p0057_s75_b1_RAW,57,75,Como começou? O que você estava fazendo?,Tossindo,18-01-2025_11-50-38,/srv/projects2/captarlibras_finep/dataset_captarlibras/raw-data/frontal-cam/18-01-2025_11-50-38_p0057_s75_b1_RAW--ZED-RGB_FRONT.avi,2025-01-18 11:50:38
18-01-2025_11-51-10_p0057_s76_b1_RAW,57,76,Como começou? O que você estava fazendo?,Limpando a casa,18-01-2025_11-51-10,/srv/projects2/captarlibras_finep/dataset_captarlibras/raw-data/frontal-cam/18-01-2025_11-51-10_p0057_s76_b1_RAW--ZED-RGB_FRONT.avi,2025-01-18 11:51:10
18-01-2025_11-51-33_p0057_s77_b1_RAW,57,77,Como começou? O que você estava fazendo?,Praticando exercício físico,18-01-2025_11-51-33,/srv/projects2/captarlibras_finep/dataset_captarlibras/raw-data/frontal-cam/18-01-2025_11-51-33_p0057_s77_b1_RAW--ZED-RGB_FRONT.avi,2025-01-18 11:51:33
18-01-2025_11-51-52_p0057_s78_b1_RAW,57,78,Como começou? O que você estava fazendo?,Em repouso,18-01-2025_11-51-52,/srv/projects2/captarlibras_finep/dataset_captarlibras/raw-data/frontal-cam/18-01-2025_11-51-52_p0057_s78_b1_RAW--ZED-RGB_FRONT.avi,2025-01-18 11:51:52
18-01-2025_11-52-14_p0057_s79_b1_RAW,57,79,Como começou? O que você estava fazendo?,Estava sentado,18-01-2025_11-52-14,/srv/projects2/captarlibras_finep/dataset_captarlibras/raw-data/frontal-cam/18-01-2025_11-52-14_p0057_s79_b1_RAW--ZED-RGB_FRONT.avi,2025-01-18 11:52:14
18-01-2025_11-52-37_p0057_s80_b1_RAW,57,80,Como começou? O que você estava fazendo?,Estava mudando de posição de sentado para de pé,18-01-2025_11-52-37,/srv/projects2/captarlibras_finep/dataset_captarlibras/raw-data/frontal-cam/18-01-2025_11-52-37_p0057_s80_b1_RAW--ZED-RGB_FRONT.avi,2025-01-18 11:52:37
18-01-2025_11-53-21_p0057_s81_b1_RAW,57,81,Como começou? O que você estava fazendo?,Não me lembro,18-01-2025_11-53-21,/srv/projects2/captarlibras_finep/dataset_captarlibras/raw-data/frontal-cam/18-01-2025_11-53-21_p0057_s81_b1_RAW--ZED-RGB_FRONT.avi,2025-01-18 11:53:21
18-01-2025_12-44-33_p0064_s170.4_b3_RAW,64,170.4,"De 1 a 10, sendo 1 uma dor muito fraca e 10 uma dor insuportável, qual é a intensidade da dor?",Quatro,18-01-2025_12-44-33,/srv/projects2/captarlibras_finep/dataset_captarlibras/raw-data/frontal-cam/18-01-2025_12-44-33_p0064_s170.4_b3_RAW--ZED-RGB_FRONT.avi,2025-01-18 12:44:33
18-01-2025_12-59-18_p0064_s181_b3_RAW,64,181,A dor tem uma localização fixa ou se espalha para algum lugar?,A dor irradia para o pescoço,18-01-2025_12-59-18,/srv/projects2/captarlibras_finep/dataset_captarlibras/raw-data/frontal-cam/18-01-2025_12-59-18_p0064_s181_b3_RAW--ZED-RGB_FRONT.avi,2025-01-18 12:59:18
18-01-2025_13-04-07_p0064_sP13.1_b3_RAW,64,P13.1,A dor piora quando aperta?,Pergunta,18-01-2025_13-04-07,/srv/projects2/captarlibras_finep/dataset_captarlibras/raw-data/frontal-cam/18-01-2025_13-04-07_p0064_sP13.1_b3_RAW--ZED-RGB_FRONT.avi,2025-01-18 13:04:07
18-01-2025_13-15-45_p0064_sP16_b3_RAW,64,P16,"Se não há espirro e tosse, sente ardor para urinar?",Pergunta,18-01-2025_13-15-45,/srv/projects2/captarlibras_finep/dataset_captarlibras/raw-data/frontal-cam/18-01-2025_13-15-45_p0064_sP16_b3_RAW--ZED-RGB_FRONT.avi,2025-01-18 13:15:45
21-01-2025_14-48-47_p0065_s221_b4_RAW,65,221,Como é a diarreia?,Com pus,21-01-2025_14-48-47,/srv/projects2/captarlibras_finep/dataset_captarlibras/raw-data/frontal-cam/21-01-2025_14-48-47_p0065_s221_b4_RAW--ZED-RGB_FRONT.avi,2025-01-21 14:48:47
21-01-2025_14-53-20_p0065_sP18.4_b4_RAW,65,P18.4,"Tem sangue, muco ou pus?",Pergunta,21-01-2025_14-53-20,/srv/projects2/captarlibras_finep/dataset_captarlibras/raw-data/frontal-cam/21-01-2025_14-53-20_p0065_sP18.4_b4_RAW--ZED-RGB_FRONT.avi,2025-01-21 14:53:20
21-01-2025_15-05-58_p0065_sP22.1_b4_RAW,65,P22.1,Você tem alguma alergia?,Pergunta,21-01-2025_15-05-58,/srv/projects2/captarlibras_finep/dataset_captarlibras/raw-data/frontal-cam/21-01-2025_15-05-58_p0065_sP22.1_b4_RAW--ZED-RGB_FRONT.avi,2025-01-21 15:05:58
21-01-2025_15-14-23_p0065_sP22.2_b4_RAW,65,P22.2,Tem alergia a algum medicamento?,Pergunta,21-01-2025_15-14-23,/srv/projects2/captarlibras_finep/dataset_captarlibras/raw-data/frontal-cam/21-01-2025_15-14-23_p0065_sP22.2_b4_RAW--ZED-RGB_FRONT.avi,2025-01-21 15:14:23
21-01-2025_15-20-36_p0065_sP24.1_b4_RAW,65,P24.1,Ingere bebida alcoólica?,Pergunta,21-01-2025_15-20-36,/srv/projects2/captarlibras_finep/dataset_captarlibras/raw-data/frontal-cam/21-01-2025_15-20-36_p0065_sP24.1_b4_RAW--ZED-RGB_FRONT.avi,2025-01-21 15:20:36
21-01-2025_15-38-16_p0065_sP25.1_b4_RAW,65,P25.1,"Você fez alguma cirurgia? Se sim, qual?",Pergunta,21-01-2025_15-38-16,/srv/projects2/captarlibras_finep/dataset_captarlibras/raw-data/frontal-cam/21-01-2025_15-38-16_p0065_sP25.1_b4_RAW--ZED-RGB_FRONT.avi,2025-01-21 15:38:16
22-01-2025_17-17-41_p0066_s170.6_b3_RAW,66,170.6,"De 1 a 10, sendo 1 uma dor muito fraca e 10 uma dor insuportável, qual é a intensidade da dor?",Seis,22-01-2025_17-17-41,/srv/projects2/captarlibras_finep/dataset_captarlibras/raw-data/frontal-cam/22-01-2025_17-17-41_p0066_s170.6_b3_RAW--ZED-RGB_FRONT.avi,2025-01-22 17:17:41
22-01-2025_17-27-07_p0066_s180_b3_RAW,66,180,A dor tem uma localização fixa ou se espalha para algum lugar?,A dor irradia para a nuca,22-01-2025_17-27-07,/srv/projects2/captarlibras_finep/dataset_captarlibras/raw-data/frontal-cam/22-01-2025_17-27-07_p0066_s180_b3_RAW--ZED-RGB_FRONT.avi,2025-01-22 17:27:07
22-01-2025_17-53-56_p0066_sP21.1_b3_RAW,66,P21.1,Você trouxe receita médica?,Pergunta,22-01-2025_17-53-56,/srv/projects2/captarlibras_finep/dataset_captarlibras/raw-data/frontal-cam/22-01-2025_17-53-56_p0066_sP21.1_b3_RAW--ZED-RGB_FRONT.avi,2025-01-22 17:53:56
24-01-2025_14-34-49_p0060_sP18.1_b4_RAW,60,P18.1,Está enjoado ou com vômitos?,Pergunta,24-01-2025_14-34-49,/srv/projects2/captarlibras_finep/dataset_captarlibras/raw-data/frontal-cam/24-01-2025_14-34-49_p0060_sP18.1_b4_RAW--ZED-RGB_FRONT.avi,2025-01-24 14:34:49
24-01-2025_14-35-49_p0060_sP18.2_b4_RAW,60,P18.2,Está com diarreia?,Pergunta,24-01-2025_14-35-49,/srv/projects2/captarlibras_finep/dataset_captarlibras/raw-data/frontal-cam/24-01-2025_14-35-49_p0060_sP18.2_b4_RAW--ZED-RGB_FRONT.avi,2025-01-24 14:35:49
24-01-2025_14-45-16_p0060_sP18.4_b4_RAW,60,P18.4,"Tem sangue, muco ou pus?",Pergunta,24-01-2025_14-45-16,/srv/projects2/captarlibras_finep/dataset_captarlibras/raw-data/frontal-cam/24-01-2025_14-45-16_p0060_sP18.4_b4_RAW--ZED-RGB_FRONT.avi,2025-01-24 14:45:16
24-01-2025_14-58-14_p0060_s246_b4_RAW,60,246,Você tem alguma alergia?,Tenho alergia a fungos,24-01-2025_14-58-14,/srv/projects2/captarlibras_finep/dataset_captarlibras/raw-data/frontal-cam/24-01-2025_14-58-14_p0060_s246_b4_RAW--ZED-RGB_FRONT.avi,2025-01-24 14:58:14
24-01-2025_15-05-36_p0060_sP22.2_b4_RAW,60,P22.2,Tem alergia a algum medicamento?,Pergunta,24-01-2025_15-05-36,/srv/projects2/captarlibras_finep/dataset_captarlibras/raw-data/frontal-cam/24-01-2025_15-05-36_p0060_sP22.2_b4_RAW--ZED-RGB_FRONT.avi,2025-01-24 15:05:36
24-01-2025_15-10-38_p0060_sP24.1_b4_RAW,60,P24.1,Ingere bebida alcoólica?,Pergunta,24-01-2025_15-10-38,/srv/projects2/captarlibras_finep/dataset_captarlibras/raw-data/frontal-cam/24-01-2025_15-10-38_p0060_sP24.1_b4_RAW--ZED-RGB_FRONT.avi,2025-01-24 15:10:38
24-01-2025_15-27-03_p0060_sP01_b1_RAW,60,P01,O que você está sentindo que te fez procurar o hospital?,Pergunta,24-01-2025_15-27-03,/srv/projects2/captarlibras_finep/dataset_captarlibras/raw-data/frontal-cam/24-01-2025_15-27-03_p0060_sP01_b1_RAW--ZED-RGB_FRONT.avi,2025-01-24 15:27:03
24-01-2025_15-38-00_p0060_s24_b1_RAW,60,24,O que você está sentindo que te fez procurar o hospital?,Vômitos,24-01-2025_15-38-00,/srv/projects2/captarlibras_finep/dataset_captarlibras/raw-data/frontal-cam/24-01-2025_15-38-00_p0060_s24_b1_RAW--ZED-RGB_FRONT.avi,2025-01-24 15:38:00
24-01-2025_15-43-23_p0060_s36_b1_RAW,60,36,O que você está sentindo que te fez procurar o hospital?,Excesso de suor,24-01-2025_15-43-23,/srv/projects2/captarlibras_finep/dataset_captarlibras/raw-data/frontal-cam/24-01-2025_15-43-23_p0060_s36_b1_RAW--ZED-RGB_FRONT.avi,2025-01-24 15:43:23
24-01-2025_15-51-59_p0060_s55_b1_RAW,60,55,O que você está sentindo que te fez procurar o hospital?,Sangramento pelo nariz,24-01-2025_15-51-59,/srv/projects2/captarlibras_finep/dataset_captarlibras/raw-data/frontal-cam/24-01-2025_15-51-59_p0060_s55_b1_RAW--ZED-RGB_FRONT.avi,2025-01-24 15:51:59
24-01-2025_15-53-12_p0060_s58_b1_RAW,60,58,O que você está sentindo que te fez procurar o hospital?,Trauma físico,24-01-2025_15-53-12,/srv/projects2/captarlibras_finep/dataset_captarlibras/raw-data/frontal-cam/24-01-2025_15-53-12_p0060_s58_b1_RAW--ZED-RGB_FRONT.avi,2025-01-24 15:53:12
24-01-2025_15-55-15_p0060_s63_b1_RAW,60,63,O que você está sentindo que te fez procurar o hospital?,Lesão por arma de fogo,24-01-2025_15-55-15,/srv/projects2/captarlibras_finep/dataset_captarlibras/raw-data/frontal-cam/24-01-2025_15-55-15_p0060_s63_b1_RAW--ZED-RGB_FRONT.avi,2025-01-24 15:55:15
24-01-2025_15-57-58_p0060_sP02_b1_RAW,60,P02,Quando começou?,Pergunta,24-01-2025_15-57-58,/srv/projects2/captarlibras_finep/dataset_captarlibras/raw-data/frontal-cam/24-01-2025_15-57-58_p0060_sP02_b1_RAW--ZED-RGB_FRONT.avi,2025-01-24 15:57:58
24-01-2025_16-09-04_p0060_s73_b1_RAW,60,73,Como começou? O que você estava fazendo?,Comendo,24-01-2025_16-09-04,/srv/projects2/captarlibras_finep/dataset_captarlibras/raw-data/frontal-cam/24-01-2025_16-09-04_p0060_s73_b1_RAW--ZED-RGB_FRONT.avi,2025-01-24 16:09:04
25-01-2025_13-23-52_p0064_sP08.2_b2_RAW,64,P08.2,Tem algum fator de melhora?,Pergunta,25-01-2025_13-23-52,/srv/projects2/captarlibras_finep/dataset_captarlibras/raw-data/frontal-cam/25-01-2025_13-23-52_p0064_sP08.2_b2_RAW--ZED-RGB_FRONT.avi,2025-01-25 13:23:52
25-01-2025_13-32-47_p0064_s148.9_b2_RAW,64,148.9,Alfabeto completo,I,25-01-2025_13-32-47,/srv/projects2/captarlibras_finep/dataset_captarlibras/raw-data/frontal-cam/25-01-2025_13-32-47_p0064_s148.9_b2_RAW--ZED-RGB_FRONT.avi,2025-01-25 13:32:47
25-01-2025_13-33-04_p0064_s148.10_b2_RAW,64,148.10,Alfabeto completo,J,25-01-2025_13-33-04,/srv/projects2/captarlibras_finep/dataset_captarlibras/raw-data/frontal-cam/25-01-2025_13-33-04_p0064_s148.10_b2_RAW--ZED-RGB_FRONT.avi,2025-01-25 13:33:04
28-01-2025_13-22-41_p0067_sP10_b3_RAW,67,P10,"De 1 a 10, sendo 1 uma dor muito fraca e 10 uma dor insuportável, qual é a intensidade da dor?",Pergunta,28-01-2025_13-22-41,/srv/projects2/captarlibras_finep/dataset_captarlibras/raw-data/frontal-cam/28-01-2025_13-22-41_p0067_sP10_b3_RAW--ZED-RGB_FRONT.avi,2025-01-28 13:22:41
28-01-2025_13-48-27_p0067_sP13.1_b3_RAW,67,P13.1,A dor piora quando aperta?,Pergunta,28-01-2025_13-48-27,/srv/projects2/captarlibras_finep/dataset_captarlibras/raw-data/frontal-cam/28-01-2025_13-48-27_p0067_sP13.1_b3_RAW--ZED-RGB_FRONT.avi,2025-01-28 13:48:27
28-01-2025_13-54-29_p0067_sP15.2_b3_RAW,67,P15.2,Como é a tosse?,Pergunta,28-01-2025_13-54-29,/srv/projects2/captarlibras_finep/dataset_captarlibras/raw-data/frontal-cam/28-01-2025_13-54-29_p0067_sP15.2_b3_RAW--ZED-RGB_FRONT.avi,2025-01-28 13:54:29
28-01-2025_13-58-46_p0067_sP15.3_b3_RAW,67,P15.3,Tosse é com ou sem catarro?,Pergunta,28-01-2025_13-58-46,/srv/projects2/captarlibras_finep/dataset_captarlibras/raw-data/frontal-cam/28-01-2025_13-58-46_p0067_sP15.3_b3_RAW--ZED-RGB_FRONT.avi,2025-01-28 13:58:46
28-01-2025_14-03-53_p0067_sP16_b3_RAW,67,P16,"Se não há espirro e tosse, sente ardor para urinar?",Pergunta,28-01-2025_14-03-53,/srv/projects2/captarlibras_finep/dataset_captarlibras/raw-data/frontal-cam/28-01-2025_14-03-53_p0067_sP16_b3_RAW--ZED-RGB_FRONT.avi,2025-01-28 14:03:53
28-01-2025_14-13-06_p0067_s243_b3_RAW,67,243,Você trouxe receita médica?,Não trouxe receita médica,28-01-2025_14-13-06,/srv/projects2/captarlibras_finep/dataset_captarlibras/raw-data/frontal-cam/28-01-2025_14-13-06_p0067_s243_b3_RAW--ZED-RGB_FRONT.avi,2025-01-28 14:13:06
30-01-2025_15-53-52_p0068_sP10_b3_RAW,68,P10,"De 1 a 10, sendo 1 uma dor muito fraca e 10 uma dor insuportável, qual é a intensidade da dor?",Pergunta,30-01-2025_15-53-52,/srv/projects2/captarlibras_finep/dataset_captarlibras/raw-data/frontal-cam/30-01-2025_15-53-52_p0068_sP10_b3_RAW--ZED-RGB_FRONT.avi,2025-01-30 15:53:52
30-01-2025_15-58-01_p0068_s170.2_b3_RAW,68,170.2,"De 1 a 10, sendo 1 uma dor muito fraca e 10 uma dor insuportável, qual é a intensidade da dor?",Dois,30-01-2025_15-58-01,/srv/projects2/captarlibras_finep/dataset_captarlibras/raw-data/frontal-cam/30-01-2025_15-58-01_p0068_s170.2_b3_RAW--ZED-RGB_FRONT.avi,2025-01-30 15:58:01
30-01-2025_15-59-18_p0068_s170.3_b3_RAW,68,170.3,"De 1 a 10, sendo 1 uma dor muito fraca e 10 uma dor insuportável, qual é a intensidade da dor?",Três,30-01-2025_15-59-18,/srv/projects2/captarlibras_finep/dataset_captarlibras/raw-data/frontal-cam/30-01-2025_15-59-18_p0068_s170.3_b3_RAW--ZED-RGB_FRONT.avi,2025-01-30 15:59:18
30-01-2025_16-16-14_p0068_sP13.1_b3_RAW,68,P13.1,A dor piora quando aperta?,Pergunta,30-01-2025_16-16-14,/srv/projects2/captarlibras_finep/dataset_captarlibras/raw-data/frontal-cam/30-01-2025_16-16-14_p0068_sP13.1_b3_RAW--ZED-RGB_FRONT.avi,2025-01-30 16:16:14
30-01-2025_16-26-55_p0068_sP16_b3_RAW,68,P16,"Se não há espirro e tosse, sente ardor para urinar?",Pergunta,30-01-2025_16-26-55,/srv/projects2/captarlibras_finep/dataset_captarlibras/raw-data/frontal-cam/30-01-2025_16-26-55_p0068_sP16_b3_RAW--ZED-RGB_FRONT.avi,2025-01-30 16:26:55
31-01-2025_14-57-13_p0065_sP09.7_b3_RAW,65,P09.7,A dor no peito ou falta de ar melhorou com algum medicamento?,Pergunta,31-01-2025_14-57-13,/srv/projects2/captarlibras_finep/dataset_captarlibras/raw-data/frontal-cam/31-01-2025_14-57-13_p0065_sP09.7_b3_RAW--ZED-RGB_FRONT.avi,2025-01-31 14:57:13
31-01-2025_15-01-29_p0065_sP10_b3_RAW,65,P10,"De 1 a 10, sendo 1 uma dor muito fraca e 10 uma dor insuportável, qual é a intensidade da dor?",Pergunta,31-01-2025_15-01-29,/srv/projects2/captarlibras_finep/dataset_captarlibras/raw-data/frontal-cam/31-01-2025_15-01-29_p0065_sP10_b3_RAW--ZED-RGB_FRONT.avi,2025-01-31 15:01:29
31-01-2025_15-11-48_p0065_sP11.2_b3_RAW,65,P11.2,Qual a frequência da dor?,Pergunta,31-01-2025_15-11-48,/srv/projects2/captarlibras_finep/dataset_captarlibras/raw-data/frontal-cam/31-01-2025_15-11-48_p0065_sP11.2_b3_RAW--ZED-RGB_FRONT.avi,2025-01-31 15:11:48
31-01-2025_15-17-06_p0065_sP12_b3_RAW,65,P12,A dor tem uma localização fixa ou se espalha para algum lugar?,Pergunta,31-01-2025_15-17-06,/srv/projects2/captarlibras_finep/dataset_captarlibras/raw-data/frontal-cam/31-01-2025_15-17-06_p0065_sP12_b3_RAW--ZED-RGB_FRONT.avi,2025-01-31 15:17:06
31-01-2025_15-24-43_p0065_sP13.1_b3_RAW,65,P13.1,A dor piora quando aperta?,Pergunta,31-01-2025_15-24-43,/srv/projects2/captarlibras_finep/dataset_captarlibras/raw-data/frontal-cam/31-01-2025_15-24-43_p0065_sP13.1_b3_RAW--ZED-RGB_FRONT.avi,2025-01-31 15:24:43
31-01-2025_15-28-12_p0065_sP14_b3_RAW,65,P14,"Tem dor, febre, calafrios, espirro ou secreção nasal?",Pergunta,31-01-2025_15-28-12,/srv/projects2/captarlibras_finep/dataset_captarlibras/raw-data/frontal-cam/31-01-2025_15-28-12_p0065_sP14_b3_RAW--ZED-RGB_FRONT.avi,2025-01-31 15:28:12
31-01-2025_15-38-43_p0065_sP16_b3_RAW,65,P16,"Se não há espirro e tosse, sente ardor para urinar?",Pergunta,31-01-2025_15-38-43,/srv/projects2/captarlibras_finep/dataset_captarlibras/raw-data/frontal-cam/31-01-2025_15-38-43_p0065_sP16_b3_RAW--ZED-RGB_FRONT.avi,2025-01-31 15:38:43
31-01-2025_15-43-14_p0065_s208_b3_RAW,65,208,Trouxe cartão de vacina?,Não trouxe cartão de vacina,31-01-2025_15-43-14,/srv/projects2/captarlibras_finep/dataset_captarlibras/raw-data/frontal-cam/31-01-2025_15-43-14_p0065_s208_b3_RAW--ZED-RGB_FRONT.avi,2025-01-31 15:43:14
31-01-2025_15-45-57_p0065_sP20_b3_RAW,65,P20,Você trouxe algum relatório médico?,Pergunta,31-01-2025_15-45-57,/srv/projects2/captarlibras_finep/dataset_captarlibras/raw-data/frontal-cam/31-01-2025_15-45-57_p0065_sP20_b3_RAW--ZED-RGB_FRONT.avi,2025-01-31 15:45:57
31-01-2025_15-47-34_p0065_s243_b3_RAW,65,243,Você trouxe receita médica?,Não trouxe receita médica,31-01-2025_15-47-34,/srv/projects2/captarlibras_finep/dataset_captarlibras/raw-data/frontal-cam/31-01-2025_15-47-34_p0065_s243_b3_RAW--ZED-RGB_FRONT.avi,2025-01-31 15:47:34
01-02-2025_09-30-18_p0069_sP18.2_b4_RAW,69,P18.2,Está com diarreia?,Pergunta,01-02-2025_09-30-18,/srv/projects2/captarlibras_finep/dataset_captarlibras/raw-data/frontal-cam/01-02-2025_09-30-18_p0069_sP18.2_b4_RAW--ZED-RGB_FRONT.avi,2025-02-01 09:30:18
01-02-2025_09-36-17_p0069_sP18.4_b4_RAW,69,P18.4,"Tem sangue, muco ou pus?",Pergunta,01-02-2025_09-36-17,/srv/projects2/captarlibras_finep/dataset_captarlibras/raw-data/frontal-cam/01-02-2025_09-36-17_p0069_sP18.4_b4_RAW--ZED-RGB_FRONT.avi,2025-02-01 09:36:17
01-02-2025_09-53-27_p0069_s257_b4_RAW,69,257,Tem alergia a algum medicamento?,Não tenho alergia a nenhum medicamento,01-02-2025_09-53-27,/srv/projects2/captarlibras_finep/dataset_captarlibras/raw-data/frontal-cam/01-02-2025_09-53-27_p0069_s257_b4_RAW--ZED-RGB_FRONT.avi,2025-02-01 09:53:27
01-02-2025_10-03-48_p0069_sP24.3_b4_RAW,69,P24.3,Quantas bebidas?,Pergunta,01-02-2025_10-03-48,/srv/projects2/captarlibras_finep/dataset_captarlibras/raw-data/frontal-cam/01-02-2025_10-03-48_p0069_sP24.3_b4_RAW--ZED-RGB_FRONT.avi,2025-02-01 10:03:48
01-02-2025_10-47-20_p0069_sP02_b1_RAW,69,P02,Quando começou?,Pergunta,01-02-2025_10-47-20,/srv/projects2/captarlibras_finep/dataset_captarlibras/raw-data/frontal-cam/01-02-2025_10-47-20_p0069_sP02_b1_RAW--ZED-RGB_FRONT.avi,2025-02-01 10:47:20
01-02-2025_11-58-09_p0070_sP18.4_b4_RAW,70,P18.4,"Tem sangue, muco ou pus?",Pergunta,01-02-2025_11-58-09,/srv/projects2/captarlibras_finep/dataset_captarlibras/raw-data/frontal-cam/01-02-2025_11-58-09_p0070_sP18.4_b4_RAW--ZED-RGB_FRONT.avi,2025-02-01 11:58:09
01-02-2025_12-19-15_p0070_sP24.1_b4_RAW,70,P24.1,Ingere bebida alcoólica?,Pergunta,01-02-2025_12-19-15,/srv/projects2/captarlibras_finep/dataset_captarlibras/raw-data/frontal-cam/01-02-2025_12-19-15_p0070_sP24.1_b4_RAW--ZED-RGB_FRONT.avi,2025-02-01 12:19:15
01-02-2025_12-28-27_p0070_sP25.1_b4_RAW,70,P25.1,"Você fez alguma cirurgia? Se sim, qual?",Pergunta,01-02-2025_12-28-27,/srv/projects2/captarlibras_finep/dataset_captarlibras/raw-data/frontal-cam/01-02-2025_12-28-27_p0070_sP25.1_b4_RAW--ZED-RGB_FRONT.avi,2025-02-01 12:28:27
01-02-2025_13-12-42_p0064_sP18.2_b4_RAW,64,P18.2,Está com diarreia?,Pergunta,01-02-2025_13-12-42,/srv/projects2/captarlibras_finep/dataset_captarlibras/raw-data/frontal-cam/01-02-2025_13-12-42_p0064_sP18.2_b4_RAW--ZED-RGB_FRONT.avi,2025-02-01 13:12:42
01-02-2025_13-17-45_p0064_s221_b4_RAW,64,221,Como é a diarreia?,Com pus,01-02-2025_13-17-45,/srv/projects2/captarlibras_finep/dataset_captarlibras/raw-data/frontal-cam/01-02-2025_13-17-45_p0064_s221_b4_RAW--ZED-RGB_FRONT.avi,2025-02-01 13:17:45
01-02-2025_13-20-32_p0064_s222_b4_RAW,64,222,Sente dor na barriga?,Não sinto dor na barriga,01-02-2025_13-20-32,/srv/projects2/captarlibras_finep/dataset_captarlibras/raw-data/frontal-cam/01-02-2025_13-20-32_p0064_s222_b4_RAW--ZED-RGB_FRONT.avi,2025-02-01 13:20:32
01-02-2025_13-38-55_p0064_sP22.2_b4_RAW,64,P22.2,Tem alergia a algum medicamento?,Pergunta,01-02-2025_13-38-55,/srv/projects2/captarlibras_finep/dataset_captarlibras/raw-data/frontal-cam/01-02-2025_13-38-55_p0064_sP22.2_b4_RAW--ZED-RGB_FRONT.avi,2025-02-01 13:38:55
01-02-2025_13-40-37_p0064_s259_b4_RAW,64,259,Você fuma?,Fumo sim,01-02-2025_13-40-37,/srv/projects2/captarlibras_finep/dataset_captarlibras/raw-data/frontal-cam/01-02-2025_13-40-37_p0064_s259_b4_RAW--ZED-RGB_FRONT.avi,2025-02-01 13:40:37
01-02-2025_13-58-53_p0064_sP01_b1_RAW,64,P01,O que você está sentindo que te fez procurar o hospital?,Pergunta,01-02-2025_13-58-53,/srv/projects2/captarlibras_finep/dataset_captarlibras/raw-data/frontal-cam/01-02-2025_13-58-53_p0064_sP01_b1_RAW--ZED-RGB_FRONT.avi,2025-02-01 13:58:53
01-02-2025_14-28-54_p0064_s58_b1_RAW,64,58,O que você está sentindo que te fez procurar o hospital?,Trauma físico,01-02-2025_14-28-54,/srv/projects2/captarlibras_finep/dataset_captarlibras/raw-data/frontal-cam/01-02-2025_14-28-54_p0064_s58_b1_RAW--ZED-RGB_FRONT.avi,2025-02-01 14:28:54
01-02-2025_14-32-30_p0064_s64_b1_RAW,64,64,O que você está sentindo que te fez procurar o hospital?,Iminência de trabalho de parto,01-02-2025_14-32-30,/srv/projects2/captarlibras_finep/dataset_captarlibras/raw-data/frontal-cam/01-02-2025_14-32-30_p0064_s64_b1_RAW--ZED-RGB_FRONT.avi,2025-02-01 14:32:30
03-02-2025_17-08-23_p0071_s131_b2_RAW,71,131,Existe algum fator de piora?,Período menstrual,03-02-2025_17-08-23,/srv/projects2/captarlibras_finep/dataset_captarlibras/raw-data/frontal-cam/03-02-2025_17-08-23_p0071_s131_b2_RAW--ZED-RGB_FRONT.avi,2025-02-03 17:08:23
03-02-2025_17-17-42_p0071_sP08.2_b2_RAW,71,P08.2,Tem algum fator de melhora?,Pergunta,03-02-2025_17-17-42,/srv/projects2/captarlibras_finep/dataset_captarlibras/raw-data/frontal-cam/03-02-2025_17-17-42_p0071_sP08.2_b2_RAW--ZED-RGB_FRONT.avi,2025-02-03 17:17:42
03-02-2025_17-27-52_p0071_s148.18_b2_RAW,71,148.18,Alfabeto completo,R,03-02-2025_17-27-52,/srv/projects2/captarlibras_finep/dataset_captarlibras/raw-data/frontal-cam/03-02-2025_17-27-52_p0071_s148.18_b2_RAW--ZED-RGB_FRONT.avi,2025-02-03 17:27:52
03-02-2025_17-28-08_p0071_s148.19_b2_RAW,71,148.19,Alfabeto completo,S,03-02-2025_17-28-08,/srv/projects2/captarlibras_finep/dataset_captarlibras/raw-data/frontal-cam/03-02-2025_17-28-08_p0071_s148.19_b2_RAW--ZED-RGB_FRONT.avi,2025-02-03 17:28:08
03-02-2025_17-29-41_p0071_s148.25_b2_RAW,71,148.25,Alfabeto completo,Y,03-02-2025_17-29-41,/srv/projects2/captarlibras_finep/dataset_captarlibras/raw-data/frontal-cam/03-02-2025_17-29-41_p0071_s148.25_b2_RAW--ZED-RGB_FRONT.avi,2025-02-03 17:29:41
04-02-2025_16-42-12_p0066_sP06.3_b2_RAW,66,P06.3,A dor é como se fosse um peso?,Pergunta,04-02-2025_16-42-12,/srv/projects2/captarlibras_finep/dataset_captarlibras/raw-data/frontal-cam/04-02-2025_16-42-12_p0066_sP06.3_b2_RAW--ZED-RGB_FRONT.avi,2025-02-04 16:42:12
04-02-2025_16-51-56_p0066_s131_b2_RAW,66,131,Existe algum fator de piora?,Período menstrual,04-02-2025_16-51-56,/srv/projects2/captarlibras_finep/dataset_captarlibras/raw-data/frontal-cam/04-02-2025_16-51-56_p0066_s131_b2_RAW--ZED-RGB_FRONT.avi,2025-02-04 16:51:56
04-02-2025_16-58-00_p0066_sP08.2_b2_RAW,66,P08.2,Tem algum fator de melhora?,Pergunta,04-02-2025_16-58-00,/srv/projects2/captarlibras_finep/dataset_captarlibras/raw-data/frontal-cam/04-02-2025_16-58-00_p0066_sP08.2_b2_RAW--ZED-RGB_FRONT.avi,2025-02-04 16:58:00
05-02-2025_16-57-04_p0072_sP10_b3_RAW,72,P10,"De 1 a 10, sendo 1 uma dor muito fraca e 10 uma dor insuportável, qual é a intensidade da dor?",Pergunta,05-02-2025_16-57-04,/srv/projects2/captarlibras_finep/dataset_captarlibras/raw-data/frontal-cam/05-02-2025_16-57-04_p0072_sP10_b3_RAW--ZED-RGB_FRONT.avi,2025-02-05 16:57:04
05-02-2025_17-38-49_p0072_sP16_b3_RAW,72,P16,"Se não há espirro e tosse, sente ardor para urinar?",Pergunta,05-02-2025_17-38-49,/srv/projects2/captarlibras_finep/dataset_captarlibras/raw-data/frontal-cam/05-02-2025_17-38-49_p0072_sP16_b3_RAW--ZED-RGB_FRONT.avi,2025-02-05 17:38:49
05-02-2025_17-43-55_p0072_s208_b3_RAW,72,208,Trouxe cartão de vacina?,Não trouxe cartão de vacina,05-02-2025_17-43-55,/srv/projects2/captarlibras_finep/dataset_captarlibras/raw-data/frontal-cam/05-02-2025_17-43-55_p0072_s208_b3_RAW--ZED-RGB_FRONT.avi,2025-02-05 17:43:55
06-02-2025_14-03-25_p0067_sP08.2_b2_RAW,67,P08.2,Tem algum fator de melhora?,Pergunta,06-02-2025_14-03-25,/srv/projects2/captarlibras_finep/dataset_captarlibras/raw-data/frontal-cam/06-02-2025_14-03-25_p0067_sP08.2_b2_RAW--ZED-RGB_FRONT.avi,2025-02-06 14:03:25
06-02-2025_14-40-01_p0068_sP04_b2_RAW,68,P04,Qual é o tempo de duração?,Pergunta,06-02-2025_14-40-01,/srv/projects2/captarlibras_finep/dataset_captarlibras/raw-data/frontal-cam/06-02-2025_14-40-01_p0068_sP04_b2_RAW--ZED-RGB_FRONT.avi,2025-02-06 14:40:01
06-02-2025_15-02-17_p0068_s117_b2_RAW,68,117,"Junto desse sintoma, você sente mais alguma coisa?",Sudorese,06-02-2025_15-02-17,/srv/projects2/captarlibras_finep/dataset_captarlibras/raw-data/frontal-cam/06-02-2025_15-02-17_p0068_s117_b2_RAW--ZED-RGB_FRONT.avi,2025-02-06 15:02:17
06-02-2025_18-46-24_p0069_sP13.1_b3_RAW,69,P13.1,A dor piora quando aperta?,Pergunta,06-02-2025_18-46-24,/srv/projects2/captarlibras_finep/dataset_captarlibras/raw-data/frontal-cam/06-02-2025_18-46-24_p0069_sP13.1_b3_RAW--ZED-RGB_FRONT.avi,2025-02-06 18:46:24
06-02-2025_18-56-44_p0069_sP16_b3_RAW,69,P16,"Se não há espirro e tosse, sente ardor para urinar?",Pergunta,06-02-2025_18-56-44,/srv/projects2/captarlibras_finep/dataset_captarlibras/raw-data/frontal-cam/06-02-2025_18-56-44_p0069_sP16_b3_RAW--ZED-RGB_FRONT.avi,2025-02-06 18:56:44
06-02-2025_19-01-25_p0069_sP20_b3_RAW,69,P20,Você trouxe algum relatório médico?,Pergunta,06-02-2025_19-01-25,/srv/projects2/captarlibras_finep/dataset_captarlibras/raw-data/frontal-cam/06-02-2025_19-01-25_p0069_sP20_b3_RAW--ZED-RGB_FRONT.avi,2025-02-06 19:01:25
07-02-2025_16-25-48_p0046_sP10_b3_RAW,46,P10,"De 1 a 10, sendo 1 uma dor muito fraca e 10 uma dor insuportável, qual é a intensidade da dor?",Pergunta,07-02-2025_16-25-48,/srv/projects2/captarlibras_finep/dataset_captarlibras/raw-data/frontal-cam/07-02-2025_16-25-48_p0046_sP10_b3_RAW--ZED-RGB_FRONT.avi,2025-02-07 16:25:48
07-02-2025_16-45-50_p0046_sP13.1_b3_RAW,46,P13.1,A dor piora quando aperta?,Pergunta,07-02-2025_16-45-50,/srv/projects2/captarlibras_finep/dataset_captarlibras/raw-data/frontal-cam/07-02-2025_16-45-50_p0046_sP13.1_b3_RAW--ZED-RGB_FRONT.avi,2025-02-07 16:45:50
07-02-2025_16-55-11_p0046_s200_b3_RAW,46,200,Qual cor é o catarro?,Catarro esverdeado,07-02-2025_16-55-11,/srv/projects2/captarlibras_finep/dataset_captarlibras/raw-data/frontal-cam/07-02-2025_16-55-11_p0046_s200_b3_RAW--ZED-RGB_FRONT.avi,2025-02-07 16:55:11
07-02-2025_16-56-40_p0046_sP16_b3_RAW,46,P16,"Se não há espirro e tosse, sente ardor para urinar?",Pergunta,07-02-2025_16-56-40,/srv/projects2/captarlibras_finep/dataset_captarlibras/raw-data/frontal-cam/07-02-2025_16-56-40_p0046_sP16_b3_RAW--ZED-RGB_FRONT.avi,2025-02-07 16:56:40
10-02-2025_16-32-12_p0071_sP10_b3_RAW,71,P10,"De 1 a 10, sendo 1 uma dor muito fraca e 10 uma dor insuportável, qual é a intensidade da dor?",Pergunta,10-02-2025_16-32-12,/srv/projects2/captarlibras_finep/dataset_captarlibras/raw-data/frontal-cam/10-02-2025_16-32-12_p0071_sP10_b3_RAW--ZED-RGB_FRONT.avi,2025-02-10 16:32:12
10-02-2025_16-54-56_p0071_sP12_b3_RAW,71,P12,A dor tem uma localização fixa ou se espalha para algum lugar?,Pergunta,10-02-2025_16-54-56,/srv/projects2/captarlibras_finep/dataset_captarlibras/raw-data/frontal-cam/10-02-2025_16-54-56_p0071_sP12_b3_RAW--ZED-RGB_FRONT.avi,2025-02-10 16:54:56
10-02-2025_17-16-01_p0071_sP16_b3_RAW,71,P16,"Se não há espirro e tosse, sente ardor para urinar?",Pergunta,10-02-2025_17-16-01,/srv/projects2/captarlibras_finep/dataset_captarlibras/raw-data/frontal-cam/10-02-2025_17-16-01_p0071_sP16_b3_RAW--ZED-RGB_FRONT.avi,2025-02-10 17:16:01
10-02-2025_17-20-28_p0071_sP20_b3_RAW,71,P20,Você trouxe algum relatório médico?,Pergunta,10-02-2025_17-20-28,/srv/projects2/captarlibras_finep/dataset_captarlibras/raw-data/frontal-cam/10-02-2025_17-20-28_p0071_sP20_b3_RAW--ZED-RGB_FRONT.avi,2025-02-10 17:20:28
11-02-2025_16-44-15_p0066_sP18.2_b4_RAW,66,P18.2,Está com diarreia?,Pergunta,11-02-2025_16-44-15,/srv/projects2/captarlibras_finep/dataset_captarlibras/raw-data/frontal-cam/11-02-2025_16-44-15_p0066_sP18.2_b4_RAW--ZED-RGB_FRONT.avi,2025-02-11 16:44:15
11-02-2025_16-51-18_p0066_sP18.4_b4_RAW,66,P18.4,"Tem sangue, muco ou pus?",Pergunta,11-02-2025_16-51-18,/srv/projects2/captarlibras_finep/dataset_captarlibras/raw-data/frontal-cam/11-02-2025_16-51-18_p0066_sP18.4_b4_RAW--ZED-RGB_FRONT.avi,2025-02-11 16:51:18
11-02-2025_17-01-28_p0066_s236_b4_RAW,66,236,Você faz tratamento para alguma doença? Qual?,Cirrose,11-02-2025_17-01-28,/srv/projects2/captarlibras_finep/dataset_captarlibras/raw-data/frontal-cam/11-02-2025_17-01-28_p0066_s236_b4_RAW--ZED-RGB_FRONT.avi,2025-02-11 17:01:28
11-02-2025_17-32-48_p0066_sP25.1_b4_RAW,66,P25.1,"Você fez alguma cirurgia? Se sim, qual?",Pergunta,11-02-2025_17-32-48,/srv/projects2/captarlibras_finep/dataset_captarlibras/raw-data/frontal-cam/11-02-2025_17-32-48_p0066_sP25.1_b4_RAW--ZED-RGB_FRONT.avi,2025-02-11 17:32:48
11-02-2025_18-18-22_p0066_s58_b1_RAW,66,58,O que você está sentindo que te fez procurar o hospital?,Trauma físico,11-02-2025_18-18-22,/srv/projects2/captarlibras_finep/dataset_captarlibras/raw-data/frontal-cam/11-02-2025_18-18-22_p0066_s58_b1_RAW--ZED-RGB_FRONT.avi,2025-02-11 18:18:22
11-02-2025_18-20-14_p0066_s63_b1_RAW,66,63,O que você está sentindo que te fez procurar o hospital?,Lesão por arma de fogo,11-02-2025_18-20-14,/srv/projects2/captarlibras_finep/dataset_captarlibras/raw-data/frontal-cam/11-02-2025_18-20-14_p0066_s63_b1_RAW--ZED-RGB_FRONT.avi,2025-02-11 18:20:14
11-02-2025_18-22-28_p0066_s67_b1_RAW,66,67,O que você está sentindo que te fez procurar o hospital?,Vômitos com sangue,11-02-2025_18-22-28,/srv/projects2/captarlibras_finep/dataset_captarlibras/raw-data/frontal-cam/11-02-2025_18-22-28_p0066_s67_b1_RAW--ZED-RGB_FRONT.avi,2025-02-11 18:22:28
11-02-2025_18-22-48_p0066_sP02_b1_RAW,66,P02,Quando começou?,Pergunta,11-02-2025_18-22-48,/srv/projects2/captarlibras_finep/dataset_captarlibras/raw-data/frontal-cam/11-02-2025_18-22-48_p0066_sP02_b1_RAW--ZED-RGB_FRONT.avi,2025-02-11 18:22:48
11-02-2025_18-43-35_p0069_s103_b2_RAW,69,103,Onde é a dor?,Dor no joelho direito e esquerdo,11-02-2025_18-43-35,/srv/projects2/captarlibras_finep/dataset_captarlibras/raw-data/frontal-cam/11-02-2025_18-43-35_p0069_s103_b2_RAW--ZED-RGB_FRONT.avi,2025-02-11 18:43:35
11-02-2025_19-08-39_p0069_sP08.2_b2_RAW,69,P08.2,Tem algum fator de melhora?,Pergunta,11-02-2025_19-08-39,/srv/projects2/captarlibras_finep/dataset_captarlibras/raw-data/frontal-cam/11-02-2025_19-08-39_p0069_sP08.2_b2_RAW--ZED-RGB_FRONT.avi,2025-02-11 19:08:39
11-02-2025_19-18-40_p0069_s148.26_b2_RAW,69,148.26,Alfabeto completo,Z,11-02-2025_19-18-40,/srv/projects2/captarlibras_finep/dataset_captarlibras/raw-data/frontal-cam/11-02-2025_19-18-40_p0069_s148.26_b2_RAW--ZED-RGB_FRONT.avi,2025-02-11 19:18:40
12-02-2025_17-05-49_p0072_sP08.2_b2_RAW,72,P08.2,Tem algum fator de melhora?,Pergunta,12-02-2025_17-05-49,/srv/projects2/captarlibras_finep/dataset_captarlibras/raw-data/frontal-cam/12-02-2025_17-05-49_p0072_sP08.2_b2_RAW--ZED-RGB_FRONT.avi,2025-02-12 17:05:49
12-02-2025_17-16-02_p0072_s148.25_b2_RAW,72,148.25,Alfabeto completo,Y,12-02-2025_17-16-02,/srv/projects2/captarlibras_finep/dataset_captarlibras/raw-data/frontal-cam/12-02-2025_17-16-02_p0072_s148.25_b2_RAW--ZED-RGB_FRONT.avi,2025-02-12 17:16:02
13-02-2025_13-35-27_p0067_sP18.2_b4_RAW,67,P18.2,Está com diarreia?,Pergunta,13-02-2025_13-35-27,/srv/projects2/captarlibras_finep/dataset_captarlibras/raw-data/frontal-cam/13-02-2025_13-35-27_p0067_sP18.2_b4_RAW--ZED-RGB_FRONT.avi,2025-02-13 13:35:27
13-02-2025_13-41-44_p0067_sP18.4_b4_RAW,67,P18.4,"Tem sangue, muco ou pus?",Pergunta,13-02-2025_13-41-44,/srv/projects2/captarlibras_finep/dataset_captarlibras/raw-data/frontal-cam/13-02-2025_13-41-44_p0067_sP18.4_b4_RAW--ZED-RGB_FRONT.avi,2025-02-13 13:41:44
13-02-2025_14-03-58_p0067_s261_b4_RAW,67,261,Há quanto tempo?,Um ano,13-02-2025_14-03-58,/srv/projects2/captarlibras_finep/dataset_captarlibras/raw-data/frontal-cam/13-02-2025_14-03-58_p0067_s261_b4_RAW--ZED-RGB_FRONT.avi,2025-02-13 14:03:58
13-02-2025_14-05-55_p0067_sP24.1_b4_RAW,67,P24.1,Ingere bebida alcoólica?,Pergunta,13-02-2025_14-05-55,/srv/projects2/captarlibras_finep/dataset_captarlibras/raw-data/frontal-cam/13-02-2025_14-05-55_p0067_sP24.1_b4_RAW--ZED-RGB_FRONT.avi,2025-02-13 14:05:55
13-02-2025_14-16-57_p0067_s280_b4_RAW,67,280,Quantas bebidas?,Uma taça de vinho uma vez na semana,13-02-2025_14-16-57,/srv/projects2/captarlibras_finep/dataset_captarlibras/raw-data/frontal-cam/13-02-2025_14-16-57_p0067_s280_b4_RAW--ZED-RGB_FRONT.avi,2025-02-13 14:16:57
13-02-2025_14-20-07_p0067_sP25.1_b4_RAW,67,P25.1,"Você fez alguma cirurgia? Se sim, qual?",Pergunta,13-02-2025_14-20-07,/srv/projects2/captarlibras_finep/dataset_captarlibras/raw-data/frontal-cam/13-02-2025_14-20-07_p0067_sP25.1_b4_RAW--ZED-RGB_FRONT.avi,2025-02-13 14:20:07
13-02-2025_14-39-15_p0067_sP01_b1_RAW,67,P01,O que você está sentindo que te fez procurar o hospital?,Pergunta,13-02-2025_14-39-15,/srv/projects2/captarlibras_finep/dataset_captarlibras/raw-data/frontal-cam/13-02-2025_14-39-15_p0067_sP01_b1_RAW--ZED-RGB_FRONT.avi,2025-02-13 14:39:15
13-02-2025_14-51-16_p0067_s22_b1_RAW,67,22,O que você está sentindo que te fez procurar o hospital?,Diarreia com sangue,13-02-2025_14-51-16,/srv/projects2/captarlibras_finep/dataset_captarlibras/raw-data/frontal-cam/13-02-2025_14-51-16_p0067_s22_b1_RAW--ZED-RGB_FRONT.avi,2025-02-13 14:51:16
13-02-2025_15-02-00_p0067_s36_b1_RAW,67,36,O que você está sentindo que te fez procurar o hospital?,Excesso de suor,13-02-2025_15-02-00,/srv/projects2/captarlibras_finep/dataset_captarlibras/raw-data/frontal-cam/13-02-2025_15-02-00_p0067_s36_b1_RAW--ZED-RGB_FRONT.avi,2025-02-13 15:02:00
13-02-2025_18-52-19_p0070_sP13.1_b3_RAW,70,P13.1,A dor piora quando aperta?,Pergunta,13-02-2025_18-52-19,/srv/projects2/captarlibras_finep/dataset_captarlibras/raw-data/frontal-cam/13-02-2025_18-52-19_p0070_sP13.1_b3_RAW--ZED-RGB_FRONT.avi,2025-02-13 18:52:19
13-02-2025_19-02-12_p0070_sP16_b3_RAW,70,P16,"Se não há espirro e tosse, sente ardor para urinar?",Pergunta,13-02-2025_19-02-12,/srv/projects2/captarlibras_finep/dataset_captarlibras/raw-data/frontal-cam/13-02-2025_19-02-12_p0070_sP16_b3_RAW--ZED-RGB_FRONT.avi,2025-02-13 19:02:12
13-02-2025_19-13-11_p0070_s2_b1_RAW,70,2,O que você está sentindo que te fez procurar o hospital?,Confusão,13-02-2025_19-13-11,/srv/projects2/captarlibras_finep/dataset_captarlibras/raw-data/frontal-cam/13-02-2025_19-13-11_p0070_s2_b1_RAW--ZED-RGB_FRONT.avi,2025-02-13 19:13:11
13-02-2025_19-19-45_p0070_s7_b1_RAW,70,7,O que você está sentindo que te fez procurar o hospital?,Dor no peito,13-02-2025_19-19-45,/srv/projects2/captarlibras_finep/dataset_captarlibras/raw-data/frontal-cam/13-02-2025_19-19-45_p0070_s7_b1_RAW--ZED-RGB_FRONT.avi,2025-02-13 19:19:45
13-02-2025_19-27-16_p0070_s27_b1_RAW,70,27,O que você está sentindo que te fez procurar o hospital?,Nariz escorrendo,13-02-2025_19-27-16,/srv/projects2/captarlibras_finep/dataset_captarlibras/raw-data/frontal-cam/13-02-2025_19-27-16_p0070_s27_b1_RAW--ZED-RGB_FRONT.avi,2025-02-13 19:27:16
13-02-2025_19-46-26_p0070_sP02_b1_RAW,70,P02,Quando começou?,Pergunta,13-02-2025_19-46-26,/srv/projects2/captarlibras_finep/dataset_captarlibras/raw-data/frontal-cam/13-02-2025_19-46-26_p0070_sP02_b1_RAW--ZED-RGB_FRONT.avi,2025-02-13 19:46:26
13-02-2025_19-49-07_p0070_sP03_b1_RAW,70,P03,Como começou? O que você estava fazendo?,Pergunta,13-02-2025_19-49-07,/srv/projects2/captarlibras_finep/dataset_captarlibras/raw-data/frontal-cam/13-02-2025_19-49-07_p0070_sP03_b1_RAW--ZED-RGB_FRONT.avi,2025-02-13 19:49:07
14-02-2025_18-13-46_p0073_sP08.2_b2_RAW,73,P08.2,Tem algum fator de melhora?,Pergunta,14-02-2025_18-13-46,/srv/projects2/captarlibras_finep/dataset_captarlibras/raw-data/frontal-cam/14-02-2025_18-13-46_p0073_sP08.2_b2_RAW--ZED-RGB_FRONT.avi,2025-02-14 18:13:46
15-02-2025_09-43-11_p0065_sP01_b1_RAW,65,P01,O que você está sentindo que te fez procurar o hospital?,Pergunta,15-02-2025_09-43-11,/srv/projects2/captarlibras_finep/dataset_captarlibras/raw-data/frontal-cam/15-02-2025_09-43-11_p0065_sP01_b1_RAW--ZED-RGB_FRONT.avi,2025-02-15 09:43:11
15-02-2025_10-10-02_p0065_s55_b1_RAW,65,55,O que você está sentindo que te fez procurar o hospital?,Sangramento pelo nariz,15-02-2025_10-10-02,/srv/projects2/captarlibras_finep/dataset_captarlibras/raw-data/frontal-cam/15-02-2025_10-10-02_p0065_s55_b1_RAW--ZED-RGB_FRONT.avi,2025-02-15 10:10:02
15-02-2025_10-15-32_p0065_s64_b1_RAW,65,64,O que você está sentindo que te fez procurar o hospital?,Iminência de trabalho de parto,15-02-2025_10-15-32,/srv/projects2/captarlibras_finep/dataset_captarlibras/raw-data/frontal-cam/15-02-2025_10-15-32_p0065_s64_b1_RAW--ZED-RGB_FRONT.avi,2025-02-15 10:15:32
15-02-2025_10-17-15_p0065_s67_b1_RAW,65,67,O que você está sentindo que te fez procurar o hospital?,Vômitos com sangue,15-02-2025_10-17-15,/srv/projects2/captarlibras_finep/dataset_captarlibras/raw-data/frontal-cam/15-02-2025_10-17-15_p0065_s67_b1_RAW--ZED-RGB_FRONT.avi,2025-02-15 10:17:15
15-02-2025_10-19-19_p0065_s70_b1_RAW,65,70,Quando começou?,Uma hora,15-02-2025_10-19-19,/srv/projects2/captarlibras_finep/dataset_captarlibras/raw-data/frontal-cam/15-02-2025_10-19-19_p0065_s70_b1_RAW--ZED-RGB_FRONT.avi,2025-02-15 10:19:19
15-02-2025_10-22-43_p0065_sP03_b1_RAW,65,P03,Como começou? O que você estava fazendo?,Pergunta,15-02-2025_10-22-43,/srv/projects2/captarlibras_finep/dataset_captarlibras/raw-data/frontal-cam/15-02-2025_10-22-43_p0065_sP03_b1_RAW--ZED-RGB_FRONT.avi,2025-02-15 10:22:43
15-02-2025_10-35-13_p0065_sP05_b2_RAW,65,P05,Por que você procurou atendimento nesse momento? Houve piora do quadro?,Pergunta,15-02-2025_10-35-13,/srv/projects2/captarlibras_finep/dataset_captarlibras/raw-data/frontal-cam/15-02-2025_10-35-13_p0065_sP05_b2_RAW--ZED-RGB_FRONT.avi,2025-02-15 10:35:13
15-02-2025_10-54-48_p0065_s117_b2_RAW,65,117,"Junto desse sintoma, você sente mais alguma coisa?",Sudorese,15-02-2025_10-54-48,/srv/projects2/captarlibras_finep/dataset_captarlibras/raw-data/frontal-cam/15-02-2025_10-54-48_p0065_s117_b2_RAW--ZED-RGB_FRONT.avi,2025-02-15 10:54:48
15-02-2025_11-13-11_p0065_s138_b2_RAW,65,138,Existe algum fator de piora?,Apertar,15-02-2025_11-13-11,/srv/projects2/captarlibras_finep/dataset_captarlibras/raw-data/frontal-cam/15-02-2025_11-13-11_p0065_s138_b2_RAW--ZED-RGB_FRONT.avi,2025-02-15 11:13:11
15-02-2025_11-16-13_p0065_sP08.2_b2_RAW,65,P08.2,Tem algum fator de melhora?,Pergunta,15-02-2025_11-16-13,/srv/projects2/captarlibras_finep/dataset_captarlibras/raw-data/frontal-cam/15-02-2025_11-16-13_p0065_sP08.2_b2_RAW--ZED-RGB_FRONT.avi,2025-02-15 11:16:13
15-02-2025_11-43-42_p0070_sP04_b2_RAW,70,P04,Qual é o tempo de duração?,Pergunta,15-02-2025_11-43-42,/srv/projects2/captarlibras_finep/dataset_captarlibras/raw-data/frontal-cam/15-02-2025_11-43-42_p0070_sP04_b2_RAW--ZED-RGB_FRONT.avi,2025-02-15 11:43:42
15-02-2025_12-04-08_p0070_s117_b2_RAW,70,117,"Junto desse sintoma, você sente mais alguma coisa?",Sudorese,15-02-2025_12-04-08,/srv/projects2/captarlibras_finep/dataset_captarlibras/raw-data/frontal-cam/15-02-2025_12-04-08_p0070_s117_b2_RAW--ZED-RGB_FRONT.avi,2025-02-15 12:04:08
15-02-2025_12-12-41_p0070_s131_b2_RAW,70,131,Existe algum fator de piora?,Período menstrual,15-02-2025_12-12-41,/srv/projects2/captarlibras_finep/dataset_captarlibras/raw-data/frontal-cam/15-02-2025_12-12-41_p0070_s131_b2_RAW--ZED-RGB_FRONT.avi,2025-02-15 12:12:41
15-02-2025_12-18-55_p0070_sP08.2_b2_RAW,70,P08.2,Tem algum fator de melhora?,Pergunta,15-02-2025_12-18-55,/srv/projects2/captarlibras_finep/dataset_captarlibras/raw-data/frontal-cam/15-02-2025_12-18-55_p0070_sP08.2_b2_RAW--ZED-RGB_FRONT.avi,2025-02-15 12:18:55
15-02-2025_12-19-45_p0070_s144_b2_RAW,70,144,Tem algum fator de melhora?,Colocar água fria,15-02-2025_12-19-45,/srv/projects2/captarlibras_finep/dataset_captarlibras/raw-data/frontal-cam/15-02-2025_12-19-45_p0070_s144_b2_RAW--ZED-RGB_FRONT.avi,2025-02-15 12:19:45
15-02-2025_12-20-07_p0070_s145_b2_RAW,70,145,Tem algum fator de melhora?,Colocar água quente,15-02-2025_12-20-07,/srv/projects2/captarlibras_finep/dataset_captarlibras/raw-data/frontal-cam/15-02-2025_12-20-07_p0070_s145_b2_RAW--ZED-RGB_FRONT.avi,2025-02-15 12:20:07
15-02-2025_12-20-39_p0070_s146_b2_RAW,70,146,Tem algum fator de melhora?,Usar medicamento,15-02-2025_12-20-39,/srv/projects2/captarlibras_finep/dataset_captarlibras/raw-data/frontal-cam/15-02-2025_12-20-39_p0070_s146_b2_RAW--ZED-RGB_FRONT.avi,2025-02-15 12:20:39
15-02-2025_12-21-00_p0070_s147_b2_RAW,70,147,Tem algum fator de melhora?,Ficar em jejum,15-02-2025_12-21-00,/srv/projects2/captarlibras_finep/dataset_captarlibras/raw-data/frontal-cam/15-02-2025_12-21-00_p0070_s147_b2_RAW--ZED-RGB_FRONT.avi,2025-02-15 12:21:00
17-02-2025_16-58-15_p0071_sP01_b1_RAW,71,P01,O que você está sentindo que te fez procurar o hospital?,Pergunta,17-02-2025_16-58-15,/srv/projects2/captarlibras_finep/dataset_captarlibras/raw-data/frontal-cam/17-02-2025_16-58-15_p0071_sP01_b1_RAW--ZED-RGB_FRONT.avi,2025-02-17 16:58:15
17-02-2025_17-13-33_p0071_s36_b1_RAW,71,36,O que você está sentindo que te fez procurar o hospital?,Excesso de suor,17-02-2025_17-13-33,/srv/projects2/captarlibras_finep/dataset_captarlibras/raw-data/frontal-cam/17-02-2025_17-13-33_p0071_s36_b1_RAW--ZED-RGB_FRONT.avi,2025-02-17 17:13:33
17-02-2025_17-24-36_p0071_s57_b1_RAW,71,57,O que você está sentindo que te fez procurar o hospital?,Tonteira,17-02-2025_17-24-36,/srv/projects2/captarlibras_finep/dataset_captarlibras/raw-data/frontal-cam/17-02-2025_17-24-36_p0071_s57_b1_RAW--ZED-RGB_FRONT.avi,2025-02-17 17:24:36
17-02-2025_17-36-19_p0071_s63_b1_RAW,71,63,O que você está sentindo que te fez procurar o hospital?,Lesão por arma de fogo,17-02-2025_17-36-19,/srv/projects2/captarlibras_finep/dataset_captarlibras/raw-data/frontal-cam/17-02-2025_17-36-19_p0071_s63_b1_RAW--ZED-RGB_FRONT.avi,2025-02-17 17:36:19
17-02-2025_18-04-25_p0071_sP18.4_b4_RAW,71,P18.4,"Tem sangue, muco ou pus?",Pergunta,17-02-2025_18-04-25,/srv/projects2/captarlibras_finep/dataset_captarlibras/raw-data/frontal-cam/17-02-2025_18-04-25_p0071_sP18.4_b4_RAW--ZED-RGB_FRONT.avi,2025-02-17 18:04:25
17-02-2025_18-05-13_p0071_sP18.5_b4_RAW,71,P18.5,Sente dor na barriga?,Pergunta,17-02-2025_18-05-13,/srv/projects2/captarlibras_finep/dataset_captarlibras/raw-data/frontal-cam/17-02-2025_18-05-13_p0071_sP18.5_b4_RAW--ZED-RGB_FRONT.avi,2025-02-17 18:05:13
17-02-2025_18-06-38_p0071_sP19.1_b4_RAW,71,P19.1,Você faz tratamento para alguma doença? Qual?,Pergunta,17-02-2025_18-06-38,/srv/projects2/captarlibras_finep/dataset_captarlibras/raw-data/frontal-cam/17-02-2025_18-06-38_p0071_sP19.1_b4_RAW--ZED-RGB_FRONT.avi,2025-02-17 18:06:38
17-02-2025_18-12-18_p0071_s234_b4_RAW,71,234,Você faz tratamento para alguma doença? Qual?,Tuberculose,17-02-2025_18-12-18,/srv/projects2/captarlibras_finep/dataset_captarlibras/raw-data/frontal-cam/17-02-2025_18-12-18_p0071_s234_b4_RAW--ZED-RGB_FRONT.avi,2025-02-17 18:12:18
17-02-2025_18-41-18_p0071_sP25.1_b4_RAW,71,P25.1,"Você fez alguma cirurgia? Se sim, qual?",Pergunta,17-02-2025_18-41-18,/srv/projects2/captarlibras_finep/dataset_captarlibras/raw-data/frontal-cam/17-02-2025_18-41-18_p0071_sP25.1_b4_RAW--ZED-RGB_FRONT.avi,2025-02-17 18:41:18
19-02-2025_10-12-39_p0074_sP09.5_b3_RAW,74,P09.5,Piora em repouso?,Pergunta,19-02-2025_10-12-39,/srv/projects2/captarlibras_finep/dataset_captarlibras/raw-data/frontal-cam/19-02-2025_10-12-39_p0074_sP09.5_b3_RAW--ZED-RGB_FRONT.avi,2025-02-19 10:12:39
19-02-2025_10-21-26_p0074_s165_b3_RAW,74,165,Piora em repouso?,Não piora em repouso,19-02-2025_10-21-26,/srv/projects2/captarlibras_finep/dataset_captarlibras/raw-data/frontal-cam/19-02-2025_10-21-26_p0074_s165_b3_RAW--ZED-RGB_FRONT.avi,2025-02-19 10:21:26
19-02-2025_10-32-04_p0074_sP10_b3_RAW,74,P10,"De 1 a 10, sendo 1 uma dor muito fraca e 10 uma dor insuportável, qual é a intensidade da dor?",Pergunta,19-02-2025_10-32-04,/srv/projects2/captarlibras_finep/dataset_captarlibras/raw-data/frontal-cam/19-02-2025_10-32-04_p0074_sP10_b3_RAW--ZED-RGB_FRONT.avi,2025-02-19 10:32:04
19-02-2025_10-33-36_p0074_s170.0_b3_RAW,74,170.0,"De 1 a 10, sendo 1 uma dor muito fraca e 10 uma dor insuportável, qual é a intensidade da dor?",Zero,19-02-2025_10-33-36,/srv/projects2/captarlibras_finep/dataset_captarlibras/raw-data/frontal-cam/19-02-2025_10-33-36_p0074_s170.0_b3_RAW--ZED-RGB_FRONT.avi,2025-02-19 10:33:36
19-02-2025_10-34-21_p0074_s170.2_b3_RAW,74,170.2,"De 1 a 10, sendo 1 uma dor muito fraca e 10 uma dor insuportável, qual é a intensidade da dor?",Dois,19-02-2025_10-34-21,/srv/projects2/captarlibras_finep/dataset_captarlibras/raw-data/frontal-cam/19-02-2025_10-34-21_p0074_s170.2_b3_RAW--ZED-RGB_FRONT.avi,2025-02-19 10:34:21
19-02-2025_10-39-24_p0074_s171_b3_RAW,74,171,Foi um episódio de dor ou mais episódios?,Foi uma vez,19-02-2025_10-39-24,/srv/projects2/captarlibras_finep/dataset_captarlibras/raw-data/frontal-cam/19-02-2025_10-39-24_p0074_s171_b3_RAW--ZED-RGB_FRONT.avi,2025-02-19 10:39:24
19-02-2025_10-39-54_p0074_s172_b3_RAW,74,172,Foi um episódio de dor ou mais episódios?,Foram vários episódios,19-02-2025_10-39-54,/srv/projects2/captarlibras_finep/dataset_captarlibras/raw-data/frontal-cam/19-02-2025_10-39-54_p0074_s172_b3_RAW--ZED-RGB_FRONT.avi,2025-02-19 10:39:54
19-02-2025_10-40-31_p0074_s173_b3_RAW,74,173,Foi um episódio de dor ou mais episódios?,Constante,19-02-2025_10-40-31,/srv/projects2/captarlibras_finep/dataset_captarlibras/raw-data/frontal-cam/19-02-2025_10-40-31_p0074_s173_b3_RAW--ZED-RGB_FRONT.avi,2025-02-19 10:40:31
19-02-2025_10-53-48_p0074_sP13.1_b3_RAW,74,P13.1,A dor piora quando aperta?,Pergunta,19-02-2025_10-53-48,/srv/projects2/captarlibras_finep/dataset_captarlibras/raw-data/frontal-cam/19-02-2025_10-53-48_p0074_sP13.1_b3_RAW--ZED-RGB_FRONT.avi,2025-02-19 10:53:48
19-02-2025_11-08-29_p0074_s208_b3_RAW,74,208,Trouxe cartão de vacina?,Não trouxe cartão de vacina,19-02-2025_11-08-29,/srv/projects2/captarlibras_finep/dataset_captarlibras/raw-data/frontal-cam/19-02-2025_11-08-29_p0074_s208_b3_RAW--ZED-RGB_FRONT.avi,2025-02-19 11:08:29
19-02-2025_11-08-56_p0074_sP20_b3_RAW,74,P20,Você trouxe algum relatório médico?,Pergunta,19-02-2025_11-08-56,/srv/projects2/captarlibras_finep/dataset_captarlibras/raw-data/frontal-cam/19-02-2025_11-08-56_p0074_sP20_b3_RAW--ZED-RGB_FRONT.avi,2025-02-19 11:08:56
19-02-2025_11-13-20_p0074_s242_b3_RAW,74,242,Está usando algum medicamento?,Uso medicamento,19-02-2025_11-13-20,/srv/projects2/captarlibras_finep/dataset_captarlibras/raw-data/frontal-cam/19-02-2025_11-13-20_p0074_s242_b3_RAW--ZED-RGB_FRONT.avi,2025-02-19 11:13:20
19-02-2025_15-36-48_p0072_sP18.2_b4_RAW,72,P18.2,Está com diarreia?,Pergunta,19-02-2025_15-36-48,/srv/projects2/captarlibras_finep/dataset_captarlibras/raw-data/frontal-cam/19-02-2025_15-36-48_p0072_sP18.2_b4_RAW--ZED-RGB_FRONT.avi,2025-02-19 15:36:48
19-02-2025_15-39-08_p0072_s212_b4_RAW,72,212,Como é a diarreia?,Líquida,19-02-2025_15-39-08,/srv/projects2/captarlibras_finep/dataset_captarlibras/raw-data/frontal-cam/19-02-2025_15-39-08_p0072_s212_b4_RAW--ZED-RGB_FRONT.avi,2025-02-19 15:39:08
19-02-2025_15-44-15_p0072_sP18.4_b4_RAW,72,P18.4,"Tem sangue, muco ou pus?",Pergunta,19-02-2025_15-44-15,/srv/projects2/captarlibras_finep/dataset_captarlibras/raw-data/frontal-cam/19-02-2025_15-44-15_p0072_sP18.4_b4_RAW--ZED-RGB_FRONT.avi,2025-02-19 15:44:15
19-02-2025_15-56-29_p0072_sP22.1_b4_RAW,72,P22.1,Você tem alguma alergia?,Pergunta,19-02-2025_15-56-29,/srv/projects2/captarlibras_finep/dataset_captarlibras/raw-data/frontal-cam/19-02-2025_15-56-29_p0072_sP22.1_b4_RAW--ZED-RGB_FRONT.avi,2025-02-19 15:56:29
19-02-2025_16-02-41_p0072_sP22.2_b4_RAW,72,P22.2,Tem alergia a algum medicamento?,Pergunta,19-02-2025_16-02-41,/srv/projects2/captarlibras_finep/dataset_captarlibras/raw-data/frontal-cam/19-02-2025_16-02-41_p0072_sP22.2_b4_RAW--ZED-RGB_FRONT.avi,2025-02-19 16:02:41
19-02-2025_16-27-22_p0072_sP01_b1_RAW,72,P01,O que você está sentindo que te fez procurar o hospital?,Pergunta,19-02-2025_16-27-22,/srv/projects2/captarlibras_finep/dataset_captarlibras/raw-data/frontal-cam/19-02-2025_16-27-22_p0072_sP01_b1_RAW--ZED-RGB_FRONT.avi,2025-02-19 16:27:22
19-02-2025_16-52-59_p0072_s58_b1_RAW,72,58,O que você está sentindo que te fez procurar o hospital?,Trauma físico,19-02-2025_16-52-59,/srv/projects2/captarlibras_finep/dataset_captarlibras/raw-data/frontal-cam/19-02-2025_16-52-59_p0072_s58_b1_RAW--ZED-RGB_FRONT.avi,2025-02-19 16:52:59
19-02-2025_16-58-23_p0072_s67_b1_RAW,72,67,O que você está sentindo que te fez procurar o hospital?,Vômitos com sangue,19-02-2025_16-58-23,/srv/projects2/captarlibras_finep/dataset_captarlibras/raw-data/frontal-cam/19-02-2025_16-58-23_p0072_s67_b1_RAW--ZED-RGB_FRONT.avi,2025-02-19 16:58:23
19-02-2025_16-58-51_p0072_sP02_b1_RAW,72,P02,Quando começou?,Pergunta,19-02-2025_16-58-51,/srv/projects2/captarlibras_finep/dataset_captarlibras/raw-data/frontal-cam/19-02-2025_16-58-51_p0072_sP02_b1_RAW--ZED-RGB_FRONT.avi,2025-02-19 16:58:51
19-02-2025_17-01-06_p0072_s71_b1_RAW,72,71,Quando começou?,Duas horas,19-02-2025_17-01-06,/srv/projects2/captarlibras_finep/dataset_captarlibras/raw-data/frontal-cam/19-02-2025_17-01-06_p0072_s71_b1_RAW--ZED-RGB_FRONT.avi,2025-02-19 17:01:06
19-02-2025_17-01-43_p0072_sP03_b1_RAW,72,P03,Como começou? O que você estava fazendo?,Pergunta,19-02-2025_17-01-43,/srv/projects2/captarlibras_finep/dataset_captarlibras/raw-data/frontal-cam/19-02-2025_17-01-43_p0072_sP03_b1_RAW--ZED-RGB_FRONT.avi,2025-02-19 17:01:43
20-02-2025_19-26-12_p0075_sP13.1_b3_RAW,75,P13.1,A dor piora quando aperta?,Pergunta,20-02-2025_19-26-12,/srv/projects2/captarlibras_finep/dataset_captarlibras/raw-data/frontal-cam/20-02-2025_19-26-12_p0075_sP13.1_b3_RAW--ZED-RGB_FRONT.avi,2025-02-20 19:26:12
20-02-2025_19-40-54_p0075_sP16_b3_RAW,75,P16,"Se não há espirro e tosse, sente ardor para urinar?",Pergunta,20-02-2025_19-40-54,/srv/projects2/captarlibras_finep/dataset_captarlibras/raw-data/frontal-cam/20-02-2025_19-40-54_p0075_sP16_b3_RAW--ZED-RGB_FRONT.avi,2025-02-20 19:40:54
20-02-2025_19-49-33_p0075_s242_b3_RAW,75,242,Está usando algum medicamento?,Uso medicamento,20-02-2025_19-49-33,/srv/projects2/captarlibras_finep/dataset_captarlibras/raw-data/frontal-cam/20-02-2025_19-49-33_p0075_s242_b3_RAW--ZED-RGB_FRONT.avi,2025-02-20 19:49:33
21-02-2025_17-03-30_p0068_sP18.2_b4_RAW,68,P18.2,Está com diarreia?,Pergunta,21-02-2025_17-03-30,/srv/projects2/captarlibras_finep/dataset_captarlibras/raw-data/frontal-cam/21-02-2025_17-03-30_p0068_sP18.2_b4_RAW--ZED-RGB_FRONT.avi,2025-02-21 17:03:30
21-02-2025_17-09-47_p0068_sP18.4_b4_RAW,68,P18.4,"Tem sangue, muco ou pus?",Pergunta,21-02-2025_17-09-47,/srv/projects2/captarlibras_finep/dataset_captarlibras/raw-data/frontal-cam/21-02-2025_17-09-47_p0068_sP18.4_b4_RAW--ZED-RGB_FRONT.avi,2025-02-21 17:09:47
21-02-2025_17-20-40_p0068_sP22.1_b4_RAW,68,P22.1,Você tem alguma alergia?,Pergunta,21-02-2025_17-20-40,/srv/projects2/captarlibras_finep/dataset_captarlibras/raw-data/frontal-cam/21-02-2025_17-20-40_p0068_sP22.1_b4_RAW--ZED-RGB_FRONT.avi,2025-02-21 17:20:40
21-02-2025_17-28-06_p0068_sP22.2_b4_RAW,68,P22.2,Tem alergia a algum medicamento?,Pergunta,21-02-2025_17-28-06,/srv/projects2/captarlibras_finep/dataset_captarlibras/raw-data/frontal-cam/21-02-2025_17-28-06_p0068_sP22.2_b4_RAW--ZED-RGB_FRONT.avi,2025-02-21 17:28:06
21-02-2025_17-37-20_p0068_sP24.1_b4_RAW,68,P24.1,Ingere bebida alcoólica?,Pergunta,21-02-2025_17-37-20,/srv/projects2/captarlibras_finep/dataset_captarlibras/raw-data/frontal-cam/21-02-2025_17-37-20_p0068_sP24.1_b4_RAW--ZED-RGB_FRONT.avi,2025-02-21 17:37:20
21-02-2025_17-49-19_p0068_sP25.1_b4_RAW,68,P25.1,"Você fez alguma cirurgia? Se sim, qual?",Pergunta,21-02-2025_17-49-19,/srv/projects2/captarlibras_finep/dataset_captarlibras/raw-data/frontal-cam/21-02-2025_17-49-19_p0068_sP25.1_b4_RAW--ZED-RGB_FRONT.avi,2025-02-21 17:49:19
21-02-2025_17-50-02_p0068_sP01_b1_RAW,68,P01,O que você está sentindo que te fez procurar o hospital?,Pergunta,21-02-2025_17-50-02,/srv/projects2/captarlibras_finep/dataset_captarlibras/raw-data/frontal-cam/21-02-2025_17-50-02_p0068_sP01_b1_RAW--ZED-RGB_FRONT.avi,2025-02-21 17:50:02
21-02-2025_18-19-31_p0068_s58_b1_RAW,68,58,O que você está sentindo que te fez procurar o hospital?,Trauma físico,21-02-2025_18-19-31,/srv/projects2/captarlibras_finep/dataset_captarlibras/raw-data/frontal-cam/21-02-2025_18-19-31_p0068_s58_b1_RAW--ZED-RGB_FRONT.avi,2025-02-21 18:19:31
21-02-2025_18-21-48_p0068_s63_b1_RAW,68,63,O que você está sentindo que te fez procurar o hospital?,Lesão por arma de fogo,21-02-2025_18-21-48,/srv/projects2/captarlibras_finep/dataset_captarlibras/raw-data/frontal-cam/21-02-2025_18-21-48_p0068_s63_b1_RAW--ZED-RGB_FRONT.avi,2025-02-21 18:21:48
25-02-2025_18-37-01_p0075_s103_b2_RAW,75,103,Onde é a dor?,Dor no joelho direito e esquerdo,25-02-2025_18-37-01,/srv/projects2/captarlibras_finep/dataset_captarlibras/raw-data/frontal-cam/25-02-2025_18-37-01_p0075_s103_b2_RAW--ZED-RGB_FRONT.avi,2025-02-25 18:37:01
26-02-2025_10-21-22_p0074_s131_b2_RAW,74,131,Existe algum fator de piora?,Período menstrual,26-02-2025_10-21-22,/srv/projects2/captarlibras_finep/dataset_captarlibras/raw-data/frontal-cam/26-02-2025_10-21-22_p0074_s131_b2_RAW--ZED-RGB_FRONT.avi,2025-02-26 10:21:22
26-02-2025_10-27-30_p0074_sP08.2_b2_RAW,74,P08.2,Tem algum fator de melhora?,Pergunta,26-02-2025_10-27-30,/srv/projects2/captarlibras_finep/dataset_captarlibras/raw-data/frontal-cam/26-02-2025_10-27-30_p0074_sP08.2_b2_RAW--ZED-RGB_FRONT.avi,2025-02-26 10:27:30
27-02-2025_14-27-16_p0073_sP13.1_b3_RAW,73,P13.1,A dor piora quando aperta?,Pergunta,27-02-2025_14-27-16,/srv/projects2/captarlibras_finep/dataset_captarlibras/raw-data/frontal-cam/27-02-2025_14-27-16_p0073_sP13.1_b3_RAW--ZED-RGB_FRONT.avi,2025-02-27 14:27:16
27-02-2025_14-32-58_p0073_sP16_b3_RAW,73,P16,"Se não há espirro e tosse, sente ardor para urinar?",Pergunta,27-02-2025_14-32-58,/srv/projects2/captarlibras_finep/dataset_captarlibras/raw-data/frontal-cam/27-02-2025_14-32-58_p0073_sP16_b3_RAW--ZED-RGB_FRONT.avi,2025-02-27 14:32:58
11-03-2025_15-05-00_p0073_sP18.3_b4_RAW,73,P18.3,Como é a diarreia?,Pergunta,11-03-2025_15-05-00,/srv/projects2/captarlibras_finep/dataset_captarlibras/raw-data/frontal-cam/11-03-2025_15-05-00_p0073_sP18.3_b4_RAW--ZED-RGB_FRONT.avi,2025-03-11 15:05:00
11-03-2025_15-08-29_p0073_sP18.4_b4_RAW,73,P18.4,"Tem sangue, muco ou pus?",Pergunta,11-03-2025_15-08-29,/srv/projects2/captarlibras_finep/dataset_captarlibras/raw-data/frontal-cam/11-03-2025_15-08-29_p0073_sP18.4_b4_RAW--ZED-RGB_FRONT.avi,2025-03-11 15:08:29
11-03-2025_15-29-11_p0073_sP24.3_b4_RAW,73,P24.3,Quantas bebidas?,Pergunta,11-03-2025_15-29-11,/srv/projects2/captarlibras_finep/dataset_captarlibras/raw-data/frontal-cam/11-03-2025_15-29-11_p0073_sP24.3_b4_RAW--ZED-RGB_FRONT.avi,2025-03-11 15:29:11
11-03-2025_15-35-11_p0073_sP25.1_b4_RAW,73,P25.1,"Você fez alguma cirurgia? Se sim, qual?",Pergunta,11-03-2025_15-35-11,/srv/projects2/captarlibras_finep/dataset_captarlibras/raw-data/frontal-cam/11-03-2025_15-35-11_p0073_sP25.1_b4_RAW--ZED-RGB_FRONT.avi,2025-03-11 15:35:11
11-03-2025_15-54-30_p0073_s36_b1_RAW,73,36,O que você está sentindo que te fez procurar o hospital?,Excesso de suor,11-03-2025_15-54-30,/srv/projects2/captarlibras_finep/dataset_captarlibras/raw-data/frontal-cam/11-03-2025_15-54-30_p0073_s36_b1_RAW--ZED-RGB_FRONT.avi,2025-03-11 15:54:30
11-03-2025_16-02-08_p0073_s58_b1_RAW,73,58,O que você está sentindo que te fez procurar o hospital?,Trauma físico,11-03-2025_16-02-08,/srv/projects2/captarlibras_finep/dataset_captarlibras/raw-data/frontal-cam/11-03-2025_16-02-08_p0073_s58_b1_RAW--ZED-RGB_FRONT.avi,2025-03-11 16:02:08
11-03-2025_16-06-02_p0073_s63_b1_RAW,73,63,O que você está sentindo que te fez procurar o hospital?,Lesão por arma de fogo,11-03-2025_16-06-02,/srv/projects2/captarlibras_finep/dataset_captarlibras/raw-data/frontal-cam/11-03-2025_16-06-02_p0073_s63_b1_RAW--ZED-RGB_FRONT.avi,2025-03-11 16:06:02
11-03-2025_17-51-09_p0075_sP18.2_b4_RAW,75,P18.2,Está com diarreia?,Pergunta,11-03-2025_17-51-09,/srv/projects2/captarlibras_finep/dataset_captarlibras/raw-data/frontal-cam/11-03-2025_17-51-09_p0075_sP18.2_b4_RAW--ZED-RGB_FRONT.avi,2025-03-11 17:51:09
11-03-2025_17-58-48_p0075_sP18.4_b4_RAW,75,P18.4,"Tem sangue, muco ou pus?",Pergunta,11-03-2025_17-58-48,/srv/projects2/captarlibras_finep/dataset_captarlibras/raw-data/frontal-cam/11-03-2025_17-58-48_p0075_sP18.4_b4_RAW--ZED-RGB_FRONT.avi,2025-03-11 17:58:48
11-03-2025_18-14-45_p0075_sP22.2_b4_RAW,75,P22.2,Tem alergia a algum medicamento?,Pergunta,11-03-2025_18-14-45,/srv/projects2/captarlibras_finep/dataset_captarlibras/raw-data/frontal-cam/11-03-2025_18-14-45_p0075_sP22.2_b4_RAW--ZED-RGB_FRONT.avi,2025-03-11 18:14:45
11-03-2025_18-16-14_p0075_s260_b4_RAW,75,260,Você fuma?,Não fumo,11-03-2025_18-16-14,/srv/projects2/captarlibras_finep/dataset_captarlibras/raw-data/frontal-cam/11-03-2025_18-16-14_p0075_s260_b4_RAW--ZED-RGB_FRONT.avi,2025-03-11 18:16:14
11-03-2025_18-36-09_p0075_sP25.1_b4_RAW,75,P25.1,"Você fez alguma cirurgia? Se sim, qual?",Pergunta,11-03-2025_18-36-09,/srv/projects2/captarlibras_finep/dataset_captarlibras/raw-data/frontal-cam/11-03-2025_18-36-09_p0075_sP25.1_b4_RAW--ZED-RGB_FRONT.avi,2025-03-11 18:36:09
11-03-2025_18-36-49_p0075_sP01_b1_RAW,75,P01,O que você está sentindo que te fez procurar o hospital?,Pergunta,11-03-2025_18-36-49,/srv/projects2/captarlibras_finep/dataset_captarlibras/raw-data/frontal-cam/11-03-2025_18-36-49_p0075_sP01_b1_RAW--ZED-RGB_FRONT.avi,2025-03-11 18:36:49
11-03-2025_18-40-20_p0075_s6_b1_RAW,75,6,O que você está sentindo que te fez procurar o hospital?,Dor no pescoço,11-03-2025_18-40-20,/srv/projects2/captarlibras_finep/dataset_captarlibras/raw-data/frontal-cam/11-03-2025_18-40-20_p0075_s6_b1_RAW--ZED-RGB_FRONT.avi,2025-03-11 18:40:20
11-03-2025_18-44-13_p0075_s20_b1_RAW,75,20,O que você está sentindo que te fez procurar o hospital?,Desmaio,11-03-2025_18-44-13,/srv/projects2/captarlibras_finep/dataset_captarlibras/raw-data/frontal-cam/11-03-2025_18-44-13_p0075_s20_b1_RAW--ZED-RGB_FRONT.avi,2025-03-11 18:44:13
11-03-2025_18-59-27_p0075_s58_b1_RAW,75,58,O que você está sentindo que te fez procurar o hospital?,Trauma físico,11-03-2025_18-59-27,/srv/projects2/captarlibras_finep/dataset_captarlibras/raw-data/frontal-cam/11-03-2025_18-59-27_p0075_s58_b1_RAW--ZED-RGB_FRONT.avi,2025-03-11 18:59:27
11-03-2025_19-02-55_p0075_sP02_b1_RAW,75,P02,Quando começou?,Pergunta,11-03-2025_19-02-55,/srv/projects2/captarlibras_finep/dataset_captarlibras/raw-data/frontal-cam/11-03-2025_19-02-55_p0075_sP02_b1_RAW--ZED-RGB_FRONT.avi,2025-03-11 19:02:55
11-03-2025_19-04-34_p0075_sP03_b1_RAW,75,P03,Como começou? O que você estava fazendo?,Pergunta,11-03-2025_19-04-34,/srv/projects2/captarlibras_finep/dataset_captarlibras/raw-data/frontal-cam/11-03-2025_19-04-34_p0075_sP03_b1_RAW--ZED-RGB_FRONT.avi,2025-03-11 19:04:34
12-03-2025_09-43-54_p0074_sP18.2_b4_RAW,74,P18.2,Está com diarreia?,Pergunta,12-03-2025_09-43-54,/srv/projects2/captarlibras_finep/dataset_captarlibras/raw-data/frontal-cam/12-03-2025_09-43-54_p0074_sP18.2_b4_RAW--ZED-RGB_FRONT.avi,2025-03-12 09:43:54
12-03-2025_10-07-27_p0074_sP18.4_b4_RAW,74,P18.4,"Tem sangue, muco ou pus?",Pergunta,12-03-2025_10-07-27,/srv/projects2/captarlibras_finep/dataset_captarlibras/raw-data/frontal-cam/12-03-2025_10-07-27_p0074_sP18.4_b4_RAW--ZED-RGB_FRONT.avi,2025-03-12 10:07:27
12-03-2025_10-18-58_p0074_s235_b4_RAW,74,235,Você faz tratamento para alguma doença? Qual?,Obesidade,12-03-2025_10-18-58,/srv/projects2/captarlibras_finep/dataset_captarlibras/raw-data/frontal-cam/12-03-2025_10-18-58_p0074_s235_b4_RAW--ZED-RGB_FRONT.avi,2025-03-12 10:18:58
12-03-2025_10-20-15_p0074_s237_b4_RAW,74,237,Você faz tratamento para alguma doença? Qual?,Insuficiência renal,12-03-2025_10-20-15,/srv/projects2/captarlibras_finep/dataset_captarlibras/raw-data/frontal-cam/12-03-2025_10-20-15_p0074_s237_b4_RAW--ZED-RGB_FRONT.avi,2025-03-12 10:20:15
12-03-2025_10-21-48_p0074_sP22.1_b4_RAW,74,P22.1,Você tem alguma alergia?,Pergunta,12-03-2025_10-21-48,/srv/projects2/captarlibras_finep/dataset_captarlibras/raw-data/frontal-cam/12-03-2025_10-21-48_p0074_sP22.1_b4_RAW--ZED-RGB_FRONT.avi,2025-03-12 10:21:48
12-03-2025_10-27-28_p0074_sP22.2_b4_RAW,74,P22.2,Tem alergia a algum medicamento?,Pergunta,12-03-2025_10-27-28,/srv/projects2/captarlibras_finep/dataset_captarlibras/raw-data/frontal-cam/12-03-2025_10-27-28_p0074_sP22.2_b4_RAW--ZED-RGB_FRONT.avi,2025-03-12 10:27:28
12-03-2025_10-30-47_p0074_sP24.1_b4_RAW,74,P24.1,Ingere bebida alcoólica?,Pergunta,12-03-2025_10-30-47,/srv/projects2/captarlibras_finep/dataset_captarlibras/raw-data/frontal-cam/12-03-2025_10-30-47_p0074_sP24.1_b4_RAW--ZED-RGB_FRONT.avi,2025-03-12 10:30:47
12-03-2025_10-35-48_p0074_s275_b4_RAW,74,275,Quantas bebidas?,Uma garrafa todo dia,12-03-2025_10-35-48,/srv/projects2/captarlibras_finep/dataset_captarlibras/raw-data/frontal-cam/12-03-2025_10-35-48_p0074_s275_b4_RAW--ZED-RGB_FRONT.avi,2025-03-12 10:35:48
12-03-2025_10-41-07_p0074_sP01_b1_RAW,74,P01,O que você está sentindo que te fez procurar o hospital?,Pergunta,12-03-2025_10-41-07,/srv/projects2/captarlibras_finep/dataset_captarlibras/raw-data/frontal-cam/12-03-2025_10-41-07_p0074_sP01_b1_RAW--ZED-RGB_FRONT.avi,2025-03-12 10:41:07
12-03-2025_10-54-51_p0074_s36_b1_RAW,74,36,O que você está sentindo que te fez procurar o hospital?,Excesso de suor,12-03-2025_10-54-51,/srv/projects2/captarlibras_finep/dataset_captarlibras/raw-data/frontal-cam/12-03-2025_10-54-51_p0074_s36_b1_RAW--ZED-RGB_FRONT.avi,2025-03-12 10:54:51
12-03-2025_10-58-12_p0074_sP01_b1_RAW,74,P01,O que você está sentindo que te fez procurar o hospital?,Pergunta,12-03-2025_10-58-12,/srv/projects2/captarlibras_finep/dataset_captarlibras/raw-data/frontal-cam/12-03-2025_10-58-12_p0074_sP01_b1_RAW--ZED-RGB_FRONT.avi,2025-03-12 10:58:12
12-03-2025_11-06-35_p0074_s58_b1_RAW,74,58,O que você está sentindo que te fez procurar o hospital?,Trauma físico,12-03-2025_11-06-35,/srv/projects2/captarlibras_finep/dataset_captarlibras/raw-data/frontal-cam/12-03-2025_11-06-35_p0074_s58_b1_RAW--ZED-RGB_FRONT.avi,2025-03-12 11:06:35
12-03-2025_11-08-46_p0074_s62_b1_RAW,74,62,O que você está sentindo que te fez procurar o hospital?,Lesão por arma branca,12-03-2025_11-08-46,/srv/projects2/captarlibras_finep/dataset_captarlibras/raw-data/frontal-cam/12-03-2025_11-08-46_p0074_s62_b1_RAW--ZED-RGB_FRONT.avi,2025-03-12 11:08:46
12-03-2025_11-09-06_p0074_s63_b1_RAW,74,63,O que você está sentindo que te fez procurar o hospital?,Lesão por arma de fogo,12-03-2025_11-09-06,/srv/projects2/captarlibras_finep/dataset_captarlibras/raw-data/frontal-cam/12-03-2025_11-09-06_p0074_s63_b1_RAW--ZED-RGB_FRONT.avi,2025-03-12 11:09:06
12-03-2025_11-10-53_p0074_sP02_b1_RAW,74,P02,Quando começou?,Pergunta,12-03-2025_11-10-53,/srv/projects2/captarlibras_finep/dataset_captarlibras/raw-data/frontal-cam/12-03-2025_11-10-53_p0074_sP02_b1_RAW--ZED-RGB_FRONT.avi,2025-03-12 11:10:53
13-03-2025_14-29-43_p0076_sP09.1_b3_RAW,76,P09.1,A dor no peito ou falta de ar piora ao fazer esforço físico?,Pergunta,13-03-2025_14-29-43,/srv/projects2/captarlibras_finep/dataset_captarlibras/raw-data/frontal-cam/13-03-2025_14-29-43_p0076_sP09.1_b3_RAW--ZED-RGB_FRONT.avi,2025-03-13 14:29:43
13-03-2025_14-30-21_p0076_sP09.2_b3_RAW,76,P09.2,Piora ao subir morro?,Pergunta,13-03-2025_14-30-21,/srv/projects2/captarlibras_finep/dataset_captarlibras/raw-data/frontal-cam/13-03-2025_14-30-21_p0076_sP09.2_b3_RAW--ZED-RGB_FRONT.avi,2025-03-13 14:30:21
13-03-2025_14-30-52_p0076_s158_b3_RAW,76,158,Piora ao subir morro?,Piora ao subir morro,13-03-2025_14-30-52,/srv/projects2/captarlibras_finep/dataset_captarlibras/raw-data/frontal-cam/13-03-2025_14-30-52_p0076_s158_b3_RAW--ZED-RGB_FRONT.avi,2025-03-13 14:30:52
13-03-2025_14-31-09_p0076_s159_b3_RAW,76,159,Piora ao subir morro?,Não piora ao subir morro,13-03-2025_14-31-09,/srv/projects2/captarlibras_finep/dataset_captarlibras/raw-data/frontal-cam/13-03-2025_14-31-09_p0076_s159_b3_RAW--ZED-RGB_FRONT.avi,2025-03-13 14:31:09
13-03-2025_14-31-27_p0076_sP09.3_b3_RAW,76,P09.3,Piora ao andar no plano?,Pergunta,13-03-2025_14-31-27,/srv/projects2/captarlibras_finep/dataset_captarlibras/raw-data/frontal-cam/13-03-2025_14-31-27_p0076_sP09.3_b3_RAW--ZED-RGB_FRONT.avi,2025-03-13 14:31:27
13-03-2025_14-31-44_p0076_s160_b3_RAW,76,160,Piora ao andar no plano?,Piora ao andar no plano,13-03-2025_14-31-44,/srv/projects2/captarlibras_finep/dataset_captarlibras/raw-data/frontal-cam/13-03-2025_14-31-44_p0076_s160_b3_RAW--ZED-RGB_FRONT.avi,2025-03-13 14:31:44
13-03-2025_14-32-05_p0076_s161_b3_RAW,76,161,Piora ao andar no plano?,Não piora ao andar no plano,13-03-2025_14-32-05,/srv/projects2/captarlibras_finep/dataset_captarlibras/raw-data/frontal-cam/13-03-2025_14-32-05_p0076_s161_b3_RAW--ZED-RGB_FRONT.avi,2025-03-13 14:32:05
13-03-2025_14-32-25_p0076_sP09.4_b3_RAW,76,P09.4,Piora ao tomar banho?,Pergunta,13-03-2025_14-32-25,/srv/projects2/captarlibras_finep/dataset_captarlibras/raw-data/frontal-cam/13-03-2025_14-32-25_p0076_sP09.4_b3_RAW--ZED-RGB_FRONT.avi,2025-03-13 14:32:25
13-03-2025_14-32-38_p0076_s162_b3_RAW,76,162,Piora ao tomar banho?,Piora ao tomar banho,13-03-2025_14-32-38,/srv/projects2/captarlibras_finep/dataset_captarlibras/raw-data/frontal-cam/13-03-2025_14-32-38_p0076_s162_b3_RAW--ZED-RGB_FRONT.avi,2025-03-13 14:32:38
13-03-2025_14-32-53_p0076_s163_b3_RAW,76,163,Piora ao tomar banho?,Não piora ao tomar banho,13-03-2025_14-32-53,/srv/projects2/captarlibras_finep/dataset_captarlibras/raw-data/frontal-cam/13-03-2025_14-32-53_p0076_s163_b3_RAW--ZED-RGB_FRONT.avi,2025-03-13 14:32:53
13-03-2025_14-33-11_p0076_sP09.5_b3_RAW,76,P09.5,Piora em repouso?,Pergunta,13-03-2025_14-33-11,/srv/projects2/captarlibras_finep/dataset_captarlibras/raw-data/frontal-cam/13-03-2025_14-33-11_p0076_sP09.5_b3_RAW--ZED-RGB_FRONT.avi,2025-03-13 14:33:11
13-03-2025_14-33-28_p0076_s164_b3_RAW,76,164,Piora em repouso?,Piora em repouso,13-03-2025_14-33-28,/srv/projects2/captarlibras_finep/dataset_captarlibras/raw-data/frontal-cam/13-03-2025_14-33-28_p0076_s164_b3_RAW--ZED-RGB_FRONT.avi,2025-03-13 14:33:28
13-03-2025_14-33-45_p0076_s165_b3_RAW,76,165,Piora em repouso?,Não piora em repouso,13-03-2025_14-33-45,/srv/projects2/captarlibras_finep/dataset_captarlibras/raw-data/frontal-cam/13-03-2025_14-33-45_p0076_s165_b3_RAW--ZED-RGB_FRONT.avi,2025-03-13 14:33:45
13-03-2025_14-34-03_p0076_sP09.6_b3_RAW,76,P09.6,Piora ao subir escada?,Pergunta,13-03-2025_14-34-03,/srv/projects2/captarlibras_finep/dataset_captarlibras/raw-data/frontal-cam/13-03-2025_14-34-03_p0076_sP09.6_b3_RAW--ZED-RGB_FRONT.avi,2025-03-13 14:34:03
13-03-2025_14-34-20_p0076_s166_b3_RAW,76,166,Piora ao subir escada?,Piora ao subir escada,13-03-2025_14-34-20,/srv/projects2/captarlibras_finep/dataset_captarlibras/raw-data/frontal-cam/13-03-2025_14-34-20_p0076_s166_b3_RAW--ZED-RGB_FRONT.avi,2025-03-13 14:34:20
13-03-2025_14-34-39_p0076_s167_b3_RAW,76,167,Piora ao subir escada?,Não piora ao subir escada,13-03-2025_14-34-39,/srv/projects2/captarlibras_finep/dataset_captarlibras/raw-data/frontal-cam/13-03-2025_14-34-39_p0076_s167_b3_RAW--ZED-RGB_FRONT.avi,2025-03-13 14:34:39
13-03-2025_14-35-12_p0076_sP09.7_b3_RAW,76,P09.7,A dor no peito ou falta de ar melhorou com algum medicamento?,Pergunta,13-03-2025_14-35-12,/srv/projects2/captarlibras_finep/dataset_captarlibras/raw-data/frontal-cam/13-03-2025_14-35-12_p0076_sP09.7_b3_RAW--ZED-RGB_FRONT.avi,2025-03-13 14:35:12
13-03-2025_14-35-52_p0076_s168_b3_RAW,76,168,A dor no peito ou falta de ar melhorou com algum medicamento?,Melhorou com medicamento,13-03-2025_14-35-52,/srv/projects2/captarlibras_finep/dataset_captarlibras/raw-data/frontal-cam/13-03-2025_14-35-52_p0076_s168_b3_RAW--ZED-RGB_FRONT.avi,2025-03-13 14:35:52
13-03-2025_14-36-03_p0076_s169_b3_RAW,76,169,A dor no peito ou falta de ar melhorou com algum medicamento?,Não melhorou com medicamento,13-03-2025_14-36-03,/srv/projects2/captarlibras_finep/dataset_captarlibras/raw-data/frontal-cam/13-03-2025_14-36-03_p0076_s169_b3_RAW--ZED-RGB_FRONT.avi,2025-03-13 14:36:03
13-03-2025_14-37-19_p0076_sP10_b3_RAW,76,P10,"De 1 a 10, sendo 1 uma dor muito fraca e 10 uma dor insuportável, qual é a intensidade da dor?",Pergunta,13-03-2025_14-37-19,/srv/projects2/captarlibras_finep/dataset_captarlibras/raw-data/frontal-cam/13-03-2025_14-37-19_p0076_sP10_b3_RAW--ZED-RGB_FRONT.avi,2025-03-13 14:37:19
13-03-2025_14-39-07_p0076_s170.0_b3_RAW,76,170.0,"De 1 a 10, sendo 1 uma dor muito fraca e 10 uma dor insuportável, qual é a intensidade da dor?",Zero,13-03-2025_14-39-07,/srv/projects2/captarlibras_finep/dataset_captarlibras/raw-data/frontal-cam/13-03-2025_14-39-07_p0076_s170.0_b3_RAW--ZED-RGB_FRONT.avi,2025-03-13 14:39:07
13-03-2025_14-39-18_p0076_s170.1_b3_RAW,76,170.1,"De 1 a 10, sendo 1 uma dor muito fraca e 10 uma dor insuportável, qual é a intensidade da dor?",Um,13-03-2025_14-39-18,/srv/projects2/captarlibras_finep/dataset_captarlibras/raw-data/frontal-cam/13-03-2025_14-39-18_p0076_s170.1_b3_RAW--ZED-RGB_FRONT.avi,2025-03-13 14:39:18
13-03-2025_14-39-28_p0076_s170.2_b3_RAW,76,170.2,"De 1 a 10, sendo 1 uma dor muito fraca e 10 uma dor insuportável, qual é a intensidade da dor?",Dois,13-03-2025_14-39-28,/srv/projects2/captarlibras_finep/dataset_captarlibras/raw-data/frontal-cam/13-03-2025_14-39-28_p0076_s170.2_b3_RAW--ZED-RGB_FRONT.avi,2025-03-13 14:39:28
13-03-2025_14-39-42_p0076_s170.3_b3_RAW,76,170.3,"De 1 a 10, sendo 1 uma dor muito fraca e 10 uma dor insuportável, qual é a intensidade da dor?",Três,13-03-2025_14-39-42,/srv/projects2/captarlibras_finep/dataset_captarlibras/raw-data/frontal-cam/13-03-2025_14-39-42_p0076_s170.3_b3_RAW--ZED-RGB_FRONT.avi,2025-03-13 14:39:42
13-03-2025_14-39-53_p0076_s170.4_b3_RAW,76,170.4,"De 1 a 10, sendo 1 uma dor muito fraca e 10 uma dor insuportável, qual é a intensidade da dor?",Quatro,13-03-2025_14-39-53,/srv/projects2/captarlibras_finep/dataset_captarlibras/raw-data/frontal-cam/13-03-2025_14-39-53_p0076_s170.4_b3_RAW--ZED-RGB_FRONT.avi,2025-03-13 14:39:53
13-03-2025_14-40-04_p0076_s170.5_b3_RAW,76,170.5,"De 1 a 10, sendo 1 uma dor muito fraca e 10 uma dor insuportável, qual é a intensidade da dor?",Cinco,13-03-2025_14-40-04,/srv/projects2/captarlibras_finep/dataset_captarlibras/raw-data/frontal-cam/13-03-2025_14-40-04_p0076_s170.5_b3_RAW--ZED-RGB_FRONT.avi,2025-03-13 14:40:04
13-03-2025_14-40-17_p0076_s170.6_b3_RAW,76,170.6,"De 1 a 10, sendo 1 uma dor muito fraca e 10 uma dor insuportável, qual é a intensidade da dor?",Seis,13-03-2025_14-40-17,/srv/projects2/captarlibras_finep/dataset_captarlibras/raw-data/frontal-cam/13-03-2025_14-40-17_p0076_s170.6_b3_RAW--ZED-RGB_FRONT.avi,2025-03-13 14:40:17
13-03-2025_14-40-26_p0076_s170.7_b3_RAW,76,170.7,"De 1 a 10, sendo 1 uma dor muito fraca e 10 uma dor insuportável, qual é a intensidade da dor?",Sete,13-03-2025_14-40-26,/srv/projects2/captarlibras_finep/dataset_captarlibras/raw-data/frontal-cam/13-03-2025_14-40-26_p0076_s170.7_b3_RAW--ZED-RGB_FRONT.avi,2025-03-13 14:40:26
13-03-2025_14-40-40_p0076_s170.8_b3_RAW,76,170.8,"De 1 a 10, sendo 1 uma dor muito fraca e 10 uma dor insuportável, qual é a intensidade da dor?",Oito,13-03-2025_14-40-40,/srv/projects2/captarlibras_finep/dataset_captarlibras/raw-data/frontal-cam/13-03-2025_14-40-40_p0076_s170.8_b3_RAW--ZED-RGB_FRONT.avi,2025-03-13 14:40:40
13-03-2025_14-40-50_p0076_s170.9_b3_RAW,76,170.9,"De 1 a 10, sendo 1 uma dor muito fraca e 10 uma dor insuportável, qual é a intensidade da dor?",Nove,13-03-2025_14-40-50,/srv/projects2/captarlibras_finep/dataset_captarlibras/raw-data/frontal-cam/13-03-2025_14-40-50_p0076_s170.9_b3_RAW--ZED-RGB_FRONT.avi,2025-03-13 14:40:50
13-03-2025_14-41-00_p0076_s170.10_b3_RAW,76,170.10,"De 1 a 10, sendo 1 uma dor muito fraca e 10 uma dor insuportável, qual é a intensidade da dor?",Dez,13-03-2025_14-41-00,/srv/projects2/captarlibras_finep/dataset_captarlibras/raw-data/frontal-cam/13-03-2025_14-41-00_p0076_s170.10_b3_RAW--ZED-RGB_FRONT.avi,2025-03-13 14:41:00
13-03-2025_14-41-29_p0076_sP11.1_b3_RAW,76,P11.1,Foi um episódio de dor ou mais episódios?,Pergunta,13-03-2025_14-41-29,/srv/projects2/captarlibras_finep/dataset_captarlibras/raw-data/frontal-cam/13-03-2025_14-41-29_p0076_sP11.1_b3_RAW--ZED-RGB_FRONT.avi,2025-03-13 14:41:29
13-03-2025_14-42-05_p0076_s171_b3_RAW,76,171,Foi um episódio de dor ou mais episódios?,Foi uma vez,13-03-2025_14-42-05,/srv/projects2/captarlibras_finep/dataset_captarlibras/raw-data/frontal-cam/13-03-2025_14-42-05_p0076_s171_b3_RAW--ZED-RGB_FRONT.avi,2025-03-13 14:42:05
13-03-2025_14-42-18_p0076_s172_b3_RAW,76,172,Foi um episódio de dor ou mais episódios?,Foram vários episódios,13-03-2025_14-42-18,/srv/projects2/captarlibras_finep/dataset_captarlibras/raw-data/frontal-cam/13-03-2025_14-42-18_p0076_s172_b3_RAW--ZED-RGB_FRONT.avi,2025-03-13 14:42:18
13-03-2025_14-42-29_p0076_s173_b3_RAW,76,173,Foi um episódio de dor ou mais episódios?,Constante,13-03-2025_14-42-29,/srv/projects2/captarlibras_finep/dataset_captarlibras/raw-data/frontal-cam/13-03-2025_14-42-29_p0076_s173_b3_RAW--ZED-RGB_FRONT.avi,2025-03-13 14:42:29
13-03-2025_14-42-46_p0076_sP11.2_b3_RAW,76,P11.2,Qual a frequência da dor?,Pergunta,13-03-2025_14-42-46,/srv/projects2/captarlibras_finep/dataset_captarlibras/raw-data/frontal-cam/13-03-2025_14-42-46_p0076_sP11.2_b3_RAW--ZED-RGB_FRONT.avi,2025-03-13 14:42:46
13-03-2025_14-43-05_p0076_s174_b3_RAW,76,174,Qual a frequência da dor?,Três vezes ao dia,13-03-2025_14-43-05,/srv/projects2/captarlibras_finep/dataset_captarlibras/raw-data/frontal-cam/13-03-2025_14-43-05_p0076_s174_b3_RAW--ZED-RGB_FRONT.avi,2025-03-13 14:43:05
13-03-2025_14-43-25_p0076_sP11.3_b3_RAW,76,P11.3,Quando foi o primeiro episódio?,Pergunta,13-03-2025_14-43-25,/srv/projects2/captarlibras_finep/dataset_captarlibras/raw-data/frontal-cam/13-03-2025_14-43-25_p0076_sP11.3_b3_RAW--ZED-RGB_FRONT.avi,2025-03-13 14:43:25
13-03-2025_14-43-42_p0076_s175_b3_RAW,76,175,Quando foi o primeiro episódio?,Duas semanas,13-03-2025_14-43-42,/srv/projects2/captarlibras_finep/dataset_captarlibras/raw-data/frontal-cam/13-03-2025_14-43-42_p0076_s175_b3_RAW--ZED-RGB_FRONT.avi,2025-03-13 14:43:42
13-03-2025_14-43-57_p0076_s176_b3_RAW,76,176,Quando foi o primeiro episódio?,Três meses,13-03-2025_14-43-57,/srv/projects2/captarlibras_finep/dataset_captarlibras/raw-data/frontal-cam/13-03-2025_14-43-57_p0076_s176_b3_RAW--ZED-RGB_FRONT.avi,2025-03-13 14:43:57
13-03-2025_14-44-08_p0076_s177_b3_RAW,76,177,Quando foi o primeiro episódio?,Um ano,13-03-2025_14-44-08,/srv/projects2/captarlibras_finep/dataset_captarlibras/raw-data/frontal-cam/13-03-2025_14-44-08_p0076_s177_b3_RAW--ZED-RGB_FRONT.avi,2025-03-13 14:44:08
13-03-2025_14-44-18_p0076_s178_b3_RAW,76,178,Quando foi o primeiro episódio?,Cinco anos,13-03-2025_14-44-18,/srv/projects2/captarlibras_finep/dataset_captarlibras/raw-data/frontal-cam/13-03-2025_14-44-18_p0076_s178_b3_RAW--ZED-RGB_FRONT.avi,2025-03-13 14:44:18
13-03-2025_14-45-33_p0076_sP11.4_b3_RAW,76,P11.4,"Como foi a evolução da dor ao longo do tempo, aumentou ou diminuiu de intensidade?",Pergunta,13-03-2025_14-45-33,/srv/projects2/captarlibras_finep/dataset_captarlibras/raw-data/frontal-cam/13-03-2025_14-45-33_p0076_sP11.4_b3_RAW--ZED-RGB_FRONT.avi,2025-03-13 14:45:33
13-03-2025_14-47-26_p0076_sP11.5_b3_RAW,76,P11.5,Houve aumento da duração da dor?,Pergunta,13-03-2025_14-47-26,/srv/projects2/captarlibras_finep/dataset_captarlibras/raw-data/frontal-cam/13-03-2025_14-47-26_p0076_sP11.5_b3_RAW--ZED-RGB_FRONT.avi,2025-03-13 14:47:26
13-03-2025_14-47-49_p0076_sP12_b3_RAW,76,P12,A dor tem uma localização fixa ou se espalha para algum lugar?,Pergunta,13-03-2025_14-47-49,/srv/projects2/captarlibras_finep/dataset_captarlibras/raw-data/frontal-cam/13-03-2025_14-47-49_p0076_sP12_b3_RAW--ZED-RGB_FRONT.avi,2025-03-13 14:47:49
13-03-2025_14-48-38_p0076_s179_b3_RAW,76,179,A dor tem uma localização fixa ou se espalha para algum lugar?,A dor é fixa,13-03-2025_14-48-38,/srv/projects2/captarlibras_finep/dataset_captarlibras/raw-data/frontal-cam/13-03-2025_14-48-38_p0076_s179_b3_RAW--ZED-RGB_FRONT.avi,2025-03-13 14:48:38
13-03-2025_14-50-44_p0076_s180_b3_RAW,76,180,A dor tem uma localização fixa ou se espalha para algum lugar?,A dor irradia para a nuca,13-03-2025_14-50-44,/srv/projects2/captarlibras_finep/dataset_captarlibras/raw-data/frontal-cam/13-03-2025_14-50-44_p0076_s180_b3_RAW--ZED-RGB_FRONT.avi,2025-03-13 14:50:44
13-03-2025_14-51-04_p0076_s181_b3_RAW,76,181,A dor tem uma localização fixa ou se espalha para algum lugar?,A dor irradia para o pescoço,13-03-2025_14-51-04,/srv/projects2/captarlibras_finep/dataset_captarlibras/raw-data/frontal-cam/13-03-2025_14-51-04_p0076_s181_b3_RAW--ZED-RGB_FRONT.avi,2025-03-13 14:51:04
13-03-2025_14-51-36_p0076_s182_b3_RAW,76,182,A dor tem uma localização fixa ou se espalha para algum lugar?,A dor irradia para a mandíbula,13-03-2025_14-51-36,/srv/projects2/captarlibras_finep/dataset_captarlibras/raw-data/frontal-cam/13-03-2025_14-51-36_p0076_s182_b3_RAW--ZED-RGB_FRONT.avi,2025-03-13 14:51:36
13-03-2025_14-51-51_p0076_s183_b3_RAW,76,183,A dor tem uma localização fixa ou se espalha para algum lugar?,A dor irradia para o ombro,13-03-2025_14-51-51,/srv/projects2/captarlibras_finep/dataset_captarlibras/raw-data/frontal-cam/13-03-2025_14-51-51_p0076_s183_b3_RAW--ZED-RGB_FRONT.avi,2025-03-13 14:51:51
13-03-2025_14-52-14_p0076_s184_b3_RAW,76,184,A dor tem uma localização fixa ou se espalha para algum lugar?,A dor irradia para o braço,13-03-2025_14-52-14,/srv/projects2/captarlibras_finep/dataset_captarlibras/raw-data/frontal-cam/13-03-2025_14-52-14_p0076_s184_b3_RAW--ZED-RGB_FRONT.avi,2025-03-13 14:52:14
13-03-2025_14-52-45_p0076_s185_b3_RAW,76,185,A dor tem uma localização fixa ou se espalha para algum lugar?,A dor irradia para a barriga,13-03-2025_14-52-45,/srv/projects2/captarlibras_finep/dataset_captarlibras/raw-data/frontal-cam/13-03-2025_14-52-45_p0076_s185_b3_RAW--ZED-RGB_FRONT.avi,2025-03-13 14:52:45
13-03-2025_14-52-59_p0076_s186_b3_RAW,76,186,A dor tem uma localização fixa ou se espalha para algum lugar?,A dor irradia para as costas,13-03-2025_14-52-59,/srv/projects2/captarlibras_finep/dataset_captarlibras/raw-data/frontal-cam/13-03-2025_14-52-59_p0076_s186_b3_RAW--ZED-RGB_FRONT.avi,2025-03-13 14:52:59
13-03-2025_14-53-16_p0076_s187_b3_RAW,76,187,A dor tem uma localização fixa ou se espalha para algum lugar?,A dor irradia para a virilha,13-03-2025_14-53-16,/srv/projects2/captarlibras_finep/dataset_captarlibras/raw-data/frontal-cam/13-03-2025_14-53-16_p0076_s187_b3_RAW--ZED-RGB_FRONT.avi,2025-03-13 14:53:16
13-03-2025_14-53-49_p0076_s188_b3_RAW,76,188,A dor tem uma localização fixa ou se espalha para algum lugar?,A dor irradia para a coxa,13-03-2025_14-53-49,/srv/projects2/captarlibras_finep/dataset_captarlibras/raw-data/frontal-cam/13-03-2025_14-53-49_p0076_s188_b3_RAW--ZED-RGB_FRONT.avi,2025-03-13 14:53:49
13-03-2025_14-54-42_p0076_s189_b3_RAW,76,189,A dor tem uma localização fixa ou se espalha para algum lugar?,A dor irradia para a perna,13-03-2025_14-54-42,/srv/projects2/captarlibras_finep/dataset_captarlibras/raw-data/frontal-cam/13-03-2025_14-54-42_p0076_s189_b3_RAW--ZED-RGB_FRONT.avi,2025-03-13 14:54:42
13-03-2025_14-55-01_p0076_sP13.1_b3_RAW,76,P13.1,A dor piora quando aperta?,Pergunta,13-03-2025_14-55-01,/srv/projects2/captarlibras_finep/dataset_captarlibras/raw-data/frontal-cam/13-03-2025_14-55-01_p0076_sP13.1_b3_RAW--ZED-RGB_FRONT.avi,2025-03-13 14:55:01
13-03-2025_14-55-21_p0076_s190_b3_RAW,76,190,A dor piora quando aperta?,Piora quando aperta,13-03-2025_14-55-21,/srv/projects2/captarlibras_finep/dataset_captarlibras/raw-data/frontal-cam/13-03-2025_14-55-21_p0076_s190_b3_RAW--ZED-RGB_FRONT.avi,2025-03-13 14:55:21
13-03-2025_14-55-45_p0076_s191_b3_RAW,76,191,A dor piora quando aperta?,Não piora quando aperta,13-03-2025_14-55-45,/srv/projects2/captarlibras_finep/dataset_captarlibras/raw-data/frontal-cam/13-03-2025_14-55-45_p0076_s191_b3_RAW--ZED-RGB_FRONT.avi,2025-03-13 14:55:45
13-03-2025_14-56-07_p0076_sP13.2_b3_RAW,76,P13.2,A dor piora quando muda a posição do corpo?,Pergunta,13-03-2025_14-56-07,/srv/projects2/captarlibras_finep/dataset_captarlibras/raw-data/frontal-cam/13-03-2025_14-56-07_p0076_sP13.2_b3_RAW--ZED-RGB_FRONT.avi,2025-03-13 14:56:07
13-03-2025_14-56-51_p0076_s192_b3_RAW,76,192,A dor piora quando muda a posição do corpo?,Piora quando muda a posição do corpo,13-03-2025_14-56-51,/srv/projects2/captarlibras_finep/dataset_captarlibras/raw-data/frontal-cam/13-03-2025_14-56-51_p0076_s192_b3_RAW--ZED-RGB_FRONT.avi,2025-03-13 14:56:51
13-03-2025_14-57-16_p0076_s193_b3_RAW,76,193,A dor piora quando muda a posição do corpo?,Não piora quando muda a posição do corpo,13-03-2025_14-57-16,/srv/projects2/captarlibras_finep/dataset_captarlibras/raw-data/frontal-cam/13-03-2025_14-57-16_p0076_s193_b3_RAW--ZED-RGB_FRONT.avi,2025-03-13 14:57:16
13-03-2025_14-57-32_p0076_sP14_b3_RAW,76,P14,"Tem dor, febre, calafrios, espirro ou secreção nasal?",Pergunta,13-03-2025_14-57-32,/srv/projects2/captarlibras_finep/dataset_captarlibras/raw-data/frontal-cam/13-03-2025_14-57-32_p0076_sP14_b3_RAW--ZED-RGB_FRONT.avi,2025-03-13 14:57:32
13-03-2025_14-58-11_p0076_sP15.1_b3_RAW,76,P15.1,Tem tosse?,Pergunta,13-03-2025_14-58-11,/srv/projects2/captarlibras_finep/dataset_captarlibras/raw-data/frontal-cam/13-03-2025_14-58-11_p0076_sP15.1_b3_RAW--ZED-RGB_FRONT.avi,2025-03-13 14:58:11
13-03-2025_14-58-27_p0076_sP15.2_b3_RAW,76,P15.2,Como é a tosse?,Pergunta,13-03-2025_14-58-27,/srv/projects2/captarlibras_finep/dataset_captarlibras/raw-data/frontal-cam/13-03-2025_14-58-27_p0076_sP15.2_b3_RAW--ZED-RGB_FRONT.avi,2025-03-13 14:58:27
13-03-2025_14-58-48_p0076_s194_b3_RAW,76,194,Como é a tosse?,Tosse seca,13-03-2025_14-58-48,/srv/projects2/captarlibras_finep/dataset_captarlibras/raw-data/frontal-cam/13-03-2025_14-58-48_p0076_s194_b3_RAW--ZED-RGB_FRONT.avi,2025-03-13 14:58:48
13-03-2025_14-59-07_p0076_sP15.3_b3_RAW,76,P15.3,Tosse é com ou sem catarro?,Pergunta,13-03-2025_14-59-07,/srv/projects2/captarlibras_finep/dataset_captarlibras/raw-data/frontal-cam/13-03-2025_14-59-07_p0076_sP15.3_b3_RAW--ZED-RGB_FRONT.avi,2025-03-13 14:59:07
13-03-2025_14-59-20_p0076_s195_b3_RAW,76,195,Tosse é com ou sem catarro?,Tosse sem catarro,13-03-2025_14-59-20,/srv/projects2/captarlibras_finep/dataset_captarlibras/raw-data/frontal-cam/13-03-2025_14-59-20_p0076_s195_b3_RAW--ZED-RGB_FRONT.avi,2025-03-13 14:59:20
13-03-2025_14-59-49_p0076_s196_b3_RAW,76,196,Tosse é com ou sem catarro?,Tosse com catarro,13-03-2025_14-59-49,/srv/projects2/captarlibras_finep/dataset_captarlibras/raw-data/frontal-cam/13-03-2025_14-59-49_p0076_s196_b3_RAW--ZED-RGB_FRONT.avi,2025-03-13 14:59:49
13-03-2025_15-00-07_p0076_sP15.4_b3_RAW,76,P15.4,Qual cor é o catarro?,Pergunta,13-03-2025_15-00-07,/srv/projects2/captarlibras_finep/dataset_captarlibras/raw-data/frontal-cam/13-03-2025_15-00-07_p0076_sP15.4_b3_RAW--ZED-RGB_FRONT.avi,2025-03-13 15:00:07
13-03-2025_15-00-31_p0076_s197_b3_RAW,76,197,Qual cor é o catarro?,Catarro transparente,13-03-2025_15-00-31,/srv/projects2/captarlibras_finep/dataset_captarlibras/raw-data/frontal-cam/13-03-2025_15-00-31_p0076_s197_b3_RAW--ZED-RGB_FRONT.avi,2025-03-13 15:00:31
13-03-2025_15-00-43_p0076_s198_b3_RAW,76,198,Qual cor é o catarro?,Catarro branco,13-03-2025_15-00-43,/srv/projects2/captarlibras_finep/dataset_captarlibras/raw-data/frontal-cam/13-03-2025_15-00-43_p0076_s198_b3_RAW--ZED-RGB_FRONT.avi,2025-03-13 15:00:43
13-03-2025_15-01-14_p0076_s199_b3_RAW,76,199,Qual cor é o catarro?,Catarro amarelado,13-03-2025_15-01-14,/srv/projects2/captarlibras_finep/dataset_captarlibras/raw-data/frontal-cam/13-03-2025_15-01-14_p0076_s199_b3_RAW--ZED-RGB_FRONT.avi,2025-03-13 15:01:14
13-03-2025_15-01-26_p0076_s200_b3_RAW,76,200,Qual cor é o catarro?,Catarro esverdeado,13-03-2025_15-01-26,/srv/projects2/captarlibras_finep/dataset_captarlibras/raw-data/frontal-cam/13-03-2025_15-01-26_p0076_s200_b3_RAW--ZED-RGB_FRONT.avi,2025-03-13 15:01:26
13-03-2025_15-01-39_p0076_s201_b3_RAW,76,201,Qual cor é o catarro?,Catarro vermelho,13-03-2025_15-01-39,/srv/projects2/captarlibras_finep/dataset_captarlibras/raw-data/frontal-cam/13-03-2025_15-01-39_p0076_s201_b3_RAW--ZED-RGB_FRONT.avi,2025-03-13 15:01:39
13-03-2025_15-01-57_p0076_s202_b3_RAW,76,202,Qual cor é o catarro?,Catarro com raias de sangue,13-03-2025_15-01-57,/srv/projects2/captarlibras_finep/dataset_captarlibras/raw-data/frontal-cam/13-03-2025_15-01-57_p0076_s202_b3_RAW--ZED-RGB_FRONT.avi,2025-03-13 15:01:57
13-03-2025_15-02-16_p0076_sP16_b3_RAW,76,P16,"Se não há espirro e tosse, sente ardor para urinar?",Pergunta,13-03-2025_15-02-16,/srv/projects2/captarlibras_finep/dataset_captarlibras/raw-data/frontal-cam/13-03-2025_15-02-16_p0076_sP16_b3_RAW--ZED-RGB_FRONT.avi,2025-03-13 15:02:16
13-03-2025_15-02-34_p0076_sP17.1_b3_RAW,76,P17.1,Você vacinou para covid-19?,Pergunta,13-03-2025_15-02-34,/srv/projects2/captarlibras_finep/dataset_captarlibras/raw-data/frontal-cam/13-03-2025_15-02-34_p0076_sP17.1_b3_RAW--ZED-RGB_FRONT.avi,2025-03-13 15:02:34
13-03-2025_15-02-47_p0076_s203_b3_RAW,76,203,Você vacinou para covid-19?,Não vacinei pra covid-19,13-03-2025_15-02-47,/srv/projects2/captarlibras_finep/dataset_captarlibras/raw-data/frontal-cam/13-03-2025_15-02-47_p0076_s203_b3_RAW--ZED-RGB_FRONT.avi,2025-03-13 15:02:47
13-03-2025_15-03-32_p0076_sP17.2_b3_RAW,76,P17.2,Quantas doses?,Pergunta,13-03-2025_15-03-32,/srv/projects2/captarlibras_finep/dataset_captarlibras/raw-data/frontal-cam/13-03-2025_15-03-32_p0076_sP17.2_b3_RAW--ZED-RGB_FRONT.avi,2025-03-13 15:03:32
13-03-2025_15-03-48_p0076_s204_b3_RAW,76,204,Quantas doses?,Duas doses,13-03-2025_15-03-48,/srv/projects2/captarlibras_finep/dataset_captarlibras/raw-data/frontal-cam/13-03-2025_15-03-48_p0076_s204_b3_RAW--ZED-RGB_FRONT.avi,2025-03-13 15:03:48
13-03-2025_15-03-59_p0076_s205_b3_RAW,76,205,Quantas doses?,Três doses,13-03-2025_15-03-59,/srv/projects2/captarlibras_finep/dataset_captarlibras/raw-data/frontal-cam/13-03-2025_15-03-59_p0076_s205_b3_RAW--ZED-RGB_FRONT.avi,2025-03-13 15:03:59
13-03-2025_15-04-29_p0076_s206_b3_RAW,76,206,Quantas doses?,Quatro doses,13-03-2025_15-04-29,/srv/projects2/captarlibras_finep/dataset_captarlibras/raw-data/frontal-cam/13-03-2025_15-04-29_p0076_s206_b3_RAW--ZED-RGB_FRONT.avi,2025-03-13 15:04:29
13-03-2025_15-04-42_p0076_sP17.3_b3_RAW,76,P17.3,Você vacinou para gripe?,Pergunta,13-03-2025_15-04-42,/srv/projects2/captarlibras_finep/dataset_captarlibras/raw-data/frontal-cam/13-03-2025_15-04-42_p0076_sP17.3_b3_RAW--ZED-RGB_FRONT.avi,2025-03-13 15:04:42
13-03-2025_15-04-56_p0076_s207_b3_RAW,76,207,Você vacinou para gripe?,Não vacinei pra gripe,13-03-2025_15-04-56,/srv/projects2/captarlibras_finep/dataset_captarlibras/raw-data/frontal-cam/13-03-2025_15-04-56_p0076_s207_b3_RAW--ZED-RGB_FRONT.avi,2025-03-13 15:04:56
13-03-2025_15-06-08_p0076_sP17.4_b3_RAW,76,P17.4,Trouxe cartão de vacina?,Pergunta,13-03-2025_15-06-08,/srv/projects2/captarlibras_finep/dataset_captarlibras/raw-data/frontal-cam/13-03-2025_15-06-08_p0076_sP17.4_b3_RAW--ZED-RGB_FRONT.avi,2025-03-13 15:06:08
13-03-2025_15-06-23_p0076_s208_b3_RAW,76,208,Trouxe cartão de vacina?,Não trouxe cartão de vacina,13-03-2025_15-06-23,/srv/projects2/captarlibras_finep/dataset_captarlibras/raw-data/frontal-cam/13-03-2025_15-06-23_p0076_s208_b3_RAW--ZED-RGB_FRONT.avi,2025-03-13 15:06:23
13-03-2025_15-06-39_p0076_sP20_b3_RAW,76,P20,Você trouxe algum relatório médico?,Pergunta,13-03-2025_15-06-39,/srv/projects2/captarlibras_finep/dataset_captarlibras/raw-data/frontal-cam/13-03-2025_15-06-39_p0076_sP20_b3_RAW--ZED-RGB_FRONT.avi,2025-03-13 15:06:39
13-03-2025_15-06-56_p0076_sP21.1_b3_RAW,76,P21.1,Você trouxe receita médica?,Pergunta,13-03-2025_15-06-56,/srv/projects2/captarlibras_finep/dataset_captarlibras/raw-data/frontal-cam/13-03-2025_15-06-56_p0076_sP21.1_b3_RAW--ZED-RGB_FRONT.avi,2025-03-13 15:06:56
13-03-2025_15-07-59_p0076_s241_b3_RAW,76,241,Você trouxe receita médica?,Trouxe receita médica,13-03-2025_15-07-59,/srv/projects2/captarlibras_finep/dataset_captarlibras/raw-data/frontal-cam/13-03-2025_15-07-59_p0076_s241_b3_RAW--ZED-RGB_FRONT.avi,2025-03-13 15:07:59
13-03-2025_15-08-12_p0076_s243_b3_RAW,76,243,Você trouxe receita médica?,Não trouxe receita médica,13-03-2025_15-08-12,/srv/projects2/captarlibras_finep/dataset_captarlibras/raw-data/frontal-cam/13-03-2025_15-08-12_p0076_s243_b3_RAW--ZED-RGB_FRONT.avi,2025-03-13 15:08:12
13-03-2025_15-08-36_p0076_sP21.2_b3_RAW,76,P21.2,Está usando algum medicamento?,Pergunta,13-03-2025_15-08-36,/srv/projects2/captarlibras_finep/dataset_captarlibras/raw-data/frontal-cam/13-03-2025_15-08-36_p0076_sP21.2_b3_RAW--ZED-RGB_FRONT.avi,2025-03-13 15:08:36
13-03-2025_15-08-52_p0076_s242_b3_RAW,76,242,Está usando algum medicamento?,Uso medicamento,13-03-2025_15-08-52,/srv/projects2/captarlibras_finep/dataset_captarlibras/raw-data/frontal-cam/13-03-2025_15-08-52_p0076_s242_b3_RAW--ZED-RGB_FRONT.avi,2025-03-13 15:08:52
13-03-2025_15-09-04_p0076_s244_b3_RAW,76,244,Está usando algum medicamento?,Não uso medicamento,13-03-2025_15-09-04,/srv/projects2/captarlibras_finep/dataset_captarlibras/raw-data/frontal-cam/13-03-2025_15-09-04_p0076_s244_b3_RAW--ZED-RGB_FRONT.avi,2025-03-13 15:09:04
14-03-2025_16-12-12_p0077_sP18.2_b4_RAW,77,P18.2,Está com diarreia?,Pergunta,14-03-2025_16-12-12,/srv/projects2/captarlibras_finep/dataset_captarlibras/raw-data/frontal-cam/14-03-2025_16-12-12_p0077_sP18.2_b4_RAW--ZED-RGB_FRONT.avi,2025-03-14 16:12:12
14-03-2025_16-21-44_p0077_sP18.4_b4_RAW,77,P18.4,"Tem sangue, muco ou pus?",Pergunta,14-03-2025_16-21-44,/srv/projects2/captarlibras_finep/dataset_captarlibras/raw-data/frontal-cam/14-03-2025_16-21-44_p0077_sP18.4_b4_RAW--ZED-RGB_FRONT.avi,2025-03-14 16:21:44
14-03-2025_16-31-37_p0077_sP22.1_b4_RAW,77,P22.1,Você tem alguma alergia?,Pergunta,14-03-2025_16-31-37,/srv/projects2/captarlibras_finep/dataset_captarlibras/raw-data/frontal-cam/14-03-2025_16-31-37_p0077_sP22.1_b4_RAW--ZED-RGB_FRONT.avi,2025-03-14 16:31:37
14-03-2025_16-37-55_p0077_sP22.2_b4_RAW,77,P22.2,Tem alergia a algum medicamento?,Pergunta,14-03-2025_16-37-55,/srv/projects2/captarlibras_finep/dataset_captarlibras/raw-data/frontal-cam/14-03-2025_16-37-55_p0077_sP22.2_b4_RAW--ZED-RGB_FRONT.avi,2025-03-14 16:37:55
14-03-2025_16-48-05_p0077_s269_b4_RAW,77,269,Quais bebidas?,Cachaça,14-03-2025_16-48-05,/srv/projects2/captarlibras_finep/dataset_captarlibras/raw-data/frontal-cam/14-03-2025_16-48-05_p0077_s269_b4_RAW--ZED-RGB_FRONT.avi,2025-03-14 16:48:05
14-03-2025_17-10-53_p0077_sP01_b1_RAW,77,P01,O que você está sentindo que te fez procurar o hospital?,Pergunta,14-03-2025_17-10-53,/srv/projects2/captarlibras_finep/dataset_captarlibras/raw-data/frontal-cam/14-03-2025_17-10-53_p0077_sP01_b1_RAW--ZED-RGB_FRONT.avi,2025-03-14 17:10:53
14-03-2025_17-19-19_p0077_s26_b1_RAW,77,26,O que você está sentindo que te fez procurar o hospital?,Tosse,14-03-2025_17-19-19,/srv/projects2/captarlibras_finep/dataset_captarlibras/raw-data/frontal-cam/14-03-2025_17-19-19_p0077_s26_b1_RAW--ZED-RGB_FRONT.avi,2025-03-14 17:19:19
14-03-2025_17-25-28_p0077_s45_b1_RAW,77,45,O que você está sentindo que te fez procurar o hospital?,Problemas nos olhos,14-03-2025_17-25-28,/srv/projects2/captarlibras_finep/dataset_captarlibras/raw-data/frontal-cam/14-03-2025_17-25-28_p0077_s45_b1_RAW--ZED-RGB_FRONT.avi,2025-03-14 17:25:28
14-03-2025_17-30-14_p0077_s58_b1_RAW,77,58,O que você está sentindo que te fez procurar o hospital?,Trauma físico,14-03-2025_17-30-14,/srv/projects2/captarlibras_finep/dataset_captarlibras/raw-data/frontal-cam/14-03-2025_17-30-14_p0077_s58_b1_RAW--ZED-RGB_FRONT.avi,2025-03-14 17:30:14
14-03-2025_17-34-00_p0077_s67_b1_RAW,77,67,O que você está sentindo que te fez procurar o hospital?,Vômitos com sangue,14-03-2025_17-34-00,/srv/projects2/captarlibras_finep/dataset_captarlibras/raw-data/frontal-cam/14-03-2025_17-34-00_p0077_s67_b1_RAW--ZED-RGB_FRONT.avi,2025-03-14 17:34:00
20-03-2025_14-29-45_p0076_s91_b2_RAW,76,91,Onde é a dor?,Dor dos dois lados da cabeça,20-03-2025_14-29-45,/srv/projects2/captarlibras_finep/dataset_captarlibras/raw-data/frontal-cam/20-03-2025_14-29-45_p0076_s91_b2_RAW--ZED-RGB_FRONT.avi,2025-03-20 14:29:45
20-03-2025_14-32-47_p0076_s100_b2_RAW,76,100,Onde é a dor?,Dor na virilha,20-03-2025_14-32-47,/srv/projects2/captarlibras_finep/dataset_captarlibras/raw-data/frontal-cam/20-03-2025_14-32-47_p0076_s100_b2_RAW--ZED-RGB_FRONT.avi,2025-03-20 14:32:47
20-03-2025_14-37-08_p0076_s111_b2_RAW,76,111,Como é a dor? ,Dor em peso,20-03-2025_14-37-08,/srv/projects2/captarlibras_finep/dataset_captarlibras/raw-data/frontal-cam/20-03-2025_14-37-08_p0076_s111_b2_RAW--ZED-RGB_FRONT.avi,2025-03-20 14:37:08
20-03-2025_15-48-11_p0078_sP04_b2_RAW,78,P04,Qual é o tempo de duração?,Pergunta,20-03-2025_15-48-11,/srv/projects2/captarlibras_finep/dataset_captarlibras/raw-data/frontal-cam/20-03-2025_15-48-11_p0078_sP04_b2_RAW--ZED-RGB_FRONT.avi,2025-03-20 15:48:11
20-03-2025_16-16-00_p0078_s138_b2_RAW,78,138,Existe algum fator de piora?,Apertar,20-03-2025_16-16-00,/srv/projects2/captarlibras_finep/dataset_captarlibras/raw-data/frontal-cam/20-03-2025_16-16-00_p0078_s138_b2_RAW--ZED-RGB_FRONT.avi,2025-03-20 16:16:00
20-03-2025_16-19-06_p0078_sP08.2_b2_RAW,78,P08.2,Tem algum fator de melhora?,Pergunta,20-03-2025_16-19-06,/srv/projects2/captarlibras_finep/dataset_captarlibras/raw-data/frontal-cam/20-03-2025_16-19-06_p0078_sP08.2_b2_RAW--ZED-RGB_FRONT.avi,2025-03-20 16:19:06
20-03-2025_16-28-13_p0078_s148.18_b2_RAW,78,148.18,Alfabeto completo,R,20-03-2025_16-28-13,/srv/projects2/captarlibras_finep/dataset_captarlibras/raw-data/frontal-cam/20-03-2025_16-28-13_p0078_s148.18_b2_RAW--ZED-RGB_FRONT.avi,2025-03-20 16:28:13
20-03-2025_16-31-01_p0078_s149_b2_RAW,78,149,Comandos simples,Devagar,20-03-2025_16-31-01,/srv/projects2/captarlibras_finep/dataset_captarlibras/raw-data/frontal-cam/20-03-2025_16-31-01_p0078_s149_b2_RAW--ZED-RGB_FRONT.avi,2025-03-20 16:31:01
24-03-2025_16-48-59_p0076_s219_b4_RAW,76,219,Como é a diarreia?,Com resto de comida,24-03-2025_16-48-59,/srv/projects2/captarlibras_finep/dataset_captarlibras/raw-data/frontal-cam/24-03-2025_16-48-59_p0076_s219_b4_RAW--ZED-RGB_FRONT.avi,2025-03-24 16:48:59
24-03-2025_16-55-42_p0076_sP18.4_b4_RAW,76,P18.4,"Tem sangue, muco ou pus?",Pergunta,24-03-2025_16-55-42,/srv/projects2/captarlibras_finep/dataset_captarlibras/raw-data/frontal-cam/24-03-2025_16-55-42_p0076_sP18.4_b4_RAW--ZED-RGB_FRONT.avi,2025-03-24 16:55:42
24-03-2025_16-56-30_p0076_sP18.5_b4_RAW,76,P18.5,Sente dor na barriga?,Pergunta,24-03-2025_16-56-30,/srv/projects2/captarlibras_finep/dataset_captarlibras/raw-data/frontal-cam/24-03-2025_16-56-30_p0076_sP18.5_b4_RAW--ZED-RGB_FRONT.avi,2025-03-24 16:56:30
24-03-2025_16-57-08_p0076_sP19.1_b4_RAW,76,P19.1,Você faz tratamento para alguma doença? Qual?,Pergunta,24-03-2025_16-57-08,/srv/projects2/captarlibras_finep/dataset_captarlibras/raw-data/frontal-cam/24-03-2025_16-57-08_p0076_sP19.1_b4_RAW--ZED-RGB_FRONT.avi,2025-03-24 16:57:08
24-03-2025_17-00-56_p0076_s232_b4_RAW,76,232,Você faz tratamento para alguma doença? Qual?,Ansiedade,24-03-2025_17-00-56,/srv/projects2/captarlibras_finep/dataset_captarlibras/raw-data/frontal-cam/24-03-2025_17-00-56_p0076_s232_b4_RAW--ZED-RGB_FRONT.avi,2025-03-24 17:00:56
24-03-2025_17-05-35_p0076_s248_b4_RAW,76,248,Você tem alguma alergia?,Tenho alergia a cachorro,24-03-2025_17-05-35,/srv/projects2/captarlibras_finep/dataset_captarlibras/raw-data/frontal-cam/24-03-2025_17-05-35_p0076_s248_b4_RAW--ZED-RGB_FRONT.avi,2025-03-24 17:05:35
24-03-2025_17-08-55_p0076_s252_b4_RAW,76,252,Você tem alguma alergia?,Tenho alergia a leite,24-03-2025_17-08-55,/srv/projects2/captarlibras_finep/dataset_captarlibras/raw-data/frontal-cam/24-03-2025_17-08-55_p0076_s252_b4_RAW--ZED-RGB_FRONT.avi,2025-03-24 17:08:55
24-03-2025_17-09-49_p0076_s254_b4_RAW,76,254,Você tem alguma alergia?,Tenho alergia a frutos do mar,24-03-2025_17-09-49,/srv/projects2/captarlibras_finep/dataset_captarlibras/raw-data/frontal-cam/24-03-2025_17-09-49_p0076_s254_b4_RAW--ZED-RGB_FRONT.avi,2025-03-24 17:09:49
24-03-2025_17-12-27_p0076_sP22.2_b4_RAW,76,P22.2,Tem alergia a algum medicamento?,Pergunta,24-03-2025_17-12-27,/srv/projects2/captarlibras_finep/dataset_captarlibras/raw-data/frontal-cam/24-03-2025_17-12-27_p0076_sP22.2_b4_RAW--ZED-RGB_FRONT.avi,2025-03-24 17:12:27
24-03-2025_17-16-37_p0076_sP24.1_b4_RAW,76,P24.1,Ingere bebida alcoólica?,Pergunta,24-03-2025_17-16-37,/srv/projects2/captarlibras_finep/dataset_captarlibras/raw-data/frontal-cam/24-03-2025_17-16-37_p0076_sP24.1_b4_RAW--ZED-RGB_FRONT.avi,2025-03-24 17:16:37
24-03-2025_17-19-19_p0076_sP24.3_b4_RAW,76,P24.3,Quantas bebidas?,Pergunta,24-03-2025_17-19-19,/srv/projects2/captarlibras_finep/dataset_captarlibras/raw-data/frontal-cam/24-03-2025_17-19-19_p0076_sP24.3_b4_RAW--ZED-RGB_FRONT.avi,2025-03-24 17:19:19
24-03-2025_17-23-36_p0076_s280_b4_RAW,76,280,Quantas bebidas?,Uma taça de vinho uma vez na semana,24-03-2025_17-23-36,/srv/projects2/captarlibras_finep/dataset_captarlibras/raw-data/frontal-cam/24-03-2025_17-23-36_p0076_s280_b4_RAW--ZED-RGB_FRONT.avi,2025-03-24 17:23:36
24-03-2025_17-27-31_p0076_sP25.1_b4_RAW,76,P25.1,"Você fez alguma cirurgia? Se sim, qual?",Pergunta,24-03-2025_17-27-31,/srv/projects2/captarlibras_finep/dataset_captarlibras/raw-data/frontal-cam/24-03-2025_17-27-31_p0076_sP25.1_b4_RAW--ZED-RGB_FRONT.avi,2025-03-24 17:27:31
24-03-2025_17-28-28_p0076_sP01_b1_RAW,76,P01,O que você está sentindo que te fez procurar o hospital?,Pergunta,24-03-2025_17-28-28,/srv/projects2/captarlibras_finep/dataset_captarlibras/raw-data/frontal-cam/24-03-2025_17-28-28_p0076_sP01_b1_RAW--ZED-RGB_FRONT.avi,2025-03-24 17:28:28
24-03-2025_17-44-59_p0076_s63_b1_RAW,76,63,O que você está sentindo que te fez procurar o hospital?,Lesão por arma de fogo,24-03-2025_17-44-59,/srv/projects2/captarlibras_finep/dataset_captarlibras/raw-data/frontal-cam/24-03-2025_17-44-59_p0076_s63_b1_RAW--ZED-RGB_FRONT.avi,2025-03-24 17:44:59
24-03-2025_17-46-26_p0076_sP02_b1_RAW,76,P02,Quando começou?,Pergunta,24-03-2025_17-46-26,/srv/projects2/captarlibras_finep/dataset_captarlibras/raw-data/frontal-cam/24-03-2025_17-46-26_p0076_sP02_b1_RAW--ZED-RGB_FRONT.avi,2025-03-24 17:46:26
25-03-2025_18-37-28_p0079_sP13.1_b3_RAW,79,P13.1,A dor piora quando aperta?,Pergunta,25-03-2025_18-37-28,/srv/projects2/captarlibras_finep/dataset_captarlibras/raw-data/frontal-cam/25-03-2025_18-37-28_p0079_sP13.1_b3_RAW--ZED-RGB_FRONT.avi,2025-03-25 18:37:28
25-03-2025_18-49-50_p0079_sP16_b3_RAW,79,P16,"Se não há espirro e tosse, sente ardor para urinar?",Pergunta,25-03-2025_18-49-50,/srv/projects2/captarlibras_finep/dataset_captarlibras/raw-data/frontal-cam/25-03-2025_18-49-50_p0079_sP16_b3_RAW--ZED-RGB_FRONT.avi,2025-03-25 18:49:50
25-03-2025_18-51-24_p0079_s206_b3_RAW,79,206,Quantas doses?,Quatro doses,25-03-2025_18-51-24,/srv/projects2/captarlibras_finep/dataset_captarlibras/raw-data/frontal-cam/25-03-2025_18-51-24_p0079_s206_b3_RAW--ZED-RGB_FRONT.avi,2025-03-25 18:51:24
25-03-2025_18-52-51_p0079_sP20_b3_RAW,79,P20,Você trouxe algum relatório médico?,Pergunta,25-03-2025_18-52-51,/srv/projects2/captarlibras_finep/dataset_captarlibras/raw-data/frontal-cam/25-03-2025_18-52-51_p0079_sP20_b3_RAW--ZED-RGB_FRONT.avi,2025-03-25 18:52:51
25-03-2025_18-53-08_p0079_sP21.1_b3_RAW,79,P21.1,Você trouxe receita médica?,Pergunta,25-03-2025_18-53-08,/srv/projects2/captarlibras_finep/dataset_captarlibras/raw-data/frontal-cam/25-03-2025_18-53-08_p0079_sP21.1_b3_RAW--ZED-RGB_FRONT.avi,2025-03-25 18:53:08
27-03-2025_14-07-18_p0080_sP10_b3_RAW,80,P10,"De 1 a 10, sendo 1 uma dor muito fraca e 10 uma dor insuportável, qual é a intensidade da dor?",Pergunta,27-03-2025_14-07-18,/srv/projects2/captarlibras_finep/dataset_captarlibras/raw-data/frontal-cam/27-03-2025_14-07-18_p0080_sP10_b3_RAW--ZED-RGB_FRONT.avi,2025-03-27 14:07:18
27-03-2025_14-28-38_p0080_sP16_b3_RAW,80,P16,"Se não há espirro e tosse, sente ardor para urinar?",Pergunta,27-03-2025_14-28-38,/srv/projects2/captarlibras_finep/dataset_captarlibras/raw-data/frontal-cam/27-03-2025_14-28-38_p0080_sP16_b3_RAW--ZED-RGB_FRONT.avi,2025-03-27 14:28:38
27-03-2025_15-07-11_p0078_sP09.7_b3_RAW,78,P09.7,A dor no peito ou falta de ar melhorou com algum medicamento?,Pergunta,27-03-2025_15-07-11,/srv/projects2/captarlibras_finep/dataset_captarlibras/raw-data/frontal-cam/27-03-2025_15-07-11_p0078_sP09.7_b3_RAW--ZED-RGB_FRONT.avi,2025-03-27 15:07:11
27-03-2025_15-08-34_p0078_sP10_b3_RAW,78,P10,"De 1 a 10, sendo 1 uma dor muito fraca e 10 uma dor insuportável, qual é a intensidade da dor?",Pergunta,27-03-2025_15-08-34,/srv/projects2/captarlibras_finep/dataset_captarlibras/raw-data/frontal-cam/27-03-2025_15-08-34_p0078_sP10_b3_RAW--ZED-RGB_FRONT.avi,2025-03-27 15:08:34
27-03-2025_15-09-23_p0078_sP10_b3_RAW,78,P10,"De 1 a 10, sendo 1 uma dor muito fraca e 10 uma dor insuportável, qual é a intensidade da dor?",Pergunta,27-03-2025_15-09-23,/srv/projects2/captarlibras_finep/dataset_captarlibras/raw-data/frontal-cam/27-03-2025_15-09-23_p0078_sP10_b3_RAW--ZED-RGB_FRONT.avi,2025-03-27 15:09:23
27-03-2025_15-18-29_p0078_sP12_b3_RAW,78,P12,A dor tem uma localização fixa ou se espalha para algum lugar?,Pergunta,27-03-2025_15-18-29,/srv/projects2/captarlibras_finep/dataset_captarlibras/raw-data/frontal-cam/27-03-2025_15-18-29_p0078_sP12_b3_RAW--ZED-RGB_FRONT.avi,2025-03-27 15:18:29
27-03-2025_15-24-50_p0078_sP13.1_b3_RAW,78,P13.1,A dor piora quando aperta?,Pergunta,27-03-2025_15-24-50,/srv/projects2/captarlibras_finep/dataset_captarlibras/raw-data/frontal-cam/27-03-2025_15-24-50_p0078_sP13.1_b3_RAW--ZED-RGB_FRONT.avi,2025-03-27 15:24:50
27-03-2025_15-30-12_p0078_sP15.3_b3_RAW,78,P15.3,Tosse é com ou sem catarro?,Pergunta,27-03-2025_15-30-12,/srv/projects2/captarlibras_finep/dataset_captarlibras/raw-data/frontal-cam/27-03-2025_15-30-12_p0078_sP15.3_b3_RAW--ZED-RGB_FRONT.avi,2025-03-27 15:30:12
27-03-2025_15-30-26_p0078_s195_b3_RAW,78,195,Tosse é com ou sem catarro?,Tosse sem catarro,27-03-2025_15-30-26,/srv/projects2/captarlibras_finep/dataset_captarlibras/raw-data/frontal-cam/27-03-2025_15-30-26_p0078_s195_b3_RAW--ZED-RGB_FRONT.avi,2025-03-27 15:30:26
27-03-2025_15-35-03_p0078_sP16_b3_RAW,78,P16,"Se não há espirro e tosse, sente ardor para urinar?",Pergunta,27-03-2025_15-35-03,/srv/projects2/captarlibras_finep/dataset_captarlibras/raw-data/frontal-cam/27-03-2025_15-35-03_p0078_sP16_b3_RAW--ZED-RGB_FRONT.avi,2025-03-27 15:35:03
27-03-2025_15-39-46_p0078_sP20_b3_RAW,78,P20,Você trouxe algum relatório médico?,Pergunta,27-03-2025_15-39-46,/srv/projects2/captarlibras_finep/dataset_captarlibras/raw-data/frontal-cam/27-03-2025_15-39-46_p0078_sP20_b3_RAW--ZED-RGB_FRONT.avi,2025-03-27 15:39:46
27-03-2025_15-40-05_p0078_sP21.1_b3_RAW,78,P21.1,Você trouxe receita médica?,Pergunta,27-03-2025_15-40-05,/srv/projects2/captarlibras_finep/dataset_captarlibras/raw-data/frontal-cam/27-03-2025_15-40-05_p0078_sP21.1_b3_RAW--ZED-RGB_FRONT.avi,2025-03-27 15:40:05
27-03-2025_15-41-14_p0078_s242_b3_RAW,78,242,Está usando algum medicamento?,Uso medicamento,27-03-2025_15-41-14,/srv/projects2/captarlibras_finep/dataset_captarlibras/raw-data/frontal-cam/27-03-2025_15-41-14_p0078_s242_b3_RAW--ZED-RGB_FRONT.avi,2025-03-27 15:41:14
28-03-2025_15-20-12_p0081_sP04_b2_RAW,81,P04,Qual é o tempo de duração?,Pergunta,28-03-2025_15-20-12,/srv/projects2/captarlibras_finep/dataset_captarlibras/raw-data/frontal-cam/28-03-2025_15-20-12_p0081_sP04_b2_RAW--ZED-RGB_FRONT.avi,2025-03-28 15:20:12
28-03-2025_15-22-03_p0081_sP04_b2_RAW,81,P04,Qual é o tempo de duração?,Pergunta,28-03-2025_15-22-03,/srv/projects2/captarlibras_finep/dataset_captarlibras/raw-data/frontal-cam/28-03-2025_15-22-03_p0081_sP04_b2_RAW--ZED-RGB_FRONT.avi,2025-03-28 15:22:03
28-03-2025_15-32-36_p0081_s104_b2_RAW,81,104,Onde é a dor?,Dor na perna direita e esquerda,28-03-2025_15-32-36,/srv/projects2/captarlibras_finep/dataset_captarlibras/raw-data/frontal-cam/28-03-2025_15-32-36_p0081_s104_b2_RAW--ZED-RGB_FRONT.avi,2025-03-28 15:32:36
28-03-2025_15-41-40_p0081_s118_b2_RAW,81,118,"Junto desse sintoma, você sente mais alguma coisa?",Lacrimejamento,28-03-2025_15-41-40,/srv/projects2/captarlibras_finep/dataset_captarlibras/raw-data/frontal-cam/28-03-2025_15-41-40_p0081_s118_b2_RAW--ZED-RGB_FRONT.avi,2025-03-28 15:41:40
28-03-2025_15-50-55_p0081_sP08.2_b2_RAW,81,P08.2,Tem algum fator de melhora?,Pergunta,28-03-2025_15-50-55,/srv/projects2/captarlibras_finep/dataset_captarlibras/raw-data/frontal-cam/28-03-2025_15-50-55_p0081_sP08.2_b2_RAW--ZED-RGB_FRONT.avi,2025-03-28 15:50:55
29-03-2025_11-29-32_p0082_sP09.1_b3_RAW,82,P09.1,A dor no peito ou falta de ar piora ao fazer esforço físico?,Pergunta,29-03-2025_11-29-32,/srv/projects2/captarlibras_finep/dataset_captarlibras/raw-data/frontal-cam/29-03-2025_11-29-32_p0082_sP09.1_b3_RAW--ZED-RGB_FRONT.avi,2025-03-29 11:29:32
29-03-2025_11-31-07_p0082_sP09.2_b3_RAW,82,P09.2,Piora ao subir morro?,Pergunta,29-03-2025_11-31-07,/srv/projects2/captarlibras_finep/dataset_captarlibras/raw-data/frontal-cam/29-03-2025_11-31-07_p0082_sP09.2_b3_RAW--ZED-RGB_FRONT.avi,2025-03-29 11:31:07
29-03-2025_11-31-30_p0082_s158_b3_RAW,82,158,Piora ao subir morro?,Piora ao subir morro,29-03-2025_11-31-30,/srv/projects2/captarlibras_finep/dataset_captarlibras/raw-data/frontal-cam/29-03-2025_11-31-30_p0082_s158_b3_RAW--ZED-RGB_FRONT.avi,2025-03-29 11:31:30
29-03-2025_11-31-49_p0082_s159_b3_RAW,82,159,Piora ao subir morro?,Não piora ao subir morro,29-03-2025_11-31-49,/srv/projects2/captarlibras_finep/dataset_captarlibras/raw-data/frontal-cam/29-03-2025_11-31-49_p0082_s159_b3_RAW--ZED-RGB_FRONT.avi,2025-03-29 11:31:49
29-03-2025_11-32-10_p0082_sP09.3_b3_RAW,82,P09.3,Piora ao andar no plano?,Pergunta,29-03-2025_11-32-10,/srv/projects2/captarlibras_finep/dataset_captarlibras/raw-data/frontal-cam/29-03-2025_11-32-10_p0082_sP09.3_b3_RAW--ZED-RGB_FRONT.avi,2025-03-29 11:32:10
29-03-2025_11-32-50_p0082_s160_b3_RAW,82,160,Piora ao andar no plano?,Piora ao andar no plano,29-03-2025_11-32-50,/srv/projects2/captarlibras_finep/dataset_captarlibras/raw-data/frontal-cam/29-03-2025_11-32-50_p0082_s160_b3_RAW--ZED-RGB_FRONT.avi,2025-03-29 11:32:50
29-03-2025_11-33-25_p0082_s161_b3_RAW,82,161,Piora ao andar no plano?,Não piora ao andar no plano,29-03-2025_11-33-25,/srv/projects2/captarlibras_finep/dataset_captarlibras/raw-data/frontal-cam/29-03-2025_11-33-25_p0082_s161_b3_RAW--ZED-RGB_FRONT.avi,2025-03-29 11:33:25
29-03-2025_11-33-52_p0082_sP09.4_b3_RAW,82,P09.4,Piora ao tomar banho?,Pergunta,29-03-2025_11-33-52,/srv/projects2/captarlibras_finep/dataset_captarlibras/raw-data/frontal-cam/29-03-2025_11-33-52_p0082_sP09.4_b3_RAW--ZED-RGB_FRONT.avi,2025-03-29 11:33:52
29-03-2025_11-34-06_p0082_s162_b3_RAW,82,162,Piora ao tomar banho?,Piora ao tomar banho,29-03-2025_11-34-06,/srv/projects2/captarlibras_finep/dataset_captarlibras/raw-data/frontal-cam/29-03-2025_11-34-06_p0082_s162_b3_RAW--ZED-RGB_FRONT.avi,2025-03-29 11:34:06
29-03-2025_11-34-41_p0082_s163_b3_RAW,82,163,Piora ao tomar banho?,Não piora ao tomar banho,29-03-2025_11-34-41,/srv/projects2/captarlibras_finep/dataset_captarlibras/raw-data/frontal-cam/29-03-2025_11-34-41_p0082_s163_b3_RAW--ZED-RGB_FRONT.avi,2025-03-29 11:34:41
29-03-2025_11-35-04_p0082_sP09.5_b3_RAW,82,P09.5,Piora em repouso?,Pergunta,29-03-2025_11-35-04,/srv/projects2/captarlibras_finep/dataset_captarlibras/raw-data/frontal-cam/29-03-2025_11-35-04_p0082_sP09.5_b3_RAW--ZED-RGB_FRONT.avi,2025-03-29 11:35:04
29-03-2025_11-35-22_p0082_s164_b3_RAW,82,164,Piora em repouso?,Piora em repouso,29-03-2025_11-35-22,/srv/projects2/captarlibras_finep/dataset_captarlibras/raw-data/frontal-cam/29-03-2025_11-35-22_p0082_s164_b3_RAW--ZED-RGB_FRONT.avi,2025-03-29 11:35:22
29-03-2025_11-35-39_p0082_s165_b3_RAW,82,165,Piora em repouso?,Não piora em repouso,29-03-2025_11-35-39,/srv/projects2/captarlibras_finep/dataset_captarlibras/raw-data/frontal-cam/29-03-2025_11-35-39_p0082_s165_b3_RAW--ZED-RGB_FRONT.avi,2025-03-29 11:35:39
29-03-2025_11-36-07_p0082_sP09.6_b3_RAW,82,P09.6,Piora ao subir escada?,Pergunta,29-03-2025_11-36-07,/srv/projects2/captarlibras_finep/dataset_captarlibras/raw-data/frontal-cam/29-03-2025_11-36-07_p0082_sP09.6_b3_RAW--ZED-RGB_FRONT.avi,2025-03-29 11:36:07
29-03-2025_11-36-36_p0082_s166_b3_RAW,82,166,Piora ao subir escada?,Piora ao subir escada,29-03-2025_11-36-36,/srv/projects2/captarlibras_finep/dataset_captarlibras/raw-data/frontal-cam/29-03-2025_11-36-36_p0082_s166_b3_RAW--ZED-RGB_FRONT.avi,2025-03-29 11:36:36
29-03-2025_11-36-59_p0082_s167_b3_RAW,82,167,Piora ao subir escada?,Não piora ao subir escada,29-03-2025_11-36-59,/srv/projects2/captarlibras_finep/dataset_captarlibras/raw-data/frontal-cam/29-03-2025_11-36-59_p0082_s167_b3_RAW--ZED-RGB_FRONT.avi,2025-03-29 11:36:59
29-03-2025_11-37-19_p0082_sP09.7_b3_RAW,82,P09.7,A dor no peito ou falta de ar melhorou com algum medicamento?,Pergunta,29-03-2025_11-37-19,/srv/projects2/captarlibras_finep/dataset_captarlibras/raw-data/frontal-cam/29-03-2025_11-37-19_p0082_sP09.7_b3_RAW--ZED-RGB_FRONT.avi,2025-03-29 11:37:19
29-03-2025_11-37-35_p0082_s168_b3_RAW,82,168,A dor no peito ou falta de ar melhorou com algum medicamento?,Melhorou com medicamento,29-03-2025_11-37-35,/srv/projects2/captarlibras_finep/dataset_captarlibras/raw-data/frontal-cam/29-03-2025_11-37-35_p0082_s168_b3_RAW--ZED-RGB_FRONT.avi,2025-03-29 11:37:35
29-03-2025_11-37-54_p0082_s169_b3_RAW,82,169,A dor no peito ou falta de ar melhorou com algum medicamento?,Não melhorou com medicamento,29-03-2025_11-37-54,/srv/projects2/captarlibras_finep/dataset_captarlibras/raw-data/frontal-cam/29-03-2025_11-37-54_p0082_s169_b3_RAW--ZED-RGB_FRONT.avi,2025-03-29 11:37:54
29-03-2025_11-39-07_p0082_sP10_b3_RAW,82,P10,"De 1 a 10, sendo 1 uma dor muito fraca e 10 uma dor insuportável, qual é a intensidade da dor?",Pergunta,29-03-2025_11-39-07,/srv/projects2/captarlibras_finep/dataset_captarlibras/raw-data/frontal-cam/29-03-2025_11-39-07_p0082_sP10_b3_RAW--ZED-RGB_FRONT.avi,2025-03-29 11:39:07
29-03-2025_11-40-11_p0082_s170.0_b3_RAW,82,170.0,"De 1 a 10, sendo 1 uma dor muito fraca e 10 uma dor insuportável, qual é a intensidade da dor?",Zero,29-03-2025_11-40-11,/srv/projects2/captarlibras_finep/dataset_captarlibras/raw-data/frontal-cam/29-03-2025_11-40-11_p0082_s170.0_b3_RAW--ZED-RGB_FRONT.avi,2025-03-29 11:40:11
29-03-2025_11-40-24_p0082_s170.1_b3_RAW,82,170.1,"De 1 a 10, sendo 1 uma dor muito fraca e 10 uma dor insuportável, qual é a intensidade da dor?",Um,29-03-2025_11-40-24,/srv/projects2/captarlibras_finep/dataset_captarlibras/raw-data/frontal-cam/29-03-2025_11-40-24_p0082_s170.1_b3_RAW--ZED-RGB_FRONT.avi,2025-03-29 11:40:24
29-03-2025_11-40-37_p0082_s170.2_b3_RAW,82,170.2,"De 1 a 10, sendo 1 uma dor muito fraca e 10 uma dor insuportável, qual é a intensidade da dor?",Dois,29-03-2025_11-40-37,/srv/projects2/captarlibras_finep/dataset_captarlibras/raw-data/frontal-cam/29-03-2025_11-40-37_p0082_s170.2_b3_RAW--ZED-RGB_FRONT.avi,2025-03-29 11:40:37
29-03-2025_11-40-50_p0082_s170.3_b3_RAW,82,170.3,"De 1 a 10, sendo 1 uma dor muito fraca e 10 uma dor insuportável, qual é a intensidade da dor?",Três,29-03-2025_11-40-50,/srv/projects2/captarlibras_finep/dataset_captarlibras/raw-data/frontal-cam/29-03-2025_11-40-50_p0082_s170.3_b3_RAW--ZED-RGB_FRONT.avi,2025-03-29 11:40:50
29-03-2025_11-41-02_p0082_s170.4_b3_RAW,82,170.4,"De 1 a 10, sendo 1 uma dor muito fraca e 10 uma dor insuportável, qual é a intensidade da dor?",Quatro,29-03-2025_11-41-02,/srv/projects2/captarlibras_finep/dataset_captarlibras/raw-data/frontal-cam/29-03-2025_11-41-02_p0082_s170.4_b3_RAW--ZED-RGB_FRONT.avi,2025-03-29 11:41:02
29-03-2025_11-41-14_p0082_s170.5_b3_RAW,82,170.5,"De 1 a 10, sendo 1 uma dor muito fraca e 10 uma dor insuportável, qual é a intensidade da dor?",Cinco,29-03-2025_11-41-14,/srv/projects2/captarlibras_finep/dataset_captarlibras/raw-data/frontal-cam/29-03-2025_11-41-14_p0082_s170.5_b3_RAW--ZED-RGB_FRONT.avi,2025-03-29 11:41:14
29-03-2025_11-41-29_p0082_s170.6_b3_RAW,82,170.6,"De 1 a 10, sendo 1 uma dor muito fraca e 10 uma dor insuportável, qual é a intensidade da dor?",Seis,29-03-2025_11-41-29,/srv/projects2/captarlibras_finep/dataset_captarlibras/raw-data/frontal-cam/29-03-2025_11-41-29_p0082_s170.6_b3_RAW--ZED-RGB_FRONT.avi,2025-03-29 11:41:29
29-03-2025_11-41-42_p0082_s170.7_b3_RAW,82,170.7,"De 1 a 10, sendo 1 uma dor muito fraca e 10 uma dor insuportável, qual é a intensidade da dor?",Sete,29-03-2025_11-41-42,/srv/projects2/captarlibras_finep/dataset_captarlibras/raw-data/frontal-cam/29-03-2025_11-41-42_p0082_s170.7_b3_RAW--ZED-RGB_FRONT.avi,2025-03-29 11:41:42
29-03-2025_11-41-55_p0082_s170.8_b3_RAW,82,170.8,"De 1 a 10, sendo 1 uma dor muito fraca e 10 uma dor insuportável, qual é a intensidade da dor?",Oito,29-03-2025_11-41-55,/srv/projects2/captarlibras_finep/dataset_captarlibras/raw-data/frontal-cam/29-03-2025_11-41-55_p0082_s170.8_b3_RAW--ZED-RGB_FRONT.avi,2025-03-29 11:41:55
29-03-2025_11-42-06_p0082_s170.9_b3_RAW,82,170.9,"De 1 a 10, sendo 1 uma dor muito fraca e 10 uma dor insuportável, qual é a intensidade da dor?",Nove,29-03-2025_11-42-06,/srv/projects2/captarlibras_finep/dataset_captarlibras/raw-data/frontal-cam/29-03-2025_11-42-06_p0082_s170.9_b3_RAW--ZED-RGB_FRONT.avi,2025-03-29 11:42:06
29-03-2025_11-42-19_p0082_s170.10_b3_RAW,82,170.10,"De 1 a 10, sendo 1 uma dor muito fraca e 10 uma dor insuportável, qual é a intensidade da dor?",Dez,29-03-2025_11-42-19,/srv/projects2/captarlibras_finep/dataset_captarlibras/raw-data/frontal-cam/29-03-2025_11-42-19_p0082_s170.10_b3_RAW--ZED-RGB_FRONT.avi,2025-03-29 11:42:19
29-03-2025_11-43-00_p0082_sP11.1_b3_RAW,82,P11.1,Foi um episódio de dor ou mais episódios?,Pergunta,29-03-2025_11-43-00,/srv/projects2/captarlibras_finep/dataset_captarlibras/raw-data/frontal-cam/29-03-2025_11-43-00_p0082_sP11.1_b3_RAW--ZED-RGB_FRONT.avi,2025-03-29 11:43:00
29-03-2025_11-43-18_p0082_s171_b3_RAW,82,171,Foi um episódio de dor ou mais episódios?,Foi uma vez,29-03-2025_11-43-18,/srv/projects2/captarlibras_finep/dataset_captarlibras/raw-data/frontal-cam/29-03-2025_11-43-18_p0082_s171_b3_RAW--ZED-RGB_FRONT.avi,2025-03-29 11:43:18
29-03-2025_11-43-33_p0082_s172_b3_RAW,82,172,Foi um episódio de dor ou mais episódios?,Foram vários episódios,29-03-2025_11-43-33,/srv/projects2/captarlibras_finep/dataset_captarlibras/raw-data/frontal-cam/29-03-2025_11-43-33_p0082_s172_b3_RAW--ZED-RGB_FRONT.avi,2025-03-29 11:43:33
29-03-2025_11-43-47_p0082_s173_b3_RAW,82,173,Foi um episódio de dor ou mais episódios?,Constante,29-03-2025_11-43-47,/srv/projects2/captarlibras_finep/dataset_captarlibras/raw-data/frontal-cam/29-03-2025_11-43-47_p0082_s173_b3_RAW--ZED-RGB_FRONT.avi,2025-03-29 11:43:47
29-03-2025_11-44-05_p0082_sP11.2_b3_RAW,82,P11.2,Qual a frequência da dor?,Pergunta,29-03-2025_11-44-05,/srv/projects2/captarlibras_finep/dataset_captarlibras/raw-data/frontal-cam/29-03-2025_11-44-05_p0082_sP11.2_b3_RAW--ZED-RGB_FRONT.avi,2025-03-29 11:44:05
29-03-2025_11-44-34_p0082_s174_b3_RAW,82,174,Qual a frequência da dor?,Três vezes ao dia,29-03-2025_11-44-34,/srv/projects2/captarlibras_finep/dataset_captarlibras/raw-data/frontal-cam/29-03-2025_11-44-34_p0082_s174_b3_RAW--ZED-RGB_FRONT.avi,2025-03-29 11:44:34
29-03-2025_11-47-17_p0082_sP11.3_b3_RAW,82,P11.3,Quando foi o primeiro episódio?,Pergunta,29-03-2025_11-47-17,/srv/projects2/captarlibras_finep/dataset_captarlibras/raw-data/frontal-cam/29-03-2025_11-47-17_p0082_sP11.3_b3_RAW--ZED-RGB_FRONT.avi,2025-03-29 11:47:17
29-03-2025_11-47-37_p0082_s175_b3_RAW,82,175,Quando foi o primeiro episódio?,Duas semanas,29-03-2025_11-47-37,/srv/projects2/captarlibras_finep/dataset_captarlibras/raw-data/frontal-cam/29-03-2025_11-47-37_p0082_s175_b3_RAW--ZED-RGB_FRONT.avi,2025-03-29 11:47:37
29-03-2025_11-47-54_p0082_s176_b3_RAW,82,176,Quando foi o primeiro episódio?,Três meses,29-03-2025_11-47-54,/srv/projects2/captarlibras_finep/dataset_captarlibras/raw-data/frontal-cam/29-03-2025_11-47-54_p0082_s176_b3_RAW--ZED-RGB_FRONT.avi,2025-03-29 11:47:54
29-03-2025_11-48-07_p0082_s177_b3_RAW,82,177,Quando foi o primeiro episódio?,Um ano,29-03-2025_11-48-07,/srv/projects2/captarlibras_finep/dataset_captarlibras/raw-data/frontal-cam/29-03-2025_11-48-07_p0082_s177_b3_RAW--ZED-RGB_FRONT.avi,2025-03-29 11:48:07
29-03-2025_11-48-21_p0082_s178_b3_RAW,82,178,Quando foi o primeiro episódio?,Cinco anos,29-03-2025_11-48-21,/srv/projects2/captarlibras_finep/dataset_captarlibras/raw-data/frontal-cam/29-03-2025_11-48-21_p0082_s178_b3_RAW--ZED-RGB_FRONT.avi,2025-03-29 11:48:21
29-03-2025_11-48-38_p0082_sP11.4_b3_RAW,82,P11.4,"Como foi a evolução da dor ao longo do tempo, aumentou ou diminuiu de intensidade?",Pergunta,29-03-2025_11-48-38,/srv/projects2/captarlibras_finep/dataset_captarlibras/raw-data/frontal-cam/29-03-2025_11-48-38_p0082_sP11.4_b3_RAW--ZED-RGB_FRONT.avi,2025-03-29 11:48:38
29-03-2025_11-49-02_p0082_sP11.5_b3_RAW,82,P11.5,Houve aumento da duração da dor?,Pergunta,29-03-2025_11-49-02,/srv/projects2/captarlibras_finep/dataset_captarlibras/raw-data/frontal-cam/29-03-2025_11-49-02_p0082_sP11.5_b3_RAW--ZED-RGB_FRONT.avi,2025-03-29 11:49:02
29-03-2025_11-49-23_p0082_sP12_b3_RAW,82,P12,A dor tem uma localização fixa ou se espalha para algum lugar?,Pergunta,29-03-2025_11-49-23,/srv/projects2/captarlibras_finep/dataset_captarlibras/raw-data/frontal-cam/29-03-2025_11-49-23_p0082_sP12_b3_RAW--ZED-RGB_FRONT.avi,2025-03-29 11:49:23
29-03-2025_11-49-43_p0082_s179_b3_RAW,82,179,A dor tem uma localização fixa ou se espalha para algum lugar?,A dor é fixa,29-03-2025_11-49-43,/srv/projects2/captarlibras_finep/dataset_captarlibras/raw-data/frontal-cam/29-03-2025_11-49-43_p0082_s179_b3_RAW--ZED-RGB_FRONT.avi,2025-03-29 11:49:43
29-03-2025_11-49-59_p0082_s180_b3_RAW,82,180,A dor tem uma localização fixa ou se espalha para algum lugar?,A dor irradia para a nuca,29-03-2025_11-49-59,/srv/projects2/captarlibras_finep/dataset_captarlibras/raw-data/frontal-cam/29-03-2025_11-49-59_p0082_s180_b3_RAW--ZED-RGB_FRONT.avi,2025-03-29 11:49:59
29-03-2025_11-50-13_p0082_s181_b3_RAW,82,181,A dor tem uma localização fixa ou se espalha para algum lugar?,A dor irradia para o pescoço,29-03-2025_11-50-13,/srv/projects2/captarlibras_finep/dataset_captarlibras/raw-data/frontal-cam/29-03-2025_11-50-13_p0082_s181_b3_RAW--ZED-RGB_FRONT.avi,2025-03-29 11:50:13
29-03-2025_11-50-29_p0082_s182_b3_RAW,82,182,A dor tem uma localização fixa ou se espalha para algum lugar?,A dor irradia para a mandíbula,29-03-2025_11-50-29,/srv/projects2/captarlibras_finep/dataset_captarlibras/raw-data/frontal-cam/29-03-2025_11-50-29_p0082_s182_b3_RAW--ZED-RGB_FRONT.avi,2025-03-29 11:50:29
29-03-2025_11-51-00_p0082_s183_b3_RAW,82,183,A dor tem uma localização fixa ou se espalha para algum lugar?,A dor irradia para o ombro,29-03-2025_11-51-00,/srv/projects2/captarlibras_finep/dataset_captarlibras/raw-data/frontal-cam/29-03-2025_11-51-00_p0082_s183_b3_RAW--ZED-RGB_FRONT.avi,2025-03-29 11:51:00
29-03-2025_11-51-18_p0082_s184_b3_RAW,82,184,A dor tem uma localização fixa ou se espalha para algum lugar?,A dor irradia para o braço,29-03-2025_11-51-18,/srv/projects2/captarlibras_finep/dataset_captarlibras/raw-data/frontal-cam/29-03-2025_11-51-18_p0082_s184_b3_RAW--ZED-RGB_FRONT.avi,2025-03-29 11:51:18
29-03-2025_11-51-34_p0082_s185_b3_RAW,82,185,A dor tem uma localização fixa ou se espalha para algum lugar?,A dor irradia para a barriga,29-03-2025_11-51-34,/srv/projects2/captarlibras_finep/dataset_captarlibras/raw-data/frontal-cam/29-03-2025_11-51-34_p0082_s185_b3_RAW--ZED-RGB_FRONT.avi,2025-03-29 11:51:34
29-03-2025_11-51-57_p0082_s186_b3_RAW,82,186,A dor tem uma localização fixa ou se espalha para algum lugar?,A dor irradia para as costas,29-03-2025_11-51-57,/srv/projects2/captarlibras_finep/dataset_captarlibras/raw-data/frontal-cam/29-03-2025_11-51-57_p0082_s186_b3_RAW--ZED-RGB_FRONT.avi,2025-03-29 11:51:57
29-03-2025_11-53-12_p0082_s187_b3_RAW,82,187,A dor tem uma localização fixa ou se espalha para algum lugar?,A dor irradia para a virilha,29-03-2025_11-53-12,/srv/projects2/captarlibras_finep/dataset_captarlibras/raw-data/frontal-cam/29-03-2025_11-53-12_p0082_s187_b3_RAW--ZED-RGB_FRONT.avi,2025-03-29 11:53:12
29-03-2025_11-54-16_p0082_s188_b3_RAW,82,188,A dor tem uma localização fixa ou se espalha para algum lugar?,A dor irradia para a coxa,29-03-2025_11-54-16,/srv/projects2/captarlibras_finep/dataset_captarlibras/raw-data/frontal-cam/29-03-2025_11-54-16_p0082_s188_b3_RAW--ZED-RGB_FRONT.avi,2025-03-29 11:54:16
29-03-2025_11-54-37_p0082_s189_b3_RAW,82,189,A dor tem uma localização fixa ou se espalha para algum lugar?,A dor irradia para a perna,29-03-2025_11-54-37,/srv/projects2/captarlibras_finep/dataset_captarlibras/raw-data/frontal-cam/29-03-2025_11-54-37_p0082_s189_b3_RAW--ZED-RGB_FRONT.avi,2025-03-29 11:54:37
29-03-2025_11-55-20_p0082_sP13.1_b3_RAW,82,P13.1,A dor piora quando aperta?,Pergunta,29-03-2025_11-55-20,/srv/projects2/captarlibras_finep/dataset_captarlibras/raw-data/frontal-cam/29-03-2025_11-55-20_p0082_sP13.1_b3_RAW--ZED-RGB_FRONT.avi,2025-03-29 11:55:20
29-03-2025_11-57-11_p0082_s190_b3_RAW,82,190,A dor piora quando aperta?,Piora quando aperta,29-03-2025_11-57-11,/srv/projects2/captarlibras_finep/dataset_captarlibras/raw-data/frontal-cam/29-03-2025_11-57-11_p0082_s190_b3_RAW--ZED-RGB_FRONT.avi,2025-03-29 11:57:11
29-03-2025_11-57-30_p0082_s191_b3_RAW,82,191,A dor piora quando aperta?,Não piora quando aperta,29-03-2025_11-57-30,/srv/projects2/captarlibras_finep/dataset_captarlibras/raw-data/frontal-cam/29-03-2025_11-57-30_p0082_s191_b3_RAW--ZED-RGB_FRONT.avi,2025-03-29 11:57:30
29-03-2025_11-58-17_p0082_sP13.2_b3_RAW,82,P13.2,A dor piora quando muda a posição do corpo?,Pergunta,29-03-2025_11-58-17,/srv/projects2/captarlibras_finep/dataset_captarlibras/raw-data/frontal-cam/29-03-2025_11-58-17_p0082_sP13.2_b3_RAW--ZED-RGB_FRONT.avi,2025-03-29 11:58:17
29-03-2025_11-58-39_p0082_s192_b3_RAW,82,192,A dor piora quando muda a posição do corpo?,Piora quando muda a posição do corpo,29-03-2025_11-58-39,/srv/projects2/captarlibras_finep/dataset_captarlibras/raw-data/frontal-cam/29-03-2025_11-58-39_p0082_s192_b3_RAW--ZED-RGB_FRONT.avi,2025-03-29 11:58:39
29-03-2025_11-58-56_p0082_s193_b3_RAW,82,193,A dor piora quando muda a posição do corpo?,Não piora quando muda a posição do corpo,29-03-2025_11-58-56,/srv/projects2/captarlibras_finep/dataset_captarlibras/raw-data/frontal-cam/29-03-2025_11-58-56_p0082_s193_b3_RAW--ZED-RGB_FRONT.avi,2025-03-29 11:58:56
29-03-2025_11-59-45_p0082_sP14_b3_RAW,82,P14,"Tem dor, febre, calafrios, espirro ou secreção nasal?",Pergunta,29-03-2025_11-59-45,/srv/projects2/captarlibras_finep/dataset_captarlibras/raw-data/frontal-cam/29-03-2025_11-59-45_p0082_sP14_b3_RAW--ZED-RGB_FRONT.avi,2025-03-29 11:59:45
29-03-2025_12-00-15_p0082_sP15.1_b3_RAW,82,P15.1,Tem tosse?,Pergunta,29-03-2025_12-00-15,/srv/projects2/captarlibras_finep/dataset_captarlibras/raw-data/frontal-cam/29-03-2025_12-00-15_p0082_sP15.1_b3_RAW--ZED-RGB_FRONT.avi,2025-03-29 12:00:15
29-03-2025_12-00-41_p0082_sP15.2_b3_RAW,82,P15.2,Como é a tosse?,Pergunta,29-03-2025_12-00-41,/srv/projects2/captarlibras_finep/dataset_captarlibras/raw-data/frontal-cam/29-03-2025_12-00-41_p0082_sP15.2_b3_RAW--ZED-RGB_FRONT.avi,2025-03-29 12:00:41
29-03-2025_12-01-00_p0082_s194_b3_RAW,82,194,Como é a tosse?,Tosse seca,29-03-2025_12-01-00,/srv/projects2/captarlibras_finep/dataset_captarlibras/raw-data/frontal-cam/29-03-2025_12-01-00_p0082_s194_b3_RAW--ZED-RGB_FRONT.avi,2025-03-29 12:01:00
29-03-2025_12-01-39_p0082_sP15.3_b3_RAW,82,P15.3,Tosse é com ou sem catarro?,Pergunta,29-03-2025_12-01-39,/srv/projects2/captarlibras_finep/dataset_captarlibras/raw-data/frontal-cam/29-03-2025_12-01-39_p0082_sP15.3_b3_RAW--ZED-RGB_FRONT.avi,2025-03-29 12:01:39
29-03-2025_12-01-59_p0082_s195_b3_RAW,82,195,Tosse é com ou sem catarro?,Tosse sem catarro,29-03-2025_12-01-59,/srv/projects2/captarlibras_finep/dataset_captarlibras/raw-data/frontal-cam/29-03-2025_12-01-59_p0082_s195_b3_RAW--ZED-RGB_FRONT.avi,2025-03-29 12:01:59
29-03-2025_12-02-15_p0082_s196_b3_RAW,82,196,Tosse é com ou sem catarro?,Tosse com catarro,29-03-2025_12-02-15,/srv/projects2/captarlibras_finep/dataset_captarlibras/raw-data/frontal-cam/29-03-2025_12-02-15_p0082_s196_b3_RAW--ZED-RGB_FRONT.avi,2025-03-29 12:02:15
29-03-2025_12-02-35_p0082_sP15.4_b3_RAW,82,P15.4,Qual cor é o catarro?,Pergunta,29-03-2025_12-02-35,/srv/projects2/captarlibras_finep/dataset_captarlibras/raw-data/frontal-cam/29-03-2025_12-02-35_p0082_sP15.4_b3_RAW--ZED-RGB_FRONT.avi,2025-03-29 12:02:35
29-03-2025_12-02-53_p0082_s197_b3_RAW,82,197,Qual cor é o catarro?,Catarro transparente,29-03-2025_12-02-53,/srv/projects2/captarlibras_finep/dataset_captarlibras/raw-data/frontal-cam/29-03-2025_12-02-53_p0082_s197_b3_RAW--ZED-RGB_FRONT.avi,2025-03-29 12:02:53
29-03-2025_12-03-10_p0082_s198_b3_RAW,82,198,Qual cor é o catarro?,Catarro branco,29-03-2025_12-03-10,/srv/projects2/captarlibras_finep/dataset_captarlibras/raw-data/frontal-cam/29-03-2025_12-03-10_p0082_s198_b3_RAW--ZED-RGB_FRONT.avi,2025-03-29 12:03:10
29-03-2025_12-03-26_p0082_s199_b3_RAW,82,199,Qual cor é o catarro?,Catarro amarelado,29-03-2025_12-03-26,/srv/projects2/captarlibras_finep/dataset_captarlibras/raw-data/frontal-cam/29-03-2025_12-03-26_p0082_s199_b3_RAW--ZED-RGB_FRONT.avi,2025-03-29 12:03:26
29-03-2025_12-03-45_p0082_s200_b3_RAW,82,200,Qual cor é o catarro?,Catarro esverdeado,29-03-2025_12-03-45,/srv/projects2/captarlibras_finep/dataset_captarlibras/raw-data/frontal-cam/29-03-2025_12-03-45_p0082_s200_b3_RAW--ZED-RGB_FRONT.avi,2025-03-29 12:03:45
29-03-2025_12-04-34_p0082_s201_b3_RAW,82,201,Qual cor é o catarro?,Catarro vermelho,29-03-2025_12-04-34,/srv/projects2/captarlibras_finep/dataset_captarlibras/raw-data/frontal-cam/29-03-2025_12-04-34_p0082_s201_b3_RAW--ZED-RGB_FRONT.avi,2025-03-29 12:04:34
29-03-2025_12-04-54_p0082_s202_b3_RAW,82,202,Qual cor é o catarro?,Catarro com raias de sangue,29-03-2025_12-04-54,/srv/projects2/captarlibras_finep/dataset_captarlibras/raw-data/frontal-cam/29-03-2025_12-04-54_p0082_s202_b3_RAW--ZED-RGB_FRONT.avi,2025-03-29 12:04:54
29-03-2025_12-05-39_p0082_sP16_b3_RAW,82,P16,"Se não há espirro e tosse, sente ardor para urinar?",Pergunta,29-03-2025_12-05-39,/srv/projects2/captarlibras_finep/dataset_captarlibras/raw-data/frontal-cam/29-03-2025_12-05-39_p0082_sP16_b3_RAW--ZED-RGB_FRONT.avi,2025-03-29 12:05:39
29-03-2025_12-06-20_p0082_sP17.1_b3_RAW,82,P17.1,Você vacinou para covid-19?,Pergunta,29-03-2025_12-06-20,/srv/projects2/captarlibras_finep/dataset_captarlibras/raw-data/frontal-cam/29-03-2025_12-06-20_p0082_sP17.1_b3_RAW--ZED-RGB_FRONT.avi,2025-03-29 12:06:20
29-03-2025_12-06-36_p0082_s203_b3_RAW,82,203,Você vacinou para covid-19?,Não vacinei pra covid-19,29-03-2025_12-06-36,/srv/projects2/captarlibras_finep/dataset_captarlibras/raw-data/frontal-cam/29-03-2025_12-06-36_p0082_s203_b3_RAW--ZED-RGB_FRONT.avi,2025-03-29 12:06:36
29-03-2025_12-06-54_p0082_sP17.2_b3_RAW,82,P17.2,Quantas doses?,Pergunta,29-03-2025_12-06-54,/srv/projects2/captarlibras_finep/dataset_captarlibras/raw-data/frontal-cam/29-03-2025_12-06-54_p0082_sP17.2_b3_RAW--ZED-RGB_FRONT.avi,2025-03-29 12:06:54
29-03-2025_12-07-09_p0082_s204_b3_RAW,82,204,Quantas doses?,Duas doses,29-03-2025_12-07-09,/srv/projects2/captarlibras_finep/dataset_captarlibras/raw-data/frontal-cam/29-03-2025_12-07-09_p0082_s204_b3_RAW--ZED-RGB_FRONT.avi,2025-03-29 12:07:09
29-03-2025_12-07-22_p0082_s205_b3_RAW,82,205,Quantas doses?,Três doses,29-03-2025_12-07-22,/srv/projects2/captarlibras_finep/dataset_captarlibras/raw-data/frontal-cam/29-03-2025_12-07-22_p0082_s205_b3_RAW--ZED-RGB_FRONT.avi,2025-03-29 12:07:22
29-03-2025_12-07-39_p0082_s206_b3_RAW,82,206,Quantas doses?,Quatro doses,29-03-2025_12-07-39,/srv/projects2/captarlibras_finep/dataset_captarlibras/raw-data/frontal-cam/29-03-2025_12-07-39_p0082_s206_b3_RAW--ZED-RGB_FRONT.avi,2025-03-29 12:07:39
29-03-2025_12-07-56_p0082_sP17.3_b3_RAW,82,P17.3,Você vacinou para gripe?,Pergunta,29-03-2025_12-07-56,/srv/projects2/captarlibras_finep/dataset_captarlibras/raw-data/frontal-cam/29-03-2025_12-07-56_p0082_sP17.3_b3_RAW--ZED-RGB_FRONT.avi,2025-03-29 12:07:56
29-03-2025_12-09-14_p0082_s207_b3_RAW,82,207,Você vacinou para gripe?,Não vacinei pra gripe,29-03-2025_12-09-14,/srv/projects2/captarlibras_finep/dataset_captarlibras/raw-data/frontal-cam/29-03-2025_12-09-14_p0082_s207_b3_RAW--ZED-RGB_FRONT.avi,2025-03-29 12:09:14
29-03-2025_12-09-33_p0082_sP17.4_b3_RAW,82,P17.4,Trouxe cartão de vacina?,Pergunta,29-03-2025_12-09-33,/srv/projects2/captarlibras_finep/dataset_captarlibras/raw-data/frontal-cam/29-03-2025_12-09-33_p0082_sP17.4_b3_RAW--ZED-RGB_FRONT.avi,2025-03-29 12:09:33
29-03-2025_12-09-50_p0082_s208_b3_RAW,82,208,Trouxe cartão de vacina?,Não trouxe cartão de vacina,29-03-2025_12-09-50,/srv/projects2/captarlibras_finep/dataset_captarlibras/raw-data/frontal-cam/29-03-2025_12-09-50_p0082_s208_b3_RAW--ZED-RGB_FRONT.avi,2025-03-29 12:09:50
29-03-2025_12-10-06_p0082_sP20_b3_RAW,82,P20,Você trouxe algum relatório médico?,Pergunta,29-03-2025_12-10-06,/srv/projects2/captarlibras_finep/dataset_captarlibras/raw-data/frontal-cam/29-03-2025_12-10-06_p0082_sP20_b3_RAW--ZED-RGB_FRONT.avi,2025-03-29 12:10:06
29-03-2025_12-10-28_p0082_sP21.1_b3_RAW,82,P21.1,Você trouxe receita médica?,Pergunta,29-03-2025_12-10-28,/srv/projects2/captarlibras_finep/dataset_captarlibras/raw-data/frontal-cam/29-03-2025_12-10-28_p0082_sP21.1_b3_RAW--ZED-RGB_FRONT.avi,2025-03-29 12:10:28
29-03-2025_12-10-47_p0082_s241_b3_RAW,82,241,Você trouxe receita médica?,Trouxe receita médica,29-03-2025_12-10-47,/srv/projects2/captarlibras_finep/dataset_captarlibras/raw-data/frontal-cam/29-03-2025_12-10-47_p0082_s241_b3_RAW--ZED-RGB_FRONT.avi,2025-03-29 12:10:47
29-03-2025_12-11-03_p0082_s243_b3_RAW,82,243,Você trouxe receita médica?,Não trouxe receita médica,29-03-2025_12-11-03,/srv/projects2/captarlibras_finep/dataset_captarlibras/raw-data/frontal-cam/29-03-2025_12-11-03_p0082_s243_b3_RAW--ZED-RGB_FRONT.avi,2025-03-29 12:11:03
29-03-2025_12-12-45_p0082_sP21.2_b3_RAW,82,P21.2,Está usando algum medicamento?,Pergunta,29-03-2025_12-12-45,/srv/projects2/captarlibras_finep/dataset_captarlibras/raw-data/frontal-cam/29-03-2025_12-12-45_p0082_sP21.2_b3_RAW--ZED-RGB_FRONT.avi,2025-03-29 12:12:45
29-03-2025_12-12-57_p0082_s242_b3_RAW,82,242,Está usando algum medicamento?,Uso medicamento,29-03-2025_12-12-57,/srv/projects2/captarlibras_finep/dataset_captarlibras/raw-data/frontal-cam/29-03-2025_12-12-57_p0082_s242_b3_RAW--ZED-RGB_FRONT.avi,2025-03-29 12:12:57
29-03-2025_12-13-12_p0082_s244_b3_RAW,82,244,Está usando algum medicamento?,Não uso medicamento,29-03-2025_12-13-12,/srv/projects2/captarlibras_finep/dataset_captarlibras/raw-data/frontal-cam/29-03-2025_12-13-12_p0082_s244_b3_RAW--ZED-RGB_FRONT.avi,2025-03-29 12:13:12
31-03-2025_18-19-28_p0079_s212_b4_RAW,79,212,Como é a diarreia?,Líquida,31-03-2025_18-19-28,/srv/projects2/captarlibras_finep/dataset_captarlibras/raw-data/frontal-cam/31-03-2025_18-19-28_p0079_s212_b4_RAW--ZED-RGB_FRONT.avi,2025-03-31 18:19:28
31-03-2025_18-23-27_p0079_sP18.4_b4_RAW,79,P18.4,"Tem sangue, muco ou pus?",Pergunta,31-03-2025_18-23-27,/srv/projects2/captarlibras_finep/dataset_captarlibras/raw-data/frontal-cam/31-03-2025_18-23-27_p0079_sP18.4_b4_RAW--ZED-RGB_FRONT.avi,2025-03-31 18:23:27
31-03-2025_18-33-31_p0079_s247_b4_RAW,79,247,Você tem alguma alergia?,Tenho alergia a pólen,31-03-2025_18-33-31,/srv/projects2/captarlibras_finep/dataset_captarlibras/raw-data/frontal-cam/31-03-2025_18-33-31_p0079_s247_b4_RAW--ZED-RGB_FRONT.avi,2025-03-31 18:33:31
31-03-2025_18-37-54_p0079_sP22.2_b4_RAW,79,P22.2,Tem alergia a algum medicamento?,Pergunta,31-03-2025_18-37-54,/srv/projects2/captarlibras_finep/dataset_captarlibras/raw-data/frontal-cam/31-03-2025_18-37-54_p0079_sP22.2_b4_RAW--ZED-RGB_FRONT.avi,2025-03-31 18:37:54
31-03-2025_18-42-15_p0079_sP24.1_b4_RAW,79,P24.1,Ingere bebida alcoólica?,Pergunta,31-03-2025_18-42-15,/srv/projects2/captarlibras_finep/dataset_captarlibras/raw-data/frontal-cam/31-03-2025_18-42-15_p0079_sP24.1_b4_RAW--ZED-RGB_FRONT.avi,2025-03-31 18:42:15
31-03-2025_18-50-42_p0079_sP25.1_b4_RAW,79,P25.1,"Você fez alguma cirurgia? Se sim, qual?",Pergunta,31-03-2025_18-50-42,/srv/projects2/captarlibras_finep/dataset_captarlibras/raw-data/frontal-cam/31-03-2025_18-50-42_p0079_sP25.1_b4_RAW--ZED-RGB_FRONT.avi,2025-03-31 18:50:42
31-03-2025_18-56-24_p0079_sP01_b1_RAW,79,P01,O que você está sentindo que te fez procurar o hospital?,Pergunta,31-03-2025_18-56-24,/srv/projects2/captarlibras_finep/dataset_captarlibras/raw-data/frontal-cam/31-03-2025_18-56-24_p0079_sP01_b1_RAW--ZED-RGB_FRONT.avi,2025-03-31 18:56:24
31-03-2025_18-56-41_p0079_s1_b1_RAW,79,1,O que você está sentindo que te fez procurar o hospital?,Alteração do estado mental,31-03-2025_18-56-41,/srv/projects2/captarlibras_finep/dataset_captarlibras/raw-data/frontal-cam/31-03-2025_18-56-41_p0079_s1_b1_RAW--ZED-RGB_FRONT.avi,2025-03-31 18:56:41
31-03-2025_18-56-56_p0079_s2_b1_RAW,79,2,O que você está sentindo que te fez procurar o hospital?,Confusão,31-03-2025_18-56-56,/srv/projects2/captarlibras_finep/dataset_captarlibras/raw-data/frontal-cam/31-03-2025_18-56-56_p0079_s2_b1_RAW--ZED-RGB_FRONT.avi,2025-03-31 18:56:56
31-03-2025_18-57-12_p0079_s3_b1_RAW,79,3,O que você está sentindo que te fez procurar o hospital?,Alteração comportamental,31-03-2025_18-57-12,/srv/projects2/captarlibras_finep/dataset_captarlibras/raw-data/frontal-cam/31-03-2025_18-57-12_p0079_s3_b1_RAW--ZED-RGB_FRONT.avi,2025-03-31 18:57:12
31-03-2025_18-57-33_p0079_s4_b1_RAW,79,4,O que você está sentindo que te fez procurar o hospital?,Convulsão,31-03-2025_18-57-33,/srv/projects2/captarlibras_finep/dataset_captarlibras/raw-data/frontal-cam/31-03-2025_18-57-33_p0079_s4_b1_RAW--ZED-RGB_FRONT.avi,2025-03-31 18:57:33
31-03-2025_18-58-03_p0079_s5_b1_RAW,79,5,O que você está sentindo que te fez procurar o hospital?,Dor de cabeça,31-03-2025_18-58-03,/srv/projects2/captarlibras_finep/dataset_captarlibras/raw-data/frontal-cam/31-03-2025_18-58-03_p0079_s5_b1_RAW--ZED-RGB_FRONT.avi,2025-03-31 18:58:03
31-03-2025_18-58-19_p0079_s6_b1_RAW,79,6,O que você está sentindo que te fez procurar o hospital?,Dor no pescoço,31-03-2025_18-58-19,/srv/projects2/captarlibras_finep/dataset_captarlibras/raw-data/frontal-cam/31-03-2025_18-58-19_p0079_s6_b1_RAW--ZED-RGB_FRONT.avi,2025-03-31 18:58:19
31-03-2025_18-58-35_p0079_s7_b1_RAW,79,7,O que você está sentindo que te fez procurar o hospital?,Dor no peito,31-03-2025_18-58-35,/srv/projects2/captarlibras_finep/dataset_captarlibras/raw-data/frontal-cam/31-03-2025_18-58-35_p0079_s7_b1_RAW--ZED-RGB_FRONT.avi,2025-03-31 18:58:35
31-03-2025_18-58-48_p0079_s8_b1_RAW,79,8,O que você está sentindo que te fez procurar o hospital?,Dor nas costas,31-03-2025_18-58-48,/srv/projects2/captarlibras_finep/dataset_captarlibras/raw-data/frontal-cam/31-03-2025_18-58-48_p0079_s8_b1_RAW--ZED-RGB_FRONT.avi,2025-03-31 18:58:48
31-03-2025_18-59-04_p0079_s9_b1_RAW,79,9,O que você está sentindo que te fez procurar o hospital?,Dor na lombar,31-03-2025_18-59-04,/srv/projects2/captarlibras_finep/dataset_captarlibras/raw-data/frontal-cam/31-03-2025_18-59-04_p0079_s9_b1_RAW--ZED-RGB_FRONT.avi,2025-03-31 18:59:04
31-03-2025_18-59-31_p0079_s10_b1_RAW,79,10,O que você está sentindo que te fez procurar o hospital?,Dor na barriga,31-03-2025_18-59-31,/srv/projects2/captarlibras_finep/dataset_captarlibras/raw-data/frontal-cam/31-03-2025_18-59-31_p0079_s10_b1_RAW--ZED-RGB_FRONT.avi,2025-03-31 18:59:31
31-03-2025_18-59-56_p0079_s11_b1_RAW,79,11,O que você está sentindo que te fez procurar o hospital?,Dor na garganta,31-03-2025_18-59-56,/srv/projects2/captarlibras_finep/dataset_captarlibras/raw-data/frontal-cam/31-03-2025_18-59-56_p0079_s11_b1_RAW--ZED-RGB_FRONT.avi,2025-03-31 18:59:56
31-03-2025_19-00-11_p0079_s12_b1_RAW,79,12,O que você está sentindo que te fez procurar o hospital?,Dor no braço,31-03-2025_19-00-11,/srv/projects2/captarlibras_finep/dataset_captarlibras/raw-data/frontal-cam/31-03-2025_19-00-11_p0079_s12_b1_RAW--ZED-RGB_FRONT.avi,2025-03-31 19:00:11
31-03-2025_19-00-29_p0079_s13_b1_RAW,79,13,O que você está sentindo que te fez procurar o hospital?,Dor na perna,31-03-2025_19-00-29,/srv/projects2/captarlibras_finep/dataset_captarlibras/raw-data/frontal-cam/31-03-2025_19-00-29_p0079_s13_b1_RAW--ZED-RGB_FRONT.avi,2025-03-31 19:00:29
31-03-2025_19-00-59_p0079_s14_b1_RAW,79,14,O que você está sentindo que te fez procurar o hospital?,Dor na panturrilha,31-03-2025_19-00-59,/srv/projects2/captarlibras_finep/dataset_captarlibras/raw-data/frontal-cam/31-03-2025_19-00-59_p0079_s14_b1_RAW--ZED-RGB_FRONT.avi,2025-03-31 19:00:59
31-03-2025_19-01-14_p0079_s15_b1_RAW,79,15,O que você está sentindo que te fez procurar o hospital?,Dor no pé,31-03-2025_19-01-14,/srv/projects2/captarlibras_finep/dataset_captarlibras/raw-data/frontal-cam/31-03-2025_19-01-14_p0079_s15_b1_RAW--ZED-RGB_FRONT.avi,2025-03-31 19:01:14
31-03-2025_19-01-41_p0079_s15_b1_RAW,79,15,O que você está sentindo que te fez procurar o hospital?,Dor no pé,31-03-2025_19-01-41,/srv/projects2/captarlibras_finep/dataset_captarlibras/raw-data/frontal-cam/31-03-2025_19-01-41_p0079_s15_b1_RAW--ZED-RGB_FRONT.avi,2025-03-31 19:01:41
31-03-2025_19-02-08_p0079_s16_b1_RAW,79,16,O que você está sentindo que te fez procurar o hospital?,Falta de ar,31-03-2025_19-02-08,/srv/projects2/captarlibras_finep/dataset_captarlibras/raw-data/frontal-cam/31-03-2025_19-02-08_p0079_s16_b1_RAW--ZED-RGB_FRONT.avi,2025-03-31 19:02:08
31-03-2025_19-02-27_p0079_s17_b1_RAW,79,17,O que você está sentindo que te fez procurar o hospital?,Chieira,31-03-2025_19-02-27,/srv/projects2/captarlibras_finep/dataset_captarlibras/raw-data/frontal-cam/31-03-2025_19-02-27_p0079_s17_b1_RAW--ZED-RGB_FRONT.avi,2025-03-31 19:02:27
31-03-2025_19-02-46_p0079_s18_b1_RAW,79,18,O que você está sentindo que te fez procurar o hospital?,Dificuldade para respirar,31-03-2025_19-02-46,/srv/projects2/captarlibras_finep/dataset_captarlibras/raw-data/frontal-cam/31-03-2025_19-02-46_p0079_s18_b1_RAW--ZED-RGB_FRONT.avi,2025-03-31 19:02:46
31-03-2025_19-03-24_p0079_s19_b1_RAW,79,19,O que você está sentindo que te fez procurar o hospital?,Palpitação,31-03-2025_19-03-24,/srv/projects2/captarlibras_finep/dataset_captarlibras/raw-data/frontal-cam/31-03-2025_19-03-24_p0079_s19_b1_RAW--ZED-RGB_FRONT.avi,2025-03-31 19:03:24
31-03-2025_19-03-51_p0079_s20_b1_RAW,79,20,O que você está sentindo que te fez procurar o hospital?,Desmaio,31-03-2025_19-03-51,/srv/projects2/captarlibras_finep/dataset_captarlibras/raw-data/frontal-cam/31-03-2025_19-03-51_p0079_s20_b1_RAW--ZED-RGB_FRONT.avi,2025-03-31 19:03:51
31-03-2025_19-04-08_p0079_s21_b1_RAW,79,21,O que você está sentindo que te fez procurar o hospital?,Diarreia,31-03-2025_19-04-08,/srv/projects2/captarlibras_finep/dataset_captarlibras/raw-data/frontal-cam/31-03-2025_19-04-08_p0079_s21_b1_RAW--ZED-RGB_FRONT.avi,2025-03-31 19:04:08
31-03-2025_19-04-30_p0079_s22_b1_RAW,79,22,O que você está sentindo que te fez procurar o hospital?,Diarreia com sangue,31-03-2025_19-04-30,/srv/projects2/captarlibras_finep/dataset_captarlibras/raw-data/frontal-cam/31-03-2025_19-04-30_p0079_s22_b1_RAW--ZED-RGB_FRONT.avi,2025-03-31 19:04:30
31-03-2025_19-04-51_p0079_s23_b1_RAW,79,23,O que você está sentindo que te fez procurar o hospital?,Náuseas,31-03-2025_19-04-51,/srv/projects2/captarlibras_finep/dataset_captarlibras/raw-data/frontal-cam/31-03-2025_19-04-51_p0079_s23_b1_RAW--ZED-RGB_FRONT.avi,2025-03-31 19:04:51
31-03-2025_19-05-08_p0079_s24_b1_RAW,79,24,O que você está sentindo que te fez procurar o hospital?,Vômitos,31-03-2025_19-05-08,/srv/projects2/captarlibras_finep/dataset_captarlibras/raw-data/frontal-cam/31-03-2025_19-05-08_p0079_s24_b1_RAW--ZED-RGB_FRONT.avi,2025-03-31 19:05:08
31-03-2025_19-05-24_p0079_s25_b1_RAW,79,25,O que você está sentindo que te fez procurar o hospital?,Fezes escurecidas,31-03-2025_19-05-24,/srv/projects2/captarlibras_finep/dataset_captarlibras/raw-data/frontal-cam/31-03-2025_19-05-24_p0079_s25_b1_RAW--ZED-RGB_FRONT.avi,2025-03-31 19:05:24
31-03-2025_19-05-53_p0079_s26_b1_RAW,79,26,O que você está sentindo que te fez procurar o hospital?,Tosse,31-03-2025_19-05-53,/srv/projects2/captarlibras_finep/dataset_captarlibras/raw-data/frontal-cam/31-03-2025_19-05-53_p0079_s26_b1_RAW--ZED-RGB_FRONT.avi,2025-03-31 19:05:53
31-03-2025_19-06-10_p0079_s27_b1_RAW,79,27,O que você está sentindo que te fez procurar o hospital?,Nariz escorrendo,31-03-2025_19-06-10,/srv/projects2/captarlibras_finep/dataset_captarlibras/raw-data/frontal-cam/31-03-2025_19-06-10_p0079_s27_b1_RAW--ZED-RGB_FRONT.avi,2025-03-31 19:06:10
31-03-2025_19-06-26_p0079_s28_b1_RAW,79,28,O que você está sentindo que te fez procurar o hospital?,Obstrução nasal,31-03-2025_19-06-26,/srv/projects2/captarlibras_finep/dataset_captarlibras/raw-data/frontal-cam/31-03-2025_19-06-26_p0079_s28_b1_RAW--ZED-RGB_FRONT.avi,2025-03-31 19:06:26
31-03-2025_19-06-45_p0079_s29_b1_RAW,79,29,O que você está sentindo que te fez procurar o hospital?,Inchaço,31-03-2025_19-06-45,/srv/projects2/captarlibras_finep/dataset_captarlibras/raw-data/frontal-cam/31-03-2025_19-06-45_p0079_s29_b1_RAW--ZED-RGB_FRONT.avi,2025-03-31 19:06:45
31-03-2025_19-07-12_p0079_s30_b1_RAW,79,30,O que você está sentindo que te fez procurar o hospital?,Feridas na pele,31-03-2025_19-07-12,/srv/projects2/captarlibras_finep/dataset_captarlibras/raw-data/frontal-cam/31-03-2025_19-07-12_p0079_s30_b1_RAW--ZED-RGB_FRONT.avi,2025-03-31 19:07:12
31-03-2025_19-07-27_p0079_s31_b1_RAW,79,31,O que você está sentindo que te fez procurar o hospital?,Manchas na pele,31-03-2025_19-07-27,/srv/projects2/captarlibras_finep/dataset_captarlibras/raw-data/frontal-cam/31-03-2025_19-07-27_p0079_s31_b1_RAW--ZED-RGB_FRONT.avi,2025-03-31 19:07:27
31-03-2025_19-07-42_p0079_s32_b1_RAW,79,32,O que você está sentindo que te fez procurar o hospital?,Pele com manchas vermelhas,31-03-2025_19-07-42,/srv/projects2/captarlibras_finep/dataset_captarlibras/raw-data/frontal-cam/31-03-2025_19-07-42_p0079_s32_b1_RAW--ZED-RGB_FRONT.avi,2025-03-31 19:07:42
31-03-2025_19-08-03_p0079_s33_b1_RAW,79,33,O que você está sentindo que te fez procurar o hospital?,Coceira,31-03-2025_19-08-03,/srv/projects2/captarlibras_finep/dataset_captarlibras/raw-data/frontal-cam/31-03-2025_19-08-03_p0079_s33_b1_RAW--ZED-RGB_FRONT.avi,2025-03-31 19:08:03
31-03-2025_19-08-22_p0079_s34_b1_RAW,79,34,O que você está sentindo que te fez procurar o hospital?,Febre,31-03-2025_19-08-22,/srv/projects2/captarlibras_finep/dataset_captarlibras/raw-data/frontal-cam/31-03-2025_19-08-22_p0079_s34_b1_RAW--ZED-RGB_FRONT.avi,2025-03-31 19:08:22
31-03-2025_19-08-39_p0079_s35_b1_RAW,79,35,O que você está sentindo que te fez procurar o hospital?,Calafrios,31-03-2025_19-08-39,/srv/projects2/captarlibras_finep/dataset_captarlibras/raw-data/frontal-cam/31-03-2025_19-08-39_p0079_s35_b1_RAW--ZED-RGB_FRONT.avi,2025-03-31 19:08:39
31-03-2025_19-09-59_p0079_s36_b1_RAW,79,36,O que você está sentindo que te fez procurar o hospital?,Excesso de suor,31-03-2025_19-09-59,/srv/projects2/captarlibras_finep/dataset_captarlibras/raw-data/frontal-cam/31-03-2025_19-09-59_p0079_s36_b1_RAW--ZED-RGB_FRONT.avi,2025-03-31 19:09:59
31-03-2025_19-10-26_p0079_s37_b1_RAW,79,37,O que você está sentindo que te fez procurar o hospital?,Glicemia alterada,31-03-2025_19-10-26,/srv/projects2/captarlibras_finep/dataset_captarlibras/raw-data/frontal-cam/31-03-2025_19-10-26_p0079_s37_b1_RAW--ZED-RGB_FRONT.avi,2025-03-31 19:10:26
31-03-2025_19-10-43_p0079_s38_b1_RAW,79,38,O que você está sentindo que te fez procurar o hospital?,Tentativa de suicídio,31-03-2025_19-10-43,/srv/projects2/captarlibras_finep/dataset_captarlibras/raw-data/frontal-cam/31-03-2025_19-10-43_p0079_s38_b1_RAW--ZED-RGB_FRONT.avi,2025-03-31 19:10:43
31-03-2025_19-10-59_p0079_s39_b1_RAW,79,39,O que você está sentindo que te fez procurar o hospital?,Mordeduras,31-03-2025_19-10-59,/srv/projects2/captarlibras_finep/dataset_captarlibras/raw-data/frontal-cam/31-03-2025_19-10-59_p0079_s39_b1_RAW--ZED-RGB_FRONT.avi,2025-03-31 19:10:59
31-03-2025_19-11-14_p0079_s40_b1_RAW,79,40,O que você está sentindo que te fez procurar o hospital?,Mordida de cachorro,31-03-2025_19-11-14,/srv/projects2/captarlibras_finep/dataset_captarlibras/raw-data/frontal-cam/31-03-2025_19-11-14_p0079_s40_b1_RAW--ZED-RGB_FRONT.avi,2025-03-31 19:11:14
31-03-2025_19-11-35_p0079_s41_b1_RAW,79,41,O que você está sentindo que te fez procurar o hospital?,Mordida de gato,31-03-2025_19-11-35,/srv/projects2/captarlibras_finep/dataset_captarlibras/raw-data/frontal-cam/31-03-2025_19-11-35_p0079_s41_b1_RAW--ZED-RGB_FRONT.avi,2025-03-31 19:11:35
31-03-2025_19-11-49_p0079_s42_b1_RAW,79,42,O que você está sentindo que te fez procurar o hospital?,Picada de cobra,31-03-2025_19-11-49,/srv/projects2/captarlibras_finep/dataset_captarlibras/raw-data/frontal-cam/31-03-2025_19-11-49_p0079_s42_b1_RAW--ZED-RGB_FRONT.avi,2025-03-31 19:11:49
31-03-2025_19-12-07_p0079_s43_b1_RAW,79,43,O que você está sentindo que te fez procurar o hospital?,Picada de escorpião,31-03-2025_19-12-07,/srv/projects2/captarlibras_finep/dataset_captarlibras/raw-data/frontal-cam/31-03-2025_19-12-07_p0079_s43_b1_RAW--ZED-RGB_FRONT.avi,2025-03-31 19:12:07
31-03-2025_19-12-24_p0079_s44_b1_RAW,79,44,O que você está sentindo que te fez procurar o hospital?,Pressão arterial alterada,31-03-2025_19-12-24,/srv/projects2/captarlibras_finep/dataset_captarlibras/raw-data/frontal-cam/31-03-2025_19-12-24_p0079_s44_b1_RAW--ZED-RGB_FRONT.avi,2025-03-31 19:12:24
31-03-2025_19-12-42_p0079_s45_b1_RAW,79,45,O que você está sentindo que te fez procurar o hospital?,Problemas nos olhos,31-03-2025_19-12-42,/srv/projects2/captarlibras_finep/dataset_captarlibras/raw-data/frontal-cam/31-03-2025_19-12-42_p0079_s45_b1_RAW--ZED-RGB_FRONT.avi,2025-03-31 19:12:42
31-03-2025_19-13-11_p0079_s46_b1_RAW,79,46,O que você está sentindo que te fez procurar o hospital?,Problemas no ouvido,31-03-2025_19-13-11,/srv/projects2/captarlibras_finep/dataset_captarlibras/raw-data/frontal-cam/31-03-2025_19-13-11_p0079_s46_b1_RAW--ZED-RGB_FRONT.avi,2025-03-31 19:13:11
31-03-2025_19-13-27_p0079_s47_b1_RAW,79,47,O que você está sentindo que te fez procurar o hospital?,Ardor para urinar,31-03-2025_19-13-27,/srv/projects2/captarlibras_finep/dataset_captarlibras/raw-data/frontal-cam/31-03-2025_19-13-27_p0079_s47_b1_RAW--ZED-RGB_FRONT.avi,2025-03-31 19:13:27
31-03-2025_19-13-49_p0079_s48_b1_RAW,79,48,O que você está sentindo que te fez procurar o hospital?,Urina solta,31-03-2025_19-13-49,/srv/projects2/captarlibras_finep/dataset_captarlibras/raw-data/frontal-cam/31-03-2025_19-13-49_p0079_s48_b1_RAW--ZED-RGB_FRONT.avi,2025-03-31 19:13:49
31-03-2025_19-14-22_p0079_s49_b1_RAW,79,49,O que você está sentindo que te fez procurar o hospital?,Urinando pouco,31-03-2025_19-14-22,/srv/projects2/captarlibras_finep/dataset_captarlibras/raw-data/frontal-cam/31-03-2025_19-14-22_p0079_s49_b1_RAW--ZED-RGB_FRONT.avi,2025-03-31 19:14:22
31-03-2025_19-14-44_p0079_s50_b1_RAW,79,50,O que você está sentindo que te fez procurar o hospital?,Urinando muito,31-03-2025_19-14-44,/srv/projects2/captarlibras_finep/dataset_captarlibras/raw-data/frontal-cam/31-03-2025_19-14-44_p0079_s50_b1_RAW--ZED-RGB_FRONT.avi,2025-03-31 19:14:44
31-03-2025_19-14-57_p0079_s51_b1_RAW,79,51,O que você está sentindo que te fez procurar o hospital?,Urina escura,31-03-2025_19-14-57,/srv/projects2/captarlibras_finep/dataset_captarlibras/raw-data/frontal-cam/31-03-2025_19-14-57_p0079_s51_b1_RAW--ZED-RGB_FRONT.avi,2025-03-31 19:14:57
31-03-2025_19-15-18_p0079_s52_b1_RAW,79,52,O que você está sentindo que te fez procurar o hospital?,Urina com espuma,31-03-2025_19-15-18,/srv/projects2/captarlibras_finep/dataset_captarlibras/raw-data/frontal-cam/31-03-2025_19-15-18_p0079_s52_b1_RAW--ZED-RGB_FRONT.avi,2025-03-31 19:15:18
31-03-2025_19-15-43_p0079_s53_b1_RAW,79,53,O que você está sentindo que te fez procurar o hospital?,Sangue na urina,31-03-2025_19-15-43,/srv/projects2/captarlibras_finep/dataset_captarlibras/raw-data/frontal-cam/31-03-2025_19-15-43_p0079_s53_b1_RAW--ZED-RGB_FRONT.avi,2025-03-31 19:15:43
31-03-2025_19-16-06_p0079_s54_b1_RAW,79,54,O que você está sentindo que te fez procurar o hospital?,Sangramento pela boca,31-03-2025_19-16-06,/srv/projects2/captarlibras_finep/dataset_captarlibras/raw-data/frontal-cam/31-03-2025_19-16-06_p0079_s54_b1_RAW--ZED-RGB_FRONT.avi,2025-03-31 19:16:06
31-03-2025_19-16-26_p0079_s55_b1_RAW,79,55,O que você está sentindo que te fez procurar o hospital?,Sangramento pelo nariz,31-03-2025_19-16-26,/srv/projects2/captarlibras_finep/dataset_captarlibras/raw-data/frontal-cam/31-03-2025_19-16-26_p0079_s55_b1_RAW--ZED-RGB_FRONT.avi,2025-03-31 19:16:26
31-03-2025_19-16-45_p0079_s56_b1_RAW,79,56,O que você está sentindo que te fez procurar o hospital?,Sangramento nas fezes,31-03-2025_19-16-45,/srv/projects2/captarlibras_finep/dataset_captarlibras/raw-data/frontal-cam/31-03-2025_19-16-45_p0079_s56_b1_RAW--ZED-RGB_FRONT.avi,2025-03-31 19:16:45
31-03-2025_19-17-01_p0079_s57_b1_RAW,79,57,O que você está sentindo que te fez procurar o hospital?,Tonteira,31-03-2025_19-17-01,/srv/projects2/captarlibras_finep/dataset_captarlibras/raw-data/frontal-cam/31-03-2025_19-17-01_p0079_s57_b1_RAW--ZED-RGB_FRONT.avi,2025-03-31 19:17:01
31-03-2025_19-17-24_p0079_s58_b1_RAW,79,58,O que você está sentindo que te fez procurar o hospital?,Trauma físico,31-03-2025_19-17-24,/srv/projects2/captarlibras_finep/dataset_captarlibras/raw-data/frontal-cam/31-03-2025_19-17-24_p0079_s58_b1_RAW--ZED-RGB_FRONT.avi,2025-03-31 19:17:24
31-03-2025_19-17-54_p0079_s59_b1_RAW,79,59,O que você está sentindo que te fez procurar o hospital?,Trauma psicológico,31-03-2025_19-17-54,/srv/projects2/captarlibras_finep/dataset_captarlibras/raw-data/frontal-cam/31-03-2025_19-17-54_p0079_s59_b1_RAW--ZED-RGB_FRONT.avi,2025-03-31 19:17:54
31-03-2025_19-18-10_p0079_s60_b1_RAW,79,60,O que você está sentindo que te fez procurar o hospital?,Agressão,31-03-2025_19-18-10,/srv/projects2/captarlibras_finep/dataset_captarlibras/raw-data/frontal-cam/31-03-2025_19-18-10_p0079_s60_b1_RAW--ZED-RGB_FRONT.avi,2025-03-31 19:18:10
31-03-2025_19-18-24_p0079_s61_b1_RAW,79,61,O que você está sentindo que te fez procurar o hospital?,Queimaduras,31-03-2025_19-18-24,/srv/projects2/captarlibras_finep/dataset_captarlibras/raw-data/frontal-cam/31-03-2025_19-18-24_p0079_s61_b1_RAW--ZED-RGB_FRONT.avi,2025-03-31 19:18:24
31-03-2025_19-18-44_p0079_s62_b1_RAW,79,62,O que você está sentindo que te fez procurar o hospital?,Lesão por arma branca,31-03-2025_19-18-44,/srv/projects2/captarlibras_finep/dataset_captarlibras/raw-data/frontal-cam/31-03-2025_19-18-44_p0079_s62_b1_RAW--ZED-RGB_FRONT.avi,2025-03-31 19:18:44
31-03-2025_19-19-03_p0079_s63_b1_RAW,79,63,O que você está sentindo que te fez procurar o hospital?,Lesão por arma de fogo,31-03-2025_19-19-03,/srv/projects2/captarlibras_finep/dataset_captarlibras/raw-data/frontal-cam/31-03-2025_19-19-03_p0079_s63_b1_RAW--ZED-RGB_FRONT.avi,2025-03-31 19:19:03
31-03-2025_19-19-29_p0079_s64_b1_RAW,79,64,O que você está sentindo que te fez procurar o hospital?,Iminência de trabalho de parto,31-03-2025_19-19-29,/srv/projects2/captarlibras_finep/dataset_captarlibras/raw-data/frontal-cam/31-03-2025_19-19-29_p0079_s64_b1_RAW--ZED-RGB_FRONT.avi,2025-03-31 19:19:29
31-03-2025_19-20-29_p0079_s65_b1_RAW,79,65,O que você está sentindo que te fez procurar o hospital?,Trabalho de parto ativo,31-03-2025_19-20-29,/srv/projects2/captarlibras_finep/dataset_captarlibras/raw-data/frontal-cam/31-03-2025_19-20-29_p0079_s65_b1_RAW--ZED-RGB_FRONT.avi,2025-03-31 19:20:29
31-03-2025_19-20-47_p0079_s66_b1_RAW,79,66,O que você está sentindo que te fez procurar o hospital?,Sangramento vaginal,31-03-2025_19-20-47,/srv/projects2/captarlibras_finep/dataset_captarlibras/raw-data/frontal-cam/31-03-2025_19-20-47_p0079_s66_b1_RAW--ZED-RGB_FRONT.avi,2025-03-31 19:20:47
31-03-2025_19-21-23_p0079_s67_b1_RAW,79,67,O que você está sentindo que te fez procurar o hospital?,Vômitos com sangue,31-03-2025_19-21-23,/srv/projects2/captarlibras_finep/dataset_captarlibras/raw-data/frontal-cam/31-03-2025_19-21-23_p0079_s67_b1_RAW--ZED-RGB_FRONT.avi,2025-03-31 19:21:23
31-03-2025_19-21-59_p0079_sP02_b1_RAW,79,P02,Quando começou?,Pergunta,31-03-2025_19-21-59,/srv/projects2/captarlibras_finep/dataset_captarlibras/raw-data/frontal-cam/31-03-2025_19-21-59_p0079_sP02_b1_RAW--ZED-RGB_FRONT.avi,2025-03-31 19:21:59
31-03-2025_19-22-15_p0079_s68_b1_RAW,79,68,Quando começou?,Quinze minutos,31-03-2025_19-22-15,/srv/projects2/captarlibras_finep/dataset_captarlibras/raw-data/frontal-cam/31-03-2025_19-22-15_p0079_s68_b1_RAW--ZED-RGB_FRONT.avi,2025-03-31 19:22:15
31-03-2025_19-22-29_p0079_s69_b1_RAW,79,69,Quando começou?,Trinta minutos,31-03-2025_19-22-29,/srv/projects2/captarlibras_finep/dataset_captarlibras/raw-data/frontal-cam/31-03-2025_19-22-29_p0079_s69_b1_RAW--ZED-RGB_FRONT.avi,2025-03-31 19:22:29
31-03-2025_19-22-58_p0079_s70_b1_RAW,79,70,Quando começou?,Uma hora,31-03-2025_19-22-58,/srv/projects2/captarlibras_finep/dataset_captarlibras/raw-data/frontal-cam/31-03-2025_19-22-58_p0079_s70_b1_RAW--ZED-RGB_FRONT.avi,2025-03-31 19:22:58
31-03-2025_19-23-21_p0079_s71_b1_RAW,79,71,Quando começou?,Duas horas,31-03-2025_19-23-21,/srv/projects2/captarlibras_finep/dataset_captarlibras/raw-data/frontal-cam/31-03-2025_19-23-21_p0079_s71_b1_RAW--ZED-RGB_FRONT.avi,2025-03-31 19:23:21
31-03-2025_19-23-49_p0079_s72_b1_RAW,79,72,Quando começou?,Dois meses,31-03-2025_19-23-49,/srv/projects2/captarlibras_finep/dataset_captarlibras/raw-data/frontal-cam/31-03-2025_19-23-49_p0079_s72_b1_RAW--ZED-RGB_FRONT.avi,2025-03-31 19:23:49
31-03-2025_19-24-11_p0079_sP03_b1_RAW,79,P03,Como começou? O que você estava fazendo?,Pergunta,31-03-2025_19-24-11,/srv/projects2/captarlibras_finep/dataset_captarlibras/raw-data/frontal-cam/31-03-2025_19-24-11_p0079_sP03_b1_RAW--ZED-RGB_FRONT.avi,2025-03-31 19:24:11
31-03-2025_19-24-31_p0079_s73_b1_RAW,79,73,Como começou? O que você estava fazendo?,Comendo,31-03-2025_19-24-31,/srv/projects2/captarlibras_finep/dataset_captarlibras/raw-data/frontal-cam/31-03-2025_19-24-31_p0079_s73_b1_RAW--ZED-RGB_FRONT.avi,2025-03-31 19:24:31
31-03-2025_19-24-58_p0079_s74_b1_RAW,79,74,Como começou? O que você estava fazendo?,Bebendo,31-03-2025_19-24-58,/srv/projects2/captarlibras_finep/dataset_captarlibras/raw-data/frontal-cam/31-03-2025_19-24-58_p0079_s74_b1_RAW--ZED-RGB_FRONT.avi,2025-03-31 19:24:58
31-03-2025_19-25-14_p0079_s75_b1_RAW,79,75,Como começou? O que você estava fazendo?,Tossindo,31-03-2025_19-25-14,/srv/projects2/captarlibras_finep/dataset_captarlibras/raw-data/frontal-cam/31-03-2025_19-25-14_p0079_s75_b1_RAW--ZED-RGB_FRONT.avi,2025-03-31 19:25:14
31-03-2025_19-25-28_p0079_s76_b1_RAW,79,76,Como começou? O que você estava fazendo?,Limpando a casa,31-03-2025_19-25-28,/srv/projects2/captarlibras_finep/dataset_captarlibras/raw-data/frontal-cam/31-03-2025_19-25-28_p0079_s76_b1_RAW--ZED-RGB_FRONT.avi,2025-03-31 19:25:28
31-03-2025_19-25-45_p0079_s77_b1_RAW,79,77,Como começou? O que você estava fazendo?,Praticando exercício físico,31-03-2025_19-25-45,/srv/projects2/captarlibras_finep/dataset_captarlibras/raw-data/frontal-cam/31-03-2025_19-25-45_p0079_s77_b1_RAW--ZED-RGB_FRONT.avi,2025-03-31 19:25:45
31-03-2025_19-26-00_p0079_s78_b1_RAW,79,78,Como começou? O que você estava fazendo?,Em repouso,31-03-2025_19-26-00,/srv/projects2/captarlibras_finep/dataset_captarlibras/raw-data/frontal-cam/31-03-2025_19-26-00_p0079_s78_b1_RAW--ZED-RGB_FRONT.avi,2025-03-31 19:26:00
31-03-2025_19-26-45_p0079_s79_b1_RAW,79,79,Como começou? O que você estava fazendo?,Estava sentado,31-03-2025_19-26-45,/srv/projects2/captarlibras_finep/dataset_captarlibras/raw-data/frontal-cam/31-03-2025_19-26-45_p0079_s79_b1_RAW--ZED-RGB_FRONT.avi,2025-03-31 19:26:45
31-03-2025_19-27-01_p0079_s80_b1_RAW,79,80,Como começou? O que você estava fazendo?,Estava mudando de posição de sentado para de pé,31-03-2025_19-27-01,/srv/projects2/captarlibras_finep/dataset_captarlibras/raw-data/frontal-cam/31-03-2025_19-27-01_p0079_s80_b1_RAW--ZED-RGB_FRONT.avi,2025-03-31 19:27:01
31-03-2025_19-27-19_p0079_s81_b1_RAW,79,81,Como começou? O que você estava fazendo?,Não me lembro,31-03-2025_19-27-19,/srv/projects2/captarlibras_finep/dataset_captarlibras/raw-data/frontal-cam/31-03-2025_19-27-19_p0079_s81_b1_RAW--ZED-RGB_FRONT.avi,2025-03-31 19:27:19
01-04-2025_14-24-01_p0083_sP09.1_b3_RAW,83,P09.1,A dor no peito ou falta de ar piora ao fazer esforço físico?,Pergunta,01-04-2025_14-24-01,/srv/projects2/captarlibras_finep/dataset_captarlibras/raw-data/frontal-cam/01-04-2025_14-24-01_p0083_sP09.1_b3_RAW--ZED-RGB_FRONT.avi,2025-04-01 14:24:01
01-04-2025_14-24-33_p0083_sP09.2_b3_RAW,83,P09.2,Piora ao subir morro?,Pergunta,01-04-2025_14-24-33,/srv/projects2/captarlibras_finep/dataset_captarlibras/raw-data/frontal-cam/01-04-2025_14-24-33_p0083_sP09.2_b3_RAW--ZED-RGB_FRONT.avi,2025-04-01 14:24:33
01-04-2025_14-25-15_p0083_s158_b3_RAW,83,158,Piora ao subir morro?,Piora ao subir morro,01-04-2025_14-25-15,/srv/projects2/captarlibras_finep/dataset_captarlibras/raw-data/frontal-cam/01-04-2025_14-25-15_p0083_s158_b3_RAW--ZED-RGB_FRONT.avi,2025-04-01 14:25:15
01-04-2025_14-25-28_p0083_s159_b3_RAW,83,159,Piora ao subir morro?,Não piora ao subir morro,01-04-2025_14-25-28,/srv/projects2/captarlibras_finep/dataset_captarlibras/raw-data/frontal-cam/01-04-2025_14-25-28_p0083_s159_b3_RAW--ZED-RGB_FRONT.avi,2025-04-01 14:25:28
01-04-2025_14-25-45_p0083_sP09.3_b3_RAW,83,P09.3,Piora ao andar no plano?,Pergunta,01-04-2025_14-25-45,/srv/projects2/captarlibras_finep/dataset_captarlibras/raw-data/frontal-cam/01-04-2025_14-25-45_p0083_sP09.3_b3_RAW--ZED-RGB_FRONT.avi,2025-04-01 14:25:45
01-04-2025_14-26-02_p0083_s160_b3_RAW,83,160,Piora ao andar no plano?,Piora ao andar no plano,01-04-2025_14-26-02,/srv/projects2/captarlibras_finep/dataset_captarlibras/raw-data/frontal-cam/01-04-2025_14-26-02_p0083_s160_b3_RAW--ZED-RGB_FRONT.avi,2025-04-01 14:26:02
01-04-2025_14-26-25_p0083_s161_b3_RAW,83,161,Piora ao andar no plano?,Não piora ao andar no plano,01-04-2025_14-26-25,/srv/projects2/captarlibras_finep/dataset_captarlibras/raw-data/frontal-cam/01-04-2025_14-26-25_p0083_s161_b3_RAW--ZED-RGB_FRONT.avi,2025-04-01 14:26:25
01-04-2025_14-26-43_p0083_sP09.4_b3_RAW,83,P09.4,Piora ao tomar banho?,Pergunta,01-04-2025_14-26-43,/srv/projects2/captarlibras_finep/dataset_captarlibras/raw-data/frontal-cam/01-04-2025_14-26-43_p0083_sP09.4_b3_RAW--ZED-RGB_FRONT.avi,2025-04-01 14:26:43
01-04-2025_14-27-06_p0083_s162_b3_RAW,83,162,Piora ao tomar banho?,Piora ao tomar banho,01-04-2025_14-27-06,/srv/projects2/captarlibras_finep/dataset_captarlibras/raw-data/frontal-cam/01-04-2025_14-27-06_p0083_s162_b3_RAW--ZED-RGB_FRONT.avi,2025-04-01 14:27:06
01-04-2025_14-27-22_p0083_s163_b3_RAW,83,163,Piora ao tomar banho?,Não piora ao tomar banho,01-04-2025_14-27-22,/srv/projects2/captarlibras_finep/dataset_captarlibras/raw-data/frontal-cam/01-04-2025_14-27-22_p0083_s163_b3_RAW--ZED-RGB_FRONT.avi,2025-04-01 14:27:22
01-04-2025_14-28-34_p0083_sP09.5_b3_RAW,83,P09.5,Piora em repouso?,Pergunta,01-04-2025_14-28-34,/srv/projects2/captarlibras_finep/dataset_captarlibras/raw-data/frontal-cam/01-04-2025_14-28-34_p0083_sP09.5_b3_RAW--ZED-RGB_FRONT.avi,2025-04-01 14:28:34
01-04-2025_14-28-47_p0083_s164_b3_RAW,83,164,Piora em repouso?,Piora em repouso,01-04-2025_14-28-47,/srv/projects2/captarlibras_finep/dataset_captarlibras/raw-data/frontal-cam/01-04-2025_14-28-47_p0083_s164_b3_RAW--ZED-RGB_FRONT.avi,2025-04-01 14:28:47
01-04-2025_14-29-00_p0083_s165_b3_RAW,83,165,Piora em repouso?,Não piora em repouso,01-04-2025_14-29-00,/srv/projects2/captarlibras_finep/dataset_captarlibras/raw-data/frontal-cam/01-04-2025_14-29-00_p0083_s165_b3_RAW--ZED-RGB_FRONT.avi,2025-04-01 14:29:00
01-04-2025_14-29-32_p0083_sP09.6_b3_RAW,83,P09.6,Piora ao subir escada?,Pergunta,01-04-2025_14-29-32,/srv/projects2/captarlibras_finep/dataset_captarlibras/raw-data/frontal-cam/01-04-2025_14-29-32_p0083_sP09.6_b3_RAW--ZED-RGB_FRONT.avi,2025-04-01 14:29:32
01-04-2025_14-30-33_p0083_s166_b3_RAW,83,166,Piora ao subir escada?,Piora ao subir escada,01-04-2025_14-30-33,/srv/projects2/captarlibras_finep/dataset_captarlibras/raw-data/frontal-cam/01-04-2025_14-30-33_p0083_s166_b3_RAW--ZED-RGB_FRONT.avi,2025-04-01 14:30:33
01-04-2025_14-30-55_p0083_s167_b3_RAW,83,167,Piora ao subir escada?,Não piora ao subir escada,01-04-2025_14-30-55,/srv/projects2/captarlibras_finep/dataset_captarlibras/raw-data/frontal-cam/01-04-2025_14-30-55_p0083_s167_b3_RAW--ZED-RGB_FRONT.avi,2025-04-01 14:30:55
01-04-2025_14-31-13_p0083_sP09.7_b3_RAW,83,P09.7,A dor no peito ou falta de ar melhorou com algum medicamento?,Pergunta,01-04-2025_14-31-13,/srv/projects2/captarlibras_finep/dataset_captarlibras/raw-data/frontal-cam/01-04-2025_14-31-13_p0083_sP09.7_b3_RAW--ZED-RGB_FRONT.avi,2025-04-01 14:31:13
01-04-2025_14-31-33_p0083_s168_b3_RAW,83,168,A dor no peito ou falta de ar melhorou com algum medicamento?,Melhorou com medicamento,01-04-2025_14-31-33,/srv/projects2/captarlibras_finep/dataset_captarlibras/raw-data/frontal-cam/01-04-2025_14-31-33_p0083_s168_b3_RAW--ZED-RGB_FRONT.avi,2025-04-01 14:31:33
01-04-2025_14-31-50_p0083_s169_b3_RAW,83,169,A dor no peito ou falta de ar melhorou com algum medicamento?,Não melhorou com medicamento,01-04-2025_14-31-50,/srv/projects2/captarlibras_finep/dataset_captarlibras/raw-data/frontal-cam/01-04-2025_14-31-50_p0083_s169_b3_RAW--ZED-RGB_FRONT.avi,2025-04-01 14:31:50
01-04-2025_14-32-19_p0083_sP10_b3_RAW,83,P10,"De 1 a 10, sendo 1 uma dor muito fraca e 10 uma dor insuportável, qual é a intensidade da dor?",Pergunta,01-04-2025_14-32-19,/srv/projects2/captarlibras_finep/dataset_captarlibras/raw-data/frontal-cam/01-04-2025_14-32-19_p0083_sP10_b3_RAW--ZED-RGB_FRONT.avi,2025-04-01 14:32:19
01-04-2025_14-33-22_p0083_s170.0_b3_RAW,83,170.0,"De 1 a 10, sendo 1 uma dor muito fraca e 10 uma dor insuportável, qual é a intensidade da dor?",Zero,01-04-2025_14-33-22,/srv/projects2/captarlibras_finep/dataset_captarlibras/raw-data/frontal-cam/01-04-2025_14-33-22_p0083_s170.0_b3_RAW--ZED-RGB_FRONT.avi,2025-04-01 14:33:22
01-04-2025_14-33-33_p0083_s170.1_b3_RAW,83,170.1,"De 1 a 10, sendo 1 uma dor muito fraca e 10 uma dor insuportável, qual é a intensidade da dor?",Um,01-04-2025_14-33-33,/srv/projects2/captarlibras_finep/dataset_captarlibras/raw-data/frontal-cam/01-04-2025_14-33-33_p0083_s170.1_b3_RAW--ZED-RGB_FRONT.avi,2025-04-01 14:33:33
01-04-2025_14-33-44_p0083_s170.2_b3_RAW,83,170.2,"De 1 a 10, sendo 1 uma dor muito fraca e 10 uma dor insuportável, qual é a intensidade da dor?",Dois,01-04-2025_14-33-44,/srv/projects2/captarlibras_finep/dataset_captarlibras/raw-data/frontal-cam/01-04-2025_14-33-44_p0083_s170.2_b3_RAW--ZED-RGB_FRONT.avi,2025-04-01 14:33:44
01-04-2025_14-33-59_p0083_s170.3_b3_RAW,83,170.3,"De 1 a 10, sendo 1 uma dor muito fraca e 10 uma dor insuportável, qual é a intensidade da dor?",Três,01-04-2025_14-33-59,/srv/projects2/captarlibras_finep/dataset_captarlibras/raw-data/frontal-cam/01-04-2025_14-33-59_p0083_s170.3_b3_RAW--ZED-RGB_FRONT.avi,2025-04-01 14:33:59
01-04-2025_14-34-26_p0083_s170.4_b3_RAW,83,170.4,"De 1 a 10, sendo 1 uma dor muito fraca e 10 uma dor insuportável, qual é a intensidade da dor?",Quatro,01-04-2025_14-34-26,/srv/projects2/captarlibras_finep/dataset_captarlibras/raw-data/frontal-cam/01-04-2025_14-34-26_p0083_s170.4_b3_RAW--ZED-RGB_FRONT.avi,2025-04-01 14:34:26
01-04-2025_14-34-36_p0083_s170.5_b3_RAW,83,170.5,"De 1 a 10, sendo 1 uma dor muito fraca e 10 uma dor insuportável, qual é a intensidade da dor?",Cinco,01-04-2025_14-34-36,/srv/projects2/captarlibras_finep/dataset_captarlibras/raw-data/frontal-cam/01-04-2025_14-34-36_p0083_s170.5_b3_RAW--ZED-RGB_FRONT.avi,2025-04-01 14:34:36
01-04-2025_14-34-51_p0083_s170.6_b3_RAW,83,170.6,"De 1 a 10, sendo 1 uma dor muito fraca e 10 uma dor insuportável, qual é a intensidade da dor?",Seis,01-04-2025_14-34-51,/srv/projects2/captarlibras_finep/dataset_captarlibras/raw-data/frontal-cam/01-04-2025_14-34-51_p0083_s170.6_b3_RAW--ZED-RGB_FRONT.avi,2025-04-01 14:34:51
01-04-2025_14-35-13_p0083_s170.7_b3_RAW,83,170.7,"De 1 a 10, sendo 1 uma dor muito fraca e 10 uma dor insuportável, qual é a intensidade da dor?",Sete,01-04-2025_14-35-13,/srv/projects2/captarlibras_finep/dataset_captarlibras/raw-data/frontal-cam/01-04-2025_14-35-13_p0083_s170.7_b3_RAW--ZED-RGB_FRONT.avi,2025-04-01 14:35:13
01-04-2025_14-35-26_p0083_s170.8_b3_RAW,83,170.8,"De 1 a 10, sendo 1 uma dor muito fraca e 10 uma dor insuportável, qual é a intensidade da dor?",Oito,01-04-2025_14-35-26,/srv/projects2/captarlibras_finep/dataset_captarlibras/raw-data/frontal-cam/01-04-2025_14-35-26_p0083_s170.8_b3_RAW--ZED-RGB_FRONT.avi,2025-04-01 14:35:26
01-04-2025_14-35-38_p0083_s170.9_b3_RAW,83,170.9,"De 1 a 10, sendo 1 uma dor muito fraca e 10 uma dor insuportável, qual é a intensidade da dor?",Nove,01-04-2025_14-35-38,/srv/projects2/captarlibras_finep/dataset_captarlibras/raw-data/frontal-cam/01-04-2025_14-35-38_p0083_s170.9_b3_RAW--ZED-RGB_FRONT.avi,2025-04-01 14:35:38
01-04-2025_14-35-48_p0083_s170.10_b3_RAW,83,170.10,"De 1 a 10, sendo 1 uma dor muito fraca e 10 uma dor insuportável, qual é a intensidade da dor?",Dez,01-04-2025_14-35-48,/srv/projects2/captarlibras_finep/dataset_captarlibras/raw-data/frontal-cam/01-04-2025_14-35-48_p0083_s170.10_b3_RAW--ZED-RGB_FRONT.avi,2025-04-01 14:35:48
01-04-2025_14-36-17_p0083_sP11.1_b3_RAW,83,P11.1,Foi um episódio de dor ou mais episódios?,Pergunta,01-04-2025_14-36-17,/srv/projects2/captarlibras_finep/dataset_captarlibras/raw-data/frontal-cam/01-04-2025_14-36-17_p0083_sP11.1_b3_RAW--ZED-RGB_FRONT.avi,2025-04-01 14:36:17
01-04-2025_14-36-38_p0083_s171_b3_RAW,83,171,Foi um episódio de dor ou mais episódios?,Foi uma vez,01-04-2025_14-36-38,/srv/projects2/captarlibras_finep/dataset_captarlibras/raw-data/frontal-cam/01-04-2025_14-36-38_p0083_s171_b3_RAW--ZED-RGB_FRONT.avi,2025-04-01 14:36:38
01-04-2025_14-36-50_p0083_s172_b3_RAW,83,172,Foi um episódio de dor ou mais episódios?,Foram vários episódios,01-04-2025_14-36-50,/srv/projects2/captarlibras_finep/dataset_captarlibras/raw-data/frontal-cam/01-04-2025_14-36-50_p0083_s172_b3_RAW--ZED-RGB_FRONT.avi,2025-04-01 14:36:50
01-04-2025_14-37-02_p0083_s173_b3_RAW,83,173,Foi um episódio de dor ou mais episódios?,Constante,01-04-2025_14-37-02,/srv/projects2/captarlibras_finep/dataset_captarlibras/raw-data/frontal-cam/01-04-2025_14-37-02_p0083_s173_b3_RAW--ZED-RGB_FRONT.avi,2025-04-01 14:37:02
01-04-2025_14-37-17_p0083_sP11.2_b3_RAW,83,P11.2,Qual a frequência da dor?,Pergunta,01-04-2025_14-37-17,/srv/projects2/captarlibras_finep/dataset_captarlibras/raw-data/frontal-cam/01-04-2025_14-37-17_p0083_sP11.2_b3_RAW--ZED-RGB_FRONT.avi,2025-04-01 14:37:17
01-04-2025_14-37-54_p0083_s174_b3_RAW,83,174,Qual a frequência da dor?,Três vezes ao dia,01-04-2025_14-37-54,/srv/projects2/captarlibras_finep/dataset_captarlibras/raw-data/frontal-cam/01-04-2025_14-37-54_p0083_s174_b3_RAW--ZED-RGB_FRONT.avi,2025-04-01 14:37:54
01-04-2025_14-38-11_p0083_sP11.3_b3_RAW,83,P11.3,Quando foi o primeiro episódio?,Pergunta,01-04-2025_14-38-11,/srv/projects2/captarlibras_finep/dataset_captarlibras/raw-data/frontal-cam/01-04-2025_14-38-11_p0083_sP11.3_b3_RAW--ZED-RGB_FRONT.avi,2025-04-01 14:38:11
01-04-2025_14-38-37_p0083_s175_b3_RAW,83,175,Quando foi o primeiro episódio?,Duas semanas,01-04-2025_14-38-37,/srv/projects2/captarlibras_finep/dataset_captarlibras/raw-data/frontal-cam/01-04-2025_14-38-37_p0083_s175_b3_RAW--ZED-RGB_FRONT.avi,2025-04-01 14:38:37
01-04-2025_14-38-48_p0083_s176_b3_RAW,83,176,Quando foi o primeiro episódio?,Três meses,01-04-2025_14-38-48,/srv/projects2/captarlibras_finep/dataset_captarlibras/raw-data/frontal-cam/01-04-2025_14-38-48_p0083_s176_b3_RAW--ZED-RGB_FRONT.avi,2025-04-01 14:38:48
01-04-2025_14-39-01_p0083_s177_b3_RAW,83,177,Quando foi o primeiro episódio?,Um ano,01-04-2025_14-39-01,/srv/projects2/captarlibras_finep/dataset_captarlibras/raw-data/frontal-cam/01-04-2025_14-39-01_p0083_s177_b3_RAW--ZED-RGB_FRONT.avi,2025-04-01 14:39:01
01-04-2025_14-39-14_p0083_s178_b3_RAW,83,178,Quando foi o primeiro episódio?,Cinco anos,01-04-2025_14-39-14,/srv/projects2/captarlibras_finep/dataset_captarlibras/raw-data/frontal-cam/01-04-2025_14-39-14_p0083_s178_b3_RAW--ZED-RGB_FRONT.avi,2025-04-01 14:39:14
01-04-2025_14-39-33_p0083_sP11.4_b3_RAW,83,P11.4,"Como foi a evolução da dor ao longo do tempo, aumentou ou diminuiu de intensidade?",Pergunta,01-04-2025_14-39-33,/srv/projects2/captarlibras_finep/dataset_captarlibras/raw-data/frontal-cam/01-04-2025_14-39-33_p0083_sP11.4_b3_RAW--ZED-RGB_FRONT.avi,2025-04-01 14:39:33
01-04-2025_14-39-54_p0083_sP11.5_b3_RAW,83,P11.5,Houve aumento da duração da dor?,Pergunta,01-04-2025_14-39-54,/srv/projects2/captarlibras_finep/dataset_captarlibras/raw-data/frontal-cam/01-04-2025_14-39-54_p0083_sP11.5_b3_RAW--ZED-RGB_FRONT.avi,2025-04-01 14:39:54
01-04-2025_14-40-18_p0083_sP12_b3_RAW,83,P12,A dor tem uma localização fixa ou se espalha para algum lugar?,Pergunta,01-04-2025_14-40-18,/srv/projects2/captarlibras_finep/dataset_captarlibras/raw-data/frontal-cam/01-04-2025_14-40-18_p0083_sP12_b3_RAW--ZED-RGB_FRONT.avi,2025-04-01 14:40:18
01-04-2025_14-41-08_p0083_s179_b3_RAW,83,179,A dor tem uma localização fixa ou se espalha para algum lugar?,A dor é fixa,01-04-2025_14-41-08,/srv/projects2/captarlibras_finep/dataset_captarlibras/raw-data/frontal-cam/01-04-2025_14-41-08_p0083_s179_b3_RAW--ZED-RGB_FRONT.avi,2025-04-01 14:41:08
01-04-2025_14-42-33_p0083_s180_b3_RAW,83,180,A dor tem uma localização fixa ou se espalha para algum lugar?,A dor irradia para a nuca,01-04-2025_14-42-33,/srv/projects2/captarlibras_finep/dataset_captarlibras/raw-data/frontal-cam/01-04-2025_14-42-33_p0083_s180_b3_RAW--ZED-RGB_FRONT.avi,2025-04-01 14:42:33
01-04-2025_14-42-48_p0083_s181_b3_RAW,83,181,A dor tem uma localização fixa ou se espalha para algum lugar?,A dor irradia para o pescoço,01-04-2025_14-42-48,/srv/projects2/captarlibras_finep/dataset_captarlibras/raw-data/frontal-cam/01-04-2025_14-42-48_p0083_s181_b3_RAW--ZED-RGB_FRONT.avi,2025-04-01 14:42:48
01-04-2025_14-43-09_p0083_s182_b3_RAW,83,182,A dor tem uma localização fixa ou se espalha para algum lugar?,A dor irradia para a mandíbula,01-04-2025_14-43-09,/srv/projects2/captarlibras_finep/dataset_captarlibras/raw-data/frontal-cam/01-04-2025_14-43-09_p0083_s182_b3_RAW--ZED-RGB_FRONT.avi,2025-04-01 14:43:09
01-04-2025_14-43-32_p0083_s183_b3_RAW,83,183,A dor tem uma localização fixa ou se espalha para algum lugar?,A dor irradia para o ombro,01-04-2025_14-43-32,/srv/projects2/captarlibras_finep/dataset_captarlibras/raw-data/frontal-cam/01-04-2025_14-43-32_p0083_s183_b3_RAW--ZED-RGB_FRONT.avi,2025-04-01 14:43:32
01-04-2025_14-43-49_p0083_s184_b3_RAW,83,184,A dor tem uma localização fixa ou se espalha para algum lugar?,A dor irradia para o braço,01-04-2025_14-43-49,/srv/projects2/captarlibras_finep/dataset_captarlibras/raw-data/frontal-cam/01-04-2025_14-43-49_p0083_s184_b3_RAW--ZED-RGB_FRONT.avi,2025-04-01 14:43:49
01-04-2025_14-44-03_p0083_s185_b3_RAW,83,185,A dor tem uma localização fixa ou se espalha para algum lugar?,A dor irradia para a barriga,01-04-2025_14-44-03,/srv/projects2/captarlibras_finep/dataset_captarlibras/raw-data/frontal-cam/01-04-2025_14-44-03_p0083_s185_b3_RAW--ZED-RGB_FRONT.avi,2025-04-01 14:44:03
01-04-2025_14-44-24_p0083_s186_b3_RAW,83,186,A dor tem uma localização fixa ou se espalha para algum lugar?,A dor irradia para as costas,01-04-2025_14-44-24,/srv/projects2/captarlibras_finep/dataset_captarlibras/raw-data/frontal-cam/01-04-2025_14-44-24_p0083_s186_b3_RAW--ZED-RGB_FRONT.avi,2025-04-01 14:44:24
01-04-2025_14-44-57_p0083_s187_b3_RAW,83,187,A dor tem uma localização fixa ou se espalha para algum lugar?,A dor irradia para a virilha,01-04-2025_14-44-57,/srv/projects2/captarlibras_finep/dataset_captarlibras/raw-data/frontal-cam/01-04-2025_14-44-57_p0083_s187_b3_RAW--ZED-RGB_FRONT.avi,2025-04-01 14:44:57
01-04-2025_14-45-42_p0083_s188_b3_RAW,83,188,A dor tem uma localização fixa ou se espalha para algum lugar?,A dor irradia para a coxa,01-04-2025_14-45-42,/srv/projects2/captarlibras_finep/dataset_captarlibras/raw-data/frontal-cam/01-04-2025_14-45-42_p0083_s188_b3_RAW--ZED-RGB_FRONT.avi,2025-04-01 14:45:42
01-04-2025_14-47-07_p0083_s189_b3_RAW,83,189,A dor tem uma localização fixa ou se espalha para algum lugar?,A dor irradia para a perna,01-04-2025_14-47-07,/srv/projects2/captarlibras_finep/dataset_captarlibras/raw-data/frontal-cam/01-04-2025_14-47-07_p0083_s189_b3_RAW--ZED-RGB_FRONT.avi,2025-04-01 14:47:07
01-04-2025_14-47-23_p0083_sP13.1_b3_RAW,83,P13.1,A dor piora quando aperta?,Pergunta,01-04-2025_14-47-23,/srv/projects2/captarlibras_finep/dataset_captarlibras/raw-data/frontal-cam/01-04-2025_14-47-23_p0083_sP13.1_b3_RAW--ZED-RGB_FRONT.avi,2025-04-01 14:47:23
01-04-2025_14-47-41_p0083_s190_b3_RAW,83,190,A dor piora quando aperta?,Piora quando aperta,01-04-2025_14-47-41,/srv/projects2/captarlibras_finep/dataset_captarlibras/raw-data/frontal-cam/01-04-2025_14-47-41_p0083_s190_b3_RAW--ZED-RGB_FRONT.avi,2025-04-01 14:47:41
01-04-2025_14-47-55_p0083_s191_b3_RAW,83,191,A dor piora quando aperta?,Não piora quando aperta,01-04-2025_14-47-55,/srv/projects2/captarlibras_finep/dataset_captarlibras/raw-data/frontal-cam/01-04-2025_14-47-55_p0083_s191_b3_RAW--ZED-RGB_FRONT.avi,2025-04-01 14:47:55
01-04-2025_14-48-14_p0083_sP13.2_b3_RAW,83,P13.2,A dor piora quando muda a posição do corpo?,Pergunta,01-04-2025_14-48-14,/srv/projects2/captarlibras_finep/dataset_captarlibras/raw-data/frontal-cam/01-04-2025_14-48-14_p0083_sP13.2_b3_RAW--ZED-RGB_FRONT.avi,2025-04-01 14:48:14
01-04-2025_14-48-32_p0083_s192_b3_RAW,83,192,A dor piora quando muda a posição do corpo?,Piora quando muda a posição do corpo,01-04-2025_14-48-32,/srv/projects2/captarlibras_finep/dataset_captarlibras/raw-data/frontal-cam/01-04-2025_14-48-32_p0083_s192_b3_RAW--ZED-RGB_FRONT.avi,2025-04-01 14:48:32
01-04-2025_14-48-49_p0083_s193_b3_RAW,83,193,A dor piora quando muda a posição do corpo?,Não piora quando muda a posição do corpo,01-04-2025_14-48-49,/srv/projects2/captarlibras_finep/dataset_captarlibras/raw-data/frontal-cam/01-04-2025_14-48-49_p0083_s193_b3_RAW--ZED-RGB_FRONT.avi,2025-04-01 14:48:49
01-04-2025_14-49-15_p0083_sP14_b3_RAW,83,P14,"Tem dor, febre, calafrios, espirro ou secreção nasal?",Pergunta,01-04-2025_14-49-15,/srv/projects2/captarlibras_finep/dataset_captarlibras/raw-data/frontal-cam/01-04-2025_14-49-15_p0083_sP14_b3_RAW--ZED-RGB_FRONT.avi,2025-04-01 14:49:15
01-04-2025_14-49-36_p0083_sP15.1_b3_RAW,83,P15.1,Tem tosse?,Pergunta,01-04-2025_14-49-36,/srv/projects2/captarlibras_finep/dataset_captarlibras/raw-data/frontal-cam/01-04-2025_14-49-36_p0083_sP15.1_b3_RAW--ZED-RGB_FRONT.avi,2025-04-01 14:49:36
01-04-2025_14-49-54_p0083_sP15.2_b3_RAW,83,P15.2,Como é a tosse?,Pergunta,01-04-2025_14-49-54,/srv/projects2/captarlibras_finep/dataset_captarlibras/raw-data/frontal-cam/01-04-2025_14-49-54_p0083_sP15.2_b3_RAW--ZED-RGB_FRONT.avi,2025-04-01 14:49:54
01-04-2025_14-50-07_p0083_s194_b3_RAW,83,194,Como é a tosse?,Tosse seca,01-04-2025_14-50-07,/srv/projects2/captarlibras_finep/dataset_captarlibras/raw-data/frontal-cam/01-04-2025_14-50-07_p0083_s194_b3_RAW--ZED-RGB_FRONT.avi,2025-04-01 14:50:07
01-04-2025_14-50-35_p0083_sP15.3_b3_RAW,83,P15.3,Tosse é com ou sem catarro?,Pergunta,01-04-2025_14-50-35,/srv/projects2/captarlibras_finep/dataset_captarlibras/raw-data/frontal-cam/01-04-2025_14-50-35_p0083_sP15.3_b3_RAW--ZED-RGB_FRONT.avi,2025-04-01 14:50:35
01-04-2025_14-50-47_p0083_s195_b3_RAW,83,195,Tosse é com ou sem catarro?,Tosse sem catarro,01-04-2025_14-50-47,/srv/projects2/captarlibras_finep/dataset_captarlibras/raw-data/frontal-cam/01-04-2025_14-50-47_p0083_s195_b3_RAW--ZED-RGB_FRONT.avi,2025-04-01 14:50:47
01-04-2025_14-51-36_p0083_s196_b3_RAW,83,196,Tosse é com ou sem catarro?,Tosse com catarro,01-04-2025_14-51-36,/srv/projects2/captarlibras_finep/dataset_captarlibras/raw-data/frontal-cam/01-04-2025_14-51-36_p0083_s196_b3_RAW--ZED-RGB_FRONT.avi,2025-04-01 14:51:36
01-04-2025_14-52-46_p0083_sP15.4_b3_RAW,83,P15.4,Qual cor é o catarro?,Pergunta,01-04-2025_14-52-46,/srv/projects2/captarlibras_finep/dataset_captarlibras/raw-data/frontal-cam/01-04-2025_14-52-46_p0083_sP15.4_b3_RAW--ZED-RGB_FRONT.avi,2025-04-01 14:52:46
01-04-2025_14-53-00_p0083_s197_b3_RAW,83,197,Qual cor é o catarro?,Catarro transparente,01-04-2025_14-53-00,/srv/projects2/captarlibras_finep/dataset_captarlibras/raw-data/frontal-cam/01-04-2025_14-53-00_p0083_s197_b3_RAW--ZED-RGB_FRONT.avi,2025-04-01 14:53:00
01-04-2025_14-53-15_p0083_s198_b3_RAW,83,198,Qual cor é o catarro?,Catarro branco,01-04-2025_14-53-15,/srv/projects2/captarlibras_finep/dataset_captarlibras/raw-data/frontal-cam/01-04-2025_14-53-15_p0083_s198_b3_RAW--ZED-RGB_FRONT.avi,2025-04-01 14:53:15
01-04-2025_14-53-33_p0083_s199_b3_RAW,83,199,Qual cor é o catarro?,Catarro amarelado,01-04-2025_14-53-33,/srv/projects2/captarlibras_finep/dataset_captarlibras/raw-data/frontal-cam/01-04-2025_14-53-33_p0083_s199_b3_RAW--ZED-RGB_FRONT.avi,2025-04-01 14:53:33
01-04-2025_14-53-45_p0083_s200_b3_RAW,83,200,Qual cor é o catarro?,Catarro esverdeado,01-04-2025_14-53-45,/srv/projects2/captarlibras_finep/dataset_captarlibras/raw-data/frontal-cam/01-04-2025_14-53-45_p0083_s200_b3_RAW--ZED-RGB_FRONT.avi,2025-04-01 14:53:45
01-04-2025_14-53-57_p0083_s201_b3_RAW,83,201,Qual cor é o catarro?,Catarro vermelho,01-04-2025_14-53-57,/srv/projects2/captarlibras_finep/dataset_captarlibras/raw-data/frontal-cam/01-04-2025_14-53-57_p0083_s201_b3_RAW--ZED-RGB_FRONT.avi,2025-04-01 14:53:57
01-04-2025_14-54-14_p0083_s202_b3_RAW,83,202,Qual cor é o catarro?,Catarro com raias de sangue,01-04-2025_14-54-14,/srv/projects2/captarlibras_finep/dataset_captarlibras/raw-data/frontal-cam/01-04-2025_14-54-14_p0083_s202_b3_RAW--ZED-RGB_FRONT.avi,2025-04-01 14:54:14
01-04-2025_14-54-38_p0083_sP16_b3_RAW,83,P16,"Se não há espirro e tosse, sente ardor para urinar?",Pergunta,01-04-2025_14-54-38,/srv/projects2/captarlibras_finep/dataset_captarlibras/raw-data/frontal-cam/01-04-2025_14-54-38_p0083_sP16_b3_RAW--ZED-RGB_FRONT.avi,2025-04-01 14:54:38
01-04-2025_14-55-29_p0083_sP17.1_b3_RAW,83,P17.1,Você vacinou para covid-19?,Pergunta,01-04-2025_14-55-29,/srv/projects2/captarlibras_finep/dataset_captarlibras/raw-data/frontal-cam/01-04-2025_14-55-29_p0083_sP17.1_b3_RAW--ZED-RGB_FRONT.avi,2025-04-01 14:55:29
01-04-2025_14-55-43_p0083_s203_b3_RAW,83,203,Você vacinou para covid-19?,Não vacinei pra covid-19,01-04-2025_14-55-43,/srv/projects2/captarlibras_finep/dataset_captarlibras/raw-data/frontal-cam/01-04-2025_14-55-43_p0083_s203_b3_RAW--ZED-RGB_FRONT.avi,2025-04-01 14:55:43
01-04-2025_14-56-03_p0083_sP17.2_b3_RAW,83,P17.2,Quantas doses?,Pergunta,01-04-2025_14-56-03,/srv/projects2/captarlibras_finep/dataset_captarlibras/raw-data/frontal-cam/01-04-2025_14-56-03_p0083_sP17.2_b3_RAW--ZED-RGB_FRONT.avi,2025-04-01 14:56:03
01-04-2025_14-56-22_p0083_s204_b3_RAW,83,204,Quantas doses?,Duas doses,01-04-2025_14-56-22,/srv/projects2/captarlibras_finep/dataset_captarlibras/raw-data/frontal-cam/01-04-2025_14-56-22_p0083_s204_b3_RAW--ZED-RGB_FRONT.avi,2025-04-01 14:56:22
01-04-2025_14-56-37_p0083_s205_b3_RAW,83,205,Quantas doses?,Três doses,01-04-2025_14-56-37,/srv/projects2/captarlibras_finep/dataset_captarlibras/raw-data/frontal-cam/01-04-2025_14-56-37_p0083_s205_b3_RAW--ZED-RGB_FRONT.avi,2025-04-01 14:56:37
01-04-2025_14-56-48_p0083_s206_b3_RAW,83,206,Quantas doses?,Quatro doses,01-04-2025_14-56-48,/srv/projects2/captarlibras_finep/dataset_captarlibras/raw-data/frontal-cam/01-04-2025_14-56-48_p0083_s206_b3_RAW--ZED-RGB_FRONT.avi,2025-04-01 14:56:48
01-04-2025_14-57-05_p0083_sP17.3_b3_RAW,83,P17.3,Você vacinou para gripe?,Pergunta,01-04-2025_14-57-05,/srv/projects2/captarlibras_finep/dataset_captarlibras/raw-data/frontal-cam/01-04-2025_14-57-05_p0083_sP17.3_b3_RAW--ZED-RGB_FRONT.avi,2025-04-01 14:57:05
01-04-2025_14-57-18_p0083_s207_b3_RAW,83,207,Você vacinou para gripe?,Não vacinei pra gripe,01-04-2025_14-57-18,/srv/projects2/captarlibras_finep/dataset_captarlibras/raw-data/frontal-cam/01-04-2025_14-57-18_p0083_s207_b3_RAW--ZED-RGB_FRONT.avi,2025-04-01 14:57:18
01-04-2025_14-57-38_p0083_sP17.4_b3_RAW,83,P17.4,Trouxe cartão de vacina?,Pergunta,01-04-2025_14-57-38,/srv/projects2/captarlibras_finep/dataset_captarlibras/raw-data/frontal-cam/01-04-2025_14-57-38_p0083_sP17.4_b3_RAW--ZED-RGB_FRONT.avi,2025-04-01 14:57:38
01-04-2025_14-57-57_p0083_s208_b3_RAW,83,208,Trouxe cartão de vacina?,Não trouxe cartão de vacina,01-04-2025_14-57-57,/srv/projects2/captarlibras_finep/dataset_captarlibras/raw-data/frontal-cam/01-04-2025_14-57-57_p0083_s208_b3_RAW--ZED-RGB_FRONT.avi,2025-04-01 14:57:57
01-04-2025_14-58-17_p0083_sP20_b3_RAW,83,P20,Você trouxe algum relatório médico?,Pergunta,01-04-2025_14-58-17,/srv/projects2/captarlibras_finep/dataset_captarlibras/raw-data/frontal-cam/01-04-2025_14-58-17_p0083_sP20_b3_RAW--ZED-RGB_FRONT.avi,2025-04-01 14:58:17
01-04-2025_14-58-39_p0083_sP21.1_b3_RAW,83,P21.1,Você trouxe receita médica?,Pergunta,01-04-2025_14-58-39,/srv/projects2/captarlibras_finep/dataset_captarlibras/raw-data/frontal-cam/01-04-2025_14-58-39_p0083_sP21.1_b3_RAW--ZED-RGB_FRONT.avi,2025-04-01 14:58:39
01-04-2025_14-58-52_p0083_s241_b3_RAW,83,241,Você trouxe receita médica?,Trouxe receita médica,01-04-2025_14-58-52,/srv/projects2/captarlibras_finep/dataset_captarlibras/raw-data/frontal-cam/01-04-2025_14-58-52_p0083_s241_b3_RAW--ZED-RGB_FRONT.avi,2025-04-01 14:58:52
01-04-2025_14-59-10_p0083_s243_b3_RAW,83,243,Você trouxe receita médica?,Não trouxe receita médica,01-04-2025_14-59-10,/srv/projects2/captarlibras_finep/dataset_captarlibras/raw-data/frontal-cam/01-04-2025_14-59-10_p0083_s243_b3_RAW--ZED-RGB_FRONT.avi,2025-04-01 14:59:10
01-04-2025_14-59-27_p0083_sP21.2_b3_RAW,83,P21.2,Está usando algum medicamento?,Pergunta,01-04-2025_14-59-27,/srv/projects2/captarlibras_finep/dataset_captarlibras/raw-data/frontal-cam/01-04-2025_14-59-27_p0083_sP21.2_b3_RAW--ZED-RGB_FRONT.avi,2025-04-01 14:59:27
01-04-2025_14-59-42_p0083_s242_b3_RAW,83,242,Está usando algum medicamento?,Uso medicamento,01-04-2025_14-59-42,/srv/projects2/captarlibras_finep/dataset_captarlibras/raw-data/frontal-cam/01-04-2025_14-59-42_p0083_s242_b3_RAW--ZED-RGB_FRONT.avi,2025-04-01 14:59:42
01-04-2025_15-00-03_p0083_s244_b3_RAW,83,244,Está usando algum medicamento?,Não uso medicamento,01-04-2025_15-00-03,/srv/projects2/captarlibras_finep/dataset_captarlibras/raw-data/frontal-cam/01-04-2025_15-00-03_p0083_s244_b3_RAW--ZED-RGB_FRONT.avi,2025-04-01 15:00:03
03-04-2025_13-42-07_p0080_s105_b2_RAW,80,105,Onde é a dor?,Dor nos testículos direito e esquerdo,03-04-2025_13-42-07,/srv/projects2/captarlibras_finep/dataset_captarlibras/raw-data/frontal-cam/03-04-2025_13-42-07_p0080_s105_b2_RAW--ZED-RGB_FRONT.avi,2025-04-03 13:42:07
03-04-2025_13-56-36_p0080_sP08.2_b2_RAW,80,P08.2,Tem algum fator de melhora?,Pergunta,03-04-2025_13-56-36,/srv/projects2/captarlibras_finep/dataset_captarlibras/raw-data/frontal-cam/03-04-2025_13-56-36_p0080_sP08.2_b2_RAW--ZED-RGB_FRONT.avi,2025-04-03 13:56:36
03-04-2025_13-58-03_p0080_s145_b2_RAW,80,145,Tem algum fator de melhora?,Colocar água quente,03-04-2025_13-58-03,/srv/projects2/captarlibras_finep/dataset_captarlibras/raw-data/frontal-cam/03-04-2025_13-58-03_p0080_s145_b2_RAW--ZED-RGB_FRONT.avi,2025-04-03 13:58:03
03-04-2025_14-40-56_p0078_sP18.1_b4_RAW,78,P18.1,Está enjoado ou com vômitos?,Pergunta,03-04-2025_14-40-56,/srv/projects2/captarlibras_finep/dataset_captarlibras/raw-data/frontal-cam/03-04-2025_14-40-56_p0078_sP18.1_b4_RAW--ZED-RGB_FRONT.avi,2025-04-03 14:40:56
03-04-2025_14-41-28_p0078_s209_b4_RAW,78,209,Está enjoado ou com vômitos?,Não estou com vontade de vomitar,03-04-2025_14-41-28,/srv/projects2/captarlibras_finep/dataset_captarlibras/raw-data/frontal-cam/03-04-2025_14-41-28_p0078_s209_b4_RAW--ZED-RGB_FRONT.avi,2025-04-03 14:41:28
03-04-2025_14-41-42_p0078_sP18.2_b4_RAW,78,P18.2,Está com diarreia?,Pergunta,03-04-2025_14-41-42,/srv/projects2/captarlibras_finep/dataset_captarlibras/raw-data/frontal-cam/03-04-2025_14-41-42_p0078_sP18.2_b4_RAW--ZED-RGB_FRONT.avi,2025-04-03 14:41:42
03-04-2025_14-42-55_p0078_sP18.3_b4_RAW,78,P18.3,Como é a diarreia?,Pergunta,03-04-2025_14-42-55,/srv/projects2/captarlibras_finep/dataset_captarlibras/raw-data/frontal-cam/03-04-2025_14-42-55_p0078_sP18.3_b4_RAW--ZED-RGB_FRONT.avi,2025-04-03 14:42:55
03-04-2025_14-43-07_p0078_s210_b4_RAW,78,210,Como é a diarreia?,Amolecida,03-04-2025_14-43-07,/srv/projects2/captarlibras_finep/dataset_captarlibras/raw-data/frontal-cam/03-04-2025_14-43-07_p0078_s210_b4_RAW--ZED-RGB_FRONT.avi,2025-04-03 14:43:07
03-04-2025_14-43-20_p0078_s211_b4_RAW,78,211,Como é a diarreia?,Semilíquida,03-04-2025_14-43-20,/srv/projects2/captarlibras_finep/dataset_captarlibras/raw-data/frontal-cam/03-04-2025_14-43-20_p0078_s211_b4_RAW--ZED-RGB_FRONT.avi,2025-04-03 14:43:20
03-04-2025_14-43-33_p0078_s212_b4_RAW,78,212,Como é a diarreia?,Líquida,03-04-2025_14-43-33,/srv/projects2/captarlibras_finep/dataset_captarlibras/raw-data/frontal-cam/03-04-2025_14-43-33_p0078_s212_b4_RAW--ZED-RGB_FRONT.avi,2025-04-03 14:43:33
03-04-2025_14-43-45_p0078_s213_b4_RAW,78,213,Como é a diarreia?,Clara,03-04-2025_14-43-45,/srv/projects2/captarlibras_finep/dataset_captarlibras/raw-data/frontal-cam/03-04-2025_14-43-45_p0078_s213_b4_RAW--ZED-RGB_FRONT.avi,2025-04-03 14:43:45
03-04-2025_14-44-34_p0078_s214_b4_RAW,78,214,Como é a diarreia?,Brilhante,03-04-2025_14-44-34,/srv/projects2/captarlibras_finep/dataset_captarlibras/raw-data/frontal-cam/03-04-2025_14-44-34_p0078_s214_b4_RAW--ZED-RGB_FRONT.avi,2025-04-03 14:44:34
03-04-2025_14-44-51_p0078_s215_b4_RAW,78,215,Como é a diarreia?,Espumosa,03-04-2025_14-44-51,/srv/projects2/captarlibras_finep/dataset_captarlibras/raw-data/frontal-cam/03-04-2025_14-44-51_p0078_s215_b4_RAW--ZED-RGB_FRONT.avi,2025-04-03 14:44:51
03-04-2025_14-45-07_p0078_s216_b4_RAW,78,216,Como é a diarreia?,Explosiva,03-04-2025_14-45-07,/srv/projects2/captarlibras_finep/dataset_captarlibras/raw-data/frontal-cam/03-04-2025_14-45-07_p0078_s216_b4_RAW--ZED-RGB_FRONT.avi,2025-04-03 14:45:07
03-04-2025_14-45-20_p0078_s217_b4_RAW,78,217,Como é a diarreia?,Branca,03-04-2025_14-45-20,/srv/projects2/captarlibras_finep/dataset_captarlibras/raw-data/frontal-cam/03-04-2025_14-45-20_p0078_s217_b4_RAW--ZED-RGB_FRONT.avi,2025-04-03 14:45:20
03-04-2025_14-45-34_p0078_s218_b4_RAW,78,218,Como é a diarreia?,Escura,03-04-2025_14-45-34,/srv/projects2/captarlibras_finep/dataset_captarlibras/raw-data/frontal-cam/03-04-2025_14-45-34_p0078_s218_b4_RAW--ZED-RGB_FRONT.avi,2025-04-03 14:45:34
03-04-2025_14-46-45_p0078_s219_b4_RAW,78,219,Como é a diarreia?,Com resto de comida,03-04-2025_14-46-45,/srv/projects2/captarlibras_finep/dataset_captarlibras/raw-data/frontal-cam/03-04-2025_14-46-45_p0078_s219_b4_RAW--ZED-RGB_FRONT.avi,2025-04-03 14:46:45
03-04-2025_14-46-59_p0078_s220_b4_RAW,78,220,Como é a diarreia?,Com muco,03-04-2025_14-46-59,/srv/projects2/captarlibras_finep/dataset_captarlibras/raw-data/frontal-cam/03-04-2025_14-46-59_p0078_s220_b4_RAW--ZED-RGB_FRONT.avi,2025-04-03 14:46:59
03-04-2025_14-47-56_p0078_s221_b4_RAW,78,221,Como é a diarreia?,Com pus,03-04-2025_14-47-56,/srv/projects2/captarlibras_finep/dataset_captarlibras/raw-data/frontal-cam/03-04-2025_14-47-56_p0078_s221_b4_RAW--ZED-RGB_FRONT.avi,2025-04-03 14:47:56
03-04-2025_14-48-51_p0078_sP18.4_b4_RAW,78,P18.4,"Tem sangue, muco ou pus?",Pergunta,03-04-2025_14-48-51,/srv/projects2/captarlibras_finep/dataset_captarlibras/raw-data/frontal-cam/03-04-2025_14-48-51_p0078_sP18.4_b4_RAW--ZED-RGB_FRONT.avi,2025-04-03 14:48:51
03-04-2025_14-49-25_p0078_sP18.5_b4_RAW,78,P18.5,Sente dor na barriga?,Pergunta,03-04-2025_14-49-25,/srv/projects2/captarlibras_finep/dataset_captarlibras/raw-data/frontal-cam/03-04-2025_14-49-25_p0078_sP18.5_b4_RAW--ZED-RGB_FRONT.avi,2025-04-03 14:49:25
03-04-2025_14-49-42_p0078_s222_b4_RAW,78,222,Sente dor na barriga?,Não sinto dor na barriga,03-04-2025_14-49-42,/srv/projects2/captarlibras_finep/dataset_captarlibras/raw-data/frontal-cam/03-04-2025_14-49-42_p0078_s222_b4_RAW--ZED-RGB_FRONT.avi,2025-04-03 14:49:42
03-04-2025_14-50-05_p0078_sP19.1_b4_RAW,78,P19.1,Você faz tratamento para alguma doença? Qual?,Pergunta,03-04-2025_14-50-05,/srv/projects2/captarlibras_finep/dataset_captarlibras/raw-data/frontal-cam/03-04-2025_14-50-05_p0078_sP19.1_b4_RAW--ZED-RGB_FRONT.avi,2025-04-03 14:50:05
03-04-2025_14-50-37_p0078_s223_b4_RAW,78,223,Você faz tratamento para alguma doença? Qual?,Diabetes,03-04-2025_14-50-37,/srv/projects2/captarlibras_finep/dataset_captarlibras/raw-data/frontal-cam/03-04-2025_14-50-37_p0078_s223_b4_RAW--ZED-RGB_FRONT.avi,2025-04-03 14:50:37
03-04-2025_14-51-34_p0078_s224_b4_RAW,78,224,Você faz tratamento para alguma doença? Qual?,Infarto,03-04-2025_14-51-34,/srv/projects2/captarlibras_finep/dataset_captarlibras/raw-data/frontal-cam/03-04-2025_14-51-34_p0078_s224_b4_RAW--ZED-RGB_FRONT.avi,2025-04-03 14:51:34
03-04-2025_14-51-47_p0078_s225_b4_RAW,78,225,Você faz tratamento para alguma doença? Qual?,Arritmia,03-04-2025_14-51-47,/srv/projects2/captarlibras_finep/dataset_captarlibras/raw-data/frontal-cam/03-04-2025_14-51-47_p0078_s225_b4_RAW--ZED-RGB_FRONT.avi,2025-04-03 14:51:47
03-04-2025_14-52-02_p0078_s226_b4_RAW,78,226,Você faz tratamento para alguma doença? Qual?,Pressão alta,03-04-2025_14-52-02,/srv/projects2/captarlibras_finep/dataset_captarlibras/raw-data/frontal-cam/03-04-2025_14-52-02_p0078_s226_b4_RAW--ZED-RGB_FRONT.avi,2025-04-03 14:52:02
03-04-2025_14-52-15_p0078_s227_b4_RAW,78,227,Você faz tratamento para alguma doença? Qual?,Asma,03-04-2025_14-52-15,/srv/projects2/captarlibras_finep/dataset_captarlibras/raw-data/frontal-cam/03-04-2025_14-52-15_p0078_s227_b4_RAW--ZED-RGB_FRONT.avi,2025-04-03 14:52:15
03-04-2025_14-52-33_p0078_s228_b4_RAW,78,228,Você faz tratamento para alguma doença? Qual?,AIDS,03-04-2025_14-52-33,/srv/projects2/captarlibras_finep/dataset_captarlibras/raw-data/frontal-cam/03-04-2025_14-52-33_p0078_s228_b4_RAW--ZED-RGB_FRONT.avi,2025-04-03 14:52:33
03-04-2025_14-52-44_p0078_s229_b4_RAW,78,229,Você faz tratamento para alguma doença? Qual?,Câncer,03-04-2025_14-52-44,/srv/projects2/captarlibras_finep/dataset_captarlibras/raw-data/frontal-cam/03-04-2025_14-52-44_p0078_s229_b4_RAW--ZED-RGB_FRONT.avi,2025-04-03 14:52:44
03-04-2025_14-52-57_p0078_s230_b4_RAW,78,230,Você faz tratamento para alguma doença? Qual?,Depressão 1,03-04-2025_14-52-57,/srv/projects2/captarlibras_finep/dataset_captarlibras/raw-data/frontal-cam/03-04-2025_14-52-57_p0078_s230_b4_RAW--ZED-RGB_FRONT.avi,2025-04-03 14:52:57
03-04-2025_14-53-15_p0078_s231_b4_RAW,78,231,Você faz tratamento para alguma doença? Qual?,Depressão 2,03-04-2025_14-53-15,/srv/projects2/captarlibras_finep/dataset_captarlibras/raw-data/frontal-cam/03-04-2025_14-53-15_p0078_s231_b4_RAW--ZED-RGB_FRONT.avi,2025-04-03 14:53:15
03-04-2025_14-53-32_p0078_s232_b4_RAW,78,232,Você faz tratamento para alguma doença? Qual?,Ansiedade,03-04-2025_14-53-32,/srv/projects2/captarlibras_finep/dataset_captarlibras/raw-data/frontal-cam/03-04-2025_14-53-32_p0078_s232_b4_RAW--ZED-RGB_FRONT.avi,2025-04-03 14:53:32
03-04-2025_14-53-46_p0078_s233_b4_RAW,78,233,Você faz tratamento para alguma doença? Qual?,AVC,03-04-2025_14-53-46,/srv/projects2/captarlibras_finep/dataset_captarlibras/raw-data/frontal-cam/03-04-2025_14-53-46_p0078_s233_b4_RAW--ZED-RGB_FRONT.avi,2025-04-03 14:53:46
03-04-2025_14-54-00_p0078_s234_b4_RAW,78,234,Você faz tratamento para alguma doença? Qual?,Tuberculose,03-04-2025_14-54-00,/srv/projects2/captarlibras_finep/dataset_captarlibras/raw-data/frontal-cam/03-04-2025_14-54-00_p0078_s234_b4_RAW--ZED-RGB_FRONT.avi,2025-04-03 14:54:00
03-04-2025_14-55-21_p0078_s235_b4_RAW,78,235,Você faz tratamento para alguma doença? Qual?,Obesidade,03-04-2025_14-55-21,/srv/projects2/captarlibras_finep/dataset_captarlibras/raw-data/frontal-cam/03-04-2025_14-55-21_p0078_s235_b4_RAW--ZED-RGB_FRONT.avi,2025-04-03 14:55:21
03-04-2025_14-55-33_p0078_s236_b4_RAW,78,236,Você faz tratamento para alguma doença? Qual?,Cirrose,03-04-2025_14-55-33,/srv/projects2/captarlibras_finep/dataset_captarlibras/raw-data/frontal-cam/03-04-2025_14-55-33_p0078_s236_b4_RAW--ZED-RGB_FRONT.avi,2025-04-03 14:55:33
03-04-2025_14-55-50_p0078_s237_b4_RAW,78,237,Você faz tratamento para alguma doença? Qual?,Insuficiência renal,03-04-2025_14-55-50,/srv/projects2/captarlibras_finep/dataset_captarlibras/raw-data/frontal-cam/03-04-2025_14-55-50_p0078_s237_b4_RAW--ZED-RGB_FRONT.avi,2025-04-03 14:55:50
03-04-2025_14-56-05_p0078_s238_b4_RAW,78,238,Você faz tratamento para alguma doença? Qual?,Hipotireoidismo,03-04-2025_14-56-05,/srv/projects2/captarlibras_finep/dataset_captarlibras/raw-data/frontal-cam/03-04-2025_14-56-05_p0078_s238_b4_RAW--ZED-RGB_FRONT.avi,2025-04-03 14:56:05
03-04-2025_14-56-38_p0078_s239_b4_RAW,78,239,Você faz tratamento para alguma doença? Qual?,Alcoolismo,03-04-2025_14-56-38,/srv/projects2/captarlibras_finep/dataset_captarlibras/raw-data/frontal-cam/03-04-2025_14-56-38_p0078_s239_b4_RAW--ZED-RGB_FRONT.avi,2025-04-03 14:56:38
03-04-2025_14-56-53_p0078_s240_b4_RAW,78,240,Você faz tratamento para alguma doença? Qual?,Tabagismo,03-04-2025_14-56-53,/srv/projects2/captarlibras_finep/dataset_captarlibras/raw-data/frontal-cam/03-04-2025_14-56-53_p0078_s240_b4_RAW--ZED-RGB_FRONT.avi,2025-04-03 14:56:53
03-04-2025_14-57-06_p0078_sP22.1_b4_RAW,78,P22.1,Você tem alguma alergia?,Pergunta,03-04-2025_14-57-06,/srv/projects2/captarlibras_finep/dataset_captarlibras/raw-data/frontal-cam/03-04-2025_14-57-06_p0078_sP22.1_b4_RAW--ZED-RGB_FRONT.avi,2025-04-03 14:57:06
03-04-2025_14-57-25_p0078_s245_b4_RAW,78,245,Você tem alguma alergia?,Tenho alergia a ácaros,03-04-2025_14-57-25,/srv/projects2/captarlibras_finep/dataset_captarlibras/raw-data/frontal-cam/03-04-2025_14-57-25_p0078_s245_b4_RAW--ZED-RGB_FRONT.avi,2025-04-03 14:57:25
03-04-2025_14-57-45_p0078_s246_b4_RAW,78,246,Você tem alguma alergia?,Tenho alergia a fungos,03-04-2025_14-57-45,/srv/projects2/captarlibras_finep/dataset_captarlibras/raw-data/frontal-cam/03-04-2025_14-57-45_p0078_s246_b4_RAW--ZED-RGB_FRONT.avi,2025-04-03 14:57:45
03-04-2025_14-58-04_p0078_s247_b4_RAW,78,247,Você tem alguma alergia?,Tenho alergia a pólen,03-04-2025_14-58-04,/srv/projects2/captarlibras_finep/dataset_captarlibras/raw-data/frontal-cam/03-04-2025_14-58-04_p0078_s247_b4_RAW--ZED-RGB_FRONT.avi,2025-04-03 14:58:04
03-04-2025_14-58-18_p0078_s248_b4_RAW,78,248,Você tem alguma alergia?,Tenho alergia a cachorro,03-04-2025_14-58-18,/srv/projects2/captarlibras_finep/dataset_captarlibras/raw-data/frontal-cam/03-04-2025_14-58-18_p0078_s248_b4_RAW--ZED-RGB_FRONT.avi,2025-04-03 14:58:18
03-04-2025_14-58-37_p0078_s249_b4_RAW,78,249,Você tem alguma alergia?,Tenho alergia a gato,03-04-2025_14-58-37,/srv/projects2/captarlibras_finep/dataset_captarlibras/raw-data/frontal-cam/03-04-2025_14-58-37_p0078_s249_b4_RAW--ZED-RGB_FRONT.avi,2025-04-03 14:58:37
03-04-2025_14-58-48_p0078_s250_b4_RAW,78,250,Você tem alguma alergia?,Tenho alergia a picada de insetos,03-04-2025_14-58-48,/srv/projects2/captarlibras_finep/dataset_captarlibras/raw-data/frontal-cam/03-04-2025_14-58-48_p0078_s250_b4_RAW--ZED-RGB_FRONT.avi,2025-04-03 14:58:48
03-04-2025_14-58-59_p0078_s251_b4_RAW,78,251,Você tem alguma alergia?,Tenho alergia a látex,03-04-2025_14-58-59,/srv/projects2/captarlibras_finep/dataset_captarlibras/raw-data/frontal-cam/03-04-2025_14-58-59_p0078_s251_b4_RAW--ZED-RGB_FRONT.avi,2025-04-03 14:58:59
03-04-2025_14-59-15_p0078_s252_b4_RAW,78,252,Você tem alguma alergia?,Tenho alergia a leite,03-04-2025_14-59-15,/srv/projects2/captarlibras_finep/dataset_captarlibras/raw-data/frontal-cam/03-04-2025_14-59-15_p0078_s252_b4_RAW--ZED-RGB_FRONT.avi,2025-04-03 14:59:15
03-04-2025_14-59-31_p0078_s253_b4_RAW,78,253,Você tem alguma alergia?,Tenho alergia a ovo,03-04-2025_14-59-31,/srv/projects2/captarlibras_finep/dataset_captarlibras/raw-data/frontal-cam/03-04-2025_14-59-31_p0078_s253_b4_RAW--ZED-RGB_FRONT.avi,2025-04-03 14:59:31
03-04-2025_14-59-47_p0078_s254_b4_RAW,78,254,Você tem alguma alergia?,Tenho alergia a frutos do mar,03-04-2025_14-59-47,/srv/projects2/captarlibras_finep/dataset_captarlibras/raw-data/frontal-cam/03-04-2025_14-59-47_p0078_s254_b4_RAW--ZED-RGB_FRONT.avi,2025-04-03 14:59:47
03-04-2025_15-00-30_p0078_s255_b4_RAW,78,255,Você tem alguma alergia?,Tenho alergia a trigo,03-04-2025_15-00-30,/srv/projects2/captarlibras_finep/dataset_captarlibras/raw-data/frontal-cam/03-04-2025_15-00-30_p0078_s255_b4_RAW--ZED-RGB_FRONT.avi,2025-04-03 15:00:30
03-04-2025_15-00-58_p0078_s256_b4_RAW,78,256,Você tem alguma alergia?,Tenho alergia a amendoim,03-04-2025_15-00-58,/srv/projects2/captarlibras_finep/dataset_captarlibras/raw-data/frontal-cam/03-04-2025_15-00-58_p0078_s256_b4_RAW--ZED-RGB_FRONT.avi,2025-04-03 15:00:58
03-04-2025_15-01-09_p0078_s258_b4_RAW,78,258,Você tem alguma alergia?,Não tenho alergia,03-04-2025_15-01-09,/srv/projects2/captarlibras_finep/dataset_captarlibras/raw-data/frontal-cam/03-04-2025_15-01-09_p0078_s258_b4_RAW--ZED-RGB_FRONT.avi,2025-04-03 15:01:09
03-04-2025_15-01-26_p0078_sP22.2_b4_RAW,78,P22.2,Tem alergia a algum medicamento?,Pergunta,03-04-2025_15-01-26,/srv/projects2/captarlibras_finep/dataset_captarlibras/raw-data/frontal-cam/03-04-2025_15-01-26_p0078_sP22.2_b4_RAW--ZED-RGB_FRONT.avi,2025-04-03 15:01:26
03-04-2025_15-02-08_p0078_s257_b4_RAW,78,257,Tem alergia a algum medicamento?,Não tenho alergia a nenhum medicamento,03-04-2025_15-02-08,/srv/projects2/captarlibras_finep/dataset_captarlibras/raw-data/frontal-cam/03-04-2025_15-02-08_p0078_s257_b4_RAW--ZED-RGB_FRONT.avi,2025-04-03 15:02:08
03-04-2025_15-02-26_p0078_sP22.3_b4_RAW,78,P22.3,Qual medicamento?,Pergunta,03-04-2025_15-02-26,/srv/projects2/captarlibras_finep/dataset_captarlibras/raw-data/frontal-cam/03-04-2025_15-02-26_p0078_sP22.3_b4_RAW--ZED-RGB_FRONT.avi,2025-04-03 15:02:26
03-04-2025_15-02-41_p0078_sP23.1_b4_RAW,78,P23.1,Você fuma?,Pergunta,03-04-2025_15-02-41,/srv/projects2/captarlibras_finep/dataset_captarlibras/raw-data/frontal-cam/03-04-2025_15-02-41_p0078_sP23.1_b4_RAW--ZED-RGB_FRONT.avi,2025-04-03 15:02:41
03-04-2025_15-03-09_p0078_s259_b4_RAW,78,259,Você fuma?,Fumo sim,03-04-2025_15-03-09,/srv/projects2/captarlibras_finep/dataset_captarlibras/raw-data/frontal-cam/03-04-2025_15-03-09_p0078_s259_b4_RAW--ZED-RGB_FRONT.avi,2025-04-03 15:03:09
03-04-2025_15-03-27_p0078_s260_b4_RAW,78,260,Você fuma?,Não fumo,03-04-2025_15-03-27,/srv/projects2/captarlibras_finep/dataset_captarlibras/raw-data/frontal-cam/03-04-2025_15-03-27_p0078_s260_b4_RAW--ZED-RGB_FRONT.avi,2025-04-03 15:03:27
03-04-2025_15-03-46_p0078_sP23.2_b4_RAW,78,P23.2,Há quanto tempo?,Pergunta,03-04-2025_15-03-46,/srv/projects2/captarlibras_finep/dataset_captarlibras/raw-data/frontal-cam/03-04-2025_15-03-46_p0078_sP23.2_b4_RAW--ZED-RGB_FRONT.avi,2025-04-03 15:03:46
03-04-2025_15-03-59_p0078_s261_b4_RAW,78,261,Há quanto tempo?,Um ano,03-04-2025_15-03-59,/srv/projects2/captarlibras_finep/dataset_captarlibras/raw-data/frontal-cam/03-04-2025_15-03-59_p0078_s261_b4_RAW--ZED-RGB_FRONT.avi,2025-04-03 15:03:59
03-04-2025_15-04-11_p0078_s262_b4_RAW,78,262,Há quanto tempo?,Dois anos,03-04-2025_15-04-11,/srv/projects2/captarlibras_finep/dataset_captarlibras/raw-data/frontal-cam/03-04-2025_15-04-11_p0078_s262_b4_RAW--ZED-RGB_FRONT.avi,2025-04-03 15:04:11
03-04-2025_15-04-22_p0078_s263_b4_RAW,78,263,Há quanto tempo?,Dez anos,03-04-2025_15-04-22,/srv/projects2/captarlibras_finep/dataset_captarlibras/raw-data/frontal-cam/03-04-2025_15-04-22_p0078_s263_b4_RAW--ZED-RGB_FRONT.avi,2025-04-03 15:04:22
03-04-2025_15-04-36_p0078_sP23.3_b4_RAW,78,P23.3,Quantos cigarros por dia?,Pergunta,03-04-2025_15-04-36,/srv/projects2/captarlibras_finep/dataset_captarlibras/raw-data/frontal-cam/03-04-2025_15-04-36_p0078_sP23.3_b4_RAW--ZED-RGB_FRONT.avi,2025-04-03 15:04:36
03-04-2025_15-04-53_p0078_sP24.1_b4_RAW,78,P24.1,Ingere bebida alcoólica?,Pergunta,03-04-2025_15-04-53,/srv/projects2/captarlibras_finep/dataset_captarlibras/raw-data/frontal-cam/03-04-2025_15-04-53_p0078_sP24.1_b4_RAW--ZED-RGB_FRONT.avi,2025-04-03 15:04:53
03-04-2025_15-05-10_p0078_sP24.2_b4_RAW,78,P24.2,Quais bebidas?,Pergunta,03-04-2025_15-05-10,/srv/projects2/captarlibras_finep/dataset_captarlibras/raw-data/frontal-cam/03-04-2025_15-05-10_p0078_sP24.2_b4_RAW--ZED-RGB_FRONT.avi,2025-04-03 15:05:10
03-04-2025_15-05-22_p0078_s264_b4_RAW,78,264,Quais bebidas?,Cerveja,03-04-2025_15-05-22,/srv/projects2/captarlibras_finep/dataset_captarlibras/raw-data/frontal-cam/03-04-2025_15-05-22_p0078_s264_b4_RAW--ZED-RGB_FRONT.avi,2025-04-03 15:05:22
03-04-2025_15-05-34_p0078_s265_b4_RAW,78,265,Quais bebidas?,Vinho,03-04-2025_15-05-34,/srv/projects2/captarlibras_finep/dataset_captarlibras/raw-data/frontal-cam/03-04-2025_15-05-34_p0078_s265_b4_RAW--ZED-RGB_FRONT.avi,2025-04-03 15:05:34
03-04-2025_15-05-47_p0078_s266_b4_RAW,78,266,Quais bebidas?,Licor,03-04-2025_15-05-47,/srv/projects2/captarlibras_finep/dataset_captarlibras/raw-data/frontal-cam/03-04-2025_15-05-47_p0078_s266_b4_RAW--ZED-RGB_FRONT.avi,2025-04-03 15:05:47
03-04-2025_15-05-59_p0078_s267_b4_RAW,78,267,Quais bebidas?,Vodca,03-04-2025_15-05-59,/srv/projects2/captarlibras_finep/dataset_captarlibras/raw-data/frontal-cam/03-04-2025_15-05-59_p0078_s267_b4_RAW--ZED-RGB_FRONT.avi,2025-04-03 15:05:59
03-04-2025_15-06-12_p0078_s268_b4_RAW,78,268,Quais bebidas?,Uísque,03-04-2025_15-06-12,/srv/projects2/captarlibras_finep/dataset_captarlibras/raw-data/frontal-cam/03-04-2025_15-06-12_p0078_s268_b4_RAW--ZED-RGB_FRONT.avi,2025-04-03 15:06:12
03-04-2025_15-06-25_p0078_s269_b4_RAW,78,269,Quais bebidas?,Cachaça,03-04-2025_15-06-25,/srv/projects2/captarlibras_finep/dataset_captarlibras/raw-data/frontal-cam/03-04-2025_15-06-25_p0078_s269_b4_RAW--ZED-RGB_FRONT.avi,2025-04-03 15:06:25
03-04-2025_15-06-38_p0078_s270_b4_RAW,78,270,Quais bebidas?,Gin,03-04-2025_15-06-38,/srv/projects2/captarlibras_finep/dataset_captarlibras/raw-data/frontal-cam/03-04-2025_15-06-38_p0078_s270_b4_RAW--ZED-RGB_FRONT.avi,2025-04-03 15:06:38
03-04-2025_15-07-22_p0078_s271_b4_RAW,78,271,Quais bebidas?,Champanhe,03-04-2025_15-07-22,/srv/projects2/captarlibras_finep/dataset_captarlibras/raw-data/frontal-cam/03-04-2025_15-07-22_p0078_s271_b4_RAW--ZED-RGB_FRONT.avi,2025-04-03 15:07:22
03-04-2025_15-07-37_p0078_sP24.3_b4_RAW,78,P24.3,Quantas bebidas?,Pergunta,03-04-2025_15-07-37,/srv/projects2/captarlibras_finep/dataset_captarlibras/raw-data/frontal-cam/03-04-2025_15-07-37_p0078_sP24.3_b4_RAW--ZED-RGB_FRONT.avi,2025-04-03 15:07:37
03-04-2025_15-07-50_p0078_s272_b4_RAW,78,272,Quantas bebidas?,Uma lata todo dia,03-04-2025_15-07-50,/srv/projects2/captarlibras_finep/dataset_captarlibras/raw-data/frontal-cam/03-04-2025_15-07-50_p0078_s272_b4_RAW--ZED-RGB_FRONT.avi,2025-04-03 15:07:50
03-04-2025_15-08-05_p0078_s273_b4_RAW,78,273,Quantas bebidas?,Uma lata uma vez na semana,03-04-2025_15-08-05,/srv/projects2/captarlibras_finep/dataset_captarlibras/raw-data/frontal-cam/03-04-2025_15-08-05_p0078_s273_b4_RAW--ZED-RGB_FRONT.avi,2025-04-03 15:08:05
03-04-2025_15-08-34_p0078_s274_b4_RAW,78,274,Quantas bebidas?,Duas latas duas vezes na semana,03-04-2025_15-08-34,/srv/projects2/captarlibras_finep/dataset_captarlibras/raw-data/frontal-cam/03-04-2025_15-08-34_p0078_s274_b4_RAW--ZED-RGB_FRONT.avi,2025-04-03 15:08:34
03-04-2025_15-08-51_p0078_s275_b4_RAW,78,275,Quantas bebidas?,Uma garrafa todo dia,03-04-2025_15-08-51,/srv/projects2/captarlibras_finep/dataset_captarlibras/raw-data/frontal-cam/03-04-2025_15-08-51_p0078_s275_b4_RAW--ZED-RGB_FRONT.avi,2025-04-03 15:08:51
03-04-2025_15-09-05_p0078_s276_b4_RAW,78,276,Quantas bebidas?,Uma garrafa uma vez por semana,03-04-2025_15-09-05,/srv/projects2/captarlibras_finep/dataset_captarlibras/raw-data/frontal-cam/03-04-2025_15-09-05_p0078_s276_b4_RAW--ZED-RGB_FRONT.avi,2025-04-03 15:09:05
03-04-2025_15-09-20_p0078_s277_b4_RAW,78,277,Quantas bebidas?,Duas garrafas duas vezes por semana,03-04-2025_15-09-20,/srv/projects2/captarlibras_finep/dataset_captarlibras/raw-data/frontal-cam/03-04-2025_15-09-20_p0078_s277_b4_RAW--ZED-RGB_FRONT.avi,2025-04-03 15:09:20
03-04-2025_15-09-36_p0078_s278_b4_RAW,78,278,Quantas bebidas?,Uma dose todos os dias,03-04-2025_15-09-36,/srv/projects2/captarlibras_finep/dataset_captarlibras/raw-data/frontal-cam/03-04-2025_15-09-36_p0078_s278_b4_RAW--ZED-RGB_FRONT.avi,2025-04-03 15:09:36
03-04-2025_15-09-50_p0078_s279_b4_RAW,78,279,Quantas bebidas?,Duas doses duas vezes por semana,03-04-2025_15-09-50,/srv/projects2/captarlibras_finep/dataset_captarlibras/raw-data/frontal-cam/03-04-2025_15-09-50_p0078_s279_b4_RAW--ZED-RGB_FRONT.avi,2025-04-03 15:09:50
03-04-2025_15-10-09_p0078_s280_b4_RAW,78,280,Quantas bebidas?,Uma taça de vinho uma vez na semana,03-04-2025_15-10-09,/srv/projects2/captarlibras_finep/dataset_captarlibras/raw-data/frontal-cam/03-04-2025_15-10-09_p0078_s280_b4_RAW--ZED-RGB_FRONT.avi,2025-04-03 15:10:09
03-04-2025_15-10-30_p0078_s281_b4_RAW,78,281,Quantas bebidas?,Uma taça de vinho todos os dias,03-04-2025_15-10-30,/srv/projects2/captarlibras_finep/dataset_captarlibras/raw-data/frontal-cam/03-04-2025_15-10-30_p0078_s281_b4_RAW--ZED-RGB_FRONT.avi,2025-04-03 15:10:30
03-04-2025_15-10-48_p0078_s282_b4_RAW,78,282,Quantas bebidas?,Um copo cheio todos os dias,03-04-2025_15-10-48,/srv/projects2/captarlibras_finep/dataset_captarlibras/raw-data/frontal-cam/03-04-2025_15-10-48_p0078_s282_b4_RAW--ZED-RGB_FRONT.avi,2025-04-03 15:10:48
03-04-2025_15-11-04_p0078_s283_b4_RAW,78,283,Quantas bebidas?,Um copo uma vez por semana,03-04-2025_15-11-04,/srv/projects2/captarlibras_finep/dataset_captarlibras/raw-data/frontal-cam/03-04-2025_15-11-04_p0078_s283_b4_RAW--ZED-RGB_FRONT.avi,2025-04-03 15:11:04
03-04-2025_15-12-08_p0078_sP25.1_b4_RAW,78,P25.1,"Você fez alguma cirurgia? Se sim, qual?",Pergunta,03-04-2025_15-12-08,/srv/projects2/captarlibras_finep/dataset_captarlibras/raw-data/frontal-cam/03-04-2025_15-12-08_p0078_sP25.1_b4_RAW--ZED-RGB_FRONT.avi,2025-04-03 15:12:08
03-04-2025_15-13-07_p0078_sP01_b1_RAW,78,P01,O que você está sentindo que te fez procurar o hospital?,Pergunta,03-04-2025_15-13-07,/srv/projects2/captarlibras_finep/dataset_captarlibras/raw-data/frontal-cam/03-04-2025_15-13-07_p0078_sP01_b1_RAW--ZED-RGB_FRONT.avi,2025-04-03 15:13:07
03-04-2025_15-13-27_p0078_s1_b1_RAW,78,1,O que você está sentindo que te fez procurar o hospital?,Alteração do estado mental,03-04-2025_15-13-27,/srv/projects2/captarlibras_finep/dataset_captarlibras/raw-data/frontal-cam/03-04-2025_15-13-27_p0078_s1_b1_RAW--ZED-RGB_FRONT.avi,2025-04-03 15:13:27
03-04-2025_15-13-42_p0078_s2_b1_RAW,78,2,O que você está sentindo que te fez procurar o hospital?,Confusão,03-04-2025_15-13-42,/srv/projects2/captarlibras_finep/dataset_captarlibras/raw-data/frontal-cam/03-04-2025_15-13-42_p0078_s2_b1_RAW--ZED-RGB_FRONT.avi,2025-04-03 15:13:42
03-04-2025_15-13-58_p0078_s3_b1_RAW,78,3,O que você está sentindo que te fez procurar o hospital?,Alteração comportamental,03-04-2025_15-13-58,/srv/projects2/captarlibras_finep/dataset_captarlibras/raw-data/frontal-cam/03-04-2025_15-13-58_p0078_s3_b1_RAW--ZED-RGB_FRONT.avi,2025-04-03 15:13:58
03-04-2025_15-16-16_p0078_s4_b1_RAW,78,4,O que você está sentindo que te fez procurar o hospital?,Convulsão,03-04-2025_15-16-16,/srv/projects2/captarlibras_finep/dataset_captarlibras/raw-data/frontal-cam/03-04-2025_15-16-16_p0078_s4_b1_RAW--ZED-RGB_FRONT.avi,2025-04-03 15:16:16
03-04-2025_15-16-28_p0078_s5_b1_RAW,78,5,O que você está sentindo que te fez procurar o hospital?,Dor de cabeça,03-04-2025_15-16-28,/srv/projects2/captarlibras_finep/dataset_captarlibras/raw-data/frontal-cam/03-04-2025_15-16-28_p0078_s5_b1_RAW--ZED-RGB_FRONT.avi,2025-04-03 15:16:28
03-04-2025_15-16-42_p0078_s6_b1_RAW,78,6,O que você está sentindo que te fez procurar o hospital?,Dor no pescoço,03-04-2025_15-16-42,/srv/projects2/captarlibras_finep/dataset_captarlibras/raw-data/frontal-cam/03-04-2025_15-16-42_p0078_s6_b1_RAW--ZED-RGB_FRONT.avi,2025-04-03 15:16:42
03-04-2025_15-17-03_p0078_s7_b1_RAW,78,7,O que você está sentindo que te fez procurar o hospital?,Dor no peito,03-04-2025_15-17-03,/srv/projects2/captarlibras_finep/dataset_captarlibras/raw-data/frontal-cam/03-04-2025_15-17-03_p0078_s7_b1_RAW--ZED-RGB_FRONT.avi,2025-04-03 15:17:03
03-04-2025_15-17-19_p0078_s8_b1_RAW,78,8,O que você está sentindo que te fez procurar o hospital?,Dor nas costas,03-04-2025_15-17-19,/srv/projects2/captarlibras_finep/dataset_captarlibras/raw-data/frontal-cam/03-04-2025_15-17-19_p0078_s8_b1_RAW--ZED-RGB_FRONT.avi,2025-04-03 15:17:19
03-04-2025_15-17-32_p0078_s9_b1_RAW,78,9,O que você está sentindo que te fez procurar o hospital?,Dor na lombar,03-04-2025_15-17-32,/srv/projects2/captarlibras_finep/dataset_captarlibras/raw-data/frontal-cam/03-04-2025_15-17-32_p0078_s9_b1_RAW--ZED-RGB_FRONT.avi,2025-04-03 15:17:32
03-04-2025_15-17-49_p0078_s10_b1_RAW,78,10,O que você está sentindo que te fez procurar o hospital?,Dor na barriga,03-04-2025_15-17-49,/srv/projects2/captarlibras_finep/dataset_captarlibras/raw-data/frontal-cam/03-04-2025_15-17-49_p0078_s10_b1_RAW--ZED-RGB_FRONT.avi,2025-04-03 15:17:49
03-04-2025_15-18-05_p0078_s11_b1_RAW,78,11,O que você está sentindo que te fez procurar o hospital?,Dor na garganta,03-04-2025_15-18-05,/srv/projects2/captarlibras_finep/dataset_captarlibras/raw-data/frontal-cam/03-04-2025_15-18-05_p0078_s11_b1_RAW--ZED-RGB_FRONT.avi,2025-04-03 15:18:05
03-04-2025_15-18-22_p0078_s12_b1_RAW,78,12,O que você está sentindo que te fez procurar o hospital?,Dor no braço,03-04-2025_15-18-22,/srv/projects2/captarlibras_finep/dataset_captarlibras/raw-data/frontal-cam/03-04-2025_15-18-22_p0078_s12_b1_RAW--ZED-RGB_FRONT.avi,2025-04-03 15:18:22
03-04-2025_15-18-37_p0078_s13_b1_RAW,78,13,O que você está sentindo que te fez procurar o hospital?,Dor na perna,03-04-2025_15-18-37,/srv/projects2/captarlibras_finep/dataset_captarlibras/raw-data/frontal-cam/03-04-2025_15-18-37_p0078_s13_b1_RAW--ZED-RGB_FRONT.avi,2025-04-03 15:18:37
03-04-2025_15-18-52_p0078_s14_b1_RAW,78,14,O que você está sentindo que te fez procurar o hospital?,Dor na panturrilha,03-04-2025_15-18-52,/srv/projects2/captarlibras_finep/dataset_captarlibras/raw-data/frontal-cam/03-04-2025_15-18-52_p0078_s14_b1_RAW--ZED-RGB_FRONT.avi,2025-04-03 15:18:52
03-04-2025_15-19-33_p0078_s15_b1_RAW,78,15,O que você está sentindo que te fez procurar o hospital?,Dor no pé,03-04-2025_15-19-33,/srv/projects2/captarlibras_finep/dataset_captarlibras/raw-data/frontal-cam/03-04-2025_15-19-33_p0078_s15_b1_RAW--ZED-RGB_FRONT.avi,2025-04-03 15:19:33
03-04-2025_15-19-54_p0078_s16_b1_RAW,78,16,O que você está sentindo que te fez procurar o hospital?,Falta de ar,03-04-2025_15-19-54,/srv/projects2/captarlibras_finep/dataset_captarlibras/raw-data/frontal-cam/03-04-2025_15-19-54_p0078_s16_b1_RAW--ZED-RGB_FRONT.avi,2025-04-03 15:19:54
03-04-2025_15-20-29_p0078_s17_b1_RAW,78,17,O que você está sentindo que te fez procurar o hospital?,Chieira,03-04-2025_15-20-29,/srv/projects2/captarlibras_finep/dataset_captarlibras/raw-data/frontal-cam/03-04-2025_15-20-29_p0078_s17_b1_RAW--ZED-RGB_FRONT.avi,2025-04-03 15:20:29
03-04-2025_15-20-47_p0078_s18_b1_RAW,78,18,O que você está sentindo que te fez procurar o hospital?,Dificuldade para respirar,03-04-2025_15-20-47,/srv/projects2/captarlibras_finep/dataset_captarlibras/raw-data/frontal-cam/03-04-2025_15-20-47_p0078_s18_b1_RAW--ZED-RGB_FRONT.avi,2025-04-03 15:20:47
03-04-2025_15-21-11_p0078_s19_b1_RAW,78,19,O que você está sentindo que te fez procurar o hospital?,Palpitação,03-04-2025_15-21-11,/srv/projects2/captarlibras_finep/dataset_captarlibras/raw-data/frontal-cam/03-04-2025_15-21-11_p0078_s19_b1_RAW--ZED-RGB_FRONT.avi,2025-04-03 15:21:11
03-04-2025_15-21-25_p0078_s20_b1_RAW,78,20,O que você está sentindo que te fez procurar o hospital?,Desmaio,03-04-2025_15-21-25,/srv/projects2/captarlibras_finep/dataset_captarlibras/raw-data/frontal-cam/03-04-2025_15-21-25_p0078_s20_b1_RAW--ZED-RGB_FRONT.avi,2025-04-03 15:21:25
03-04-2025_15-21-40_p0078_s21_b1_RAW,78,21,O que você está sentindo que te fez procurar o hospital?,Diarreia,03-04-2025_15-21-40,/srv/projects2/captarlibras_finep/dataset_captarlibras/raw-data/frontal-cam/03-04-2025_15-21-40_p0078_s21_b1_RAW--ZED-RGB_FRONT.avi,2025-04-03 15:21:40
03-04-2025_15-21-54_p0078_s22_b1_RAW,78,22,O que você está sentindo que te fez procurar o hospital?,Diarreia com sangue,03-04-2025_15-21-54,/srv/projects2/captarlibras_finep/dataset_captarlibras/raw-data/frontal-cam/03-04-2025_15-21-54_p0078_s22_b1_RAW--ZED-RGB_FRONT.avi,2025-04-03 15:21:54
03-04-2025_15-22-09_p0078_s23_b1_RAW,78,23,O que você está sentindo que te fez procurar o hospital?,Náuseas,03-04-2025_15-22-09,/srv/projects2/captarlibras_finep/dataset_captarlibras/raw-data/frontal-cam/03-04-2025_15-22-09_p0078_s23_b1_RAW--ZED-RGB_FRONT.avi,2025-04-03 15:22:09
03-04-2025_15-22-22_p0078_s24_b1_RAW,78,24,O que você está sentindo que te fez procurar o hospital?,Vômitos,03-04-2025_15-22-22,/srv/projects2/captarlibras_finep/dataset_captarlibras/raw-data/frontal-cam/03-04-2025_15-22-22_p0078_s24_b1_RAW--ZED-RGB_FRONT.avi,2025-04-03 15:22:22
03-04-2025_15-22-34_p0078_s25_b1_RAW,78,25,O que você está sentindo que te fez procurar o hospital?,Fezes escurecidas,03-04-2025_15-22-34,/srv/projects2/captarlibras_finep/dataset_captarlibras/raw-data/frontal-cam/03-04-2025_15-22-34_p0078_s25_b1_RAW--ZED-RGB_FRONT.avi,2025-04-03 15:22:34
03-04-2025_15-22-47_p0078_s26_b1_RAW,78,26,O que você está sentindo que te fez procurar o hospital?,Tosse,03-04-2025_15-22-47,/srv/projects2/captarlibras_finep/dataset_captarlibras/raw-data/frontal-cam/03-04-2025_15-22-47_p0078_s26_b1_RAW--ZED-RGB_FRONT.avi,2025-04-03 15:22:47
03-04-2025_15-23-00_p0078_s27_b1_RAW,78,27,O que você está sentindo que te fez procurar o hospital?,Nariz escorrendo,03-04-2025_15-23-00,/srv/projects2/captarlibras_finep/dataset_captarlibras/raw-data/frontal-cam/03-04-2025_15-23-00_p0078_s27_b1_RAW--ZED-RGB_FRONT.avi,2025-04-03 15:23:00
03-04-2025_15-23-19_p0078_s28_b1_RAW,78,28,O que você está sentindo que te fez procurar o hospital?,Obstrução nasal,03-04-2025_15-23-19,/srv/projects2/captarlibras_finep/dataset_captarlibras/raw-data/frontal-cam/03-04-2025_15-23-19_p0078_s28_b1_RAW--ZED-RGB_FRONT.avi,2025-04-03 15:23:19
03-04-2025_15-23-32_p0078_s29_b1_RAW,78,29,O que você está sentindo que te fez procurar o hospital?,Inchaço,03-04-2025_15-23-32,/srv/projects2/captarlibras_finep/dataset_captarlibras/raw-data/frontal-cam/03-04-2025_15-23-32_p0078_s29_b1_RAW--ZED-RGB_FRONT.avi,2025-04-03 15:23:32
03-04-2025_15-23-46_p0078_s30_b1_RAW,78,30,O que você está sentindo que te fez procurar o hospital?,Feridas na pele,03-04-2025_15-23-46,/srv/projects2/captarlibras_finep/dataset_captarlibras/raw-data/frontal-cam/03-04-2025_15-23-46_p0078_s30_b1_RAW--ZED-RGB_FRONT.avi,2025-04-03 15:23:46
03-04-2025_15-23-59_p0078_s31_b1_RAW,78,31,O que você está sentindo que te fez procurar o hospital?,Manchas na pele,03-04-2025_15-23-59,/srv/projects2/captarlibras_finep/dataset_captarlibras/raw-data/frontal-cam/03-04-2025_15-23-59_p0078_s31_b1_RAW--ZED-RGB_FRONT.avi,2025-04-03 15:23:59
03-04-2025_15-24-14_p0078_s32_b1_RAW,78,32,O que você está sentindo que te fez procurar o hospital?,Pele com manchas vermelhas,03-04-2025_15-24-14,/srv/projects2/captarlibras_finep/dataset_captarlibras/raw-data/frontal-cam/03-04-2025_15-24-14_p0078_s32_b1_RAW--ZED-RGB_FRONT.avi,2025-04-03 15:24:14
03-04-2025_15-24-29_p0078_s33_b1_RAW,78,33,O que você está sentindo que te fez procurar o hospital?,Coceira,03-04-2025_15-24-29,/srv/projects2/captarlibras_finep/dataset_captarlibras/raw-data/frontal-cam/03-04-2025_15-24-29_p0078_s33_b1_RAW--ZED-RGB_FRONT.avi,2025-04-03 15:24:29
03-04-2025_15-24-55_p0078_s34_b1_RAW,78,34,O que você está sentindo que te fez procurar o hospital?,Febre,03-04-2025_15-24-55,/srv/projects2/captarlibras_finep/dataset_captarlibras/raw-data/frontal-cam/03-04-2025_15-24-55_p0078_s34_b1_RAW--ZED-RGB_FRONT.avi,2025-04-03 15:24:55
03-04-2025_15-25-07_p0078_s35_b1_RAW,78,35,O que você está sentindo que te fez procurar o hospital?,Calafrios,03-04-2025_15-25-07,/srv/projects2/captarlibras_finep/dataset_captarlibras/raw-data/frontal-cam/03-04-2025_15-25-07_p0078_s35_b1_RAW--ZED-RGB_FRONT.avi,2025-04-03 15:25:07
03-04-2025_15-25-28_p0078_s36_b1_RAW,78,36,O que você está sentindo que te fez procurar o hospital?,Excesso de suor,03-04-2025_15-25-28,/srv/projects2/captarlibras_finep/dataset_captarlibras/raw-data/frontal-cam/03-04-2025_15-25-28_p0078_s36_b1_RAW--ZED-RGB_FRONT.avi,2025-04-03 15:25:28
03-04-2025_15-25-43_p0078_s37_b1_RAW,78,37,O que você está sentindo que te fez procurar o hospital?,Glicemia alterada,03-04-2025_15-25-43,/srv/projects2/captarlibras_finep/dataset_captarlibras/raw-data/frontal-cam/03-04-2025_15-25-43_p0078_s37_b1_RAW--ZED-RGB_FRONT.avi,2025-04-03 15:25:43
03-04-2025_15-26-02_p0078_s38_b1_RAW,78,38,O que você está sentindo que te fez procurar o hospital?,Tentativa de suicídio,03-04-2025_15-26-02,/srv/projects2/captarlibras_finep/dataset_captarlibras/raw-data/frontal-cam/03-04-2025_15-26-02_p0078_s38_b1_RAW--ZED-RGB_FRONT.avi,2025-04-03 15:26:02
03-04-2025_15-26-38_p0078_s40_b1_RAW,78,40,O que você está sentindo que te fez procurar o hospital?,Mordia de cachorro,03-04-2025_15-26-38,/srv/projects2/captarlibras_finep/dataset_captarlibras/raw-data/frontal-cam/03-04-2025_15-26-38_p0078_s40_b1_RAW--ZED-RGB_FRONT.avi,2025-04-03 15:26:38
03-04-2025_15-26-52_p0078_s41_b1_RAW,78,41,O que você está sentindo que te fez procurar o hospital?,Mordida de gato,03-04-2025_15-26-52,/srv/projects2/captarlibras_finep/dataset_captarlibras/raw-data/frontal-cam/03-04-2025_15-26-52_p0078_s41_b1_RAW--ZED-RGB_FRONT.avi,2025-04-03 15:26:52
03-04-2025_15-31-38_p0078_s39_b1_RAW,78,39,O que você está sentindo que te fez procurar o hospital?,Mordeduras,03-04-2025_15-31-38,/srv/projects2/captarlibras_finep/dataset_captarlibras/raw-data/frontal-cam/03-04-2025_15-31-38_p0078_s39_b1_RAW--ZED-RGB_FRONT.avi,2025-04-03 15:31:38
03-04-2025_15-32-05_p0078_s42_b1_RAW,78,42,O que você está sentindo que te fez procurar o hospital?,Picada de cobra,03-04-2025_15-32-05,/srv/projects2/captarlibras_finep/dataset_captarlibras/raw-data/frontal-cam/03-04-2025_15-32-05_p0078_s42_b1_RAW--ZED-RGB_FRONT.avi,2025-04-03 15:32:05
03-04-2025_15-32-22_p0078_s43_b1_RAW,78,43,O que você está sentindo que te fez procurar o hospital?,Picada de escorpião,03-04-2025_15-32-22,/srv/projects2/captarlibras_finep/dataset_captarlibras/raw-data/frontal-cam/03-04-2025_15-32-22_p0078_s43_b1_RAW--ZED-RGB_FRONT.avi,2025-04-03 15:32:22
03-04-2025_15-32-57_p0078_s44_b1_RAW,78,44,O que você está sentindo que te fez procurar o hospital?,Pressão arterial alterada,03-04-2025_15-32-57,/srv/projects2/captarlibras_finep/dataset_captarlibras/raw-data/frontal-cam/03-04-2025_15-32-57_p0078_s44_b1_RAW--ZED-RGB_FRONT.avi,2025-04-03 15:32:57
03-04-2025_15-33-12_p0078_s45_b1_RAW,78,45,O que você está sentindo que te fez procurar o hospital?,Problemas nos olhos,03-04-2025_15-33-12,/srv/projects2/captarlibras_finep/dataset_captarlibras/raw-data/frontal-cam/03-04-2025_15-33-12_p0078_s45_b1_RAW--ZED-RGB_FRONT.avi,2025-04-03 15:33:12
03-04-2025_15-33-28_p0078_s46_b1_RAW,78,46,O que você está sentindo que te fez procurar o hospital?,Problemas no ouvido,03-04-2025_15-33-28,/srv/projects2/captarlibras_finep/dataset_captarlibras/raw-data/frontal-cam/03-04-2025_15-33-28_p0078_s46_b1_RAW--ZED-RGB_FRONT.avi,2025-04-03 15:33:28
03-04-2025_15-33-46_p0078_s47_b1_RAW,78,47,O que você está sentindo que te fez procurar o hospital?,Ardor para urinar,03-04-2025_15-33-46,/srv/projects2/captarlibras_finep/dataset_captarlibras/raw-data/frontal-cam/03-04-2025_15-33-46_p0078_s47_b1_RAW--ZED-RGB_FRONT.avi,2025-04-03 15:33:46
03-04-2025_15-34-05_p0078_s48_b1_RAW,78,48,O que você está sentindo que te fez procurar o hospital?,Urina solta,03-04-2025_15-34-05,/srv/projects2/captarlibras_finep/dataset_captarlibras/raw-data/frontal-cam/03-04-2025_15-34-05_p0078_s48_b1_RAW--ZED-RGB_FRONT.avi,2025-04-03 15:34:05
03-04-2025_15-34-34_p0078_s49_b1_RAW,78,49,O que você está sentindo que te fez procurar o hospital?,Urinando pouco,03-04-2025_15-34-34,/srv/projects2/captarlibras_finep/dataset_captarlibras/raw-data/frontal-cam/03-04-2025_15-34-34_p0078_s49_b1_RAW--ZED-RGB_FRONT.avi,2025-04-03 15:34:34
03-04-2025_15-35-00_p0078_s50_b1_RAW,78,50,O que você está sentindo que te fez procurar o hospital?,Urinando muito,03-04-2025_15-35-00,/srv/projects2/captarlibras_finep/dataset_captarlibras/raw-data/frontal-cam/03-04-2025_15-35-00_p0078_s50_b1_RAW--ZED-RGB_FRONT.avi,2025-04-03 15:35:00
03-04-2025_15-35-16_p0078_s51_b1_RAW,78,51,O que você está sentindo que te fez procurar o hospital?,Urina escura,03-04-2025_15-35-16,/srv/projects2/captarlibras_finep/dataset_captarlibras/raw-data/frontal-cam/03-04-2025_15-35-16_p0078_s51_b1_RAW--ZED-RGB_FRONT.avi,2025-04-03 15:35:16
03-04-2025_15-35-37_p0078_s52_b1_RAW,78,52,O que você está sentindo que te fez procurar o hospital?,Urina com espuma,03-04-2025_15-35-37,/srv/projects2/captarlibras_finep/dataset_captarlibras/raw-data/frontal-cam/03-04-2025_15-35-37_p0078_s52_b1_RAW--ZED-RGB_FRONT.avi,2025-04-03 15:35:37
03-04-2025_15-35-54_p0078_s53_b1_RAW,78,53,O que você está sentindo que te fez procurar o hospital?,Sangue na urina,03-04-2025_15-35-54,/srv/projects2/captarlibras_finep/dataset_captarlibras/raw-data/frontal-cam/03-04-2025_15-35-54_p0078_s53_b1_RAW--ZED-RGB_FRONT.avi,2025-04-03 15:35:54
03-04-2025_15-36-09_p0078_s54_b1_RAW,78,54,O que você está sentindo que te fez procurar o hospital?,Sangramento pela boca,03-04-2025_15-36-09,/srv/projects2/captarlibras_finep/dataset_captarlibras/raw-data/frontal-cam/03-04-2025_15-36-09_p0078_s54_b1_RAW--ZED-RGB_FRONT.avi,2025-04-03 15:36:09
03-04-2025_15-36-24_p0078_s55_b1_RAW,78,55,O que você está sentindo que te fez procurar o hospital?,Sangramento pelo nariz,03-04-2025_15-36-24,/srv/projects2/captarlibras_finep/dataset_captarlibras/raw-data/frontal-cam/03-04-2025_15-36-24_p0078_s55_b1_RAW--ZED-RGB_FRONT.avi,2025-04-03 15:36:24
03-04-2025_15-37-08_p0078_s56_b1_RAW,78,56,O que você está sentindo que te fez procurar o hospital?,Sangramento nas fezes,03-04-2025_15-37-08,/srv/projects2/captarlibras_finep/dataset_captarlibras/raw-data/frontal-cam/03-04-2025_15-37-08_p0078_s56_b1_RAW--ZED-RGB_FRONT.avi,2025-04-03 15:37:08
03-04-2025_15-37-21_p0078_s57_b1_RAW,78,57,O que você está sentindo que te fez procurar o hospital?,Tonteira,03-04-2025_15-37-21,/srv/projects2/captarlibras_finep/dataset_captarlibras/raw-data/frontal-cam/03-04-2025_15-37-21_p0078_s57_b1_RAW--ZED-RGB_FRONT.avi,2025-04-03 15:37:21
03-04-2025_15-37-38_p0078_s58_b1_RAW,78,58,O que você está sentindo que te fez procurar o hospital?,Trauma físico,03-04-2025_15-37-38,/srv/projects2/captarlibras_finep/dataset_captarlibras/raw-data/frontal-cam/03-04-2025_15-37-38_p0078_s58_b1_RAW--ZED-RGB_FRONT.avi,2025-04-03 15:37:38
03-04-2025_15-37-58_p0078_s59_b1_RAW,78,59,O que você está sentindo que te fez procurar o hospital?,Trauma psicológico,03-04-2025_15-37-58,/srv/projects2/captarlibras_finep/dataset_captarlibras/raw-data/frontal-cam/03-04-2025_15-37-58_p0078_s59_b1_RAW--ZED-RGB_FRONT.avi,2025-04-03 15:37:58
03-04-2025_15-38-12_p0078_s60_b1_RAW,78,60,O que você está sentindo que te fez procurar o hospital?,Agressão,03-04-2025_15-38-12,/srv/projects2/captarlibras_finep/dataset_captarlibras/raw-data/frontal-cam/03-04-2025_15-38-12_p0078_s60_b1_RAW--ZED-RGB_FRONT.avi,2025-04-03 15:38:12
03-04-2025_15-38-38_p0078_s61_b1_RAW,78,61,O que você está sentindo que te fez procurar o hospital?,Queimaduras,03-04-2025_15-38-38,/srv/projects2/captarlibras_finep/dataset_captarlibras/raw-data/frontal-cam/03-04-2025_15-38-38_p0078_s61_b1_RAW--ZED-RGB_FRONT.avi,2025-04-03 15:38:38
03-04-2025_15-43-30_p0078_s62_b1_RAW,78,62,O que você está sentindo que te fez procurar o hospital?,Lesão por arma branca,03-04-2025_15-43-30,/srv/projects2/captarlibras_finep/dataset_captarlibras/raw-data/frontal-cam/03-04-2025_15-43-30_p0078_s62_b1_RAW--ZED-RGB_FRONT.avi,2025-04-03 15:43:30
03-04-2025_15-43-47_p0078_s63_b1_RAW,78,63,O que você está sentindo que te fez procurar o hospital?,Lesão por arma de fogo,03-04-2025_15-43-47,/srv/projects2/captarlibras_finep/dataset_captarlibras/raw-data/frontal-cam/03-04-2025_15-43-47_p0078_s63_b1_RAW--ZED-RGB_FRONT.avi,2025-04-03 15:43:47
03-04-2025_15-44-09_p0078_s64_b1_RAW,78,64,O que você está sentindo que te fez procurar o hospital?,Iminência de trabalho de parto,03-04-2025_15-44-09,/srv/projects2/captarlibras_finep/dataset_captarlibras/raw-data/frontal-cam/03-04-2025_15-44-09_p0078_s64_b1_RAW--ZED-RGB_FRONT.avi,2025-04-03 15:44:09
03-04-2025_15-44-25_p0078_s65_b1_RAW,78,65,O que você está sentindo que te fez procurar o hospital?,Trabalho de parto ativo,03-04-2025_15-44-25,/srv/projects2/captarlibras_finep/dataset_captarlibras/raw-data/frontal-cam/03-04-2025_15-44-25_p0078_s65_b1_RAW--ZED-RGB_FRONT.avi,2025-04-03 15:44:25
03-04-2025_15-45-53_p0078_s66_b1_RAW,78,66,O que você está sentindo que te fez procurar o hospital?,Sangramento vaginal,03-04-2025_15-45-53,/srv/projects2/captarlibras_finep/dataset_captarlibras/raw-data/frontal-cam/03-04-2025_15-45-53_p0078_s66_b1_RAW--ZED-RGB_FRONT.avi,2025-04-03 15:45:53
03-04-2025_15-46-15_p0078_s67_b1_RAW,78,67,O que você está sentindo que te fez procurar o hospital?,Vômitos com sangue,03-04-2025_15-46-15,/srv/projects2/captarlibras_finep/dataset_captarlibras/raw-data/frontal-cam/03-04-2025_15-46-15_p0078_s67_b1_RAW--ZED-RGB_FRONT.avi,2025-04-03 15:46:15
03-04-2025_15-47-00_p0078_sP02_b1_RAW,78,P02,Quando começou?,Pergunta,03-04-2025_15-47-00,/srv/projects2/captarlibras_finep/dataset_captarlibras/raw-data/frontal-cam/03-04-2025_15-47-00_p0078_sP02_b1_RAW--ZED-RGB_FRONT.avi,2025-04-03 15:47:00
03-04-2025_15-47-15_p0078_s68_b1_RAW,78,68,Quando começou?,Quinze minutos,03-04-2025_15-47-15,/srv/projects2/captarlibras_finep/dataset_captarlibras/raw-data/frontal-cam/03-04-2025_15-47-15_p0078_s68_b1_RAW--ZED-RGB_FRONT.avi,2025-04-03 15:47:15
03-04-2025_15-47-31_p0078_s69_b1_RAW,78,69,Quando começou?,Trinta minutos,03-04-2025_15-47-31,/srv/projects2/captarlibras_finep/dataset_captarlibras/raw-data/frontal-cam/03-04-2025_15-47-31_p0078_s69_b1_RAW--ZED-RGB_FRONT.avi,2025-04-03 15:47:31
03-04-2025_15-47-45_p0078_s70_b1_RAW,78,70,Quando começou?,Uma hora,03-04-2025_15-47-45,/srv/projects2/captarlibras_finep/dataset_captarlibras/raw-data/frontal-cam/03-04-2025_15-47-45_p0078_s70_b1_RAW--ZED-RGB_FRONT.avi,2025-04-03 15:47:45
03-04-2025_15-48-27_p0078_s71_b1_RAW,78,71,Quando começou?,Duas horas,03-04-2025_15-48-27,/srv/projects2/captarlibras_finep/dataset_captarlibras/raw-data/frontal-cam/03-04-2025_15-48-27_p0078_s71_b1_RAW--ZED-RGB_FRONT.avi,2025-04-03 15:48:27
03-04-2025_15-48-39_p0078_s72_b1_RAW,78,72,Quando começou?,Dois meses,03-04-2025_15-48-39,/srv/projects2/captarlibras_finep/dataset_captarlibras/raw-data/frontal-cam/03-04-2025_15-48-39_p0078_s72_b1_RAW--ZED-RGB_FRONT.avi,2025-04-03 15:48:39
03-04-2025_15-48-55_p0078_sP03_b1_RAW,78,P03,Como começou? O que você estava fazendo?,Pergunta,03-04-2025_15-48-55,/srv/projects2/captarlibras_finep/dataset_captarlibras/raw-data/frontal-cam/03-04-2025_15-48-55_p0078_sP03_b1_RAW--ZED-RGB_FRONT.avi,2025-04-03 15:48:55
03-04-2025_15-49-12_p0078_s73_b1_RAW,78,73,Como começou? O que você estava fazendo?,Comendo,03-04-2025_15-49-12,/srv/projects2/captarlibras_finep/dataset_captarlibras/raw-data/frontal-cam/03-04-2025_15-49-12_p0078_s73_b1_RAW--ZED-RGB_FRONT.avi,2025-04-03 15:49:12
03-04-2025_15-49-26_p0078_s74_b1_RAW,78,74,Como começou? O que você estava fazendo?,Bebendo,03-04-2025_15-49-26,/srv/projects2/captarlibras_finep/dataset_captarlibras/raw-data/frontal-cam/03-04-2025_15-49-26_p0078_s74_b1_RAW--ZED-RGB_FRONT.avi,2025-04-03 15:49:26
03-04-2025_15-49-40_p0078_s75_b1_RAW,78,75,Como começou? O que você estava fazendo?,Tossindo,03-04-2025_15-49-40,/srv/projects2/captarlibras_finep/dataset_captarlibras/raw-data/frontal-cam/03-04-2025_15-49-40_p0078_s75_b1_RAW--ZED-RGB_FRONT.avi,2025-04-03 15:49:40
03-04-2025_15-49-51_p0078_s76_b1_RAW,78,76,Como começou? O que você estava fazendo?,Limpando a casa,03-04-2025_15-49-51,/srv/projects2/captarlibras_finep/dataset_captarlibras/raw-data/frontal-cam/03-04-2025_15-49-51_p0078_s76_b1_RAW--ZED-RGB_FRONT.avi,2025-04-03 15:49:51
03-04-2025_15-50-03_p0078_s77_b1_RAW,78,77,Como começou? O que você estava fazendo?,Praticando exercício físico,03-04-2025_15-50-03,/srv/projects2/captarlibras_finep/dataset_captarlibras/raw-data/frontal-cam/03-04-2025_15-50-03_p0078_s77_b1_RAW--ZED-RGB_FRONT.avi,2025-04-03 15:50:03
03-04-2025_15-50-14_p0078_s78_b1_RAW,78,78,Como começou? O que você estava fazendo?,Em repouso,03-04-2025_15-50-14,/srv/projects2/captarlibras_finep/dataset_captarlibras/raw-data/frontal-cam/03-04-2025_15-50-14_p0078_s78_b1_RAW--ZED-RGB_FRONT.avi,2025-04-03 15:50:14
03-04-2025_15-50-30_p0078_s79_b1_RAW,78,79,Como começou? O que você estava fazendo?,Estava sentado,03-04-2025_15-50-30,/srv/projects2/captarlibras_finep/dataset_captarlibras/raw-data/frontal-cam/03-04-2025_15-50-30_p0078_s79_b1_RAW--ZED-RGB_FRONT.avi,2025-04-03 15:50:30
03-04-2025_15-50-45_p0078_s80_b1_RAW,78,80,Como começou? O que você estava fazendo?,Estava mudando de posição de sentado para de pé,03-04-2025_15-50-45,/srv/projects2/captarlibras_finep/dataset_captarlibras/raw-data/frontal-cam/03-04-2025_15-50-45_p0078_s80_b1_RAW--ZED-RGB_FRONT.avi,2025-04-03 15:50:45
03-04-2025_15-51-20_p0078_s81_b1_RAW,78,81,Como começou? O que você estava fazendo?,Não me lembro,03-04-2025_15-51-20,/srv/projects2/captarlibras_finep/dataset_captarlibras/raw-data/frontal-cam/03-04-2025_15-51-20_p0078_s81_b1_RAW--ZED-RGB_FRONT.avi,2025-04-03 15:51:20
04-04-2025_14-26-38_p0081_sP09.1_b3_RAW,81,P09.1,A dor no peito ou falta de ar piora ao fazer esforço físico?,Pergunta,04-04-2025_14-26-38,/srv/projects2/captarlibras_finep/dataset_captarlibras/raw-data/frontal-cam/04-04-2025_14-26-38_p0081_sP09.1_b3_RAW--ZED-RGB_FRONT.avi,2025-04-04 14:26:38
04-04-2025_14-29-04_p0081_sP09.2_b3_RAW,81,P09.2,Piora ao subir morro?,Pergunta,04-04-2025_14-29-04,/srv/projects2/captarlibras_finep/dataset_captarlibras/raw-data/frontal-cam/04-04-2025_14-29-04_p0081_sP09.2_b3_RAW--ZED-RGB_FRONT.avi,2025-04-04 14:29:04
04-04-2025_14-29-37_p0081_s158_b3_RAW,81,158,Piora ao subir morro?,Piora ao subir morro,04-04-2025_14-29-37,/srv/projects2/captarlibras_finep/dataset_captarlibras/raw-data/frontal-cam/04-04-2025_14-29-37_p0081_s158_b3_RAW--ZED-RGB_FRONT.avi,2025-04-04 14:29:37
04-04-2025_14-29-58_p0081_s159_b3_RAW,81,159,Piora ao subir morro?,Não piora ao subir morro,04-04-2025_14-29-58,/srv/projects2/captarlibras_finep/dataset_captarlibras/raw-data/frontal-cam/04-04-2025_14-29-58_p0081_s159_b3_RAW--ZED-RGB_FRONT.avi,2025-04-04 14:29:58
04-04-2025_14-30-31_p0081_sP09.3_b3_RAW,81,P09.3,Piora ao andar no plano?,Pergunta,04-04-2025_14-30-31,/srv/projects2/captarlibras_finep/dataset_captarlibras/raw-data/frontal-cam/04-04-2025_14-30-31_p0081_sP09.3_b3_RAW--ZED-RGB_FRONT.avi,2025-04-04 14:30:31
04-04-2025_14-30-45_p0081_s160_b3_RAW,81,160,Piora ao andar no plano?,Piora ao andar no plano,04-04-2025_14-30-45,/srv/projects2/captarlibras_finep/dataset_captarlibras/raw-data/frontal-cam/04-04-2025_14-30-45_p0081_s160_b3_RAW--ZED-RGB_FRONT.avi,2025-04-04 14:30:45
04-04-2025_14-31-05_p0081_s161_b3_RAW,81,161,Piora ao andar no plano?,Não piora ao andar no plano,04-04-2025_14-31-05,/srv/projects2/captarlibras_finep/dataset_captarlibras/raw-data/frontal-cam/04-04-2025_14-31-05_p0081_s161_b3_RAW--ZED-RGB_FRONT.avi,2025-04-04 14:31:05
04-04-2025_14-31-26_p0081_sP09.4_b3_RAW,81,P09.4,Piora ao tomar banho?,Pergunta,04-04-2025_14-31-26,/srv/projects2/captarlibras_finep/dataset_captarlibras/raw-data/frontal-cam/04-04-2025_14-31-26_p0081_sP09.4_b3_RAW--ZED-RGB_FRONT.avi,2025-04-04 14:31:26
04-04-2025_14-31-43_p0081_s162_b3_RAW,81,162,Piora ao tomar banho?,Piora ao tomar banho,04-04-2025_14-31-43,/srv/projects2/captarlibras_finep/dataset_captarlibras/raw-data/frontal-cam/04-04-2025_14-31-43_p0081_s162_b3_RAW--ZED-RGB_FRONT.avi,2025-04-04 14:31:43
04-04-2025_14-32-02_p0081_s163_b3_RAW,81,163,Piora ao tomar banho?,Não piora ao tomar banho,04-04-2025_14-32-02,/srv/projects2/captarlibras_finep/dataset_captarlibras/raw-data/frontal-cam/04-04-2025_14-32-02_p0081_s163_b3_RAW--ZED-RGB_FRONT.avi,2025-04-04 14:32:02
04-04-2025_14-33-41_p0081_sP09.5_b3_RAW,81,P09.5,Piora em repouso?,Pergunta,04-04-2025_14-33-41,/srv/projects2/captarlibras_finep/dataset_captarlibras/raw-data/frontal-cam/04-04-2025_14-33-41_p0081_sP09.5_b3_RAW--ZED-RGB_FRONT.avi,2025-04-04 14:33:41
04-04-2025_14-34-00_p0081_s164_b3_RAW,81,164,Piora em repouso?,Piora em repouso,04-04-2025_14-34-00,/srv/projects2/captarlibras_finep/dataset_captarlibras/raw-data/frontal-cam/04-04-2025_14-34-00_p0081_s164_b3_RAW--ZED-RGB_FRONT.avi,2025-04-04 14:34:00
04-04-2025_14-34-15_p0081_s165_b3_RAW,81,165,Piora em repouso?,Não piora em repouso,04-04-2025_14-34-15,/srv/projects2/captarlibras_finep/dataset_captarlibras/raw-data/frontal-cam/04-04-2025_14-34-15_p0081_s165_b3_RAW--ZED-RGB_FRONT.avi,2025-04-04 14:34:15
04-04-2025_14-34-32_p0081_sP09.6_b3_RAW,81,P09.6,Piora ao subir escada?,Pergunta,04-04-2025_14-34-32,/srv/projects2/captarlibras_finep/dataset_captarlibras/raw-data/frontal-cam/04-04-2025_14-34-32_p0081_sP09.6_b3_RAW--ZED-RGB_FRONT.avi,2025-04-04 14:34:32
04-04-2025_14-34-51_p0081_s166_b3_RAW,81,166,Piora ao subir escada?,Piora ao subir escada,04-04-2025_14-34-51,/srv/projects2/captarlibras_finep/dataset_captarlibras/raw-data/frontal-cam/04-04-2025_14-34-51_p0081_s166_b3_RAW--ZED-RGB_FRONT.avi,2025-04-04 14:34:51
04-04-2025_14-35-10_p0081_s167_b3_RAW,81,167,Piora ao subir escada?,Não piora ao subir escada,04-04-2025_14-35-10,/srv/projects2/captarlibras_finep/dataset_captarlibras/raw-data/frontal-cam/04-04-2025_14-35-10_p0081_s167_b3_RAW--ZED-RGB_FRONT.avi,2025-04-04 14:35:10
04-04-2025_14-35-33_p0081_sP09.7_b3_RAW,81,P09.7,A dor no peito ou falta de ar melhorou com algum medicamento?,Pergunta,04-04-2025_14-35-33,/srv/projects2/captarlibras_finep/dataset_captarlibras/raw-data/frontal-cam/04-04-2025_14-35-33_p0081_sP09.7_b3_RAW--ZED-RGB_FRONT.avi,2025-04-04 14:35:33
04-04-2025_14-37-01_p0081_sP09.7_b3_RAW,81,P09.7,A dor no peito ou falta de ar melhorou com algum medicamento?,Pergunta,04-04-2025_14-37-01,/srv/projects2/captarlibras_finep/dataset_captarlibras/raw-data/frontal-cam/04-04-2025_14-37-01_p0081_sP09.7_b3_RAW--ZED-RGB_FRONT.avi,2025-04-04 14:37:01
04-04-2025_14-37-35_p0081_s168_b3_RAW,81,168,A dor no peito ou falta de ar melhorou com algum medicamento?,Melhorou com medicamento,04-04-2025_14-37-35,/srv/projects2/captarlibras_finep/dataset_captarlibras/raw-data/frontal-cam/04-04-2025_14-37-35_p0081_s168_b3_RAW--ZED-RGB_FRONT.avi,2025-04-04 14:37:35
04-04-2025_14-37-50_p0081_s169_b3_RAW,81,169,A dor no peito ou falta de ar melhorou com algum medicamento?,Não melhorou com medicamento,04-04-2025_14-37-50,/srv/projects2/captarlibras_finep/dataset_captarlibras/raw-data/frontal-cam/04-04-2025_14-37-50_p0081_s169_b3_RAW--ZED-RGB_FRONT.avi,2025-04-04 14:37:50
04-04-2025_14-42-15_p0081_sP10_b3_RAW,81,P10,"De 1 a 10, sendo 1 uma dor muito fraca e 10 uma dor insuportável, qual é a intensidade da dor?",Pergunta,04-04-2025_14-42-15,/srv/projects2/captarlibras_finep/dataset_captarlibras/raw-data/frontal-cam/04-04-2025_14-42-15_p0081_sP10_b3_RAW--ZED-RGB_FRONT.avi,2025-04-04 14:42:15
04-04-2025_14-43-27_p0081_sP10_b3_RAW,81,P10,"De 1 a 10, sendo 1 uma dor muito fraca e 10 uma dor insuportável, qual é a intensidade da dor?",Pergunta,04-04-2025_14-43-27,/srv/projects2/captarlibras_finep/dataset_captarlibras/raw-data/frontal-cam/04-04-2025_14-43-27_p0081_sP10_b3_RAW--ZED-RGB_FRONT.avi,2025-04-04 14:43:27
04-04-2025_14-44-47_p0081_s170.0_b3_RAW,81,170.0,"De 1 a 10, sendo 1 uma dor muito fraca e 10 uma dor insuportável, qual é a intensidade da dor?",Zero,04-04-2025_14-44-47,/srv/projects2/captarlibras_finep/dataset_captarlibras/raw-data/frontal-cam/04-04-2025_14-44-47_p0081_s170.0_b3_RAW--ZED-RGB_FRONT.avi,2025-04-04 14:44:47
04-04-2025_14-45-00_p0081_s170.1_b3_RAW,81,170.1,"De 1 a 10, sendo 1 uma dor muito fraca e 10 uma dor insuportável, qual é a intensidade da dor?",Um,04-04-2025_14-45-00,/srv/projects2/captarlibras_finep/dataset_captarlibras/raw-data/frontal-cam/04-04-2025_14-45-00_p0081_s170.1_b3_RAW--ZED-RGB_FRONT.avi,2025-04-04 14:45:00
04-04-2025_14-45-18_p0081_s170.2_b3_RAW,81,170.2,"De 1 a 10, sendo 1 uma dor muito fraca e 10 uma dor insuportável, qual é a intensidade da dor?",Dois,04-04-2025_14-45-18,/srv/projects2/captarlibras_finep/dataset_captarlibras/raw-data/frontal-cam/04-04-2025_14-45-18_p0081_s170.2_b3_RAW--ZED-RGB_FRONT.avi,2025-04-04 14:45:18
04-04-2025_14-45-32_p0081_s170.3_b3_RAW,81,170.3,"De 1 a 10, sendo 1 uma dor muito fraca e 10 uma dor insuportável, qual é a intensidade da dor?",Três,04-04-2025_14-45-32,/srv/projects2/captarlibras_finep/dataset_captarlibras/raw-data/frontal-cam/04-04-2025_14-45-32_p0081_s170.3_b3_RAW--ZED-RGB_FRONT.avi,2025-04-04 14:45:32
04-04-2025_14-45-50_p0081_s170.4_b3_RAW,81,170.4,"De 1 a 10, sendo 1 uma dor muito fraca e 10 uma dor insuportável, qual é a intensidade da dor?",Quatro,04-04-2025_14-45-50,/srv/projects2/captarlibras_finep/dataset_captarlibras/raw-data/frontal-cam/04-04-2025_14-45-50_p0081_s170.4_b3_RAW--ZED-RGB_FRONT.avi,2025-04-04 14:45:50
04-04-2025_14-46-04_p0081_s170.5_b3_RAW,81,170.5,"De 1 a 10, sendo 1 uma dor muito fraca e 10 uma dor insuportável, qual é a intensidade da dor?",Cinco,04-04-2025_14-46-04,/srv/projects2/captarlibras_finep/dataset_captarlibras/raw-data/frontal-cam/04-04-2025_14-46-04_p0081_s170.5_b3_RAW--ZED-RGB_FRONT.avi,2025-04-04 14:46:04
04-04-2025_14-46-15_p0081_s170.6_b3_RAW,81,170.6,"De 1 a 10, sendo 1 uma dor muito fraca e 10 uma dor insuportável, qual é a intensidade da dor?",Seis,04-04-2025_14-46-15,/srv/projects2/captarlibras_finep/dataset_captarlibras/raw-data/frontal-cam/04-04-2025_14-46-15_p0081_s170.6_b3_RAW--ZED-RGB_FRONT.avi,2025-04-04 14:46:15
04-04-2025_14-46-37_p0081_s170.7_b3_RAW,81,170.7,"De 1 a 10, sendo 1 uma dor muito fraca e 10 uma dor insuportável, qual é a intensidade da dor?",Sete,04-04-2025_14-46-37,/srv/projects2/captarlibras_finep/dataset_captarlibras/raw-data/frontal-cam/04-04-2025_14-46-37_p0081_s170.7_b3_RAW--ZED-RGB_FRONT.avi,2025-04-04 14:46:37
04-04-2025_14-46-50_p0081_s170.8_b3_RAW,81,170.8,"De 1 a 10, sendo 1 uma dor muito fraca e 10 uma dor insuportável, qual é a intensidade da dor?",Oito,04-04-2025_14-46-50,/srv/projects2/captarlibras_finep/dataset_captarlibras/raw-data/frontal-cam/04-04-2025_14-46-50_p0081_s170.8_b3_RAW--ZED-RGB_FRONT.avi,2025-04-04 14:46:50
04-04-2025_14-47-05_p0081_s170.9_b3_RAW,81,170.9,"De 1 a 10, sendo 1 uma dor muito fraca e 10 uma dor insuportável, qual é a intensidade da dor?",Nove,04-04-2025_14-47-05,/srv/projects2/captarlibras_finep/dataset_captarlibras/raw-data/frontal-cam/04-04-2025_14-47-05_p0081_s170.9_b3_RAW--ZED-RGB_FRONT.avi,2025-04-04 14:47:05
04-04-2025_14-47-28_p0081_s170.10_b3_RAW,81,170.10,"De 1 a 10, sendo 1 uma dor muito fraca e 10 uma dor insuportável, qual é a intensidade da dor?",Dez,04-04-2025_14-47-28,/srv/projects2/captarlibras_finep/dataset_captarlibras/raw-data/frontal-cam/04-04-2025_14-47-28_p0081_s170.10_b3_RAW--ZED-RGB_FRONT.avi,2025-04-04 14:47:28
04-04-2025_14-47-59_p0081_sP11.1_b3_RAW,81,P11.1,Foi um episódio de dor ou mais episódios?,Pergunta,04-04-2025_14-47-59,/srv/projects2/captarlibras_finep/dataset_captarlibras/raw-data/frontal-cam/04-04-2025_14-47-59_p0081_sP11.1_b3_RAW--ZED-RGB_FRONT.avi,2025-04-04 14:47:59
04-04-2025_14-48-22_p0081_s171_b3_RAW,81,171,Foi um episódio de dor ou mais episódios?,Foi uma vez,04-04-2025_14-48-22,/srv/projects2/captarlibras_finep/dataset_captarlibras/raw-data/frontal-cam/04-04-2025_14-48-22_p0081_s171_b3_RAW--ZED-RGB_FRONT.avi,2025-04-04 14:48:22
04-04-2025_14-48-38_p0081_s172_b3_RAW,81,172,Foi um episódio de dor ou mais episódios?,Foram vários episódios,04-04-2025_14-48-38,/srv/projects2/captarlibras_finep/dataset_captarlibras/raw-data/frontal-cam/04-04-2025_14-48-38_p0081_s172_b3_RAW--ZED-RGB_FRONT.avi,2025-04-04 14:48:38
04-04-2025_14-48-55_p0081_s173_b3_RAW,81,173,Foi um episódio de dor ou mais episódios?,Constante,04-04-2025_14-48-55,/srv/projects2/captarlibras_finep/dataset_captarlibras/raw-data/frontal-cam/04-04-2025_14-48-55_p0081_s173_b3_RAW--ZED-RGB_FRONT.avi,2025-04-04 14:48:55
04-04-2025_14-49-15_p0081_sP11.2_b3_RAW,81,P11.2,Qual a frequência da dor?,Pergunta,04-04-2025_14-49-15,/srv/projects2/captarlibras_finep/dataset_captarlibras/raw-data/frontal-cam/04-04-2025_14-49-15_p0081_sP11.2_b3_RAW--ZED-RGB_FRONT.avi,2025-04-04 14:49:15
04-04-2025_14-49-34_p0081_s174_b3_RAW,81,174,Qual a frequência da dor?,Três vezes ao dia,04-04-2025_14-49-34,/srv/projects2/captarlibras_finep/dataset_captarlibras/raw-data/frontal-cam/04-04-2025_14-49-34_p0081_s174_b3_RAW--ZED-RGB_FRONT.avi,2025-04-04 14:49:34
04-04-2025_14-50-09_p0081_sP11.3_b3_RAW,81,P11.3,Quando foi o primeiro episódio?,Pergunta,04-04-2025_14-50-09,/srv/projects2/captarlibras_finep/dataset_captarlibras/raw-data/frontal-cam/04-04-2025_14-50-09_p0081_sP11.3_b3_RAW--ZED-RGB_FRONT.avi,2025-04-04 14:50:09
04-04-2025_14-50-30_p0081_s175_b3_RAW,81,175,Quando foi o primeiro episódio?,Duas semanas,04-04-2025_14-50-30,/srv/projects2/captarlibras_finep/dataset_captarlibras/raw-data/frontal-cam/04-04-2025_14-50-30_p0081_s175_b3_RAW--ZED-RGB_FRONT.avi,2025-04-04 14:50:30
04-04-2025_14-50-48_p0081_s176_b3_RAW,81,176,Quando foi o primeiro episódio?,Três meses,04-04-2025_14-50-48,/srv/projects2/captarlibras_finep/dataset_captarlibras/raw-data/frontal-cam/04-04-2025_14-50-48_p0081_s176_b3_RAW--ZED-RGB_FRONT.avi,2025-04-04 14:50:48
04-04-2025_14-51-03_p0081_s177_b3_RAW,81,177,Quando foi o primeiro episódio?,Um ano,04-04-2025_14-51-03,/srv/projects2/captarlibras_finep/dataset_captarlibras/raw-data/frontal-cam/04-04-2025_14-51-03_p0081_s177_b3_RAW--ZED-RGB_FRONT.avi,2025-04-04 14:51:03
04-04-2025_14-51-17_p0081_s178_b3_RAW,81,178,Quando foi o primeiro episódio?,Cinco anos,04-04-2025_14-51-17,/srv/projects2/captarlibras_finep/dataset_captarlibras/raw-data/frontal-cam/04-04-2025_14-51-17_p0081_s178_b3_RAW--ZED-RGB_FRONT.avi,2025-04-04 14:51:17
04-04-2025_14-51-58_p0081_sP11.4_b3_RAW,81,P11.4,"Como foi a evolução da dor ao longo do tempo, aumentou ou diminuiu de intensidade?",Pergunta,04-04-2025_14-51-58,/srv/projects2/captarlibras_finep/dataset_captarlibras/raw-data/frontal-cam/04-04-2025_14-51-58_p0081_sP11.4_b3_RAW--ZED-RGB_FRONT.avi,2025-04-04 14:51:58
04-04-2025_14-52-25_p0081_sP11.5_b3_RAW,81,P11.5,Houve aumento da duração da dor?,Pergunta,04-04-2025_14-52-25,/srv/projects2/captarlibras_finep/dataset_captarlibras/raw-data/frontal-cam/04-04-2025_14-52-25_p0081_sP11.5_b3_RAW--ZED-RGB_FRONT.avi,2025-04-04 14:52:25
04-04-2025_14-53-00_p0081_sP12_b3_RAW,81,P12,A dor tem uma localização fixa ou se espalha para algum lugar?,Pergunta,04-04-2025_14-53-00,/srv/projects2/captarlibras_finep/dataset_captarlibras/raw-data/frontal-cam/04-04-2025_14-53-00_p0081_sP12_b3_RAW--ZED-RGB_FRONT.avi,2025-04-04 14:53:00
04-04-2025_14-53-29_p0081_s179_b3_RAW,81,179,A dor tem uma localização fixa ou se espalha para algum lugar?,A dor é fixa,04-04-2025_14-53-29,/srv/projects2/captarlibras_finep/dataset_captarlibras/raw-data/frontal-cam/04-04-2025_14-53-29_p0081_s179_b3_RAW--ZED-RGB_FRONT.avi,2025-04-04 14:53:29
04-04-2025_14-54-11_p0081_s180_b3_RAW,81,180,A dor tem uma localização fixa ou se espalha para algum lugar?,A dor irradia para a nuca,04-04-2025_14-54-11,/srv/projects2/captarlibras_finep/dataset_captarlibras/raw-data/frontal-cam/04-04-2025_14-54-11_p0081_s180_b3_RAW--ZED-RGB_FRONT.avi,2025-04-04 14:54:11
04-04-2025_14-54-29_p0081_s181_b3_RAW,81,181,A dor tem uma localização fixa ou se espalha para algum lugar?,A dor irradia para o pescoço,04-04-2025_14-54-29,/srv/projects2/captarlibras_finep/dataset_captarlibras/raw-data/frontal-cam/04-04-2025_14-54-29_p0081_s181_b3_RAW--ZED-RGB_FRONT.avi,2025-04-04 14:54:29
04-04-2025_14-54-45_p0081_s182_b3_RAW,81,182,A dor tem uma localização fixa ou se espalha para algum lugar?,A dor irradia para a mandíbula,04-04-2025_14-54-45,/srv/projects2/captarlibras_finep/dataset_captarlibras/raw-data/frontal-cam/04-04-2025_14-54-45_p0081_s182_b3_RAW--ZED-RGB_FRONT.avi,2025-04-04 14:54:45
04-04-2025_14-55-07_p0081_s183_b3_RAW,81,183,A dor tem uma localização fixa ou se espalha para algum lugar?,A dor irradia para o ombro,04-04-2025_14-55-07,/srv/projects2/captarlibras_finep/dataset_captarlibras/raw-data/frontal-cam/04-04-2025_14-55-07_p0081_s183_b3_RAW--ZED-RGB_FRONT.avi,2025-04-04 14:55:07
04-04-2025_14-55-24_p0081_s184_b3_RAW,81,184,A dor tem uma localização fixa ou se espalha para algum lugar?,A dor irradia para o braço,04-04-2025_14-55-24,/srv/projects2/captarlibras_finep/dataset_captarlibras/raw-data/frontal-cam/04-04-2025_14-55-24_p0081_s184_b3_RAW--ZED-RGB_FRONT.avi,2025-04-04 14:55:24
04-04-2025_14-56-05_p0081_s185_b3_RAW,81,185,A dor tem uma localização fixa ou se espalha para algum lugar?,A dor irradia para a barriga,04-04-2025_14-56-05,/srv/projects2/captarlibras_finep/dataset_captarlibras/raw-data/frontal-cam/04-04-2025_14-56-05_p0081_s185_b3_RAW--ZED-RGB_FRONT.avi,2025-04-04 14:56:05
04-04-2025_14-56-58_p0081_s186_b3_RAW,81,186,A dor tem uma localização fixa ou se espalha para algum lugar?,A dor irradia para as costas,04-04-2025_14-56-58,/srv/projects2/captarlibras_finep/dataset_captarlibras/raw-data/frontal-cam/04-04-2025_14-56-58_p0081_s186_b3_RAW--ZED-RGB_FRONT.avi,2025-04-04 14:56:58
04-04-2025_14-57-16_p0081_s187_b3_RAW,81,187,A dor tem uma localização fixa ou se espalha para algum lugar?,A dor irradia para a virilha,04-04-2025_14-57-16,/srv/projects2/captarlibras_finep/dataset_captarlibras/raw-data/frontal-cam/04-04-2025_14-57-16_p0081_s187_b3_RAW--ZED-RGB_FRONT.avi,2025-04-04 14:57:16
04-04-2025_14-58-22_p0081_s188_b3_RAW,81,188,A dor tem uma localização fixa ou se espalha para algum lugar?,A dor irradia para a coxa,04-04-2025_14-58-22,/srv/projects2/captarlibras_finep/dataset_captarlibras/raw-data/frontal-cam/04-04-2025_14-58-22_p0081_s188_b3_RAW--ZED-RGB_FRONT.avi,2025-04-04 14:58:22
04-04-2025_14-59-29_p0081_s188_b3_RAW,81,188,A dor tem uma localização fixa ou se espalha para algum lugar?,A dor irradia para a coxa,04-04-2025_14-59-29,/srv/projects2/captarlibras_finep/dataset_captarlibras/raw-data/frontal-cam/04-04-2025_14-59-29_p0081_s188_b3_RAW--ZED-RGB_FRONT.avi,2025-04-04 14:59:29
04-04-2025_15-00-26_p0081_s188_b3_RAW,81,188,A dor tem uma localização fixa ou se espalha para algum lugar?,A dor irradia para a coxa,04-04-2025_15-00-26,/srv/projects2/captarlibras_finep/dataset_captarlibras/raw-data/frontal-cam/04-04-2025_15-00-26_p0081_s188_b3_RAW--ZED-RGB_FRONT.avi,2025-04-04 15:00:26
04-04-2025_15-01-03_p0081_s189_b3_RAW,81,189,A dor tem uma localização fixa ou se espalha para algum lugar?,A dor irradia para a perna,04-04-2025_15-01-03,/srv/projects2/captarlibras_finep/dataset_captarlibras/raw-data/frontal-cam/04-04-2025_15-01-03_p0081_s189_b3_RAW--ZED-RGB_FRONT.avi,2025-04-04 15:01:03
04-04-2025_15-02-20_p0081_sP13.1_b3_RAW,81,P13.1,A dor piora quando aperta?,Pergunta,04-04-2025_15-02-20,/srv/projects2/captarlibras_finep/dataset_captarlibras/raw-data/frontal-cam/04-04-2025_15-02-20_p0081_sP13.1_b3_RAW--ZED-RGB_FRONT.avi,2025-04-04 15:02:20
04-04-2025_15-03-19_p0081_s190_b3_RAW,81,190,A dor piora quando aperta?,Piora quando aperta,04-04-2025_15-03-19,/srv/projects2/captarlibras_finep/dataset_captarlibras/raw-data/frontal-cam/04-04-2025_15-03-19_p0081_s190_b3_RAW--ZED-RGB_FRONT.avi,2025-04-04 15:03:19
04-04-2025_15-03-38_p0081_s191_b3_RAW,81,191,A dor piora quando aperta?,Não piora quando aperta,04-04-2025_15-03-38,/srv/projects2/captarlibras_finep/dataset_captarlibras/raw-data/frontal-cam/04-04-2025_15-03-38_p0081_s191_b3_RAW--ZED-RGB_FRONT.avi,2025-04-04 15:03:38
04-04-2025_15-04-01_p0081_sP13.2_b3_RAW,81,P13.2,A dor piora quando muda a posição do corpo?,Pergunta,04-04-2025_15-04-01,/srv/projects2/captarlibras_finep/dataset_captarlibras/raw-data/frontal-cam/04-04-2025_15-04-01_p0081_sP13.2_b3_RAW--ZED-RGB_FRONT.avi,2025-04-04 15:04:01
04-04-2025_15-04-46_p0081_s192_b3_RAW,81,192,A dor piora quando muda a posição do corpo?,Piora quando muda a posição do corpo,04-04-2025_15-04-46,/srv/projects2/captarlibras_finep/dataset_captarlibras/raw-data/frontal-cam/04-04-2025_15-04-46_p0081_s192_b3_RAW--ZED-RGB_FRONT.avi,2025-04-04 15:04:46
04-04-2025_15-05-51_p0081_s193_b3_RAW,81,193,A dor piora quando muda a posição do corpo?,Não piora quando muda a posição do corpo,04-04-2025_15-05-51,/srv/projects2/captarlibras_finep/dataset_captarlibras/raw-data/frontal-cam/04-04-2025_15-05-51_p0081_s193_b3_RAW--ZED-RGB_FRONT.avi,2025-04-04 15:05:51
04-04-2025_15-06-20_p0081_sP14_b3_RAW,81,P14,"Tem dor, febre, calafrios, espirro ou secreção nasal?",Pergunta,04-04-2025_15-06-20,/srv/projects2/captarlibras_finep/dataset_captarlibras/raw-data/frontal-cam/04-04-2025_15-06-20_p0081_sP14_b3_RAW--ZED-RGB_FRONT.avi,2025-04-04 15:06:20
04-04-2025_15-06-43_p0081_sP15.1_b3_RAW,81,P15.1,Tem tosse?,Pergunta,04-04-2025_15-06-43,/srv/projects2/captarlibras_finep/dataset_captarlibras/raw-data/frontal-cam/04-04-2025_15-06-43_p0081_sP15.1_b3_RAW--ZED-RGB_FRONT.avi,2025-04-04 15:06:43
04-04-2025_15-07-07_p0081_sP15.2_b3_RAW,81,P15.2,Como é a tosse?,Pergunta,04-04-2025_15-07-07,/srv/projects2/captarlibras_finep/dataset_captarlibras/raw-data/frontal-cam/04-04-2025_15-07-07_p0081_sP15.2_b3_RAW--ZED-RGB_FRONT.avi,2025-04-04 15:07:07
04-04-2025_15-07-31_p0081_s194_b3_RAW,81,194,Como é a tosse?,Tosse seca,04-04-2025_15-07-31,/srv/projects2/captarlibras_finep/dataset_captarlibras/raw-data/frontal-cam/04-04-2025_15-07-31_p0081_s194_b3_RAW--ZED-RGB_FRONT.avi,2025-04-04 15:07:31
04-04-2025_15-08-09_p0081_sP15.3_b3_RAW,81,P15.3,Tosse é com ou sem catarro?,Pergunta,04-04-2025_15-08-09,/srv/projects2/captarlibras_finep/dataset_captarlibras/raw-data/frontal-cam/04-04-2025_15-08-09_p0081_sP15.3_b3_RAW--ZED-RGB_FRONT.avi,2025-04-04 15:08:09
04-04-2025_15-08-37_p0081_sP15.3_b3_RAW,81,P15.3,Tosse é com ou sem catarro?,Pergunta,04-04-2025_15-08-37,/srv/projects2/captarlibras_finep/dataset_captarlibras/raw-data/frontal-cam/04-04-2025_15-08-37_p0081_sP15.3_b3_RAW--ZED-RGB_FRONT.avi,2025-04-04 15:08:37
04-04-2025_15-09-12_p0081_s195_b3_RAW,81,195,Tosse é com ou sem catarro?,Tosse sem catarro,04-04-2025_15-09-12,/srv/projects2/captarlibras_finep/dataset_captarlibras/raw-data/frontal-cam/04-04-2025_15-09-12_p0081_s195_b3_RAW--ZED-RGB_FRONT.avi,2025-04-04 15:09:12
04-04-2025_15-09-28_p0081_s196_b3_RAW,81,196,Tosse é com ou sem catarro?,Tosse com catarro,04-04-2025_15-09-28,/srv/projects2/captarlibras_finep/dataset_captarlibras/raw-data/frontal-cam/04-04-2025_15-09-28_p0081_s196_b3_RAW--ZED-RGB_FRONT.avi,2025-04-04 15:09:28
04-04-2025_15-09-48_p0081_sP15.4_b3_RAW,81,P15.4,Qual cor é o catarro?,Pergunta,04-04-2025_15-09-48,/srv/projects2/captarlibras_finep/dataset_captarlibras/raw-data/frontal-cam/04-04-2025_15-09-48_p0081_sP15.4_b3_RAW--ZED-RGB_FRONT.avi,2025-04-04 15:09:48
04-04-2025_15-10-10_p0081_s197_b3_RAW,81,197,Qual cor é o catarro?,Catarro transparente,04-04-2025_15-10-10,/srv/projects2/captarlibras_finep/dataset_captarlibras/raw-data/frontal-cam/04-04-2025_15-10-10_p0081_s197_b3_RAW--ZED-RGB_FRONT.avi,2025-04-04 15:10:10
04-04-2025_15-10-30_p0081_s198_b3_RAW,81,198,Qual cor é o catarro?,Catarro branco,04-04-2025_15-10-30,/srv/projects2/captarlibras_finep/dataset_captarlibras/raw-data/frontal-cam/04-04-2025_15-10-30_p0081_s198_b3_RAW--ZED-RGB_FRONT.avi,2025-04-04 15:10:30
04-04-2025_15-10-56_p0081_s199_b3_RAW,81,199,Qual cor é o catarro?,Catarro amarelado,04-04-2025_15-10-56,/srv/projects2/captarlibras_finep/dataset_captarlibras/raw-data/frontal-cam/04-04-2025_15-10-56_p0081_s199_b3_RAW--ZED-RGB_FRONT.avi,2025-04-04 15:10:56
04-04-2025_15-11-25_p0081_s200_b3_RAW,81,200,Qual cor é o catarro?,Catarro esverdeado,04-04-2025_15-11-25,/srv/projects2/captarlibras_finep/dataset_captarlibras/raw-data/frontal-cam/04-04-2025_15-11-25_p0081_s200_b3_RAW--ZED-RGB_FRONT.avi,2025-04-04 15:11:25
04-04-2025_15-11-39_p0081_s201_b3_RAW,81,201,Qual cor é o catarro?,Catarro vermelho,04-04-2025_15-11-39,/srv/projects2/captarlibras_finep/dataset_captarlibras/raw-data/frontal-cam/04-04-2025_15-11-39_p0081_s201_b3_RAW--ZED-RGB_FRONT.avi,2025-04-04 15:11:39
04-04-2025_15-12-05_p0081_s202_b3_RAW,81,202,Qual cor é o catarro?,Catarro com raias de sangue,04-04-2025_15-12-05,/srv/projects2/captarlibras_finep/dataset_captarlibras/raw-data/frontal-cam/04-04-2025_15-12-05_p0081_s202_b3_RAW--ZED-RGB_FRONT.avi,2025-04-04 15:12:05
04-04-2025_15-12-56_p0081_sP16_b3_RAW,81,P16,"Se não há espirro e tosse, sente ardor para urinar?",Pergunta,04-04-2025_15-12-56,/srv/projects2/captarlibras_finep/dataset_captarlibras/raw-data/frontal-cam/04-04-2025_15-12-56_p0081_sP16_b3_RAW--ZED-RGB_FRONT.avi,2025-04-04 15:12:56
04-04-2025_15-14-11_p0081_sP17.1_b3_RAW,81,P17.1,Você vacinou para covid-19?,Pergunta,04-04-2025_15-14-11,/srv/projects2/captarlibras_finep/dataset_captarlibras/raw-data/frontal-cam/04-04-2025_15-14-11_p0081_sP17.1_b3_RAW--ZED-RGB_FRONT.avi,2025-04-04 15:14:11
04-04-2025_15-14-30_p0081_s203_b3_RAW,81,203,Você vacinou para covid-19?,Não vacinei pra covid-19,04-04-2025_15-14-30,/srv/projects2/captarlibras_finep/dataset_captarlibras/raw-data/frontal-cam/04-04-2025_15-14-30_p0081_s203_b3_RAW--ZED-RGB_FRONT.avi,2025-04-04 15:14:30
04-04-2025_15-14-46_p0081_sP17.2_b3_RAW,81,P17.2,Quantas doses?,Pergunta,04-04-2025_15-14-46,/srv/projects2/captarlibras_finep/dataset_captarlibras/raw-data/frontal-cam/04-04-2025_15-14-46_p0081_sP17.2_b3_RAW--ZED-RGB_FRONT.avi,2025-04-04 15:14:46
04-04-2025_15-14-59_p0081_s204_b3_RAW,81,204,Quantas doses?,Duas doses,04-04-2025_15-14-59,/srv/projects2/captarlibras_finep/dataset_captarlibras/raw-data/frontal-cam/04-04-2025_15-14-59_p0081_s204_b3_RAW--ZED-RGB_FRONT.avi,2025-04-04 15:14:59
04-04-2025_15-15-13_p0081_s205_b3_RAW,81,205,Quantas doses?,Três doses,04-04-2025_15-15-13,/srv/projects2/captarlibras_finep/dataset_captarlibras/raw-data/frontal-cam/04-04-2025_15-15-13_p0081_s205_b3_RAW--ZED-RGB_FRONT.avi,2025-04-04 15:15:13
04-04-2025_15-16-07_p0081_s206_b3_RAW,81,206,Quantas doses?,Quatro doses,04-04-2025_15-16-07,/srv/projects2/captarlibras_finep/dataset_captarlibras/raw-data/frontal-cam/04-04-2025_15-16-07_p0081_s206_b3_RAW--ZED-RGB_FRONT.avi,2025-04-04 15:16:07
04-04-2025_15-16-23_p0081_sP17.3_b3_RAW,81,P17.3,Você vacinou para gripe?,Pergunta,04-04-2025_15-16-23,/srv/projects2/captarlibras_finep/dataset_captarlibras/raw-data/frontal-cam/04-04-2025_15-16-23_p0081_sP17.3_b3_RAW--ZED-RGB_FRONT.avi,2025-04-04 15:16:23
04-04-2025_15-17-08_p0081_sP17.3_b3_RAW,81,P17.3,Você vacinou para gripe?,Pergunta,04-04-2025_15-17-08,/srv/projects2/captarlibras_finep/dataset_captarlibras/raw-data/frontal-cam/04-04-2025_15-17-08_p0081_sP17.3_b3_RAW--ZED-RGB_FRONT.avi,2025-04-04 15:17:08
04-04-2025_15-17-35_p0081_s207_b3_RAW,81,207,Você vacinou para gripe?,Não vacinei pra gripe,04-04-2025_15-17-35,/srv/projects2/captarlibras_finep/dataset_captarlibras/raw-data/frontal-cam/04-04-2025_15-17-35_p0081_s207_b3_RAW--ZED-RGB_FRONT.avi,2025-04-04 15:17:35
04-04-2025_15-17-53_p0081_sP17.4_b3_RAW,81,P17.4,Trouxe cartão de vacina?,Pergunta,04-04-2025_15-17-53,/srv/projects2/captarlibras_finep/dataset_captarlibras/raw-data/frontal-cam/04-04-2025_15-17-53_p0081_sP17.4_b3_RAW--ZED-RGB_FRONT.avi,2025-04-04 15:17:53
04-04-2025_15-18-10_p0081_s208_b3_RAW,81,208,Trouxe cartão de vacina?,Não trouxe cartão de vacina,04-04-2025_15-18-10,/srv/projects2/captarlibras_finep/dataset_captarlibras/raw-data/frontal-cam/04-04-2025_15-18-10_p0081_s208_b3_RAW--ZED-RGB_FRONT.avi,2025-04-04 15:18:10
04-04-2025_15-18-51_p0081_sP20_b3_RAW,81,P20,Você trouxe algum relatório médico?,Pergunta,04-04-2025_15-18-51,/srv/projects2/captarlibras_finep/dataset_captarlibras/raw-data/frontal-cam/04-04-2025_15-18-51_p0081_sP20_b3_RAW--ZED-RGB_FRONT.avi,2025-04-04 15:18:51
04-04-2025_15-19-09_p0081_sP21.1_b3_RAW,81,P21.1,Você trouxe receita médica?,Pergunta,04-04-2025_15-19-09,/srv/projects2/captarlibras_finep/dataset_captarlibras/raw-data/frontal-cam/04-04-2025_15-19-09_p0081_sP21.1_b3_RAW--ZED-RGB_FRONT.avi,2025-04-04 15:19:09
04-04-2025_15-19-35_p0081_s241_b3_RAW,81,241,Você trouxe receita médica?,Trouxe receita médica,04-04-2025_15-19-35,/srv/projects2/captarlibras_finep/dataset_captarlibras/raw-data/frontal-cam/04-04-2025_15-19-35_p0081_s241_b3_RAW--ZED-RGB_FRONT.avi,2025-04-04 15:19:35
04-04-2025_15-20-12_p0081_s243_b3_RAW,81,243,Você trouxe receita médica?,Não trouxe receita médica,04-04-2025_15-20-12,/srv/projects2/captarlibras_finep/dataset_captarlibras/raw-data/frontal-cam/04-04-2025_15-20-12_p0081_s243_b3_RAW--ZED-RGB_FRONT.avi,2025-04-04 15:20:12
04-04-2025_15-20-33_p0081_sP21.2_b3_RAW,81,P21.2,Está usando algum medicamento?,Pergunta,04-04-2025_15-20-33,/srv/projects2/captarlibras_finep/dataset_captarlibras/raw-data/frontal-cam/04-04-2025_15-20-33_p0081_sP21.2_b3_RAW--ZED-RGB_FRONT.avi,2025-04-04 15:20:33
04-04-2025_15-20-45_p0081_s242_b3_RAW,81,242,Está usando algum medicamento?,Uso medicamento,04-04-2025_15-20-45,/srv/projects2/captarlibras_finep/dataset_captarlibras/raw-data/frontal-cam/04-04-2025_15-20-45_p0081_s242_b3_RAW--ZED-RGB_FRONT.avi,2025-04-04 15:20:45
04-04-2025_15-20-59_p0081_s244_b3_RAW,81,244,Está usando algum medicamento?,Não uso medicamento,04-04-2025_15-20-59,/srv/projects2/captarlibras_finep/dataset_captarlibras/raw-data/frontal-cam/04-04-2025_15-20-59_p0081_s244_b3_RAW--ZED-RGB_FRONT.avi,2025-04-04 15:20:59
05-04-2025_10-43-21_p0084_sP09.1_b3_RAW,84,P09.1,A dor no peito ou falta de ar piora ao fazer esforço físico?,Pergunta,05-04-2025_10-43-21,/srv/projects2/captarlibras_finep/dataset_captarlibras/raw-data/frontal-cam/05-04-2025_10-43-21_p0084_sP09.1_b3_RAW--ZED-RGB_FRONT.avi,2025-04-05 10:43:21
05-04-2025_10-43-56_p0084_sP09.2_b3_RAW,84,P09.2,Piora ao subir morro?,Pergunta,05-04-2025_10-43-56,/srv/projects2/captarlibras_finep/dataset_captarlibras/raw-data/frontal-cam/05-04-2025_10-43-56_p0084_sP09.2_b3_RAW--ZED-RGB_FRONT.avi,2025-04-05 10:43:56
05-04-2025_10-44-30_p0084_s158_b3_RAW,84,158,Piora ao subir morro?,Piora ao subir morro,05-04-2025_10-44-30,/srv/projects2/captarlibras_finep/dataset_captarlibras/raw-data/frontal-cam/05-04-2025_10-44-30_p0084_s158_b3_RAW--ZED-RGB_FRONT.avi,2025-04-05 10:44:30
05-04-2025_10-44-50_p0084_s159_b3_RAW,84,159,Piora ao subir morro?,Não piora ao subir morro,05-04-2025_10-44-50,/srv/projects2/captarlibras_finep/dataset_captarlibras/raw-data/frontal-cam/05-04-2025_10-44-50_p0084_s159_b3_RAW--ZED-RGB_FRONT.avi,2025-04-05 10:44:50
05-04-2025_10-46-45_p0084_s160_b3_RAW,84,160,Piora ao andar no plano?,Piora ao andar no plano,05-04-2025_10-46-45,/srv/projects2/captarlibras_finep/dataset_captarlibras/raw-data/frontal-cam/05-04-2025_10-46-45_p0084_s160_b3_RAW--ZED-RGB_FRONT.avi,2025-04-05 10:46:45
05-04-2025_10-47-13_p0084_s161_b3_RAW,84,161,Piora ao andar no plano?,Não piora ao andar no plano,05-04-2025_10-47-13,/srv/projects2/captarlibras_finep/dataset_captarlibras/raw-data/frontal-cam/05-04-2025_10-47-13_p0084_s161_b3_RAW--ZED-RGB_FRONT.avi,2025-04-05 10:47:13
05-04-2025_10-47-56_p0084_sP09.4_b3_RAW,84,P09.4,Piora ao tomar banho?,Pergunta,05-04-2025_10-47-56,/srv/projects2/captarlibras_finep/dataset_captarlibras/raw-data/frontal-cam/05-04-2025_10-47-56_p0084_sP09.4_b3_RAW--ZED-RGB_FRONT.avi,2025-04-05 10:47:56
05-04-2025_10-49-01_p0084_s162_b3_RAW,84,162,Piora ao tomar banho?,Piora ao tomar banho,05-04-2025_10-49-01,/srv/projects2/captarlibras_finep/dataset_captarlibras/raw-data/frontal-cam/05-04-2025_10-49-01_p0084_s162_b3_RAW--ZED-RGB_FRONT.avi,2025-04-05 10:49:01
05-04-2025_10-49-44_p0084_s163_b3_RAW,84,163,Piora ao tomar banho?,Não piora ao tomar banho,05-04-2025_10-49-44,/srv/projects2/captarlibras_finep/dataset_captarlibras/raw-data/frontal-cam/05-04-2025_10-49-44_p0084_s163_b3_RAW--ZED-RGB_FRONT.avi,2025-04-05 10:49:44
05-04-2025_10-50-24_p0084_sP09.5_b3_RAW,84,P09.5,Piora em repouso?,Pergunta,05-04-2025_10-50-24,/srv/projects2/captarlibras_finep/dataset_captarlibras/raw-data/frontal-cam/05-04-2025_10-50-24_p0084_sP09.5_b3_RAW--ZED-RGB_FRONT.avi,2025-04-05 10:50:24
05-04-2025_10-50-38_p0084_s164_b3_RAW,84,164,Piora em repouso?,Piora em repouso,05-04-2025_10-50-38,/srv/projects2/captarlibras_finep/dataset_captarlibras/raw-data/frontal-cam/05-04-2025_10-50-38_p0084_s164_b3_RAW--ZED-RGB_FRONT.avi,2025-04-05 10:50:38
05-04-2025_10-50-56_p0084_s165_b3_RAW,84,165,Piora em repouso?,Não piora em repouso,05-04-2025_10-50-56,/srv/projects2/captarlibras_finep/dataset_captarlibras/raw-data/frontal-cam/05-04-2025_10-50-56_p0084_s165_b3_RAW--ZED-RGB_FRONT.avi,2025-04-05 10:50:56
05-04-2025_10-51-16_p0084_sP09.6_b3_RAW,84,P09.6,Piora ao subir escada?,Pergunta,05-04-2025_10-51-16,/srv/projects2/captarlibras_finep/dataset_captarlibras/raw-data/frontal-cam/05-04-2025_10-51-16_p0084_sP09.6_b3_RAW--ZED-RGB_FRONT.avi,2025-04-05 10:51:16
05-04-2025_10-51-34_p0084_s166_b3_RAW,84,166,Piora ao subir escada?,Piora ao subir escada,05-04-2025_10-51-34,/srv/projects2/captarlibras_finep/dataset_captarlibras/raw-data/frontal-cam/05-04-2025_10-51-34_p0084_s166_b3_RAW--ZED-RGB_FRONT.avi,2025-04-05 10:51:34
05-04-2025_10-51-51_p0084_s167_b3_RAW,84,167,Piora ao subir escada?,Não piora ao subir escada,05-04-2025_10-51-51,/srv/projects2/captarlibras_finep/dataset_captarlibras/raw-data/frontal-cam/05-04-2025_10-51-51_p0084_s167_b3_RAW--ZED-RGB_FRONT.avi,2025-04-05 10:51:51
05-04-2025_10-52-27_p0084_sP09.7_b3_RAW,84,P09.7,A dor no peito ou falta de ar melhorou com algum medicamento?,Pergunta,05-04-2025_10-52-27,/srv/projects2/captarlibras_finep/dataset_captarlibras/raw-data/frontal-cam/05-04-2025_10-52-27_p0084_sP09.7_b3_RAW--ZED-RGB_FRONT.avi,2025-04-05 10:52:27
05-04-2025_10-52-52_p0084_s168_b3_RAW,84,168,A dor no peito ou falta de ar melhorou com algum medicamento?,Melhorou com medicamento,05-04-2025_10-52-52,/srv/projects2/captarlibras_finep/dataset_captarlibras/raw-data/frontal-cam/05-04-2025_10-52-52_p0084_s168_b3_RAW--ZED-RGB_FRONT.avi,2025-04-05 10:52:52
05-04-2025_10-53-09_p0084_s169_b3_RAW,84,169,A dor no peito ou falta de ar melhorou com algum medicamento?,Não melhorou com medicamento,05-04-2025_10-53-09,/srv/projects2/captarlibras_finep/dataset_captarlibras/raw-data/frontal-cam/05-04-2025_10-53-09_p0084_s169_b3_RAW--ZED-RGB_FRONT.avi,2025-04-05 10:53:09
05-04-2025_10-53-57_p0084_sP10_b3_RAW,84,P10,"De 1 a 10, sendo 1 uma dor muito fraca e 10 uma dor insuportável, qual é a intensidade da dor?",Pergunta,05-04-2025_10-53-57,/srv/projects2/captarlibras_finep/dataset_captarlibras/raw-data/frontal-cam/05-04-2025_10-53-57_p0084_sP10_b3_RAW--ZED-RGB_FRONT.avi,2025-04-05 10:53:57
05-04-2025_10-55-04_p0084_s170.0_b3_RAW,84,170.0,"De 1 a 10, sendo 1 uma dor muito fraca e 10 uma dor insuportável, qual é a intensidade da dor?",Zero,05-04-2025_10-55-04,/srv/projects2/captarlibras_finep/dataset_captarlibras/raw-data/frontal-cam/05-04-2025_10-55-04_p0084_s170.0_b3_RAW--ZED-RGB_FRONT.avi,2025-04-05 10:55:04
05-04-2025_10-55-17_p0084_s170.1_b3_RAW,84,170.1,"De 1 a 10, sendo 1 uma dor muito fraca e 10 uma dor insuportável, qual é a intensidade da dor?",Um,05-04-2025_10-55-17,/srv/projects2/captarlibras_finep/dataset_captarlibras/raw-data/frontal-cam/05-04-2025_10-55-17_p0084_s170.1_b3_RAW--ZED-RGB_FRONT.avi,2025-04-05 10:55:17
05-04-2025_10-55-29_p0084_s170.2_b3_RAW,84,170.2,"De 1 a 10, sendo 1 uma dor muito fraca e 10 uma dor insuportável, qual é a intensidade da dor?",Dois,05-04-2025_10-55-29,/srv/projects2/captarlibras_finep/dataset_captarlibras/raw-data/frontal-cam/05-04-2025_10-55-29_p0084_s170.2_b3_RAW--ZED-RGB_FRONT.avi,2025-04-05 10:55:29
05-04-2025_10-55-40_p0084_s170.3_b3_RAW,84,170.3,"De 1 a 10, sendo 1 uma dor muito fraca e 10 uma dor insuportável, qual é a intensidade da dor?",Três,05-04-2025_10-55-40,/srv/projects2/captarlibras_finep/dataset_captarlibras/raw-data/frontal-cam/05-04-2025_10-55-40_p0084_s170.3_b3_RAW--ZED-RGB_FRONT.avi,2025-04-05 10:55:40
05-04-2025_10-55-51_p0084_s170.4_b3_RAW,84,170.4,"De 1 a 10, sendo 1 uma dor muito fraca e 10 uma dor insuportável, qual é a intensidade da dor?",Quatro,05-04-2025_10-55-51,/srv/projects2/captarlibras_finep/dataset_captarlibras/raw-data/frontal-cam/05-04-2025_10-55-51_p0084_s170.4_b3_RAW--ZED-RGB_FRONT.avi,2025-04-05 10:55:51
05-04-2025_10-56-02_p0084_s170.5_b3_RAW,84,170.5,"De 1 a 10, sendo 1 uma dor muito fraca e 10 uma dor insuportável, qual é a intensidade da dor?",Cinco,05-04-2025_10-56-02,/srv/projects2/captarlibras_finep/dataset_captarlibras/raw-data/frontal-cam/05-04-2025_10-56-02_p0084_s170.5_b3_RAW--ZED-RGB_FRONT.avi,2025-04-05 10:56:02
05-04-2025_10-56-13_p0084_s170.6_b3_RAW,84,170.6,"De 1 a 10, sendo 1 uma dor muito fraca e 10 uma dor insuportável, qual é a intensidade da dor?",Seis,05-04-2025_10-56-13,/srv/projects2/captarlibras_finep/dataset_captarlibras/raw-data/frontal-cam/05-04-2025_10-56-13_p0084_s170.6_b3_RAW--ZED-RGB_FRONT.avi,2025-04-05 10:56:13
05-04-2025_10-56-25_p0084_s170.7_b3_RAW,84,170.7,"De 1 a 10, sendo 1 uma dor muito fraca e 10 uma dor insuportável, qual é a intensidade da dor?",Sete,05-04-2025_10-56-25,/srv/projects2/captarlibras_finep/dataset_captarlibras/raw-data/frontal-cam/05-04-2025_10-56-25_p0084_s170.7_b3_RAW--ZED-RGB_FRONT.avi,2025-04-05 10:56:25
05-04-2025_10-56-35_p0084_s170.8_b3_RAW,84,170.8,"De 1 a 10, sendo 1 uma dor muito fraca e 10 uma dor insuportável, qual é a intensidade da dor?",Oito,05-04-2025_10-56-35,/srv/projects2/captarlibras_finep/dataset_captarlibras/raw-data/frontal-cam/05-04-2025_10-56-35_p0084_s170.8_b3_RAW--ZED-RGB_FRONT.avi,2025-04-05 10:56:35
05-04-2025_10-56-55_p0084_s170.9_b3_RAW,84,170.9,"De 1 a 10, sendo 1 uma dor muito fraca e 10 uma dor insuportável, qual é a intensidade da dor?",Nove,05-04-2025_10-56-55,/srv/projects2/captarlibras_finep/dataset_captarlibras/raw-data/frontal-cam/05-04-2025_10-56-55_p0084_s170.9_b3_RAW--ZED-RGB_FRONT.avi,2025-04-05 10:56:55
05-04-2025_10-57-06_p0084_s170.10_b3_RAW,84,170.10,"De 1 a 10, sendo 1 uma dor muito fraca e 10 uma dor insuportável, qual é a intensidade da dor?",Dez,05-04-2025_10-57-06,/srv/projects2/captarlibras_finep/dataset_captarlibras/raw-data/frontal-cam/05-04-2025_10-57-06_p0084_s170.10_b3_RAW--ZED-RGB_FRONT.avi,2025-04-05 10:57:06
05-04-2025_10-57-36_p0084_sP11.1_b3_RAW,84,P11.1,Foi um episódio de dor ou mais episódios?,Pergunta,05-04-2025_10-57-36,/srv/projects2/captarlibras_finep/dataset_captarlibras/raw-data/frontal-cam/05-04-2025_10-57-36_p0084_sP11.1_b3_RAW--ZED-RGB_FRONT.avi,2025-04-05 10:57:36
05-04-2025_10-58-03_p0084_s171_b3_RAW,84,171,Foi um episódio de dor ou mais episódios?,Foi uma vez,05-04-2025_10-58-03,/srv/projects2/captarlibras_finep/dataset_captarlibras/raw-data/frontal-cam/05-04-2025_10-58-03_p0084_s171_b3_RAW--ZED-RGB_FRONT.avi,2025-04-05 10:58:03
05-04-2025_10-58-24_p0084_s172_b3_RAW,84,172,Foi um episódio de dor ou mais episódios?,Foram vários episódios,05-04-2025_10-58-24,/srv/projects2/captarlibras_finep/dataset_captarlibras/raw-data/frontal-cam/05-04-2025_10-58-24_p0084_s172_b3_RAW--ZED-RGB_FRONT.avi,2025-04-05 10:58:24
05-04-2025_10-58-38_p0084_s173_b3_RAW,84,173,Foi um episódio de dor ou mais episódios?,Constante,05-04-2025_10-58-38,/srv/projects2/captarlibras_finep/dataset_captarlibras/raw-data/frontal-cam/05-04-2025_10-58-38_p0084_s173_b3_RAW--ZED-RGB_FRONT.avi,2025-04-05 10:58:38
05-04-2025_10-58-57_p0084_sP11.2_b3_RAW,84,P11.2,Qual a frequência da dor?,Pergunta,05-04-2025_10-58-57,/srv/projects2/captarlibras_finep/dataset_captarlibras/raw-data/frontal-cam/05-04-2025_10-58-57_p0084_sP11.2_b3_RAW--ZED-RGB_FRONT.avi,2025-04-05 10:58:57
05-04-2025_10-59-20_p0084_s174_b3_RAW,84,174,Qual a frequência da dor?,Três vezes ao dia,05-04-2025_10-59-20,/srv/projects2/captarlibras_finep/dataset_captarlibras/raw-data/frontal-cam/05-04-2025_10-59-20_p0084_s174_b3_RAW--ZED-RGB_FRONT.avi,2025-04-05 10:59:20
05-04-2025_10-59-40_p0084_sP11.3_b3_RAW,84,P11.3,Quando foi o primeiro episódio?,Pergunta,05-04-2025_10-59-40,/srv/projects2/captarlibras_finep/dataset_captarlibras/raw-data/frontal-cam/05-04-2025_10-59-40_p0084_sP11.3_b3_RAW--ZED-RGB_FRONT.avi,2025-04-05 10:59:40
05-04-2025_11-00-06_p0084_s175_b3_RAW,84,175,Quando foi o primeiro episódio?,Duas semanas,05-04-2025_11-00-06,/srv/projects2/captarlibras_finep/dataset_captarlibras/raw-data/frontal-cam/05-04-2025_11-00-06_p0084_s175_b3_RAW--ZED-RGB_FRONT.avi,2025-04-05 11:00:06
05-04-2025_11-01-16_p0084_s176_b3_RAW,84,176,Quando foi o primeiro episódio?,Três meses,05-04-2025_11-01-16,/srv/projects2/captarlibras_finep/dataset_captarlibras/raw-data/frontal-cam/05-04-2025_11-01-16_p0084_s176_b3_RAW--ZED-RGB_FRONT.avi,2025-04-05 11:01:16
05-04-2025_11-01-33_p0084_s177_b3_RAW,84,177,Quando foi o primeiro episódio?,Um ano,05-04-2025_11-01-33,/srv/projects2/captarlibras_finep/dataset_captarlibras/raw-data/frontal-cam/05-04-2025_11-01-33_p0084_s177_b3_RAW--ZED-RGB_FRONT.avi,2025-04-05 11:01:33
05-04-2025_11-02-15_p0084_s178_b3_RAW,84,178,Quando foi o primeiro episódio?,Cinco anos,05-04-2025_11-02-15,/srv/projects2/captarlibras_finep/dataset_captarlibras/raw-data/frontal-cam/05-04-2025_11-02-15_p0084_s178_b3_RAW--ZED-RGB_FRONT.avi,2025-04-05 11:02:15
05-04-2025_11-02-34_p0084_sP11.4_b3_RAW,84,P11.4,"Como foi a evolução da dor ao longo do tempo, aumentou ou diminuiu de intensidade?",Pergunta,05-04-2025_11-02-34,/srv/projects2/captarlibras_finep/dataset_captarlibras/raw-data/frontal-cam/05-04-2025_11-02-34_p0084_sP11.4_b3_RAW--ZED-RGB_FRONT.avi,2025-04-05 11:02:34
05-04-2025_11-02-58_p0084_sP11.5_b3_RAW,84,P11.5,Houve aumento da duração da dor?,Pergunta,05-04-2025_11-02-58,/srv/projects2/captarlibras_finep/dataset_captarlibras/raw-data/frontal-cam/05-04-2025_11-02-58_p0084_sP11.5_b3_RAW--ZED-RGB_FRONT.avi,2025-04-05 11:02:58
05-04-2025_11-03-39_p0084_sP12_b3_RAW,84,P12,A dor tem uma localização fixa ou se espalha para algum lugar?,Pergunta,05-04-2025_11-03-39,/srv/projects2/captarlibras_finep/dataset_captarlibras/raw-data/frontal-cam/05-04-2025_11-03-39_p0084_sP12_b3_RAW--ZED-RGB_FRONT.avi,2025-04-05 11:03:39
05-04-2025_11-04-23_p0084_s179_b3_RAW,84,179,A dor tem uma localização fixa ou se espalha para algum lugar?,A dor é fixa,05-04-2025_11-04-23,/srv/projects2/captarlibras_finep/dataset_captarlibras/raw-data/frontal-cam/05-04-2025_11-04-23_p0084_s179_b3_RAW--ZED-RGB_FRONT.avi,2025-04-05 11:04:23
05-04-2025_11-04-40_p0084_s180_b3_RAW,84,180,A dor tem uma localização fixa ou se espalha para algum lugar?,A dor irradia para a nuca,05-04-2025_11-04-40,/srv/projects2/captarlibras_finep/dataset_captarlibras/raw-data/frontal-cam/05-04-2025_11-04-40_p0084_s180_b3_RAW--ZED-RGB_FRONT.avi,2025-04-05 11:04:40
05-04-2025_11-04-57_p0084_s181_b3_RAW,84,181,A dor tem uma localização fixa ou se espalha para algum lugar?,A dor irradia para o pescoço,05-04-2025_11-04-57,/srv/projects2/captarlibras_finep/dataset_captarlibras/raw-data/frontal-cam/05-04-2025_11-04-57_p0084_s181_b3_RAW--ZED-RGB_FRONT.avi,2025-04-05 11:04:57
05-04-2025_11-05-12_p0084_s182_b3_RAW,84,182,A dor tem uma localização fixa ou se espalha para algum lugar?,A dor irradia para a mandíbula,05-04-2025_11-05-12,/srv/projects2/captarlibras_finep/dataset_captarlibras/raw-data/frontal-cam/05-04-2025_11-05-12_p0084_s182_b3_RAW--ZED-RGB_FRONT.avi,2025-04-05 11:05:12
05-04-2025_11-05-25_p0084_s183_b3_RAW,84,183,A dor tem uma localização fixa ou se espalha para algum lugar?,A dor irradia para o ombro,05-04-2025_11-05-25,/srv/projects2/captarlibras_finep/dataset_captarlibras/raw-data/frontal-cam/05-04-2025_11-05-25_p0084_s183_b3_RAW--ZED-RGB_FRONT.avi,2025-04-05 11:05:25
05-04-2025_11-05-38_p0084_s184_b3_RAW,84,184,A dor tem uma localização fixa ou se espalha para algum lugar?,A dor irradia para o braço,05-04-2025_11-05-38,/srv/projects2/captarlibras_finep/dataset_captarlibras/raw-data/frontal-cam/05-04-2025_11-05-38_p0084_s184_b3_RAW--ZED-RGB_FRONT.avi,2025-04-05 11:05:38
05-04-2025_11-05-53_p0084_s185_b3_RAW,84,185,A dor tem uma localização fixa ou se espalha para algum lugar?,A dor irradia para a barriga,05-04-2025_11-05-53,/srv/projects2/captarlibras_finep/dataset_captarlibras/raw-data/frontal-cam/05-04-2025_11-05-53_p0084_s185_b3_RAW--ZED-RGB_FRONT.avi,2025-04-05 11:05:53
05-04-2025_11-06-13_p0084_s186_b3_RAW,84,186,A dor tem uma localização fixa ou se espalha para algum lugar?,A dor irradia para as costas,05-04-2025_11-06-13,/srv/projects2/captarlibras_finep/dataset_captarlibras/raw-data/frontal-cam/05-04-2025_11-06-13_p0084_s186_b3_RAW--ZED-RGB_FRONT.avi,2025-04-05 11:06:13
05-04-2025_11-06-27_p0084_s187_b3_RAW,84,187,A dor tem uma localização fixa ou se espalha para algum lugar?,A dor irradia para a virilha,05-04-2025_11-06-27,/srv/projects2/captarlibras_finep/dataset_captarlibras/raw-data/frontal-cam/05-04-2025_11-06-27_p0084_s187_b3_RAW--ZED-RGB_FRONT.avi,2025-04-05 11:06:27
05-04-2025_11-07-34_p0084_s188_b3_RAW,84,188,A dor tem uma localização fixa ou se espalha para algum lugar?,A dor irradia para a coxa,05-04-2025_11-07-34,/srv/projects2/captarlibras_finep/dataset_captarlibras/raw-data/frontal-cam/05-04-2025_11-07-34_p0084_s188_b3_RAW--ZED-RGB_FRONT.avi,2025-04-05 11:07:34
05-04-2025_11-08-20_p0084_s189_b3_RAW,84,189,A dor tem uma localização fixa ou se espalha para algum lugar?,A dor irradia para a perna,05-04-2025_11-08-20,/srv/projects2/captarlibras_finep/dataset_captarlibras/raw-data/frontal-cam/05-04-2025_11-08-20_p0084_s189_b3_RAW--ZED-RGB_FRONT.avi,2025-04-05 11:08:20
05-04-2025_11-08-42_p0084_sP13.1_b3_RAW,84,P13.1,A dor piora quando aperta?,Pergunta,05-04-2025_11-08-42,/srv/projects2/captarlibras_finep/dataset_captarlibras/raw-data/frontal-cam/05-04-2025_11-08-42_p0084_sP13.1_b3_RAW--ZED-RGB_FRONT.avi,2025-04-05 11:08:42
05-04-2025_11-08-59_p0084_s190_b3_RAW,84,190,A dor piora quando aperta?,Piora quando aperta,05-04-2025_11-08-59,/srv/projects2/captarlibras_finep/dataset_captarlibras/raw-data/frontal-cam/05-04-2025_11-08-59_p0084_s190_b3_RAW--ZED-RGB_FRONT.avi,2025-04-05 11:08:59
05-04-2025_11-09-13_p0084_s191_b3_RAW,84,191,A dor piora quando aperta?,Não piora quando aperta,05-04-2025_11-09-13,/srv/projects2/captarlibras_finep/dataset_captarlibras/raw-data/frontal-cam/05-04-2025_11-09-13_p0084_s191_b3_RAW--ZED-RGB_FRONT.avi,2025-04-05 11:09:13
05-04-2025_11-09-35_p0084_sP13.2_b3_RAW,84,P13.2,A dor piora quando muda a posição do corpo?,Pergunta,05-04-2025_11-09-35,/srv/projects2/captarlibras_finep/dataset_captarlibras/raw-data/frontal-cam/05-04-2025_11-09-35_p0084_sP13.2_b3_RAW--ZED-RGB_FRONT.avi,2025-04-05 11:09:35
05-04-2025_11-10-06_p0084_s192_b3_RAW,84,192,A dor piora quando muda a posição do corpo?,Piora quando muda a posição do corpo,05-04-2025_11-10-06,/srv/projects2/captarlibras_finep/dataset_captarlibras/raw-data/frontal-cam/05-04-2025_11-10-06_p0084_s192_b3_RAW--ZED-RGB_FRONT.avi,2025-04-05 11:10:06
05-04-2025_11-10-26_p0084_s193_b3_RAW,84,193,A dor piora quando muda a posição do corpo?,Não piora quando muda a posição do corpo,05-04-2025_11-10-26,/srv/projects2/captarlibras_finep/dataset_captarlibras/raw-data/frontal-cam/05-04-2025_11-10-26_p0084_s193_b3_RAW--ZED-RGB_FRONT.avi,2025-04-05 11:10:26
05-04-2025_11-10-53_p0084_sP14_b3_RAW,84,P14,"Tem dor, febre, calafrios, espirro ou secreção nasal?",Pergunta,05-04-2025_11-10-53,/srv/projects2/captarlibras_finep/dataset_captarlibras/raw-data/frontal-cam/05-04-2025_11-10-53_p0084_sP14_b3_RAW--ZED-RGB_FRONT.avi,2025-04-05 11:10:53
05-04-2025_11-11-14_p0084_sP15.1_b3_RAW,84,P15.1,Tem tosse?,Pergunta,05-04-2025_11-11-14,/srv/projects2/captarlibras_finep/dataset_captarlibras/raw-data/frontal-cam/05-04-2025_11-11-14_p0084_sP15.1_b3_RAW--ZED-RGB_FRONT.avi,2025-04-05 11:11:14
05-04-2025_11-11-27_p0084_sP15.2_b3_RAW,84,P15.2,Como é a tosse?,Pergunta,05-04-2025_11-11-27,/srv/projects2/captarlibras_finep/dataset_captarlibras/raw-data/frontal-cam/05-04-2025_11-11-27_p0084_sP15.2_b3_RAW--ZED-RGB_FRONT.avi,2025-04-05 11:11:27
05-04-2025_11-11-40_p0084_s194_b3_RAW,84,194,Como é a tosse?,Tosse seca,05-04-2025_11-11-40,/srv/projects2/captarlibras_finep/dataset_captarlibras/raw-data/frontal-cam/05-04-2025_11-11-40_p0084_s194_b3_RAW--ZED-RGB_FRONT.avi,2025-04-05 11:11:40
05-04-2025_11-12-40_p0084_sP15.3_b3_RAW,84,P15.3,Tosse é com ou sem catarro?,Pergunta,05-04-2025_11-12-40,/srv/projects2/captarlibras_finep/dataset_captarlibras/raw-data/frontal-cam/05-04-2025_11-12-40_p0084_sP15.3_b3_RAW--ZED-RGB_FRONT.avi,2025-04-05 11:12:40
05-04-2025_11-13-09_p0084_s195_b3_RAW,84,195,Tosse é com ou sem catarro?,Tosse sem catarro,05-04-2025_11-13-09,/srv/projects2/captarlibras_finep/dataset_captarlibras/raw-data/frontal-cam/05-04-2025_11-13-09_p0084_s195_b3_RAW--ZED-RGB_FRONT.avi,2025-04-05 11:13:09
05-04-2025_11-13-22_p0084_s196_b3_RAW,84,196,Tosse é com ou sem catarro?,Tosse com catarro,05-04-2025_11-13-22,/srv/projects2/captarlibras_finep/dataset_captarlibras/raw-data/frontal-cam/05-04-2025_11-13-22_p0084_s196_b3_RAW--ZED-RGB_FRONT.avi,2025-04-05 11:13:22
05-04-2025_11-13-41_p0084_sP15.4_b3_RAW,84,P15.4,Qual cor é o catarro?,Pergunta,05-04-2025_11-13-41,/srv/projects2/captarlibras_finep/dataset_captarlibras/raw-data/frontal-cam/05-04-2025_11-13-41_p0084_sP15.4_b3_RAW--ZED-RGB_FRONT.avi,2025-04-05 11:13:41
05-04-2025_11-13-55_p0084_s197_b3_RAW,84,197,Qual cor é o catarro?,Catarro transparente,05-04-2025_11-13-55,/srv/projects2/captarlibras_finep/dataset_captarlibras/raw-data/frontal-cam/05-04-2025_11-13-55_p0084_s197_b3_RAW--ZED-RGB_FRONT.avi,2025-04-05 11:13:55
05-04-2025_11-14-07_p0084_s198_b3_RAW,84,198,Qual cor é o catarro?,Catarro branco,05-04-2025_11-14-07,/srv/projects2/captarlibras_finep/dataset_captarlibras/raw-data/frontal-cam/05-04-2025_11-14-07_p0084_s198_b3_RAW--ZED-RGB_FRONT.avi,2025-04-05 11:14:07
05-04-2025_11-14-21_p0084_s199_b3_RAW,84,199,Qual cor é o catarro?,Catarro amarelado,05-04-2025_11-14-21,/srv/projects2/captarlibras_finep/dataset_captarlibras/raw-data/frontal-cam/05-04-2025_11-14-21_p0084_s199_b3_RAW--ZED-RGB_FRONT.avi,2025-04-05 11:14:21
05-04-2025_11-14-33_p0084_s200_b3_RAW,84,200,Qual cor é o catarro?,Catarro esverdeado,05-04-2025_11-14-33,/srv/projects2/captarlibras_finep/dataset_captarlibras/raw-data/frontal-cam/05-04-2025_11-14-33_p0084_s200_b3_RAW--ZED-RGB_FRONT.avi,2025-04-05 11:14:33
05-04-2025_11-14-45_p0084_s201_b3_RAW,84,201,Qual cor é o catarro?,Catarro vermelho,05-04-2025_11-14-45,/srv/projects2/captarlibras_finep/dataset_captarlibras/raw-data/frontal-cam/05-04-2025_11-14-45_p0084_s201_b3_RAW--ZED-RGB_FRONT.avi,2025-04-05 11:14:45
05-04-2025_11-14-59_p0084_s202_b3_RAW,84,202,Qual cor é o catarro?,Catarro com raias de sangue,05-04-2025_11-14-59,/srv/projects2/captarlibras_finep/dataset_captarlibras/raw-data/frontal-cam/05-04-2025_11-14-59_p0084_s202_b3_RAW--ZED-RGB_FRONT.avi,2025-04-05 11:14:59
05-04-2025_11-15-15_p0084_sP16_b3_RAW,84,P16,"Se não há espirro e tosse, sente ardor para urinar?",Pergunta,05-04-2025_11-15-15,/srv/projects2/captarlibras_finep/dataset_captarlibras/raw-data/frontal-cam/05-04-2025_11-15-15_p0084_sP16_b3_RAW--ZED-RGB_FRONT.avi,2025-04-05 11:15:15
05-04-2025_11-15-35_p0084_sP17.1_b3_RAW,84,P17.1,Você vacinou para covid-19?,Pergunta,05-04-2025_11-15-35,/srv/projects2/captarlibras_finep/dataset_captarlibras/raw-data/frontal-cam/05-04-2025_11-15-35_p0084_sP17.1_b3_RAW--ZED-RGB_FRONT.avi,2025-04-05 11:15:35
05-04-2025_11-15-48_p0084_s203_b3_RAW,84,203,Você vacinou para covid-19?,Não vacinei pra covid-19,05-04-2025_11-15-48,/srv/projects2/captarlibras_finep/dataset_captarlibras/raw-data/frontal-cam/05-04-2025_11-15-48_p0084_s203_b3_RAW--ZED-RGB_FRONT.avi,2025-04-05 11:15:48
05-04-2025_11-16-09_p0084_sP17.2_b3_RAW,84,P17.2,Quantas doses?,Pergunta,05-04-2025_11-16-09,/srv/projects2/captarlibras_finep/dataset_captarlibras/raw-data/frontal-cam/05-04-2025_11-16-09_p0084_sP17.2_b3_RAW--ZED-RGB_FRONT.avi,2025-04-05 11:16:09
05-04-2025_11-16-20_p0084_s204_b3_RAW,84,204,Quantas doses?,Duas doses,05-04-2025_11-16-20,/srv/projects2/captarlibras_finep/dataset_captarlibras/raw-data/frontal-cam/05-04-2025_11-16-20_p0084_s204_b3_RAW--ZED-RGB_FRONT.avi,2025-04-05 11:16:20
05-04-2025_11-16-32_p0084_s205_b3_RAW,84,205,Quantas doses?,Três doses,05-04-2025_11-16-32,/srv/projects2/captarlibras_finep/dataset_captarlibras/raw-data/frontal-cam/05-04-2025_11-16-32_p0084_s205_b3_RAW--ZED-RGB_FRONT.avi,2025-04-05 11:16:32
05-04-2025_11-16-52_p0084_s206_b3_RAW,84,206,Quantas doses?,Quatro doses,05-04-2025_11-16-52,/srv/projects2/captarlibras_finep/dataset_captarlibras/raw-data/frontal-cam/05-04-2025_11-16-52_p0084_s206_b3_RAW--ZED-RGB_FRONT.avi,2025-04-05 11:16:52
05-04-2025_11-17-09_p0084_sP17.3_b3_RAW,84,P17.3,Você vacinou para gripe?,Pergunta,05-04-2025_11-17-09,/srv/projects2/captarlibras_finep/dataset_captarlibras/raw-data/frontal-cam/05-04-2025_11-17-09_p0084_sP17.3_b3_RAW--ZED-RGB_FRONT.avi,2025-04-05 11:17:09
05-04-2025_11-17-21_p0084_s207_b3_RAW,84,207,Você vacinou para gripe?,Não vacinei pra gripe,05-04-2025_11-17-21,/srv/projects2/captarlibras_finep/dataset_captarlibras/raw-data/frontal-cam/05-04-2025_11-17-21_p0084_s207_b3_RAW--ZED-RGB_FRONT.avi,2025-04-05 11:17:21
05-04-2025_11-17-37_p0084_sP17.4_b3_RAW,84,P17.4,Trouxe cartão de vacina?,Pergunta,05-04-2025_11-17-37,/srv/projects2/captarlibras_finep/dataset_captarlibras/raw-data/frontal-cam/05-04-2025_11-17-37_p0084_sP17.4_b3_RAW--ZED-RGB_FRONT.avi,2025-04-05 11:17:37
05-04-2025_11-18-57_p0084_s208_b3_RAW,84,208,Trouxe cartão de vacina?,Não trouxe cartão de vacina,05-04-2025_11-18-57,/srv/projects2/captarlibras_finep/dataset_captarlibras/raw-data/frontal-cam/05-04-2025_11-18-57_p0084_s208_b3_RAW--ZED-RGB_FRONT.avi,2025-04-05 11:18:57
05-04-2025_11-19-38_p0084_sP20_b3_RAW,84,P20,Você trouxe algum relatório médico?,Pergunta,05-04-2025_11-19-38,/srv/projects2/captarlibras_finep/dataset_captarlibras/raw-data/frontal-cam/05-04-2025_11-19-38_p0084_sP20_b3_RAW--ZED-RGB_FRONT.avi,2025-04-05 11:19:38
05-04-2025_11-19-57_p0084_sP21.1_b3_RAW,84,P21.1,Você trouxe receita médica?,Pergunta,05-04-2025_11-19-57,/srv/projects2/captarlibras_finep/dataset_captarlibras/raw-data/frontal-cam/05-04-2025_11-19-57_p0084_sP21.1_b3_RAW--ZED-RGB_FRONT.avi,2025-04-05 11:19:57
05-04-2025_11-20-10_p0084_s241_b3_RAW,84,241,Você trouxe receita médica?,Trouxe receita médica,05-04-2025_11-20-10,/srv/projects2/captarlibras_finep/dataset_captarlibras/raw-data/frontal-cam/05-04-2025_11-20-10_p0084_s241_b3_RAW--ZED-RGB_FRONT.avi,2025-04-05 11:20:10
05-04-2025_11-20-24_p0084_s243_b3_RAW,84,243,Você trouxe receita médica?,Não trouxe receita médica,05-04-2025_11-20-24,/srv/projects2/captarlibras_finep/dataset_captarlibras/raw-data/frontal-cam/05-04-2025_11-20-24_p0084_s243_b3_RAW--ZED-RGB_FRONT.avi,2025-04-05 11:20:24
05-04-2025_11-20-43_p0084_sP21.2_b3_RAW,84,P21.2,Está usando algum medicamento?,Pergunta,05-04-2025_11-20-43,/srv/projects2/captarlibras_finep/dataset_captarlibras/raw-data/frontal-cam/05-04-2025_11-20-43_p0084_sP21.2_b3_RAW--ZED-RGB_FRONT.avi,2025-04-05 11:20:43
05-04-2025_11-20-55_p0084_s242_b3_RAW,84,242,Está usando algum medicamento?,Uso medicamento,05-04-2025_11-20-55,/srv/projects2/captarlibras_finep/dataset_captarlibras/raw-data/frontal-cam/05-04-2025_11-20-55_p0084_s242_b3_RAW--ZED-RGB_FRONT.avi,2025-04-05 11:20:55
05-04-2025_11-21-06_p0084_s244_b3_RAW,84,244,Está usando algum medicamento?,Não uso medicamento,05-04-2025_11-21-06,/srv/projects2/captarlibras_finep/dataset_captarlibras/raw-data/frontal-cam/05-04-2025_11-21-06_p0084_s244_b3_RAW--ZED-RGB_FRONT.avi,2025-04-05 11:21:06
05-04-2025_11-51-33_p0085_sP04_b2_RAW,85,P04,Qual é o tempo de duração?,Pergunta,05-04-2025_11-51-33,/srv/projects2/captarlibras_finep/dataset_captarlibras/raw-data/frontal-cam/05-04-2025_11-51-33_p0085_sP04_b2_RAW--ZED-RGB_FRONT.avi,2025-04-05 11:51:33
05-04-2025_11-51-54_p0085_s82_b2_RAW,85,82,Qual é o tempo de duração?,Seis horas,05-04-2025_11-51-54,/srv/projects2/captarlibras_finep/dataset_captarlibras/raw-data/frontal-cam/05-04-2025_11-51-54_p0085_s82_b2_RAW--ZED-RGB_FRONT.avi,2025-04-05 11:51:54
05-04-2025_11-52-09_p0085_s83_b2_RAW,85,83,Qual é o tempo de duração?,Um dia,05-04-2025_11-52-09,/srv/projects2/captarlibras_finep/dataset_captarlibras/raw-data/frontal-cam/05-04-2025_11-52-09_p0085_s83_b2_RAW--ZED-RGB_FRONT.avi,2025-04-05 11:52:09
05-04-2025_11-52-21_p0085_s84_b2_RAW,85,84,Qual é o tempo de duração?,Três dias,05-04-2025_11-52-21,/srv/projects2/captarlibras_finep/dataset_captarlibras/raw-data/frontal-cam/05-04-2025_11-52-21_p0085_s84_b2_RAW--ZED-RGB_FRONT.avi,2025-04-05 11:52:21
05-04-2025_11-52-36_p0085_s85_b2_RAW,85,85,Qual é o tempo de duração?,Uma semana,05-04-2025_11-52-36,/srv/projects2/captarlibras_finep/dataset_captarlibras/raw-data/frontal-cam/05-04-2025_11-52-36_p0085_s85_b2_RAW--ZED-RGB_FRONT.avi,2025-04-05 11:52:36
05-04-2025_11-52-49_p0085_s86_b2_RAW,85,86,Qual é o tempo de duração?,Um mês,05-04-2025_11-52-49,/srv/projects2/captarlibras_finep/dataset_captarlibras/raw-data/frontal-cam/05-04-2025_11-52-49_p0085_s86_b2_RAW--ZED-RGB_FRONT.avi,2025-04-05 11:52:49
05-04-2025_11-53-12_p0085_sP05_b2_RAW,85,P05,Por que você procurou atendimento nesse momento? Houve piora do quadro?,Pergunta,05-04-2025_11-53-12,/srv/projects2/captarlibras_finep/dataset_captarlibras/raw-data/frontal-cam/05-04-2025_11-53-12_p0085_sP05_b2_RAW--ZED-RGB_FRONT.avi,2025-04-05 11:53:12
05-04-2025_11-53-31_p0085_s87_b2_RAW,85,87,Por que você procurou atendimento nesse momento? Houve piora do quadro?,Sim,05-04-2025_11-53-31,/srv/projects2/captarlibras_finep/dataset_captarlibras/raw-data/frontal-cam/05-04-2025_11-53-31_p0085_s87_b2_RAW--ZED-RGB_FRONT.avi,2025-04-05 11:53:31
05-04-2025_11-53-42_p0085_s88_b2_RAW,85,88,Por que você procurou atendimento nesse momento? Houve piora do quadro?,Não,05-04-2025_11-53-42,/srv/projects2/captarlibras_finep/dataset_captarlibras/raw-data/frontal-cam/05-04-2025_11-53-42_p0085_s88_b2_RAW--ZED-RGB_FRONT.avi,2025-04-05 11:53:42
05-04-2025_11-53-56_p0085_sP06.1_b2_RAW,85,P06.1,Onde é a dor?,Pergunta,05-04-2025_11-53-56,/srv/projects2/captarlibras_finep/dataset_captarlibras/raw-data/frontal-cam/05-04-2025_11-53-56_p0085_sP06.1_b2_RAW--ZED-RGB_FRONT.avi,2025-04-05 11:53:56
05-04-2025_11-54-11_p0085_s89_b2_RAW,85,89,Onde é a dor?,Dor de um lado da cabeça,05-04-2025_11-54-11,/srv/projects2/captarlibras_finep/dataset_captarlibras/raw-data/frontal-cam/05-04-2025_11-54-11_p0085_s89_b2_RAW--ZED-RGB_FRONT.avi,2025-04-05 11:54:11
05-04-2025_11-54-24_p0085_s90_b2_RAW,85,90,Onde é a dor?,Dor no ouvido,05-04-2025_11-54-24,/srv/projects2/captarlibras_finep/dataset_captarlibras/raw-data/frontal-cam/05-04-2025_11-54-24_p0085_s90_b2_RAW--ZED-RGB_FRONT.avi,2025-04-05 11:54:24
05-04-2025_11-54-37_p0085_s91_b2_RAW,85,91,Onde é a dor?,Dor dos dois lados da cabeça,05-04-2025_11-54-37,/srv/projects2/captarlibras_finep/dataset_captarlibras/raw-data/frontal-cam/05-04-2025_11-54-37_p0085_s91_b2_RAW--ZED-RGB_FRONT.avi,2025-04-05 11:54:37
05-04-2025_11-54-54_p0085_s92_b2_RAW,85,92,Onde é a dor?,Dor na testa,05-04-2025_11-54-54,/srv/projects2/captarlibras_finep/dataset_captarlibras/raw-data/frontal-cam/05-04-2025_11-54-54_p0085_s92_b2_RAW--ZED-RGB_FRONT.avi,2025-04-05 11:54:54
05-04-2025_11-55-06_p0085_s93_b2_RAW,85,93,Onde é a dor?,Dor na nuca,05-04-2025_11-55-06,/srv/projects2/captarlibras_finep/dataset_captarlibras/raw-data/frontal-cam/05-04-2025_11-55-06_p0085_s93_b2_RAW--ZED-RGB_FRONT.avi,2025-04-05 11:55:06
05-04-2025_11-55-24_p0085_s94_b2_RAW,85,94,Onde é a dor?,Dor no ouvido direito e esquerdo,05-04-2025_11-55-24,/srv/projects2/captarlibras_finep/dataset_captarlibras/raw-data/frontal-cam/05-04-2025_11-55-24_p0085_s94_b2_RAW--ZED-RGB_FRONT.avi,2025-04-05 11:55:24
05-04-2025_11-55-38_p0085_s95_b2_RAW,85,95,Onde é a dor?,Dor nos olhos,05-04-2025_11-55-38,/srv/projects2/captarlibras_finep/dataset_captarlibras/raw-data/frontal-cam/05-04-2025_11-55-38_p0085_s95_b2_RAW--ZED-RGB_FRONT.avi,2025-04-05 11:55:38
05-04-2025_11-55-53_p0085_s96_b2_RAW,85,96,Onde é a dor?,Dor no meio da barriga,05-04-2025_11-55-53,/srv/projects2/captarlibras_finep/dataset_captarlibras/raw-data/frontal-cam/05-04-2025_11-55-53_p0085_s96_b2_RAW--ZED-RGB_FRONT.avi,2025-04-05 11:55:53
05-04-2025_11-56-08_p0085_s97_b2_RAW,85,97,Onde é a dor?,Dor no lado direito e esquerdo da barriga,05-04-2025_11-56-08,/srv/projects2/captarlibras_finep/dataset_captarlibras/raw-data/frontal-cam/05-04-2025_11-56-08_p0085_s97_b2_RAW--ZED-RGB_FRONT.avi,2025-04-05 11:56:08
05-04-2025_11-56-22_p0085_s98_b2_RAW,85,98,Onde é a dor?,Dor na bexiga,05-04-2025_11-56-22,/srv/projects2/captarlibras_finep/dataset_captarlibras/raw-data/frontal-cam/05-04-2025_11-56-22_p0085_s98_b2_RAW--ZED-RGB_FRONT.avi,2025-04-05 11:56:22
05-04-2025_11-56-36_p0085_s99_b2_RAW,85,99,Onde é a dor?,Dor no baixo ventre,05-04-2025_11-56-36,/srv/projects2/captarlibras_finep/dataset_captarlibras/raw-data/frontal-cam/05-04-2025_11-56-36_p0085_s99_b2_RAW--ZED-RGB_FRONT.avi,2025-04-05 11:56:36
05-04-2025_11-56-52_p0085_s100_b2_RAW,85,100,Onde é a dor?,Dor na virilha,05-04-2025_11-56-52,/srv/projects2/captarlibras_finep/dataset_captarlibras/raw-data/frontal-cam/05-04-2025_11-56-52_p0085_s100_b2_RAW--ZED-RGB_FRONT.avi,2025-04-05 11:56:52
05-04-2025_11-57-04_p0085_s101_b2_RAW,85,101,Onde é a dor?,Dor nos ombros,05-04-2025_11-57-04,/srv/projects2/captarlibras_finep/dataset_captarlibras/raw-data/frontal-cam/05-04-2025_11-57-04_p0085_s101_b2_RAW--ZED-RGB_FRONT.avi,2025-04-05 11:57:04
05-04-2025_11-57-17_p0085_s102_b2_RAW,85,102,Onde é a dor?,Dor no braço direito e esquerdo,05-04-2025_11-57-17,/srv/projects2/captarlibras_finep/dataset_captarlibras/raw-data/frontal-cam/05-04-2025_11-57-17_p0085_s102_b2_RAW--ZED-RGB_FRONT.avi,2025-04-05 11:57:17
05-04-2025_11-57-35_p0085_s103_b2_RAW,85,103,Onde é a dor?,Dor no joelho direito e esquerdo,05-04-2025_11-57-35,/srv/projects2/captarlibras_finep/dataset_captarlibras/raw-data/frontal-cam/05-04-2025_11-57-35_p0085_s103_b2_RAW--ZED-RGB_FRONT.avi,2025-04-05 11:57:35
05-04-2025_11-57-51_p0085_s104_b2_RAW,85,104,Onde é a dor?,Dor na perna direita e esquerda,05-04-2025_11-57-51,/srv/projects2/captarlibras_finep/dataset_captarlibras/raw-data/frontal-cam/05-04-2025_11-57-51_p0085_s104_b2_RAW--ZED-RGB_FRONT.avi,2025-04-05 11:57:51
05-04-2025_11-58-09_p0085_s105_b2_RAW,85,105,Onde é a dor?,Dor nos testículos direito e esquerdo,05-04-2025_11-58-09,/srv/projects2/captarlibras_finep/dataset_captarlibras/raw-data/frontal-cam/05-04-2025_11-58-09_p0085_s105_b2_RAW--ZED-RGB_FRONT.avi,2025-04-05 11:58:09
05-04-2025_11-58-29_p0085_sP06.2_b2_RAW,85,P06.2,Como é a dor? ,Pergunta,05-04-2025_11-58-29,/srv/projects2/captarlibras_finep/dataset_captarlibras/raw-data/frontal-cam/05-04-2025_11-58-29_p0085_sP06.2_b2_RAW--ZED-RGB_FRONT.avi,2025-04-05 11:58:29
05-04-2025_11-58-44_p0085_s106_b2_RAW,85,106,Como é a dor? ,Dor pulsátil,05-04-2025_11-58-44,/srv/projects2/captarlibras_finep/dataset_captarlibras/raw-data/frontal-cam/05-04-2025_11-58-44_p0085_s106_b2_RAW--ZED-RGB_FRONT.avi,2025-04-05 11:58:44
05-04-2025_11-59-00_p0085_s107_b2_RAW,85,107,Como é a dor? ,Dor profunda,05-04-2025_11-59-00,/srv/projects2/captarlibras_finep/dataset_captarlibras/raw-data/frontal-cam/05-04-2025_11-59-00_p0085_s107_b2_RAW--ZED-RGB_FRONT.avi,2025-04-05 11:59:00
05-04-2025_11-59-17_p0085_s108_b2_RAW,85,108,Como é a dor? ,Dor superficial,05-04-2025_11-59-17,/srv/projects2/captarlibras_finep/dataset_captarlibras/raw-data/frontal-cam/05-04-2025_11-59-17_p0085_s108_b2_RAW--ZED-RGB_FRONT.avi,2025-04-05 11:59:17
05-04-2025_11-59-35_p0085_s109_b2_RAW,85,109,Como é a dor? ,Dor lancinante,05-04-2025_11-59-35,/srv/projects2/captarlibras_finep/dataset_captarlibras/raw-data/frontal-cam/05-04-2025_11-59-35_p0085_s109_b2_RAW--ZED-RGB_FRONT.avi,2025-04-05 11:59:35
05-04-2025_11-59-49_p0085_s110_b2_RAW,85,110,Como é a dor? ,Dor em aperto,05-04-2025_11-59-49,/srv/projects2/captarlibras_finep/dataset_captarlibras/raw-data/frontal-cam/05-04-2025_11-59-49_p0085_s110_b2_RAW--ZED-RGB_FRONT.avi,2025-04-05 11:59:49
05-04-2025_12-00-04_p0085_s111_b2_RAW,85,111,Como é a dor? ,Dor em peso,05-04-2025_12-00-04,/srv/projects2/captarlibras_finep/dataset_captarlibras/raw-data/frontal-cam/05-04-2025_12-00-04_p0085_s111_b2_RAW--ZED-RGB_FRONT.avi,2025-04-05 12:00:04
05-04-2025_12-00-17_p0085_s112_b2_RAW,85,112,Como é a dor? ,Dor em queimação,05-04-2025_12-00-17,/srv/projects2/captarlibras_finep/dataset_captarlibras/raw-data/frontal-cam/05-04-2025_12-00-17_p0085_s112_b2_RAW--ZED-RGB_FRONT.avi,2025-04-05 12:00:17
05-04-2025_12-00-33_p0085_s113_b2_RAW,85,113,Como é a dor? ,Dor em pontada,05-04-2025_12-00-33,/srv/projects2/captarlibras_finep/dataset_captarlibras/raw-data/frontal-cam/05-04-2025_12-00-33_p0085_s113_b2_RAW--ZED-RGB_FRONT.avi,2025-04-05 12:00:33
05-04-2025_12-00-47_p0085_s114_b2_RAW,85,114,Como é a dor? ,Dor em choque,05-04-2025_12-00-47,/srv/projects2/captarlibras_finep/dataset_captarlibras/raw-data/frontal-cam/05-04-2025_12-00-47_p0085_s114_b2_RAW--ZED-RGB_FRONT.avi,2025-04-05 12:00:47
05-04-2025_12-01-02_p0085_s115_b2_RAW,85,115,Como é a dor? ,Cólica menstrual,05-04-2025_12-01-02,/srv/projects2/captarlibras_finep/dataset_captarlibras/raw-data/frontal-cam/05-04-2025_12-01-02_p0085_s115_b2_RAW--ZED-RGB_FRONT.avi,2025-04-05 12:01:02
05-04-2025_12-01-23_p0085_s116_b2_RAW,85,116,Como é a dor? ,Cólica,05-04-2025_12-01-23,/srv/projects2/captarlibras_finep/dataset_captarlibras/raw-data/frontal-cam/05-04-2025_12-01-23_p0085_s116_b2_RAW--ZED-RGB_FRONT.avi,2025-04-05 12:01:23
05-04-2025_12-01-59_p0085_sP06.3_b2_RAW,85,P06.3,A dor é como se fosse um peso?,Pergunta,05-04-2025_12-01-59,/srv/projects2/captarlibras_finep/dataset_captarlibras/raw-data/frontal-cam/05-04-2025_12-01-59_p0085_sP06.3_b2_RAW--ZED-RGB_FRONT.avi,2025-04-05 12:01:59
05-04-2025_12-02-18_p0085_sP06.4_b2_RAW,85,P06.4,A dor é como se fosse uma queimação?,Pergunta,05-04-2025_12-02-18,/srv/projects2/captarlibras_finep/dataset_captarlibras/raw-data/frontal-cam/05-04-2025_12-02-18_p0085_sP06.4_b2_RAW--ZED-RGB_FRONT.avi,2025-04-05 12:02:18
05-04-2025_12-02-37_p0085_sP06.5_b2_RAW,85,P06.5,A dor é como se fosse uma fincada?,Pergunta,05-04-2025_12-02-37,/srv/projects2/captarlibras_finep/dataset_captarlibras/raw-data/frontal-cam/05-04-2025_12-02-37_p0085_sP06.5_b2_RAW--ZED-RGB_FRONT.avi,2025-04-05 12:02:37
05-04-2025_12-02-52_p0085_sP06.6_b2_RAW,85,P06.6,A dor é como se fosse um choque?,Pergunta,05-04-2025_12-02-52,/srv/projects2/captarlibras_finep/dataset_captarlibras/raw-data/frontal-cam/05-04-2025_12-02-52_p0085_sP06.6_b2_RAW--ZED-RGB_FRONT.avi,2025-04-05 12:02:52
05-04-2025_12-03-11_p0085_sP07_b2_RAW,85,P07,"Junto desse sintoma, você sente mais alguma coisa?",Pergunta,05-04-2025_12-03-11,/srv/projects2/captarlibras_finep/dataset_captarlibras/raw-data/frontal-cam/05-04-2025_12-03-11_p0085_sP07_b2_RAW--ZED-RGB_FRONT.avi,2025-04-05 12:03:11
05-04-2025_12-03-25_p0085_s117_b2_RAW,85,117,"Junto desse sintoma, você sente mais alguma coisa?",Sudorese,05-04-2025_12-03-25,/srv/projects2/captarlibras_finep/dataset_captarlibras/raw-data/frontal-cam/05-04-2025_12-03-25_p0085_s117_b2_RAW--ZED-RGB_FRONT.avi,2025-04-05 12:03:25
05-04-2025_12-03-37_p0085_s118_b2_RAW,85,118,"Junto desse sintoma, você sente mais alguma coisa?",Lacrimejamento,05-04-2025_12-03-37,/srv/projects2/captarlibras_finep/dataset_captarlibras/raw-data/frontal-cam/05-04-2025_12-03-37_p0085_s118_b2_RAW--ZED-RGB_FRONT.avi,2025-04-05 12:03:37
05-04-2025_12-04-26_p0085_s119_b2_RAW,85,119,"Junto desse sintoma, você sente mais alguma coisa?",Mal-estar,05-04-2025_12-04-26,/srv/projects2/captarlibras_finep/dataset_captarlibras/raw-data/frontal-cam/05-04-2025_12-04-26_p0085_s119_b2_RAW--ZED-RGB_FRONT.avi,2025-04-05 12:04:26
05-04-2025_12-04-42_p0085_s120_b2_RAW,85,120,"Junto desse sintoma, você sente mais alguma coisa?",Visão dupla,05-04-2025_12-04-42,/srv/projects2/captarlibras_finep/dataset_captarlibras/raw-data/frontal-cam/05-04-2025_12-04-42_p0085_s120_b2_RAW--ZED-RGB_FRONT.avi,2025-04-05 12:04:42
05-04-2025_12-04-57_p0085_s121_b2_RAW,85,121,"Junto desse sintoma, você sente mais alguma coisa?",Mancha na vista,05-04-2025_12-04-57,/srv/projects2/captarlibras_finep/dataset_captarlibras/raw-data/frontal-cam/05-04-2025_12-04-57_p0085_s121_b2_RAW--ZED-RGB_FRONT.avi,2025-04-05 12:04:57
05-04-2025_12-05-31_p0085_s122_b2_RAW,85,122,"Junto desse sintoma, você sente mais alguma coisa?",Aumento da vontade de urinar,05-04-2025_12-05-31,/srv/projects2/captarlibras_finep/dataset_captarlibras/raw-data/frontal-cam/05-04-2025_12-05-31_p0085_s122_b2_RAW--ZED-RGB_FRONT.avi,2025-04-05 12:05:31
05-04-2025_12-05-47_p0085_s123_b2_RAW,85,123,"Junto desse sintoma, você sente mais alguma coisa?",Zumbido,05-04-2025_12-05-47,/srv/projects2/captarlibras_finep/dataset_captarlibras/raw-data/frontal-cam/05-04-2025_12-05-47_p0085_s123_b2_RAW--ZED-RGB_FRONT.avi,2025-04-05 12:05:47
05-04-2025_12-05-59_p0085_s124_b2_RAW,85,124,"Junto desse sintoma, você sente mais alguma coisa?",Gases,05-04-2025_12-05-59,/srv/projects2/captarlibras_finep/dataset_captarlibras/raw-data/frontal-cam/05-04-2025_12-05-59_p0085_s124_b2_RAW--ZED-RGB_FRONT.avi,2025-04-05 12:05:59
05-04-2025_12-06-14_p0085_sP08.1_b2_RAW,85,P08.1,Existe algum fator de piora?,Pergunta,05-04-2025_12-06-14,/srv/projects2/captarlibras_finep/dataset_captarlibras/raw-data/frontal-cam/05-04-2025_12-06-14_p0085_sP08.1_b2_RAW--ZED-RGB_FRONT.avi,2025-04-05 12:06:14
05-04-2025_12-06-33_p0085_s125_b2_RAW,85,125,Existe algum fator de piora?,Comer alimentos ácidos e picantes,05-04-2025_12-06-33,/srv/projects2/captarlibras_finep/dataset_captarlibras/raw-data/frontal-cam/05-04-2025_12-06-33_p0085_s125_b2_RAW--ZED-RGB_FRONT.avi,2025-04-05 12:06:33
05-04-2025_12-06-50_p0085_s126_b2_RAW,85,126,Existe algum fator de piora?,Beber bebidas alcoólicas,05-04-2025_12-06-50,/srv/projects2/captarlibras_finep/dataset_captarlibras/raw-data/frontal-cam/05-04-2025_12-06-50_p0085_s126_b2_RAW--ZED-RGB_FRONT.avi,2025-04-05 12:06:50
05-04-2025_12-07-11_p0085_s127_b2_RAW,85,127,Existe algum fator de piora?,Comer alimentos gordurosos,05-04-2025_12-07-11,/srv/projects2/captarlibras_finep/dataset_captarlibras/raw-data/frontal-cam/05-04-2025_12-07-11_p0085_s127_b2_RAW--ZED-RGB_FRONT.avi,2025-04-05 12:07:11
05-04-2025_12-07-29_p0085_s128_b2_RAW,85,128,Existe algum fator de piora?,Locais com barulho,05-04-2025_12-07-29,/srv/projects2/captarlibras_finep/dataset_captarlibras/raw-data/frontal-cam/05-04-2025_12-07-29_p0085_s128_b2_RAW--ZED-RGB_FRONT.avi,2025-04-05 12:07:29
05-04-2025_12-08-06_p0085_s129_b2_RAW,85,129,Existe algum fator de piora?,Locais com luminosidade excessiva,05-04-2025_12-08-06,/srv/projects2/captarlibras_finep/dataset_captarlibras/raw-data/frontal-cam/05-04-2025_12-08-06_p0085_s129_b2_RAW--ZED-RGB_FRONT.avi,2025-04-05 12:08:06
05-04-2025_12-08-20_p0085_s130_b2_RAW,85,130,Existe algum fator de piora?,Fazer esforço físico,05-04-2025_12-08-20,/srv/projects2/captarlibras_finep/dataset_captarlibras/raw-data/frontal-cam/05-04-2025_12-08-20_p0085_s130_b2_RAW--ZED-RGB_FRONT.avi,2025-04-05 12:08:20
05-04-2025_12-08-34_p0085_s131_b2_RAW,85,131,Existe algum fator de piora?,Período menstrual,05-04-2025_12-08-34,/srv/projects2/captarlibras_finep/dataset_captarlibras/raw-data/frontal-cam/05-04-2025_12-08-34_p0085_s131_b2_RAW--ZED-RGB_FRONT.avi,2025-04-05 12:08:34
05-04-2025_12-09-27_p0085_s132_b2_RAW,85,132,Existe algum fator de piora?,Espirrar,05-04-2025_12-09-27,/srv/projects2/captarlibras_finep/dataset_captarlibras/raw-data/frontal-cam/05-04-2025_12-09-27_p0085_s132_b2_RAW--ZED-RGB_FRONT.avi,2025-04-05 12:09:27
05-04-2025_12-09-41_p0085_s133_b2_RAW,85,133,Existe algum fator de piora?,Mastigar 1,05-04-2025_12-09-41,/srv/projects2/captarlibras_finep/dataset_captarlibras/raw-data/frontal-cam/05-04-2025_12-09-41_p0085_s133_b2_RAW--ZED-RGB_FRONT.avi,2025-04-05 12:09:41
05-04-2025_12-09-54_p0085_s134_b2_RAW,85,134,Existe algum fator de piora?,Mastigar 2,05-04-2025_12-09-54,/srv/projects2/captarlibras_finep/dataset_captarlibras/raw-data/frontal-cam/05-04-2025_12-09-54_p0085_s134_b2_RAW--ZED-RGB_FRONT.avi,2025-04-05 12:09:54
05-04-2025_12-10-09_p0085_s135_b2_RAW,85,135,Existe algum fator de piora?,Engolir,05-04-2025_12-10-09,/srv/projects2/captarlibras_finep/dataset_captarlibras/raw-data/frontal-cam/05-04-2025_12-10-09_p0085_s135_b2_RAW--ZED-RGB_FRONT.avi,2025-04-05 12:10:09
05-04-2025_12-10-22_p0085_s136_b2_RAW,85,136,Existe algum fator de piora?,Andar,05-04-2025_12-10-22,/srv/projects2/captarlibras_finep/dataset_captarlibras/raw-data/frontal-cam/05-04-2025_12-10-22_p0085_s136_b2_RAW--ZED-RGB_FRONT.avi,2025-04-05 12:10:22
05-04-2025_12-10-36_p0085_s137_b2_RAW,85,137,Existe algum fator de piora?,Estresse,05-04-2025_12-10-36,/srv/projects2/captarlibras_finep/dataset_captarlibras/raw-data/frontal-cam/05-04-2025_12-10-36_p0085_s137_b2_RAW--ZED-RGB_FRONT.avi,2025-04-05 12:10:36
05-04-2025_12-10-50_p0085_s138_b2_RAW,85,138,Existe algum fator de piora?,Apertar,05-04-2025_12-10-50,/srv/projects2/captarlibras_finep/dataset_captarlibras/raw-data/frontal-cam/05-04-2025_12-10-50_p0085_s138_b2_RAW--ZED-RGB_FRONT.avi,2025-04-05 12:10:50
05-04-2025_12-11-01_p0085_s139_b2_RAW,85,139,Existe algum fator de piora?,Mexer o braço,05-04-2025_12-11-01,/srv/projects2/captarlibras_finep/dataset_captarlibras/raw-data/frontal-cam/05-04-2025_12-11-01_p0085_s139_b2_RAW--ZED-RGB_FRONT.avi,2025-04-05 12:11:01
05-04-2025_12-11-14_p0085_s140_b2_RAW,85,140,Existe algum fator de piora?,Mexer as pernas,05-04-2025_12-11-14,/srv/projects2/captarlibras_finep/dataset_captarlibras/raw-data/frontal-cam/05-04-2025_12-11-14_p0085_s140_b2_RAW--ZED-RGB_FRONT.avi,2025-04-05 12:11:14
05-04-2025_12-11-45_p0085_s141_b2_RAW,85,141,Existe algum fator de piora?,Mexer o pescoço,05-04-2025_12-11-45,/srv/projects2/captarlibras_finep/dataset_captarlibras/raw-data/frontal-cam/05-04-2025_12-11-45_p0085_s141_b2_RAW--ZED-RGB_FRONT.avi,2025-04-05 12:11:45
05-04-2025_12-12-06_p0085_s142_b2_RAW,85,142,Existe algum fator de piora?,A posição do corpo piora a dor,05-04-2025_12-12-06,/srv/projects2/captarlibras_finep/dataset_captarlibras/raw-data/frontal-cam/05-04-2025_12-12-06_p0085_s142_b2_RAW--ZED-RGB_FRONT.avi,2025-04-05 12:12:06
05-04-2025_12-12-24_p0085_sP08.2_b2_RAW,85,P08.2,Tem algum fator de melhora?,Pergunta,05-04-2025_12-12-24,/srv/projects2/captarlibras_finep/dataset_captarlibras/raw-data/frontal-cam/05-04-2025_12-12-24_p0085_sP08.2_b2_RAW--ZED-RGB_FRONT.avi,2025-04-05 12:12:24
05-04-2025_12-12-37_p0085_s143_b2_RAW,85,143,Tem algum fator de melhora?,Deitar,05-04-2025_12-12-37,/srv/projects2/captarlibras_finep/dataset_captarlibras/raw-data/frontal-cam/05-04-2025_12-12-37_p0085_s143_b2_RAW--ZED-RGB_FRONT.avi,2025-04-05 12:12:37
05-04-2025_12-12-48_p0085_s144_b2_RAW,85,144,Tem algum fator de melhora?,Colocar água fria,05-04-2025_12-12-48,/srv/projects2/captarlibras_finep/dataset_captarlibras/raw-data/frontal-cam/05-04-2025_12-12-48_p0085_s144_b2_RAW--ZED-RGB_FRONT.avi,2025-04-05 12:12:48
05-04-2025_12-13-01_p0085_s145_b2_RAW,85,145,Tem algum fator de melhora?,Colocar água quente,05-04-2025_12-13-01,/srv/projects2/captarlibras_finep/dataset_captarlibras/raw-data/frontal-cam/05-04-2025_12-13-01_p0085_s145_b2_RAW--ZED-RGB_FRONT.avi,2025-04-05 12:13:01
05-04-2025_12-13-15_p0085_s146_b2_RAW,85,146,Tem algum fator de melhora?,Usar medicamento,05-04-2025_12-13-15,/srv/projects2/captarlibras_finep/dataset_captarlibras/raw-data/frontal-cam/05-04-2025_12-13-15_p0085_s146_b2_RAW--ZED-RGB_FRONT.avi,2025-04-05 12:13:15
05-04-2025_12-13-26_p0085_s147_b2_RAW,85,147,Tem algum fator de melhora?,Ficar em jejum,05-04-2025_12-13-26,/srv/projects2/captarlibras_finep/dataset_captarlibras/raw-data/frontal-cam/05-04-2025_12-13-26_p0085_s147_b2_RAW--ZED-RGB_FRONT.avi,2025-04-05 12:13:26
05-04-2025_12-14-03_p0085_s148.1_b2_RAW,85,148.1,Alfabeto completo,A,05-04-2025_12-14-03,/srv/projects2/captarlibras_finep/dataset_captarlibras/raw-data/frontal-cam/05-04-2025_12-14-03_p0085_s148.1_b2_RAW--ZED-RGB_FRONT.avi,2025-04-05 12:14:03
05-04-2025_12-14-14_p0085_s148.2_b2_RAW,85,148.2,Alfabeto completo,B,05-04-2025_12-14-14,/srv/projects2/captarlibras_finep/dataset_captarlibras/raw-data/frontal-cam/05-04-2025_12-14-14_p0085_s148.2_b2_RAW--ZED-RGB_FRONT.avi,2025-04-05 12:14:14
05-04-2025_12-14-25_p0085_s148.3_b2_RAW,85,148.3,Alfabeto completo,C,05-04-2025_12-14-25,/srv/projects2/captarlibras_finep/dataset_captarlibras/raw-data/frontal-cam/05-04-2025_12-14-25_p0085_s148.3_b2_RAW--ZED-RGB_FRONT.avi,2025-04-05 12:14:25
05-04-2025_12-14-35_p0085_s148.4_b2_RAW,85,148.4,Alfabeto completo,D,05-04-2025_12-14-35,/srv/projects2/captarlibras_finep/dataset_captarlibras/raw-data/frontal-cam/05-04-2025_12-14-35_p0085_s148.4_b2_RAW--ZED-RGB_FRONT.avi,2025-04-05 12:14:35
05-04-2025_12-14-54_p0085_s148.5_b2_RAW,85,148.5,Alfabeto completo,E,05-04-2025_12-14-54,/srv/projects2/captarlibras_finep/dataset_captarlibras/raw-data/frontal-cam/05-04-2025_12-14-54_p0085_s148.5_b2_RAW--ZED-RGB_FRONT.avi,2025-04-05 12:14:54
05-04-2025_12-15-07_p0085_s148.6_b2_RAW,85,148.6,Alfabeto completo,F,05-04-2025_12-15-07,/srv/projects2/captarlibras_finep/dataset_captarlibras/raw-data/frontal-cam/05-04-2025_12-15-07_p0085_s148.6_b2_RAW--ZED-RGB_FRONT.avi,2025-04-05 12:15:07
05-04-2025_12-15-18_p0085_s148.7_b2_RAW,85,148.7,Alfabeto completo,G,05-04-2025_12-15-18,/srv/projects2/captarlibras_finep/dataset_captarlibras/raw-data/frontal-cam/05-04-2025_12-15-18_p0085_s148.7_b2_RAW--ZED-RGB_FRONT.avi,2025-04-05 12:15:18
05-04-2025_12-15-30_p0085_s148.8_b2_RAW,85,148.8,Alfabeto completo,H,05-04-2025_12-15-30,/srv/projects2/captarlibras_finep/dataset_captarlibras/raw-data/frontal-cam/05-04-2025_12-15-30_p0085_s148.8_b2_RAW--ZED-RGB_FRONT.avi,2025-04-05 12:15:30
05-04-2025_12-15-40_p0085_s148.9_b2_RAW,85,148.9,Alfabeto completo,I,05-04-2025_12-15-40,/srv/projects2/captarlibras_finep/dataset_captarlibras/raw-data/frontal-cam/05-04-2025_12-15-40_p0085_s148.9_b2_RAW--ZED-RGB_FRONT.avi,2025-04-05 12:15:40
05-04-2025_12-15-51_p0085_s148.10_b2_RAW,85,148.10,Alfabeto completo,J,05-04-2025_12-15-51,/srv/projects2/captarlibras_finep/dataset_captarlibras/raw-data/frontal-cam/05-04-2025_12-15-51_p0085_s148.10_b2_RAW--ZED-RGB_FRONT.avi,2025-04-05 12:15:51
05-04-2025_12-16-02_p0085_s148.11_b2_RAW,85,148.11,Alfabeto completo,K,05-04-2025_12-16-02,/srv/projects2/captarlibras_finep/dataset_captarlibras/raw-data/frontal-cam/05-04-2025_12-16-02_p0085_s148.11_b2_RAW--ZED-RGB_FRONT.avi,2025-04-05 12:16:02
05-04-2025_12-16-13_p0085_s148.12_b2_RAW,85,148.12,Alfabeto completo,L,05-04-2025_12-16-13,/srv/projects2/captarlibras_finep/dataset_captarlibras/raw-data/frontal-cam/05-04-2025_12-16-13_p0085_s148.12_b2_RAW--ZED-RGB_FRONT.avi,2025-04-05 12:16:13
05-04-2025_12-16-28_p0085_s148.13_b2_RAW,85,148.13,Alfabeto completo,M,05-04-2025_12-16-28,/srv/projects2/captarlibras_finep/dataset_captarlibras/raw-data/frontal-cam/05-04-2025_12-16-28_p0085_s148.13_b2_RAW--ZED-RGB_FRONT.avi,2025-04-05 12:16:28
05-04-2025_12-16-38_p0085_s148.14_b2_RAW,85,148.14,Alfabeto completo,N,05-04-2025_12-16-38,/srv/projects2/captarlibras_finep/dataset_captarlibras/raw-data/frontal-cam/05-04-2025_12-16-38_p0085_s148.14_b2_RAW--ZED-RGB_FRONT.avi,2025-04-05 12:16:38
05-04-2025_12-16-48_p0085_s148.15_b2_RAW,85,148.15,Alfabeto completo,O,05-04-2025_12-16-48,/srv/projects2/captarlibras_finep/dataset_captarlibras/raw-data/frontal-cam/05-04-2025_12-16-48_p0085_s148.15_b2_RAW--ZED-RGB_FRONT.avi,2025-04-05 12:16:48
05-04-2025_12-16-58_p0085_s148.16_b2_RAW,85,148.16,Alfabeto completo,P,05-04-2025_12-16-58,/srv/projects2/captarlibras_finep/dataset_captarlibras/raw-data/frontal-cam/05-04-2025_12-16-58_p0085_s148.16_b2_RAW--ZED-RGB_FRONT.avi,2025-04-05 12:16:58
05-04-2025_12-17-10_p0085_s148.17_b2_RAW,85,148.17,Alfabeto completo,Q,05-04-2025_12-17-10,/srv/projects2/captarlibras_finep/dataset_captarlibras/raw-data/frontal-cam/05-04-2025_12-17-10_p0085_s148.17_b2_RAW--ZED-RGB_FRONT.avi,2025-04-05 12:17:10
05-04-2025_12-17-29_p0085_s148.18_b2_RAW,85,148.18,Alfabeto completo,R,05-04-2025_12-17-29,/srv/projects2/captarlibras_finep/dataset_captarlibras/raw-data/frontal-cam/05-04-2025_12-17-29_p0085_s148.18_b2_RAW--ZED-RGB_FRONT.avi,2025-04-05 12:17:29
05-04-2025_12-17-44_p0085_s148.19_b2_RAW,85,148.19,Alfabeto completo,S,05-04-2025_12-17-44,/srv/projects2/captarlibras_finep/dataset_captarlibras/raw-data/frontal-cam/05-04-2025_12-17-44_p0085_s148.19_b2_RAW--ZED-RGB_FRONT.avi,2025-04-05 12:17:44
05-04-2025_12-17-54_p0085_s148.20_b2_RAW,85,148.20,Alfabeto completo,T,05-04-2025_12-17-54,/srv/projects2/captarlibras_finep/dataset_captarlibras/raw-data/frontal-cam/05-04-2025_12-17-54_p0085_s148.20_b2_RAW--ZED-RGB_FRONT.avi,2025-04-05 12:17:54
05-04-2025_12-18-05_p0085_s148.21_b2_RAW,85,148.21,Alfabeto completo,U,05-04-2025_12-18-05,/srv/projects2/captarlibras_finep/dataset_captarlibras/raw-data/frontal-cam/05-04-2025_12-18-05_p0085_s148.21_b2_RAW--ZED-RGB_FRONT.avi,2025-04-05 12:18:05
05-04-2025_12-18-15_p0085_s148.22_b2_RAW,85,148.22,Alfabeto completo,V,05-04-2025_12-18-15,/srv/projects2/captarlibras_finep/dataset_captarlibras/raw-data/frontal-cam/05-04-2025_12-18-15_p0085_s148.22_b2_RAW--ZED-RGB_FRONT.avi,2025-04-05 12:18:15
05-04-2025_12-18-35_p0085_s148.23_b2_RAW,85,148.23,Alfabeto completo,W,05-04-2025_12-18-35,/srv/projects2/captarlibras_finep/dataset_captarlibras/raw-data/frontal-cam/05-04-2025_12-18-35_p0085_s148.23_b2_RAW--ZED-RGB_FRONT.avi,2025-04-05 12:18:35
05-04-2025_12-18-45_p0085_s148.24_b2_RAW,85,148.24,Alfabeto completo,X,05-04-2025_12-18-45,/srv/projects2/captarlibras_finep/dataset_captarlibras/raw-data/frontal-cam/05-04-2025_12-18-45_p0085_s148.24_b2_RAW--ZED-RGB_FRONT.avi,2025-04-05 12:18:45
05-04-2025_12-18-56_p0085_s148.25_b2_RAW,85,148.25,Alfabeto completo,Y,05-04-2025_12-18-56,/srv/projects2/captarlibras_finep/dataset_captarlibras/raw-data/frontal-cam/05-04-2025_12-18-56_p0085_s148.25_b2_RAW--ZED-RGB_FRONT.avi,2025-04-05 12:18:56
05-04-2025_12-19-34_p0085_s148.26_b2_RAW,85,148.26,Alfabeto completo,Z,05-04-2025_12-19-34,/srv/projects2/captarlibras_finep/dataset_captarlibras/raw-data/frontal-cam/05-04-2025_12-19-34_p0085_s148.26_b2_RAW--ZED-RGB_FRONT.avi,2025-04-05 12:19:34
05-04-2025_12-20-49_p0085_s149_b2_RAW,85,149,Comandos simples,Devagar,05-04-2025_12-20-49,/srv/projects2/captarlibras_finep/dataset_captarlibras/raw-data/frontal-cam/05-04-2025_12-20-49_p0085_s149_b2_RAW--ZED-RGB_FRONT.avi,2025-04-05 12:20:49
05-04-2025_12-21-00_p0085_s150_b2_RAW,85,150,Comandos simples,Entendi,05-04-2025_12-21-00,/srv/projects2/captarlibras_finep/dataset_captarlibras/raw-data/frontal-cam/05-04-2025_12-21-00_p0085_s150_b2_RAW--ZED-RGB_FRONT.avi,2025-04-05 12:21:00
05-04-2025_12-21-11_p0085_s151_b2_RAW,85,151,Comandos simples,Obrigado 1,05-04-2025_12-21-11,/srv/projects2/captarlibras_finep/dataset_captarlibras/raw-data/frontal-cam/05-04-2025_12-21-11_p0085_s151_b2_RAW--ZED-RGB_FRONT.avi,2025-04-05 12:21:11
05-04-2025_12-21-21_p0085_s152_b2_RAW,85,152,Comandos simples,Obrigado 2,05-04-2025_12-21-21,/srv/projects2/captarlibras_finep/dataset_captarlibras/raw-data/frontal-cam/05-04-2025_12-21-21_p0085_s152_b2_RAW--ZED-RGB_FRONT.avi,2025-04-05 12:21:21
05-04-2025_12-21-32_p0085_s153_b2_RAW,85,153,Comandos simples,"Repita, por favor",05-04-2025_12-21-32,/srv/projects2/captarlibras_finep/dataset_captarlibras/raw-data/frontal-cam/05-04-2025_12-21-32_p0085_s153_b2_RAW--ZED-RGB_FRONT.avi,2025-04-05 12:21:32
05-04-2025_12-21-43_p0085_s154_b2_RAW,85,154,Comandos simples,Pare 1,05-04-2025_12-21-43,/srv/projects2/captarlibras_finep/dataset_captarlibras/raw-data/frontal-cam/05-04-2025_12-21-43_p0085_s154_b2_RAW--ZED-RGB_FRONT.avi,2025-04-05 12:21:43
05-04-2025_12-21-52_p0085_s155_b2_RAW,85,155,Comandos simples,Pare 2,05-04-2025_12-21-52,/srv/projects2/captarlibras_finep/dataset_captarlibras/raw-data/frontal-cam/05-04-2025_12-21-52_p0085_s155_b2_RAW--ZED-RGB_FRONT.avi,2025-04-05 12:21:52
05-04-2025_12-22-17_p0085_s156_b2_RAW,85,156,Comandos simples,Não entendi,05-04-2025_12-22-17,/srv/projects2/captarlibras_finep/dataset_captarlibras/raw-data/frontal-cam/05-04-2025_12-22-17_p0085_s156_b2_RAW--ZED-RGB_FRONT.avi,2025-04-05 12:22:17
05-04-2025_12-22-28_p0085_s157_b2_RAW,85,157,Comandos simples,Continue,05-04-2025_12-22-28,/srv/projects2/captarlibras_finep/dataset_captarlibras/raw-data/frontal-cam/05-04-2025_12-22-28_p0085_s157_b2_RAW--ZED-RGB_FRONT.avi,2025-04-05 12:22:28
08-04-2025_16-05-57_p0082_sP04_b2_RAW,82,P04,Qual é o tempo de duração?,Pergunta,08-04-2025_16-05-57,/srv/projects2/captarlibras_finep/dataset_captarlibras/raw-data/frontal-cam/08-04-2025_16-05-57_p0082_sP04_b2_RAW--ZED-RGB_FRONT.avi,2025-04-08 16:05:57
08-04-2025_16-06-21_p0082_s82_b2_RAW,82,82,Qual é o tempo de duração?,Seis horas,08-04-2025_16-06-21,/srv/projects2/captarlibras_finep/dataset_captarlibras/raw-data/frontal-cam/08-04-2025_16-06-21_p0082_s82_b2_RAW--ZED-RGB_FRONT.avi,2025-04-08 16:06:21
08-04-2025_16-06-34_p0082_s83_b2_RAW,82,83,Qual é o tempo de duração?,Um dia,08-04-2025_16-06-34,/srv/projects2/captarlibras_finep/dataset_captarlibras/raw-data/frontal-cam/08-04-2025_16-06-34_p0082_s83_b2_RAW--ZED-RGB_FRONT.avi,2025-04-08 16:06:34
08-04-2025_16-06-47_p0082_s84_b2_RAW,82,84,Qual é o tempo de duração?,Três dias,08-04-2025_16-06-47,/srv/projects2/captarlibras_finep/dataset_captarlibras/raw-data/frontal-cam/08-04-2025_16-06-47_p0082_s84_b2_RAW--ZED-RGB_FRONT.avi,2025-04-08 16:06:47
08-04-2025_16-07-01_p0082_s85_b2_RAW,82,85,Qual é o tempo de duração?,Uma semana,08-04-2025_16-07-01,/srv/projects2/captarlibras_finep/dataset_captarlibras/raw-data/frontal-cam/08-04-2025_16-07-01_p0082_s85_b2_RAW--ZED-RGB_FRONT.avi,2025-04-08 16:07:01
08-04-2025_16-07-16_p0082_s86_b2_RAW,82,86,Qual é o tempo de duração?,Um mês,08-04-2025_16-07-16,/srv/projects2/captarlibras_finep/dataset_captarlibras/raw-data/frontal-cam/08-04-2025_16-07-16_p0082_s86_b2_RAW--ZED-RGB_FRONT.avi,2025-04-08 16:07:16
08-04-2025_16-07-42_p0082_sP05_b2_RAW,82,P05,Por que você procurou atendimento nesse momento? Houve piora do quadro?,Pergunta,08-04-2025_16-07-42,/srv/projects2/captarlibras_finep/dataset_captarlibras/raw-data/frontal-cam/08-04-2025_16-07-42_p0082_sP05_b2_RAW--ZED-RGB_FRONT.avi,2025-04-08 16:07:42
08-04-2025_16-08-01_p0082_s87_b2_RAW,82,87,Por que você procurou atendimento nesse momento? Houve piora do quadro?,Sim,08-04-2025_16-08-01,/srv/projects2/captarlibras_finep/dataset_captarlibras/raw-data/frontal-cam/08-04-2025_16-08-01_p0082_s87_b2_RAW--ZED-RGB_FRONT.avi,2025-04-08 16:08:01
08-04-2025_16-08-13_p0082_s88_b2_RAW,82,88,Por que você procurou atendimento nesse momento? Houve piora do quadro?,Não,08-04-2025_16-08-13,/srv/projects2/captarlibras_finep/dataset_captarlibras/raw-data/frontal-cam/08-04-2025_16-08-13_p0082_s88_b2_RAW--ZED-RGB_FRONT.avi,2025-04-08 16:08:13
08-04-2025_16-08-28_p0082_sP06.1_b2_RAW,82,P06.1,Onde é a dor?,Pergunta,08-04-2025_16-08-28,/srv/projects2/captarlibras_finep/dataset_captarlibras/raw-data/frontal-cam/08-04-2025_16-08-28_p0082_sP06.1_b2_RAW--ZED-RGB_FRONT.avi,2025-04-08 16:08:28
08-04-2025_16-08-40_p0082_s89_b2_RAW,82,89,Onde é a dor?,Dor de um lado da cabeça,08-04-2025_16-08-40,/srv/projects2/captarlibras_finep/dataset_captarlibras/raw-data/frontal-cam/08-04-2025_16-08-40_p0082_s89_b2_RAW--ZED-RGB_FRONT.avi,2025-04-08 16:08:40
08-04-2025_16-08-55_p0082_s90_b2_RAW,82,90,Onde é a dor?,Dor no ouvido,08-04-2025_16-08-55,/srv/projects2/captarlibras_finep/dataset_captarlibras/raw-data/frontal-cam/08-04-2025_16-08-55_p0082_s90_b2_RAW--ZED-RGB_FRONT.avi,2025-04-08 16:08:55
08-04-2025_16-09-11_p0082_s91_b2_RAW,82,91,Onde é a dor?,Dor dos dois lados da cabeça,08-04-2025_16-09-11,/srv/projects2/captarlibras_finep/dataset_captarlibras/raw-data/frontal-cam/08-04-2025_16-09-11_p0082_s91_b2_RAW--ZED-RGB_FRONT.avi,2025-04-08 16:09:11
08-04-2025_16-09-26_p0082_s92_b2_RAW,82,92,Onde é a dor?,Dor na testa,08-04-2025_16-09-26,/srv/projects2/captarlibras_finep/dataset_captarlibras/raw-data/frontal-cam/08-04-2025_16-09-26_p0082_s92_b2_RAW--ZED-RGB_FRONT.avi,2025-04-08 16:09:26
08-04-2025_16-09-42_p0082_s93_b2_RAW,82,93,Onde é a dor?,Dor na nuca,08-04-2025_16-09-42,/srv/projects2/captarlibras_finep/dataset_captarlibras/raw-data/frontal-cam/08-04-2025_16-09-42_p0082_s93_b2_RAW--ZED-RGB_FRONT.avi,2025-04-08 16:09:42
08-04-2025_16-09-57_p0082_s94_b2_RAW,82,94,Onde é a dor?,Dor no ouvido direito e esquerdo,08-04-2025_16-09-57,/srv/projects2/captarlibras_finep/dataset_captarlibras/raw-data/frontal-cam/08-04-2025_16-09-57_p0082_s94_b2_RAW--ZED-RGB_FRONT.avi,2025-04-08 16:09:57
08-04-2025_16-10-37_p0082_s95_b2_RAW,82,95,Onde é a dor?,Dor nos olhos,08-04-2025_16-10-37,/srv/projects2/captarlibras_finep/dataset_captarlibras/raw-data/frontal-cam/08-04-2025_16-10-37_p0082_s95_b2_RAW--ZED-RGB_FRONT.avi,2025-04-08 16:10:37
08-04-2025_16-10-54_p0082_s96_b2_RAW,82,96,Onde é a dor?,Dor no meio da barriga,08-04-2025_16-10-54,/srv/projects2/captarlibras_finep/dataset_captarlibras/raw-data/frontal-cam/08-04-2025_16-10-54_p0082_s96_b2_RAW--ZED-RGB_FRONT.avi,2025-04-08 16:10:54
08-04-2025_16-11-13_p0082_s97_b2_RAW,82,97,Onde é a dor?,Dor no lado direito e esquerdo da barriga,08-04-2025_16-11-13,/srv/projects2/captarlibras_finep/dataset_captarlibras/raw-data/frontal-cam/08-04-2025_16-11-13_p0082_s97_b2_RAW--ZED-RGB_FRONT.avi,2025-04-08 16:11:13
08-04-2025_16-11-29_p0082_s98_b2_RAW,82,98,Onde é a dor?,Dor na bexiga,08-04-2025_16-11-29,/srv/projects2/captarlibras_finep/dataset_captarlibras/raw-data/frontal-cam/08-04-2025_16-11-29_p0082_s98_b2_RAW--ZED-RGB_FRONT.avi,2025-04-08 16:11:29
08-04-2025_16-11-44_p0082_s99_b2_RAW,82,99,Onde é a dor?,Dor no baixo ventre,08-04-2025_16-11-44,/srv/projects2/captarlibras_finep/dataset_captarlibras/raw-data/frontal-cam/08-04-2025_16-11-44_p0082_s99_b2_RAW--ZED-RGB_FRONT.avi,2025-04-08 16:11:44
08-04-2025_16-12-00_p0082_s100_b2_RAW,82,100,Onde é a dor?,Dor na virilha,08-04-2025_16-12-00,/srv/projects2/captarlibras_finep/dataset_captarlibras/raw-data/frontal-cam/08-04-2025_16-12-00_p0082_s100_b2_RAW--ZED-RGB_FRONT.avi,2025-04-08 16:12:00
08-04-2025_16-12-18_p0082_s101_b2_RAW,82,101,Onde é a dor?,Dor nos ombros,08-04-2025_16-12-18,/srv/projects2/captarlibras_finep/dataset_captarlibras/raw-data/frontal-cam/08-04-2025_16-12-18_p0082_s101_b2_RAW--ZED-RGB_FRONT.avi,2025-04-08 16:12:18
08-04-2025_16-12-32_p0082_s102_b2_RAW,82,102,Onde é a dor?,Dor no braço direito e esquerdo,08-04-2025_16-12-32,/srv/projects2/captarlibras_finep/dataset_captarlibras/raw-data/frontal-cam/08-04-2025_16-12-32_p0082_s102_b2_RAW--ZED-RGB_FRONT.avi,2025-04-08 16:12:32
08-04-2025_16-12-51_p0082_s103_b2_RAW,82,103,Onde é a dor?,Dor no joelho direito e esquerdo,08-04-2025_16-12-51,/srv/projects2/captarlibras_finep/dataset_captarlibras/raw-data/frontal-cam/08-04-2025_16-12-51_p0082_s103_b2_RAW--ZED-RGB_FRONT.avi,2025-04-08 16:12:51
08-04-2025_16-13-08_p0082_s104_b2_RAW,82,104,Onde é a dor?,Dor na perna direita e esquerda,08-04-2025_16-13-08,/srv/projects2/captarlibras_finep/dataset_captarlibras/raw-data/frontal-cam/08-04-2025_16-13-08_p0082_s104_b2_RAW--ZED-RGB_FRONT.avi,2025-04-08 16:13:08
08-04-2025_16-13-23_p0082_s105_b2_RAW,82,105,Onde é a dor?,Dor nos testículos direito e esquerdo,08-04-2025_16-13-23,/srv/projects2/captarlibras_finep/dataset_captarlibras/raw-data/frontal-cam/08-04-2025_16-13-23_p0082_s105_b2_RAW--ZED-RGB_FRONT.avi,2025-04-08 16:13:23
08-04-2025_16-13-43_p0082_sP06.2_b2_RAW,82,P06.2,Como é a dor? ,Pergunta,08-04-2025_16-13-43,/srv/projects2/captarlibras_finep/dataset_captarlibras/raw-data/frontal-cam/08-04-2025_16-13-43_p0082_sP06.2_b2_RAW--ZED-RGB_FRONT.avi,2025-04-08 16:13:43
08-04-2025_16-13-58_p0082_s106_b2_RAW,82,106,Como é a dor? ,Dor pulsátil,08-04-2025_16-13-58,/srv/projects2/captarlibras_finep/dataset_captarlibras/raw-data/frontal-cam/08-04-2025_16-13-58_p0082_s106_b2_RAW--ZED-RGB_FRONT.avi,2025-04-08 16:13:58
08-04-2025_16-14-14_p0082_s107_b2_RAW,82,107,Como é a dor? ,Dor profunda,08-04-2025_16-14-14,/srv/projects2/captarlibras_finep/dataset_captarlibras/raw-data/frontal-cam/08-04-2025_16-14-14_p0082_s107_b2_RAW--ZED-RGB_FRONT.avi,2025-04-08 16:14:14
08-04-2025_16-16-34_p0082_s107_b2_RAW,82,107,Como é a dor? ,Dor profunda,08-04-2025_16-16-34,/srv/projects2/captarlibras_finep/dataset_captarlibras/raw-data/frontal-cam/08-04-2025_16-16-34_p0082_s107_b2_RAW--ZED-RGB_FRONT.avi,2025-04-08 16:16:34
08-04-2025_16-17-12_p0082_s108_b2_RAW,82,108,Como é a dor? ,Dor superficial,08-04-2025_16-17-12,/srv/projects2/captarlibras_finep/dataset_captarlibras/raw-data/frontal-cam/08-04-2025_16-17-12_p0082_s108_b2_RAW--ZED-RGB_FRONT.avi,2025-04-08 16:17:12
08-04-2025_16-17-29_p0082_s109_b2_RAW,82,109,Como é a dor? ,Dor lancinante,08-04-2025_16-17-29,/srv/projects2/captarlibras_finep/dataset_captarlibras/raw-data/frontal-cam/08-04-2025_16-17-29_p0082_s109_b2_RAW--ZED-RGB_FRONT.avi,2025-04-08 16:17:29
08-04-2025_16-17-52_p0082_s110_b2_RAW,82,110,Como é a dor? ,Dor em aperto,08-04-2025_16-17-52,/srv/projects2/captarlibras_finep/dataset_captarlibras/raw-data/frontal-cam/08-04-2025_16-17-52_p0082_s110_b2_RAW--ZED-RGB_FRONT.avi,2025-04-08 16:17:52
08-04-2025_16-18-08_p0082_s111_b2_RAW,82,111,Como é a dor? ,Dor em peso,08-04-2025_16-18-08,/srv/projects2/captarlibras_finep/dataset_captarlibras/raw-data/frontal-cam/08-04-2025_16-18-08_p0082_s111_b2_RAW--ZED-RGB_FRONT.avi,2025-04-08 16:18:08
08-04-2025_16-18-25_p0082_s112_b2_RAW,82,112,Como é a dor? ,Dor em queimação,08-04-2025_16-18-25,/srv/projects2/captarlibras_finep/dataset_captarlibras/raw-data/frontal-cam/08-04-2025_16-18-25_p0082_s112_b2_RAW--ZED-RGB_FRONT.avi,2025-04-08 16:18:25
08-04-2025_16-18-39_p0082_s113_b2_RAW,82,113,Como é a dor? ,Dor em pontada,08-04-2025_16-18-39,/srv/projects2/captarlibras_finep/dataset_captarlibras/raw-data/frontal-cam/08-04-2025_16-18-39_p0082_s113_b2_RAW--ZED-RGB_FRONT.avi,2025-04-08 16:18:39
08-04-2025_16-18-53_p0082_s114_b2_RAW,82,114,Como é a dor? ,Dor em choque,08-04-2025_16-18-53,/srv/projects2/captarlibras_finep/dataset_captarlibras/raw-data/frontal-cam/08-04-2025_16-18-53_p0082_s114_b2_RAW--ZED-RGB_FRONT.avi,2025-04-08 16:18:53
08-04-2025_16-19-10_p0082_s115_b2_RAW,82,115,Como é a dor? ,Cólica menstrual,08-04-2025_16-19-10,/srv/projects2/captarlibras_finep/dataset_captarlibras/raw-data/frontal-cam/08-04-2025_16-19-10_p0082_s115_b2_RAW--ZED-RGB_FRONT.avi,2025-04-08 16:19:10
08-04-2025_16-19-27_p0082_s116_b2_RAW,82,116,Como é a dor? ,Cólica,08-04-2025_16-19-27,/srv/projects2/captarlibras_finep/dataset_captarlibras/raw-data/frontal-cam/08-04-2025_16-19-27_p0082_s116_b2_RAW--ZED-RGB_FRONT.avi,2025-04-08 16:19:27
08-04-2025_16-19-48_p0082_sP06.3_b2_RAW,82,P06.3,A dor é como se fosse um peso?,Pergunta,08-04-2025_16-19-48,/srv/projects2/captarlibras_finep/dataset_captarlibras/raw-data/frontal-cam/08-04-2025_16-19-48_p0082_sP06.3_b2_RAW--ZED-RGB_FRONT.avi,2025-04-08 16:19:48
08-04-2025_16-20-06_p0082_sP06.4_b2_RAW,82,P06.4,A dor é como se fosse uma queimação?,Pergunta,08-04-2025_16-20-06,/srv/projects2/captarlibras_finep/dataset_captarlibras/raw-data/frontal-cam/08-04-2025_16-20-06_p0082_sP06.4_b2_RAW--ZED-RGB_FRONT.avi,2025-04-08 16:20:06
08-04-2025_16-20-22_p0082_sP06.5_b2_RAW,82,P06.5,A dor é como se fosse uma fincada?,Pergunta,08-04-2025_16-20-22,/srv/projects2/captarlibras_finep/dataset_captarlibras/raw-data/frontal-cam/08-04-2025_16-20-22_p0082_sP06.5_b2_RAW--ZED-RGB_FRONT.avi,2025-04-08 16:20:22
08-04-2025_16-20-40_p0082_sP06.6_b2_RAW,82,P06.6,A dor é como se fosse um choque?,Pergunta,08-04-2025_16-20-40,/srv/projects2/captarlibras_finep/dataset_captarlibras/raw-data/frontal-cam/08-04-2025_16-20-40_p0082_sP06.6_b2_RAW--ZED-RGB_FRONT.avi,2025-04-08 16:20:40
08-04-2025_16-20-57_p0082_sP07_b2_RAW,82,P07,"Junto desse sintoma, você sente mais alguma coisa?",Pergunta,08-04-2025_16-20-57,/srv/projects2/captarlibras_finep/dataset_captarlibras/raw-data/frontal-cam/08-04-2025_16-20-57_p0082_sP07_b2_RAW--ZED-RGB_FRONT.avi,2025-04-08 16:20:57
08-04-2025_16-21-20_p0082_s117_b2_RAW,82,117,"Junto desse sintoma, você sente mais alguma coisa?",Sudorese,08-04-2025_16-21-20,/srv/projects2/captarlibras_finep/dataset_captarlibras/raw-data/frontal-cam/08-04-2025_16-21-20_p0082_s117_b2_RAW--ZED-RGB_FRONT.avi,2025-04-08 16:21:20
08-04-2025_16-21-34_p0082_s118_b2_RAW,82,118,"Junto desse sintoma, você sente mais alguma coisa?",Lacrimejamento,08-04-2025_16-21-34,/srv/projects2/captarlibras_finep/dataset_captarlibras/raw-data/frontal-cam/08-04-2025_16-21-34_p0082_s118_b2_RAW--ZED-RGB_FRONT.avi,2025-04-08 16:21:34
08-04-2025_16-22-14_p0082_s119_b2_RAW,82,119,"Junto desse sintoma, você sente mais alguma coisa?",Mal-estar,08-04-2025_16-22-14,/srv/projects2/captarlibras_finep/dataset_captarlibras/raw-data/frontal-cam/08-04-2025_16-22-14_p0082_s119_b2_RAW--ZED-RGB_FRONT.avi,2025-04-08 16:22:14
08-04-2025_16-22-38_p0082_s120_b2_RAW,82,120,"Junto desse sintoma, você sente mais alguma coisa?",Visão dupla,08-04-2025_16-22-38,/srv/projects2/captarlibras_finep/dataset_captarlibras/raw-data/frontal-cam/08-04-2025_16-22-38_p0082_s120_b2_RAW--ZED-RGB_FRONT.avi,2025-04-08 16:22:38
08-04-2025_16-22-51_p0082_s121_b2_RAW,82,121,"Junto desse sintoma, você sente mais alguma coisa?",Mancha na vista,08-04-2025_16-22-51,/srv/projects2/captarlibras_finep/dataset_captarlibras/raw-data/frontal-cam/08-04-2025_16-22-51_p0082_s121_b2_RAW--ZED-RGB_FRONT.avi,2025-04-08 16:22:51
08-04-2025_16-23-10_p0082_s122_b2_RAW,82,122,"Junto desse sintoma, você sente mais alguma coisa?",Aumento da vontade de urinar,08-04-2025_16-23-10,/srv/projects2/captarlibras_finep/dataset_captarlibras/raw-data/frontal-cam/08-04-2025_16-23-10_p0082_s122_b2_RAW--ZED-RGB_FRONT.avi,2025-04-08 16:23:10
08-04-2025_16-23-26_p0082_s123_b2_RAW,82,123,"Junto desse sintoma, você sente mais alguma coisa?",Zumbido,08-04-2025_16-23-26,/srv/projects2/captarlibras_finep/dataset_captarlibras/raw-data/frontal-cam/08-04-2025_16-23-26_p0082_s123_b2_RAW--ZED-RGB_FRONT.avi,2025-04-08 16:23:26
08-04-2025_16-23-45_p0082_s124_b2_RAW,82,124,"Junto desse sintoma, você sente mais alguma coisa?",Gases,08-04-2025_16-23-45,/srv/projects2/captarlibras_finep/dataset_captarlibras/raw-data/frontal-cam/08-04-2025_16-23-45_p0082_s124_b2_RAW--ZED-RGB_FRONT.avi,2025-04-08 16:23:45
08-04-2025_16-24-11_p0082_sP08.1_b2_RAW,82,P08.1,Existe algum fator de piora?,Pergunta,08-04-2025_16-24-11,/srv/projects2/captarlibras_finep/dataset_captarlibras/raw-data/frontal-cam/08-04-2025_16-24-11_p0082_sP08.1_b2_RAW--ZED-RGB_FRONT.avi,2025-04-08 16:24:11
08-04-2025_16-24-34_p0082_s125_b2_RAW,82,125,Existe algum fator de piora?,Comer alimentos ácidos e picantes,08-04-2025_16-24-34,/srv/projects2/captarlibras_finep/dataset_captarlibras/raw-data/frontal-cam/08-04-2025_16-24-34_p0082_s125_b2_RAW--ZED-RGB_FRONT.avi,2025-04-08 16:24:34
08-04-2025_16-25-55_p0082_s126_b2_RAW,82,126,Existe algum fator de piora?,Beber bebidas alcoólicas,08-04-2025_16-25-55,/srv/projects2/captarlibras_finep/dataset_captarlibras/raw-data/frontal-cam/08-04-2025_16-25-55_p0082_s126_b2_RAW--ZED-RGB_FRONT.avi,2025-04-08 16:25:55
08-04-2025_16-26-11_p0082_s127_b2_RAW,82,127,Existe algum fator de piora?,Comer alimentos gordurosos,08-04-2025_16-26-11,/srv/projects2/captarlibras_finep/dataset_captarlibras/raw-data/frontal-cam/08-04-2025_16-26-11_p0082_s127_b2_RAW--ZED-RGB_FRONT.avi,2025-04-08 16:26:11
08-04-2025_16-26-31_p0082_s128_b2_RAW,82,128,Existe algum fator de piora?,Locais com barulho,08-04-2025_16-26-31,/srv/projects2/captarlibras_finep/dataset_captarlibras/raw-data/frontal-cam/08-04-2025_16-26-31_p0082_s128_b2_RAW--ZED-RGB_FRONT.avi,2025-04-08 16:26:31
08-04-2025_16-27-00_p0082_s129_b2_RAW,82,129,Existe algum fator de piora?,Locais com luminosidade excessiva,08-04-2025_16-27-00,/srv/projects2/captarlibras_finep/dataset_captarlibras/raw-data/frontal-cam/08-04-2025_16-27-00_p0082_s129_b2_RAW--ZED-RGB_FRONT.avi,2025-04-08 16:27:00
08-04-2025_16-27-32_p0082_s130_b2_RAW,82,130,Existe algum fator de piora?,Fazer esforço físico,08-04-2025_16-27-32,/srv/projects2/captarlibras_finep/dataset_captarlibras/raw-data/frontal-cam/08-04-2025_16-27-32_p0082_s130_b2_RAW--ZED-RGB_FRONT.avi,2025-04-08 16:27:32
08-04-2025_16-27-55_p0082_s131_b2_RAW,82,131,Existe algum fator de piora?,Período menstrual,08-04-2025_16-27-55,/srv/projects2/captarlibras_finep/dataset_captarlibras/raw-data/frontal-cam/08-04-2025_16-27-55_p0082_s131_b2_RAW--ZED-RGB_FRONT.avi,2025-04-08 16:27:55
08-04-2025_16-28-17_p0082_s132_b2_RAW,82,132,Existe algum fator de piora?,Espirrar,08-04-2025_16-28-17,/srv/projects2/captarlibras_finep/dataset_captarlibras/raw-data/frontal-cam/08-04-2025_16-28-17_p0082_s132_b2_RAW--ZED-RGB_FRONT.avi,2025-04-08 16:28:17
08-04-2025_16-28-47_p0082_s133_b2_RAW,82,133,Existe algum fator de piora?,Mastigar 1,08-04-2025_16-28-47,/srv/projects2/captarlibras_finep/dataset_captarlibras/raw-data/frontal-cam/08-04-2025_16-28-47_p0082_s133_b2_RAW--ZED-RGB_FRONT.avi,2025-04-08 16:28:47
08-04-2025_16-29-27_p0082_s134_b2_RAW,82,134,Existe algum fator de piora?,Mastigar 2,08-04-2025_16-29-27,/srv/projects2/captarlibras_finep/dataset_captarlibras/raw-data/frontal-cam/08-04-2025_16-29-27_p0082_s134_b2_RAW--ZED-RGB_FRONT.avi,2025-04-08 16:29:27
08-04-2025_16-29-43_p0082_s135_b2_RAW,82,135,Existe algum fator de piora?,Engolir,08-04-2025_16-29-43,/srv/projects2/captarlibras_finep/dataset_captarlibras/raw-data/frontal-cam/08-04-2025_16-29-43_p0082_s135_b2_RAW--ZED-RGB_FRONT.avi,2025-04-08 16:29:43
08-04-2025_16-30-00_p0082_s136_b2_RAW,82,136,Existe algum fator de piora?,Andar,08-04-2025_16-30-00,/srv/projects2/captarlibras_finep/dataset_captarlibras/raw-data/frontal-cam/08-04-2025_16-30-00_p0082_s136_b2_RAW--ZED-RGB_FRONT.avi,2025-04-08 16:30:00
08-04-2025_16-30-19_p0082_s137_b2_RAW,82,137,Existe algum fator de piora?,Estresse,08-04-2025_16-30-19,/srv/projects2/captarlibras_finep/dataset_captarlibras/raw-data/frontal-cam/08-04-2025_16-30-19_p0082_s137_b2_RAW--ZED-RGB_FRONT.avi,2025-04-08 16:30:19
08-04-2025_16-30-34_p0082_s138_b2_RAW,82,138,Existe algum fator de piora?,Apertar,08-04-2025_16-30-34,/srv/projects2/captarlibras_finep/dataset_captarlibras/raw-data/frontal-cam/08-04-2025_16-30-34_p0082_s138_b2_RAW--ZED-RGB_FRONT.avi,2025-04-08 16:30:34
08-04-2025_16-30-47_p0082_s139_b2_RAW,82,139,Existe algum fator de piora?,Mexer o braço,08-04-2025_16-30-47,/srv/projects2/captarlibras_finep/dataset_captarlibras/raw-data/frontal-cam/08-04-2025_16-30-47_p0082_s139_b2_RAW--ZED-RGB_FRONT.avi,2025-04-08 16:30:47
08-04-2025_16-31-43_p0082_s139_b2_RAW,82,139,Existe algum fator de piora?,Mexer o braço,08-04-2025_16-31-43,/srv/projects2/captarlibras_finep/dataset_captarlibras/raw-data/frontal-cam/08-04-2025_16-31-43_p0082_s139_b2_RAW--ZED-RGB_FRONT.avi,2025-04-08 16:31:43
08-04-2025_16-31-59_p0082_s140_b2_RAW,82,140,Existe algum fator de piora?,Mexer as pernas,08-04-2025_16-31-59,/srv/projects2/captarlibras_finep/dataset_captarlibras/raw-data/frontal-cam/08-04-2025_16-31-59_p0082_s140_b2_RAW--ZED-RGB_FRONT.avi,2025-04-08 16:31:59
08-04-2025_16-32-15_p0082_s141_b2_RAW,82,141,Existe algum fator de piora?,Mexer o pescoço,08-04-2025_16-32-15,/srv/projects2/captarlibras_finep/dataset_captarlibras/raw-data/frontal-cam/08-04-2025_16-32-15_p0082_s141_b2_RAW--ZED-RGB_FRONT.avi,2025-04-08 16:32:15
08-04-2025_16-32-35_p0082_s142_b2_RAW,82,142,Existe algum fator de piora?,A posição do corpo piora a dor,08-04-2025_16-32-35,/srv/projects2/captarlibras_finep/dataset_captarlibras/raw-data/frontal-cam/08-04-2025_16-32-35_p0082_s142_b2_RAW--ZED-RGB_FRONT.avi,2025-04-08 16:32:35
08-04-2025_16-32-55_p0082_sP08.2_b2_RAW,82,P08.2,Tem algum fator de melhora?,Pergunta,08-04-2025_16-32-55,/srv/projects2/captarlibras_finep/dataset_captarlibras/raw-data/frontal-cam/08-04-2025_16-32-55_p0082_sP08.2_b2_RAW--ZED-RGB_FRONT.avi,2025-04-08 16:32:55
08-04-2025_16-33-15_p0082_s143_b2_RAW,82,143,Tem algum fator de melhora?,Deitar,08-04-2025_16-33-15,/srv/projects2/captarlibras_finep/dataset_captarlibras/raw-data/frontal-cam/08-04-2025_16-33-15_p0082_s143_b2_RAW--ZED-RGB_FRONT.avi,2025-04-08 16:33:15
08-04-2025_16-33-31_p0082_s144_b2_RAW,82,144,Tem algum fator de melhora?,Colocar água fria,08-04-2025_16-33-31,/srv/projects2/captarlibras_finep/dataset_captarlibras/raw-data/frontal-cam/08-04-2025_16-33-31_p0082_s144_b2_RAW--ZED-RGB_FRONT.avi,2025-04-08 16:33:31
08-04-2025_16-33-47_p0082_s145_b2_RAW,82,145,Tem algum fator de melhora?,Colocar água quente,08-04-2025_16-33-47,/srv/projects2/captarlibras_finep/dataset_captarlibras/raw-data/frontal-cam/08-04-2025_16-33-47_p0082_s145_b2_RAW--ZED-RGB_FRONT.avi,2025-04-08 16:33:47
08-04-2025_16-34-07_p0082_s146_b2_RAW,82,146,Tem algum fator de melhora?,Usar medicamento,08-04-2025_16-34-07,/srv/projects2/captarlibras_finep/dataset_captarlibras/raw-data/frontal-cam/08-04-2025_16-34-07_p0082_s146_b2_RAW--ZED-RGB_FRONT.avi,2025-04-08 16:34:07
08-04-2025_16-34-43_p0082_s147_b2_RAW,82,147,Tem algum fator de melhora?,Ficar em jejum,08-04-2025_16-34-43,/srv/projects2/captarlibras_finep/dataset_captarlibras/raw-data/frontal-cam/08-04-2025_16-34-43_p0082_s147_b2_RAW--ZED-RGB_FRONT.avi,2025-04-08 16:34:43
08-04-2025_16-35-17_p0082_s148.1_b2_RAW,82,148.1,Alfabeto completo,A,08-04-2025_16-35-17,/srv/projects2/captarlibras_finep/dataset_captarlibras/raw-data/frontal-cam/08-04-2025_16-35-17_p0082_s148.1_b2_RAW--ZED-RGB_FRONT.avi,2025-04-08 16:35:17
08-04-2025_16-35-36_p0082_s148.2_b2_RAW,82,148.2,Alfabeto completo,B,08-04-2025_16-35-36,/srv/projects2/captarlibras_finep/dataset_captarlibras/raw-data/frontal-cam/08-04-2025_16-35-36_p0082_s148.2_b2_RAW--ZED-RGB_FRONT.avi,2025-04-08 16:35:36
08-04-2025_16-35-48_p0082_s148.3_b2_RAW,82,148.3,Alfabeto completo,C,08-04-2025_16-35-48,/srv/projects2/captarlibras_finep/dataset_captarlibras/raw-data/frontal-cam/08-04-2025_16-35-48_p0082_s148.3_b2_RAW--ZED-RGB_FRONT.avi,2025-04-08 16:35:48
08-04-2025_16-36-02_p0082_s148.4_b2_RAW,82,148.4,Alfabeto completo,D,08-04-2025_16-36-02,/srv/projects2/captarlibras_finep/dataset_captarlibras/raw-data/frontal-cam/08-04-2025_16-36-02_p0082_s148.4_b2_RAW--ZED-RGB_FRONT.avi,2025-04-08 16:36:02
08-04-2025_16-36-16_p0082_s148.5_b2_RAW,82,148.5,Alfabeto completo,E,08-04-2025_16-36-16,/srv/projects2/captarlibras_finep/dataset_captarlibras/raw-data/frontal-cam/08-04-2025_16-36-16_p0082_s148.5_b2_RAW--ZED-RGB_FRONT.avi,2025-04-08 16:36:16
08-04-2025_16-36-34_p0082_s148.6_b2_RAW,82,148.6,Alfabeto completo,F,08-04-2025_16-36-34,/srv/projects2/captarlibras_finep/dataset_captarlibras/raw-data/frontal-cam/08-04-2025_16-36-34_p0082_s148.6_b2_RAW--ZED-RGB_FRONT.avi,2025-04-08 16:36:34
08-04-2025_16-37-11_p0082_s148.7_b2_RAW,82,148.7,Alfabeto completo,G,08-04-2025_16-37-11,/srv/projects2/captarlibras_finep/dataset_captarlibras/raw-data/frontal-cam/08-04-2025_16-37-11_p0082_s148.7_b2_RAW--ZED-RGB_FRONT.avi,2025-04-08 16:37:11
08-04-2025_16-37-25_p0082_s148.8_b2_RAW,82,148.8,Alfabeto completo,H,08-04-2025_16-37-25,/srv/projects2/captarlibras_finep/dataset_captarlibras/raw-data/frontal-cam/08-04-2025_16-37-25_p0082_s148.8_b2_RAW--ZED-RGB_FRONT.avi,2025-04-08 16:37:25
08-04-2025_16-37-39_p0082_s148.9_b2_RAW,82,148.9,Alfabeto completo,I,08-04-2025_16-37-39,/srv/projects2/captarlibras_finep/dataset_captarlibras/raw-data/frontal-cam/08-04-2025_16-37-39_p0082_s148.9_b2_RAW--ZED-RGB_FRONT.avi,2025-04-08 16:37:39
08-04-2025_16-37-52_p0082_s148.10_b2_RAW,82,148.10,Alfabeto completo,J,08-04-2025_16-37-52,/srv/projects2/captarlibras_finep/dataset_captarlibras/raw-data/frontal-cam/08-04-2025_16-37-52_p0082_s148.10_b2_RAW--ZED-RGB_FRONT.avi,2025-04-08 16:37:52
08-04-2025_16-38-05_p0082_s148.11_b2_RAW,82,148.11,Alfabeto completo,K,08-04-2025_16-38-05,/srv/projects2/captarlibras_finep/dataset_captarlibras/raw-data/frontal-cam/08-04-2025_16-38-05_p0082_s148.11_b2_RAW--ZED-RGB_FRONT.avi,2025-04-08 16:38:05
08-04-2025_16-38-19_p0082_s148.12_b2_RAW,82,148.12,Alfabeto completo,L,08-04-2025_16-38-19,/srv/projects2/captarlibras_finep/dataset_captarlibras/raw-data/frontal-cam/08-04-2025_16-38-19_p0082_s148.12_b2_RAW--ZED-RGB_FRONT.avi,2025-04-08 16:38:19
08-04-2025_16-38-32_p0082_s148.13_b2_RAW,82,148.13,Alfabeto completo,M,08-04-2025_16-38-32,/srv/projects2/captarlibras_finep/dataset_captarlibras/raw-data/frontal-cam/08-04-2025_16-38-32_p0082_s148.13_b2_RAW--ZED-RGB_FRONT.avi,2025-04-08 16:38:32
08-04-2025_16-38-42_p0082_s148.14_b2_RAW,82,148.14,Alfabeto completo,N,08-04-2025_16-38-42,/srv/projects2/captarlibras_finep/dataset_captarlibras/raw-data/frontal-cam/08-04-2025_16-38-42_p0082_s148.14_b2_RAW--ZED-RGB_FRONT.avi,2025-04-08 16:38:42
08-04-2025_16-39-08_p0082_s148.15_b2_RAW,82,148.15,Alfabeto completo,O,08-04-2025_16-39-08,/srv/projects2/captarlibras_finep/dataset_captarlibras/raw-data/frontal-cam/08-04-2025_16-39-08_p0082_s148.15_b2_RAW--ZED-RGB_FRONT.avi,2025-04-08 16:39:08
08-04-2025_16-39-19_p0082_s148.16_b2_RAW,82,148.16,Alfabeto completo,P,08-04-2025_16-39-19,/srv/projects2/captarlibras_finep/dataset_captarlibras/raw-data/frontal-cam/08-04-2025_16-39-19_p0082_s148.16_b2_RAW--ZED-RGB_FRONT.avi,2025-04-08 16:39:19
08-04-2025_16-39-35_p0082_s148.17_b2_RAW,82,148.17,Alfabeto completo,Q,08-04-2025_16-39-35,/srv/projects2/captarlibras_finep/dataset_captarlibras/raw-data/frontal-cam/08-04-2025_16-39-35_p0082_s148.17_b2_RAW--ZED-RGB_FRONT.avi,2025-04-08 16:39:35
08-04-2025_16-39-54_p0082_s148.18_b2_RAW,82,148.18,Alfabeto completo,R,08-04-2025_16-39-54,/srv/projects2/captarlibras_finep/dataset_captarlibras/raw-data/frontal-cam/08-04-2025_16-39-54_p0082_s148.18_b2_RAW--ZED-RGB_FRONT.avi,2025-04-08 16:39:54
08-04-2025_16-40-07_p0082_s148.19_b2_RAW,82,148.19,Alfabeto completo,S,08-04-2025_16-40-07,/srv/projects2/captarlibras_finep/dataset_captarlibras/raw-data/frontal-cam/08-04-2025_16-40-07_p0082_s148.19_b2_RAW--ZED-RGB_FRONT.avi,2025-04-08 16:40:07
08-04-2025_16-40-18_p0082_s148.20_b2_RAW,82,148.20,Alfabeto completo,T,08-04-2025_16-40-18,/srv/projects2/captarlibras_finep/dataset_captarlibras/raw-data/frontal-cam/08-04-2025_16-40-18_p0082_s148.20_b2_RAW--ZED-RGB_FRONT.avi,2025-04-08 16:40:18
08-04-2025_16-40-29_p0082_s148.21_b2_RAW,82,148.21,Alfabeto completo,U,08-04-2025_16-40-29,/srv/projects2/captarlibras_finep/dataset_captarlibras/raw-data/frontal-cam/08-04-2025_16-40-29_p0082_s148.21_b2_RAW--ZED-RGB_FRONT.avi,2025-04-08 16:40:29
08-04-2025_16-40-42_p0082_s148.22_b2_RAW,82,148.22,Alfabeto completo,V,08-04-2025_16-40-42,/srv/projects2/captarlibras_finep/dataset_captarlibras/raw-data/frontal-cam/08-04-2025_16-40-42_p0082_s148.22_b2_RAW--ZED-RGB_FRONT.avi,2025-04-08 16:40:42
08-04-2025_16-40-52_p0082_s148.23_b2_RAW,82,148.23,Alfabeto completo,W,08-04-2025_16-40-52,/srv/projects2/captarlibras_finep/dataset_captarlibras/raw-data/frontal-cam/08-04-2025_16-40-52_p0082_s148.23_b2_RAW--ZED-RGB_FRONT.avi,2025-04-08 16:40:52
08-04-2025_16-41-04_p0082_s148.24_b2_RAW,82,148.24,Alfabeto completo,X,08-04-2025_16-41-04,/srv/projects2/captarlibras_finep/dataset_captarlibras/raw-data/frontal-cam/08-04-2025_16-41-04_p0082_s148.24_b2_RAW--ZED-RGB_FRONT.avi,2025-04-08 16:41:04
08-04-2025_16-41-15_p0082_s148.25_b2_RAW,82,148.25,Alfabeto completo,Y,08-04-2025_16-41-15,/srv/projects2/captarlibras_finep/dataset_captarlibras/raw-data/frontal-cam/08-04-2025_16-41-15_p0082_s148.25_b2_RAW--ZED-RGB_FRONT.avi,2025-04-08 16:41:15
08-04-2025_16-41-34_p0082_s148.26_b2_RAW,82,148.26,Alfabeto completo,Z,08-04-2025_16-41-34,/srv/projects2/captarlibras_finep/dataset_captarlibras/raw-data/frontal-cam/08-04-2025_16-41-34_p0082_s148.26_b2_RAW--ZED-RGB_FRONT.avi,2025-04-08 16:41:34
08-04-2025_16-42-08_p0082_s149_b2_RAW,82,149,Comandos simples,Devagar,08-04-2025_16-42-08,/srv/projects2/captarlibras_finep/dataset_captarlibras/raw-data/frontal-cam/08-04-2025_16-42-08_p0082_s149_b2_RAW--ZED-RGB_FRONT.avi,2025-04-08 16:42:08
08-04-2025_16-43-00_p0082_s150_b2_RAW,82,150,Comandos simples,Entendi,08-04-2025_16-43-00,/srv/projects2/captarlibras_finep/dataset_captarlibras/raw-data/frontal-cam/08-04-2025_16-43-00_p0082_s150_b2_RAW--ZED-RGB_FRONT.avi,2025-04-08 16:43:00
08-04-2025_16-43-12_p0082_s151_b2_RAW,82,151,Comandos simples,Obrigado 1,08-04-2025_16-43-12,/srv/projects2/captarlibras_finep/dataset_captarlibras/raw-data/frontal-cam/08-04-2025_16-43-12_p0082_s151_b2_RAW--ZED-RGB_FRONT.avi,2025-04-08 16:43:12
08-04-2025_16-43-25_p0082_s152_b2_RAW,82,152,Comandos simples,Obrigado 2,08-04-2025_16-43-25,/srv/projects2/captarlibras_finep/dataset_captarlibras/raw-data/frontal-cam/08-04-2025_16-43-25_p0082_s152_b2_RAW--ZED-RGB_FRONT.avi,2025-04-08 16:43:25
08-04-2025_16-43-46_p0082_s153_b2_RAW,82,153,Comandos simples,"Repita, por favor",08-04-2025_16-43-46,/srv/projects2/captarlibras_finep/dataset_captarlibras/raw-data/frontal-cam/08-04-2025_16-43-46_p0082_s153_b2_RAW--ZED-RGB_FRONT.avi,2025-04-08 16:43:46
08-04-2025_16-44-04_p0082_s154_b2_RAW,82,154,Comandos simples,Pare 1,08-04-2025_16-44-04,/srv/projects2/captarlibras_finep/dataset_captarlibras/raw-data/frontal-cam/08-04-2025_16-44-04_p0082_s154_b2_RAW--ZED-RGB_FRONT.avi,2025-04-08 16:44:04
08-04-2025_16-44-21_p0082_s155_b2_RAW,82,155,Comandos simples,Pare 2,08-04-2025_16-44-21,/srv/projects2/captarlibras_finep/dataset_captarlibras/raw-data/frontal-cam/08-04-2025_16-44-21_p0082_s155_b2_RAW--ZED-RGB_FRONT.avi,2025-04-08 16:44:21
08-04-2025_16-44-40_p0082_s156_b2_RAW,82,156,Comandos simples,Não entendi,08-04-2025_16-44-40,/srv/projects2/captarlibras_finep/dataset_captarlibras/raw-data/frontal-cam/08-04-2025_16-44-40_p0082_s156_b2_RAW--ZED-RGB_FRONT.avi,2025-04-08 16:44:40
08-04-2025_16-44-53_p0082_s157_b2_RAW,82,157,Comandos simples,Continue,08-04-2025_16-44-53,/srv/projects2/captarlibras_finep/dataset_captarlibras/raw-data/frontal-cam/08-04-2025_16-44-53_p0082_s157_b2_RAW--ZED-RGB_FRONT.avi,2025-04-08 16:44:53
