VideoID,Sentence,Elan,Gloss
10-09-2024_17-38-23_p0045_sP16_b3_CONV--ZED-RGB.mpeg,P16,S I CORIZA NENHUM COMO SENTIR DOR URINAR,S I CORIZA NENHUM COMO TER SENTIR DOR URINAR
25-03-2024_16-06-06_p0020_sP04_b2_CONV--ZED-RGB.mpeg,P4,TEMPO QUANTO HORAS-DURAÇÃO ENTÃO,TEMPO QUAL HORAS-DURAÇÃO TEMPO
15-02-2025_10-15-32_p0065_s64_b1_CONV--ZED-RGB.mp4,64,CABEÇA-SAIR NASCER,QUASE CABEÇA-SAIR NASCER
23-05-2024_14-43-50_p0035_s162_b3_CONV--ZED-RGB.mpeg,162,TOMAR-BANHO PIOR,TOMAR-BANHO CORPO PIOR
17-02-2025_17-21-37_p0071_s55_b1_CONV--ZED-RGB.mp4,55,VERMELHO SANGRAR-BOCA,VERMELHO NARIZ-SANGRAR GRIPE
22-02-2024_13-48-58_p0018_s71_b1_CONV--zed-rgb.mpeg,71,,2-HORA
27-03-2024_15-10-45_p0015_s101_b2_CONV--ZED-RGB.mpeg,101,OMBROS DOR,DOR OMBROS
22-01-2024_17-17-38_p9_sP15.4--zed-rgb.mpeg,P15.4,CATARRO COLA COR ENTÃO,CATARRO COLA COR QUAL
07-05-2024_14-44-21_p0027_sP25.1_b4_CONV--ZED-RGB.mpeg,P25.1,VOCÊ JÁ FAZER CIRURGIA PASSADO S-I SIM QUAL,VOCÊ FAZER JÁ CIRURGIA ALGUM PASSADO S-I SIM QUAL
27-03-2024_16-12-12_p0015_s37_b1_CONV--ZED-RGB.mpeg,37,VERMELHO SANGUE BAIXO-ALTO,VERMELHO SANGUE DOCE BAIXO-ALTO
05-10-2024_09-27-22_p0050_sP18.4_b4_CONV--ZED-RGB.mpeg,P18.4,UM SANGRAR DOIS M U C O COLA TRÊS P U S COR MISTURAR AMARELO BRANCO MISTURAR ENTÃO,UM SANGRAR DOIS M U C O COLA TRÊS PUS COR MISTURAR AMARELO BRANCO MISTURAR ENTÃO
07-12-2024_10-53-23_p0053_sP01_b1_CONV--ZED-RGB.mp4,P1,O-QUE SENTIR QUE VIR HOJE,O-QUE VOCÊ SENTIR QUE VIR ENTÃO
05-06-2024_15-42-59_p0037_s281_b4_CONV--ZED-RGB.mpeg,281,TAÇA VINHO TODO-DIA,TAÇA TOMAR VINHO TODO-DIA
06-09-2024_15-59-37_p0047_sP08.2_b2_CONV--ZED-RGB.mpeg,P8.2,SENTIR DOR DEPOIS DESAPARECER,SENTIR DOR DEPOIS DESAPARECER ENTÃO
18-01-2025_09-38-25_p0057_sP18.3_b4_CONV--ZED-RGB.mp4,P18.3,COMO VOCÊ FEZES COMO,COMO FEZES COMO
03-04-2024_16-10-38_p0023_s275_b4_CONV--ZED-RGB.mpeg,275,UMAGARRAFA TODOS-OS-DIAS,UMA-GARRAFA TODOS-OS-DIAS
12-03-2024_14-30-12_p0022_s36_b1_CONV--zed-rgb.mpeg,36,SUAR SUAR,SUAR SUAR SUAR
27-03-2024_16-00-27_p0015_s7_b1_CONV--ZED-RGB.mpeg,7,PEITO DOR,DOR PEITO
22-01-2024_17-15-46_p9_s195--zed-rgb.mpeg,195,CATARRO NENHUM,CATARRO COLA NENHUM
27-03-2025_14-07-18_p0080_sP10_b3_CONV--ZED-RGB.mp4,P10,SOBRE DOR PERÍODO COMEÇA-EM-UM FRACO SEQUÊNCIA-CINCO MÉDIA ATÉ-DEZ EXTREMAMENTE-FORTE PERÍODO-TEMPO AGORA VOCÊ SENTIR QUAL ESSE-PERÍODO DOR EQUIVALER QUAL,SOBRE DOR PERÍODO COMEÇA-EM-UM FRACO SEQUÊNCIA-CINCO MÉDIA ATÉ-DEZ EXTREMAMENTE-FORTE PERÍODO-TEMPO VOCÊ SENTIR QUAL ESSE-PERÍODO DOR EQUIVALER QUAL
01-02-2025_11-58-09_p0070_sP18.4_b4_CONV--ZED-RGB.mp4,P18.4,UM SANGRAR DOIS M U C O COLA TRÊS P U S COR MISTURAR AMARELO BRANCO MISTURAR ENTÃO,UM SANGRAR DOIS M U C O COLA TRÊS PUS COR MISTURAR AMARELO BRANCO MISTURAR ENTÃO
05-09-2024_16-43-44_p0047_sP25.1_b4_CONV--ZED-RGB.mpeg,P25.1,VOCÊ JÁ FAZER CIRURGIA ALGUM PASSADO SIM QUAL,VOCÊ FAZER JÁ CIRURGIA ALGUM PASSADO S-I SIM QUAL
02-05-2024_15-50-58_p0026_sP19.1_b4_CONV--ZED-RGB.mpeg,P19.1,VOCÊ JÁ FAZER TRATAMENTO ALGUM DOENÇA,VOCÊ JÁ FAZER TRATAMENTO ALGUM DOENÇA ENTÃO
05-03-2024_10-09-33_p0014_sP01_b1_CONV--zed-rgb.mpeg,P1,OQUE SENTIR QUE VIR ENTÃO,O-QUE VOCÊ SENTIR QUE VIR ENTÃO
18-03-2024_15-29-55_p0020_s38_b1_CONV--ZED-RGB.mpeg,38,TENTAR SUICIDAR SUICIDAR,TENTAR SUICIDAR
21-12-2024_09-42-49_p0061_s259_b4_CONV--ZED-RGB.mpeg,259,SIM FUMAR SIM,TER FUMAR SIM
19-12-2024_16-14-30_p0062_s194_b3_CONV--ZED-RGB.mpeg,194,CATARRO TER O-U TER-NÃO,TOSSE SECO
25-03-2025_18-53-08_p0079_sP21.1_b3_CONV--ZED-RGB.mp4,P21.1,DOCUMENTO REMÉDIO TRAZER,DOCUMENTO REMÉDIO VOCÊ TRAZER
08-04-2024_15-37-45_p0021_s104_b2_CONV--ZED-RGB.mpeg,104,DOR DORPERNA-DIREITA PERNA-ESQUERDA,DOR PERNA-DIREITA PERNA-ESQUERDA
05-09-2024_15-09-29_p0047_s36_b1_CONV--ZED-RGB.mpeg,36,SUAR SUAR,SUAR SUAR SUAR
13-05-2024_16-06-31_p0028_s181_b3_CONV--ZED-RGB.mpeg,181,DOR PESCOÇO ESPALHAR,PESCOÇO DOR ESPALHAR
16-04-2024_16-08-15_p0016_s244_b3_CONV--ZED-RGB.mpeg,244,NÃO USAR MEDICAMENTO,NÃO USAR MEDICAMENTO NÃO
23-04-2024_11-51-47_p0024_sP25.1_b4_CONV--ZED-RGB.mpeg,P25.1,VOCÊ JÁ CIRURGIA PASSADO S-I SIM QUAL,VOCÊ FAZER JÁ CIRURGIA ALGUM PASSADO S-I SIM QUAL
17-06-2024_15-09-53_p0019_sP06.3_b2_CONV--ZED-RGB.mpeg,P6.3,DOR PONTADA PESO,DOR IGUAL PESO
07-03-2024_13-39-26_p0010_sP04_b2_CONV--zed-rgb.mpeg,P4,TEMPO HORAS-DURAÇÃO TEMPO ENTÃO,TEMPO QUAL HORAS-DURAÇÃO TEMPO
31-01-2024_15-08-55_p13_s201--zed-rgb.mpeg,201,CATARRO COLAR VERMELHO,CATARRO COLA VERMELHO
28-08-2024_16-58-39_p0038_sP03_b1_CONV--ZED-RGB.mpeg,P3,COMO COMEÇAR QUE FAZER O-QUE,COMO COMEÇAR QUE VOCÊ FAZER O-QUE
20-02-2024_17-04-40_p0015_s282_b4_CONV--zed-rgb.mpeg,282,1 COPO CHEIO TOMAR TODO-DIA,UM COPO CHEIO TODO-DIA
18-03-2024_15-34-26_p0020_s53_b1_CONV--ZED-RGB.mpeg,53,XIXI VERMELHO XIXI,XIXI VERMELHO
25-03-2024_15-42-26_p0020_sP22.1_b4_CONV--ZED-RGB.mpeg,P22.1,VOCÊ TER ALERGIA,VOCÊ TER ALERGIA ENTÃO
25-03-2024_16-21-09_p0020_sP06.5_b2_CONV--ZED-RGB.mpeg,P6.5,DOR IGUAL MAS PARECER FINCADA DOR ENTÃO,DOR IGUAL FINCADA
25-03-2024_16-21-54_p0020_sP07_b2_CONV--ZED-RGB.mpeg,P7,TER JUNTO ITENS SENTIR MAIS QUANTOS,SENTIR JUNTO ITENS MAIS TER
18-12-2024_17-08-06_p0057_sP11.1_b3_CONV--ZED-RGB.mpeg,P11.1,SENTIR DOR DEPOIS SUMIR OUTRA-VEZ SENTIR DOR SUMIR VOLTAR SUMIR VOLTAR,SENTIR DOR DEPOIS SUMIR OUTRA-VEZ SENTIR DOR SUMIR VOLTAR SUMIR
05-06-2024_10-10-35_p0036_sP22.1_b4_CONV--ZED-RGB.mpeg,P22.1,TER ALERGIA ENTÃO,VOCÊ TER ALERGIA ENTÃO
18-06-2024_16-42-46_p0028_sP22.2_b4_CONV--ZED-RGB.mpeg,P22.2,MOMENTO TOMAR-REMÉDIO SURGIR TER ALERGIA TER,MOMENTO VOCÊ TOMAR-MEDICAMENTO SURGIR TER ALERGIA TER
16-09-2024_16-29-51_p0045_sP01_b1_CONV--ZED-RGB.mpeg,P1,O-QUE SENTIR QUE VIR ENTÃO,O-QUE VOCÊ SENTIR QUE VIR ENTÃO
23-04-2024_11-20-14_p0024_s221_b4_CONV--ZED-RGB.mpeg,221,P U S AMARELO BRANCO MISTURAR,TER P U S MISTURAR AMARELO BRANCO MISTURAR
28-09-2024_13-58-41_p0016_sP25.1_b4_CONV--ZED-RGB.mpeg,P25.1,VOCÊ JÁ FAZER CIRURGIA ALGUM PASSADO S-I SIM QUAL,VOCÊ FAZER JÁ CIRURGIA ALGUM PASSADO S-I SIM QUAL
29-04-2024_17-04-04_p0024_sP03_b1_CONV--ZED-RGB.mpeg,P3,COMO COMEÇAR VOCÊ FAZER O-QUE ENTÃO,COMO COMEÇAR QUE VOCÊ FAZER O-QUE
22-02-2024_11-08-46_p0017_sP13.2_b3_CONV--zed-rgb.mpeg,P13.2,MOMENTO FICAR-EM-PÉ DEITAR SENTAR DOR PIORAR,MOMENTO FICAR-EM-PÉ SENTAR DEITAR DOR PIORAR
18-12-2024_17-39-55_p0057_s208_b3_CONV--ZED-RGB.mpeg,208,NÃO TRAZER CARTÃO-DE-VACINA,NÃO TRAZER CARTÃO-DE-VACINA NENHUM
20-05-2024_12-26-07_p0034_s259_b4_CONV--ZED-RGB.mpeg,259,TER SIM,TER FUMAR SIM
22-01-2024_16-32-46_p9_s165--zed-rgb.mpeg,165,PESSOA-DEITADO CALMA PIOR NÃO,DEITAR CALMA PIOR NÃO
24-03-2025_17-44-59_p0076_s63_b1_CONV--ZED-RGB.mp4,63,TIRO,TIRO FURAR-BARRIGA
31-01-2024_15-09-38_p13_sP16--zed-rgb.mpeg,P16,SI ESPIRRAR NENHUM COMO SENTIR DOR XIXI,S I CORIZA NENHUM COMO TER SENTIR DOR URINAR
20-03-2025_15-48-11_p0078_sP04_b2_CONV--ZED-RGB.mp4,P4,TEMPO HORAS-DURAÇÃO TEMPO,TEMPO QUAL HORAS-DURAÇÃO TEMPO
05-09-2024_16-20-56_p0047_sP23.2_b4_CONV--ZED-RGB.mpeg,P23.2,TOTAL TEMPO,TOTAL TEMPO QUANTO
19-07-2024_15-11-24_p0040_sP01_b1_CONV--ZED-RGB.mpeg,P1,O-QUE SENTIR QUE VIR ENTÃO,O-QUE VOCÊ SENTIR QUE VIR ENTÃO
31-01-2024_15-01-31_p13_sP13.1--zed-rgb.mpeg,P13.1,MOMENTO EXEMPLO AQUI APERTAR SENTIR DOR PIOR ENTÃO,MOMENTO EXEMPLO AQUI APERTAR VOCÊ SENTIR DOR PIORAR ENTÃO
27-03-2024_16-26-03_p0015_sP02_b1_CONV--ZED-RGB.mpeg,P2,QUANDO COMEÇAR,QUANDO COMEÇAR ENTÃO
18-06-2024_16-56-14_p0028_s276_b4_CONV--ZED-RGB.mpeg,276,UM GARRAFA UMA-VEZ SEMANA,GARRAFA UMA-VEZ SEMANA
08-07-2024_12-25-01_p0040_s272_b4_CONV--ZED-RGB.mpeg,272,LATA TODO-DIA,UM LATA TODO-DIA
19-02-2025_11-08-29_p0074_s208_b3_CONV--ZED-RGB.mp4,208,NÃO TRAZER CARTÃO-DE-VACINA,NÃO TRAZER CARTÃO-DE-VACINA NENHUM
22-04-2024_09-36-19_p0025_sP14_b3_CONV--ZED-RGB.mpeg,P14,TER DOR FEBRE CALAFRIOS ESPIRRAR O U SECREÇÃO-NASAL,TER DOR FEBRE CALAFRIOS ESPIRRAR O U SECREÇÃO-NASAL COLA
22-02-2024_15-54-21_p0014_sP21.1_b3_CONV--zed-rgb.mpeg,P21.1,VOCÊ REMÉDIO DOCUMENTO TRAZER,DOCUMENTO REMÉDIO VOCÊ TRAZER
18-04-2024_15-14-39_p0026_sP04_b2_CONV--ZED-RGB.mpeg,P4,QUAL TEMPO HORAS-DURAÇÃO ENTÃO APONTAR,TEMPO QUAL HORAS-DURAÇÃO TEMPO
18-03-2024_15-19-48_p0020_s23_b1_CONV--ZED-RGB.mpeg,23,TONTURA MAIS VOMITAR ENJOO,TONTURA-ENJOO
20-02-2024_17-01-49_p0015_s276_b4_CONV--zed-rgb.mpeg,276,1 GARRAFA UMA-VEZ SEMANA,GARRAFA UMA-VEZ SEMANA
11-03-2025_15-29-11_p0073_sP24.3_b4_CONV--ZED-RGB.mp4,P24.3,QUANTOS VOCÊ BEBIDA,QUANTOS BEBIDA
08-08-2024_15-06-27_p0042_s125_b2_CONV--ZED-RGB.mp4,125,COMER CATEGORIA ÁCIDO APIMENTADO,COMER CATEGORIA ÁCIDO MAIS APIMENTADO
03-08-2024_10-28-40_p0043_sP10_b3_CONV--ZED-RGB.mpeg,P10,SOBRE DOR PERÍODO COMEÇA-EM-UM FRACO SEQUÊNCIA-CINCO MÉDIA ATÉ-DEZ EXTREMAMENTE-FORTE PERÍODO-TEMPO QUAL VOCÊ SENTIR ESSE-PERÍODO DOR EQUIVALER QUAL,SOBRE DOR PERÍODO COMEÇA-EM-UM FRACO SEQUÊNCIA-CINCO MÉDIA ATÉ-DEZ EXTREMAMENTE-FORTE PERÍODO-TEMPO VOCÊ SENTIR QUAL ESSE-PERÍODO DOR EQUIVALER QUAL
19-03-2024_15-23-54_p0022_s129_b2_CONV--ZED-RGB.mpeg,129,LOCAIS LUZES,LOCAIS LUZ-FORTE
22-01-2025_17-53-56_p0066_sP21.1_b3_CONV--ZED-RGB.mp4,P21.1,VOCÊ DOCUMENTO REMÉDIO TRAZER,DOCUMENTO REMÉDIO VOCÊ TRAZER
18-04-2024_10-06-56_p0025_sP01_b1_CONV--ZED-RGB.mpeg,P1,O-QUE SENTIR QUE VIR ENTÃO,O-QUE VOCÊ SENTIR QUE VIR ENTÃO
27-03-2024_16-03-27_p0015_s11_b1_CONV--ZED-RGB.mpeg,11,GARGANTA DOR,DOR GARGANTA
22-02-2024_13-49-27_p0018_sP03_b1_CONV--zed-rgb.mpeg,P3,COMO COMEÇAR O-QUE VOCÊ FAZER ENTÃO,COMO COMEÇAR QUE VOCÊ FAZER O-QUE
14-03-2025_16-31-37_p0077_sP22.1_b4_CONV--ZED-RGB.mp4,P22.1,TER ALERGIA ENTÃO,VOCÊ TER ALERGIA ENTÃO
27-03-2024_15-16-04_p0015_s112_b2_CONV--ZED-RGB.mpeg,112,QUEIMAR DOR,DOR QUEIMAR
25-03-2024_16-25-47_p0020_sP08.1_b2_CONV--ZED-RGB.mpeg,P8.1,TER S I TER FAZER QUANTOS SENTIR DOR PIORAR,S I FAZER COISAS SENTIR DOR PIORAR
08-07-2024_12-19-53_p0040_sP24.1_b4_CONV--ZED-RGB.mpeg,P24.1,VOCÊ BEBIDA ÁLCOOL VOCÊ BEBER VOCÊ,BEBIDA ÁLCOOL VOCÊ BEBER VOCÊ
21-12-2024_10-00-21_p0061_sP01_b1_CONV--ZED-RGB.mpeg,P1,VOCÊ O-QUE SENTIR QUE VIR ENTÃO,O-QUE VOCÊ SENTIR QUE VIR ENTÃO
25-03-2024_15-30-44_p0020_s221_b4_CONV--ZED-RGB.mpeg,221,P U S PARECE MISTRUAR AMARELO BRANCO MISTRUAR,TER P U S MISTURAR AMARELO BRANCO MISTURAR
27-03-2025_15-08-34_p0078_sP10_b3_CONV--ZED-RGB.mp4,P10,SOBRE DOR PERÍODO UM FRACO SEQUÊNCIA-CINCO MÉDIA ATÉ-DEZ EXTREMAMENTE-FORTE PERÍODO-TEMPO SENTIR ESSE-PERÍODO DOR EQUIVALER QUAL,SOBRE DOR PERÍODO COMEÇA-EM-UM FRACO SEQUÊNCIA-CINCO MÉDIA ATÉ-DEZ EXTREMAMENTE-FORTE PERÍODO-TEMPO VOCÊ SENTIR QUAL ESSE-PERÍODO DOR EQUIVALER QUAL
19-11-2024_16-26-14_p0054_sP15.3_b3_CONV--ZED-RGB.mpeg,P15.3,TER O U TER-NÃO CATARRO,CATARRO TER O U TER-NÃO
10-05-2024_15-46-31_p0033_sP24.1_b4_CONV--ZED-RGB.mpeg,P24.1,ÁLCOOL BEBER VOCÊ BEBER,BEBIDA ÁLCOOL VOCÊ BEBER VOCÊ
28-06-2024_15-10-37_p0035_s219_b4_CONV--ZED-RGB.mpeg,219,FEZES-LÍQUIDAS COMIDA RESTOS,FEZES-LÍQUIDAS RESTOS COMIDA
29-08-2024_15-47-27_p0045_sP22.1_b4_CONV--ZED-RGB.mpeg,P22.1,TER ALERGIA ENTÃO,VOCÊ TER ALERGIA ENTÃO
05-06-2024_15-39-03_p0037_s276_b4_CONV--ZED-RGB.mpeg,276,UMA GARRAFA UMA-VEZ SEMANA,GARRAFA UMA-VEZ SEMANA
08-07-2024_12-29-19_p0040_s280_b4_CONV--ZED-RGB.mpeg,280,TAÇA TOMAR UMA-VEZ SEMANA,TAÇA TOMAR VINHO UMA-VEZ SEMANA
09-05-2024_14-50-48_p0033_s131_b2_CONV--ZED-RGB.mpeg,131,TER PERÍODO MENSTRUAR,PERÍODO MENSTRUAR
02-05-2024_15-03-28_p0026_sP12_b3_CONV--ZED-RGB.mpeg,P12,DOR TER EXEMPLO AQUI LUGAR MESMO O U ESPALHAR AQUI LUGARES ENTÃO,DOR EXEMPLO AQUI LUGAR MESMO O U ESPALHAR AQUI LUGARES ENTÃO
08-06-2024_09-17-42_p0031_s209_b4_CONV--ZED-RGB.mpeg,209,VONTADE NENHUM VONTADE NADA VOMITAR,NENHUM VONTADE NADA VOMITAR
03-04-2024_15-37-56_p0023_sP18.4_b4_CONV--ZED-RGB.mpeg,P18.4,UM SANGRAR DOIS M U C O COLA TRÊS P U S COR MISTURAR AMARELO BRANCO MISTURAR ENTÃO,UM SANGRAR DOIS M U C O COLA TRÊS PUS COR MISTURAR AMARELO BRANCO MISTURAR ENTÃO
20-02-2024_17-00-15_p0015_s273_b4_CONV--zed-rgb.mpeg,273,1 LATA SEMANA UMA-VEZ,UM LATA UMA-VEZ SEMANA
20-02-2024_16-43-31_p0015_s248_b4_CONV--zed-rgb.mpeg,248,CACHORRO ALERGIA,ALERGIA CACHORRO
10-09-2024_17-10-41_p0045_sP12_b3_CONV--ZED-RGB.mpeg,P12,DOR EXEMPLO AQUI LUGAR MESMO O U ESPALHAR AQUI LUGARES,DOR EXEMPLO AQUI LUGAR MESMO O U ESPALHAR AQUI LUGARES ENTÃO
13-09-2024_16-20-27_p0046_sP01_b1_CONV--ZED-RGB.mpeg,P1,O-QUE VOCÊ TER SENTIR QUE VIR ENTÃO,O-QUE VOCÊ SENTIR QUE VIR ENTÃO
25-03-2024_16-22-37_p0020_s118_b2_CONV--ZED-RGB.mpeg,118,IGUAL OLHOS-LACRIMEJAR LÁGRIMAS,OLHOS LACRIMEJAR
11-07-2024_15-28-41_p0041_s185_b3_CONV--ZED-RGB.mpeg,185,DOR ESPALHAR-BARRIGA BARRIGA,DOR BARRIGA-ESPALHAR BARRIGA
22-01-2024_16-48-01_p9_sP11.2--zed-rgb.mpeg,P11.2,SENTIR DOR OUTRA-VEZ DIVERSAS-VEZES ENTÃO,SENTIR DOR OUTRAS-VEZES DIVERSAS-VEZES ENTÃO
01-08-2024_17-02-10_p0042_sP21.1_b3_CONV--ZED-RGB.mpeg,P21.1,VOCÊ TRAZER RELATÓRIO REMÉDIO,DOCUMENTO REMÉDIO VOCÊ TRAZER
18-03-2024_15-16-45_p0020_s13_b1_CONV--ZED-RGB.mpeg,13,DOR PERNAS DOR,DOR PERNA
07-01-2025_14-22-57_p0062_sP03_b1_CONV--ZED-RGB.mp4,P3,COMO COMEÇAR QUE  VOCÊ FAZER O-QUE,COMO COMEÇAR QUE VOCÊ FAZER O-QUE
20-02-2025_19-12-52_p0075_s184_b3_CONV--ZED-RGB.mp4,184,DOR BARRIGA-ESPALHAR BARRIGA,DOR BRAÇO-ESPALHAR
22-02-2024_13-47-53_p0018_s67_b1_CONV--zed-rgb.mpeg,67,VOMITAR VOMITAR TER VERMELHO,VOMITAR TER VERMELHO
02-05-2024_16-19-01_p0026_sP25.1_b4_CONV--ZED-RGB.mpeg,P25.1,VOCÊ JÁ FAZER ALGUM CIRURGIA S-I S-I-M QUAL,VOCÊ FAZER JÁ CIRURGIA ALGUM PASSADO S-I SIM QUAL
22-02-2024_11-39-58_p0017_sP18.5_b4_CONV--zed-rgb.mpeg,P18.5,VOCÊ SENTIR BARRIGA DOR ENTÃO,VOCÊ BARRIGA DOR ENTÃO
22-04-2024_09-34-13_p0025_s192_b3_CONV--ZED-RGB.mpeg,192,FICAR-EM-PÉ SENTAR DEITAR DOR PIORAR NÃO,FICAR-EM-PÉ SENTAR DEITAR DOR PIORAR SIM
19-11-2024_16-45-36_p0054_sP16_b3_CONV--ZED-RGB.mpeg,P16,S I CORIZA NENHUM COMO SENTIR DOR URINAR,S I CORIZA NENHUM COMO TER SENTIR DOR URINAR
25-03-2024_16-02-17_p0020_s282_b4_CONV--ZED-RGB.mpeg,282,UM COPO UMA-VEZ SEMANA,UM COPO CHEIO TODO-DIA
24-03-2025_17-27-31_p0076_sP25.1_b4_CONV--ZED-RGB.mp4,P25.1,VOCÊ JÁ CIRURGIA ALGUM PASSADO S-I SIM QUAL,VOCÊ FAZER JÁ CIRURGIA ALGUM PASSADO S-I SIM QUAL
27-03-2024_16-04-28_p0015_s14_b1_CONV--ZED-RGB.mpeg,14,PERNA ATRÁS DOR,DOR PERNA ATRÁS
04-09-2024_15-42-25_p0044_sP01_b1_CONV--ZED-RGB.mpeg,P1,O-QUE SENTIR QUE VIR ENTÃO,O-QUE VOCÊ SENTIR QUE VIR ENTÃO
31-01-2024_15-07-11_p13_s196--zed-rgb.mpeg,196,TOSSE CATARRO COLAR,TOSSE CATARRO COLA
06-02-2025_18-56-44_p0069_sP16_b3_CONV--ZED-RGB.mp4,P16,S I VOCÊ CORIZA NENHUM COMO SENTIR DOR URINAR,S I CORIZA NENHUM COMO TER SENTIR DOR URINAR
02-05-2024_16-15-21_p0026_s274_b4_CONV--ZED-RGB.mpeg,274,DOIS LATAS DUAS-VEZES LATA SEMANA,DOIS LATAS DUAS-VEZES SEMANA
17-06-2024_15-13-24_p0019_s118_b2_CONV--ZED-RGB.mpeg,118,OLHOS LACRIMEJAR OLHOS LACRIMEJAR,OLHOS LACRIMEJAR
17-06-2024_15-12-26_p0019_sP07_b2_CONV--ZED-RGB.mpeg,P7,SENTIR JUNTO ITENS TER MAIS,SENTIR JUNTO ITENS MAIS TER
20-02-2024_16-56-31_p0015_sP23.3_b4_CONV--zed-rgb.mpeg,P23.3,QUANTOS DURANTE-O-DIA FUMAR ENTÃO,DURANTE-O-DIA QUANTOS FUMAR
10-05-2024_15-38-00_p0033_sP22.2_b4_CONV--ZED-RGB.mpeg,P22.2,MOMENTO VOCÊ TOMAR-MEDICAMENTO SURGIR MOMENTO ALERGIA TER ENTÃO,MOMENTO VOCÊ TOMAR-MEDICAMENTO SURGIR TER ALERGIA TER
24-01-2024_17-37-00_p10_s275--zed-rgb.mpeg,275,UM GARRAFA TODO-DIA,UMA-GARRAFA TODOS-OS-DIAS
30-01-2024_14-43-08_p12_s122--zed-rgb.mpeg,122,TEMPO URINAR,TODA-HORA URINAR
27-03-2024_16-12-34_p0015_s38_b1_CONV--ZED-RGB.mpeg,38,SUICIDAR TENTAR,TENTAR SUICIDAR
19-11-2024_16-29-54_p0054_s196_b3_CONV--ZED-RGB.mpeg,196,TOSSE COLA COR QUAL,TOSSE CATARRO COLA
07-12-2024_10-40-31_p0053_sP24.1_b4_CONV--ZED-RGB.mp4,P24.1,VOCÊ BEBIDA ÁLCOOL VOCÊ BEBER VOCÊ,BEBIDA ÁLCOOL VOCÊ BEBER VOCÊ
18-06-2024_16-08-03_p0028_sP18.3_b4_CONV--ZED-RGB.mpeg,P18.3,COMO FEZES,COMO FEZES COMO
07-12-2024_10-58-53_p0053_s15_b1_CONV--ZED-RGB.mp4,15,DOR PÉ P É,DOR PÉ P E
17-08-2024_11-14-37_p0043_sP23.2_b4_CONV--ZED-RGB.mpeg,P23.2,TOTAL TEMPO,TOTAL TEMPO QUANTO
20-02-2025_19-40-54_p0075_sP16_b3_CONV--ZED-RGB.mp4,P16,S CORIZA NENHUM COMO SENTIR DOR URINAR,S I CORIZA NENHUM COMO TER SENTIR DOR URINAR
19-02-2025_17-01-06_p0072_s71_b1_CONV--ZED-RGB.mp4,71,1-HORA,2-HORA
03-05-2024_14-11-14_p0027_s116_b2_CONV--ZED-RGB.mpeg,116,DOR BARRIGA ,DOR APERTAR PONTADA
10-02-2025_16-32-12_p0071_sP10_b3_CONV--ZED-RGB.mp4,P10,SOBRE DOR PERÍODO COMEÇA-EM-UM FRACO SEQUÊNCIA-CINCO MÉDIA ATÉ-DEZ EXTREMAMENTE-FORTE PERÍODO-TEMPO QUAL VOCÊ SENTIR QUAL ESSE-PERÍODO DOR EQUIVALER QUAL,SOBRE DOR PERÍODO COMEÇA-EM-UM FRACO SEQUÊNCIA-CINCO MÉDIA ATÉ-DEZ EXTREMAMENTE-FORTE PERÍODO-TEMPO VOCÊ SENTIR QUAL ESSE-PERÍODO DOR EQUIVALER QUAL
27-03-2024_15-15-18_p0015_s110_b2_CONV--ZED-RGB.mpeg,110,APERTAR DOR,DOR APERTAR
13-02-2025_18-52-19_p0070_sP13.1_b3_CONV--ZED-RGB.mp4,P13.1,MOMENTO EXEMPLO AQUI APERTAR VOCÊ SENTIR DOR PIOR ENTÃO,MOMENTO EXEMPLO AQUI APERTAR VOCÊ SENTIR DOR PIORAR ENTÃO
21-02-2025_17-50-02_p0068_sP01_b1_CONV--ZED-RGB.mp4,P1,O-QUE SENTIR QUE VIR ENTÃO,O-QUE VOCÊ SENTIR QUE VIR ENTÃO
26-02-2024_15-24-37_p0019_sP18.3_b4_CONV--zed-rgb.mpeg,P18.3,COMO FEZES,COMO FEZES COMO
19-12-2024_16-27-11_p0062_sP20_b3_CONV--ZED-RGB.mpeg,P20,TER RELATÓRIO TER AO-LONGO-DO-TEMPO,VOCÊ TER RELATÓRIO AO-LONGO-DO-TEMPO
21-08-2024_15-07-34_p0044_sP20_b3_CONV--ZED-RGB.mpeg,P20,VOCÊ TER RELATÓRIO LEMBRAR AO-LONGO-DO-TEMPO,VOCÊ TER RELATÓRIO AO-LONGO-DO-TEMPO
17-07-2024_14-12-00_p0041_sP05_b2_CONV--ZED-RGB.mpeg,P5,POR-QUE VOCÊ PROCURAR VIR HOJE TER PIORAR,POR-QUE PROCURAR VIR HOJE TER PIORAR
02-05-2024_15-09-26_p0026_s190_b3_CONV--ZED-RGB.mpeg,190,MOMENTO APERTAR-BRAÇO DOR PIOR NÃO,SIM APERTAR-BRAÇO DOER
03-05-2024_14-15-02_p0027_sP08.1_b2_CONV--ZED-RGB.mpeg,P8.1,S I FAZER COISAS SENTIR PIORAR,S I FAZER COISAS SENTIR DOR PIORAR
05-06-2024_15-01-30_p0037_sP18.3_b4_CONV--ZED-RGB.mpeg,P18.3,COMO FEZES,COMO FEZES COMO
22-04-2024_09-45-34_p0025_sP17.4_b3_CONV--ZED-RGB.mpeg,P17.4,VOCÊ TRAZER CARTÃO VACINA,VOCÊ TRAZER CARTÃO-DE-VACINA
10-09-2024_14-20-09_p0048_s103_b2_CONV--ZED-RGB.mpeg,103,DOR JOELHO-ESQUERDO JOELHO-DIREITO,DOR JOELHO-DIREITO JOELHO-ESQUERDO
15-02-2025_12-04-08_p0070_s117_b2_CONV--ZED-RGB.mp4,117,SUAR SUAR SUAR,SUAR SUAR
18-06-2024_16-07-23_p0028_sP18.2_b4_CONV--ZED-RGB.mpeg,P18.2,FEZES MOLE,VOCÊ FEZES MOLE
11-02-2025_18-43-35_p0069_s103_b2_CONV--ZED-RGB.mp4,103,DOR JOELHO-DIREITO JOELHO-DIREITO,DOR JOELHO-DIREITO JOELHO-ESQUERDO
22-04-2024_09-15-55_p0025_s169_b3_CONV--ZED-RGB.mpeg,169,REMÉDIO MELHORAR NÃO,REMÉDIO CURAR-NÃO
27-03-2024_15-07-45_p0015_s93_b2_CONV--ZED-RGB.mpeg,93,NUCA DOR,DOR NUCA
31-01-2025_15-24-43_p0065_sP13.1_b3_CONV--ZED-RGB.mp4,P13.1,MOMENTO EXEMPLO AQUI APERTAR VOCÊ SENTIR DOR PIORAR,MOMENTO EXEMPLO AQUI APERTAR VOCÊ SENTIR DOR PIORAR ENTÃO
24-01-2024_17-27-11_p10_s259--zed-rgb.mpeg,259,FUMAR TER SIM,TER FUMAR SIM
03-05-2024_14-14-02_p0027_s121_b2_CONV--ZED-RGB.mpeg,121,VISÃO MANCHAS,VER MANCHAS
24-04-2024_15-28-37_p0027_sP10_b3_CONV--ZED-RGB.mpeg,P10,SOBRE DOR PERÍODO COMEÇA-EM-UM SEQUÊNCIA-CINCO MÉDIA UM ATÉ-DEZ EXTREMAMENTE-FORTE PERÍODO-TEMPO VOCÊ SENTIR QUAL PERÍODO-TEMPO DOR EQUIVALER QUAL,SOBRE DOR PERÍODO COMEÇA-EM-UM FRACO SEQUÊNCIA-CINCO MÉDIA ATÉ-DEZ EXTREMAMENTE-FORTE PERÍODO-TEMPO VOCÊ SENTIR QUAL ESSE-PERÍODO DOR EQUIVALER QUAL
25-03-2024_16-24-16_p0020_s123_b2_CONV--ZED-RGB.mpeg,123,ZUMBIDO BARULHO,ZUMBIDO OUVIDO
22-04-2024_09-46-31_p0025_sP20_b3_CONV--ZED-RGB.mpeg,P20,VOCÊ TER RELATÓRIO TER AO-LONGO-DO-TEMPO,VOCÊ TER RELATÓRIO AO-LONGO-DO-TEMPO
29-04-2024_15-35-59_p0024_sP11.1_b3_CONV--ZED-RGB.mpeg,P11.1,SENTIR DOR O-U SUMIR OUTRA-VEZ SENTIR DOR SUMIR VOLTAR SUMIR,SENTIR DOR DEPOIS SUMIR OUTRA-VEZ SENTIR DOR SUMIR VOLTAR SUMIR
05-10-2024_09-23-27_p0050_sP18.4_b4_CONV--ZED-RGB.mpeg,P18.4,UM SANGRAR DOIS M U C O COLA TRÊS P U S COR MISTURAR AMARELO BRANCO MISTURAR ENTÃO,UM SANGRAR DOIS M U C O COLA TRÊS PUS COR MISTURAR AMARELO BRANCO MISTURAR ENTÃO
26-03-2024_15-08-11_p0022_sP09.7_b3_CONV--ZED-RGB.mpeg,P9.7,TOMAR RÉMEDIO AJUDAR CURAR PEITO DOR O U FALTAR A R ENTÃO,TOMAR-REMÉDIO AJUDAR CURAR PEITO DOR O U FALTAR A R ENTÃO
19-06-2024_10-23-16_p0036_sP02_b1_CONV--ZED-RGB.mpeg,P2,QUANDO COMEÇAR,QUANDO COMEÇAR ENTÃO
30-01-2024_14-15-21_p12_s90--zed-rgb.mpeg,90,OUVIDO DOR,DOR OUVIDO
24-03-2025_17-46-26_p0076_sP02_b1_CONV--ZED-RGB.mp4,P2,QUANDO COMEÇAR,QUANDO COMEÇAR ENTÃO
18-03-2024_15-19-32_p0020_s22_b1_CONV--ZED-RGB.mpeg,22,DIARREIA COR VERMELHO,EVACUAR MOLE VERMELHO
22-02-2024_13-29-08_p0018_s32_b1_CONV--zed-rgb.mpeg,32,MANCHAS VERMELHO PELE,MANCHAS-PELE VERMELHO
26-04-2024_15-06-18_p0028_sP02_b1_CONV--ZED-RGB.mpeg,P2,QUANDO COMEÇAR,QUANDO COMEÇAR ENTÃO
18-03-2024_15-28-49_p0020_s34_b1_CONV--ZED-RGB.mpeg,34,FEBRE FEBRE,FEBRE
06-09-2024_15-50-21_p0047_s131_b2_CONV--ZED-RGB.mpeg,131,TER PERÍODO MENSTRUAR,PERÍODO MENSTRUAR
10-09-2024_17-51-41_p0045_s242_b3_CONV--ZED-RGB.mpeg,242,USAR REMÉDIO,EU USAR REMÉDIO
22-01-2024_17-26-01_p9_s205--zed-rgb.mpeg,205,TRÊS VACINAR,TRÊS VACINA
05-06-2024_15-31-58_p0037_sP24.1_b4_CONV--ZED-RGB.mpeg,P24.1,VOCÊ BEBIDA ÁLCOOL VOCÊ BEBER VOCÊ,BEBIDA ÁLCOOL VOCÊ BEBER VOCÊ
20-02-2025_19-26-12_p0075_sP13.1_b3_CONV--ZED-RGB.mp4,P13.1,MOMENTO EXEMPLO APERTAR SENTIR DOR PIORAR ENTÃO,MOMENTO EXEMPLO AQUI APERTAR VOCÊ SENTIR DOR PIORAR ENTÃO
29-02-2024_14-15-01_p0010_sP02_b1_CONV--zed-rgb.mpeg,P2,QUANDO COMEÇAR,QUANDO COMEÇAR ENTÃO
19-06-2024_16-45-56_p0023_s67_b1_CONV--ZED-RGB.mpeg,67,VOMITAR VERMELHO,VOMITAR TER VERMELHO
22-02-2024_14-18-36_p0018_s120_b2_CONV--zed-rgb.mpeg,120,VER EMBAÇAR,VER DOBRADO
03-05-2024_18-49-15_p0031_s185_b3_CONV--ZED-RGB.mpeg,185,DOR ESPALHAR-BARRIGA BARRIGA,DOR BARRIGA-ESPALHAR BARRIGA
07-12-2024_10-09-32_p0053_sP18.4_b4_CONV--ZED-RGB.mp4,P18.4,UM SANGRAR DOIS M U C O COLA TRÊS P U S COR MISTURAR AMARELO BRANCO MISTURAR ENTÃO,UM SANGRAR DOIS M U C O COLA TRÊS PUS COR MISTURAR AMARELO BRANCO MISTURAR ENTÃO
06-02-2025_14-40-01_p0068_sP04_b2_CONV--ZED-RGB.mp4,P4,TEMPO QUAL HORAS-DURAÇÃO,TEMPO QUAL HORAS-DURAÇÃO TEMPO
23-04-2024_11-22-50_p0024_sP19.1_b4_CONV--ZED-RGB.mpeg,P19.1,VOCÊ FAZER TRATAMENTO ALGUM DOENÇA,VOCÊ JÁ FAZER TRATAMENTO ALGUM DOENÇA ENTÃO
30-04-2024_13-39-52_p0024_sP08.2_b2_CONV--ZED-RGB.mpeg,P8.2,SENTIR DOR DEPOIS DESAPARECER,SENTIR DOR DEPOIS DESAPARECER ENTÃO
06-02-2025_18-46-24_p0069_sP13.1_b3_CONV--ZED-RGB.mp4,P13.1,MOMENTO EXEMPLO AQUI APERTAR VOCÊ SENTIR DOR PIORAR,MOMENTO EXEMPLO AQUI APERTAR VOCÊ SENTIR DOR PIORAR ENTÃO
24-01-2024_17-15-31_p10_s234--zed-rgb.mpeg,234,TOSSE CATARRO VERMELHO,TOSSIR CATARRO VERMELHO
10-12-2024_15-59-06_p0056_sP22.2_b4_CONV--ZED-RGB.mpeg,P22.2,MOMENTO TOMAR-MEDICAMENTO SURGIR TER ALERGIA TER,MOMENTO VOCÊ TOMAR-MEDICAMENTO SURGIR TER ALERGIA TER
23-04-2024_11-41-42_p0024_sP23.3_b4_CONV--ZED-RGB.mpeg,P23.3,DURANTE-O-DIA QUANTOS FUMAR ENTÃO,DURANTE-O-DIA QUANTOS FUMAR
17-02-2025_18-41-18_p0071_sP25.1_b4_CONV--ZED-RGB.mp4,P25.1,JÁ FAZER CIRURGIA ALGUM PASSADO S-I SIM QUAL,VOCÊ FAZER JÁ CIRURGIA ALGUM PASSADO S-I SIM QUAL
21-02-2025_18-19-31_p0068_s58_b1_CONV--ZED-RGB.mp4,58,QUEBRAR QUEBRAR QUEBRAR QUEBRAR QUEBRAR,QUEBRAR QUEBRAR QUEBRAR
31-01-2025_15-00-07_p0065_sP10_b3_CONV--ZED-RGB.mp4,P10,SOBRE DOR PERÍODO COMEÇA FRACO UM CINCO MÉDIA DEZ EXTREMAMENTE-FORTE PERÍODO-TEMPO QUAL SENTIR ESSE-PERÍODO EQUIVALER QUAL,SOBRE DOR PERÍODO COMEÇA-EM-UM FRACO SEQUÊNCIA-CINCO MÉDIA ATÉ-DEZ EXTREMAMENTE-FORTE PERÍODO-TEMPO VOCÊ SENTIR QUAL ESSE-PERÍODO DOR EQUIVALER QUAL
21-11-2024_15-18-41_p0055_sP10_b3_CONV--ZED-RGB.mpeg,P10,SOBRE DOR PERÍODO COMEÇA-EM-UM FRACO SEQUÊNCIA-CINCO MÉDIA ATÉ-DEZ EXTREMAMENTE-FORTE PERÍODO-TEMPO QUAL VOCÊ SENTIR QUAL ESSE-PERÍODO EQUIVALER QUAL,SOBRE DOR PERÍODO COMEÇA-EM-UM FRACO SEQUÊNCIA-CINCO MÉDIA ATÉ-DEZ EXTREMAMENTE-FORTE PERÍODO-TEMPO VOCÊ SENTIR QUAL ESSE-PERÍODO DOR EQUIVALER QUAL
21-11-2024_15-55-14_p0055_sP16_b3_CONV--ZED-RGB.mpeg,P16,S I CORIZA NENHUM COMO SENTIR DOR URINAR,S I CORIZA NENHUM COMO TER SENTIR DOR URINAR
22-02-2024_14-08-45_p0018_s103_b2_CONV--zed-rgb.mpeg,103,DOR JOELHO-DIREITO-ESQUERDO,DOR JOELHO-DIREITO JOELHO-ESQUERDO
27-03-2024_16-21-18_p0015_s56_b1_CONV--ZED-RGB.mpeg,56,FEZES VERMELHO,VERMELHO FEZES
12-02-2025_17-16-02_p0072_s148.25_b2_CONV--ZED-RGB.mp4,148.25,I,Y
11-03-2024_15-51-18_p0020_s184_b3_CONV--zed-rgb.mpeg,184,BRAÇO DOR ESPALHAR,DOR BRAÇO-ESPALHAR
11-03-2024_15-52-21_p0020_s186_b3_CONV--zed-rgb.mpeg,186,COSTAS DOR CLARO COSTAS,COSTAS DOR ESPALHAR
24-01-2024_17-28-32_p10_s262--zed-rgb.mpeg,262,DOIS ANOS,DOIS ANO
13-02-2025_13-41-44_p0067_sP18.4_b4_CONV--ZED-RGB.mp4,P18.4,UM SANGRAR DOIS M U C O COLA TRÊS P U S COR MISTURAR AMARELO BRANCO MISTURAR ENTÃO,UM SANGRAR DOIS M U C O COLA TRÊS PUS COR MISTURAR AMARELO BRANCO MISTURAR ENTÃO
01-02-2025_09-53-27_p0069_s257_b4_CONV--ZED-RGB.mp4,257,ALERGIA REMEDIO NÃO-TER,ALERGIA REMÉDIO NÃO-TER
22-01-2024_17-20-26_p9_s202--zed-rgb.mpeg,202,CATARRO COLA VERMELHO APONTAR-MÃO,CATARRO COLA SANGUE PONTOS
24-01-2024_17-07-40_p10_sP18.4--zed-rgb.mpeg,P18.4,UM SANGRAR DOIS MUCO TRÊS P U S AMARELO BRANCO MISTRUAR ENTÃO,UM SANGRAR DOIS M U C O COLA TRÊS PUS COR MISTURAR AMARELO BRANCO MISTURAR ENTÃO
11-03-2024_16-18-53_p0020_sP21.1_b3_CONV--zed-rgb.mpeg,P21.1,VOCÊ TRAZER DOCUMENTO RECEITA REMEDIO,DOCUMENTO REMÉDIO VOCÊ TRAZER
15-02-2025_09-43-11_p0065_sP01_b1_CONV--ZED-RGB.mp4,P1,O-QUE SENTIR QUE VIR ENTÃO,O-QUE VOCÊ SENTIR QUE VIR ENTÃO
22-01-2024_16-31-47_p9_s164--zed-rgb.mpeg,164,PESSOA-DEITADO CALMA PIOR,DEITAR CALMA PIOR
18-06-2024_15-12-23_p0028_s117_b2_CONV--ZED-RGB.mpeg,117,SUAR SUAR SUAR,SUAR SUAR
10-09-2024_14-14-56_p0048_s94_b2_CONV--ZED-RGB.mpeg,94,DOR OUVIDO-ESQUERDO OUVIDO-DIREITO,DOR OUVIDO-DIREITO OUVIDO-ESQUERDO
15-02-2025_12-27-45_p0070_s148.24_b2_CONV--ZED-RGB.mp4,148.24,,X
13-05-2024_16-31-52_p0028_s203_b3_CONV--ZED-RGB.mpeg,203,NÃO COVID-19 VACINAR,NÃO VACINAR COVID-19
22-08-2024_15-31-26_p0042_sP18.4_b4_CONV--ZED-RGB.mpeg,P18.4,UM SANGRAR DOIS M U C O COLA TRÊS P U S COR MISTURAR AMARELO BRANCO MISTURAR ENTÃO,UM SANGRAR DOIS M U C O COLA TRÊS PUS COR MISTURAR AMARELO BRANCO MISTURAR ENTÃO
22-08-2024_16-44-10_p0042_s30_b1_CONV--ZED-RGB.mpeg,30,FERIR DOR PELE,FERIR PELE
07-05-2024_14-21-33_p0027_sP22.1_b4_CONV--ZED-RGB.mpeg,P22.1,TER ALERGIA ENTÃO,VOCÊ TER ALERGIA ENTÃO
05-06-2024_15-28-51_p0037_s259_b4_CONV--ZED-RGB.mpeg,259,FUMAR SIM,TER FUMAR SIM
04-09-2024_14-45-48_p0044_sP22.2_b4_CONV--ZED-RGB.mp4,P22.2,MOMENTO TOMAR-MEDICAMENTO SURGIR ALERGIA TER,MOMENTO VOCÊ TOMAR-MEDICAMENTO SURGIR TER ALERGIA TER
18-01-2025_10-19-43_p0057_sP24.1_b4_CONV--ZED-RGB.mp4,P24.1,VOCÊ BEBIDA ÁLCOOL BEBER VOCÊ,BEBIDA ÁLCOOL VOCÊ BEBER VOCÊ
27-03-2025_15-24-50_p0078_sP13.1_b3_CONV--ZED-RGB.mp4,P13.1,MOMENTO EXEMPLO AQUI APERTAR SENTIR DOR PIORAR ENTÃO,MOMENTO EXEMPLO AQUI APERTAR VOCÊ SENTIR DOR PIORAR ENTÃO
27-03-2024_15-11-14_p0015_s102_b2_CONV--ZED-RGB.mpeg,102,BRAÇO-DIREITO BRAÇO-ESQUERDO DOR,DOR BRAÇO-DIREITO BRAÇO-ESQUERDO
22-01-2024_17-25-18_p9_sP17.2--zed-rgb.mpeg,P17.2,QUANTAS VACINAR ENTÃO,QUANTOS VACINAR
08-04-2024_16-45-07_p0021_s36_b1_CONV--ZED-RGB.mpeg,36,SUAR SUAR,SUAR SUAR SUAR
12-03-2025_09-43-54_p0074_sP18.2_b4_CONV--ZED-RGB.mp4,P18.2,FEZES MOLE,VOCÊ FEZES MOLE
05-09-2024_15-25-37_p0047_s58_b1_CONV--ZED-RGB.mpeg,58,QUEBRAR QUEBRAR QUEBRAR QUEBRAR QUEBRAR,QUEBRAR QUEBRAR QUEBRAR
21-08-2024_14-49-42_p0044_s188_b3_CONV--ZED-RGB.mpeg,188,DOR PERNAS-ESPALHAR APONTAR-PERNA,DOR PERNAS-ESPALHAR APONTAR-COXA
02-05-2024_16-04-05_p0026_sP22.2_b4_CONV--ZED-RGB.mpeg,P22.2,VOCÊ TER ALERGIA ALGUM REMÉDIO ENTÃO,MOMENTO VOCÊ TOMAR-MEDICAMENTO SURGIR TER ALERGIA TER
28-01-2025_14-13-06_p0067_s243_b3_CONV--ZED-RGB.mp4,243,NÃO TRAZER RECEITA NENHUM,NÃO TRAZER RECEITA REMÉDIO NENHUM
07-02-2025_16-45-50_p0046_sP13.1_b3_CONV--ZED-RGB.mp4,P13.1,MOMENTO EXEMPLO AQUI APERTAR VOCÊ SENTIR DOR PIORAR,MOMENTO EXEMPLO AQUI APERTAR VOCÊ SENTIR DOR PIORAR ENTÃO
18-03-2024_15-15-31_p0020_s9_b1_CONV--ZED-RGB.mpeg,9,DOR LOMBAR VÉRTEBRA-COLUNA,DOR LOMBAR
20-05-2024_15-39-37_p0023_s117_b2_CONV--ZED-RGB.mpeg,117,SUAR-SUAR,SUAR SUAR
21-02-2024_15-41-57_p0016_s120_b2_CONV--zed-rgb.mpeg,120,VER EMBAÇAR,VER DOBRADO
22-08-2024_15-52-41_p0042_s252_b4_CONV--ZED-RGB.mpeg,252,ALERGIA O-V-O OVO,ALERGIA LEITE
19-02-2025_17-01-43_p0072_sP03_b1_CONV--ZED-RGB.mp4,P3,COMO COMEÇAR QUE FAZER O-QUE,COMO COMEÇAR QUE VOCÊ FAZER O-QUE
31-01-2024_14-57-46_p13_sP11.5--zed-rgb.mpeg,P11.5,AO-LONGO-DO-TEMPO DOR TER AUMENTO,PERÍODO DOR TER AUMENTAR
20-05-2024_11-39-40_p0034_s44_b1_CONV--ZED-RGB.mpeg,44,PRESSÃO-ARTERIAL ALTO-BAIXO,PRESSÃO-ARTERIAL ALTO-BAIXO-ALTO
22-02-2024_14-08-29_p0018_s102_b2_CONV--zed-rgb.mpeg,102,DOR BRAÇO-ESQUERDO BRAÇO-DIREITO,DOR BRAÇO-DIREITO BRAÇO-ESQUERDO
13-05-2024_15-29-13_p0028_sP09.1_b3_CONV--ZED-RGB.mpeg,P9.1,PEITO DOR O U FALTAR INSPIRAR A R FÍSICO PIORAR MOMENTO FÍSICO PIORAR ESFORÇAR,PEITO DOR O U FALTAR A R INSPIRAR PIORAR MOMENTO FÍSICO ESFORÇAR
07-05-2024_14-13-16_p0027_sP18.4_b4_CONV--ZED-RGB.mpeg,P18.4,TER UM SANGRAR DOIS M U C O COLA TRÊS P U S COR MISTURAR AMARELO BRANCO MISTURAR ENTÃO,UM SANGRAR DOIS M U C O COLA TRÊS PUS COR MISTURAR AMARELO BRANCO MISTURAR ENTÃO
20-03-2024_15-24-19_p0015_s199_b3_CONV--ZED-RGB.mpeg,199,CATARRO AMARELO,CATARRO COLA AMARELO
30-01-2024_11-27-05_p11_sP03--zed-rgb.mpeg,P3,COMO COMEÇAR QUE FAZER O-QUE,COMO COMEÇAR QUE VOCÊ FAZER O-QUE
18-06-2024_16-37-45_p0028_s250_b4_CONV--ZED-RGB.mpeg,250,ALERGIA INSETO-PICAR,ALERGIA INSETO PICAR
17-12-2024_16-50-00_p0060_s187_b3_CONV--ZED-RGB.mpeg,187,DOR VIRILHA VIRILHA ESPALHAR,DOR VIRILHA ESPALHAR
13-05-2024_15-34-13_p0028_s161_b3_CONV--ZED-RGB.mpeg,161,PLANO ANDAR COMEÇAR FÍSICO PIOR NÃO,PLANO ANDAR FÍSICO PIOR NÃO
28-08-2024_15-37-30_p0038_sP08.2_b2_CONV--ZED-RGB.mpeg,P8.2,SENTIR DOR DEPOIS DESAPARECER,SENTIR DOR DEPOIS DESAPARECER ENTÃO
05-02-2025_16-57-04_p0072_sP10_b3_CONV--ZED-RGB.mp4,P10,SOBRE DOR PERÍODO COMEÇA-EM-UM SEQUÊNCIA-CINCO MÉDIA ATÉ-DEZ EXTREMAMENTE-FORTE PERÍODO-TEMPO VOCÊ SENTIR QUAL ESSE-PERÍODO DOR EQUIVALER QUAL,SOBRE DOR PERÍODO COMEÇA-EM-UM FRACO SEQUÊNCIA-CINCO MÉDIA ATÉ-DEZ EXTREMAMENTE-FORTE PERÍODO-TEMPO VOCÊ SENTIR QUAL ESSE-PERÍODO DOR EQUIVALER QUAL
21-08-2024_15-08-07_p0044_sP20_b3_CONV--ZED-RGB.mpeg,P20,VOCÊ RELATÓRIO TER LEMBRAR AO-LONGO-DO-TEMPO,VOCÊ TER RELATÓRIO AO-LONGO-DO-TEMPO
03-05-2024_08-49-46_p0030_s58_b1_CONV--ZED-RGB.mpeg,58,QUEBRAR QUEBRAR QUEBRAR QUEBRAR QUEBRAR QUEBRAR QUEBRAR,QUEBRAR QUEBRAR QUEBRAR
21-02-2024_15-55-24_p0016_s142_b2_CONV--zed-rgb.mpeg,142,MOVER-CORPO DOR PIORAR,MOVIMENTAR-CORPO DOR PIORAR
17-12-2024_16-43-52_p0060_sP12_b3_CONV--ZED-RGB.mpeg,P12,DOR EXEMPLO AQUI LUGAR MESMO O U ESPALHAR AQUI LUGARES,DOR EXEMPLO AQUI LUGAR MESMO O U ESPALHAR AQUI LUGARES ENTÃO
08-06-2024_09-19-02_p0031_sP18.2_b4_CONV--ZED-RGB.mpeg,P18.2,FEZES MOLE,VOCÊ FEZES MOLE
24-01-2024_17-24-03_p10_s254--zed-rgb.mpeg,254,ALERGIA FRUTAS PROPRIO AGUA MAR,ALERGIA COMER CATEGORIA ÁGUA-MAR
14-02-2025_18-13-46_p0073_sP08.2_b2_CONV--ZED-RGB.mp4,P8.2,SENTIR DOR DEPOIS DESAPARECER,SENTIR DOR DEPOIS DESAPARECER ENTÃO
04-07-2024_16-06-17_p0039_sP16_b3_CONV--ZED-RGB.mpeg,P16,S I CORIZA NENHUM COMO SENTIR URINAR,S I CORIZA NENHUM COMO TER SENTIR DOR URINAR
22-02-2024_13-28-00_p0018_s28_b1_CONV--zed-rgb.mpeg,28,NARIZ FECHAR,NARIZ-LADOS FECHAR
19-07-2024_15-50-50_p0040_sP03_b1_CONV--ZED-RGB.mpeg,P3,COMO COMEÇAR QUE FAZER O-QUE,COMO COMEÇAR QUE VOCÊ FAZER O-QUE
10-05-2024_15-31-57_p0033_s246_b4_CONV--ZED-RGB.mpeg,246,F U N G O S FUNGO,F U N G O S SINAL FUNGO
03-05-2024_18-38-41_p0031_sP11.1_b3_CONV--ZED-RGB.mpeg,P11.1,SENTIR DOR DEPOIS SUMIR ENTÃO OUTRA-VEZ SENTIR DOR SUMIR VOLTAR SUMIR,SENTIR DOR DEPOIS SUMIR OUTRA-VEZ SENTIR DOR SUMIR VOLTAR SUMIR
07-05-2024_14-40-08_p0027_s279_b4_CONV--ZED-RGB.mpeg,279,DUAS-DOSES DUAS-VEZES SEMANA,DUAS-DOSES TOMAR DUAS-VEZES SEMANA
18-03-2024_15-46-13_p0020_s78_b1_CONV--ZED-RGB.mpeg,78,CALADO DEITADO CALMO,CALADO DEITADO
27-03-2024_15-08-49_p0015_s96_b2_CONV--ZED-RGB.mpeg,96,MEIO-BARRIGA DOR,DOR MEIO-BARRIGA
08-06-2024_09-44-09_p0031_sP22.1_b4_CONV--ZED-RGB.mpeg,P22.1,VOCÊ TER ALGUMA ALERGIA ENTÃO,VOCÊ TER ALERGIA ENTÃO
26-10-2024_12-30-08_p0051_sP15.3_b3_CONV--ZED-RGB.mpeg,P15.3,CATARRO TER O U NÃO TER-NÃO,CATARRO TER O U TER-NÃO
13-05-2024_15-37-19_p0028_s165_b3_CONV--ZED-RGB.mpeg,165,CALMA DEITAR FÍSICO PIOR NÃO,DEITAR CALMA PIOR NÃO
30-01-2024_11-29-47_p11_s80--zed-rgb.mpeg,80,SENTAR EM-PÉ,SENTADO EM-PÉ
19-02-2025_16-24-28_p0072_sP25.1_b4_CONV--ZED-RGB.mp4,P25.1,FAZER JÁ CIRURGIA ALGUM PASSADO S-I SIM QUAL,VOCÊ FAZER JÁ CIRURGIA ALGUM PASSADO S-I SIM QUAL
24-01-2024_17-41-23_p10_s280--zed-rgb.mpeg,280,TAÇA VINHO TOMAR UMA-VEZ SEMANA,TAÇA TOMAR VINHO UMA-VEZ SEMANA
11-03-2025_15-35-11_p0073_sP25.1_b4_CONV--ZED-RGB.mp4,P25.1,VOCÊ JÁ FAZER CIRURGIA ALGUM PASSADO S-I SIM QUAL,VOCÊ FAZER JÁ CIRURGIA ALGUM PASSADO S-I SIM QUAL
06-09-2024_15-42-49_p0047_s119_b2_CONV--ZED-RGB.mpeg,119,SENTIR M-A-L,SENTIR MAL
30-08-2024_16-04-45_p0046_s131_b2_CONV--ZED-RGB.mpeg,131,TER PERÍODO MENSTRUAR,PERÍODO MENSTRUAR
24-01-2024_17-37-57_p10_s277--zed-rgb.mpeg,277,DUAS GARRAFAS DUAS-VEZES SEMANA,DOIS GARRAFAS DUAS-VEZES SEMANA
22-01-2024_17-15-08_p9_sP15.3--zed-rgb.mpeg,P15.3,CATARRO TER O U NÃO,CATARRO TER O U TER-NÃO
05-06-2024_15-27-00_p0037_s257_b4_CONV--ZED-RGB.mpeg,257,REMÉDIO ALERGIA NÃO-TER,ALERGIA REMÉDIO NÃO-TER
30-01-2024_14-33-13_p12_s109--zed-rgb.mpeg,109,DOR FORTE,DOR MUITO-FORTE
22-01-2024_16-35-25_p9_s168--zed-rgb.mpeg,168,TOMAR-REMÉDIO MELHORAR,REMÉDIO CURAR
12-07-2024_14-36-15_p0040_sP10_b3_CONV--ZED-RGB.mpeg,P10,SOBRE DOR PERÍODO COMEÇA-EM-UM FRACO SEQUÊNCIA-CINCO MÉDIA ATÉ-DEZ EXTREMAMENTE-FORTE PERÍODO-TEMPO HOJE VOCÊ SENTIR QUAL ESSE-PERÍODO DOR EQUIVALER QUAL,SOBRE DOR PERÍODO COMEÇA-EM-UM FRACO SEQUÊNCIA-CINCO MÉDIA ATÉ-DEZ EXTREMAMENTE-FORTE PERÍODO-TEMPO VOCÊ SENTIR QUAL ESSE-PERÍODO DOR EQUIVALER QUAL
01-02-2025_13-29-18_p0064_s239_b4_CONV--ZED-RGB.mp4,239,VÍCIO FUMAR,VÍCIO BEBER ÁLCOOL
10-05-2024_18-44-00_p0025_sP08.2_b2_CONV--ZED-RGB.mpeg,P8.2,SENTIR DOR DEPOIS DESPARECER,SENTIR DOR DEPOIS DESAPARECER ENTÃO
07-03-2024_14-04-55_p0010_sP08.2_b2_CONV--zed-rgb.mpeg,P8.2,SENTIR DOR DEPOIS DESAPARECER,SENTIR DOR DEPOIS DESAPARECER ENTÃO
29-04-2024_16-07-53_p0024_s207_b3_CONV--ZED-RGB.mpeg,207,VACINAR GRIPE NÃO,NÃO VACINAR GRIPE
03-04-2024_16-05-42_p0023_sP24.1_b4_CONV--ZED-RGB.mpeg,P24.1,VOCÊ BEBIDA ÁLCOOL VOCÊ BEBER VOCÊ,BEBIDA ÁLCOOL VOCÊ BEBER VOCÊ
24-01-2024_17-17-39_p10_sP22.1--zed-rgb.mpeg,P22.1,TER ALGUMA ALERGIA ENTÃO,VOCÊ TER ALERGIA ENTÃO
22-04-2024_09-14-59_p0025_s168_b3_CONV--ZED-RGB.mpeg,168,REMÉDIO MELHORAR,REMÉDIO CURAR
27-03-2024_15-32-45_p0015_s144_b2_CONV--ZED-RGB.mpeg,144,ÁGUA COLOCAR-BRAÇO FRIO,ÁGUA FRIO COLOCAR-BRAÇO
10-02-2025_17-20-28_p0071_sP20_b3_CONV--ZED-RGB.mp4,P20,TER RELATÓRIO AO-LONGO-DO-TEMPO,VOCÊ TER RELATÓRIO AO-LONGO-DO-TEMPO
29-04-2024_17-00-54_p0024_sP02_b1_CONV--ZED-RGB.mpeg,P2,QUANDO COMEÇAR,QUANDO COMEÇAR ENTÃO
22-02-2024_15-32-08_p0014_sP11.1_b3_CONV--zed-rgb.mpeg,P11.1,SENTIR DOR DEPOIS SUMIR OUTRA-VEZ SENTIR DOR SUMIR VOLTAR SUMIR ENTÃO,SENTIR DOR DEPOIS SUMIR OUTRA-VEZ SENTIR DOR SUMIR VOLTAR SUMIR
24-01-2024_17-16-06_p10_s236--zed-rgb.mpeg,236,FÍGADO INFLAMAR,FÍGADO INFLAMADO
22-08-2024_16-51-09_p0042_s44_b1_CONV--ZED-RGB.mpeg,44,PRESSÃO-ARTERIAL ALTO-BAIXO-ALTO-BAIXO,PRESSÃO-ARTERIAL ALTO-BAIXO-ALTO
05-06-2024_15-26-21_p0037_sP22.2_b4_CONV--ZED-RGB.mpeg,P22.2,MOMENTO TOMAR-MEDICAMENTO SURGIR MOMENTO TER ALERGIA ENTÃO,MOMENTO VOCÊ TOMAR-MEDICAMENTO SURGIR TER ALERGIA TER
07-02-2025_16-25-48_p0046_sP10_b3_CONV--ZED-RGB.mp4,P10,SOBRE DOR PERÍODO COMEÇA-EM-UM FRACO SEQUÊNCIA-CINCO MÉDIA ATÉ-DEZ EXTREMAMENTE-FORTE PERÍODO-TEMPO QUAL VOCÊ SENTIR ESSE-PERÍODO DOR EQUIVALER QUAL,SOBRE DOR PERÍODO COMEÇA-EM-UM FRACO SEQUÊNCIA-CINCO MÉDIA ATÉ-DEZ EXTREMAMENTE-FORTE PERÍODO-TEMPO VOCÊ SENTIR QUAL ESSE-PERÍODO DOR EQUIVALER QUAL
01-02-2025_10-03-48_p0069_sP24.3_b4_CONV--ZED-RGB.mp4,P24.3,QUANTOS VOCÊ BEBIDA,QUANTOS BEBIDA
07-01-2025_16-19-52_p0063_s148.11_b2_CONV--ZED-RGB.mp4,148.11,P,K
02-05-2024_15-18-40_p0026_s198_b3_CONV--ZED-RGB.mpeg,198,CATARRO BRANCO,CATARRO COLA BRANCO
23-04-2024_15-30-37_p0026_s67_b1_CONV--ZED-RGB.mpeg,67,VOMITAR VERMLEHO,VOMITAR TER VERMELHO
31-08-2024_12-48-46_p0047_sP10_b3_CONV--ZED-RGB.mpeg,P10,SOBRE O-QUE DOR COMEÇA-EM-UM PERÍODO-TEMPO UM FRACO SEQUÊNCIA-CINCO MÉDIA ATÉ-DEZ EXTREMAMENTE-FORTE PERÍODO-TEMPO AGORA VOCÊ SENTIR COMO ESSE-PERIODO O-QUE  DOR EQUIVALER QUAL,SOBRE DOR PERÍODO COMEÇA-EM-UM FRACO SEQUÊNCIA-CINCO MÉDIA ATÉ-DEZ EXTREMAMENTE-FORTE PERÍODO-TEMPO VOCÊ SENTIR QUAL ESSE-PERÍODO DOR EQUIVALER QUAL
19-06-2024_16-42-15_p0023_s58_b1_CONV--ZED-RGB.mpeg,58,QUEBRAR QUEBRAR QUEBRAR QUEBRAR,QUEBRAR QUEBRAR QUEBRAR
19-11-2024_16-42-19_p0054_sP16_b3_CONV--ZED-RGB.mpeg,P16,TOSSE ESPIRRAR NENHUM SENTIR URINAR COMO,S I CORIZA NENHUM COMO TER SENTIR DOR URINAR
10-05-2024_16-48-27_p0033_s66_b1_CONV--ZED-RGB.mpeg,66,VAGINA SANGRAR VERMELHO SANGRAR,VAGINA VERMELHO SANGRAR
08-05-2024_09-43-47_p0030_sP06.5_b2_CONV--ZED-RGB.mpeg,P6.5,DOR IGUAL FINCADA ENTÃO,DOR IGUAL FINCADA
23-05-2024_15-18-50_p0035_sP16_b3_CONV--ZED-RGB.mpeg,P16,S I CORIZA NENHUM COMO SENTIR DOR URINAR,S I CORIZA NENHUM COMO TER SENTIR DOR URINAR
28-09-2024_13-37-34_p0016_s263_b4_CONV--ZED-RGB.mpeg,263,DEZ ANOS,DEZ ANO
18-01-2025_10-14-06_p0057_sP22.3_b4_CONV--ZED-RGB.mp4,P22.3,QUAL MEDICAMENTO ENTÃO,QUAL MEDICAMENTO
24-05-2024_18-35-36_p0031_s92_b2_CONV--ZED-RGB.mpeg,92,DOR TESTA TESTA,DOR TESTA
24-04-2024_16-19-10_p0027_sP17.4_b3_CONV--ZED-RGB.mpeg,P17.4,TRAZER CARTÃO-DE-VACINA,VOCÊ TRAZER CARTÃO-DE-VACINA
06-09-2024_15-36-40_p0047_sP06.6_b2_CONV--ZED-RGB.mpeg,P6.6,DOR IGUAL CHOQUE,DOR IGUAL SENTIR CHOQUE
27-03-2024_15-02-05_p0015_s82_b2_CONV--ZED-RGB.mpeg,82,SEIS-HORAS,SEIS HORAS
12-06-2024_16-47-24_p0038_sP13.1_b3_CONV--ZED-RGB.mpeg,P13.1,MOMENTO EXEMPLO APERTAR VOCÊ SENTIR DOR PIORAR ENTÃO,MOMENTO EXEMPLO AQUI APERTAR VOCÊ SENTIR DOR PIORAR ENTÃO
10-05-2024_08-43-43_p0030_sP11.3_b3_CONV--ZED-RGB.mpeg,P11.3,NO-DECORRER-DO-TEMPO SENTIR DOR NO-TOTALQUANTOS ENTÃO,NO-DECORRER-DO-TEMPO SENTIR DOR NO-TOTAL QUANTOS
23-04-2024_11-46-26_p0024_sP24.3_b4_CONV--ZED-RGB.mpeg,P24.3,QUANTOS VOCÊ BEBIDA QUANTOS,QUANTOS BEBIDA
07-12-2024_09-37-57_p0053_sP18.1_b4_CONV--ZED-RGB.mp4,P18.1,VOCÊ ENJOAR O U VOMITAR,ENJOAR O U VOMITAR
24-04-2024_15-50-59_p0027_s186_b3_CONV--ZED-RGB.mpeg,186,DOR COSTAS ESPALHAR,COSTAS DOR ESPALHAR
27-03-2024_16-30-00_p0015_s76_b1_CONV--ZED-RGB.mpeg,76,CASA LIMPAR,LIMPAR CASA
18-03-2024_11-32-13_p0013_sP22.2_b4_CONV--ZED-RGB.mpeg,P22.2,MOMENTO TOMAR-MEDICAMENTO SURGIR ALERGIA TER ENTÃO,MOMENTO VOCÊ TOMAR-MEDICAMENTO SURGIR TER ALERGIA TER
18-04-2024_10-30-57_p0025_s58_b1_CONV--ZED-RGB.mpeg,58,QUEBRAR QUEBRAR QUEBRAR QUEBRAR QUEBRAR,QUEBRAR QUEBRAR QUEBRAR
25-03-2024_16-33-08_p0020_s141_b2_CONV--ZED-RGB.mpeg,141,PESCOÇO MEXER-PESCOÇO,MEXER-PESCOÇO
05-06-2024_09-43-45_p0036_sP18.2_b4_CONV--ZED-RGB.mpeg,P18.2,FEZES MOLE,VOCÊ FEZES MOLE
11-07-2024_15-50-26_p0041_sP21.2_b3_CONV--ZED-RGB.mpeg,P21.2,VOCÊ USAR REMÉDIO,USAR REMÉDIO
11-05-2024_10-05-35_p0034_sP16_b3_CONV--ZED-RGB.mpeg,P16,S I VOCÊ CORIZA NENHUM COMO SENTIR DOR URINAR,S I CORIZA NENHUM COMO TER SENTIR DOR URINAR
27-05-2024_16-59-38_p0032_sP02_b1_CONV--ZED-RGB.mpeg,P2,QUANDO COMEÇAR,QUANDO COMEÇAR ENTÃO
05-10-2024_09-18-00_p0050_sP18.2_b4_CONV--ZED-RGB.mpeg,P18.2,FEZES MOLE,VOCÊ FEZES MOLE
18-01-2025_13-15-45_p0064_sP16_b3_CONV--ZED-RGB.mp4,P16,S I CORIZA NENHUM COMO SENTIR DOR URINAR,S I CORIZA NENHUM COMO TER SENTIR DOR URINAR
28-06-2024_14-29-41_p0035_s58_b1_CONV--ZED-RGB.mpeg,58,QUEBRAR QUEBRAR QUEBRAR QUEBRAR,QUEBRAR QUEBRAR QUEBRAR
08-07-2024_11-52-28_p0040_sP18.4_b4_CONV--ZED-RGB.mpeg,P18.4,UM SANGRAR DOIS M U C O COLA TRÊS P U S COR MISTURAR AMARELO BRANCO MISTURAR ENTÃO,UM SANGRAR DOIS M U C O COLA TRÊS PUS COR MISTURAR AMARELO BRANCO MISTURAR ENTÃO
16-10-2024_16-49-38_p0049_sP03_b1_CONV--ZED-RGB.mpeg,P3,COMO COMEÇAR QUE FAZER O-QUE,COMO COMEÇAR QUE VOCÊ FAZER O-QUE
02-04-2024_15-55-09_p0021_s208_b3_CONV--ZED-RGB.mpeg,208,NÃO TRAZER CARTÃO-DE-VACINA NÃO,NÃO TRAZER CARTÃO-DE-VACINA NENHUM
05-09-2024_16-33-24_p0047_s276_b4_CONV--ZED-RGB.mpeg,276,GARRAFA UM UMA-VEZ SEMANA,GARRAFA UMA-VEZ SEMANA
13-05-2024_16-03-43_p0028_sP11.5_b3_CONV--ZED-RGB.mpeg,P11.5,PERÍODO SENTIR DOR AUMENTAR,PERÍODO DOR TER AUMENTAR
22-01-2024_17-11-29_p9_sP14--zed-rgb.mpeg,P14,TEM DOR FEBRE CALAFRIOS ESPIRRAR O U SECREÇÃO-NASAL,TER DOR FEBRE CALAFRIOS ESPIRRAR O U SECREÇÃO-NASAL COLA
12-03-2025_11-10-53_p0074_sP02_b1_CONV--ZED-RGB.mp4,P2,QUANDO COMEÇAR,QUANDO COMEÇAR ENTÃO
24-04-2024_16-20-14_p0027_sP20_b3_CONV--ZED-RGB.mpeg,P20,VOCÊ RELATÓRIO AO-LONGO-DO-TEMPO,VOCÊ TER RELATÓRIO AO-LONGO-DO-TEMPO
20-03-2024_15-30-18_p0015_sP20_b3_CONV--ZED-RGB.mpeg,P20,RELATÓRIO LEMBRAR AO-LONGO-DO-TEMPO,VOCÊ TER RELATÓRIO AO-LONGO-DO-TEMPO
08-05-2024_09-47-27_p0030_sP08.1_b2_CONV--ZED-RGB.mpeg,P8.1,S I FAZER COISAS SENTIR DOR PIORAR ENTÃO,S I FAZER COISAS SENTIR DOR PIORAR
05-10-2024_10-14-56_p0050_s274_b4_CONV--ZED-RGB.mpeg,274,DOIS UMA-VEZ DOIS LATAS DUAS-VEZES SEMANA,DOIS LATAS DUAS-VEZES SEMANA
26-02-2024_16-04-17_p0019_s259_b4_CONV--zed-rgb.mpeg,259,SIM TER FUMAR,TER FUMAR SIM
18-06-2024_15-17-46_p0028_sP08.1_b2_CONV--ZED-RGB.mpeg,P8.1,S I SENTIR FAZER COISAS SENTIR DOR PIORAR,S I FAZER COISAS SENTIR DOR PIORAR
16-10-2024_16-42-28_p0049_s58_b1_CONV--ZED-RGB.mpeg,58,QUEBRAR QUEBRAR QUEBRAR QUEBRAR QUEBRAR,QUEBRAR QUEBRAR QUEBRAR
24-01-2024_16-59-37_p10_s209--zed-rgb.mpeg,209,NENHUM VONTADE NENHUM VOMITAR,NENHUM VONTADE NADA VOMITAR
16-04-2024_11-03-00_p0025_sP25.1_b4_CONV--ZED-RGB.mpeg,P25.1,VOCÊ FAZER JÁ CIRURGIA QUANTOS PASSADO S-ISIM QUAL,VOCÊ FAZER JÁ CIRURGIA ALGUM PASSADO S-I SIM QUAL
23-04-2024_11-13-26_p0024_s209_b4_CONV--ZED-RGB.mpeg,209,NENHUM VONTADE VOMITAR NENHUM,NENHUM VONTADE NADA VOMITAR
11-03-2024_15-48-58_p0020_s179_b3_CONV--zed-rgb.mpeg,179,AQUI LUGAR CONTINUAR DOR CONTINUAR,AQUI DOR CONTINUAR
05-12-2024_16-52-18_p0055_s219_b4_CONV--ZED-RGB.mpeg,219,FEZES-LÍQUIDAS RESTOS COMIDAS,FEZES-LÍQUIDAS RESTOS COMIDA
05-10-2024_09-57-03_p0050_sP22.2_b4_CONV--ZED-RGB.mpeg,P22.2,MOMENTO TOMAR-MEDICAMENTO SURGIR TER ALERGIA TER ENTÃO,MOMENTO VOCÊ TOMAR-MEDICAMENTO SURGIR TER ALERGIA TER
07-01-2025_13-38-49_p0062_sP01_b1_CONV--ZED-RGB.mp4,P1,O-QUE SENTIR QUE VIR ENTÃO,O-QUE VOCÊ SENTIR QUE VIR ENTÃO
13-11-2024_17-05-14_p0051_s58_b1_CONV--ZED-RGB.mpeg,58,QUEBRAR QUEBRAR QUEBRAR QUEBRAR,QUEBRAR QUEBRAR QUEBRAR
24-01-2025_15-27-03_p0060_sP01_b1_CONV--ZED-RGB.mp4,P1,O-QUE VOCÊ SENTIR VIR ENTÃO,O-QUE VOCÊ SENTIR QUE VIR ENTÃO
09-05-2024_14-36-05_p0033_s116_b2_CONV--ZED-RGB.mpeg,116,DOR MENSTRUAR APERTAR,DOR APERTAR PONTADA
27-05-2024_15-35-46_p0032_s175_b3_CONV--ZED-RGB.mpeg,175,DUAS-VEZES SEMANA,DOIS SEMANA
08-05-2024_16-24-03_p0033_sP17.4_b3_CONV--ZED-RGB.mpeg,P17.4,VOCÊ TRAZER CARTÃO VACINA,VOCÊ TRAZER CARTÃO-DE-VACINA
03-05-2024_19-07-39_p0031_s244_b3_CONV--ZED-RGB.mpeg,244,NÃO USAR MEDICAMENTO,NÃO USAR MEDICAMENTO NÃO
05-06-2024_15-01-08_p0037_sP18.2_b4_CONV--ZED-RGB.mpeg,P18.2,FEZES MOLE,VOCÊ FEZES MOLE
18-04-2024_15-20-33_p0026_s83_b2_CONV--ZED-RGB.mpeg,83,UM UM-DIA,UM-DIA
30-01-2024_14-54-27_p12_s142--zed-rgb.mpeg,142,PÉ MOVER-PÉ DOR PIORAR,MOVIMENTAR-CORPO DOR PIORAR
18-01-2025_10-03-25_p0057_s246_b4_CONV--ZED-RGB.mp4,246,F U N G O S,F U N G O S SINAL FUNGO
13-05-2024_16-36-09_p0028_s208_b3_CONV--ZED-RGB.mpeg,208,NÃO TRAZER CARTÃO-DE-VACINA NÃO NENHUM,NÃO TRAZER CARTÃO-DE-VACINA NENHUM
25-03-2024_15-45-17_p0020_s248_b4_CONV--ZED-RGB.mpeg,248,CACHORRO ALERGIA,ALERGIA CACHORRO
17-02-2025_16-58-15_p0071_sP01_b1_CONV--ZED-RGB.mp4,P1,O-QUE SENTIR QUE VIR ENTÃO,O-QUE VOCÊ SENTIR QUE VIR ENTÃO
25-03-2024_16-23-37_p0020_s121_b2_CONV--ZED-RGB.mpeg,121,MAS VER MANCHAS,VER MANCHAS
13-05-2024_16-16-53_p0028_s191_b3_CONV--ZED-RGB.mpeg,191,DOR APERTAR-BRAÇO PIORAR NÃO,MOMENTO APERTAR-BRAÇO DOR PIORAR NÃO
11-03-2025_15-08-29_p0073_sP18.4_b4_CONV--ZED-RGB.mp4,P18.4,UM SANGRAR DOIS M U C O COLA TRÊS P U S COR MISTURAR AMARELO BRANCO MISTURAR ENTÃO,UM SANGRAR DOIS M U C O COLA TRÊS PUS COR MISTURAR AMARELO BRANCO MISTURAR ENTÃO
31-08-2024_13-19-16_p0047_s189_b3_CONV--ZED-RGB.mpeg,189, DOR APONTAR-PERNA PERNAS-ESPALHAR,DOR PERNAS-ESPALHAR APONTAR-PERNA
18-12-2024_10-05-15_p0061_sP16_b3_CONV--ZED-RGB.mpeg,P16,S I CORIZA NENHUM COMO SENTIR DOR URINAR,S I CORIZA NENHUM COMO TER SENTIR DOR URINAR
27-03-2024_15-06-43_p0015_s90_b2_CONV--ZED-RGB.mpeg,90,OUVIDO DOR,DOR OUVIDO
27-03-2024_16-03-49_p0015_s12_b1_CONV--ZED-RGB.mpeg,12,BRAÇO DOR,DOR BRAÇO
27-05-2024_15-20-00_p0032_sP09.7_b3_CONV--ZED-RGB.mpeg,P9.7,TOMAR-REMÉDIO AJUDAR CURAR PEITO DOR FALTAR A R ENTÃO,TOMAR-REMÉDIO AJUDAR CURAR PEITO DOR O U FALTAR A R ENTÃO
12-03-2025_11-06-35_p0074_s58_b1_CONV--ZED-RGB.mp4,58,QUEBRAR QUEBRAR QUEBRAR QUEBRAR QUEBRAR,QUEBRAR QUEBRAR QUEBRAR
17-07-2024_14-40-03_p0041_sP08.2_b2_CONV--ZED-RGB.mpeg,P8.2,SENTIR DOR DEPOIS DESAPARECER,SENTIR DOR DEPOIS DESAPARECER ENTÃO
17-09-2024_16-03-07_p0048_sP22.2_b4_CONV--ZED-RGB.mpeg,P22.2,MOMENTO VOCÊ TOMAR-MEDICAMENTO SURGIR ALERGIA TER,MOMENTO VOCÊ TOMAR-MEDICAMENTO SURGIR TER ALERGIA TER
11-02-2025_16-44-15_p0066_sP18.2_b4_CONV--ZED-RGB.mp4,P18.2,FEZES MOLE,VOCÊ FEZES MOLE
03-05-2024_13-59-32_p0027_sP04_b2_CONV--ZED-RGB.mpeg,P4,QUAL TEMPO HORAS-DURAÇÃO,TEMPO QUAL HORAS-DURAÇÃO TEMPO
22-08-2024_15-23-52_p0042_sP18.2_b4_CONV--ZED-RGB.mpeg,P18.2,FEZES MOLE,VOCÊ FEZES MOLE
06-02-2025_14-40-40_p0068_s82_b2_CONV--ZED-RGB.mp4,82,SEIS SEIS-HORAS,SEIS HORAS
24-07-2024_15-32-05_p0041_sP25.1_b4_CONV--ZED-RGB.mpeg,P25.1,VOCÊ FAZER JÁ QUANTOS CIRURGIA PASSADO S-I SIM QUAL,VOCÊ FAZER JÁ CIRURGIA ALGUM PASSADO S-I SIM QUAL
10-01-2025_15-07-49_p0062_sP08.2_b2_CONV--ZED-RGB.mp4,P8.2,SENTIR DOR DEPOIS DESAPARECER,SENTIR DOR DEPOIS DESAPARECER ENTÃO
27-03-2025_15-18-29_p0078_sP12_b3_CONV--ZED-RGB.mp4,P12,DOR EXEMPLO AQUI LUGAR MESMO O U ESPALHAR AQUI LUGARES,DOR EXEMPLO AQUI LUGAR MESMO O U ESPALHAR AQUI LUGARES ENTÃO
24-07-2024_15-27-58_p0041_s276_b4_CONV--ZED-RGB.mpeg,276,UMA GARRAFA UMA-VEZ SEMANA,GARRAFA UMA-VEZ SEMANA
18-06-2024_16-06-51_p0028_s209_b4_CONV--ZED-RGB.mpeg,209,NENHUM VONTADE NADA VOMITAR NENHUM,NENHUM VONTADE NADA VOMITAR
20-05-2024_12-06-36_p0034_sP18.4_b4_CONV--ZED-RGB.mpeg,P18.4,UM SANGRAR DOIS M U C O COLA TRÊS P U S COR MISTURAR AMARELO BRANCO MISTURAR ENTÃO,UM SANGRAR DOIS M U C O COLA TRÊS PUS COR MISTURAR AMARELO BRANCO MISTURAR ENTÃO
22-02-2024_13-40-19_p0018_s51_b1_CONV--zed-rgb.mpeg,51,URINA ESCURO,XIXI ESCURO
14-08-2024_15-58-27_p0038_s234_b4_CONV--ZED-RGB.mpeg,234,TOSSIR  CATARRO VERMELHO,TOSSIR CATARRO VERMELHO
02-05-2024_15-07-05_p0026_s186_b3_CONV--ZED-RGB.mpeg,186,COSTAS-OMBRO DOR ESPALHAR,COSTAS DOR ESPALHAR
05-12-2024_16-47-14_p0055_sP18.2_b4_CONV--ZED-RGB.mpeg,P18.2,FEZES MOLE,VOCÊ FEZES MOLE
24-04-2024_15-45-44_p0027_sP12_b3_CONV--ZED-RGB.mpeg,P12,DOR EXEMPLO AQUI LUGAR O U ESPALHAR LUGARES ENTÃO,DOR EXEMPLO AQUI LUGAR MESMO O U ESPALHAR AQUI LUGARES ENTÃO
24-03-2025_17-16-37_p0076_sP24.1_b4_CONV--ZED-RGB.mp4,P24.1,BEBIDA ÁLCOOL VOCÊ BEBER,BEBIDA ÁLCOOL VOCÊ BEBER VOCÊ
25-03-2024_16-27-05_p0020_s127_b2_CONV--ZED-RGB.mpeg,127,COMER COISAS CATEGORIA ÓLEO,COMER COISAS ÓLEO
20-05-2024_15-12-25_p0023_sP04_b2_CONV--ZED-RGB.mpeg,P4,TEMPO QUAL HORAS-DURAÇÃO TEMPO ENTÃO,TEMPO QUAL HORAS-DURAÇÃO TEMPO
20-03-2024_15-08-27_p0015_s178_b3_CONV--ZED-RGB.mpeg,178,ANO CINCO,CINCO ANO
02-05-2024_15-02-16_p0026_sP11.4_b3_CONV--ZED-RGB.mpeg,P11.4,COMO AO-LONGO-DO-TEMPO DOR COMO AUMENTAR O U DIMINUIR,AO-LONGO-DO-TEMPO DOR COMO AUMENTAR O U DIMINUIR
07-05-2024_15-08-10_p0027_s47_b1_CONV--ZED-RGB.mpeg,47,XIXI SENTIR QUENTE,XIXI SENTIR IGUAL QUENTE
29-04-2024_15-53-37_p0024_s192_b3_CONV--ZED-RGB.mpeg,192,MOMENTO FICAR-EM-PÉ SENTAR DEITAR DOR SIM PIORAR,FICAR-EM-PÉ SENTAR DEITAR DOR PIORAR SIM
02-05-2024_15-26-39_p0026_s244_b3_CONV--ZED-RGB.mpeg,244,NÃO USAR REMÉDIO,NÃO USAR MEDICAMENTO NÃO
24-04-2024_15-55-33_p0027_sP13.2_b3_CONV--ZED-RGB.mpeg,P13.2,MOMENTO FICAR-DE-PÉ SENTAR DEITAR DOR PIORAR,MOMENTO FICAR-EM-PÉ SENTAR DEITAR DOR PIORAR
27-03-2024_15-01-31_p0015_sP04_b2_CONV--ZED-RGB.mpeg,P4,TEMPO QUAL HORAS-DURAÇÃO ENTÃO,TEMPO QUAL HORAS-DURAÇÃO TEMPO
31-08-2024_12-56-52_p0047_sP11.1_b3_CONV--ZED-RGB.mpeg,P11.1,SENTIR DOR DEPOIS SUMIR OUTRA-VEZ SENTIR DOR CURAR VOLTAR SUMIR,SENTIR DOR DEPOIS SUMIR OUTRA-VEZ SENTIR DOR SUMIR VOLTAR SUMIR
18-03-2024_11-10-07_p0013_sP18.3_b4_CONV--ZED-RGB.mpeg,P18.3,COMO VOCÊ FEZES COMO,COMO FEZES COMO
18-03-2024_15-34-06_p0020_s52_b1_CONV--ZED-RGB.mpeg,52,XIXI ESPUMAR XIXI,XIXI ESPUMAR
18-06-2024_16-53-58_p0028_sP24.3_b4_CONV--ZED-RGB.mpeg,P24.3,QUANTOS VOCÊ BEBIDA,QUANTOS BEBIDA
24-01-2024_17-08-57_p10_sP19.1--zed-rgb.mpeg,P19.1,VOCÊ JÁ TRATAMENTO ALGUMA DOENÇA ENTÃO,VOCÊ JÁ FAZER TRATAMENTO ALGUM DOENÇA ENTÃO
11-02-2025_18-24-20_p0066_s72_b1_CONV--ZED-RGB.mp4,72,DOIS 2-MÊS,2-MÊS
30-04-2024_13-24-14_p0024_s118_b2_CONV--ZED-RGB.mpeg,118,OLHOS LACRIMEJAR OLHOS LACRIMEJAR,OLHOS LACRIMEJAR
19-11-2024_16-18-21_p0054_sP13.1_b3_CONV--ZED-RGB.mpeg,P13.1,MOMENTO EXEMPLO AQUI APERTAR SENTIR DOR PIORAR,MOMENTO EXEMPLO AQUI APERTAR VOCÊ SENTIR DOR PIORAR ENTÃO
07-05-2024_14-04-29_p0027_sP18.2_b4_CONV--ZED-RGB.mpeg,P18.2,VONTADE NENHUM VONTADE VOMITAR NADA,VOCÊ FEZES MOLE
08-06-2024_10-04-29_p0031_sP24.3_b4_CONV--ZED-RGB.mpeg,P24.3,QUANTOS VOCÊ BEBIDA,QUANTOS BEBIDA
20-02-2024_17-06-52_p0015_sP25.1_b4_CONV--zed-rgb.mpeg,P25.1,FAZER CIRURGIA JÁ QUANTAS PASSADO SIM QUAL,VOCÊ FAZER JÁ CIRURGIA ALGUM PASSADO S-I SIM QUAL
29-04-2024_15-54-12_p0024_s193_b3_CONV--ZED-RGB.mpeg,193,MOMENTO FICAR-EM-PÉ SENTAR DEITAR DOR PIORAR NÃO,FICAR-EM-PÉ SENTAR DEITAR DOR PIORAR NÃO
11-03-2025_18-34-56_p0075_sP25.1_b4_CONV--ZED-RGB.mp4,P25.1,FAZER CIRURGIA ALGUM PASSADO S-I S-I-M QUAL,VOCÊ FAZER JÁ CIRURGIA ALGUM PASSADO S-I SIM QUAL
10-05-2024_16-50-51_p0033_sP03_b1_CONV--ZED-RGB.mpeg,P3,COMO COMEÇAR QUE FAZER O-QUE,COMO COMEÇAR QUE VOCÊ FAZER O-QUE
03-05-2024_14-10-59_p0027_s115_b2_CONV--ZED-RGB.mpeg,115,DOR MENSTRUAR APERTAR,DOR VERMELHO SANGRAR APERTAR
24-07-2024_15-01-02_p0041_sP18.4_b4_CONV--ZED-RGB.mpeg,P18.4,UM SANGRAR DOIS M U C O COLA TRÊS P U S MISTURAR COR MISTURAR AMARELO BRANCO MISTURAR ENTÃO,UM SANGRAR DOIS M U C O COLA TRÊS PUS COR MISTURAR AMARELO BRANCO MISTURAR ENTÃO
05-09-2024_15-12-55_p0047_s36_b1_CONV--ZED-RGB.mpeg,36,SUAR SUAR SUAR SUAR,SUAR SUAR SUAR
08-05-2024_16-24-36_p0033_s208_b3_CONV--ZED-RGB.mpeg,208,NÃO TRAZER CARTÃO VACINA NENHUM,NÃO TRAZER CARTÃO-DE-VACINA NENHUM
14-03-2025_17-10-53_p0077_sP01_b1_CONV--ZED-RGB.mp4,P1,O-QUE SENTIR QUE VIR ENTÃO,O-QUE VOCÊ SENTIR QUE VIR ENTÃO
19-03-2024_15-34-30_p0022_sP08.2_b2_CONV--ZED-RGB.mpeg,P8.2,SENTIR DOR DEPOIS DESAPARECER,SENTIR DOR DEPOIS DESAPARECER ENTÃO
30-01-2025_16-26-02_p0068_sP16_b3_CONV--ZED-RGB.mp4,P16,S I CORIZA NENHUM COMO TER SENTIR URINAR,S I CORIZA NENHUM COMO TER SENTIR DOR URINAR
27-05-2024_15-06-51_p0032_sP09.1_b3_CONV--ZED-RGB.mpeg,P9.1,PEITO DOR O U FALTA A R INSPIRAR PIORAR MOMENTO ESFORÇAR,PEITO DOR O U FALTAR A R INSPIRAR PIORAR MOMENTO FÍSICO ESFORÇAR
19-03-2024_15-33-50_p0022_s142_b2_CONV--ZED-RGB.mpeg,142,MOVER-CORPO DOR PIORAR,MOVIMENTAR-CORPO DOR PIORAR
31-01-2024_15-12-03_p13_sP17.4--zed-rgb.mpeg,P17.4,VOCÊ TROUXE CARTÃO VACINA,VOCÊ TRAZER CARTÃO-DE-VACINA
03-08-2024_11-11-36_p0043_sP13.1_b3_CONV--ZED-RGB.mpeg,P13.1,MOMENTO EXEMPLO AQUI APERTAR VOCÊ SENTIR DOR PIORAR,MOMENTO EXEMPLO AQUI APERTAR VOCÊ SENTIR DOR PIORAR ENTÃO
18-03-2024_15-35-02_p0020_s55_b1_CONV--ZED-RGB.mpeg,55,VERMELHO NARIZ-SANGRAR VERMELHO,VERMELHO NARIZ-SANGRAR GRIPE
19-02-2025_10-32-04_p0074_sP10_b3_CONV--ZED-RGB.mp4,P10,SOBRE DOR PERÍODO COMEÇA-EM-UM FRACO SEQUÊNCIA-CINCO MÉDIA ATÉ-DEZ EXTREMAMENTE-FORTE PERÍODO-TEMPO VOCÊ SENTIR QUAL ESSE-PERÍODO DOR EQUIVALER ,SOBRE DOR PERÍODO COMEÇA-EM-UM FRACO SEQUÊNCIA-CINCO MÉDIA ATÉ-DEZ EXTREMAMENTE-FORTE PERÍODO-TEMPO VOCÊ SENTIR QUAL ESSE-PERÍODO DOR EQUIVALER QUAL
24-01-2024_17-48-06_p10_sP25.1--zed-rgb.mpeg,P25.1,VOCÊ JÁ FAZER QUANTAS CIRURGIA SE-SIM QUANDO,VOCÊ FAZER JÁ CIRURGIA ALGUM PASSADO S-I SIM QUAL
11-03-2025_18-44-13_p0075_s20_b1_CONV--ZED-RGB.mp4,20,TONTURA PESSOA-CAIR,TONTURA CAIR-PESSOA
02-05-2024_15-24-20_p0026_s208_b3_CONV--ZED-RGB.mpeg,208,EU TRAZER CARTÃO-DE-VACINA NENHUM,NÃO TRAZER CARTÃO-DE-VACINA NENHUM
27-03-2024_15-22-23_p0015_s122_b2_CONV--ZED-RGB.mpeg,122,URINAR TODA-HORA,TODA-HORA URINAR
29-04-2024_11-45-08_p0029_sP08.1_b2_CONV--ZED-RGB.mpeg,P8.1,S I COISAS SENTIR DOR PIORAR,S I FAZER COISAS SENTIR DOR PIORAR
31-01-2024_15-14-17_p13_s243--zed-rgb.mpeg,243,NÃO USAR REMÉDIO NÃO,NÃO TRAZER RECEITA REMÉDIO NENHUM
08-05-2024_09-44-07_p0030_sP06.6_b2_CONV--ZED-RGB.mpeg,P6.6,DOR IGUAL CHOQUE ENTÃO,DOR IGUAL SENTIR CHOQUE
13-05-2024_15-44-00_p0028_s169_b3_CONV--ZED-RGB.mpeg,169,REMÉDIO AJUDAR CURAR-NÃO,REMÉDIO CURAR-NÃO
07-01-2025_15-39-50_p0063_s91_b2_CONV--ZED-RGB.mp4,91,DOR DORLADO-CABEÇALADO-CABEÇA DORLADO-CABEÇALADO-CABEÇA,DOR LADO-CABEÇA LADO-CABEÇA
20-02-2024_16-59-10_p0015_s270_b4_CONV--zed-rgb.mpeg,270,G I M,G I N
01-02-2025_13-38-55_p0064_sP22.2_b4_CONV--ZED-RGB.mp4,P22.2,MOMENTO TOMAR-MEDICAMENTO SURGIR MOMENTO ALERGIA TER,MOMENTO VOCÊ TOMAR-MEDICAMENTO SURGIR TER ALERGIA TER
05-12-2024_15-53-21_p0055_s30_b1_CONV--ZED-RGB.mpeg,30,INCHAR,FERIR PELE
21-08-2024_14-40-04_p0044_sP11.3_b3_CONV--ZED-RGB.mpeg,P11.3,NO-DECORRER-DO-TEMPO SENTIR DOR NO-TOTAL QUANTOS ENTÃO,NO-DECORRER-DO-TEMPO SENTIR DOR NO-TOTAL QUANTOS
01-02-2025_14-30-14_p0064_s61_b1_CONV--ZED-RGB.mp4,61,AGREDIR,PELE QUEIMAR
23-11-2024_13-05-39_p0052_s99_b2_CONV--ZED-RGB.mpeg,99,DOR VIRILHA,DOR BAIXO-VENTRE
27-03-2024_16-17-12_p0015_s45_b1_CONV--ZED-RGB.mpeg,45,OLHOS PROBLEMA,PROBLEMA OLHOS
22-01-2024_17-07-19_p9_s191--zed-rgb.mpeg,191,MOMENTO APERTAR-BRAÇO DOR PIOR NÃO,MOMENTO APERTAR-BRAÇO DOR PIORAR NÃO
18-04-2024_15-23-18_p0026_sP06.1_b2_CONV--ZED-RGB.mpeg,P6.1,ONDE É DOR,ONDE DOR
24-01-2024_17-07-15_p10_sP18.4--zed-rgb.mpeg,P18.4,UM SANGRAR DOIS MUCO TRÊS P U S AMARELO BRANCO MISTRUAR,UM SANGRAR DOIS M U C O COLA TRÊS PUS COR MISTURAR AMARELO BRANCO MISTURAR ENTÃO
11-03-2024_16-20-23_p0020_s243_b3_CONV--zed-rgb.mpeg,243,NÃO TRAZER RECEITA REMÉDIO,NÃO TRAZER RECEITA REMÉDIO NENHUM
18-03-2024_11-51-33_p0013_sP25.1_b4_CONV--ZED-RGB.mpeg,P25.1,JÁ FAZER CIRURGIA QUANTOS PASSADO S-I SIM QUAL,VOCÊ FAZER JÁ CIRURGIA ALGUM PASSADO S-I SIM QUAL
27-03-2024_15-11-41_p0015_s103_b2_CONV--ZED-RGB.mpeg,103,JOELHO-DIREITO JOELHO-ESQUERDO DOR,DOR JOELHO-DIREITO JOELHO-ESQUERDO
13-02-2025_14-20-07_p0067_sP25.1_b4_CONV--ZED-RGB.mp4,P25.1,VOCÊ JÁ FAZER CIRURGIA ALGUM PASSADO S-I SIM QUAL,VOCÊ FAZER JÁ CIRURGIA ALGUM PASSADO S-I SIM QUAL
27-02-2025_14-27-16_p0073_sP13.1_b3_CONV--ZED-RGB.mp4,P13.1,MOMENTO EXEMPLO AQUI APERTAR SENTIR DOR PIORAR ENTÃO,MOMENTO EXEMPLO AQUI APERTAR VOCÊ SENTIR DOR PIORAR ENTÃO
03-02-2025_17-17-42_p0071_sP08.2_b2_CONV--ZED-RGB.mp4,P8.2,SENTIR DOR DEPOIS DESAPARECER,SENTIR DOR DEPOIS DESAPARECER ENTÃO
11-02-2025_18-22-48_p0066_sP02_b1_CONV--ZED-RGB.mp4,P2,QUANDO COMEÇAR,QUANDO COMEÇAR ENTÃO
24-01-2025_15-05-36_p0060_sP22.2_b4_CONV--ZED-RGB.mp4,P22.2,MOMENTO VOCÊ TOMAR-MEDICAMENTO SURGIR TER ALERGIA TER ENTÃO,MOMENTO VOCÊ TOMAR-MEDICAMENTO SURGIR TER ALERGIA TER
28-09-2024_13-11-26_p0016_sP18.4_b4_CONV--ZED-RGB.mpeg,P18.4,UM  SANGRAR DOIS M U C O COLA TRÊS P U S COR MISTURAR AMARELIO BRANCO MISTRUAR ENTÃO,UM SANGRAR DOIS M U C O COLA TRÊS PUS COR MISTURAR AMARELO BRANCO MISTURAR ENTÃO
25-03-2024_15-25-29_p0020_sP18.2_b4_CONV--ZED-RGB.mpeg,P18.2,FEZES MOLE ENTÃO,VOCÊ FEZES MOLE
26-08-2024_17-00-01_p0019_sP20_b3_CONV--ZED-RGB.mp4,P20,VOCÊ TER RELATÓRIO TER AO-LONGO-DO-TEMPO,VOCÊ TER RELATÓRIO AO-LONGO-DO-TEMPO
18-12-2024_17-40-14_p0057_sP20_b3_CONV--ZED-RGB.mpeg,P20,VOCÊ RELATÓRIO AO-LONGO-DO-TEMPO,VOCÊ TER RELATÓRIO AO-LONGO-DO-TEMPO
12-03-2025_10-41-07_p0074_sP01_b1_CONV--ZED-RGB.mp4,P1,O-QUE SENTIR QUE VIR ENTÃO,O-QUE VOCÊ SENTIR QUE VIR ENTÃO
24-01-2024_17-03-14_p10_s216--zed-rgb.mpeg,216,FEZES-LÍQUIDAS,FEZES-LÍQUIDAS-EXPLODIR
29-04-2024_16-11-47_p0024_s242_b3_CONV--ZED-RGB.mpeg,242,USAR REMÉDIO,EU USAR REMÉDIO
13-05-2024_16-24-49_p0028_sP15.4_b3_CONV--ZED-RGB.mpeg,P15.4,CATARRO COLA QUAL COR,CATARRO COLA COR QUAL
28-06-2024_15-46-22_p0035_s275_b4_CONV--ZED-RGB.mpeg,275,UMA GARRAFA TODOS-OS-DIAS,UMA-GARRAFA TODOS-OS-DIAS
19-11-2024_16-52-22_p0054_s208_b3_CONV--ZED-RGB.mpeg,208,NÃO TRAZER CARTÃO-DE-VACINA,NÃO TRAZER CARTÃO-DE-VACINA NENHUM
04-07-2024_15-59-17_p0039_sP15.3_b3_CONV--ZED-RGB.mpeg,P15.3,CATARRO TER O U NÃO,CATARRO TER O U TER-NÃO
25-03-2024_15-46-02_p0020_s250_b4_CONV--ZED-RGB.mpeg,250,ALERGIA INSETO-PICAR ALERGIA,ALERGIA INSETO PICAR
12-07-2024_15-20-03_p0040_sP16_b3_CONV--ZED-RGB.mpeg,P16,S I CORIZA NENHUM COMO SENTIR DOR URINAR,S I CORIZA NENHUM COMO TER SENTIR DOR URINAR
29-04-2024_16-08-23_p0024_sP17.4_b3_CONV--ZED-RGB.mpeg,P17.4,VOCÊ TRAZER CARTÃO VACINA ENTÃO,VOCÊ TRAZER CARTÃO-DE-VACINA
18-03-2024_11-16-34_p0013_sP18.4_b4_CONV--ZED-RGB.mpeg,P18.4,UM SANGRAR DOIS M U C O COLA TRÊS P U S COR MISTURAR AMARELO BRANCO MISTURAR ENTÃO,UM SANGRAR DOIS M U C O COLA TRÊS PUS COR MISTURAR AMARELO BRANCO MISTURAR ENTÃO
22-01-2024_16-57-43_p9_s184--zed-rgb.mpeg,184,DOR ESPALHA-BRAÇO,DOR BRAÇO-ESPALHAR
13-02-2025_19-46-26_p0070_sP02_b1_CONV--ZED-RGB.mp4,P2,QUANDO COMEÇAR,QUANDO COMEÇAR ENTÃO
22-01-2024_16-45-18_p9_sP11.1--zed-rgb.mpeg,P11.1,SENTIR-DOR DENOVO SUMIR OUTRA-VEZ SENTIR DOR SUMIR VOLTAR SUMIR,SENTIR DOR DEPOIS SUMIR OUTRA-VEZ SENTIR DOR SUMIR VOLTAR SUMIR
27-05-2024_15-49-04_p0032_sP13.1_b3_CONV--ZED-RGB.mpeg,P13.1,MOMENTO EXEMPLO AQUI APERTAR SENTIR VOCÊ DOR PIORAR ENTÃO,MOMENTO EXEMPLO AQUI APERTAR VOCÊ SENTIR DOR PIORAR ENTÃO
22-01-2025_17-27-07_p0066_s180_b3_CONV--ZED-RGB.mp4,180,PESCOÇO DOR ESPALHAR,NUCA DOR ESPALHAR
24-01-2024_17-01-45_p10_s212--zed-rgb.mpeg,212,FEZES LIQUIDAS,FEZES-LÍQUIDAS
19-02-2025_15-56-29_p0072_sP22.1_b4_CONV--ZED-RGB.mp4,P22.1,TER ALERGIA ENTÃO,VOCÊ TER ALERGIA ENTÃO
22-02-2024_11-15-11_p0017_s203_b3_CONV--zed-rgb.mpeg,203,NÂO VACINAR COVID-19,NÃO VACINAR COVID-19
05-02-2025_17-38-49_p0072_sP16_b3_CONV--ZED-RGB.mp4,P16,CORIZA NENHUM COMO SENTIR DOR URINAR,S I CORIZA NENHUM COMO TER SENTIR DOR URINAR
21-02-2024_15-46-31_p0016_s129_b2_CONV--zed-rgb.mpeg,129,LOCAL LUZES,LOCAIS LUZ-FORTE
25-03-2024_15-27-17_p0020_s211_b4_CONV--ZED-RGB.mpeg,211,FRAGMENTOS PARECE MISTURAR MOLE,FRAGMENTOS MISTURAR MOLE
19-06-2024_10-26-20_p0036_sP03_b1_CONV--ZED-RGB.mpeg,P3,COMO COMEÇAR QUE FAZER O-QUE,COMO COMEÇAR QUE VOCÊ FAZER O-QUE
03-08-2024_10-37-03_p0043_sP11.1_b3_CONV--ZED-RGB.mpeg,P11.1,SENTIR DOR DEPOIS SUMIR OUTRA-VEZ SENTIR DOR SUMIR VOLTAR SUMIR QUAL,SENTIR DOR DEPOIS SUMIR OUTRA-VEZ SENTIR DOR SUMIR VOLTAR SUMIR
29-04-2024_15-43-50_p0024_sP12_b3_CONV--ZED-RGB.mpeg,P12,DOR EXEMPLO AQUI LUGAR MESMO O U ESPALHAR LUGARES DOR ENTÃO,DOR EXEMPLO AQUI LUGAR MESMO O U ESPALHAR AQUI LUGARES ENTÃO
06-09-2024_15-19-37_p0047_s94_b2_CONV--ZED-RGB.mpeg,94,DOR OUVIDO-DIREITO DOR OUVIDO-ESQUERDO,DOR OUVIDO-DIREITO OUVIDO-ESQUERDO
10-12-2024_16-50-27_p0056_sP01_b1_CONV--ZED-RGB.mpeg,P1,O-QUE TER SENTIR QUE VIR ENTÃO,O-QUE VOCÊ SENTIR QUE VIR ENTÃO
17-12-2024_16-52-05_p0060_sP13.1_b3_CONV--ZED-RGB.mpeg,P13.1,MOMENTO EXEMPLO AQUI APERTAR VOCÊ SENTIR DOR PIORAR,MOMENTO EXEMPLO AQUI APERTAR VOCÊ SENTIR DOR PIORAR ENTÃO
23-04-2024_11-35-35_p0024_s255_b4_CONV--ZED-RGB.mpeg,255,ALERGIA T R I G O FARINHA,ALERGIA CATEGORIA T R I G O FARINHA
14-08-2024_15-36-49_p0038_sP18.2_b4_CONV--ZED-RGB.mpeg,P18.2,FEZES MOLE,VOCÊ FEZES MOLE
04-10-2024_15-13-16_p0050_sP08.2_b2_CONV--ZED-RGB.mpeg,P8.2,SENTIR DOR DEPOIS DESAPARECER,SENTIR DOR DEPOIS DESAPARECER ENTÃO
25-03-2024_16-14-59_p0020_s104_b2_CONV--ZED-RGB.mpeg,104,DOR PERNA-DIREITA PERNA-ESQUERDA DOR,DOR PERNA-DIREITA PERNA-ESQUERDA
28-09-2024_14-00-43_p0016_sP01_b1_CONV--ZED-RGB.mpeg,P1,O-QUE SENTIR QUE VIR ENTÃO,O-QUE VOCÊ SENTIR QUE VIR ENTÃO
21-02-2025_17-28-06_p0068_sP22.2_b4_CONV--ZED-RGB.mp4,P22.2,MOMENTO TER TOMAR-MEDICAMENTO SURGIR ALERGIA TER ENTÃO,MOMENTO VOCÊ TOMAR-MEDICAMENTO SURGIR TER ALERGIA TER
29-02-2024_13-43-29_p0010_s11_b1_CONV--zed-rgb.mpeg,11,DOR PÉ P É,DOR GARGANTA
23-04-2024_11-35-11_p0024_s254_b4_CONV--ZED-RGB.mpeg,254,ALERGIA CATEGORIA ÁGUA-MAR,ALERGIA COMER CATEGORIA ÁGUA-MAR
22-01-2024_17-03-30_p9_s189--zed-rgb.mpeg,189,DOR APONTAR-PERNA ESPALHAR,DOR PERNAS-ESPALHAR APONTAR-PERNA
12-03-2024_10-54-15_p0021_sP25.1_b4_CONV--zed-rgb.mpeg,P25.1,JÁ CIRURGIA ALGUM PASSADO S-I SIM QUAL,VOCÊ FAZER JÁ CIRURGIA ALGUM PASSADO S-I SIM QUAL
20-03-2024_15-23-09_p0015_sP15.4_b3_CONV--ZED-RGB.mpeg,P15.4,CATARRO COLA QUAL,CATARRO COLA COR QUAL
20-05-2024_11-47-30_p0034_s58_b1_CONV--ZED-RGB.mpeg,58,QUEBRAR-QUEBRAR-QUEBRAR,QUEBRAR QUEBRAR QUEBRAR
27-03-2024_16-04-09_p0015_s13_b1_CONV--ZED-RGB.mpeg,13,PERNA DOR,DOR PERNA
23-04-2024_15-22-19_p0026_s47_b1_CONV--ZED-RGB.mpeg,47,XIXI IGUAL SENTIR QUENTE,XIXI SENTIR IGUAL QUENTE
02-05-2024_15-45-06_p0026_sP18.3_b4_CONV--ZED-RGB.mpeg,P18.3,COMO FEZES,COMO FEZES COMO
07-05-2024_14-28-23_p0027_sP22.2_b4_CONV--ZED-RGB.mpeg,P22.2,MOMENTO TOMAR-MEDICAMENTO SURGIR VOCÊ ALERGIA TER,MOMENTO VOCÊ TOMAR-MEDICAMENTO SURGIR TER ALERGIA TER
30-08-2024_16-15-21_p0046_sP08.2_b2_CONV--ZED-RGB.mpeg,P8.2,SENTIR DOR DEPOIS DESAPARECER,SENTIR DOR DEPOIS DESAPARECER ENTÃO
31-01-2024_15-07-32_p13_sP15.4--zed-rgb.mpeg,P15.4,CATARRO COLAR COR ENTÃO,CATARRO COLA COR QUAL
08-06-2024_10-37-19_p0031_s50_b1_CONV--ZED-RGB.mpeg,50,TODA-HORA XIXI,TODA-HORA URINAR
22-01-2024_17-16-24_p9_s196--zed-rgb.mpeg,196,TOSSE CATARRO COLA SIM,TOSSE CATARRO COLA
28-08-2024_16-50-25_p0038_s58_b1_CONV--ZED-RGB.mpeg,58,QUEBRAR QUEBRAR QUEBRAR QUEBRAR,QUEBRAR QUEBRAR QUEBRAR
26-02-2024_15-24-08_p0019_sP18.2_b4_CONV--zed-rgb.mpeg,P18.2,FEZES MOLE,VOCÊ FEZES MOLE
05-06-2024_10-20-02_p0036_sP22.2_b4_CONV--ZED-RGB.mpeg,P22.2,MOMENTO TOMAR-MEDICAMENTO SURGIR ALERGIA TER,MOMENTO VOCÊ TOMAR-MEDICAMENTO SURGIR TER ALERGIA TER
17-02-2025_18-05-13_p0071_sP18.5_b4_CONV--ZED-RGB.mp4,P18.5,BARRIGA DOR ENTÃO,VOCÊ BARRIGA DOR ENTÃO
24-01-2025_15-51-59_p0060_s55_b1_CONV--ZED-RGB.mp4,55,VERMELHO NARIZ-SANGRAR,VERMELHO NARIZ-SANGRAR GRIPE
19-02-2025_15-43-19_p0072_sP18.4_b4_CONV--ZED-RGB.mp4,P18.4,UM SANGRAR DOIS M U C O COLA TRÊS P U S,UM SANGRAR DOIS M U C O COLA TRÊS PUS COR MISTURAR AMARELO BRANCO MISTURAR ENTÃO
27-05-2024_15-47-19_p0032_s188_b3_CONV--ZED-RGB.mpeg,188,DOR APONTAR-COXA PERNAS-ESPALHAR,DOR PERNAS-ESPALHAR APONTAR-COXA
24-07-2024_15-11-14_p0041_sP22.1_b4_CONV--ZED-RGB.mpeg,P22.1,TER VOCÊ ALGUMAS ALERGIA ENTÃO,VOCÊ TER ALERGIA ENTÃO
19-07-2024_15-26-31_p0040_s28_b1_CONV--ZED-RGB.mpeg,28,NARIZ-LADOS FECHAR NARIZ FECHAR,NARIZ-LADOS FECHAR
01-02-2025_12-19-15_p0070_sP24.1_b4_CONV--ZED-RGB.mp4,P24.1,VOCÊ BEBER ÁLCOOL VOCÊ BEBER VOCÊ,BEBIDA ÁLCOOL VOCÊ BEBER VOCÊ
24-01-2025_15-43-23_p0060_s36_b1_CONV--ZED-RGB.mp4,36,SUAR SUAR SUAR SUAR,SUAR SUAR SUAR
10-05-2024_16-21-26_p0033_sP01_b1_CONV--ZED-RGB.mpeg,P1,VOCÊ SENTIR QUE VIR ENTÃO,O-QUE VOCÊ SENTIR QUE VIR ENTÃO
12-03-2025_10-30-47_p0074_sP24.1_b4_CONV--ZED-RGB.mp4,P24.1,BEBIDA ÁLCOOL BEBER,BEBIDA ÁLCOOL VOCÊ BEBER VOCÊ
30-09-2024_15-42-02_p0049_s236_b4_CONV--ZED-RGB.mpeg,236,FÍGADO INFLAMADO ,FÍGADO INFLAMADO
17-08-2024_10-18-08_p0043_s30_b1_CONV--ZED-RGB.mpeg,30,PELE FERIR PELE,FERIR PELE
08-11-2024_14-42-52_p0052_s35_b1_CONV--ZED-RGB.mpeg,35,ARREPIAR  FRIO,ARREPIAR FRIO
18-04-2024_15-43-10_p0026_sP08.2_b2_CONV--ZED-RGB.mpeg,P8.2,SENTIR DOR DESAPARECER ENTÃO,SENTIR DOR DEPOIS DESAPARECER ENTÃO
31-08-2024_12-23-34_p0047_sP09.4_b3_CONV--ZED-RGB.mpeg,P9.4,TOMAR-BANHO CORPO PIOR,TOMAR-BANHO FÍSICO PIOR
20-03-2025_14-32-18_p0076_s100_b2_CONV--ZED-RGB.mp4,100,DOE VIRILHA,DOR VIRILHA
11-05-2024_09-35-13_p0034_sP10_b3_CONV--ZED-RGB.mpeg,P10,SOBRE DOR PERÍODO COMEÇA-EM-UM FRACO SEQUÊNCIA-CINCO MÉDIA ATÉ-DEZ EXTREMAMENTE-FORTE PERÍODO-TEMPO QUAL VOCÊ SENTIR QUAL ESSE-PERÍODO EQUIVALER QUAL,SOBRE DOR PERÍODO COMEÇA-EM-UM FRACO SEQUÊNCIA-CINCO MÉDIA ATÉ-DEZ EXTREMAMENTE-FORTE PERÍODO-TEMPO VOCÊ SENTIR QUAL ESSE-PERÍODO DOR EQUIVALER QUAL
07-05-2024_14-52-23_p0027_sP01_b1_CONV--ZED-RGB.mpeg,P1,SENTIR QUE VIR ENTÃO,O-QUE VOCÊ SENTIR QUE VIR ENTÃO
11-02-2025_16-53-03_p0066_s223_b4_CONV--ZED-RGB.mp4,223,VOCÊ JÁ FAZER TRATAMENTO ALGUM DOENÇA ENTÃO,DIABETES
11-03-2024_16-11-27_p0020_sP16_b3_CONV--zed-rgb.mpeg,P16,SI VOCÊ TEM CORIZA NENHUM COMO VOCÊ SENTIR DOR URINAR,S I CORIZA NENHUM COMO TER SENTIR DOR URINAR
15-02-2025_12-09-51_p0070_s128_b2_CONV--ZED-RGB.mp4,128,LOCAIS LUZ-FORTE,LOCAIS BARULHO
18-03-2024_15-29-04_p0020_s35_b1_CONV--ZED-RGB.mpeg,35,TEMPERATURA CALOR FRIO,ARREPIAR FRIO
18-03-2024_15-16-13_p0020_s11_b1_CONV--ZED-RGB.mpeg,11,DOR GARGANTA DOR,DOR GARGANTA
22-02-2024_11-20-20_p0017_s243_b3_CONV--zed-rgb.mpeg,243,NÃO USO MEDICAMENTO NÃO,NÃO TRAZER RECEITA REMÉDIO NENHUM
21-02-2024_11-55-36_p0013_s67_b1_CONV--zed-rgb.mpeg,67,VOMITAR VERMELHO TER,VOMITAR TER VERMELHO
27-03-2024_15-17-41_p0015_s116_b2_CONV--ZED-RGB.mpeg,116,APERTAR PONTADA DOR,DOR APERTAR PONTADA
18-03-2024_15-36-13_p0020_s58_b1_CONV--ZED-RGB.mpeg,58,QUEBRAR QUEBRAR QUEBRAR QUEBRAR,QUEBRAR QUEBRAR QUEBRAR
03-05-2024_18-22-56_p0031_sP09.3_b3_CONV--ZED-RGB.mpeg,P9.3,PLANO ANDAR PIOR,PLANO ANDAR FÍSICO PIOR
14-08-2024_16-05-35_p0038_s247_b4_CONV--ZED-RGB.mpeg,247,ALERGIA PÓLEN,ALERGIA FLOR PÓLEN
24-04-2024_15-39-53_p0027_sP11.2_b3_CONV--ZED-RGB.mpeg,P11.2,SENTIR DOR DIVERSAS-VEZES ENTÃO,SENTIR DOR OUTRAS-VEZES DIVERSAS-VEZES ENTÃO
22-01-2024_16-31-01_p9_s163--zed-rgb.mpeg,163,TOMAR-BANHO FÍSICO PIOR NÃO,TOMAR-BANHO CORPO PIOR NÃO
03-05-2024_18-27-13_p0031_s162_b3_CONV--ZED-RGB.mpeg,162,TOMAR-BANHO PIOR,TOMAR-BANHO CORPO PIOR
16-04-2024_11-00-30_p0025_s279_b4_CONV--ZED-RGB.mpeg,279,DUAS-DOSES BEBER DUAS-VEZES SEMANA,DUAS-DOSES TOMAR DUAS-VEZES SEMANA
12-12-2024_15-57-54_p0057_s117_b2_CONV--ZED-RGB.mpeg,117,SUAR SUAR SUAR,SUAR SUAR
21-02-2025_17-49-19_p0068_sP25.1_b4_CONV--ZED-RGB.mp4,P25.1,JÁ FAZER CIRURGIA ALGUM PASSADO S-I SIM QUAL,VOCÊ FAZER JÁ CIRURGIA ALGUM PASSADO S-I SIM QUAL
12-03-2025_10-58-12_p0074_sP01_b1_CONV--ZED-RGB.mp4,P1,CACHORRO MORDER,O-QUE VOCÊ SENTIR QUE VIR ENTÃO
05-10-2024_09-58-05_p0050_sP22.2_b4_CONV--ZED-RGB.mpeg,P22.2,MOMENTO TOMAR-MEDICAMENTO SURGIR TER ALERGIA TER,MOMENTO VOCÊ TOMAR-MEDICAMENTO SURGIR TER ALERGIA TER
23-04-2024_15-30-56_p0026_sP02_b1_CONV--ZED-RGB.mpeg,P2,QUANDO COMEÇAR,QUANDO COMEÇAR ENTÃO
05-06-2024_10-29-42_p0036_s270_b4_CONV--ZED-RGB.mpeg,270,G I M,G I N
13-11-2024_16-53-18_p0051_s36_b1_CONV--ZED-RGB.mpeg,36,SUAR SUAR,SUAR SUAR SUAR
24-07-2024_14-58-49_p0041_s219_b4_CONV--ZED-RGB.mpeg,219,FEZES-LÍQUIDAS COMIDA RESTOS COMIDA,FEZES-LÍQUIDAS RESTOS COMIDA
26-03-2024_14-58-47_p0022_sP09.1_b3_CONV--ZED-RGB.mpeg,P9.1,PEITO DOR O U FALTA A R INSPIRAR PIORAR MOMENTO FÍSICO ESFORÇAR,PEITO DOR O U FALTAR A R INSPIRAR PIORAR MOMENTO FÍSICO ESFORÇAR
08-05-2024_09-44-41_p0030_sP07_b2_CONV--ZED-RGB.mpeg,P7,SENTIR JUNTO ITENS MAIS TER ENTÃO,SENTIR JUNTO ITENS MAIS TER
08-06-2024_10-09-51_p0031_s280_b4_CONV--ZED-RGB.mpeg,280,TAÇA VINHO TOMAR UMA-VEZ SEMANA,TAÇA TOMAR VINHO UMA-VEZ SEMANA
28-09-2024_13-42-50_p0016_sP24.3_b4_CONV--ZED-RGB.mpeg,P24.3,QUANTOS VOCÊ BEBIDA,QUANTOS BEBIDA
05-06-2024_15-23-36_p0037_s253_b4_CONV--ZED-RGB.mpeg,253,O V O OVO ALERGIA,ALERGIA O V O OVO
13-05-2024_16-36-57_p0028_sP21.1_b3_CONV--ZED-RGB.mpeg,P21.1,VOCÊ TRAZER DOCUMENTO REMÉDIO,DOCUMENTO REMÉDIO VOCÊ TRAZER
02-05-2024_15-45-43_p0026_s211_b4_CONV--ZED-RGB.mpeg,211,MOLE FRAGMENTOS MOLE MISTURAR,FRAGMENTOS MISTURAR MOLE
31-01-2024_14-43-59_p13_sP09.7--zed-rgb.mpeg,P9.7,TOMAR REMEDIO AJUDAR CURAR PEITO O U FALTA A R,TOMAR-REMÉDIO AJUDAR CURAR PEITO DOR O U FALTAR A R ENTÃO
18-03-2024_15-45-59_p0020_s77_b1_CONV--ZED-RGB.mpeg,77,PRATICAR EXERCÍCIO-FÍSICO,EXERCÍCIO-FÍSICO
24-01-2025_14-34-49_p0060_sP18.1_b4_CONV--ZED-RGB.mp4,P18.1,ENOJAR O U VOMITAR,ENJOAR O U VOMITAR
31-08-2024_13-00-08_p0047_sP11.2_b3_CONV--ZED-RGB.mpeg,P11.2,SENTR DOR OUTRAS-VEZES DIVERSAS-VEZES ENTÃO,SENTIR DOR OUTRAS-VEZES DIVERSAS-VEZES ENTÃO
24-04-2024_16-07-54_p0027_sP17.2_b3_CONV--ZED-RGB.mpeg,P17.2,QUANTAS VACINAR,QUANTOS VACINAR
20-03-2024_15-14-34_p0015_s188_b3_CONV--ZED-RGB.mpeg,188,PERNAS DOR PERNAS-ESPALHAR APONTAR-COXA,DOR PERNAS-ESPALHAR APONTAR-COXA
19-06-2024_09-47-54_p0036_sP01_b1_CONV--ZED-RGB.mpeg,P1,O-QUE SENTIR QUE VIR ENTÃO,O-QUE VOCÊ SENTIR QUE VIR ENTÃO
26-02-2024_15-25-43_p0019_s211_b4_CONV--zed-rgb.mpeg,211,FRAGMENTOS MOLE MISTURAR,FRAGMENTOS MISTURAR MOLE
03-04-2024_15-31-29_p0023_sP18.3_b4_CONV--ZED-RGB.mpeg,P18.3,COMO VOCÊ FEZES COMO,COMO FEZES COMO
28-08-2024_16-31-36_p0038_s27_b1_CONV--ZED-RGB.mpeg,27,CATARRO,CATARRO GRIPE
17-09-2024_16-09-31_p0048_sP24.1_b4_CONV--ZED-RGB.mpeg,P24.1,VOCÊ BEBIDA ÁLCOOL VOCÊ BEBER VOCÊ,BEBIDA ÁLCOOL VOCÊ BEBER VOCÊ
22-01-2024_17-24-02_p9_s203--zed-rgb.mpeg,203,NÃO VACINAR COVID-19 AINDA-NÃO,NÃO VACINAR COVID-19
22-02-2024_15-49-22_p0014_sP16_b3_CONV--zed-rgb.mpeg,P16,S I CORIZA NENHUM COMO SENTIR DOR URINAR,S I CORIZA NENHUM COMO TER SENTIR DOR URINAR
06-09-2024_15-11-37_p0047_sP04_b2_CONV--ZED-RGB.mpeg,P4,TEMPO QUAL HORAS-DURAÇÃO QUAL,TEMPO QUAL HORAS-DURAÇÃO TEMPO
16-04-2024_10-16-13_p0025_sP18.1_b4_CONV--ZED-RGB.mpeg,P18.1,VOCÊ ENJOAR O U VOMITAR,ENJOAR O U VOMITAR
23-05-2024_15-09-57_p0035_sP13.1_b3_CONV--ZED-RGB.mpeg,P13.1,MOMENTO EXEMPLO AQUI APERTAR SENTIR DOR PIORAR ENTÃO,MOMENTO EXEMPLO AQUI APERTAR VOCÊ SENTIR DOR PIORAR ENTÃO
13-05-2024_16-30-51_p0028_sP16_b3_CONV--ZED-RGB.mpeg,P16,S I VOCÊ SENTIR DOR NENHUM COMO SENTIR URINAR DOR,S I CORIZA NENHUM COMO TER SENTIR DOR URINAR
09-05-2024_14-28-14_p0033_s107_b2_CONV--ZED-RGB.mpeg,107,DOR PULSAR,DOR PROFUNDO
31-01-2024_14-52-40_p13_sP11.1--zed-rgb.mpeg,P11.1,SENTIR DOR DEPOIS CURAR OUTRA-VEZ SENTIR DOR CURAR VOLTAR SUMIR,SENTIR DOR DEPOIS SUMIR OUTRA-VEZ SENTIR DOR SUMIR VOLTAR SUMIR
30-04-2024_13-22-47_p0024_sP06.6_b2_CONV--ZED-RGB.mpeg,P6.6,DOR COMO SENTIR CHOQUE,DOR IGUAL SENTIR CHOQUE
19-12-2024_15-49-09_p0062_sP10_b3_CONV--ZED-RGB.mpeg,P10,SOBRE DOR PERÍODO COMEÇA-EM-UM FRACO SEQUÊNCIA-CINCO MÉDIA ATÉ-DEZ EXTREMAMENTE-FORTE PERÍODO-TEMPO AGORA VOCÊ SENTIR ESSE-PERÍODO DOR EQUIVALER QUAL,SOBRE DOR PERÍODO COMEÇA-EM-UM FRACO SEQUÊNCIA-CINCO MÉDIA ATÉ-DEZ EXTREMAMENTE-FORTE PERÍODO-TEMPO VOCÊ SENTIR QUAL ESSE-PERÍODO DOR EQUIVALER QUAL
07-05-2024_14-42-23_p0027_s281_b4_CONV--ZED-RGB.mpeg,281,TAÇA VINHO TODO-DIA,TAÇA TOMAR VINHO TODO-DIA
08-05-2024_09-43-28_p0030_sP06.4_b2_CONV--ZED-RGB.mpeg,P6.4,DOR IGUAL QUEIMAR ENTÃO,DOR IGUAL QUEIMAR
12-12-2024_15-26-27_p0057_s83_b2_CONV--ZED-RGB.mpeg,83,UM UM-DIA,UM-DIA
10-05-2024_15-45-35_p0033_sP24.1_b4_CONV--ZED-RGB.mpeg,P24.1,BEBIDA ÁLCOOL VOCÊ BEBER,BEBIDA ÁLCOOL VOCÊ BEBER VOCÊ
16-04-2024_10-26-05_p0025_s221_b4_CONV--ZED-RGB.mpeg,221,TER P U S MISTURAR AMARELO BRANCO,TER P U S MISTURAR AMARELO BRANCO MISTURAR
05-09-2024_15-49-27_p0047_s221_b4_CONV--ZED-RGB.mpeg,221,TER P U S AMARELO MISTURAR BRANCO MISTURAR,TER P U S MISTURAR AMARELO BRANCO MISTURAR
24-05-2024_18-32-48_p0031_sP05_b2_CONV--ZED-RGB.mpeg,P5,POR-QUE VOCÊ PROCURAR VIR HOJE TER PIORAR,POR-QUE PROCURAR VIR HOJE TER PIORAR
13-03-2024_16-19-36_p0014_s283_b4_CONV--zed-rgb.mpeg,283,UM COPO CHEIO TODO-DIA,UM COPO UMA-VEZ SEMANA
29-08-2024_16-09-03_p0045_sP22.2_b4_CONV--ZED-RGB.mpeg,P22.2,MOMENTO TOMAR-MEDICAMENTO SURGIR ALERGIA TER,MOMENTO VOCÊ TOMAR-MEDICAMENTO SURGIR TER ALERGIA TER
05-06-2024_15-18-23_p0037_sP22.1_b4_CONV--ZED-RGB.mpeg,P22.1,TER ALERGIA,VOCÊ TER ALERGIA ENTÃO
21-08-2024_14-39-07_p0044_s174_b3_CONV--ZED-RGB.mpeg,174,QUATRO-VEZES DIA,TRÊS-VEZES DIA
13-12-2024_16-35-14_p0054_s70_b1_CONV--ZED-RGB.mpeg,70,1 1-HORA,1-HORA
21-01-2025_15-05-58_p0065_sP22.1_b4_CONV--ZED-RGB.mp4,P22.1,VOCÊ TER ALERGIA,VOCÊ TER ALERGIA ENTÃO
11-03-2025_15-46-10_p0073_s14_b1_CONV--ZED-RGB.mp4,14,DOR PERNA,DOR PERNA ATRÁS
13-05-2024_16-12-57_p0028_s185_b3_CONV--ZED-RGB.mpeg,185,DOR BARRIGA ESPALHAR-BARRIGA,DOR BARRIGA-ESPALHAR BARRIGA
02-04-2024_15-45-51_p0021_s197_b3_CONV--ZED-RGB.mpeg,197,CATARRO COLA TRANSPARENTE,CATARRO COLA CLARO
23-04-2024_15-25-28_p0026_s55_b1_CONV--ZED-RGB.mpeg,55,VERMELHO GRIPE NARIZ-SANGRAR,VERMELHO NARIZ-SANGRAR GRIPE
05-12-2024_16-47-51_p0055_sP18.3_b4_CONV--ZED-RGB.mpeg,P18.3,COMO VOCÊ FEZES COMO,COMO FEZES COMO
18-03-2024_15-34-45_p0020_s54_b1_CONV--ZED-RGB.mpeg,54,VERMELHO SANGRAR-BOCA SANGRAR-BOCA VERMELHO,VERMELHO SANGRAR-BOCA
18-06-2024_16-55-54_p0028_s275_b4_CONV--ZED-RGB.mpeg,275,UMA GARRAFA TODOS-OS-DIAS,UMA-GARRAFA TODOS-OS-DIAS
22-01-2024_16-26-46_p9_sP09.1--zed-rgb.mpeg,P9.1,PEITO DOR O U FALTA AR PIOR MOMENTO FÍSICO ESFORÇO,PEITO DOR O U FALTAR A R INSPIRAR PIORAR MOMENTO FÍSICO ESFORÇAR
27-03-2025_15-39-46_p0078_sP20_b3_CONV--ZED-RGB.mp4,P20,TER RELATÓRIO AO-LONGO-DO-TEMPO,VOCÊ TER RELATÓRIO AO-LONGO-DO-TEMPO
07-05-2024_14-06-44_p0027_s209_b4_CONV--ZED-RGB.mpeg,209,VONTADE NENHUM VONTADE VOMITAR,NENHUM VONTADE NADA VOMITAR
13-05-2024_16-33-08_p0028_s205_b3_CONV--ZED-RGB.mpeg,205,DOIS VACINA,TRÊS VACINA
26-03-2024_15-44-48_p0022_sP16_b3_CONV--ZED-RGB.mpeg,P16,S I CORIZA NENHUM COMO SENTIR DOR URINAR,S I CORIZA NENHUM COMO TER SENTIR DOR URINAR
25-03-2024_15-24-15_p0020_s209_b4_CONV--ZED-RGB.mpeg,209, NENHUM VONTADE NADA VOMITAR NADA,NENHUM VONTADE NADA VOMITAR
05-09-2024_15-44-00_p0047_s214_b4_CONV--ZED-RGB.mpeg,214,FEZES-LÍQUIDAS CLARO,FEZES-LÍQUIDAS BRILHANTE
07-05-2024_14-32-48_p0027_sP24.1_b4_CONV--ZED-RGB.mpeg,P24.1,BEBIDA ÁLCOOL VOCÊ BEBER VOCÊ ENTÃO,BEBIDA ÁLCOOL VOCÊ BEBER VOCÊ
29-04-2024_15-15-33_p0024_sP09.2_b3_CONV--ZED-RGB.mpeg,P9.2,SUBIR-MORRO PIOR FÍSICO,SUBIR-MORRO FÍSICO PIOR
09-05-2024_14-40-35_p0033_s117_b2_CONV--ZED-RGB.mpeg,117,SUAR SUAR SUAR,SUAR SUAR
20-02-2024_16-25-49_p0015_s225_b4_CONV--zed-rgb.mpeg,225,ARRITIMIA,ARRITMIA
02-05-2024_16-04-31_p0026_s257_b4_CONV--ZED-RGB.mpeg,257,TER NÃO-TER ALERGIA REMÉDIO,ALERGIA REMÉDIO NÃO-TER
26-08-2024_15-14-04_p0019_sP01_b1_CONV--ZED-RGB.mp4,P1,O-QUE SENTIR QUE VIR ENTÃO,O-QUE VOCÊ SENTIR QUE VIR ENTÃO
19-07-2024_14-23-37_p0040_sP08.2_b2_CONV--ZED-RGB.mpeg,P8.2,SENTIR DOR DEPOIS DESAPARECER,SENTIR DOR DEPOIS DESAPARECER ENTÃO
03-05-2024_14-05-15_p0027_s98_b2_CONV--ZED-RGB.mpeg,98,DOR BEXIGA URINAR,DOR BEXIGA
22-01-2024_16-22-30_p9_sP09.1--zed-rgb.mpeg,P9.1,DOR PEITO FALTA AR PIOR,PEITO DOR O U FALTAR A R INSPIRAR PIORAR MOMENTO FÍSICO ESFORÇAR
22-02-2024_13-41-21_p0018_s54_b1_CONV--zed-rgb.mpeg,54,BOCA SANGRAR-BOCA VERMELHO,VERMELHO SANGRAR-BOCA
14-03-2025_17-30-14_p0077_s58_b1_CONV--ZED-RGB.mp4,58,QUEBRAR QUEBRAR QUEBRAR QUEBRAR,QUEBRAR QUEBRAR QUEBRAR
13-05-2024_15-55-00_p0028_sP11.1_b3_CONV--ZED-RGB.mpeg,P11.1,SENTIR DOR DEPOIS SUMIR OUTRA-VEZ VOLTAR SENTIR DOR SUMIR VOLTAR SUMIR,SENTIR DOR DEPOIS SUMIR OUTRA-VEZ SENTIR DOR SUMIR VOLTAR SUMIR
28-03-2025_15-20-12_p0081_sP04_b2_CONV--ZED-RGB.mp4,P4,TEMPO HORAS-DURAÇÃO TEMPO,TEMPO QUAL HORAS-DURAÇÃO TEMPO
06-05-2024_15-13-31_p0032_sP18.3_b4_CONV--ZED-RGB.mpeg,P18.3,COMO DIARREIA,COMO FEZES COMO
08-06-2024_10-06-19_p0031_s275_b4_CONV--ZED-RGB.mpeg,275,UM GARRAFA TODOS-OS-DIAS,UMA-GARRAFA TODOS-OS-DIAS
03-05-2024_14-14-30_p0027_s123_b2_CONV--ZED-RGB.mpeg,123,ZUMBIDO BARULHO,ZUMBIDO OUVIDO
27-03-2024_15-15-42_p0015_s111_b2_CONV--ZED-RGB.mpeg,111,PESO DOR,DOR PESO
05-03-2024_10-45-35_p0014_sP03_b1_CONV--zed-rgb.mpeg,P3,COMO COMEÇAR QUE FAZER O-QUE,COMO COMEÇAR QUE VOCÊ FAZER O-QUE
21-02-2024_15-21-52_p0016_s94_b2_CONV--zed-rgb.mpeg,94,DOR OUVIDO-ESQUERDO OUVIDO-DIREITO,DOR OUVIDO-DIREITO OUVIDO-ESQUERDO
22-01-2024_16-29-26_p9_s160--zed-rgb.mpeg,160,PLANO-ANDAR FÍSICO PIOR,PLANO ANDAR CORPO PIOR
30-01-2025_15-59-18_p0068_s170.3_b3_CONV--ZED-RGB.mp4,170.3,1,3
30-01-2025_16-16-14_p0068_sP13.1_b3_CONV--ZED-RGB.mp4,P13.1,MOMENTO EXEMPLO AQUI APERTAR SENTIR DOR PIORAR ENTÃO,MOMENTO EXEMPLO AQUI APERTAR VOCÊ SENTIR DOR PIORAR ENTÃO
06-05-2024_15-12-25_p0032_sP18.2_b4_CONV--ZED-RGB.mpeg,P18.2,FEZES MOLE,VOCÊ FEZES MOLE
27-03-2024_16-25-41_p0015_s67_b1_CONV--ZED-RGB.mpeg,67,VOMITAR VERMELHO,VOMITAR TER VERMELHO
10-05-2024_15-30-44_p0033_sP22.1_b4_CONV--ZED-RGB.mpeg,P22.1,VOCÊ TER ALERGIA,VOCÊ TER ALERGIA ENTÃO
25-03-2024_15-47-08_p0020_s253_b4_CONV--ZED-RGB.mpeg,253,ALERGIA OVO,ALERGIA O V O OVO
22-01-2024_17-36-13_p9_sP20--zed-rgb.mpeg,P20,VOCÊ TER RELATORIO NO-DECORRER-DO-TEMPO MÉDICO,VOCÊ TER RELATÓRIO AO-LONGO-DO-TEMPO
20-05-2024_15-17-30_p0023_s89_b2_CONV--ZED-RGB.mpeg,89,,DOR LADO-CABEÇA
11-03-2025_16-02-08_p0073_s58_b1_CONV--ZED-RGB.mp4,58,QUEBRAR QUEBRAR QUEBRAR QUEBRAR QUEBRAR,QUEBRAR QUEBRAR QUEBRAR
22-02-2024_13-27-06_p0018_s26_b1_CONV--zed-rgb.mpeg,26,TOSSE,TOSSIR
31-01-2024_15-08-26_p13_s199--zed-rgb.mpeg,199,CATARRO COLAR AMARELO,CATARRO COLA AMARELO
20-05-2024_15-48-23_p0023_s131_b2_CONV--ZED-RGB.mpeg,131,TER PERÍODO MENSTRUAR,PERÍODO MENSTRUAR
27-03-2024_16-16-51_p0015_s44_b1_CONV--ZED-RGB.mpeg,44,PRESSÃO-ARTERIA ALTO-BAIXO,PRESSÃO-ARTERIAL ALTO-BAIXO-ALTO
21-08-2024_14-27-11_p0044_sP10_b3_CONV--ZED-RGB.mpeg,P10,SOBRE DOR PERÍODO COMEÇA-EM-UM FRACO SEQUÊNCIA-CINCO MÉDIA ATÉ-DEZ EXTREMAMENTE-FORTE PERÍODO-TEMPO QUAL VOCÊ SENTIR QUAL ESSE-PERÍODO DOR EQUIVALER QUAL,SOBRE DOR PERÍODO COMEÇA-EM-UM FRACO SEQUÊNCIA-CINCO MÉDIA ATÉ-DEZ EXTREMAMENTE-FORTE PERÍODO-TEMPO VOCÊ SENTIR QUAL ESSE-PERÍODO DOR EQUIVALER QUAL
22-02-2024_13-28-41_p0018_s30_b1_CONV--zed-rgb.mpeg,30,PELE FERIDAS PELE FERIDAS,FERIR PELE
11-02-2025_19-08-39_p0069_sP08.2_b2_CONV--ZED-RGB.mp4,P8.2,VOCÊ SENTIR DOR DEPOIS DESAPARECER,SENTIR DOR DEPOIS DESAPARECER ENTÃO
10-05-2024_16-10-57_p0033_s279_b4_CONV--ZED-RGB.mpeg,279,DUAS-DOSES DUAS-VEZES TOMAR SEMANA,DUAS-DOSES TOMAR DUAS-VEZES SEMANA
28-06-2024_15-40-43_p0035_sP24.1_b4_CONV--ZED-RGB.mpeg,P24.1,BEBIDA ÁLCOOL VOCÊ BEBER,BEBIDA ÁLCOOL VOCÊ BEBER VOCÊ
16-07-2024_16-42-57_p0039_sP22.2_b4_CONV--ZED-RGB.mpeg,P22.2,MOMENTO TOMAR-MEDICAMENTO SURGIR TER ALERGIA TER,MOMENTO VOCÊ TOMAR-MEDICAMENTO SURGIR TER ALERGIA TER
08-08-2024_14-53-19_p0042_s115_b2_CONV--ZED-RGB.mp4,115,VERMELHO DOR VERMELHO SANGRAR,DOR VERMELHO SANGRAR APERTAR
29-04-2024_16-58-05_p0024_s63_b1_CONV--ZED-RGB.mpeg,63,ARMA TIRO-BARRIGA,TIRO FURAR-BARRIGA
25-03-2025_18-52-51_p0079_sP20_b3_CONV--ZED-RGB.mp4,P20,VOCÊ TER RELATÓRIO TER HISTÓRIA AO-LONGO-DO-TEMPO,VOCÊ TER RELATÓRIO AO-LONGO-DO-TEMPO
28-11-2024_16-08-42_p0055_sP08.2_b2_CONV--ZED-RGB.mpeg,P8.2,SENTIR DOR DEPOIS DESAPARECER,SENTIR DOR DEPOIS DESAPARECER ENTÃO
21-12-2024_09-19-28_p0061_sP18.2_b4_CONV--ZED-RGB.mpeg,P18.2,FEZES MOLE,VOCÊ FEZES MOLE
22-02-2024_11-14-19_p0017_sP16_b3_CONV--zed-rgb.mpeg,P16,S E CORIZA NENHUM COMO SENTIR DOR URINAR,S I CORIZA NENHUM COMO TER SENTIR DOR URINAR
25-03-2024_16-08-06_p0020_sP05_b2_CONV--ZED-RGB.mpeg,P5,POR-QUE PROCURAR CONSULTAR HOJE TER SENTIR PIORAR HOJE,POR-QUE PROCURAR VIR HOJE TER PIORAR
12-12-2024_19-31-45_p0058_sP08.2_b2_CONV--ZED-RGB.mpeg,P8.2,SENTIR DOR DEPOIS DESAPARECER,SENTIR DOR DEPOIS DESAPARECER ENTÃO
24-04-2024_15-48-58_p0027_s183_b3_CONV--ZED-RGB.mpeg,183,DOR OMBRO ESPALHAR,DOR ESPALHAR OMBRO
19-06-2024_11-12-15_p0036_s188_b3_CONV--ZED-RGB.mpeg,188,DOR PERNAS-ESPALHAR,DOR PERNAS-ESPALHAR APONTAR-COXA
10-05-2024_16-49-14_p0033_sP02_b1_CONV--ZED-RGB.mpeg,P2,QUANDO COMEÇAR,QUANDO COMEÇAR ENTÃO
20-02-2024_16-41-23_p0015_s245_b4_CONV--zed-rgb.mpeg,245,TER ÁCARO ALERGIA,ÁCARO ALERGIA
22-04-2024_09-22-02_p0025_s173_b3_CONV--ZED-RGB.mpeg,173,SEMPRESEMPRE,SEMPRE SEMPRE
16-04-2024_15-36-16_p0016_sP11.2_b3_CONV--ZED-RGB.mpeg,P11.2,SENTIR DOR DIVERSAS-VEZES OUTRAS-VEZES ENTÃO,SENTIR DOR OUTRAS-VEZES DIVERSAS-VEZES ENTÃO
13-03-2024_15-08-30_p0014_s118_b2_CONV--zed-rgb.mpeg,118,OLHOS LACRIMEJAR OLHOS LACRIMEJAR,OLHOS LACRIMEJAR
10-05-2024_09-32-09_p0030_sP18.1_b4_CONV--ZED-RGB.mpeg,P18.1,VOCÊ ENJOAR O U VOMITAR,ENJOAR O U VOMITAR
12-03-2025_10-27-28_p0074_sP22.2_b4_CONV--ZED-RGB.mp4,P22.2,MOMENTO TOMAR-MEDICAMENTO SURGIR ALERGIA TER,MOMENTO VOCÊ TOMAR-MEDICAMENTO SURGIR TER ALERGIA TER
29-04-2024_15-52-50_p0024_sP13.2_b3_CONV--ZED-RGB.mpeg,P13.2,MOMENTO DOR PIORAR ENTÃO FICAR-EM-PÉ SENTAR DEITAR PIORAR SENTIR DOR ENTÃO,MOMENTO FICAR-EM-PÉ SENTAR DEITAR DOR PIORAR
28-09-2024_13-39-22_p0016_sP24.1_b4_CONV--ZED-RGB.mpeg,P24.1,BEBIDA ÁLCOOL VOCÊ BEBER,BEBIDA ÁLCOOL VOCÊ BEBER VOCÊ
01-02-2025_13-20-32_p0064_s222_b4_CONV--ZED-RGB.mp4,222,VOCÊ BARRIGA DOR ENTÃO,DOR-BARRIGA NENHUM
22-02-2024_14-28-27_p0018_sP08.2_b2_CONV--zed-rgb.mpeg,P8.2,SENTIR DOR DEPOIS DESAPARECER,SENTIR DOR DEPOIS DESAPARECER ENTÃO
24-01-2024_17-00-42_p10_sP18.3--zed-rgb.mpeg,P18.3,COMO FEZES,COMO FEZES COMO
27-05-2024_15-48-10_p0032_s189_b3_CONV--ZED-RGB.mpeg,189,DOR APONTAR-PERNA PERNAS-ESPALHAR,DOR PERNAS-ESPALHAR APONTAR-PERNA
20-05-2024_15-29-35_p0023_s102_b2_CONV--ZED-RGB.mpeg,102,DOR BRAÇO-ESQUERDO BRAÇO-DIREITO,DOR BRAÇO-DIREITO BRAÇO-ESQUERDO
10-05-2024_10-00-25_p0030_sP24.2_b4_CONV--ZED-RGB.mpeg,P24.2,VOCÊ BEBIDA QUAL,BEBIDA QUAL
18-06-2024_16-16-06_p0028_sP18.4_b4_CONV--ZED-RGB.mpeg,P18.4,TER UM SANGRAR DOIS M U C O MUCO TRÊS P U S BRANCO MISTURAR AMARELO,UM SANGRAR DOIS M U C O COLA TRÊS PUS COR MISTURAR AMARELO BRANCO MISTURAR ENTÃO
24-05-2024_18-46-19_p0031_sP06.6_b2_CONV--ZED-RGB.mpeg,P6.6,DOR IGUAL CHOQUE,DOR IGUAL SENTIR CHOQUE
24-01-2024_17-04-24_p10_sP18.4--zed-rgb.mpeg,P18.4,FEZES LÍQUIDAS COMIDA RESTO,UM SANGRAR DOIS M U C O COLA TRÊS PUS COR MISTURAR AMARELO BRANCO MISTURAR ENTÃO
23-04-2024_11-39-57_p0024_s260_b4_CONV--ZED-RGB.mpeg,260,NÃO FUMAR NÃO,NÃO FUMAR
24-04-2024_15-53-41_p0027_sP13.1_b3_CONV--ZED-RGB.mpeg,P13.1,MOMENTO EXEMPLO AQUI APERTAR VOCÊ SENTE DOR PIORAR ENTÃO,MOMENTO EXEMPLO AQUI APERTAR VOCÊ SENTIR DOR PIORAR ENTÃO
24-04-2024_16-19-41_p0027_s208_b3_CONV--ZED-RGB.mpeg,208,NÃO TRAZER CARTÃO-DE-VACINA,NÃO TRAZER CARTÃO-DE-VACINA NENHUM
06-02-2025_14-03-25_p0067_sP08.2_b2_CONV--ZED-RGB.mp4,P8.2,SENTIR DOR DEPOIS DESAPARECER,SENTIR DOR DEPOIS DESAPARECER ENTÃO
25-03-2024_16-26-20_p0020_s125_b2_CONV--ZED-RGB.mpeg,125,CATEGORIA COMER ÁCIDO MAIS APIMENTADO,COMER CATEGORIA ÁCIDO MAIS APIMENTADO
11-03-2025_15-05-00_p0073_sP18.3_b4_CONV--ZED-RGB.mp4,P18.3,COMO VOCÊ FEZES COMO,COMO FEZES COMO
13-03-2024_15-56-52_p0014_s236_b4_CONV--zed-rgb.mpeg,236,FÍGADO INFLAMADO FÍGADO INFLAMADO,FÍGADO INFLAMADO
18-03-2024_11-15-30_p0013_s221_b4_CONV--ZED-RGB.mpeg,221,TER P U S BRANCO MISTURAR AMARELO,TER P U S MISTURAR AMARELO BRANCO MISTURAR
18-03-2024_15-17-43_p0020_s16_b1_CONV--ZED-RGB.mpeg,16,DOR FALTAR AR PEITO,RESPIRAR FALTAR
11-03-2024_15-46-52_p0020_sP11.5_b3_CONV--zed-rgb.mpeg,P11.5,PERÍODO SENTIR DOR AUMENTAR,PERÍODO DOR TER AUMENTAR
22-02-2024_14-10-31_p0018_s109_b2_CONV--zed-rgb.mpeg,109,DOR FORTE,DOR MUITO-FORTE
18-03-2024_15-19-14_p0020_s21_b1_CONV--ZED-RGB.mpeg,21,BARRIGA DIARREIA,EVACUAR-ESPALHAR
26-02-2025_10-21-22_p0074_s131_b2_CONV--ZED-RGB.mp4,131,TER PERÍODO MENSTRUAR,PERÍODO MENSTRUAR
21-02-2024_15-27-26_p0016_s109_b2_CONV--zed-rgb.mpeg,109,DOR FORTE,DOR MUITO-FORTE
20-02-2024_16-14-29_p0015_sP18.2_b4_CONV--zed-rgb.mpeg,P18.2,FEZES MOLE,VOCÊ FEZES MOLE
29-08-2024_16-14-37_p0045_sP24.1_b4_CONV--ZED-RGB.mpeg,P24.1,BEBIDA ÁLCOOL VOCÊ BEBER,BEBIDA ÁLCOOL VOCÊ BEBER VOCÊ
18-03-2024_11-07-00_p0013_sP18.2_b4_CONV--ZED-RGB.mpeg,P18.2,FEZES MOLE,VOCÊ FEZES MOLE
22-02-2024_16-07-22_p0014_s243_b3_CONV--zed-rgb.mpeg,243,NÃO USAR MEDICAMENTO NÃO,NÃO TRAZER RECEITA REMÉDIO NENHUM
13-05-2024_15-26-34_p0028_sP09.1_b3_CONV--ZED-RGB.mpeg,P9.1,PEITO DOR O U FALTAR INSPIRAR A R FÍSICO PIORAR MOMENTO FALTAR ESFORÇAR,PEITO DOR O U FALTAR A R INSPIRAR PIORAR MOMENTO FÍSICO ESFORÇAR
07-05-2024_14-07-10_p0027_sP18.2_b4_CONV--ZED-RGB.mpeg,P18.2,FEZES MOLE,VOCÊ FEZES MOLE
11-03-2024_16-05-48_p0020_s197_b3_CONV--zed-rgb.mpeg,197,CATARRO COLA ESSE CLARO,CATARRO COLA CLARO
04-09-2024_14-26-16_p0044_sP18.4_b4_CONV--ZED-RGB.mp4,P18.4,UM SANGRAR DOIS M U C O COLA TRÊS P U S COR MISTURAR AMARELO BRANCO MISTURAR ENTÃO,UM SANGRAR DOIS M U C O COLA TRÊS PUS COR MISTURAR AMARELO BRANCO MISTURAR ENTÃO
31-03-2025_18-33-31_p0079_s247_b4_CONV--ZED-RGB.mp4,247,ALERGIA FLOR CLARO,ALERGIA FLOR PÓLEN
03-12-2024_16-23-25_p0056_sP16_b3_RAW--ZED-RGB_FRONT.aviCONV--ZED-RGB.mpeg,P16,S I VOCÊ TER CORIZA NENHUM COMO TER SENTIR DOR URINAR,S I CORIZA NENHUM COMO TER SENTIR DOR URINAR
13-03-2024_16-10-08_p0014_sP24.1_b4_CONV--zed-rgb.mpeg,P24.1,VOCÊ BEBIDA ÁLCOOL VOCÊ BEBER VOCÊ,BEBIDA ÁLCOOL VOCÊ BEBER VOCÊ
28-03-2025_15-41-40_p0081_s118_b2_CONV--ZED-RGB.mp4,118,OLHOS LACRIMEJAR OLHOS LACRIMEJAR,OLHOS LACRIMEJAR
12-03-2025_10-18-58_p0074_s235_b4_CONV--ZED-RGB.mp4,235,ODESIDADE,OBESIDADE
31-01-2024_15-00-09_p13_s185--zed-rgb.mpeg,185,DOR BARRIGA ESPALHAR,DOR BARRIGA-ESPALHAR BARRIGA
20-05-2024_11-54-48_p0034_sP03_b1_CONV--ZED-RGB.mpeg,P3,COMO COMEÇAR QUE FAZER O-QUE,COMO COMEÇAR QUE VOCÊ FAZER O-QUE
22-02-2024_13-33-17_p0018_s36_b1_CONV--zed-rgb.mpeg,36,SUAR SUAR SUAR SUAR SUAR,SUAR SUAR SUAR
08-08-2024_14-37-06_p0042_sP04_b2_CONV--ZED-RGB.mp4,P4,QUAL TEMPO HORAS-DURAÇÃO TEMPO,TEMPO QUAL HORAS-DURAÇÃO TEMPO
26-08-2024_16-37-07_p0019_sP12_b3_CONV--ZED-RGB.mp4,P12,DOR EXEMPLO AQUI LUGAR MESMO O U ESPALHAR AQUI LUGARES,DOR EXEMPLO AQUI LUGAR MESMO O U ESPALHAR AQUI LUGARES ENTÃO
20-02-2024_16-45-19_p0015_s253_b4_CONV--zed-rgb.mpeg,253,OVO ALERGIA,ALERGIA O V O OVO
15-02-2025_10-35-13_p0065_sP05_b2_CONV--ZED-RGB.mp4,P5,POR-QUE PROCURAR HOJE VIR PIORAR,POR-QUE PROCURAR VIR HOJE TER PIORAR
08-04-2024_15-58-55_p0021_sP08.2_b2_CONV--ZED-RGB.mpeg,P8.2,SENTIR DOR DEPOIS DESAPARECER,SENTIR DOR DEPOIS DESAPARECER ENTÃO
08-08-2024_14-39-25_p0042_sP05_b2_CONV--ZED-RGB.mp4,P5,POR-QUE VOCÊ PROCURAR VIR HOJE ENTÃO ACONTECER PIORAR,POR-QUE PROCURAR VIR HOJE TER PIORAR
22-02-2024_13-44-30_p0018_s60_b1_CONV--zed-rgb.mpeg,60,AGRESSÃO,AGREDIR
31-08-2024_14-02-27_p0047_s202_b3_CONV--ZED-RGB.mpeg,202,CATARRO COLA PONTOS VERMELHO PONTOS,CATARRO COLA SANGUE PONTOS
24-01-2024_16-59-59_p10_sP18.2--zed-rgb.mpeg,P18.2,FEZES LÍQUIDAS,VOCÊ FEZES MOLE
02-05-2024_16-17-27_p0026_s280_b4_CONV--ZED-RGB.mpeg,280,TAÇA VINHO UMA-VEZ SEMANA,TAÇA TOMAR VINHO UMA-VEZ SEMANA
08-04-2024_16-52-09_p0021_s56_b1_CONV--ZED-RGB.mpeg,56,FEZES VERMELHO,VERMELHO FEZES
07-02-2025_16-56-40_p0046_sP16_b3_CONV--ZED-RGB.mp4,P16,S I VOCÊ CORIZA NENHUM COMO SENTIR DOR URINAR,S I CORIZA NENHUM COMO TER SENTIR DOR URINAR
13-02-2025_19-19-45_p0070_s7_b1_CONV--ZED-RGB.mp4,7, DOR PEITO,DOR PEITO
29-02-2024_14-14-01_p0010_s67_b1_CONV--zed-rgb.mpeg,67,VOMITAR VERMELHO,VOMITAR TER VERMELHO
05-09-2024_15-31-46_p0047_sP02_b1_CONV--ZED-RGB.mpeg,P2,QUANDO COMEÇAR,QUANDO COMEÇAR ENTÃO
22-02-2024_13-34-07_p0018_s37_b1_CONV--zed-rgb.mpeg,37,VERMELHO SANGUE DOCE BAIXA-ALTA,VERMELHO SANGUE DOCE BAIXO-ALTO
21-02-2024_15-47-14_p0016_s131_b2_CONV--zed-rgb.mpeg,131,PERÍODO MESTRUAR,PERÍODO MENSTRUAR
31-01-2024_15-00-23_p13_s186--zed-rgb.mpeg,186,COSTAS DOR ESPLAHAR,COSTAS DOR ESPALHAR
26-02-2024_16-23-30_p0019_s283_b4_CONV--zed-rgb.mpeg,283,UM COPO CHEIO TODO-DIA,UM COPO UMA-VEZ SEMANA
12-12-2024_15-35-40_p0057_s94_b2_CONV--ZED-RGB.mpeg,94,DOR OUVIDO-ESQUERDO OUVIDO-DIREITO,DOR OUVIDO-DIREITO OUVIDO-ESQUERDO
19-02-2025_16-35-20_p0072_s22_b1_CONV--ZED-RGB.mp4,22,EVACUAR-ESPALHAR,EVACUAR MOLE VERMELHO
31-01-2024_14-55-34_p13_s177--zed-rgb.mpeg,177,1 ANO,UM ANO
29-04-2024_16-47-24_p0024_s37_b1_CONV--ZED-RGB.mpeg,37,VERMELHO SANGUE DOCE BAIXO-ALTO BAIXO-ALTO,VERMELHO SANGUE DOCE BAIXO-ALTO
27-03-2024_15-10-24_p0015_s100_b2_CONV--ZED-RGB.mpeg,100,VIRILHA DOR,DOR VIRILHA
13-05-2024_16-04-15_p0028_sP12_b3_CONV--ZED-RGB.mpeg,P12,SENTIR DOR EXEMPLO AQUI LUGAR MESMO O U AQUI LUGARES,DOR EXEMPLO AQUI LUGAR MESMO O U ESPALHAR AQUI LUGARES ENTÃO
27-05-2024_16-08-52_p0032_s243_b3_CONV--ZED-RGB.mpeg,243,TRAZER NÃO RECEITA REMÉDIO NENHUM,NÃO TRAZER RECEITA REMÉDIO NENHUM
07-12-2024_11-21-14_p0053_s63_b1_CONV--ZED-RGB.mp4,63,TIRO,TIRO FURAR-BARRIGA
19-06-2024_15-59-18_p0023_s244_b3_CONV--ZED-RGB.mpeg,244,NÃO USAR MEDICAMENTO,NÃO USAR MEDICAMENTO NÃO
30-01-2025_15-53-52_p0068_sP10_b3_CONV--ZED-RGB.mp4,P10,SOBRE DOR PERÍODO COMEÇA-EM-UM FRACO SEQUÊNCIA-CINCO MÉDIA ATÉ-DEZ EXTREMAMENTE-FORTE PERÍODO-TEMPO QUE VOCÊ SENTIR QUAL ESSE-PERÍODO DOR EQUIVALER QUAL,SOBRE DOR PERÍODO COMEÇA-EM-UM FRACO SEQUÊNCIA-CINCO MÉDIA ATÉ-DEZ EXTREMAMENTE-FORTE PERÍODO-TEMPO VOCÊ SENTIR QUAL ESSE-PERÍODO DOR EQUIVALER QUAL
28-06-2024_15-48-04_p0035_s279_b4_CONV--ZED-RGB.mpeg,279,DUAS-DOSES DUAS-VEZES SEMANA,DUAS-DOSES TOMAR DUAS-VEZES SEMANA
31-03-2025_18-42-15_p0079_sP24.1_b4_CONV--ZED-RGB.mp4,P24.1,VOCÊ BEBER ÁLCOOL BEBER VOCÊ,BEBIDA ÁLCOOL VOCÊ BEBER VOCÊ
03-05-2024_19-01-23_p0031_sP16_b3_CONV--ZED-RGB.mpeg,P16,S I VOCÊ CORIZA NENHUM COMO TER SENTIR URINAR DOR,S I CORIZA NENHUM COMO TER SENTIR DOR URINAR
13-02-2025_14-51-16_p0067_s22_b1_CONV--ZED-RGB.mp4,22,GARGANTA EVACUAR VERMELHO MOLE,EVACUAR MOLE VERMELHO
27-05-2024_16-50-12_p0032_s45_b1_CONV--ZED-RGB.mpeg,45,OLHOS PROBLEMA,PROBLEMA OLHOS
06-08-2024_16-43-36_p0039_sP02_b1_CONV--ZED-RGB.mpeg,P2,QUANDO COMEÇAR,QUANDO COMEÇAR ENTÃO
31-01-2024_14-41-27_p13_s164--zed-rgb.mpeg,164,DEITADO CALMO PIOR,DEITAR CALMA PIOR
27-03-2024_16-28-30_p0015_sP03_b1_CONV--ZED-RGB.mpeg,P3,COMO COMEÇAR QUE FAZER O-QUE,COMO COMEÇAR QUE VOCÊ FAZER O-QUE
03-08-2024_11-02-57_p0043_sP10_b3_CONV--ZED-RGB.mpeg,P10,SOBRE DOR PERÍODO COMEÇA-EM-UM FRACO SEQUÊNCIA-CINCO MÉDIA ATÉ-DEZ EXTREMAMENTE-FORTE PERÍODO-TEMPO QUAL VOCÊ SENTIR ESSE-PERÍODO DOR EQUIVALER QUAL,SOBRE DOR PERÍODO COMEÇA-EM-UM FRACO SEQUÊNCIA-CINCO MÉDIA ATÉ-DEZ EXTREMAMENTE-FORTE PERÍODO-TEMPO VOCÊ SENTIR QUAL ESSE-PERÍODO DOR EQUIVALER QUAL
20-02-2024_16-18-00_p0015_s214_b4_CONV--zed-rgb.mpeg,214,FEZES-LÍQUIDASBRILHANTE,FEZES-LÍQUIDAS BRILHANTE
13-05-2024_16-16-10_p0028_s190_b3_CONV--ZED-RGB.mpeg,190,SENTIR DOER APERTAR-BRAÇO SIM,SIM APERTAR-BRAÇO DOER
17-12-2024_16-34-03_p0060_sP11.1_b3_CONV--ZED-RGB.mpeg,P11.1,SENTIR DOR DEPOIS SUMIR OUTRA-VEZ SENTIR DOR SUMIR VOLTAR SUMIR ENTÃO,SENTIR DOR DEPOIS SUMIR OUTRA-VEZ SENTIR DOR SUMIR VOLTAR SUMIR
10-05-2024_15-04-17_p0033_s209_b4_CONV--ZED-RGB.mpeg,209,NENHUM VONTADE VOMITAR,NENHUM VONTADE NADA VOMITAR
07-12-2024_10-35-51_p0053_sP22.2_b4_CONV--ZED-RGB.mp4,P22.2,MOMENTO VOCÊ TOMAR-MEDICAMENTO SURGIR TER ALERGIA TER ENTÃO,MOMENTO VOCÊ TOMAR-MEDICAMENTO SURGIR TER ALERGIA TER
13-05-2024_16-08-06_p0028_s183_b3_CONV--ZED-RGB.mpeg,183,DOR OMBRO ESPALHAR OMBRO,DOR ESPALHAR OMBRO
17-08-2024_10-50-55_p0043_sP18.4_b4_CONV--ZED-RGB.mpeg,P18.4,UM SANGRAR DOIS M U C O COLA TRÊS P U S COR MISTURAR AMARELO BRANCO MISTURAR ENTÃO,UM SANGRAR DOIS M U C O COLA TRÊS PUS COR MISTURAR AMARELO BRANCO MISTURAR ENTÃO
30-09-2024_15-53-22_p0049_sP22.2_b4_CONV--ZED-RGB.mpeg,P22.2,VOCÊ MOMENTO VOCÊ TOMAR-MEDICAMENTO SURGIR TER ALERGIA TER,MOMENTO VOCÊ TOMAR-MEDICAMENTO SURGIR TER ALERGIA TER
10-05-2024_10-10-01_p0030_sP25.1_b4_CONV--ZED-RGB.mpeg,P25.1,VOCÊ JÁ FAZER CIRURGIA ALGUM S-I SIM QUAL,VOCÊ FAZER JÁ CIRURGIA ALGUM PASSADO S-I SIM QUAL
27-05-2024_16-02-05_p0032_s202_b3_CONV--ZED-RGB.mpeg,202,CATARRO COLA VERMELHO PONTOS,CATARRO COLA SANGUE PONTOS
24-01-2024_17-36-41_p10_s274--zed-rgb.mpeg,274,DUAS LATAS DUAS-VEZEZ SEMANA,DOIS LATAS DUAS-VEZES SEMANA
04-07-2024_16-06-51_p0039_sP17.1_b3_CONV--ZED-RGB.mpeg,P17.1,JÁ VACINAR COVID-19,VOCÊ JÁ VACINAR COVID-19
02-05-2024_15-08-42_p0026_sP13.1_b3_CONV--ZED-RGB.mpeg,P13.1,MOMENTO EXEMPLO AQUI APERTAR SENTIR DOR PIORAR ENTÃO,MOMENTO EXEMPLO AQUI APERTAR VOCÊ SENTIR DOR PIORAR ENTÃO
11-03-2024_15-55-32_p0020_s191_b3_CONV--zed-rgb.mpeg,191,MOMENTO APERTAR DOR NÃO PIOR NÃO,MOMENTO APERTAR-BRAÇO DOR PIORAR NÃO
16-07-2024_16-33-55_p0039_s238_b4_CONV--ZED-RGB.mpeg,238,RINS FRACO,SUAR TIREÓIDE DIMINUIR
24-04-2024_15-41-14_p0027_sP11.3_b3_CONV--ZED-RGB.mpeg,P11.3,NO-DECORRER-DO-TEMPO SENTIR DOR NO-TOTAL QUANTOS QUANDO,NO-DECORRER-DO-TEMPO SENTIR DOR NO-TOTAL QUANTOS
22-02-2024_11-11-56_p0017_s196_b3_CONV--zed-rgb.mpeg,196,CATARRO COLA TOSSE,TOSSE CATARRO COLA
20-05-2024_11-40-43_p0034_s45_b1_CONV--ZED-RGB.mpeg,45,OLHOS PROBLEMA,PROBLEMA OLHOS
20-03-2024_15-12-50_p0015_s184_b3_CONV--ZED-RGB.mpeg,184,BRAÇO DOR BRAÇO-ESPALHAR,DOR BRAÇO-ESPALHAR
19-06-2024_15-32-37_p0023_s186_b3_CONV--ZED-RGB.mpeg,186,DOR COSTAS ESPALHAR,COSTAS DOR ESPALHAR
29-04-2024_16-10-55_p0024_s243_b3_CONV--ZED-RGB.mpeg,243,NÃO TRAZER RECEITA REMÉDIO,NÃO TRAZER RECEITA REMÉDIO NENHUM
19-02-2025_16-05-18_p0072_sP23.2_b4_CONV--ZED-RGB.mp4,P23.2,TOTAL TEMPO,TOTAL TEMPO QUANTO
08-01-2025_16-44-20_p0063_s69_b1_CONV--ZED-RGB.mp4,69,30 minutos,30 MINUTO
26-02-2025_10-27-30_p0074_sP08.2_b2_CONV--ZED-RGB.mp4,P8.2,SENTIR DOR DEPOIS DESAPARECER,SENTIR DOR DEPOIS DESAPARECER ENTÃO
11-03-2024_15-30-54_p0020_sP09.5_b3_CONV--zed-rgb.mpeg,P9.5,DEITAR CORPO PIOR,DEITAR CALMA PIOR
28-08-2024_09-24-36_p0044_s89_b2_CONV--ZED-RGB.mpeg,89,DOR TESTA,DOR LADO-CABEÇA
31-08-2024_13-20-41_p0047_s190_b3_CONV--ZED-RGB.mpeg,190,SIM DOR APERTAR-BRAÇO DOER,SIM APERTAR-BRAÇO DOER
27-03-2024_15-31-56_p0015_sP08.2_b2_CONV--ZED-RGB.mpeg,P8.2,SENTIR DOR DEPOIS DESAPARECER,SENTIR DOR DEPOIS DESAPARECER ENTÃO
22-01-2024_16-48-42_p9_s174--zed-rgb.mpeg,174,3-VEZES DIA,TRÊS-VEZES DIA
22-02-2024_14-27-49_p0018_s142_b2_CONV--zed-rgb.mpeg,142,MEXER-CORPO DOR PIORAR,MOVIMENTAR-CORPO DOR PIORAR
28-09-2024_14-34-42_p0016_sP02_b1_CONV--ZED-RGB.mpeg,P2,QUANDO COMEÇAR,QUANDO COMEÇAR ENTÃO
20-03-2024_15-32-49_p0015_s244_b3_CONV--ZED-RGB.mpeg,244,USAR MEDICAMENTO NÃO,NÃO USAR MEDICAMENTO NÃO
07-05-2024_14-38-41_p0027_s275_b4_CONV--ZED-RGB.mpeg,275,UMA-GARRAFA TODO-DIA,UMA-GARRAFA TODOS-OS-DIAS
07-01-2025_15-16-49_p0062_s265_b4_CONV--ZED-RGB.mp4,265,,VINHO
25-03-2025_18-51-24_p0079_s206_b3_CONV--ZED-RGB.mp4,206,VOCÊ JÁ VACINAR GRIPE,QUATRO VACINA
27-03-2025_15-30-26_p0078_s195_b3_CONV--ZED-RGB.mp4,195,CATARRO TER O-U TER-NÃO,CATARRO COLA NENHUM
03-04-2024_16-08-43_p0023_sP24.3_b4_CONV--ZED-RGB.mpeg,P24.3,QUANTAS VOCÊ BEBE,QUANTOS BEBIDA
16-04-2024_15-17-24_p0016_sP09.1_b3_CONV--ZED-RGB.mpeg,P9.1,PEITO DOR O U FALTAR INSPIRAR A R INSPIRAR PIORAR MOMENTO FÍSICO ESFORÇAR,PEITO DOR O U FALTAR A R INSPIRAR PIORAR MOMENTO FÍSICO ESFORÇAR
08-07-2024_12-27-31_p0040_s275_b4_CONV--ZED-RGB.mpeg,275,GARRAFA TODO-DIA,UMA-GARRAFA TODOS-OS-DIAS
18-03-2024_15-42-50_p0020_s67_b1_CONV--ZED-RGB.mpeg,67,VOMITAR VERMELHO,VOMITAR TER VERMELHO
22-02-2024_11-39-27_p0017_sP18.4_b4_CONV--zed-rgb.mpeg,P18.4,UM SANGRAR DOIS M U C O COLA TRÊS P U S COR MISTURAR AMARELO BRANCO MISTURAR ENTÃO,UM SANGRAR DOIS M U C O COLA TRÊS PUS COR MISTURAR AMARELO BRANCO MISTURAR ENTÃO
06-05-2024_15-35-40_p0032_sP22.1_b4_CONV--ZED-RGB.mpeg,P22.1,TER ALERGIA ENTÃO,VOCÊ TER ALERGIA ENTÃO
19-06-2024_10-50-39_p0036_sP10_b3_CONV--ZED-RGB.mpeg,P10,SOBRE DOR PERÍODO COMEÇA-EM-UM FRACO SEQUÊNCIA-CINCO MÉDIA ATÉ-DEZ EXTREMAMENTE-FORTE PERÍODO-TEMPO QUAL SENTIR ESSE-PERÍODO DOR EQUIVALER QUAL,SOBRE DOR PERÍODO COMEÇA-EM-UM FRACO SEQUÊNCIA-CINCO MÉDIA ATÉ-DEZ EXTREMAMENTE-FORTE PERÍODO-TEMPO VOCÊ SENTIR QUAL ESSE-PERÍODO DOR EQUIVALER QUAL
18-06-2024_15-30-28_p0028_sP08.2_b2_CONV--ZED-RGB.mpeg,P8.2,SENTIR DOR DEPOIS DESAPARECER,SENTIR DOR DEPOIS DESAPARECER ENTÃO
07-01-2025_15-08-42_p0062_sP22.2_b4_CONV--ZED-RGB.mp4,P22.2,MOMENTO VOCÊ TOMAR-MEDICAMENTO SURGIR ALERGIA TER ENTÃO,MOMENTO VOCÊ TOMAR-MEDICAMENTO SURGIR TER ALERGIA TER
03-05-2024_18-27-32_p0031_s163_b3_CONV--ZED-RGB.mpeg,163,TOMAR-BANHO PIOR NÃO,TOMAR-BANHO CORPO PIOR NÃO
18-04-2024_15-41-54_p0026_s142_b2_CONV--ZED-RGB.mpeg,142,MOVIMENTAR-CORPO CHAMAR PIORAR,MOVIMENTAR-CORPO DOR PIORAR
29-04-2024_16-43-05_p0024_s30_b1_CONV--ZED-RGB.mpeg,30,PELE FERIR PELE,FERIR PELE
22-01-2024_16-35-41_p9_s169--zed-rgb.mpeg,169,TOMAR-REMÉDIO MELHORAR-NÃO,REMÉDIO CURAR-NÃO
20-05-2024_12-29-25_p0034_sP24.1_b4_CONV--ZED-RGB.mpeg,P24.1,BEBIDA ÁLCOOL VOCÊ BEBER ÁLCOOL,BEBIDA ÁLCOOL VOCÊ BEBER VOCÊ
19-02-2025_16-02-41_p0072_sP22.2_b4_CONV--ZED-RGB.mp4,P22.2,MOMENTO TOMAR-MEDICAMENTO SURGIR TER ALERGIA TER,MOMENTO VOCÊ TOMAR-MEDICAMENTO SURGIR TER ALERGIA TER
28-06-2024_15-05-04_p0035_sP18.2_b4_CONV--ZED-RGB.mpeg,P18.2,FEZES MOLE,VOCÊ FEZES MOLE
27-03-2024_16-00-46_p0015_s8_b1_CONV--ZED-RGB.mpeg,8,COSTAS DOR,DOR COSTAS
21-02-2025_17-37-20_p0068_sP24.1_b4_CONV--ZED-RGB.mp4,P24.1,BEBIDA ÁLCOOL BEBER VOCÊ ENTÃO,BEBIDA ÁLCOOL VOCÊ BEBER VOCÊ
28-09-2024_13-33-49_p0016_sP22.2_b4_CONV--ZED-RGB.mpeg,P22.2,MOMENTO TOMAR-MEDICAMENTO SURGIR TER ALERGIA TER,MOMENTO VOCÊ TOMAR-MEDICAMENTO SURGIR TER ALERGIA TER
02-04-2024_15-26-10_p0021_sP11.3_b3_CONV--ZED-RGB.mpeg,P11.3,NO-DECORRER-DO-TEMPO SENTIR DOR NO-TOTAL QUANTOS QUANDO,NO-DECORRER-DO-TEMPO SENTIR DOR NO-TOTAL QUANTOS
19-02-2025_16-52-59_p0072_s58_b1_CONV--ZED-RGB.mp4,58,QUEBRAR QUEBRAR QUEBRAR QUEBRAR,QUEBRAR QUEBRAR QUEBRAR
13-03-2024_16-20-03_p0014_sP25.1_b4_CONV--zed-rgb.mpeg,P25.1,VOCÊ FAZER JÁ CIRURGIA QUANTOS PASSADO SI SIM QUAL,VOCÊ FAZER JÁ CIRURGIA ALGUM PASSADO S-I SIM QUAL
12-06-2024_10-24-44_p0036_s148.19_b2_CONV--ZED-RGB.mpeg,148.19,R,S
22-02-2024_13-46-54_p0018_s63_b1_CONV--zed-rgb.mpeg,63,ATIRAR-BARRIGA ATIRAR-BARRIGA,TIRO FURAR-BARRIGA
31-01-2025_15-38-43_p0065_sP16_b3_CONV--ZED-RGB.mp4,P16,S I CORIZA NENHUM COMO SENTIR DOR URINAR,S I CORIZA NENHUM COMO TER SENTIR DOR URINAR
08-01-2025_16-43-32_p0063_sP02_b1_CONV--ZED-RGB.mp4,P2,QUANDO COMEÇAR,QUANDO COMEÇAR ENTÃO
27-03-2024_15-16-28_p0015_s113_b2_CONV--ZED-RGB.mpeg,113,PONTADA DOR,DOR PONTADA
25-03-2025_18-49-50_p0079_sP16_b3_CONV--ZED-RGB.mp4,P16,S I CORIZA NENHUM COMO SENTIR DOR URINAR,S I CORIZA NENHUM COMO TER SENTIR DOR URINAR
13-03-2024_14-47-38_p0014_sP04_b2_CONV--zed-rgb.mpeg,P4,,TEMPO QUAL HORAS-DURAÇÃO TEMPO
08-07-2024_11-49-18_p0040_s214_b4_CONV--ZED-RGB.mpeg,214,FEZES-LÍQUIDAS FEZES-LÍQUIDASBRILHANTE BRILHANTE,FEZES-LÍQUIDAS BRILHANTE
25-03-2024_16-15-24_p0020_s105_b2_CONV--ZED-RGB.mpeg,105,DOR TESTÍCULOS DOR,DOR TESTÍCULOS
27-03-2024_15-07-01_p0015_s91_b2_CONV--ZED-RGB.mpeg,91,LADOS-CABEÇA DOR,DOR LADO-CABEÇA LADO-CABEÇA
25-03-2024_16-09-53_p0020_s91_b2_CONV--ZED-RGB.mpeg,91,DOR LADO-CABEÇA DOR LADO-CABEÇA DOIS DOR,DOR LADO-CABEÇA LADO-CABEÇA
13-05-2024_16-38-17_p0028_sP21.2_b3_CONV--ZED-RGB.mpeg,P21.2,VOCÊ USAR REMÉDIO,USAR REMÉDIO
11-03-2025_19-04-34_p0075_sP03_b1_CONV--ZED-RGB.mp4,P3,COMO COMEÇAR QUE FAZER O-QUE,COMO COMEÇAR QUE VOCÊ FAZER O-QUE
02-05-2024_15-49-17_p0026_sP18.4_b4_CONV--ZED-RGB.mpeg,P18.4,TER UM VERMELHO DOIS M U C O MUCO TRÊS P U S COR MISTURAR AMARELO BRANCO MISTURAR ENTÃO,UM SANGRAR DOIS M U C O COLA TRÊS PUS COR MISTURAR AMARELO BRANCO MISTURAR ENTÃO
26-02-2024_16-19-33_p0019_s279_b4_CONV--zed-rgb.mpeg,279,DOIS DOSES DUAS-VEZES SEMANA,DUAS-DOSES TOMAR DUAS-VEZES SEMANA
11-03-2024_15-50-50_p0020_s183_b3_CONV--zed-rgb.mpeg,183,DOR OMBRO ESPALHAR OMBRO,DOR ESPALHAR OMBRO
01-02-2025_11-51-08_p0070_sP18.3_b4_CONV--ZED-RGB.mp4,P18.3,COMO FEZES,COMO FEZES COMO
08-08-2024_14-40-01_p0042_sP05_b2_CONV--ZED-RGB.mp4,P5,POR-QUE VOCÊ PROCURAR VIR HOJE TER PIORAR,POR-QUE PROCURAR VIR HOJE TER PIORAR
13-05-2024_16-38-51_p0028_s244_b3_CONV--ZED-RGB.mpeg,244,NÃO MEDICAMENTO USAR NÃO,NÃO USAR MEDICAMENTO NÃO
31-03-2025_18-50-42_p0079_sP25.1_b4_CONV--ZED-RGB.mp4,P25.1,VOCÊ JÁ FAZER CIRURGIA ALGUM PASSADO S-I SIM QUAL,VOCÊ FAZER JÁ CIRURGIA ALGUM PASSADO S-I SIM QUAL
05-12-2024_17-07-51_p0055_sP22.1_b4_CONV--ZED-RGB.mpeg,P22.1,TER ALERGIA ENTÃO,VOCÊ TER ALERGIA ENTÃO
05-09-2024_15-50-36_p0047_sP18.4_b4_CONV--ZED-RGB.mpeg,P18.4,UM SANGRAR DOIS M U C O TRÊS P U S MISTURAR COR AMARELO BRANCO MISTURAR ENTÃO,UM SANGRAR DOIS M U C O COLA TRÊS PUS COR MISTURAR AMARELO BRANCO MISTURAR ENTÃO
10-09-2024_16-47-22_p0045_sP09.7_b3_CONV--ZED-RGB.mpeg,P9.7,TOMAR-REMÉDIO AJUDAR CURAR PEITO DOR FALTA A R ENTÃO,TOMAR-REMÉDIO AJUDAR CURAR PEITO DOR O U FALTAR A R ENTÃO
02-05-2024_14-59-59_p0026_sP11.3_b3_CONV--ZED-RGB.mpeg,P11.3,QUANDO NO-DECORRER-DO-TEMPO SENTIR DOR NO-TOTAL QUANTOS,NO-DECORRER-DO-TEMPO SENTIR DOR NO-TOTAL QUANTOS
20-02-2025_18-45-06_p0075_s169_b3_CONV--ZED-RGB.mp4,169,REMÉDIO CURAR,REMÉDIO CURAR-NÃO
18-03-2024_15-29-19_p0020_s36_b1_CONV--ZED-RGB.mpeg,36,SUAR SUAR,SUAR SUAR SUAR
16-04-2024_10-47-25_p0025_sP22.2_b4_CONV--ZED-RGB.mpeg,P22.2,MOMENTO VOCÊ TOMAR-MEDICAMENTO SURGIR VOCÊ ALERGIA TER,MOMENTO VOCÊ TOMAR-MEDICAMENTO SURGIR TER ALERGIA TER
31-01-2024_15-02-56_p13_sP13.2--zed-rgb.mpeg,P13.2,MOMENTO PÉ SENTAR DEITAR DOR POIRAR,MOMENTO FICAR-EM-PÉ SENTAR DEITAR DOR PIORAR
18-03-2024_15-39-47_p0020_s59_b1_CONV--ZED-RGB.mpeg,59,TRAUMA PSICOLÓGICO,TRAUMA
11-06-2024_14-32-49_p0035_s146_b2_CONV--ZED-RGB.mpeg,146,REMÉDIO REMÉDIO,REMÉDIO
01-08-2024_16-31-40_p0042_sP11.1_b3_CONV--ZED-RGB.mpeg,P11.1,SENTIR DOR DEPOIS  SUMIR OUTRA-VEZ SENTIR DOR SUMIR VOLTAR SUMIR,SENTIR DOR DEPOIS SUMIR OUTRA-VEZ SENTIR DOR SUMIR VOLTAR SUMIR
16-04-2024_15-35-31_p0016_sP11.2_b3_CONV--ZED-RGB.mpeg,P11.2,SENTIR DOR DIVERSAS-VEZES,SENTIR DOR OUTRAS-VEZES DIVERSAS-VEZES ENTÃO
14-03-2025_16-21-44_p0077_sP18.4_b4_CONV--ZED-RGB.mp4,P18.4,UM SANGRAR DOIS M U C O COLA TRÊS P U S COR MISTURAR AMARELO BRANCO MISTURAR ENTÃO,UM SANGRAR DOIS M U C O COLA TRÊS PUS COR MISTURAR AMARELO BRANCO MISTURAR ENTÃO
11-03-2024_15-44-09_p0020_sP11.3_b3_CONV--zed-rgb.mpeg,P11.3,NO-DECORRER-DO-TEMPO SENTIR DOR NO-TOTALQUANTOS QUANTOS,NO-DECORRER-DO-TEMPO SENTIR DOR NO-TOTAL QUANTOS
22-02-2024_13-22-03_p0018_s15_b1_CONV--zed-rgb.mpeg,15,DOR PÉ P É PÉ,DOR PÉ P E
25-03-2024_16-18-56_p0020_s115_b2_CONV--ZED-RGB.mpeg,115,DOR VERMELHO MENSTRUAR APERTAR,DOR VERMELHO SANGRAR APERTAR
06-09-2024_15-26-35_p0047_sP06.2_b2_CONV--ZED-RGB.mpeg,P6.2,COMO COMO DOR,COMO DOR
10-09-2024_16-48-51_p0045_sP09.7_b3_CONV--ZED-RGB.mpeg,P9.7,TOMAR-REMÉDIO AJUDAR CURAR PEITO DOR O U FALTAR A R,TOMAR-REMÉDIO AJUDAR CURAR PEITO DOR O U FALTAR A R ENTÃO
22-02-2024_13-27-26_p0018_s27_b1_CONV--zed-rgb.mpeg,27,NARIZ-ESCORRER,CATARRO GRIPE
13-05-2024_15-59-58_p0028_sP11.3_b3_CONV--ZED-RGB.mpeg,P11.3,NO-DECORRER-DO-TEMPO SENTIR DOR QUANTOS NO-TOTAL QUANTOS,NO-DECORRER-DO-TEMPO SENTIR DOR NO-TOTAL QUANTOS
03-08-2024_11-26-24_p0043_s205_b3_CONV--ZED-RGB.mpeg,205,TRÊS VACINA VACINA,TRÊS VACINA
31-01-2025_15-43-14_p0065_s208_b3_CONV--ZED-RGB.mp4,208,NÃO TRAZER CARTÃO-DE-VACINA NÃO,NÃO TRAZER CARTÃO-DE-VACINA NENHUM
27-03-2024_16-19-11_p0015_s50_b1_CONV--ZED-RGB.mpeg,50,URINAR TODA-HORA,TODA-HORA URINAR
26-11-2024_15-10-12_p0056_sP04_b2_CONV--ZED-RGB.mpeg,P4,TEMPO TEMPO QUAL HORAS-DURAÇÃO TEMPO ENTÃO,TEMPO QUAL HORAS-DURAÇÃO TEMPO
27-03-2024_16-04-52_p0015_s15_b1_CONV--ZED-RGB.mpeg,15,PÉ P E DOR,DOR PÉ P E
27-03-2024_16-24-14_p0015_s63_b1_CONV--ZED-RGB.mpeg,63,TIRO,TIRO FURAR-BARRIGA
21-02-2024_15-23-23_p0016_s95_b2_CONV--zed-rgb.mpeg,95,OLHOS DOR,DOR OLHOS
17-12-2024_17-00-08_p0060_s195_b3_CONV--ZED-RGB.mpeg,195,CATARRO COLA NENHUM NENHUM,CATARRO COLA NENHUM
10-09-2024_16-52-18_p0045_sP10_b3_CONV--ZED-RGB.mpeg,P10,SOBRE DOR PERÍODO COMEÇA-EM-UM FRACO SEQUÊNCIA-CINCO MÉDIA ATÉ-DEZ EXTREMAMENTE-FORTE PERÍODO-TEMPO ENTÃO VOCÊ SENTIR QUAL ESSE-PERÍODO DOR EQUIVALER QUAL,SOBRE DOR PERÍODO COMEÇA-EM-UM FRACO SEQUÊNCIA-CINCO MÉDIA ATÉ-DEZ EXTREMAMENTE-FORTE PERÍODO-TEMPO VOCÊ SENTIR QUAL ESSE-PERÍODO DOR EQUIVALER QUAL
08-05-2024_15-56-05_p0033_sP13.1_b3_CONV--ZED-RGB.mpeg,P13.1,MOMENTO MOMENTO AQUI APERTAR VOCÊ SENTIR DOR PIORAR ENTÃO,MOMENTO EXEMPLO AQUI APERTAR VOCÊ SENTIR DOR PIORAR ENTÃO
25-03-2024_16-33-28_p0020_s142_b2_CONV--ZED-RGB.mpeg,142,CORPO MOVIMENTAR-CORPO PIORAR DOR,MOVIMENTAR-CORPO DOR PIORAR
19-02-2025_16-27-22_p0072_sP01_b1_CONV--ZED-RGB.mp4,P1,O-QUE SENTIR QUE VIR ENTÃO,O-QUE VOCÊ SENTIR QUE VIR ENTÃO
31-08-2024_14-14-12_p0047_s242_b3_CONV--ZED-RGB.mpeg,242,USAR REMÉDIO,EU USAR REMÉDIO
12-03-2024_14-40-03_p0022_s58_b1_CONV--zed-rgb.mpeg,58,QUEBRAR QUEBRAR QUEBRAR QUEBRAR QUEBRAR,QUEBRAR QUEBRAR QUEBRAR
13-12-2024_16-35-33_p0054_s71_b1_CONV--ZED-RGB.mpeg,71,2 2-HORA,2-HORA
16-04-2024_11-01-17_p0025_s280_b4_CONV--ZED-RGB.mpeg,280,TAÇA VINHO UMA-VEZ SEMANA,TAÇA TOMAR VINHO UMA-VEZ SEMANA
16-10-2024_15-39-34_p0049_sP11.2_b3_CONV--ZED-RGB.mpeg,P11.2,SENTIR SENTIR DOR OUTRAS-VEZES DIVERSAS-VEZES ENTÃO,SENTIR DOR OUTRAS-VEZES DIVERSAS-VEZES ENTÃO
27-03-2024_15-10-03_p0015_s99_b2_CONV--ZED-RGB.mpeg,99,BAIXO-VENTRE DOR,DOR BAIXO-VENTRE
24-04-2024_16-23-07_p0027_s244_b3_CONV--ZED-RGB.mpeg,244,NÃO USAR REMÉDIO,NÃO USAR MEDICAMENTO NÃO
08-06-2024_10-35-09_p0031_s44_b1_CONV--ZED-RGB.mpeg,44,PRESSÃO-ARTERIAL ALTO-BAIXO,PRESSÃO-ARTERIAL ALTO-BAIXO-ALTO
01-02-2025_10-47-20_p0069_sP02_b1_CONV--ZED-RGB.mp4,P2,QUANDO COMEÇAR,QUANDO COMEÇAR ENTÃO
29-04-2024_16-46-59_p0024_s36_b1_CONV--ZED-RGB.mpeg,36,SUAR SUAR,SUAR SUAR SUAR
24-01-2024_17-26-20_p10_s257--zed-rgb.mpeg,257,ALERGIA REMÉDIO NÃO-TEM,ALERGIA REMÉDIO NÃO-TER
26-02-2024_15-53-44_p0019_s246_b4_CONV--zed-rgb.mpeg,246,F U N G O S FUNGO,F U N G O S SINAL FUNGO
23-05-2024_15-04-01_p0035_sP12_b3_CONV--ZED-RGB.mpeg,P12,DOR EXEMPLO AQUI MESMO LUGAR ESPALHAR LUGARES ENTÃO,DOR EXEMPLO AQUI LUGAR MESMO O U ESPALHAR AQUI LUGARES ENTÃO
08-05-2024_15-25-53_p0033_sP10_b3_CONV--ZED-RGB.mpeg,P10,SOBRE DOR PERÍODO-TEMPO COMEÇA-EM-UM FRACO SEQUÊNCIA-CINCO MÉDIAATÉ-DEZ EXTREMAMENTE-FORTE PERÍODO-TEMPO QUAL VOCÊ SENTIR QUAL ESSE-PERÍODO DOR EQUIVALER QUAL,SOBRE DOR PERÍODO COMEÇA-EM-UM FRACO SEQUÊNCIA-CINCO MÉDIA ATÉ-DEZ EXTREMAMENTE-FORTE PERÍODO-TEMPO VOCÊ SENTIR QUAL ESSE-PERÍODO DOR EQUIVALER QUAL
29-08-2024_16-36-17_p0045_sP25.1_b4_CONV--ZED-RGB.mpeg,P25.1,FAZER JÁ CIRURGIA QUANTOS PASSADO S-I SIM QUAL,VOCÊ FAZER JÁ CIRURGIA ALGUM PASSADO S-I SIM QUAL
19-11-2024_16-47-50_p0054_s203_b3_CONV--ZED-RGB.mpeg,203,NÃO VACINAR AINDA COVID-19,NÃO VACINAR COVID-19
08-11-2024_16-08-27_p0053_s131_b2_CONV--ZED-RGB.mpeg,131,TER PERÍODO MENSTRUAR,PERÍODO MENSTRUAR
27-03-2024_15-07-23_p0015_s92_b2_CONV--ZED-RGB.mpeg,92,TESTA DOR,DOR TESTA
11-03-2024_16-00-53_p0020_sP14_b3_CONV--zed-rgb.mpeg,P14,SENTIR TER DOR FEBRE CALAFRIOS TAMBEM ESPIRRAR O U SECREÇAO NASAL COLA,TER DOR FEBRE CALAFRIOS ESPIRRAR O U SECREÇÃO-NASAL COLA
24-07-2024_15-00-06_p0041_sP18.4_b4_CONV--ZED-RGB.mpeg,P18.4,UM SANGRAR DOIS M U C O COLA TRÊS P U S AMARELO BRANCO MISTURAR ENTÃO ,UM SANGRAR DOIS M U C O COLA TRÊS PUS COR MISTURAR AMARELO BRANCO MISTURAR ENTÃO
31-01-2024_14-54-17_p13_s174--zed-rgb.mpeg,174,TRÊS-VEZ DIA,TRÊS-VEZES DIA
26-03-2024_15-38-03_p0022_s192_b3_CONV--ZED-RGB.mpeg,192,FICAR-EM-PÉ SENTAR DEITAR DOR PIORAR-SIM,FICAR-EM-PÉ SENTAR DEITAR DOR PIORAR SIM
05-10-2024_10-03-33_p0050_sP24.1_b4_CONV--ZED-RGB.mpeg,P24.1,BEBIDA ÁLCOOL VOCÊ BEBER,BEBIDA ÁLCOOL VOCÊ BEBER VOCÊ
03-05-2024_18-32-23_p0031_sP10_b3_CONV--ZED-RGB.mpeg,P10,SOBRE DOR PERÍODO-TEMPO QUAL COMEÇA-EM-UM FRACO SEQUÊNCIA-CINCO MÉDIA ATÉ-DEZ EXTREMAMENTE-FORTE PERÍODO-TEMPO AGORA VOCÊ SENTIR QUAL ESSE-PERÍODO DOR EQUIVALER QUAL,SOBRE DOR PERÍODO COMEÇA-EM-UM FRACO SEQUÊNCIA-CINCO MÉDIA ATÉ-DEZ EXTREMAMENTE-FORTE PERÍODO-TEMPO VOCÊ SENTIR QUAL ESSE-PERÍODO DOR EQUIVALER QUAL
28-06-2024_15-12-09_p0035_sP18.4_b4_CONV--ZED-RGB.mpeg,P18.4,UM SANGRAR DOIS M U C O TRÊS P U S COR MISTURAR AMARELO BRANCO MISTURAR ENTÃO,UM SANGRAR DOIS M U C O COLA TRÊS PUS COR MISTURAR AMARELO BRANCO MISTURAR ENTÃO
25-03-2024_15-34-38_p0020_sP19.1_b4_CONV--ZED-RGB.mpeg,P19.1,VOCÊ JÁ FAZER TRATAMENTO ALGUM DOENÇA,VOCÊ JÁ FAZER TRATAMENTO ALGUM DOENÇA ENTÃO
10-09-2024_17-31-27_p0045_sP15.3_b3_CONV--ZED-RGB.mpeg,P15.3,CATARRO COLA TER TER-NÃO,CATARRO TER O U TER-NÃO
22-01-2024_16-49-52_p9_s176--zed-rgb.mpeg,176,3-MÊS,TRÊS-MESES
03-05-2024_14-13-21_p0027_s118_b2_CONV--ZED-RGB.mpeg,118,LACRIMEJAR,OLHOS LACRIMEJAR
11-07-2024_15-39-39_p0041_sP15.3_b3_CONV--ZED-RGB.mpeg,P15.3,CATARRO TER O U NÃO,CATARRO TER O U TER-NÃO
29-04-2024_16-30-59_p0024_s14_b1_CONV--ZED-RGB.mpeg,14,DOR PERNA ÁTRAS,DOR PERNA ATRÁS
14-12-2024_11-27-24_p0059_s131_b2_CONV--ZED-RGB.mpeg,131,TER PERÍODO MENSTRUAR,PERÍODO MENSTRUAR
11-03-2024_16-23-37_p0020_s244_b3_CONV--zed-rgb.mpeg,244,NÃO USAR REMEDIO,NÃO USAR MEDICAMENTO NÃO
22-04-2024_09-16-28_p0025_sP10_b3_CONV--ZED-RGB.mpeg,P10,SOBRE DOR PERÍODO-TEMPO COMEÇA-EM-UM FRACO SEQUÊNCIA-CINCO MÉDIAATÉ-DEZ EXTREMAMENTE-FORTE PERÍODO-TEMPO QUAL VOCÊ SENTIR QUAL ESSE-PERÍODO DOR EQUIVALER QUAL,SOBRE DOR PERÍODO COMEÇA-EM-UM FRACO SEQUÊNCIA-CINCO MÉDIA ATÉ-DEZ EXTREMAMENTE-FORTE PERÍODO-TEMPO VOCÊ SENTIR QUAL ESSE-PERÍODO DOR EQUIVALER QUAL
10-05-2024_18-31-20_p0025_sP07_b2_CONV--ZED-RGB.mpeg,P7,SENTIR JUNTO ITENS MAIS TER ENTÃO,SENTIR JUNTO ITENS MAIS TER
13-03-2024_15-48-55_p0014_sP18.4_b4_CONV--zed-rgb.mpeg,P18.4,UM SANGRAR DOIS M U C O COLA TRÊS P U S COR MISTURAR AMARELO BRANCO MISTURAR ENTÃO,UM SANGRAR DOIS M U C O COLA TRÊS PUS COR MISTURAR AMARELO BRANCO MISTURAR ENTÃO
12-03-2024_10-41-29_p0021_sP22.2_b4_CONV--zed-rgb.mpeg,P22.2,MOMENTO VOCÊ TOMAR-MEDICAMENTO SURGIR ALERGIA TER,MOMENTO VOCÊ TOMAR-MEDICAMENTO SURGIR TER ALERGIA TER
22-02-2024_13-29-24_p0018_s33_b1_CONV--zed-rgb.mpeg,33,COCEIRA,COÇAR
11-03-2024_15-47-44_p0020_sP12_b3_CONV--zed-rgb.mpeg,P12,DOR EXEMPLO AQUI DENTRO LUGAR MESMO O U ESPALHAR AQUI LUGARES ENTÃO,DOR EXEMPLO AQUI LUGAR MESMO O U ESPALHAR AQUI LUGARES ENTÃO
28-08-2024_09-21-15_p0044_s84_b2_CONV--ZED-RGB.mpeg,84, TRÊS-DIAS,TRÊS-DIAS
05-12-2024_15-35-17_p0055_sP01_b1_CONV--ZED-RGB.mpeg,P1,O-QUE SENTIR QUE VIR ENTÃO,O-QUE VOCÊ SENTIR QUE VIR ENTÃO
31-01-2024_14-38-52_p13_s161--zed-rgb.mpeg,161,PLANO ANDAR FÍSICO PIORAR NÃO,PLANO ANDAR FÍSICO PIOR NÃO
20-05-2024_12-26-57_p0034_sP23.2_b4_CONV--ZED-RGB.mpeg,P23.2,TOTAL TEMPO,TOTAL TEMPO QUANTO
19-02-2025_16-58-51_p0072_sP02_b1_CONV--ZED-RGB.mp4,P2,QUANDO COMEÇAR,QUANDO COMEÇAR ENTÃO
29-04-2024_16-46-14_p0024_s34_b1_CONV--ZED-RGB.mpeg,34,FEBRE FEBRE,FEBRE
17-06-2024_14-47-49_p0019_sP04_b2_CONV--ZED-RGB.mpeg,P4,TEMPO HORAS-DURAÇÃO TEMPO,TEMPO QUAL HORAS-DURAÇÃO TEMPO
12-06-2024_09-47-55_p0036_s94_b2_CONV--ZED-RGB.mpeg,94,DOR OUVIDO-ESQUERDO OUVIDO-DIREITO,DOR OUVIDO-DIREITO OUVIDO-ESQUERDO
30-01-2024_14-41-51_p12_s117--zed-rgb.mpeg,117,SUARSUARSUAR,SUAR SUAR
03-05-2024_18-40-16_p0031_sP11.2_b3_CONV--ZED-RGB.mpeg,P11.2,SENTIR DOR DIVERSAS-VEZES QUAL,SENTIR DOR OUTRAS-VEZES DIVERSAS-VEZES ENTÃO
17-08-2024_10-43-54_p0043_sP18.2_b4_CONV--ZED-RGB.mpeg,P18.2,? FEZES MOLE,VOCÊ FEZES MOLE
29-04-2024_16-25-24_p0024_s3_b1_CONV--ZED-RGB.mpeg,3,MUDAR  COMPORTAMENTO,MUDAR COMPORTAMENTO
27-03-2024_15-16-52_p0015_s114_b2_CONV--ZED-RGB.mpeg,114,CHOQUE DOR,DOR CHOQUE
03-10-2024_15-58-57_p0050_sP16_b3_CONV--ZED-RGB.mpeg,P16,S I CORIZA NENHUM COMO SENTIR DOR URINAR,S I CORIZA NENHUM COMO TER SENTIR DOR URINAR
29-04-2024_15-22-14_p0024_s164_b3_CONV--ZED-RGB.mpeg,164,DEITAR CALMO PIOR,DEITAR CALMA PIOR
11-06-2024_14-18-23_p0035_s118_b2_CONV--ZED-RGB.mpeg,118,OLHOS LACRIMEJAR OLHOS LACRIMEJAR,OLHOS LACRIMEJAR
30-01-2024_11-27-58_p11_s75--zed-rgb.mpeg,75,TOSSE,TOSSIR
25-03-2024_16-02-38_p0020_sP25.1_b4_CONV--ZED-RGB.mpeg,P25.1,VOCÊ CIRURGIA ALGUMA PASSADO S-I SIM QUAL TIPOS,VOCÊ FAZER JÁ CIRURGIA ALGUM PASSADO S-I SIM QUAL
29-04-2024_15-51-45_p0024_s190_b3_CONV--ZED-RGB.mpeg,190,SIM APERTAR-BRAÇO DOER PIORAR,SIM APERTAR-BRAÇO DOER
16-07-2024_16-14-09_p0039_sP18.1_b4_CONV--ZED-RGB.mpeg,P18.1,VOCÊ ENJOAR O U VOMITAR,ENJOAR O U VOMITAR
07-12-2024_10-44-14_p0053_sP24.3_b4_CONV--ZED-RGB.mp4,P24.3,QUANTOS VOCÊ BEBIDA,QUANTOS BEBIDA
17-02-2025_17-36-19_p0071_s63_b1_CONV--ZED-RGB.mp4,63,TIRO,TIRO FURAR-BARRIGA
08-07-2024_11-54-45_p0040_sP18.4_b4_CONV--ZED-RGB.mpeg,P18.4,UM SANGRAR DOIS M U C O COLA TRÊSP U S TRÊS P U S COR MISTURAR AMARELO BRANCO MISTURAR ENTÃO,UM SANGRAR DOIS M U C O COLA TRÊS PUS COR MISTURAR AMARELO BRANCO MISTURAR ENTÃO
16-04-2024_10-42-33_p0025_s250_b4_CONV--ZED-RGB.mpeg,250,ALERGIA INSETO-PICAR,ALERGIA INSETO PICAR
02-05-2024_16-13-48_p0026_s270_b4_CONV--ZED-RGB.mpeg,270,G I M,G I N
01-08-2024_16-41-07_p0042_s182_b3_CONV--ZED-RGB.mpeg,182,QUEIXO  DOR ESPALHAR,QUEIXO DOR ESPALHAR
21-02-2024_15-54-54_p0016_s140_b2_CONV--zed-rgb.mpeg,140,PERNA MEXER-PERNAS,PERNAS MEXER-PERNAS
26-04-2024_15-05-38_p0028_s67_b1_CONV--ZED-RGB.mpeg,67,VOMITAR VERMELHO,VOMITAR TER VERMELHO
23-04-2024_11-13-49_p0024_sP18.2_b4_CONV--ZED-RGB.mpeg,P18.2,FEZES MOLE,VOCÊ FEZES MOLE
27-05-2024_16-02-33_p0032_sP16_b3_CONV--ZED-RGB.mpeg,P16,S I CORIZA NENHUM COMO SENTIR DOR URINAR,S I CORIZA NENHUM COMO TER SENTIR DOR URINAR
18-03-2024_15-14-23_p0020_s6_b1_CONV--ZED-RGB.mpeg,6,DOR PESCOÇO DOR,DOR PESCOÇO
08-05-2024_09-45-03_p0030_s117_b2_CONV--ZED-RGB.mpeg,117,SUAR SUAR SUAR,SUAR SUAR
05-02-2025_17-43-55_p0072_s208_b3_CONV--ZED-RGB.mp4,208,NÃO TRAZER CARTÃO-DE-VACINA,NÃO TRAZER CARTÃO-DE-VACINA NENHUM
21-02-2024_15-18-12_p0016_sP05_b2_CONV--zed-rgb.mpeg,P5,POR-QUE PROCURAR VIR TER PIORAR,POR-QUE PROCURAR VIR HOJE TER PIORAR
13-05-2024_16-06-58_p0028_s182_b3_CONV--ZED-RGB.mpeg,182,DOR QUEIXO ESPALHAR,QUEIXO DOR ESPALHAR
31-01-2024_14-55-47_p13_s178--zed-rgb.mpeg,178,5 ANO,CINCO ANO
25-03-2024_16-07-04_p0020_s84_b2_CONV--ZED-RGB.mpeg,84,TRÊS TRÊS-DIAS,TRÊS-DIAS
22-02-2024_15-40-27_p0014_s185_b3_CONV--zed-rgb.mpeg,185,DOR BARRIGA-ESPALHAR,DOR BARRIGA-ESPALHAR BARRIGA
22-04-2024_09-22-27_p0025_sP11.2_b3_CONV--ZED-RGB.mpeg,P11.2,SENTIR DOR OUTRAS-VEZESDIVERSAS-VEZES ENTÃO,SENTIR DOR OUTRAS-VEZES DIVERSAS-VEZES ENTÃO
30-01-2024_11-16-07_p11_s48--zed-rgb.mpeg,48,XIXI VAZAR VAZAR,XIXI VAZAR
03-05-2024_14-18-45_p0027_s138_b2_CONV--ZED-RGB.mpeg,138,CHEIO APERTAR,APERTAR
07-01-2025_15-31-29_p0062_sP25.1_b4_CONV--ZED-RGB.mp4,P25.1,VOCÊ FAZER JÁ CIRURGIA ALGUM PASSADO S-I SIM QUAL QUAL,VOCÊ FAZER JÁ CIRURGIA ALGUM PASSADO S-I SIM QUAL
22-01-2024_17-10-29_p9_s193--zed-rgb.mpeg,193,PÉ SENTAR DEITADO DOR PIOR NÃO,FICAR-EM-PÉ SENTAR DEITAR DOR PIORAR NÃO
31-01-2025_15-11-48_p0065_sP11.2_b3_CONV--ZED-RGB.mp4,P11.2,SENTIR DOR OUTRA-VEZ DIVERSAS-VEZES ENTÃO,SENTIR DOR OUTRAS-VEZES DIVERSAS-VEZES ENTÃO
03-09-2024_14-37-26_p0048_sP10_b3_CONV--ZED-RGB.mpeg,P10,SOBRE DOR PERÍODO COMEÇA-EM-UM FRACO SEQUÊNCIA-CINCO MÉDIA ATÉ-DEZ EXTREMAMENTE-FORTE PERÍODO-TEMPO VOCÊ SENTIR QUAL ESSE-PERÍODO DOR EQUIVALER ENTÃO QUAL,SOBRE DOR PERÍODO COMEÇA-EM-UM FRACO SEQUÊNCIA-CINCO MÉDIA ATÉ-DEZ EXTREMAMENTE-FORTE PERÍODO-TEMPO VOCÊ SENTIR QUAL ESSE-PERÍODO DOR EQUIVALER QUAL
17-09-2024_15-37-30_p0048_sP18.4_b4_CONV--ZED-RGB.mpeg,P18.4,UM SANGRAR DOIS M U C O COLA TRÊS P U S COR MISTURAR AMARELO BRANCO MISTURAR ENTÃO,UM SANGRAR DOIS M U C O COLA TRÊS PUS COR MISTURAR AMARELO BRANCO MISTURAR ENTÃO
21-11-2024_15-02-42_p0055_s160_b3_CONV--ZED-RGB.mpeg,160,PLANO ANDAR FÍSICO PIOR,PLANO ANDAR CORPO PIOR
15-02-2025_10-54-48_p0065_s117_b2_CONV--ZED-RGB.mp4,117,SUAR SUAR SUAR,SUAR SUAR
21-01-2025_14-53-20_p0065_sP18.4_b4_CONV--ZED-RGB.mp4,P18.4,UM SANGRAR DOIS M U C O COLA TRÊS P U S PODE COR MISTURAR AMARELO BRANCO MISTURAR ENTÃO,UM SANGRAR DOIS M U C O COLA TRÊS PUS COR MISTURAR AMARELO BRANCO MISTURAR ENTÃO
05-06-2024_15-29-43_p0037_sP23.2_b4_CONV--ZED-RGB.mpeg,P23.2,TOTAL TEMPO,TOTAL TEMPO QUANTO
11-03-2024_16-04-39_p0020_s196_b3_CONV--zed-rgb.mpeg,196,TOSSE CATARR,TOSSE CATARRO COLA
16-07-2024_16-51-12_p0039_sP24.1_b4_CONV--ZED-RGB.mpeg,P24.1,BEBIDA ÁLCOOL VOCÊ BEBER,BEBIDA ÁLCOOL VOCÊ BEBER VOCÊ
21-11-2024_15-41-48_p0055_sP13.1_b3_CONV--ZED-RGB.mpeg,P13.1,MOMENTO EXEMPLO AQUI APERTAR SENTIR DOR PIORAR ENTÃO,MOMENTO EXEMPLO AQUI APERTAR VOCÊ SENTIR DOR PIORAR ENTÃO
20-02-2025_18-46-32_p0075_sP10_b3_CONV--ZED-RGB.mp4,P10,SOBRE DOR PERÍODO COMEÇA FRACO SEQUÊNCIA-CINCO MÉDIA ATÉ-DEZ EXTREMAMENTE-FORTE PERÍODO-TEMPO VOCÊ SENTIR ESSE-PERÍODO DOR EQUIVALER QUAL,SOBRE DOR PERÍODO COMEÇA-EM-UM FRACO SEQUÊNCIA-CINCO MÉDIA ATÉ-DEZ EXTREMAMENTE-FORTE PERÍODO-TEMPO VOCÊ SENTIR QUAL ESSE-PERÍODO DOR EQUIVALER QUAL
10-05-2024_10-03-59_p0030_sP24.3_b4_CONV--ZED-RGB.mpeg,P24.3,QUANTOS VOCÊ BEBIDA,QUANTOS BEBIDA
03-10-2024_14-57-42_p0050_sP10_b3_CONV--ZED-RGB.mpeg,P10,SOBRE DOR PERÍODO COMEÇA-EM-UM FRACO SEQUÊNCIA-CINCO MÉDIA ATÉ-DEZ EXTREMAMENTE-FORTE PERÍODO-TEMPO SENTIR QUAL ESSE-PERÍODO DOR EQUIVALER QUAL,SOBRE DOR PERÍODO COMEÇA-EM-UM FRACO SEQUÊNCIA-CINCO MÉDIA ATÉ-DEZ EXTREMAMENTE-FORTE PERÍODO-TEMPO VOCÊ SENTIR QUAL ESSE-PERÍODO DOR EQUIVALER QUAL
28-02-2024_16-08-37_p0011_s86_b2_CONV--zed-rgb.mpeg,86,UMMÊS,UM MÊS
19-11-2024_16-21-44_p0054_s192_b3_CONV--ZED-RGB.mpeg,192,,FICAR-EM-PÉ SENTAR DEITAR DOR PIORAR SIM
26-08-2024_16-21-58_p0019_sP10_b3_CONV--ZED-RGB.mp4,P10,SOBRE DOR PERÍODO COMEÇA-EM-UM FRACO SEQUÊNCIA-CINCO MÉDIA ATÉ-DEZ EXTREMAMENTE-FORTE PERÍODO-TEMPO QUAL VOCÊ SENTIR QUAL ESSE-PERÍODO DOR EQUIVALER QUAL,SOBRE DOR PERÍODO COMEÇA-EM-UM FRACO SEQUÊNCIA-CINCO MÉDIA ATÉ-DEZ EXTREMAMENTE-FORTE PERÍODO-TEMPO VOCÊ SENTIR QUAL ESSE-PERÍODO DOR EQUIVALER QUAL
03-05-2024_14-13-47_p0027_s120_b2_CONV--ZED-RGB.mpeg,120,VISÃO DOBRADO,VER DOBRADO
17-09-2024_14-45-44_p0048_s36_b1_CONV--ZED-RGB.mpeg,36,SUAR SUAR,SUAR SUAR SUAR
02-05-2024_16-17-55_p0026_s281_b4_CONV--ZED-RGB.mpeg,281,TAÇA VINHO TODO-DIA,TAÇA TOMAR VINHO TODO-DIA
03-05-2024_14-06-15_p0027_s102_b2_CONV--ZED-RGB.mpeg,102,DOR BRAÇO-ESQUERDO BRAÇO-DIREITO,DOR BRAÇO-DIREITO BRAÇO-ESQUERDO
22-01-2024_16-29-51_p9_s161--zed-rgb.mpeg,161,PLANO-ANDAR FÍSICO PIOR NÃO,PLANO ANDAR FÍSICO PIOR NÃO
04-09-2024_16-00-45_p0044_s32_b1_CONV--ZED-RGB.mpeg,32,MANCHAS-PELE,MANCHAS-PELE VERMELHO
24-03-2025_17-28-28_p0076_sP01_b1_CONV--ZED-RGB.mp4,P1,O-QUE SENTIR QUE VIR ENTÃO,O-QUE VOCÊ SENTIR QUE VIR ENTÃO
05-06-2024_10-31-18_p0036_sP24.3_b4_CONV--ZED-RGB.mpeg,P24.3,QUANTOS VOCÊ BEBIDA,QUANTOS BEBIDA
28-03-2025_15-50-55_p0081_sP08.2_b2_CONV--ZED-RGB.mp4,P8.2,SENTIR DOR DEPOIS DESAPARECER,SENTIR DOR DEPOIS DESAPARECER ENTÃO
22-02-2024_13-58-29_p0018_sP04_b2_CONV--zed-rgb.mpeg,P4,TEMPO HORAS-DURAÇÃO TEMPO ENTÃO,TEMPO QUAL HORAS-DURAÇÃO TEMPO
03-04-2024_16-01-42_p0023_sP23.1_b4_CONV--ZED-RGB.mpeg,P23.1,VOCÊ FUMAR ENTÃO,VOCÊ FUMAR
17-07-2024_14-17-30_p0041_s94_b2_CONV--ZED-RGB.mpeg,94,DOR DOR OUVIDO-DIREITO OUVIDO-ESQUERDO,DOR OUVIDO-DIREITO OUVIDO-ESQUERDO
27-03-2024_16-05-15_p0015_s16_b1_CONV--ZED-RGB.mpeg,16,AR FALTAR,RESPIRAR FALTAR
28-03-2025_15-22-03_p0081_sP04_b2_CONV--ZED-RGB.mp4,P4,QUAL TEMPO HORAS-DURAÇÃO TEMPO,TEMPO QUAL HORAS-DURAÇÃO TEMPO
29-04-2024_16-28-14_p0024_s9_b1_CONV--ZED-RGB.mpeg,9,DOR LOMBAR DOR,DOR LOMBAR
16-07-2024_16-24-28_p0039_sP18.4_b4_CONV--ZED-RGB.mpeg,P18.4,UM SANGRAR DOIS M U C O COLA TRÊS P U S COR MISTURAR AMARELO BRANCO MISTURAR ENTÃO,UM SANGRAR DOIS M U C O COLA TRÊS PUS COR MISTURAR AMARELO BRANCO MISTURAR ENTÃO
10-05-2024_15-05-53_p0033_s211_b4_CONV--ZED-RGB.mpeg,211,COMO FRAGMENTOS MOLE,FRAGMENTOS MISTURAR MOLE
02-05-2024_15-59-55_p0026_s247_b4_CONV--ZED-RGB.mpeg,247,ALERGIA PÓLEN FLOR,ALERGIA FLOR PÓLEN
24-07-2024_14-30-27_p0041_s58_b1_CONV--ZED-RGB.mpeg,58,QUEBRAR QUEBRAR QUEBRAR QUEBRAR QUEBRAR,QUEBRAR QUEBRAR QUEBRAR
24-04-2024_15-50-30_p0027_s185_b3_CONV--ZED-RGB.mpeg,185,DOR BARRIGA,DOR BARRIGA-ESPALHAR BARRIGA
18-06-2024_16-46-23_p0028_s262_b4_CONV--ZED-RGB.mpeg,262,DOIS ANOS,DOIS ANO
19-03-2024_15-16-25_p0022_s117_b2_CONV--ZED-RGB.mpeg,117,SUAR-SUAR,SUAR SUAR
01-08-2024_16-55-57_p0042_sP17.1_b3_CONV--ZED-RGB.mpeg,P17.1,JÁ VACINAR COVID-19,VOCÊ JÁ VACINAR COVID-19
27-03-2024_15-08-06_p0015_s94_b2_CONV--ZED-RGB.mpeg,94,OUVIDO-DIREITO OUVIDO-ESQUERDO DOR,DOR OUVIDO-DIREITO OUVIDO-ESQUERDO
10-12-2024_17-21-55_p0056_s36_b1_CONV--ZED-RGB.mpeg,36,SUAR SUAR SUAR SUAR,SUAR SUAR SUAR
04-02-2025_17-11-12_p0066_s155_b2_CONV--ZED-RGB.mp4,155,PARAR PARAR,PARAR
17-02-2025_18-06-38_p0071_sP19.1_b4_CONV--ZED-RGB.mp4,P19.1,VOCÊ JÁ FAZER TRATAMENTO ALGUM,VOCÊ JÁ FAZER TRATAMENTO ALGUM DOENÇA ENTÃO
23-04-2024_11-30-16_p0024_sP22.1_b4_CONV--ZED-RGB.mpeg,P22.1,VOCÊ TER ALERGIA,VOCÊ TER ALERGIA ENTÃO
30-01-2024_11-29-11_p11_s78--zed-rgb.mpeg,78,CALAR DEITADO,CALADO DEITADO
16-04-2024_10-52-17_p0025_sP24.1_b4_CONV--ZED-RGB.mpeg,P24.1,BEBIDA ÁLCOOL VOCÊ BEBER,BEBIDA ÁLCOOL VOCÊ BEBER VOCÊ
26-03-2024_15-18-35_p0022_sP11.2_b3_CONV--ZED-RGB.mpeg,P11.2,SENTIR DOR OUTRA-VEZ DIVERSAS-VEZES,SENTIR DOR OUTRAS-VEZES DIVERSAS-VEZES ENTÃO
24-01-2024_17-06-30_p10_s221--zed-rgb.mpeg,221,TER PUS BRANCO AMARELO MISTRUAR,TER P U S MISTURAR AMARELO BRANCO MISTURAR
23-04-2024_11-21-18_p0024_sP18.4_b4_CONV--ZED-RGB.mpeg,P18.4,TER SANGRAR DOIS M U C O COLA TRÊS P U S BRANCO AMARELO MISTURAR,UM SANGRAR DOIS M U C O COLA TRÊS PUS COR MISTURAR AMARELO BRANCO MISTURAR ENTÃO
15-02-2025_12-18-55_p0070_sP08.2_b2_CONV--ZED-RGB.mp4,P8.2,SENTIR DOR DEPOIS DESAPARECER,SENTIR DOR DEPOIS DESAPARECER ENTÃO
10-05-2024_15-35-36_p0033_s254_b4_CONV--ZED-RGB.mpeg,254,ALERGIA COMER CATEGORIA COMER ÁGUA-MAR,ALERGIA COMER CATEGORIA ÁGUA-MAR
11-03-2025_18-40-20_p0075_s6_b1_CONV--ZED-RGB.mp4,6,DOR PESCOÇO GARGANTA,DOR PESCOÇO
24-04-2024_15-52-40_p0027_s188_b3_CONV--ZED-RGB.mpeg,188,DOR APONTAR-COXA PERNAS-ESPALHAR,DOR PERNAS-ESPALHAR APONTAR-COXA
06-02-2025_19-01-25_p0069_sP20_b3_CONV--ZED-RGB.mp4,P20,VOCÊ TER RELATÓRIO TER HISTÓRIA AO-LONGO-DO-TEMPO,VOCÊ TER RELATÓRIO AO-LONGO-DO-TEMPO
11-03-2024_16-03-54_p0020_sP15.3_b3_CONV--zed-rgb.mpeg,P15.3,TER CATARRO O U TER-NÃO,CATARRO TER O U TER-NÃO
22-08-2024_16-58-05_p0042_s62_b1_CONV--ZED-RGB.mpeg,62,GRUPO MATERIAL GRUPO CORTAR TAMBÉM OBJETO-FINO-LONGO FINCAR,MATERIAL GRUPO CORTAR TAMBÉM OBJETO-FINO-LONGO FINCAR
05-06-2024_15-08-10_p0037_sP18.4_b4_CONV--ZED-RGB.mpeg,P18.4,UM SANGRAR DOIS M U C O COLA TRÊS P U S COR MISTURAR AMARELO BRANCO MISTURAR ENTÃO,UM SANGRAR DOIS M U C O COLA TRÊS PUS COR MISTURAR AMARELO BRANCO MISTURAR ENTÃO
10-05-2024_15-41-54_p0033_s259_b4_CONV--ZED-RGB.mpeg,259,TER SIM FUMAR SIM,TER FUMAR SIM
25-03-2024_16-29-54_p0020_s131_b2_CONV--ZED-RGB.mpeg,131,TER PERÍODO MENSTRUAR,PERÍODO MENSTRUAR
02-05-2024_15-25-44_p0026_s243_b3_CONV--ZED-RGB.mpeg,243,TRAZER NENHUM RECEITA REMÉDIO,NÃO TRAZER RECEITA REMÉDIO NENHUM
20-03-2024_14-46-47_p0015_sP09.1_b3_CONV--ZED-RGB.mpeg,P9.1,PEITO DOR O U FALTAR QUE INSPIRAR A R INSPIRAR FÍSICO PIORAR MOMENTO FÍSICO ESFORÇAR,PEITO DOR O U FALTAR A R INSPIRAR PIORAR MOMENTO FÍSICO ESFORÇAR
22-01-2024_17-02-41_p9_s188--zed-rgb.mpeg,188,DOR APONTAR-COXA ESPALHAR,DOR PERNAS-ESPALHAR APONTAR-COXA
12-06-2024_16-50-54_p0038_s192_b3_CONV--ZED-RGB.mpeg,192,FICAR-EM-PÉ SENTAR DEITAR DOR PIORAR NÃO,FICAR-EM-PÉ SENTAR DEITAR DOR PIORAR SIM
18-03-2024_15-28-34_p0020_s33_b1_CONV--ZED-RGB.mpeg,33,COÇAR COÇAR,COÇAR
11-07-2024_15-49-10_p0041_sP21.1_b3_CONV--ZED-RGB.mpeg,P21.1,VOCÊ DOCUMENTO REMÉDIO VOCÊ TRAZER,DOCUMENTO REMÉDIO VOCÊ TRAZER
20-02-2025_19-49-33_p0075_s242_b3_CONV--ZED-RGB.mp4,242,USAR REMÉDIO,EU USAR REMÉDIO
16-04-2024_10-44-06_p0025_s254_b4_CONV--ZED-RGB.mpeg,254,ALERGIA CATEGORIA COMER ÁGUA-MAR,ALERGIA COMER CATEGORIA ÁGUA-MAR
24-01-2024_17-34-52_p10_sP24.3--zed-rgb.mpeg,P24.3,QUANTAS BEBIDAS,QUANTOS BEBIDA
20-03-2025_14-54-16_p0076_sP08.2_b2_CONV--ZED-RGB.mp4,P8.2,SENTIR DOR DEPOIS DESAPARECER,SENTIR DOR DEPOIS DESAPARECER ENTÃO
22-08-2024_16-34-32_p0042_s11_b1_CONV--ZED-RGB.mpeg,11,DOR  GARGANTA,DOR GARGANTA
13-05-2024_15-25-54_p0028_sP09.1_b3_CONV--ZED-RGB.mpeg,P9.1,PEITO DOR O U FALTAR INSPIRAR FÍSICO PIORAR MOMENTO ENTÃO,PEITO DOR O U FALTAR A R INSPIRAR PIORAR MOMENTO FÍSICO ESFORÇAR
17-09-2024_15-30-04_p0048_sP18.2_b4_CONV--ZED-RGB.mpeg,P18.2,FEZES MOLE,VOCÊ FEZES MOLE
04-07-2024_16-14-20_p0039_s242_b3_CONV--ZED-RGB.mpeg,242,USAR REMÉDIO,EU USAR REMÉDIO
22-01-2024_16-33-53_p9_s166--zed-rgb.mpeg,166,SUBIR-ESCADA FÍSICO PIOR,SUBIR-ESCADA CORPO PIOR
29-04-2024_15-54-45_p0024_sP14_b3_CONV--ZED-RGB.mpeg,P14,TER DOR FEBRE CALAFRIOS ESPIRRAR O U SECRAÇÃO NASAL ENTÃO,TER DOR FEBRE CALAFRIOS ESPIRRAR O U SECREÇÃO-NASAL COLA
22-01-2024_16-34-14_p9_s167--zed-rgb.mpeg,167,SUBIR-ESCADA FÍSICO PIOR NÃO,SUBIR-ESCADA CORPO PIOR NÃO
22-01-2024_17-27-55_p9_sP17.3--zed-rgb.mpeg,P17.3,VOCÊ JÁ VACINAR GRIPE ENTÃO,VOCÊ JÁ VACINAR GRIPE
22-01-2024_17-21-04_p9_sP16--zed-rgb.mpeg,P16,SI ESPIRRAR NENHUM COMO SENTIR DOR XIXI COMO,S I CORIZA NENHUM COMO TER SENTIR DOR URINAR
24-03-2025_17-23-36_p0076_s280_b4_CONV--ZED-RGB.mp4,280,TAÇA TOMAR VINHO DUAS-VEZES SEMANA,TAÇA TOMAR VINHO UMA-VEZ SEMANA
10-05-2024_16-42-54_p0033_s50_b1_CONV--ZED-RGB.mpeg,50,URINAR TODA-HORA,TODA-HORA URINAR
24-01-2025_15-38-00_p0060_s24_b1_CONV--ZED-RGB.mp4,24,VOMITAR VOMITAR,VOMITAR
08-01-2025_16-27-24_p0063_s37_b1_CONV--ZED-RGB.mp4,37,VERMELHO SANGUE DOCE BAIXO-ALTO-BAIXO-ALTO,VERMELHO SANGUE DOCE BAIXO-ALTO
22-02-2024_13-39-49_p0018_s49_b1_CONV--zed-rgb.mpeg,49,URINA POUCO,XIXI POUCO
20-05-2024_15-48-49_p0023_s132_b2_CONV--ZED-RGB.mpeg,132,TER NARIZ-ESPIRRAR,NARIZ ESPIRRAR
11-03-2024_16-21-39_p0020_s242_b3_CONV--zed-rgb.mpeg,242,USAR REMÉDIO,EU USAR REMÉDIO
10-01-2025_15-27-31_p0063_sP18.2_b4_CONV--ZED-RGB.mp4,P18.2,FEZES MOLE,VOCÊ FEZES MOLE
24-01-2024_17-25-00_p10_s255--zed-rgb.mpeg,255,,ALERGIA CATEGORIA T R I G O FARINHA
22-02-2024_13-58-43_p0018_s82_b2_CONV--zed-rgb.mpeg,82,6 HORAS 6,SEIS HORAS
22-02-2024_15-22-56_p0014_sP09.5_b3_CONV--zed-rgb.mpeg,P9.5,DEITADO CALMA PIOR,DEITAR CALMA PIOR
12-03-2024_14-12-06_p0022_sP01_b1_CONV--zed-rgb.mpeg,P1,O-QUE SENTIR QUE VIR ENTÃO,O-QUE VOCÊ SENTIR QUE VIR ENTÃO
10-02-2025_16-54-56_p0071_sP12_b3_CONV--ZED-RGB.mp4,P12,DOR EXEMPLO AQUI LUGAR MESMO O U ESPALHAR AQUI LUGARES,DOR EXEMPLO AQUI LUGAR MESMO O U ESPALHAR AQUI LUGARES ENTÃO
03-05-2024_14-29-11_p0027_s150_b2_CONV--ZED-RGB.mpeg,150,ENTENDI,ENTENDER
08-06-2024_09-54-41_p0031_sP22.2_b4_CONV--ZED-RGB.mpeg,P22.2,MOMENTO VOCÊ TER TOMAR-MEDICAMENTO SURGIR ALERGIA ENTÃO,MOMENTO VOCÊ TOMAR-MEDICAMENTO SURGIR TER ALERGIA TER
19-06-2024_15-43-19_p0023_sP15.3_b3_CONV--ZED-RGB.mpeg,P15.3,TER CATARRO O U TER-NÃO,CATARRO TER O U TER-NÃO
30-01-2024_14-13-55_p12_sP05--zed-rgb.mpeg,P5,PORQUE VOCÊ VIR ENTÃO TER ALGUMA PIORAR,POR-QUE PROCURAR VIR HOJE TER PIORAR
20-03-2024_15-30-41_p0015_sP21.1_b3_CONV--ZED-RGB.mpeg,P21.1,DOCUMENTO REMÉDIO TRAZER,DOCUMENTO REMÉDIO VOCÊ TRAZER
19-06-2024_15-12-23_p0023_sP10_b3_CONV--ZED-RGB.mpeg,P10,SOBRE DOR PERÍODO COMEÇA-EM-UM FRACO SEQUÊNCIA-CINCO MÉDIA ATÉ-DEZ EXTREMAMENTE-FORTE PERÍODO-TEMPO QUAL VOCÊ SENTIR QUAL ESSE-PERÍODO DOR EQUIVALER QUAL,SOBRE DOR PERÍODO COMEÇA-EM-UM FRACO SEQUÊNCIA-CINCO MÉDIA ATÉ-DEZ EXTREMAMENTE-FORTE PERÍODO-TEMPO VOCÊ SENTIR QUAL ESSE-PERÍODO DOR EQUIVALER QUAL
13-02-2025_14-03-58_p0067_s261_b4_CONV--ZED-RGB.mp4,261,UM ANO-QUE-VEM,UM ANO
21-02-2024_15-15-36_p0016_sP04_b2_CONV--zed-rgb.mpeg,P4,TEMPO HORAS-DURAÇÃO,TEMPO QUAL HORAS-DURAÇÃO TEMPO
29-04-2024_16-03-46_p0024_sP16_b3_CONV--ZED-RGB.mpeg,P16,S I VOCÊ CORIZA NENHUM COMO SENTIR URINAR,S I CORIZA NENHUM COMO TER SENTIR DOR URINAR
20-03-2024_15-26-17_p0015_sP17.1_b3_CONV--ZED-RGB.mpeg,P17.1,TER JÁ VACINAR COVID-19,VOCÊ JÁ VACINAR COVID-19
11-06-2024_14-07-24_p0035_s104_b2_CONV--ZED-RGB.mpeg,104,DOR PERNA-ESQUERDA PERNA-DIREITA,DOR PERNA-DIREITA PERNA-ESQUERDA
14-08-2024_16-13-27_p0038_sP22.2_b4_CONV--ZED-RGB.mpeg,P22.2,MOMENTO TOMAR-MEDICAMENTO SURGIR TER ALERGIA TER,MOMENTO VOCÊ TOMAR-MEDICAMENTO SURGIR TER ALERGIA TER
19-06-2024_11-12-39_p0036_s189_b3_CONV--ZED-RGB.mpeg,189,DOR APONTAR-PERNAS PERNAS-ESPALHAR,DOR PERNAS-ESPALHAR APONTAR-PERNA
11-03-2025_15-54-30_p0073_s36_b1_CONV--ZED-RGB.mp4,36,SUAR SUAR SUAR SUAR,SUAR SUAR SUAR
11-03-2024_16-20-45_p0020_sP21.2_b3_CONV--zed-rgb.mpeg,P21.2,USAR ALGUM REMÉDIO,USAR REMÉDIO
19-06-2024_11-30-53_p0036_sP20_b3_CONV--ZED-RGB.mpeg,P20,VOCÊ TER RELATÓRO AO-LONGO-DO-TEMPO,VOCÊ TER RELATÓRIO AO-LONGO-DO-TEMPO
04-09-2024_16-00-03_p0044_s31_b1_CONV--ZED-RGB.mpeg,31,FERIR PELE,MANCHAS-PELE
16-07-2024_17-02-03_p0039_sP25.1_b4_CONV--ZED-RGB.mpeg,P25.1,VOCÊ FAZER CIRURGIA ALGUM PASSADO S-I SIM QUAL,VOCÊ FAZER JÁ CIRURGIA ALGUM PASSADO S-I SIM QUAL
30-01-2024_14-12-22_p12_s82--zed-rgb.mpeg,82,SEISHORAS,SEIS HORAS
24-05-2024_19-01-38_p0031_sP08.2_b2_CONV--ZED-RGB.mpeg,P8.2,SENTIR DOR DEPOIS DESAPARECER,SENTIR DOR DEPOIS DESAPARECER ENTÃO
23-04-2024_15-32-57_p0026_sP03_b1_CONV--ZED-RGB.mpeg,P3,COMO COMEÇAR QUE FAZER,COMO COMEÇAR QUE VOCÊ FAZER O-QUE
28-08-2024_15-20-21_p0038_sP06.3_b2_CONV--ZED-RGB.mpeg,P6.3,DOR  IGUAL PESO,DOR IGUAL PESO
12-02-2025_17-05-49_p0072_sP08.2_b2_CONV--ZED-RGB.mp4,P8.2,SENTIR DOR DEPOIS DESAPARECER,SENTIR DOR DEPOIS DESAPARECER ENTÃO
10-09-2024_14-35-03_p0048_s122_b2_CONV--ZED-RGB.mpeg,122,URINAR TODA-HORA,TODA-HORA URINAR
28-01-2025_13-54-29_p0067_sP15.2_b3_CONV--ZED-RGB.mp4,P15.2,TOSSE COMO ENTÃO,TOSSE COMO
18-06-2024_14-48-32_p0028_sP04_b2_CONV--ZED-RGB.mpeg,P4,TEMPO QUAL HORAS-DURAÇÃO ,TEMPO QUAL HORAS-DURAÇÃO TEMPO
24-01-2024_17-16-36_p10_s238--zed-rgb.mpeg,238,SUAR TIREÓIDE POUCO,SUAR TIREÓIDE DIMINUIR
30-01-2024_11-22-28_p11_s60--zed-rgb.mpeg,60,AGRESSÃO,AGREDIR
27-03-2024_15-08-28_p0015_s95_b2_CONV--ZED-RGB.mpeg,95,OLHOS DOR,DOR OLHOS
05-09-2024_14-32-08_p0047_sP01_b1_CONV--ZED-RGB.mpeg,P1,O-QUE SENTIR QUE VIR ENTÃO,O-QUE VOCÊ SENTIR QUE VIR ENTÃO
25-03-2024_15-50-11_p0020_sP22.2_b4_CONV--ZED-RGB.mpeg,P22.2,ALERGIA REMÉDIO NÃO-TER,MOMENTO VOCÊ TOMAR-MEDICAMENTO SURGIR TER ALERGIA TER
26-08-2024_15-45-10_p0019_s67_b1_CONV--ZED-RGB.mp4,67,VOMITAR UM TER VERMELHO,VOMITAR TER VERMELHO
05-09-2024_16-34-12_p0047_s278_b4_CONV--ZED-RGB.mpeg,278,UM UMA-DOSE TOMAR TODO-DIA,UMA-DOSE TOMAR TODO-DIA
24-01-2024_17-18-09_p10_sP22.1--zed-rgb.mpeg,P22.1,,VOCÊ TER ALERGIA ENTÃO
10-05-2024_16-07-25_p0033_s274_b4_CONV--ZED-RGB.mpeg,274,DOIS LATAS SEMANA,DOIS LATAS DUAS-VEZES SEMANA
02-05-2024_15-20-41_p0026_sP16_b3_CONV--ZED-RGB.mpeg,P16,S I TER CORIZA NENHUM COMO TER SENTIR DOR URINAR,S I CORIZA NENHUM COMO TER SENTIR DOR URINAR
27-03-2025_15-30-12_p0078_sP15.3_b3_CONV--ZED-RGB.mp4,P15.3,TER O U TER-NÃO,CATARRO TER O U TER-NÃO
24-01-2024_17-39-24_p10_s279--zed-rgb.mpeg,279,DUAS-DOSES BEBER DUAS-VEZES SEMANA,DUAS-DOSES TOMAR DUAS-VEZES SEMANA
26-02-2024_15-35-09_p0019_s221_b4_CONV--zed-rgb.mpeg,221,TER P U S MISTURAR BRANCO AMARELO,TER P U S MISTURAR AMARELO BRANCO MISTURAR
19-02-2025_11-08-56_p0074_sP20_b3_CONV--ZED-RGB.mp4,P20,TER RELATÓRIO  AO-LONGO-DO-TEMPO,VOCÊ TER RELATÓRIO AO-LONGO-DO-TEMPO
20-02-2024_17-01-33_p0015_s275_b4_CONV--zed-rgb.mpeg,275,GARRAFA TODO-DIA,UMA-GARRAFA TODOS-OS-DIAS
22-01-2024_16-59-00_p9_s186--zed-rgb.mpeg,186,COSTA DOR ESPALHAR,COSTAS DOR ESPALHAR
20-02-2024_16-59-50_p0015_s272_b4_CONV--zed-rgb.mpeg,272,LATA 1 TODO-DIA,UM LATA TODO-DIA
20-02-2025_19-35-59_p0075_sP15.4_b3_CONV--ZED-RGB.mp4,P15.4,TOSSE CATARRO COLA,CATARRO COLA COR QUAL
22-04-2024_09-12-25_p0025_s164_b3_CONV--ZED-RGB.mpeg,164,DEITAR CALMO PIOR,DEITAR CALMA PIOR
01-08-2024_16-54-36_p0042_s201_b3_CONV--ZED-RGB.mpeg,201,CATARRO VERMELHO,CATARRO COLA VERMELHO
26-03-2024_15-06-19_p0022_s165_b3_CONV--ZED-RGB.mpeg,165,DEITAR CALMO PIOR NÃO,DEITAR CALMA PIOR NÃO
18-01-2025_10-12-57_p0057_sP22.2_b4_CONV--ZED-RGB.mp4,P22.2,MOMENTO VOCÊ TOMAR-MEDICAMENTO SURGIR TER ALERGIA TER ENTÃO,MOMENTO VOCÊ TOMAR-MEDICAMENTO SURGIR TER ALERGIA TER
31-01-2024_15-10-30_p13_sP17.2--zed-rgb.mpeg,P17.2,QUANTAS VACINAR,QUANTOS VACINAR
24-01-2025_15-57-58_p0060_sP02_b1_CONV--ZED-RGB.mp4,P2,QUANDO COMEÇAR,QUANDO COMEÇAR ENTÃO
22-02-2024_13-48-10_p0018_sP02_b1_CONV--zed-rgb.mpeg,P2,QUANDO COMEÇAR QUANDO,QUANDO COMEÇAR ENTÃO
22-01-2024_17-41-50_p9_sP21.2--zed-rgb.mpeg,P21.2,USAR REMÉDIO ENTÃO,USAR REMÉDIO
24-07-2024_14-52-09_p0041_s209_b4_CONV--ZED-RGB.mpeg,209,NENHUM VONTADE NADA VOMITAR NADA,NENHUM VONTADE NADA VOMITAR
10-05-2024_15-38-32_p0033_s257_b4_CONV--ZED-RGB.mpeg,257,SENTIR REMÉDIO NÃO-TER,ALERGIA REMÉDIO NÃO-TER
23-07-2024_16-01-48_p0039_sP04_b2_CONV--ZED-RGB.mpeg,P4,TEMPO HORAS-DURAÇÃO TEMPO,TEMPO QUAL HORAS-DURAÇÃO TEMPO
27-05-2024_16-29-23_p0032_sP01_b1_CONV--ZED-RGB.mpeg,P1,O-QUE SENTIR QUE VIR ENTÃO,O-QUE VOCÊ SENTIR QUE VIR ENTÃO
16-04-2024_15-27-57_p0016_sP10_b3_CONV--ZED-RGB.mpeg,P10,SOBRE DOR PERÍODO COMEÇA-EM-UM FRACO SEQUÊNCIA-CINCO MÉDIA ATÉ-DEZ EXTREMAMENTE-FORTE PERÍODO-TEMPO QUAL VOCÊ SENTIR QUAL ESSE-PERÍODO DOR EQUIVALER QUAL,SOBRE DOR PERÍODO COMEÇA-EM-UM FRACO SEQUÊNCIA-CINCO MÉDIA ATÉ-DEZ EXTREMAMENTE-FORTE PERÍODO-TEMPO VOCÊ SENTIR QUAL ESSE-PERÍODO DOR EQUIVALER QUAL
20-05-2024_11-28-34_p0034_s20_b1_CONV--ZED-RGB.mpeg,20,TONTURA,TONTURA CAIR-PESSOA
18-03-2024_15-21-03_p0020_s27_b1_CONV--ZED-RGB.mpeg,27,CATARRO,CATARRO GRIPE
13-05-2024_15-48-37_p0028_sP10_b3_CONV--ZED-RGB.mpeg,P10,SOBRE DOR PERÍODO COMEÇA-EM-UM SEQUÊNCIA-CINCO-MÉDIA ATÉ-DEZ FORTE EQUIVALER SENTIR DOR QUAL PERÍODO EQUIVALER,SOBRE DOR PERÍODO COMEÇA-EM-UM FRACO SEQUÊNCIA-CINCO MÉDIA ATÉ-DEZ EXTREMAMENTE-FORTE PERÍODO-TEMPO VOCÊ SENTIR QUAL ESSE-PERÍODO DOR EQUIVALER QUAL
31-01-2024_14-45-17_p13_sP10--zed-rgb.mpeg,P10,SOBRE DOR PERIODO-TEMPO COMECA-EM1 FRACO SEQUÊNCIA CINCO MÉDIA ATÉ DEZ EXPREMAMENTE-FORTE PERÍODO-TEMPO QUAL VOCÊ SENTIR QUAL ESSEPERÍODO DOR EQUIVALER QUAL,SOBRE DOR PERÍODO COMEÇA-EM-UM FRACO SEQUÊNCIA-CINCO MÉDIA ATÉ-DEZ EXTREMAMENTE-FORTE PERÍODO-TEMPO VOCÊ SENTIR QUAL ESSE-PERÍODO DOR EQUIVALER QUAL
05-10-2024_11-06-57_p0050_sP01_b1_CONV--ZED-RGB.mpeg,P1,O-QUE VOCÊ SENTIR VIR ENTÃO,O-QUE VOCÊ SENTIR QUE VIR ENTÃO
12-03-2024_10-46-58_p0021_sP24.1_b4_CONV--zed-rgb.mpeg,P24.1,VOCÊ BEBIDA ÁLCOOL VOCÊ BEBER VOCÊ,BEBIDA ÁLCOOL VOCÊ BEBER VOCÊ
22-01-2024_16-47-38_p9_s173--zed-rgb.mpeg,173,SEMPRE-CONTINUAR,SEMPRE SEMPRE
22-01-2024_16-50-10_p9_s177--zed-rgb.mpeg,177,1-ANO 1-ANO,UM ANO
10-05-2024_16-06-06_p0033_s273_b4_CONV--ZED-RGB.mpeg,273,UM LATA TODO-DIA,UM LATA UMA-VEZ SEMANA
02-05-2024_15-43-58_p0026_sP18.2_b4_CONV--ZED-RGB.mpeg,P18.2,FEZES MOLE,VOCÊ FEZES MOLE
02-05-2024_14-49-27_p0026_sP09.7_b3_CONV--ZED-RGB.mpeg,P9.7,TOMAR-REMÉDIO AJUDAR CURAR PEITO DOR TOMAR-REMÉDIO FALTAR A R ENTÃO,TOMAR-REMÉDIO AJUDAR CURAR PEITO DOR O U FALTAR A R ENTÃO
19-11-2024_16-56-55_p0054_s242_b3_CONV--ZED-RGB.mpeg,242,USAR REMÉDIO,EU USAR REMÉDIO
10-05-2024_16-45-48_p0033_s58_b1_CONV--ZED-RGB.mpeg,58,QUEBRAR QUEBRAR QUEBRAR QUEBRAR,QUEBRAR QUEBRAR QUEBRAR
30-01-2024_11-11-34_p11_s32--zed-rgb.mpeg,32,MANCHA VERMELHO,MANCHAS-PELE VERMELHO
28-09-2024_13-01-22_p0016_sP18.2_b4_CONV--ZED-RGB.mpeg,P18.2,FEZES MOLE,VOCÊ FEZES MOLE
25-03-2024_15-46-46_p0020_s252_b4_CONV--ZED-RGB.mpeg,252,ALERGIA GRUPO LEITE,ALERGIA LEITE
22-02-2024_11-43-40_p0017_s234_b4_CONV--zed-rgb.mpeg,234,TOSSIR VERMELHO CATARRO VERMELHO,TOSSIR CATARRO VERMELHO
18-03-2024_15-43-09_p0020_sP02_b1_CONV--ZED-RGB.mpeg,P2,QUANDO COMEÇAR,QUANDO COMEÇAR ENTÃO
03-04-2025_13-56-36_p0080_sP08.2_b2_CONV--ZED-RGB.mp4,P8.2,SENTIR DOR DEPOIS DESAPARECER,SENTIR DOR DEPOIS DESAPARECER ENTÃO
22-02-2024_14-22-59_p0018_s129_b2_CONV--zed-rgb.mpeg,129,LOCAL LUZES,LOCAIS LUZ-FORTE
22-02-2024_14-22-00_p0018_s125_b2_CONV--zed-rgb.mpeg,125,COMER CATEGORIA ÁCIDO APIMENTADO,COMER CATEGORIA ÁCIDO MAIS APIMENTADO
06-05-2024_15-54-15_p0032_sP22.2_b4_CONV--ZED-RGB.mpeg,P22.2,MOMENTO TOMAR-MEDICAMENTO SURGIR TER ALERGIA TER ENTÃO,MOMENTO VOCÊ TOMAR-MEDICAMENTO SURGIR TER ALERGIA TER
31-01-2025_15-17-06_p0065_sP12_b3_CONV--ZED-RGB.mp4,P12,DOR EXEMPLO AQUI LUGAR MESMO O U ESPALHAR AQUI LUGARES,DOR EXEMPLO AQUI LUGAR MESMO O U ESPALHAR AQUI LUGARES ENTÃO
29-04-2024_16-48-40_p0024_s40_b1_CONV--ZED-RGB.mpeg,40,MORDER CACHORRO,CACHORRO MORDER
20-02-2025_19-34-07_p0075_sP15.3_b3_CONV--ZED-RGB.mp4,P15.3,CATARRO TER UM TER-NÃO,CATARRO TER O U TER-NÃO
13-12-2024_15-15-49_p0054_s125_b2_CONV--ZED-RGB.mp4,125,COMER CATEGORIA ÁCIDO APIMENTADO,COMER CATEGORIA ÁCIDO MAIS APIMENTADO
29-02-2024_13-33-40_p0010_sP01_b1_CONV--zed-rgb.mpeg,P1,O-QUE SENTIR QUE VIR ENTÃO,O-QUE VOCÊ SENTIR QUE VIR ENTÃO
31-01-2024_15-08-02_p13_s198--zed-rgb.mpeg,198,CATARRO COLAR BRANCO,CATARRO COLA BRANCO
18-12-2024_17-46-00_p0057_s242_b3_CONV--ZED-RGB.mpeg,242,USAR REMÉDIO,EU USAR REMÉDIO
12-03-2024_10-22-24_p0021_sP18.5_b4_CONV--zed-rgb.mpeg,P18.5, VOCÊ BARRIGA DOR ENTÃO,VOCÊ BARRIGA DOR ENTÃO
20-02-2024_16-57-01_p0015_sP24.1_b4_CONV--zed-rgb.mpeg,P24.1,BEBIDA ALCOÓL VOCÊ,BEBIDA ÁLCOOL VOCÊ BEBER VOCÊ
03-05-2024_14-09-24_p0027_s112_b2_CONV--ZED-RGB.mpeg,112,DOR QUENTE QUEIMAR,DOR QUEIMAR
24-05-2024_18-30-09_p0031_sP04_b2_CONV--ZED-RGB.mpeg,P4,TEMPO QUAL HORAS-DURAÇÃO TEMPO QUAL,TEMPO QUAL HORAS-DURAÇÃO TEMPO
22-04-2024_09-14-28_p0025_sP09.7_b3_CONV--ZED-RGB.mpeg,P9.7,TOMAR-REMÉDIO AJUDAR CURAR PEITO DOR O U FALTAR A R,TOMAR-REMÉDIO AJUDAR CURAR PEITO DOR O U FALTAR A R ENTÃO
29-04-2024_15-49-28_p0024_s187_b3_CONV--ZED-RGB.mpeg,187,DOR VIRILHA ESPALHARVIRILHA,DOR VIRILHA ESPALHAR
22-04-2024_09-26-19_p0025_sP11.5_b3_CONV--ZED-RGB.mpeg,P11.5,PERÍODO DOR TER AUMENTAR ENTÃO,PERÍODO DOR TER AUMENTAR
19-11-2024_16-11-59_p0054_s188_b3_CONV--ZED-RGB.mpeg,188,DOR APONTAR-COXA PERNAS-ESPALHAR,DOR PERNAS-ESPALHAR APONTAR-COXA
03-05-2024_14-01-51_p0027_sP05_b2_CONV--ZED-RGB.mpeg,P5,POR-QUE VIR PROCURAR HOJE PIORAR,POR-QUE PROCURAR VIR HOJE TER PIORAR
26-02-2024_15-23-23_p0019_s209_b4_CONV--zed-rgb.mpeg,209,NENHUM VONTADE VOMITAR,NENHUM VONTADE NADA VOMITAR
19-06-2024_16-49-02_p0023_sP03_b1_CONV--ZED-RGB.mpeg,P3,COMO COMEÇAR VOCÊ FAZER O-QUE,COMO COMEÇAR QUE VOCÊ FAZER O-QUE
13-02-2025_14-16-57_p0067_s280_b4_CONV--ZED-RGB.mp4,280,TAÇA TOMAR VINHO UM UMA-VEZ SEMANA,TAÇA TOMAR VINHO UMA-VEZ SEMANA
02-05-2024_14-44-38_p0026_sP09.4_b3_CONV--ZED-RGB.mpeg,P9.4,TOMAR-BANHO TOMAR-BANHO PIOR,TOMAR-BANHO FÍSICO PIOR
05-09-2024_15-41-20_p0047_sP18.2_b4_CONV--ZED-RGB.mpeg,P18.2,FEZES MOLE,VOCÊ FEZES MOLE
24-01-2024_17-29-01_p10_s263--zed-rgb.mpeg,263,DEZ ANOS,DEZ ANO
02-05-2024_16-05-34_p0026_s259_b4_CONV--ZED-RGB.mpeg,259,FUMAR S-I-M,TER FUMAR SIM
12-12-2024_15-23-55_p0057_sP04_b2_CONV--ZED-RGB.mpeg,P4,TEMPO QUAL HORAS-DURAÇÃO TEMPO QUAL,TEMPO QUAL HORAS-DURAÇÃO TEMPO
13-11-2024_17-48-12_p0051_sP22.2_b4_CONV--ZED-RGB.mpeg,P22.2,MOMENTO TOMAR-MEDICAMENTO SURGIR ALERGIA TER,MOMENTO VOCÊ TOMAR-MEDICAMENTO SURGIR TER ALERGIA TER
16-04-2024_15-57-32_p0016_sP16_b3_CONV--ZED-RGB.mpeg,P16,S I VOCÊ CORIZA NENHUM COMO SENTIR DOR URINAR,S I CORIZA NENHUM COMO TER SENTIR DOR URINAR
23-04-2024_11-38-23_p0024_sP23.1_b4_CONV--ZED-RGB.mpeg,P23.1,VOCÊ FUMAR ENTÃO,VOCÊ FUMAR
11-03-2024_16-02-05_p0020_sP15.2_b3_CONV--zed-rgb.mpeg,P15.2,TOSSE TER COMO,TOSSE COMO
27-03-2024_15-04-19_p0015_s86_b2_CONV--ZED-RGB.mpeg,86,UM-MÊS,UM MÊS
21-02-2025_17-09-47_p0068_sP18.4_b4_CONV--ZED-RGB.mp4,P18.4,UM SANGRAR DOIS M U C O COLA TRÊS P U S COR MISTURAR AMARELO BRANCO MISTURAR ENTÃO,UM SANGRAR DOIS M U C O COLA TRÊS PUS COR MISTURAR AMARELO BRANCO MISTURAR ENTÃO
27-03-2024_15-20-54_p0015_s118_b2_CONV--ZED-RGB.mpeg,118,LÁGRIMA LACRIMEJAR,OLHOS LACRIMEJAR
08-05-2024_16-26-13_p0033_sP21.1_b3_CONV--ZED-RGB.mpeg,P21.1,DOCUMENTO REMÉDIO TRAZER,DOCUMENTO REMÉDIO VOCÊ TRAZER
29-04-2024_16-26-44_p0024_s6_b1_CONV--ZED-RGB.mpeg,6,PESCOÇO DOR,DOR PESCOÇO
25-03-2024_15-30-15_p0020_s220_b4_CONV--ZED-RGB.mpeg,220,COLA PARECE QUE TER NOME M U C O COLA,TER M U C O COLA
22-02-2024_14-23-50_p0018_s131_b2_CONV--zed-rgb.mpeg,131,TER PERÍODO MENSTRUAR,PERÍODO MENSTRUAR
31-08-2024_12-46-17_p0047_s169_b3_CONV--ZED-RGB.mpeg,169, REMÉDIO CURAR-NÃO,REMÉDIO CURAR-NÃO
27-05-2024_15-32-03_p0032_sP11.1_b3_CONV--ZED-RGB.mpeg,P11.1,SENTIR DOR DEPOIS SUMIR OUTRA-VEZ SENTIR DOR SUMIR VOLTAR SUMIR ENTÃO,SENTIR DOR DEPOIS SUMIR OUTRA-VEZ SENTIR DOR SUMIR VOLTAR SUMIR
30-01-2024_11-12-52_p11_s37--zed-rgb.mpeg,37,VERMELHO SANGUE ALTA-BAIXA,VERMELHO SANGUE DOCE BAIXO-ALTO
26-04-2024_15-09-00_p0028_sP03_b1_CONV--ZED-RGB.mpeg,P3,COMO VOCÊ COMEÇAR QUE VOCÊ FAZERO-QUE,COMO COMEÇAR QUE VOCÊ FAZER O-QUE
15-02-2025_11-16-13_p0065_sP08.2_b2_CONV--ZED-RGB.mp4,P8.2,SENTIR DOR DEPOIS DESAPARECER,SENTIR DOR DEPOIS DESAPARECER ENTÃO
03-05-2024_14-12-26_p0027_sP06.6_b2_CONV--ZED-RGB.mpeg,P6.6,DOR IGUAL CHOQUE,DOR IGUAL SENTIR CHOQUE
20-05-2024_15-44-47_p0023_s127_b2_CONV--ZED-RGB.mpeg,127,COMER ÓLEO,COMER COISAS ÓLEO
12-03-2025_11-08-46_p0074_s62_b1_CONV--ZED-RGB.mp4,62,MATERIAL GRUPO CORTAR TAMBÉM OBJETIVO-FINO-LONGO FINCAR,MATERIAL GRUPO CORTAR TAMBÉM OBJETO-FINO-LONGO FINCAR
23-04-2024_14-57-19_p0026_sP01_b1_CONV--ZED-RGB.mpeg,P1,OQUE SENTIR QUE VIR ENTÃO,O-QUE VOCÊ SENTIR QUE VIR ENTÃO
06-08-2024_16-38-28_p0039_s58_b1_CONV--ZED-RGB.mpeg,58,QUEBRAR QUEBRAR QUEBRAR QUEBRAR QUEBRAR,QUEBRAR QUEBRAR QUEBRAR
27-03-2024_15-17-17_p0015_s115_b2_CONV--ZED-RGB.mpeg,115,SANGRAR APERTAR DOR,DOR VERMELHO SANGRAR APERTAR
20-05-2024_15-46-29_p0023_s129_b2_CONV--ZED-RGB.mpeg,129,LOCAIS BARULHO,LOCAIS LUZ-FORTE
10-01-2025_15-57-08_p0063_sP22.2_b4_CONV--ZED-RGB.mp4,P22.2,MOMENTO TOMAR-MEDICAMENTO SURGIR TER ALERGIA TER TER,MOMENTO VOCÊ TOMAR-MEDICAMENTO SURGIR TER ALERGIA TER
19-06-2024_15-09-24_p0023_s166_b3_CONV--ZED-RGB.mpeg,166,SUBIR-ESCADA CORPO PIOR SIM,SUBIR-ESCADA CORPO PIOR
12-03-2024_10-19-47_p0021_sP18.4_b4_CONV--zed-rgb.mpeg,P18.4,UM SANGRAR DOIS MUCO COLA TRÊS P U S COR MISTURAR AMARELO BRANCO MISTURAR ENTÃO,UM SANGRAR DOIS M U C O COLA TRÊS PUS COR MISTURAR AMARELO BRANCO MISTURAR ENTÃO
29-04-2024_16-24-05_p0024_sP01_b1_CONV--ZED-RGB.mpeg,P1,O-QUE VIR SENTIR O-QUE VIR HOJE,O-QUE VOCÊ SENTIR QUE VIR ENTÃO
02-04-2024_15-58-53_p0021_s244_b3_CONV--ZED-RGB.mpeg,244,EU NÃO USAR MEDICAMENTO,NÃO USAR MEDICAMENTO NÃO
23-11-2024_13-43-40_p0052_s152_b2_CONV--ZED-RGB.mpeg,152,OBRGADO,OBRIGADO
18-12-2024_09-28-09_p0061_sP10_b3_CONV--ZED-RGB.mpeg,P10,SOBRE DOR PERÍODO COMEÇA-EM-UM FRACO SEQUÊNCIA-CINCO MÉDIA ATÉ-DEZ EXTREMAMENTE-FORTE PERÍODO-TEMPO QUAL VOCÊ SENTIR QUAL ESSE-PERÍODO EQUIVALER DOR QUAL,SOBRE DOR PERÍODO COMEÇA-EM-UM FRACO SEQUÊNCIA-CINCO MÉDIA ATÉ-DEZ EXTREMAMENTE-FORTE PERÍODO-TEMPO VOCÊ SENTIR QUAL ESSE-PERÍODO DOR EQUIVALER QUAL
21-02-2025_17-03-30_p0068_sP18.2_b4_CONV--ZED-RGB.mp4,P18.2,FEZES MOLE,VOCÊ FEZES MOLE
29-08-2024_15-25-50_p0045_sP18.2_b4_CONV--ZED-RGB.mpeg,P18.2,FEZES MOLE,VOCÊ FEZES MOLE
10-01-2025_16-00-35_p0063_sP23.2_b4_CONV--ZED-RGB.mp4,P23.2,UM ANO,TOTAL TEMPO QUANTO
27-03-2024_15-12-10_p0015_s104_b2_CONV--ZED-RGB.mpeg,104,PERNA-ESQUERDA PERNA-DIREITA DOR,DOR PERNA-DIREITA PERNA-ESQUERDA
24-01-2024_17-09-45_p10_s225--zed-rgb.mpeg,225,,ARRITMIA
01-08-2024_16-45-34_p0042_s190_b3_CONV--ZED-RGB.mpeg,190,SIM DOR APERTAR-BRAÇO DOER,SIM APERTAR-BRAÇO DOER
22-01-2024_16-49-05_p9_sP11.3--zed-rgb.mpeg,P11.3,NO-DECORRER-DO-TEMPO SENTIR DOR NO-TOTAL QUANDO,NO-DECORRER-DO-TEMPO SENTIR DOR NO-TOTAL QUANTOS
07-05-2024_15-16-22_p0027_sP02_b1_CONV--ZED-RGB.mpeg,P2,QUANDO COMEÇAR,QUANDO COMEÇAR ENTÃO
31-01-2024_14-59-42_p13_s183--zed-rgb.mpeg,183,DOR OMBRO ESPALHAR,DOR ESPALHAR OMBRO
10-05-2024_16-18-33_p0033_sP01_b1_CONV--ZED-RGB.mpeg,P1,VOCÊ TER SENTIR QUE VIR ENTÃO,O-QUE VOCÊ SENTIR QUE VIR ENTÃO
30-10-2024_15-02-32_p0052_sP12_b3_CONV--ZED-RGB.mpeg,P12,DOR EXEMPLO AQUI LUGAR MESMO O U ESPALHAR AQUI LUGARES,DOR EXEMPLO AQUI LUGAR MESMO O U ESPALHAR AQUI LUGARES ENTÃO
10-05-2024_10-00-00_p0030_sP24.1_b4_CONV--ZED-RGB.mpeg,P24.1,VOCÊ BEBIDA ÁLCOOL VOCÊ BEBER,BEBIDA ÁLCOOL VOCÊ BEBER VOCÊ
18-12-2024_17-40-33_p0057_sP21.1_b3_CONV--ZED-RGB.mpeg,P21.1,DOCUMENTO REMÉDIO TRAZER,DOCUMENTO REMÉDIO VOCÊ TRAZER
21-08-2024_14-31-54_p0044_s170.1_b3_CONV--ZED-RGB.mpeg,170.1,2,1
07-01-2025_14-11-48_p0062_s58_b1_CONV--ZED-RGB.mp4,58,QUEBRAR QUEBRARQUEBRARQUEBRAR QUEBRAR QUEBRARQUEBRARQUEBRAR QUEBRAR,QUEBRAR QUEBRAR QUEBRAR
02-05-2024_14-51-16_p0026_sP10_b3_CONV--ZED-RGB.mpeg,P10,SOBRE DOR PERÍODO COMEÇA-EM-UM FRACO SEQUÊNCIA-CINCO MÉDIA ATÉ-DEZ EXTREMAMENTE-FORTE PERÍODO-TEMPO QUAL VOCÊ SENTIR QUAL ESSE-PERÍODO DOR EQUIVALER QUAL,SOBRE DOR PERÍODO COMEÇA-EM-UM FRACO SEQUÊNCIA-CINCO MÉDIA ATÉ-DEZ EXTREMAMENTE-FORTE PERÍODO-TEMPO VOCÊ SENTIR QUAL ESSE-PERÍODO DOR EQUIVALER QUAL
20-02-2025_18-48-55_p0075_sP10_b3_CONV--ZED-RGB.mp4,P10,SOBRE DOR PERÍODO COMEÇA-EM-UM FRACO SEQUÊNCIA-CINCO MÉDIA ATÉ-DEZ EXTREMAMENTE-FORTE PERÍODO-TEMPO VOCÊ SENTIR ESSE-PERÍODO DOR EQUIVALER QUAL,SOBRE DOR PERÍODO COMEÇA-EM-UM FRACO SEQUÊNCIA-CINCO MÉDIA ATÉ-DEZ EXTREMAMENTE-FORTE PERÍODO-TEMPO VOCÊ SENTIR QUAL ESSE-PERÍODO DOR EQUIVALER QUAL
17-07-2024_14-20-26_p0041_s102_b2_CONV--ZED-RGB.mpeg,102,DOR  BRAÇO-DIREITO BRAÇO-ESQUERDO,DOR BRAÇO-DIREITO BRAÇO-ESQUERDO
12-06-2024_10-24-27_p0036_s148.18_b2_CONV--ZED-RGB.mpeg,148.18,Q,R
03-05-2024_14-16-05_p0027_s128_b2_CONV--ZED-RGB.mpeg,128,LOCAL BARULHO,LOCAIS BARULHO
02-05-2024_15-08-19_p0026_s189_b3_CONV--ZED-RGB.mpeg,189,DOR PERNA-ESPALHAR PERNA,DOR PERNAS-ESPALHAR APONTAR-PERNA
08-05-2024_15-55-20_p0033_s189_b3_CONV--ZED-RGB.mpeg,189,DOR APONTAR-PERNA,DOR PERNAS-ESPALHAR APONTAR-PERNA
01-02-2025_13-40-37_p0064_s259_b4_CONV--ZED-RGB.mp4,259,SIM TER FUMAR SIM,TER FUMAR SIM
19-07-2024_14-04-09_p0040_sP06.3_b2_CONV--ZED-RGB.mpeg,P6.3,DOR IGUAL IGUAL PESO,DOR IGUAL PESO
27-03-2024_16-17-29_p0015_s46_b1_CONV--ZED-RGB.mpeg,46,OUVIDOS PROBLEMA,PROBLEMA OUVIDOS
22-02-2024_14-16-50_p0018_s117_b2_CONV--zed-rgb.mpeg,117,SUAR-SUAR,SUAR SUAR
13-02-2025_13-35-27_p0067_sP18.2_b4_CONV--ZED-RGB.mp4,P18.2,FEZES MOLE,VOCÊ FEZES MOLE
19-11-2024_16-30-20_p0054_sP15.4_b3_CONV--ZED-RGB.mpeg,P15.4,CATARRO COLA CLARO,CATARRO COLA COR QUAL
27-03-2025_15-09-23_p0078_sP10_b3_CONV--ZED-RGB.mp4,P10,SOBRE DOR PERÍODO COMEÇA-EM-UM FRACO SEQUÊNCIA-CINCO MÉDIA ATÉ-DEZ EXTREMAMENTE-FORTE PERÍODO-TEMPO VOCÊ SENTIR ESSE-PERÍODO DOR EQUIVALER QUAL,SOBRE DOR PERÍODO COMEÇA-EM-UM FRACO SEQUÊNCIA-CINCO MÉDIA ATÉ-DEZ EXTREMAMENTE-FORTE PERÍODO-TEMPO VOCÊ SENTIR QUAL ESSE-PERÍODO DOR EQUIVALER QUAL
22-01-2024_16-28-36_p9_s159--zed-rgb.mpeg,159,SUBIR FÍSICO PIOR NÃO,SUBIR-MORRO CORPO PIOR NÃO
07-01-2025_14-19-29_p0062_sP02_b1_CONV--ZED-RGB.mp4,P2,QUANDO CMEÇAR ENTÃO,QUANDO COMEÇAR ENTÃO
29-04-2024_16-12-17_p0024_s244_b3_CONV--ZED-RGB.mpeg,244,NÃO USAR MEDICAMENTO,NÃO USAR MEDICAMENTO NÃO
03-05-2024_13-59-53_p0027_s82_b2_CONV--ZED-RGB.mpeg,82,SEIS SEIS-HORAS,SEIS HORAS
08-06-2024_09-32-08_p0031_sP19.1_b4_CONV--ZED-RGB.mpeg,P19.1,VOCÊ JÁ TRATAMENTO ALGUM DOENÇA ENTÃO,VOCÊ JÁ FAZER TRATAMENTO ALGUM DOENÇA ENTÃO
10-08-2024_11-02-54_p0043_sP08.2_b2_CONV--ZED-RGB.mpeg,P8.2,SENTIR DOR DEPOIS DESAPARECER,SENTIR DOR DEPOIS DESAPARECER ENTÃO
21-02-2024_15-25-12_p0016_s102_b2_CONV--zed-rgb.mpeg,102,DOR BRAÇO-ESQUERDO BRAÇO-DIREITO,DOR BRAÇO-DIREITO BRAÇO-ESQUERDO
20-02-2024_16-22-26_p0015_sP18.4_b4_CONV--zed-rgb.mpeg,P18.4,UM SANGRAR DOIS M U C O COLA TRÊS P U S COR MISTURAR AMARELO BRANCO MISTURAR ENTÃO,UM SANGRAR DOIS M U C O COLA TRÊS PUS COR MISTURAR AMARELO BRANCO MISTURAR ENTÃO
05-10-2024_11-36-13_p0050_sP02_b1_CONV--ZED-RGB.mpeg,P2,QUANDO COMEÇAR,QUANDO COMEÇAR ENTÃO
22-01-2024_17-28-29_p9_s207--zed-rgb.mpeg,207,NÃO VACINAR GRIPE AINDA-NÃO,NÃO VACINAR GRIPE
14-03-2025_16-12-12_p0077_sP18.2_b4_CONV--ZED-RGB.mp4,P18.2,FEZES MOLE,VOCÊ FEZES MOLE
24-01-2024_17-24-28_p10_s254--zed-rgb.mpeg,254,ALERGIA COMER PROPRIO AGUA MAR,ALERGIA COMER CATEGORIA ÁGUA-MAR
26-03-2024_16-00-58_p0022_sP18.1_b4_CONV--ZED-RGB.mpeg,P18.1,VOCÊ ENJOAR O U VOMITAR,ENJOAR O U VOMITAR
22-02-2024_13-22-26_p0018_s16_b1_CONV--zed-rgb.mpeg,16,FALTA RESPIRAR,RESPIRAR FALTAR
15-02-2025_10-10-02_p0065_s55_b1_CONV--ZED-RGB.mp4,55,NARIZ VERMELHO NARIZ-SANGRAR GRIPE,VERMELHO NARIZ-SANGRAR GRIPE
11-03-2024_16-18-12_p0020_sP20_b3_CONV--zed-rgb.mpeg,P20,VOCÊ TER TRAZER RELATÓRIO AO-LONGO-DO-TEMPO,VOCÊ TER RELATÓRIO AO-LONGO-DO-TEMPO
02-05-2024_16-02-28_p0026_s254_b4_CONV--ZED-RGB.mpeg,254,ALERGIA CATEGORIA ÁGUA-MAR,ALERGIA COMER CATEGORIA ÁGUA-MAR
27-03-2024_15-06-20_p0015_s89_b2_CONV--ZED-RGB.mpeg,89,LADO-CABEÇA DOR,DOR LADO-CABEÇA
30-04-2024_13-19-23_p0024_s115_b2_CONV--ZED-RGB.mpeg,115,DOR SANGRAR APERTAR,DOR VERMELHO SANGRAR APERTAR
31-01-2024_14-44-21_p13_s168--zed-rgb.mpeg,168,RÉMEDIO MELHORAR,REMÉDIO CURAR
24-01-2024_17-25-57_p10_sP22.2--zed-rgb.mpeg,P22.2,ALERGIA TOMAR-MEDICAMENTOS SURGIR TER,MOMENTO VOCÊ TOMAR-MEDICAMENTO SURGIR TER ALERGIA TER
27-05-2024_16-59-12_p0032_s67_b1_CONV--ZED-RGB.mpeg,67,VOMITAR VERMELHO TER,VOMITAR TER VERMELHO
28-11-2024_15-59-01_p0055_s131_b2_CONV--ZED-RGB.mpeg,131,TER PERÍODO MENSTRUAR,PERÍODO MENSTRUAR
30-01-2025_16-33-38_p0068_s243_b3_CONV--ZED-RGB.mp4,243,NÃO TRAZER RECEITA REMÉDIO,NÃO TRAZER RECEITA REMÉDIO NENHUM
13-12-2024_16-36-54_p0054_sP03_b1_CONV--ZED-RGB.mpeg,P3,COMO COMEÇAR QUE FAZER O-QUE ENTÃO,COMO COMEÇAR QUE VOCÊ FAZER O-QUE
28-08-2024_16-55-46_p0038_s67_b1_CONV--ZED-RGB.mpeg,67,VOMITAR VERMELHO,VOMITAR TER VERMELHO
16-04-2024_10-49-22_p0025_s259_b4_CONV--ZED-RGB.mpeg,259,SIM TER FUMAR SIM,TER FUMAR SIM
25-03-2024_16-33-55_p0020_sP08.2_b2_CONV--ZED-RGB.mpeg,P8.2,TER QUANTOS DOR DEPOIS DESAPARECER,SENTIR DOR DEPOIS DESAPARECER ENTÃO
11-03-2025_16-03-05_p0073_s61_b1_CONV--ZED-RGB.mp4,61,AGREDIR,PELE QUEIMAR
27-03-2024_16-20-54_p0015_s55_b1_CONV--ZED-RGB.mpeg,55,NARIZ GRIPE VERMELHO SANGRAR,VERMELHO NARIZ-SANGRAR GRIPE
16-10-2024_15-32-15_p0049_sP10_b3_CONV--ZED-RGB.mpeg,P10,SOBRE DOR PERÍODO COMEÇA-EM-UM FRACO SEQUÊNCIA-CINCO MÉDIA ATÉ-DEZ EXTREMAMENTE-FORTE PERÍODO-TEMPO HOJE VOCÊ SENTIR QUAL ESSE-PERÍODO DOR EQUIVALER QUAL,SOBRE DOR PERÍODO COMEÇA-EM-UM FRACO SEQUÊNCIA-CINCO MÉDIA ATÉ-DEZ EXTREMAMENTE-FORTE PERÍODO-TEMPO VOCÊ SENTIR QUAL ESSE-PERÍODO DOR EQUIVALER QUAL
10-05-2024_15-04-50_p0033_sP18.2_b4_CONV--ZED-RGB.mpeg,P18.2,FEZES MOLE,VOCÊ FEZES MOLE
13-05-2024_16-25-20_p0028_s197_b3_CONV--ZED-RGB.mpeg,197,CATARRO CLARO COLA,CATARRO COLA CLARO
24-01-2025_15-10-38_p0060_sP24.1_b4_CONV--ZED-RGB.mp4,P24.1,BEBIDA ÁLCOOL VOCÊ BEBER,BEBIDA ÁLCOOL VOCÊ BEBER VOCÊ
11-03-2025_18-36-49_p0075_sP01_b1_CONV--ZED-RGB.mp4,P1,O-QUE SENTIR QUE VIR ENTÃO,O-QUE VOCÊ SENTIR QUE VIR ENTÃO
27-03-2024_15-12-50_p0015_s105_b2_CONV--ZED-RGB.mpeg,105,TESTÍCULO-DIREITO TESTÍCULO-ESQUERDO DOR,DOR TESTÍCULOS
13-02-2025_19-27-16_p0070_s27_b1_CONV--ZED-RGB.mp4,27, CATARRO GRIPE,CATARRO GRIPE
02-05-2024_15-50-38_p0026_s222_b4_CONV--ZED-RGB.mpeg,222,BARRIGA DOR NENHUM,DOR-BARRIGA NENHUM
03-05-2024_19-07-21_p0031_s242_b3_CONV--ZED-RGB.mpeg,242,USAR REMÉDIO,EU USAR REMÉDIO
27-05-2024_16-10-04_p0032_s244_b3_CONV--ZED-RGB.mpeg,244,NÃO USAR MEDICAMENTO,NÃO USAR MEDICAMENTO NÃO
13-05-2024_16-15-29_p0028_sP13.1_b3_CONV--ZED-RGB.mpeg,P13.1,MOMENTO DOR EXEMPLO AQUI APERTAR SENTIR DOR PIORAR ENTÃO,MOMENTO EXEMPLO AQUI APERTAR VOCÊ SENTIR DOR PIORAR ENTÃO
20-03-2024_15-15-26_p0015_sP13.1_b3_CONV--ZED-RGB.mpeg,P13.1,MOMENTO EXEMPLO APERTAR SENTIR DOR PIORAR ENTÃO,MOMENTO EXEMPLO AQUI APERTAR VOCÊ SENTIR DOR PIORAR ENTÃO
27-03-2024_16-11-52_p0015_s36_b1_CONV--ZED-RGB.mpeg,36,SUAR SUAR,SUAR SUAR SUAR
29-04-2024_16-04-53_p0024_s203_b3_CONV--ZED-RGB.mpeg,203,VACINAR COVID-19 NÃO,NÃO VACINAR COVID-19
13-03-2024_16-19-11_p0014_s282_b4_CONV--zed-rgb.mpeg,282,UM COPO UMA-VEZ SEMANA,UM COPO CHEIO TODO-DIA
03-08-2024_11-05-18_p0043_sP12_b3_CONV--ZED-RGB.mpeg,P12,DOR EXEMPLO AQUI LUGAR MESMO O U O U ESPALHAR AQUI LUGARES ENTÃO,DOR EXEMPLO AQUI LUGAR MESMO O U ESPALHAR AQUI LUGARES ENTÃO
08-05-2024_16-29-16_p0033_s244_b3_CONV--ZED-RGB.mpeg,244,NÃO USAR MEDICAMENTO,NÃO USAR MEDICAMENTO NÃO
25-03-2024_15-49-34_p0020_sP22.2_b4_CONV--ZED-RGB.mpeg,P22.2,MOMENTO TOMAR-MEDICAMENTO SURGIR ALERGIA TER ALERGIA,MOMENTO VOCÊ TOMAR-MEDICAMENTO SURGIR TER ALERGIA TER
06-05-2024_15-59-10_p0032_sP24.1_b4_CONV--ZED-RGB.mpeg,P24.1,BEBIDA ÁLCOOL VOCÊ BEBER,BEBIDA ÁLCOOL VOCÊ BEBER VOCÊ
19-02-2025_15-44-15_p0072_sP18.4_b4_CONV--ZED-RGB.mp4,P18.4,UM SANGRAR DOIS M U C O COLA TRÊS P U S COR MISTURAR AMARELO BRANCO MISTURAR ENTÃO,UM SANGRAR DOIS M U C O COLA TRÊS PUS COR MISTURAR AMARELO BRANCO MISTURAR ENTÃO
13-09-2024_16-52-37_p0046_sP03_b1_CONV--ZED-RGB.mpeg,P3,COMO COMEÇAR QUE FAZER VOCÊ FAZER O-QUE,COMO COMEÇAR QUE VOCÊ FAZER O-QUE
13-05-2024_16-37-15_p0028_s241_b3_CONV--ZED-RGB.mpeg,241,VOCÊ TRAZER RECEITA REMÉDIO,TRAZER RECEITA REMÉDIO
23-04-2024_11-50-30_p0024_s281_b4_CONV--ZED-RGB.mpeg,281,TAÇA VINHO TODO-DIA,TAÇA TOMAR VINHO TODO-DIA
24-07-2024_14-36-50_p0041_sP03_b1_CONV--ZED-RGB.mpeg,P3,COMO COMEÇAR QUE FAZER O-QUE ENTÃO,COMO COMEÇAR QUE VOCÊ FAZER O-QUE
21-01-2025_14-48-47_p0065_s221_b4_CONV--ZED-RGB.mp4,221,TER P U S PODE MISTURAR AMARELO BRANCO MISTURAR,TER P U S MISTURAR AMARELO BRANCO MISTURAR
01-02-2025_13-12-42_p0064_sP18.2_b4_CONV--ZED-RGB.mp4,P18.2,FEZES MOLE,VOCÊ FEZES MOLE
10-05-2024_15-12-31_p0033_sP18.4_b4_CONV--ZED-RGB.mpeg,P18.4,UM SANGRAR DOIS M U C O COLA TRÊS P U S COR MISTURAR AMARELO BRANCO MISTURAR ENTÃO,UM SANGRAR DOIS M U C O COLA TRÊS PUS COR MISTURAR AMARELO BRANCO MISTURAR ENTÃO
01-02-2025_11-50-45_p0070_sP18.3_b4_CONV--ZED-RGB.mp4,P18.3,COMO FEZES,COMO FEZES COMO
16-04-2024_10-58-14_p0025_s275_b4_CONV--ZED-RGB.mpeg,275,GARRAFA TODO-DIA,UMA-GARRAFA TODOS-OS-DIAS
28-06-2024_15-35-23_p0035_sP22.2_b4_CONV--ZED-RGB.mpeg,P22.2,MOMENTO TOMAR-MEDICAMENTO SURGIR TER ALERGIA,MOMENTO VOCÊ TOMAR-MEDICAMENTO SURGIR TER ALERGIA TER
02-05-2024_15-07-53_p0026_s188_b3_CONV--ZED-RGB.mpeg,188,DOR PERNA PERNA,DOR PERNAS-ESPALHAR APONTAR-COXA
30-01-2024_11-09-10_p11_s25--zed-rgb.mpeg,25,FEZES ESCURAS,FEZES ESCURO
12-03-2024_14-30-26_p0022_s37_b1_CONV--zed-rgb.mpeg,37,VERMELHO SANGUE ALTO DOCE BAIXO-ALTO,VERMELHO SANGUE DOCE BAIXO-ALTO
13-03-2024_16-15-38_p0014_s275_b4_CONV--zed-rgb.mpeg,275,UMAGARRAFA TODO-DIA,UMA-GARRAFA TODOS-OS-DIAS
18-03-2024_15-27-20_p0020_s30_b1_CONV--ZED-RGB.mpeg,30,DOR PELE,FERIR PELE
19-11-2024_15-59-57_p0054_sP12_b3_CONV--ZED-RGB.mpeg,P12,DOR EXEMPLO AQUI LUGAR MESMO O U ESPALHAR AQUI LUGARES,DOR EXEMPLO AQUI LUGAR MESMO O U ESPALHAR AQUI LUGARES ENTÃO
10-05-2024_09-06-39_p0030_sP16_b3_CONV--ZED-RGB.mpeg,P16,S I VOCÊ CORIZA NENHUM COMO SENTIR DOR URINAR,S I CORIZA NENHUM COMO TER SENTIR DOR URINAR
04-07-2024_15-40-18_p0039_s191_b3_CONV--ZED-RGB.mpeg,191,MOMENTO ABERTAR-BRAÇO DOR PIORAR NÃO,MOMENTO APERTAR-BRAÇO DOR PIORAR NÃO
23-11-2024_10-17-13_p0053_sP16_b3_CONV--ZED-RGB.mpeg,P16,S I VOCÊ CORIZA NENHUM COMO TER SENTIR DOR URINAR,S I CORIZA NENHUM COMO TER SENTIR DOR URINAR
13-09-2024_15-14-50_p0046_sP18.3_b4_CONV--ZED-RGB.mpeg,P18.3,COMO VOCÊ FEZES COMO,COMO FEZES COMO
11-03-2024_15-28-18_p0020_sP09.4_b3_CONV--zed-rgb.mpeg,P9.4,TOMAR-BANHO PIORAR,TOMAR-BANHO FÍSICO PIOR
13-05-2024_16-03-11_p0028_sP11.4_b3_CONV--ZED-RGB.mpeg,P11.4,AO-LONGO-DO-TEMPO SENTIR DOR COMO AUMENTAR O U DIMINUIR,AO-LONGO-DO-TEMPO DOR COMO AUMENTAR O U DIMINUIR
11-03-2024_15-45-03_p0020_s176_b3_CONV--zed-rgb.mpeg,176,TRÊS MESES,TRÊS-MESES
31-08-2024_14-14-35_p0047_s244_b3_CONV--ZED-RGB.mpeg,244,NÃO USAR MEDICAMENTO,NÃO USAR MEDICAMENTO NÃO
14-08-2024_16-37-44_p0038_sP25.1_b4_CONV--ZED-RGB.mpeg,P25.1,VOCÊ JÁ FAZER CIRURGIA ALGUM PASSADO S-I SIM QUAL,VOCÊ FAZER JÁ CIRURGIA ALGUM PASSADO S-I SIM QUAL
25-01-2025_13-23-52_p0064_sP08.2_b2_CONV--ZED-RGB.mp4,P8.2,SENTIR DOR DEPOIS DESAPARECER,SENTIR DOR DEPOIS DESAPARECER ENTÃO
17-08-2024_10-36-03_p0043_sP02_b1_CONV--ZED-RGB.mpeg,P2,QUANDO COMEÇAR,QUANDO COMEÇAR ENTÃO
29-04-2024_15-48-53_p0024_s186_b3_CONV--ZED-RGB.mpeg,186,DOR COSTAS ESPALHAR,COSTAS DOR ESPALHAR
13-03-2024_16-09-41_p0014_sP23.3_b4_CONV--zed-rgb.mpeg,P23.3,DURANTE-O-DIA QUANTOS FUMAR ENTÃO,DURANTE-O-DIA QUANTOS FUMAR
21-02-2024_15-44-10_p0016_sP08.1_b2_CONV--zed-rgb.mpeg,P8.1,SI FAZER COISAS SENTIR DOR PIORAR,S I FAZER COISAS SENTIR DOR PIORAR
18-03-2024_15-14-05_p0020_s5_b1_CONV--ZED-RGB.mpeg,5,CABEÇA DOR PULSAR,CABEÇA DOR
15-02-2025_11-43-42_p0070_sP04_b2_CONV--ZED-RGB.mp4,P4,TEMPO QUAL HORAS-DURAÇÃO,TEMPO QUAL HORAS-DURAÇÃO TEMPO
30-01-2024_11-24-42_p11_s66--zed-rgb.mpeg,66,VERMELHO VAGINA SANGRAR SANGRAR,VAGINA VERMELHO SANGRAR
08-04-2024_15-52-27_p0021_s129_b2_CONV--ZED-RGB.mpeg,129,LOCAL LUZ-FORTE,LOCAIS LUZ-FORTE
18-06-2024_16-54-15_p0028_s272_b4_CONV--ZED-RGB.mpeg,272,UM LATA BEBIDA TODO-DIA,UM LATA TODO-DIA
22-08-2024_16-56-49_p0042_s58_b1_CONV--ZED-RGB.mpeg,58,QUEBRAR QUEBRAR QUEBRAR QUEBRAR QUEBRAR QUEBRAR,QUEBRAR QUEBRAR QUEBRAR
21-02-2025_17-20-40_p0068_sP22.1_b4_CONV--ZED-RGB.mp4,P22.1,TER ALERGIA ENTÃO,VOCÊ TER ALERGIA ENTÃO
08-07-2024_12-35-44_p0040_sP25.1_b4_CONV--ZED-RGB.mpeg,P25.1,FAZER JÁ CIRURGIA ALGUM PASSADO S-I SIM QUAL,VOCÊ FAZER JÁ CIRURGIA ALGUM PASSADO S-I SIM QUAL
22-02-2024_15-34-27_p0014_sP11.3_b3_CONV--zed-rgb.mpeg,P11.3,NO-DECORRER-DO-TEMPO SENTIR DOR NO-TOTAL QUANTOS ENTÃO,NO-DECORRER-DO-TEMPO SENTIR DOR NO-TOTAL QUANTOS
24-05-2024_18-50-19_p0031_sP08.1_b2_CONV--ZED-RGB.mpeg,P8.1,S I TER COISAS SENTIR DOR PIORAR,S I FAZER COISAS SENTIR DOR PIORAR
26-10-2024_12-38-48_p0051_sP21.1_b3_CONV--ZED-RGB.mpeg,P21.1,DOCUMENTO REMÉDIO VOCÊ TER TRAZER,DOCUMENTO REMÉDIO VOCÊ TRAZER
27-05-2024_15-35-08_p0032_sP11.3_b3_CONV--ZED-RGB.mpeg,P11.3,NO-DECORREER-DO-TEMPO SENTIR DOR NO-TOTAL QUANTOS,NO-DECORRER-DO-TEMPO SENTIR DOR NO-TOTAL QUANTOS
18-06-2024_16-12-20_p0028_s219_b4_CONV--ZED-RGB.mpeg,219,FEZES COMIDA RESTOS,FEZES-LÍQUIDAS RESTOS COMIDA
08-04-2024_16-28-24_p0021_sP01_b1_CONV--ZED-RGB.mpeg,P1,OQUE VOCÊ SENTIR QUE VIR ENTÃO,O-QUE VOCÊ SENTIR QUE VIR ENTÃO
02-05-2024_16-16-22_p0026_s277_b4_CONV--ZED-RGB.mpeg,277,GARRAFAS DOIS DUAS-VEZES SEMANA,DOIS GARRAFAS DUAS-VEZES SEMANA
16-07-2024_16-53-59_p0039_s270_b4_CONV--ZED-RGB.mpeg,270,G I N A G I N,G I N
07-05-2024_15-12-03_p0027_s58_b1_CONV--ZED-RGB.mpeg,58,QUEBRAR QUEBRAR QUEBRAR QUEBRAR QUEBRAR,QUEBRAR QUEBRAR QUEBRAR
20-03-2024_14-52-28_p0015_s162_b3_CONV--ZED-RGB.mpeg,162,TOMAR-BANHO PIOR,TOMAR-BANHO CORPO PIOR
30-01-2024_14-42-07_p12_s118--zed-rgb.mpeg,118,OLHOS-LACRIMEJAR OLHOSLACRIMEJAR,OLHOS LACRIMEJAR
14-01-2025_15-51-47_p0060_sP08.2_b2_CONV--ZED-RGB.mp4,P8.2,SENTIR DOR DEPOIS DESAPARECER,SENTIR DOR DEPOIS DESAPARECER ENTÃO
18-03-2024_15-11-32_p0020_sP01_b1_CONV--ZED-RGB.mpeg,P1,VOCÊ O-QUE SENTIR VIR PROCURAR HOSPITAL,O-QUE VOCÊ SENTIR QUE VIR ENTÃO
19-06-2024_10-46-58_p0036_sP09.7_b3_CONV--ZED-RGB.mpeg,P9.7,TOMAR-REMÉDIO AJUDAR CURAR PEITO DOR O U FALTAR A R,TOMAR-REMÉDIO AJUDAR CURAR PEITO DOR O U FALTAR A R ENTÃO
13-05-2024_15-43-42_p0028_s168_b3_CONV--ZED-RGB.mpeg,168,REMÉDIO AJUDAR CURAR,REMÉDIO CURAR
24-01-2024_17-08-33_p10_s222--zed-rgb.mpeg,222,BARRIGA NENHUM,DOR-BARRIGA NENHUM
29-04-2024_11-22-50_p0029_sP04_b2_CONV--ZED-RGB.mpeg,P4,TEMPO QUAL HORAS-DURAÇÃO QUAL,TEMPO QUAL HORAS-DURAÇÃO TEMPO
24-01-2024_17-08-15_p10_sP18.5--zed-rgb.mpeg,P18.5,BARRIGA DOR ENTÃO,VOCÊ BARRIGA DOR ENTÃO
19-06-2024_11-18-59_p0036_sP15.3_b3_CONV--ZED-RGB.mpeg,P15.3,TER O U TER-NÃO,CATARRO TER O U TER-NÃO
14-08-2024_15-49-25_p0038_sP18.4_b4_CONV--ZED-RGB.mpeg,P18.4,UM SANGRAR DOIS M U C O COLA TRÊS P U S COR MISTURAR AMARELO BRANCO MISTURAR ENTÃO,UM SANGRAR DOIS M U C O COLA TRÊS PUS COR MISTURAR AMARELO BRANCO MISTURAR ENTÃO
24-04-2024_16-22-42_p0027_s242_b3_CONV--ZED-RGB.mpeg,242,USAR REMÉDIO,EU USAR REMÉDIO
29-04-2024_16-56-02_p0024_s58_b1_CONV--ZED-RGB.mpeg,58,QUEBRAR QUEBRAR QUEBRAR QUEBRAR QUEBRAR,QUEBRAR QUEBRAR QUEBRAR
04-09-2024_14-20-32_p0044_sP18.3_b4_CONV--ZED-RGB.mp4,P18.3,COMO VOCÊ FEZES COMO,COMO FEZES COMO
29-04-2024_15-56-43_p0024_sP15.2_b3_CONV--ZED-RGB.mpeg,P15.2,TOSSE COMO ENTÃO,TOSSE COMO
25-03-2024_16-01-53_p0020_s283_b4_CONV--ZED-RGB.mpeg,283,UM COPO CHEIO TODO-DIA,UM COPO UMA-VEZ SEMANA
30-04-2024_13-55-21_p0024_s81_b1_CONV--ZED-RGB.mpeg,81,LEMBRAR-NÃO,NÃO-LEMBRAR
08-05-2024_15-38-39_p0033_sP11.3_b3_CONV--ZED-RGB.mpeg,P11.3,NO-DECORRER-DO-TEMPO SENTIR DOR NO-TOTAL QUANTOS QUANDO,NO-DECORRER-DO-TEMPO SENTIR DOR NO-TOTAL QUANTOS
31-08-2024_14-10-44_p0047_sP20_b3_CONV--ZED-RGB.mpeg,P20,VOCÊ RELATÓRIO LEMBRAR AO-LONGO-DO-TEMPO,VOCÊ TER RELATÓRIO AO-LONGO-DO-TEMPO
27-03-2024_15-19-27_p0015_sP06.6_b2_CONV--ZED-RGB.mpeg,P6.6,CHOQUE SENTIR DOR,DOR IGUAL SENTIR CHOQUE
19-06-2024_16-24-02_p0023_s16_b1_CONV--ZED-RGB.mpeg,16,RESPIRAR FALTAR AR,RESPIRAR FALTAR
07-12-2024_11-19-49_p0053_s58_b1_CONV--ZED-RGB.mp4,58,QUEBRAR QUEBRAR QUEBRAR QUEBRAR QUEBRAR,QUEBRAR QUEBRAR QUEBRAR
05-06-2024_09-56-07_p0036_sP18.4_b4_CONV--ZED-RGB.mpeg,P18.4,UM SANGRAR DOIS M U C O COLA TRÊS P U S COR MISTURAR AMARELO BRANCO MISTURAR ENTÃO,UM SANGRAR DOIS M U C O COLA TRÊS PUS COR MISTURAR AMARELO BRANCO MISTURAR ENTÃO
23-04-2024_11-37-04_p0024_sP22.2_b4_CONV--ZED-RGB.mpeg,P22.2,MOMENTO TOMAR-MEDICAMENTO SURGIR ALERGIA TER ENTÃO,MOMENTO VOCÊ TOMAR-MEDICAMENTO SURGIR TER ALERGIA TER
05-09-2024_15-52-14_p0047_sP18.4_b4_CONV--ZED-RGB.mpeg,P18.4,UM SANGRAR DOIS M U C O COLA TRÊS P U S MISTURAR COR AMARELO BRANCO MISTURAR ENTÃO,UM SANGRAR DOIS M U C O COLA TRÊS PUS COR MISTURAR AMARELO BRANCO MISTURAR ENTÃO
18-12-2024_17-23-31_p0057_sP13.1_b3_CONV--ZED-RGB.mpeg,P13.1,MOMENTO EXEMPLO AQUI APERTAR VOCÊ SENTIR DOR PIORAR,MOMENTO EXEMPLO AQUI APERTAR VOCÊ SENTIR DOR PIORAR ENTÃO
07-05-2024_14-07-35_p0027_sP18.3_b4_CONV--ZED-RGB.mpeg,P18.3,COMO VOCÊ FEZES,COMO FEZES COMO
31-01-2024_15-03-17_p13_s192--zed-rgb.mpeg,192,PÉ SENTAR DEITAR DOR PIOR SIM,FICAR-EM-PÉ SENTAR DEITAR DOR PIORAR SIM
13-05-2024_16-20-30_p0028_s193_b3_CONV--ZED-RGB.mpeg,193,FICAR-EM-PÉ SENTAR DEITAR CORPO PIORAR DOR NÃO,FICAR-EM-PÉ SENTAR DEITAR DOR PIORAR NÃO
27-05-2024_15-43-33_p0032_s183_b3_CONV--ZED-RGB.mpeg,183,DOR ESPALHAR-OMBRO,DOR ESPALHAR OMBRO
11-03-2024_16-05-31_p0020_sP15.4_b3_CONV--zed-rgb.mpeg,P15.4,CATARRO ESSE TER COR QUAL,CATARRO COLA COR QUAL
03-05-2024_14-03-24_p0027_s91_b2_CONV--ZED-RGB.mpeg,91,DOR LADOS-CABEÇA,DOR LADO-CABEÇA LADO-CABEÇA
02-05-2024_16-06-07_p0026_sP23.2_b4_CONV--ZED-RGB.mpeg,P23.2,TOTAL TEMPO,TOTAL TEMPO QUANTO
16-10-2024_16-06-11_p0049_sP16_b3_CONV--ZED-RGB.mpeg,P16,S I CORIZA NENHUM COMO SENTIR DOR URINAR,S I CORIZA NENHUM COMO TER SENTIR DOR URINAR
07-05-2024_15-18-12_p0027_sP03_b1_CONV--ZED-RGB.mpeg,P3,COMO COMEÇAR QUE VOCÊ FAZER,COMO COMEÇAR QUE VOCÊ FAZER O-QUE
22-02-2024_14-16-14_p0018_sP07_b2_CONV--zed-rgb.mpeg,P7,SENTIR JUNTOS TER MAIS-ITENS,SENTIR JUNTO ITENS MAIS TER
22-01-2024_16-52-36_p9_sP12--zed-rgb.mpeg,P12,DOR EXEMPLO AQUI LUGAR MESMO O U ESPALHAR AQUI LUGAR ENTÃO,DOR EXEMPLO AQUI LUGAR MESMO O U ESPALHAR AQUI LUGARES ENTÃO
16-04-2024_10-55-59_p0025_sP24.3_b4_CONV--ZED-RGB.mpeg,P24.3,QUANTOS VOCÊ BEBIDA,QUANTOS BEBIDA
30-01-2024_11-07-22_p11_s21--zed-rgb.mpeg,21,EVACUAR ESPALHAR,EVACUAR-ESPALHAR
11-03-2025_17-51-09_p0075_sP18.2_b4_CONV--ZED-RGB.mp4,P18.2,FEZES MOLE,VOCÊ FEZES MOLE
18-06-2024_16-14-02_p0028_s221_b4_CONV--ZED-RGB.mpeg,221,TER P U S AMARELO BRANCO MISTURAR,TER P U S MISTURAR AMARELO BRANCO MISTURAR
22-04-2024_09-29-57_p0025_s185_b3_CONV--ZED-RGB.mpeg,185,DOR BARRIGA-ESPALHARBARRIGA,DOR BARRIGA-ESPALHAR BARRIGA
24-01-2025_15-55-15_p0060_s63_b1_CONV--ZED-RGB.mp4,63,TIRO,TIRO FURAR-BARRIGA
02-05-2024_16-07-39_p0026_sP24.1_b4_CONV--ZED-RGB.mpeg,P24.1,BEBER ÁLCOOL,BEBIDA ÁLCOOL VOCÊ BEBER VOCÊ
18-03-2024_15-32-27_p0020_s47_b1_CONV--ZED-RGB.mpeg,47,XIXI PARECER QUENTE NOSSA XIXI,XIXI SENTIR IGUAL QUENTE
31-01-2025_15-45-57_p0065_sP20_b3_CONV--ZED-RGB.mp4,P20,VOCÊ TER RELATÓRIO TER RELATÓRIO AO-LONGO-DO-TEMPO,VOCÊ TER RELATÓRIO AO-LONGO-DO-TEMPO
12-03-2025_10-35-48_p0074_s275_b4_CONV--ZED-RGB.mp4,275,GARRAFA TODOS-OS-DIAS,UMA-GARRAFA TODOS-OS-DIAS
08-07-2024_12-05-52_p0040_sP22.1_b4_CONV--ZED-RGB.mpeg,P22.1,TER ALERGIA ENTÃO,VOCÊ TER ALERGIA ENTÃO
21-01-2025_15-20-36_p0065_sP24.1_b4_CONV--ZED-RGB.mp4,P24.1,BEBIDA ÁLCOOL VOCÊ BEBER,BEBIDA ÁLCOOL VOCÊ BEBER VOCÊ
19-03-2024_15-05-11_p0022_s102_b2_CONV--ZED-RGB.mpeg,102,DOR BRAÇO-ESQUERDO BRAÇO-DIREITO,DOR BRAÇO-DIREITO BRAÇO-ESQUERDO
16-09-2024_15-23-01_p0045_s104_b2_CONV--ZED-RGB.mpeg,104,DOR JOELHO-DIREITO JOELHO-ESQUERDO,DOR PERNA-DIREITA PERNA-ESQUERDA
12-07-2024_15-10-46_p0040_sP13.1_b3_CONV--ZED-RGB.mpeg,P13.1,MOMENTO EXEMPLO AQUI APERTAR SENTIR DOR PIORAR ENTÃO,MOMENTO EXEMPLO AQUI APERTAR VOCÊ SENTIR DOR PIORAR ENTÃO
29-04-2024_16-05-41_p0024_sP17.2_b3_CONV--ZED-RGB.mpeg,P17.2,QUANTOS VACINAR ENTÃO,QUANTOS VACINAR
10-05-2024_09-39-54_p0030_sP18.4_b4_CONV--ZED-RGB.mpeg,P18.4,VOCÊ UM SANGRAR DOIS M U C O COLA TRÊS P U S COR MISTURAR AMARELO BRANCO MISTURAR ENTÃO,UM SANGRAR DOIS M U C O COLA TRÊS PUS COR MISTURAR AMARELO BRANCO MISTURAR ENTÃO
27-05-2024_15-44-43_p0032_s185_b3_CONV--ZED-RGB.mpeg,185,DOR BARRIGA-ESPALHAR ESPALHAR,DOR BARRIGA-ESPALHAR BARRIGA
26-04-2024_14-29-46_p0028_sP01_b1_CONV--ZED-RGB.mpeg,P1,VOCÊ SENTIR QUE VIR ENTÃO,O-QUE VOCÊ SENTIR QUE VIR ENTÃO
22-02-2024_13-43-51_p0018_s58_b1_CONV--zed-rgb.mpeg,58,QUEBRAR QUEBRAR QUEBRAR QUEBRAR,QUEBRAR QUEBRAR QUEBRAR
24-01-2024_17-01-19_p10_s211--zed-rgb.mpeg,211,FRAGMENTO MISTURAR MOLE,FRAGMENTOS MISTURAR MOLE
22-01-2024_17-13-16_p9_s194--zed-rgb.mpeg,194,TOSSE SECA,TOSSE SECO
13-12-2024_15-06-17_p0054_sP06.5_b2_CONV--ZED-RGB.mp4,P6.5,DOR IGUAL FINCADA ENTÃO,DOR IGUAL FINCADA
28-02-2024_16-20-51_p0011_s103_b2_CONV--zed-rgb.mpeg,103,DOR JOELHO-DIREITO-ESQUERDO,DOR JOELHO-DIREITO JOELHO-ESQUERDO
04-02-2025_16-58-00_p0066_sP08.2_b2_CONV--ZED-RGB.mp4,P8.2,SENTIR DOR DEPOIS DESAPARECER,SENTIR DOR DEPOIS DESAPARECER ENTÃO
27-03-2025_15-40-05_p0078_sP21.1_b3_CONV--ZED-RGB.mp4,P21.1,DOCUMENTO REMÉDIO TRAZER,DOCUMENTO REMÉDIO VOCÊ TRAZER
22-01-2024_17-27-13_p9_s206--zed-rgb.mpeg,206,QUATRO VACINAR,QUATRO VACINA
12-03-2024_10-45-45_p0021_sP23.2_b4_CONV--zed-rgb.mpeg,P23.2,TOTAL TEMPO,TOTAL TEMPO QUANTO
22-02-2024_13-51-46_p0018_s81_b1_CONV--zed-rgb.mpeg,81,LEMBRAR-NÃO NÃO,NÃO-LEMBRAR
31-08-2024_13-15-54_p0047_s185_b3_CONV--ZED-RGB.mpeg,185,DOR BARRIGA BARRIGA-ESPALHAR,DOR BARRIGA-ESPALHAR BARRIGA
12-03-2024_10-50-34_p0021_s274_b4_CONV--zed-rgb.mpeg,274,UM LATAS DUAS-VEZES SEMANA,DOIS LATAS DUAS-VEZES SEMANA
12-03-2024_10-33-37_p0021_sP22.1_b4_CONV--zed-rgb.mpeg,P22.1,TER ALERGIA ENTÃO,VOCÊ TER ALERGIA ENTÃO
14-03-2025_17-34-00_p0077_s67_b1_CONV--ZED-RGB.mp4,67,VOMITAR VERMELHO,VOMITAR TER VERMELHO
10-09-2024_14-21-19_p0048_s104_b2_CONV--ZED-RGB.mpeg,104,DOR PERNA-ESQUERDA PERNA-DIREITA,DOR PERNA-DIREITA PERNA-ESQUERDA
08-06-2024_10-00-00_p0031_sP24.1_b4_CONV--ZED-RGB.mpeg,P24.1,BEBIDA ÁLCOOL VOCÊ BEBER,BEBIDA ÁLCOOL VOCÊ BEBER VOCÊ
06-05-2024_16-07-01_p0032_s275_b4_CONV--ZED-RGB.mpeg,275,UMA-GARRAFA TODO-DIA,UMA-GARRAFA TODOS-OS-DIAS
18-03-2024_15-17-01_p0020_s14_b1_CONV--ZED-RGB.mpeg,14,DOR PERNA-ATRÁS DOR PERNA-ATRÁS,DOR PERNA ATRÁS
27-03-2024_16-08-43_p0015_s26_b1_CONV--ZED-RGB.mpeg,26,TOSSE,TOSSIR
10-02-2025_17-16-01_p0071_sP16_b3_CONV--ZED-RGB.mp4,P16,S I VOCÊ CORIZA NENHUM COMO VOCÊ SENTIR DOR URINAR,S I CORIZA NENHUM COMO TER SENTIR DOR URINAR
31-01-2024_15-09-12_p13_s202--zed-rgb.mpeg,202,CATARRO COLA SANGUE ,CATARRO COLA SANGUE PONTOS
27-03-2024_16-02-07_p0015_s10_b1_CONV--ZED-RGB.mpeg,10,BARRIGA DOR,DOR BARRIGA
01-02-2025_13-58-53_p0064_sP01_b1_CONV--ZED-RGB.mp4,P1,O-QUE SENTIR QUE VIR ENTÃO,O-QUE VOCÊ SENTIR QUE VIR ENTÃO
20-02-2024_16-58-30_p0015_s267_b4_CONV--zed-rgb.mpeg,267,VODKA,VODCA
22-01-2024_17-05-05_p9_sP13.1--zed-rgb.mpeg,P13.1,MOMENTO-EXEMPLO AQUI APERTAR SENTIR DOR PIOR,MOMENTO EXEMPLO AQUI APERTAR VOCÊ SENTIR DOR PIORAR ENTÃO
10-05-2024_16-48-11_p0033_s65_b1_CONV--ZED-RGB.mpeg,65,VIVO NASCER,NASCER VIVO
20-05-2024_11-41-30_p0034_s47_b1_CONV--ZED-RGB.mpeg,47,XIXI IGUAL QUENTE,XIXI SENTIR IGUAL QUENTE
31-01-2024_14-58-13_p13_sP12--zed-rgb.mpeg,P12,DOR EXEMPLO AQUI LUGAR MESMO O U ESPALHAR LUGARES ENTÃO,DOR EXEMPLO AQUI LUGAR MESMO O U ESPALHAR AQUI LUGARES ENTÃO
18-03-2024_15-44-45_p0020_sP03_b1_CONV--ZED-RGB.mpeg,P3,COMO COMEÇAR MAS VOCÊ FAZER O-QUE,COMO COMEÇAR QUE VOCÊ FAZER O-QUE
12-12-2024_15-58-19_p0057_s118_b2_CONV--ZED-RGB.mpeg,118,OLHOS LACRIMEJAR OLHOS LACRIMEJAR,OLHOS LACRIMEJAR
08-06-2024_10-12-27_p0031_sP25.1_b4_CONV--ZED-RGB.mpeg,P25.1,VOCÊ JÁ FAZER ALGUM CIRURGIA PASSADO S-I SIM QUAL,VOCÊ FAZER JÁ CIRURGIA ALGUM PASSADO S-I SIM QUAL
25-03-2024_15-29-52_p0020_s219_b4_CONV--ZED-RGB.mpeg,219,FEZES-LÍQUIDAS PARECE RESTOS TER QUE COMIDA,FEZES-LÍQUIDAS RESTOS COMIDA
28-01-2025_13-22-41_p0067_sP10_b3_CONV--ZED-RGB.mp4,P10,SOBRE DOR PERÍODO COMEÇA-EM-UM FRACO SEQUÊNCIA-CINCO MÉDIA ATÉ-DEZ EXTREMAMENTE-FORTE PERÍODO-TEMPO QUAL VOCÊ SENTIR VOCÊ ESSE-PERÍODO DOR EQUIVALER QUAL,SOBRE DOR PERÍODO COMEÇA-EM-UM FRACO SEQUÊNCIA-CINCO MÉDIA ATÉ-DEZ EXTREMAMENTE-FORTE PERÍODO-TEMPO VOCÊ SENTIR QUAL ESSE-PERÍODO DOR EQUIVALER QUAL
11-06-2024_13-52-11_p0035_sP04_b2_CONV--ZED-RGB.mpeg,P4,QUAL TEMPO HORAS-DURAÇÃO ENTÃO,TEMPO QUAL HORAS-DURAÇÃO TEMPO
02-04-2024_15-44-07_p0021_sP15.3_b3_CONV--ZED-RGB.mpeg,P15.3,CATARRO TER O U NÃO,CATARRO TER O U TER-NÃO
13-12-2024_16-29-21_p0054_s58_b1_CONV--ZED-RGB.mpeg,58,QUEBRAR QUEBRAR QUEBRAR QUEBRAR QUEBRAR,QUEBRAR QUEBRAR QUEBRAR
21-01-2025_15-14-23_p0065_sP22.2_b4_CONV--ZED-RGB.mp4,P22.2,MOMENTO TOMAR-MEDICAMENTO SURGIR MOMENTO ALERGIA TER,MOMENTO VOCÊ TOMAR-MEDICAMENTO SURGIR TER ALERGIA TER
24-04-2024_16-21-39_p0027_s243_b3_CONV--ZED-RGB.mpeg,243,NÃO TRAZER RECEITA REMÉDIO,NÃO TRAZER RECEITA REMÉDIO NENHUM
24-01-2024_17-02-21_p10_s214--zed-rgb.mpeg,214,FEZES ESPUMAR,FEZES-LÍQUIDAS BRILHANTE
22-01-2024_17-29-55_p9_sP17.4--zed-rgb.mpeg,P17.4,VOCÊ TROUXE CARTÃO VACINAR ENTÃO,VOCÊ TRAZER CARTÃO-DE-VACINA
12-03-2025_11-09-06_p0074_s63_b1_CONV--ZED-RGB.mp4,63,TIRO,TIRO FURAR-BARRIGA
05-03-2024_10-47-23_p0014_s79_b1_CONV--zed-rgb.mpeg,79,SENTADO SENTADO,SENTADO
19-02-2025_16-58-23_p0072_s67_b1_CONV--ZED-RGB.mp4,67,VOMITAR VERMELHO,VOMITAR TER VERMELHO
31-01-2024_15-06-16_p13_sP15.3--zed-rgb.mpeg,P15.3,CATARRO TER O U NÃO TER,CATARRO TER O U TER-NÃO
11-07-2024_15-48-47_p0041_sP20_b3_CONV--ZED-RGB.mpeg,P20,VOCÊ TER RELATÓRIO TER AO-LONGO-DO-TEMPO,VOCÊ TER RELATÓRIO AO-LONGO-DO-TEMPO
29-04-2024_15-55-33_p0024_sP15.1_b3_CONV--ZED-RGB.mpeg,P15.1,TER TOSSE TER ENTÃO,TER TOSSE
27-03-2024_15-14-00_p0015_s107_b2_CONV--ZED-RGB.mpeg,107,PROFUNDO DOR,DOR PROFUNDO
26-08-2024_15-38-52_p0019_s58_b1_CONV--ZED-RGB.mpeg,58,TONTEIRA,QUEBRAR QUEBRAR QUEBRAR
20-02-2024_17-02-03_p0015_s277_b4_CONV--zed-rgb.mpeg,277,DOIS-GARRAFAS SEMANA DUAS-VEZES,DOIS GARRAFAS DUAS-VEZES SEMANA
28-09-2024_14-29-55_p0016_s58_b1_CONV--ZED-RGB.mpeg,58,QUEBRAR QUEBRAR QUEBRAR QUEBRAR QUEBRAR,QUEBRAR QUEBRAR QUEBRAR
25-03-2024_16-10-57_p0020_s94_b2_CONV--ZED-RGB.mpeg,94,DOR OUVIDO-DIREITO OUVIDO-ESQUERDO DOR,DOR OUVIDO-DIREITO OUVIDO-ESQUERDO
24-01-2024_17-22-17_p10_s250--zed-rgb.mpeg,250,ALERGIA INSETO-PICAR,ALERGIA INSETO PICAR
20-05-2024_11-52-04_p0034_sP02_b1_CONV--ZED-RGB.mpeg,P2,QUANDO COMEÇAR,QUANDO COMEÇAR ENTÃO
18-03-2024_15-32-45_p0020_s48_b1_CONV--ZED-RGB.mpeg,48,XIXI PARECER VAZAR XIXI VAZAR,XIXI VAZAR
08-11-2024_15-00-27_p0052_s58_b1_CONV--ZED-RGB.mpeg,58,QUEBRAR QUEBRAR QUEBRAR QUEBRAR,QUEBRAR QUEBRAR QUEBRAR
31-01-2024_14-44-36_p13_s169--zed-rgb.mpeg,169,RÉMEDIO MELHORAR-NÃO,REMÉDIO CURAR-NÃO
20-02-2024_16-51-36_p0015_s259_b4_CONV--zed-rgb.mpeg,259,FUMAR SIM,TER FUMAR SIM
25-03-2024_15-29-12_p0020_s217_b4_CONV--ZED-RGB.mpeg,217,FEZES-LÍQUIDAS BRANCO O-U BRANCO,FEZES-LÍQUIDAS BRANCO
31-03-2025_18-37-54_p0079_sP22.2_b4_CONV--ZED-RGB.mp4,P22.2,MOMENTO TOMAR-MEDICAMENTO SURGIR TER ALERGIA TER,MOMENTO VOCÊ TOMAR-MEDICAMENTO SURGIR TER ALERGIA TER
31-01-2024_14-53-59_p13_sP11.2--zed-rgb.mpeg,P11.2,SENTIR DOR OUTRA-VEZDIVERSAS-VEZES ENTÃO,SENTIR DOR OUTRAS-VEZES DIVERSAS-VEZES ENTÃO
21-08-2024_15-02-45_p0044_sP16_b3_CONV--ZED-RGB.mpeg,P16,S I VOCÊ CORIZA NENHUM COMO SENTIR DOR URINAR,S I CORIZA NENHUM COMO TER SENTIR DOR URINAR
03-08-2024_10-25-48_p0043_sP09.7_b3_CONV--ZED-RGB.mpeg,P9.7,TOMAR-REMÉDIO AJUDAR CURAR PEITO DOR FALTAR A R ENTÃO,TOMAR-REMÉDIO AJUDAR CURAR PEITO DOR O U FALTAR A R ENTÃO
20-03-2024_15-26-41_p0015_s203_b3_CONV--ZED-RGB.mpeg,203,VACINAR NÃO COVID-19,NÃO VACINAR COVID-19
18-06-2024_16-36-03_p0028_s247_b4_CONV--ZED-RGB.mpeg,247,ALERGIA FLOR PÓLEM,ALERGIA FLOR PÓLEN
19-06-2024_10-37-01_p0036_sP09.1_b3_CONV--ZED-RGB.mpeg,P9.1,PEITO DOR O U FALTAR INSPIRAR PIORAR MOMENTO FÍSICO ESFORÇAR,PEITO DOR O U FALTAR A R INSPIRAR PIORAR MOMENTO FÍSICO ESFORÇAR
19-06-2024_11-25-20_p0036_sP16_b3_CONV--ZED-RGB.mpeg,P16,S I CORIZA NENHUM COMO SENTIR DOR URINAR,S I CORIZA NENHUM COMO TER SENTIR DOR URINAR
27-03-2024_16-00-06_p0015_s6_b1_CONV--ZED-RGB.mpeg,6,PESCOÇO DOR,DOR PESCOÇO
19-03-2024_15-18-00_p0022_s120_b2_CONV--ZED-RGB.mpeg,120,VER EMBAÇAR,VER DOBRADO
20-02-2024_16-44-58_p0015_s252_b4_CONV--zed-rgb.mpeg,252,LEITE ALERGIA,ALERGIA LEITE
18-03-2024_15-16-30_p0020_s12_b1_CONV--ZED-RGB.mpeg,12,DOR BRAÇO DOR,DOR BRAÇO
03-05-2024_18-26-52_p0031_sP09.4_b3_CONV--ZED-RGB.mpeg,P9.4,TOMAR-BANHO PIOR,TOMAR-BANHO FÍSICO PIOR
06-08-2024_16-11-23_p0039_sP01_b1_CONV--ZED-RGB.mpeg,P1,OQUE SENTIR QUE VIR ENTÃO,O-QUE VOCÊ SENTIR QUE VIR ENTÃO
24-01-2025_14-35-49_p0060_sP18.2_b4_CONV--ZED-RGB.mp4,P18.2,FEZES MOLE,VOCÊ FEZES MOLE
01-08-2024_16-59-15_p0042_s207_b3_CONV--ZED-RGB.mpeg,207,NÃO VACINAR,NÃO VACINAR GRIPE
18-06-2024_17-00-59_p0028_sP25.1_b4_CONV--ZED-RGB.mpeg,P25.1,VOCÊ JÁ FAZER CIRURGIA QUANTOS PASSADO S-I SIM QUAL,VOCÊ FAZER JÁ CIRURGIA ALGUM PASSADO S-I SIM QUAL
16-04-2024_10-36-47_p0025_s238_b4_CONV--ZED-RGB.mpeg,238,SUAR TIREÓIDE POUCO,SUAR TIREÓIDE DIMINUIR
08-08-2024_14-45-50_p0042_s101_b2_CONV--ZED-RGB.mp4,101,DOR OMBRO,DOR OMBROS
29-08-2024_15-36-02_p0045_sP18.4_b4_CONV--ZED-RGB.mpeg,P18.4,UM SANGRAR DOIS M U C O COLA TRÊS P U S COR MISTURAR AMARELO BRANCO  MISTURAR ENTÃO,UM SANGRAR DOIS M U C O COLA TRÊS PUS COR MISTURAR AMARELO BRANCO MISTURAR ENTÃO
31-01-2025_15-01-29_p0065_sP10_b3_CONV--ZED-RGB.mp4,P10,SOBRE DOR PERÍODO COMEÇA-EM-UM FRACO CINCO MÉDIA DEZ EXTREMAMENTE-FORTE PERÍODO-TEMPO VOCÊ SENTIR ESSE-PERÍODO DOR EQUIVALER QUAL,SOBRE DOR PERÍODO COMEÇA-EM-UM FRACO SEQUÊNCIA-CINCO MÉDIA ATÉ-DEZ EXTREMAMENTE-FORTE PERÍODO-TEMPO VOCÊ SENTIR QUAL ESSE-PERÍODO DOR EQUIVALER QUAL
22-01-2024_16-30-35_p9_s162--zed-rgb.mpeg,162,TOMA-BANHO FÍSICO PIOR,TOMAR-BANHO CORPO PIOR
21-12-2024_09-25-32_p0061_sP18.4_b4_CONV--ZED-RGB.mpeg,P18.4,UM SANGRAR DOIS M U C O COLA TRÊS P U S COR MISTURAR AMARELO BRANCO MISTURAR ENTÃO,UM SANGRAR DOIS M U C O COLA TRÊS PUS COR MISTURAR AMARELO BRANCO MISTURAR ENTÃO
16-05-2024_15-01-05_p0034_sP08.2_b2_CONV--ZED-RGB.mpeg,P8.2,SENTIR DOR DEPOIS DESAPARECER,SENTIR DOR DEPOIS DESAPARECER ENTÃO
26-03-2024_16-39-42_p0022_sP25.1_b4_CONV--ZED-RGB.mpeg,P25.1,FAZER JÁ CIRURGIA QUANTOS PASSADO S-I SIM QUAL,VOCÊ FAZER JÁ CIRURGIA ALGUM PASSADO S-I SIM QUAL
16-07-2024_16-47-41_p0039_sP24.2_b4_CONV--ZED-RGB.mpeg,P24.2,BEBIDA ÁLCOOL VOCÊ BEBER VOCÊ,BEBIDA QUAL
30-04-2024_13-19-51_p0024_s116_b2_CONV--ZED-RGB.mpeg,116,DOR CÓLICA APERTAR PONTADA,DOR APERTAR PONTADA
31-03-2025_18-23-27_p0079_sP18.4_b4_CONV--ZED-RGB.mp4,P18.4,UM SANGRAR DOIS M U C O COLA TRÊS P U S COR MISTURAR AMARELO BRANCO MISTURAR ENTÃO,UM SANGRAR DOIS M U C O COLA TRÊS PUS COR MISTURAR AMARELO BRANCO MISTURAR ENTÃO
16-04-2024_10-23-12_p0025_s216_b4_CONV--ZED-RGB.mpeg,216,FEZES-LÍQUIDAS-EXPLODE,FEZES-LÍQUIDAS-EXPLODIR
15-02-2025_12-12-41_p0070_s131_b2_CONV--ZED-RGB.mp4,131,TER PERÍODO MENSTRUAR,PERÍODO MENSTRUAR
05-12-2024_16-55-27_p0055_sP18.4_b4_CONV--ZED-RGB.mpeg,P18.4,UM SANGRAR DOIS M U C O COLA TRÊS P U S COR MISTURAR AMARELO BRANCO MISTURAR ENTÃO,UM SANGRAR DOIS M U C O COLA TRÊS PUS COR MISTURAR AMARELO BRANCO MISTURAR ENTÃO
12-06-2024_16-32-52_p0038_sP11.3_b3_CONV--ZED-RGB.mpeg,P11.3,NO-DECORRER-DO-TEMPO SENTIR DOR NO-TOTAL QUANTOS ENTÃO,NO-DECORRER-DO-TEMPO SENTIR DOR NO-TOTAL QUANTOS
22-08-2024_15-57-55_p0042_s259_b4_CONV--ZED-RGB.mpeg,259,S TER FUMAR SIM,TER FUMAR SIM
27-03-2025_15-35-03_p0078_sP16_b3_CONV--ZED-RGB.mp4,P16,S I CORIZA NENHUM COMO SENTIR DOR URINAR,S I CORIZA NENHUM COMO TER SENTIR DOR URINAR
01-02-2025_14-37-31_p0064_s73_b1_CONV--ZED-RGB.mp4,73,COMO COMEÇAR QUE FAZER,COMER
28-09-2024_14-10-17_p0016_s22_b1_CONV--ZED-RGB.mpeg,22,EVACUAR VERMELHO MOLE,EVACUAR MOLE VERMELHO
30-01-2024_14-55-26_p12_s144--zed-rgb.mpeg,144,AGUA FRIO ,ÁGUA FRIO COLOCAR-BRAÇO
27-11-2024_15-36-19_p0054_sP24.1_b4_CONV--ZED-RGB.mpeg,P24.1,BEBIDA ÁLCOOL BEBER,BEBIDA ÁLCOOL VOCÊ BEBER VOCÊ
16-04-2024_10-39-15_p0025_s246_b4_CONV--ZED-RGB.mpeg,246,F U N G O S SINALFUNGO,F U N G O S SINAL FUNGO
13-05-2024_15-41-55_p0028_sP09.7_b3_CONV--ZED-RGB.mpeg,P9.7,TOMAR-REMÉDIO AJUDAR PEITO DOR O U FALTAR A R ENTÃO,TOMAR-REMÉDIO AJUDAR CURAR PEITO DOR O U FALTAR A R ENTÃO
18-06-2024_16-57-33_p0028_s279_b4_CONV--ZED-RGB.mpeg,279,DOIS DUAS-DOSES DUAS-VEZES SEMANA,DUAS-DOSES TOMAR DUAS-VEZES SEMANA
20-05-2024_12-38-37_p0034_s280_b4_CONV--ZED-RGB.mpeg,280,TAÇA VINHO TOMAR UMA-VEZ SEMANA,TAÇA TOMAR VINHO UMA-VEZ SEMANA
07-01-2025_13-58-08_p0062_s32_b1_CONV--ZED-RGB.mp4,32,MANCHAS-PELE MANCHAS-PELE VERMELHO,MANCHAS-PELE VERMELHO
17-06-2024_14-51-33_p0019_sP05_b2_CONV--ZED-RGB.mpeg,P5,POR-QUE VOCÊ PROCURAR MOMENTO PIORAR,POR-QUE PROCURAR VIR HOJE TER PIORAR
18-03-2024_11-39-13_p0013_s270_b4_CONV--ZED-RGB.mpeg,270,G I M,G I N
08-06-2024_09-21-04_p0031_s211_b4_CONV--ZED-RGB.mpeg,211,FRAGMENTOS MOLE,FRAGMENTOS MISTURAR MOLE
25-03-2024_15-53-22_p0020_sP24.1_b4_CONV--ZED-RGB.mpeg,P24.1,ÁLCOOL VOCÊ BEBER,BEBIDA ÁLCOOL VOCÊ BEBER VOCÊ
20-05-2024_12-40-56_p0034_sP25.1_b4_CONV--ZED-RGB.mpeg,P25.1,JÁ FAZER CIRURGIA QUANTOS PASSADO S-I SIM QUAL,VOCÊ FAZER JÁ CIRURGIA ALGUM PASSADO S-I SIM QUAL
31-01-2024_14-34-09_p13_sP09.1--zed-rgb.mpeg,P9.1,PEITO DOR O U FALTA A R INSPIRAR PIOR MOMENTO FÍSICO ESFORÇO,PEITO DOR O U FALTAR A R INSPIRAR PIORAR MOMENTO FÍSICO ESFORÇAR
18-06-2024_16-57-00_p0028_s278_b4_CONV--ZED-RGB.mpeg,278,UMA-DOSE TODO-DIA,UMA-DOSE TOMAR TODO-DIA
03-05-2024_14-08-41_p0027_s109_b2_CONV--ZED-RGB.mpeg,109,DOR FORTE,DOR MUITO-FORTE
18-03-2024_15-35-21_p0020_s56_b1_CONV--ZED-RGB.mpeg,56,VERMELHO FEZES DIARREIA VERMELHO,VERMELHO FEZES
13-02-2025_19-49-07_p0070_sP03_b1_CONV--ZED-RGB.mp4,P3,COMO COMEÇAR QUE VOCÊ FAZER,COMO COMEÇAR QUE VOCÊ FAZER O-QUE
24-07-2024_14-07-00_p0041_sP01_b1_CONV--ZED-RGB.mpeg,P1,O-QUE SENTIR QUE VIR ENTÃO,O-QUE VOCÊ SENTIR QUE VIR ENTÃO
27-11-2024_15-31-40_p0054_sP22.2_b4_CONV--ZED-RGB.mpeg,P22.2,MOMENTO TOMAR-MEDICAMENTO SURGIR TER ALERGIA TER,MOMENTO VOCÊ TOMAR-MEDICAMENTO SURGIR TER ALERGIA TER
13-05-2024_16-19-51_p0028_s192_b3_CONV--ZED-RGB.mpeg,192,FICAR-EM-PÉ SENTAR DEITAR CORPO DOR PIORAR SIM,FICAR-EM-PÉ SENTAR DEITAR DOR PIORAR SIM
18-04-2024_15-44-23_p0026_s146_b2_CONV--ZED-RGB.mpeg,146,USAR REMÉDIO,REMÉDIO
22-01-2024_16-58-25_p9_s185--zed-rgb.mpeg,185,DOR-ESPALHA-BARRIGA,DOR BARRIGA-ESPALHAR BARRIGA
14-12-2024_11-33-08_p0059_sP08.2_b2_CONV--ZED-RGB.mpeg,P8.2,SENTIR DOR DEPOIS DESAPARECER,SENTIR DOR DEPOIS DESAPARECER ENTÃO
22-02-2024_13-59-54_p0018_s85_b2_CONV--zed-rgb.mpeg,85,1 SEMANA,UM SEMANA
05-09-2024_16-36-39_p0047_s280_b4_CONV--ZED-RGB.mpeg,280,TAÇA TOMAR VINHO UM UMA-VEZ SEMANA,TAÇA TOMAR VINHO UMA-VEZ SEMANA
11-03-2025_17-58-48_p0075_sP18.4_b4_CONV--ZED-RGB.mp4,P18.4,UM SANGRAR DOIS M U C O COLA TRÊS P U S COR MISTURAR AMARELO BRANCO MISTURAR ENTÃO,UM SANGRAR DOIS M U C O COLA TRÊS PUS COR MISTURAR AMARELO BRANCO MISTURAR ENTÃO
24-01-2025_15-53-12_p0060_s58_b1_CONV--ZED-RGB.mp4,58,QUEBRAR QUEBRAR QUEBRAR QUEBRAR QUEBRAR QUEBRAR,QUEBRAR QUEBRAR QUEBRAR
19-06-2024_15-47-38_p0023_sP16_b3_CONV--ZED-RGB.mpeg,P16,S I CORIZA NENHUM COMO VOCÊ SENTIR DOR URINAR,S I CORIZA NENHUM COMO TER SENTIR DOR URINAR
18-03-2024_15-20-18_p0020_s25_b1_CONV--ZED-RGB.mpeg,25,FEZES ESCURO DURO,FEZES ESCURO
05-09-2024_16-42-56_p0047_sP25.1_b4_CONV--ZED-RGB.mpeg,P25.1,VOCÊ JÁ FAZER CIRURGIA ALGUM ENTÃO PASSADO S-I SIM QUAL,VOCÊ FAZER JÁ CIRURGIA ALGUM PASSADO S-I SIM QUAL
28-06-2024_15-52-00_p0035_sP25.1_b4_CONV--ZED-RGB.mpeg,P25.1,VOCÊ FAZER JÁ CIRURGIA PASSADO S-I SIM QUAL,VOCÊ FAZER JÁ CIRURGIA ALGUM PASSADO S-I SIM QUAL
08-05-2024_16-09-21_p0033_sP14_b3_CONV--ZED-RGB.mpeg,P14,TER DOR FEBRE CALAFRIOS ESPIRRAR O U SECREÇÃO-NASAL,TER DOR FEBRE CALAFRIOS ESPIRRAR O U SECREÇÃO-NASAL COLA
01-08-2024_17-04-19_p0042_s244_b3_CONV--ZED-RGB.mpeg,244,NÃO MEDICAMENTO USAR,NÃO USAR MEDICAMENTO NÃO
14-03-2025_16-37-55_p0077_sP22.2_b4_CONV--ZED-RGB.mp4,P22.2,MOMENTO TOMAR-MEDICAMENTO SURGIR ALERGIA TER,MOMENTO VOCÊ TOMAR-MEDICAMENTO SURGIR TER ALERGIA TER
31-01-2024_15-00-53_p13_s188--zed-rgb.mpeg,188,DOR PERNAS APONTAR-COXA,DOR PERNAS-ESPALHAR APONTAR-COXA
10-12-2024_15-22-14_p0056_s218_b4_CONV--ZED-RGB.mpeg,218,FEZES-LÍQUIDASESCURO,FEZES-LÍQUIDAS ESCURO
22-01-2024_17-37-00_p9_sP21.1--zed-rgb.mpeg,P21.1,DOCUMENTO REMÉDIO VOCÊ-TROUXE,DOCUMENTO REMÉDIO VOCÊ TRAZER
26-08-2024_16-37-55_p0019_s179_b3_CONV--ZED-RGB.mp4,179,AQUI DOR,AQUI DOR CONTINUAR
11-03-2024_15-35-25_p0020_sP10_b3_CONV--zed-rgb.mpeg,P10,SOBRE DOR PERÍODO-TEMPO PERAI COMEÇA-EM PRIMEIRO FRACO SEQUÊNCIA CINCO MÉDIA ATE FORTE UAU PERÍODO-TEMPO QUAL VOCE SENTIR QUE PERÍODO DOR EQUIVALER QUAL,SOBRE DOR PERÍODO COMEÇA-EM-UM FRACO SEQUÊNCIA-CINCO MÉDIA ATÉ-DEZ EXTREMAMENTE-FORTE PERÍODO-TEMPO VOCÊ SENTIR QUAL ESSE-PERÍODO DOR EQUIVALER QUAL
31-01-2025_15-28-12_p0065_sP14_b3_CONV--ZED-RGB.mp4,P14,TER DOR FEBRE CALAFRIOS ESPIRAR O U SECREÇÃO-NASAL COLA,TER DOR FEBRE CALAFRIOS ESPIRRAR O U SECREÇÃO-NASAL COLA
22-01-2024_16-35-05_p9_sP09.7--zed-rgb.mpeg,P9.7,TOMAR-REMÉDIO AJUDAR CURAR PEITO DOR O U FALTA AR,TOMAR-REMÉDIO AJUDAR CURAR PEITO DOR O U FALTAR A R ENTÃO
18-06-2024_14-53-34_p0028_sP05_b2_CONV--ZED-RGB.mpeg,P5,POR-QUE VOCÊ PROCURAR VIR HOJE TER COISAS PIOR,POR-QUE PROCURAR VIR HOJE TER PIORAR
27-11-2024_15-46-38_p0054_sP25.1_b4_CONV--ZED-RGB.mpeg,P25.1,VOCÊ JÁ FAZER CIRURGIA ALGUM PASSADO S-I SIM QUAL,VOCÊ FAZER JÁ CIRURGIA ALGUM PASSADO S-I SIM QUAL
22-01-2024_17-08-03_p9_sP13.2--zed-rgb.mpeg,P13.2,MOMENTO PÉ SENTAR DEITAR DOR PIOR,MOMENTO FICAR-EM-PÉ SENTAR DEITAR DOR PIORAR
27-03-2024_15-57-38_p0015_sP01_b1_CONV--ZED-RGB.mpeg,P1,O-QUE SENTIR VIR ENTÃO,O-QUE VOCÊ SENTIR QUE VIR ENTÃO
18-01-2025_09-45-53_p0057_sP18.4_b4_CONV--ZED-RGB.mp4,P18.4,UM SANGRAR DOIS M U C O COLA TRÊS P U S COR MISTURAR AMARELO BRANCO MISTURAR ENTÃO,UM SANGRAR DOIS M U C O COLA TRÊS PUS COR MISTURAR AMARELO BRANCO MISTURAR ENTÃO
11-02-2025_18-21-32_p0066_s66_b1_CONV--ZED-RGB.mp4,66,VAGINA SANGRAR VERMELHO,VAGINA VERMELHO SANGRAR
18-06-2024_15-03-01_p0028_s104_b2_CONV--ZED-RGB.mpeg,104,DOR PERNA-DIREITA PERNA-ESQUERDA DOR,DOR PERNA-DIREITA PERNA-ESQUERDA
05-06-2024_15-21-35_p0037_s250_b4_CONV--ZED-RGB.mpeg,250,INSETO-PICAR ALERGIA,ALERGIA INSETO PICAR
22-01-2024_16-51-52_p9_sP11.5--zed-rgb.mpeg,P11.5,AO-LONGO-DO-TEMPO DOR TER AUMENTO,PERÍODO DOR TER AUMENTAR
22-02-2024_15-28-03_p0014_sP10_b3_CONV--zed-rgb.mpeg,P10,SOBRE DOR PERIODO COMEÇA-EM-UM FRACO SEQUÊNCIA-CINCO MÉDIA ATÉ-DEZ EXTREMAMENTE-FORTE PERÍODO-TEMPO QUAL VOCÊ SENTIR QUAL ESSEPERÍODO DOR EQUIVALER QUAL,SOBRE DOR PERÍODO COMEÇA-EM-UM FRACO SEQUÊNCIA-CINCO MÉDIA ATÉ-DEZ EXTREMAMENTE-FORTE PERÍODO-TEMPO VOCÊ SENTIR QUAL ESSE-PERÍODO DOR EQUIVALER QUAL
03-08-2024_11-06-26_p0043_s180_b3_CONV--ZED-RGB.mpeg,180,NUCA NUCA DOR DOR ESPALHAR,NUCA DOR ESPALHAR
06-05-2024_16-12-46_p0032_sP25.1_b4_CONV--ZED-RGB.mpeg,P25.1,VOCÊ FAZER JÁ CIRURGIA QUANTOS PASSADO S-I SIM QUAL,VOCÊ FAZER JÁ CIRURGIA ALGUM PASSADO S-I SIM QUAL
17-07-2024_14-29-05_p0041_s117_b2_CONV--ZED-RGB.mpeg,117,SUARSUAR,SUAR SUAR
18-03-2024_15-12-00_p0020_s1_b1_CONV--ZED-RGB.mpeg,1,CONFUSÃO,CONFUSÃO-MENTAL PERCEPÇÃO ESQUECER
24-01-2025_14-45-16_p0060_sP18.4_b4_CONV--ZED-RGB.mp4,P18.4,TRÊS UM SANGRAR DOIS M U C O COLA TRÊS P U S COR MISTURAR AMARELO BRANCO MISTURAR ENTÃO,UM SANGRAR DOIS M U C O COLA TRÊS PUS COR MISTURAR AMARELO BRANCO MISTURAR ENTÃO
13-05-2024_15-32-42_p0028_sP09.3_b3_CONV--ZED-RGB.mpeg,P9.3,PLANO ANDAR FÍSICO PIOR ENTÃO,PLANO ANDAR FÍSICO PIOR
05-06-2024_10-35-05_p0036_s277_b4_CONV--ZED-RGB.mpeg,277,DOIS-GARRAFAS DUAS-VEZES SEMANA,DOIS GARRAFAS DUAS-VEZES SEMANA
22-02-2024_13-40-01_p0018_s50_b1_CONV--zed-rgb.mpeg,50,TODA-HORA XIXI TODA-HORA,TODA-HORA URINAR
13-11-2024_17-53-38_p0051_sP24.1_b4_CONV--ZED-RGB.mpeg,P24.1,VOCÊ BEBIDA ÁLCOOL VOCÊ BEBER VOCÊ,BEBIDA ÁLCOOL VOCÊ BEBER VOCÊ
22-02-2024_13-23-01_p0018_s18_b1_CONV--zed-rgb.mpeg,18,DIFÍCIL RESPIRAR DIFÍCIL,DIFÍCIL RESPIRAR
10-05-2024_15-42-38_p0033_sP23.2_b4_CONV--ZED-RGB.mpeg,P23.2,QUANDO TOTAL TEMPO ENTÃO,TOTAL TEMPO QUANTO
20-05-2024_12-00-19_p0034_sP18.2_b4_CONV--ZED-RGB.mpeg,P18.2,FEZES MOLE,VOCÊ FEZES MOLE
02-04-2024_15-57-47_p0021_s243_b3_CONV--ZED-RGB.mpeg,243,NÃO TRAZER RECEITA REMÉDIO,NÃO TRAZER RECEITA REMÉDIO NENHUM
28-01-2025_14-03-53_p0067_sP16_b3_CONV--ZED-RGB.mp4,P16,S I CORIZA NENHUM COMO SENTIR DOR URINAR,S I CORIZA NENHUM COMO TER SENTIR DOR URINAR
17-07-2024_14-10-45_p0041_s85_b2_CONV--ZED-RGB.mpeg,85,UM SENAMA,UM SEMANA
25-03-2024_15-51-40_p0020_sP23.2_b4_CONV--ZED-RGB.mpeg,P23.2,TEMPO TOTAL QUANTO,TOTAL TEMPO QUANTO
24-03-2025_16-55-42_p0076_sP18.4_b4_CONV--ZED-RGB.mp4,P18.4,UM SANGRAR DOIS M U C O COLA TRÊS P U S COR MISTURAR AMARELO BRANCO MISTURAR ENTÃO,UM SANGRAR DOIS M U C O COLA TRÊS PUS COR MISTURAR AMARELO BRANCO MISTURAR ENTÃO
21-11-2024_15-28-11_p0055_sP11.2_b3_CONV--ZED-RGB.mpeg,P11.2,SENTIR DOR OUTRAS-VEZES ENTÃO,SENTIR DOR OUTRAS-VEZES DIVERSAS-VEZES ENTÃO
27-03-2025_15-04-42_p0078_s167_b3_CONV--ZED-RGB.mp4,167,CORPO PIOR NÃO,SUBIR-ESCADA CORPO PIOR NÃO
08-05-2024_15-36-36_p0033_s173_b3_CONV--ZED-RGB.mpeg,173,SEMPRESEMPRE,SEMPRE SEMPRE
13-12-2024_16-13-47_p0054_s22_b1_CONV--ZED-RGB.mpeg,22,EVACUAR MOLE VERLMELHO,EVACUAR MOLE VERMELHO
08-06-2024_09-27-08_p0031_s221_b4_CONV--ZED-RGB.mpeg,221,TER P U S AMARELO BRANCO MISTURAR AMARELO BRANCO,TER P U S MISTURAR AMARELO BRANCO MISTURAR
20-05-2024_12-16-53_p0034_sP22.1_b4_CONV--ZED-RGB.mpeg,P22.1,VOCÊ TER ALERGIA,VOCÊ TER ALERGIA ENTÃO
03-05-2024_14-04-12_p0027_s94_b2_CONV--ZED-RGB.mpeg,94,DOR OUVIDO-ESQUERDO OUVIDO-DIREITO,DOR OUVIDO-DIREITO OUVIDO-ESQUERDO
16-10-2024_16-21-31_p0049_sP01_b1_CONV--ZED-RGB.mpeg,P1,O-QUE SENTIR QUE VIR ENTÃO,O-QUE VOCÊ SENTIR QUE VIR ENTÃO
29-02-2024_14-17-26_p0010_sP03_b1_CONV--zed-rgb.mpeg,P3,COMO COMEÇAR VOCÊ FAZER O-QUE,COMO COMEÇAR QUE VOCÊ FAZER O-QUE
12-03-2025_10-21-48_p0074_sP22.1_b4_CONV--ZED-RGB.mp4,P22.1,TER ALERGIA ENTÃO,VOCÊ TER ALERGIA ENTÃO
23-04-2024_11-50-08_p0024_s280_b4_CONV--ZED-RGB.mpeg,280,TAÇA VINHO UMA-VEZ SEMANA,TAÇA TOMAR VINHO UMA-VEZ SEMANA
30-01-2024_11-14-53_p11_s44--zed-rgb.mpeg,44,PRESSÃO ALTO-BAIXO,PRESSÃO-ARTERIAL ALTO-BAIXO-ALTO
20-03-2024_15-32-28_p0015_s242_b3_CONV--ZED-RGB.mpeg,242,USAR REMÉDIO,EU USAR REMÉDIO
08-06-2024_09-51-10_p0031_s254_b4_CONV--ZED-RGB.mpeg,254,ALERGIA CATEGORIA COMER ÁGUA-MAR,ALERGIA COMER CATEGORIA ÁGUA-MAR
10-12-2024_17-33-06_p0056_s58_b1_CONV--ZED-RGB.mpeg,58,QUEBRAR QUEBRAR QUEBRAR QUEBRAR,QUEBRAR QUEBRAR QUEBRAR
31-01-2024_15-08-42_p13_s200--zed-rgb.mpeg,200,CATARRO COLAR VERDE,CATARRO COLA VERDE
30-10-2024_15-22-16_p0052_sP16_b3_CONV--ZED-RGB.mpeg,P16,S I CORIZA NENHUM COMO SENTIR DOR URINAR,S I CORIZA NENHUM COMO TER SENTIR DOR URINAR
20-05-2024_12-24-08_p0034_sP22.2_b4_CONV--ZED-RGB.mpeg,P22.2,MOMENTO VOCÊ TOMAR-MEDICAMENTO ENGORDAR ALERGIA TER,MOMENTO VOCÊ TOMAR-MEDICAMENTO SURGIR TER ALERGIA TER
27-03-2024_15-14-25_p0015_s108_b2_CONV--ZED-RGB.mpeg,108,LEVE DOR,DOR LEVE
08-05-2024_16-20-41_p0033_s203_b3_CONV--ZED-RGB.mpeg,203,NÃO VACINAR COVID-19 NÃO,NÃO VACINAR COVID-19
09-05-2024_14-36-51_p0033_s116_b2_CONV--ZED-RGB.mpeg,116,DOR PONTADA APERTAR,DOR APERTAR PONTADA
16-05-2024_14-52-53_p0034_s131_b2_CONV--ZED-RGB.mpeg,131,CORPO ESFORÇAR,PERÍODO MENSTRUAR
19-02-2025_10-53-48_p0074_sP13.1_b3_CONV--ZED-RGB.mp4,P13.1,MOMENTO EXEMPLO AQUI APERTAR SENTIR DOR PIORAR,MOMENTO EXEMPLO AQUI APERTAR VOCÊ SENTIR DOR PIORAR ENTÃO
11-03-2025_18-36-09_p0075_sP25.1_b4_CONV--ZED-RGB.mp4,P25.1,JÁ FAZER CIRURGIA ALGUM PASSADO S-I SIM QUAL,VOCÊ FAZER JÁ CIRURGIA ALGUM PASSADO S-I SIM QUAL
11-03-2024_16-08-00_p0020_s199_b3_CONV--zed-rgb.mpeg,199,CATARRO COLA ESSE AMARELO,CATARRO COLA AMARELO
20-02-2024_16-55-54_p0015_s262_b4_CONV--zed-rgb.mpeg,262,ANO 2,DOIS ANO
20-05-2024_15-56-37_p0023_sP08.2_b2_CONV--ZED-RGB.mpeg,P8.2,SENTIR DOR DEPOIS DESAPARECER,SENTIR DOR DEPOIS DESAPARECER ENTÃO
05-09-2024_16-17-48_p0047_sP22.2_b4_CONV--ZED-RGB.mpeg,P22.2,MOMENTO TOMAR-MEDICAMENTO SURGIR TER MOMENTO TER,MOMENTO VOCÊ TOMAR-MEDICAMENTO SURGIR TER ALERGIA TER
13-05-2024_15-46-20_p0028_sP10_b3_CONV--ZED-RGB.mpeg,P10,SOBRE DOR PERÍODO COMEÇA-EM-UM FRACO MÉDIA CINCO-MÉDIA ATÉ-DEZ EXTREMAMENTE-FORTE QUAL EQUIVALER SENTIR QUAL,SOBRE DOR PERÍODO COMEÇA-EM-UM FRACO SEQUÊNCIA-CINCO MÉDIA ATÉ-DEZ EXTREMAMENTE-FORTE PERÍODO-TEMPO VOCÊ SENTIR QUAL ESSE-PERÍODO DOR EQUIVALER QUAL
12-06-2024_17-02-46_p0038_sP16_b3_CONV--ZED-RGB.mpeg,P16,S I CORIZA NENHUM COMO SENTIR DOR URINAR,S I CORIZA NENHUM COMO TER SENTIR DOR URINAR
29-04-2024_16-08-49_p0024_s208_b3_CONV--ZED-RGB.mpeg,208,NÃO TRAZER CARTÃO-DE-VACINA,NÃO TRAZER CARTÃO-DE-VACINA NENHUM
10-05-2024_16-48-42_p0033_s67_b1_CONV--ZED-RGB.mpeg,67,VOMITAR VERMELHO,VOMITAR TER VERMELHO
31-08-2024_14-04-39_p0047_sP16_b3_CONV--ZED-RGB.mpeg,P16,S I NÃO CORIZA NENHUM COMO SENTIR DOR URINAR,S I CORIZA NENHUM COMO TER SENTIR DOR URINAR
19-02-2025_15-36-48_p0072_sP18.2_b4_CONV--ZED-RGB.mp4,P18.2,FEZES MOLE,VOCÊ FEZES MOLE
22-08-2024_16-05-56_p0042_s275_b4_CONV--ZED-RGB.mpeg,275,UMA GARRAFA TODOS-OS-DIAS,UMA-GARRAFA TODOS-OS-DIAS
02-05-2024_15-50-16_p0026_sP18.5_b4_CONV--ZED-RGB.mpeg,P18.5,VOCÊ BARRIGA DOR,VOCÊ BARRIGA DOR ENTÃO
08-10-2024_16-13-23_p0049_sP08.2_b2_CONV--ZED-RGB.mpeg,P8.2,SENTIR DOR DEPOIS DESAPARECER,SENTIR DOR DEPOIS DESAPARECER ENTÃO
25-03-2024_16-06-49_p0020_s83_b2_CONV--ZED-RGB.mpeg,83,UM UM-DIA,UM-DIA
16-09-2024_17-14-27_p0045_sP03_b1_CONV--ZED-RGB.mpeg,P3,COMO COMEÇAR QUE FAZER O-QUE ENTÃO,COMO COMEÇAR QUE VOCÊ FAZER O-QUE
19-06-2024_11-13-08_p0036_sP13.1_b3_CONV--ZED-RGB.mpeg,P13.1,MOMENTO EXEMPLO APERTAR VOCÊ SENTIR DOR PIORAR,MOMENTO EXEMPLO AQUI APERTAR VOCÊ SENTIR DOR PIORAR ENTÃO
20-02-2024_16-14-07_p0015_s209_b4_CONV--zed-rgb.mpeg,209,VONTADE NENHUM VOMITAR NENHUM,NENHUM VONTADE NADA VOMITAR
21-02-2025_18-21-48_p0068_s63_b1_CONV--ZED-RGB.mp4,63,TIRO,TIRO FURAR-BARRIGA
17-06-2024_15-20-31_p0019_s131_b2_CONV--ZED-RGB.mpeg,131,TER PERÍODO MENSTRUAR,PERÍODO MENSTRUAR
15-02-2025_10-22-43_p0065_sP03_b1_CONV--ZED-RGB.mp4,P3,COMO COMEÇAR QUE FAZER O-QUE,COMO COMEÇAR QUE VOCÊ FAZER O-QUE
20-03-2024_15-25-49_p0015_sP16_b3_CONV--ZED-RGB.mpeg,P16,S I CORIZA NENHUM COMO SENTIR DOR URINAR,S I CORIZA NENHUM COMO TER SENTIR DOR URINAR
22-04-2024_09-12-48_p0025_s165_b3_CONV--ZED-RGB.mpeg,165,DEITADO CALMO PIOR NÃO,DEITAR CALMA PIOR NÃO
22-02-2024_13-37-39_p0018_s47_b1_CONV--zed-rgb.mpeg,47,XIXI IGUAL QUENTE,XIXI SENTIR IGUAL QUENTE
25-02-2025_18-16-11_p0075_sP04_b2_CONV--ZED-RGB.mp4,P4,TEMPO HORAS-DURAÇÃO TEMPO,TEMPO QUAL HORAS-DURAÇÃO TEMPO
22-01-2024_16-50-32_p9_s178--zed-rgb.mpeg,178,5-ANO,CINCO ANO
19-03-2024_15-21-04_p0022_sP08.1_b2_CONV--ZED-RGB.mpeg,P8.1,SI FAZER COISAS SENTIR DOR PIORAR,S I FAZER COISAS SENTIR DOR PIORAR
23-04-2024_15-18-43_p0026_s37_b1_CONV--ZED-RGB.mpeg,37,DOCE SANGUE BAIXO-ALTO,VERMELHO SANGUE DOCE BAIXO-ALTO
26-03-2024_15-35-46_p0022_sP13.1_b3_CONV--ZED-RGB.mpeg,P13.1,MOMENTO EXEMPLO AQUI APERTAR VOCÊ SENTIR DOR PIORAR,MOMENTO EXEMPLO AQUI APERTAR VOCÊ SENTIR DOR PIORAR ENTÃO
08-06-2024_09-29-31_p0031_sP18.4_b4_CONV--ZED-RGB.mpeg,P18.4,TER UM SANGRAR DOIS M U C O COLA TRÊS P U S QUE MISTURAR COR AMARELO BRANCO MISTURAR,UM SANGRAR DOIS M U C O COLA TRÊS PUS COR MISTURAR AMARELO BRANCO MISTURAR ENTÃO
12-12-2024_16-10-29_p0057_s140_b2_CONV--ZED-RGB.mpeg,140,PERNAS MEXER-PERNAS ANDAR,PERNAS MEXER-PERNAS
08-04-2024_17-00-49_p0021_sP03_b1_CONV--ZED-RGB.mpeg,P3,COMO COMEÇAR QUE VOCÊ FAZER O-QUE ENTÃO,COMO COMEÇAR QUE VOCÊ FAZER O-QUE
25-03-2024_15-32-44_p0020_sP18.4_b4_CONV--ZED-RGB.mpeg,P18.4,UM SANGUE DOIS M U C O SINAL COLA TRÊS É P U S PARECE MISTRUAR AMARELO BRANCO O U BRANCO MISTRUAR TRÊS,UM SANGRAR DOIS M U C O COLA TRÊS PUS COR MISTURAR AMARELO BRANCO MISTURAR ENTÃO
18-01-2025_13-04-07_p0064_sP13.1_b3_CONV--ZED-RGB.mp4,P13.1,MOMENTO EXEMPLO AQUI APERTAR SENTIR DOR PIORAR ENTÃO,MOMENTO EXEMPLO AQUI APERTAR VOCÊ SENTIR DOR PIORAR ENTÃO
11-03-2024_16-16-47_p0020_s208_b3_CONV--zed-rgb.mpeg,208,NÃO TRAZER CARTÃO-DE-VACINA,NÃO TRAZER CARTÃO-DE-VACINA NENHUM
22-04-2024_09-30-44_p0025_s187_b3_CONV--ZED-RGB.mpeg,187,DOR VIRILHA ESPALHARVIRILHA,DOR VIRILHA ESPALHAR
18-06-2024_16-48-33_p0028_sP24.1_b4_CONV--ZED-RGB.mpeg,P24.1,BEBIDA ÁLCOOL VOCÊ BEBER,BEBIDA ÁLCOOL VOCÊ BEBER VOCÊ
02-05-2024_15-25-05_p0026_sP21.1_b3_CONV--ZED-RGB.mpeg,P21.1,VOCÊ TRAZER DOCUMENTO REMÉDIO,DOCUMENTO REMÉDIO VOCÊ TRAZER
13-05-2024_16-04-44_p0028_s179_b3_CONV--ZED-RGB.mpeg,179,AQUI DOR LUGAR CONTINUAR,AQUI DOR CONTINUAR
03-05-2024_14-07-07_p0027_s105_b2_CONV--ZED-RGB.mpeg,105,DOR PÊNIS TESTÍCULOS,DOR TESTÍCULOS
30-01-2024_14-56-03_p12_s146--zed-rgb.mpeg,146,REMEDIO,REMÉDIO
10-05-2024_18-38-53_p0025_s131_b2_CONV--ZED-RGB.mpeg,131,TER PERÍODO MENSTRUAR,PERÍODO MENSTRUAR
24-05-2024_18-54-50_p0031_sP08.1_b2_CONV--ZED-RGB.mpeg,P8.1,SE FAZER COISAS SENTIR DOR PIORAR,S I FAZER COISAS SENTIR DOR PIORAR
17-07-2024_14-29-22_p0041_s118_b2_CONV--ZED-RGB.mpeg,118,OLHOS-LACRIMEJAR,OLHOS LACRIMEJAR
13-11-2024_17-28-36_p0051_sP18.4_b4_CONV--ZED-RGB.mpeg,P18.4,UM SANGRAR DOIS M U C O COLA TRÊS P U S COR MISTURAR AMARELO BRANCO MISTURAR ENTÃO,UM SANGRAR DOIS M U C O COLA TRÊS PUS COR MISTURAR AMARELO BRANCO MISTURAR ENTÃO
08-04-2024_15-22-08_p0021_sP04_b2_CONV--ZED-RGB.mpeg,P4,TEMPO HORAS-DURAÇÃOTEMPO QUAL,TEMPO QUAL HORAS-DURAÇÃO TEMPO
25-03-2024_16-32-49_p0020_s140_b2_CONV--ZED-RGB.mpeg,140,PERNA MEXER-PERNAS,PERNAS MEXER-PERNAS
17-08-2024_11-17-25_p0043_sP24.1_b4_CONV--ZED-RGB.mpeg,P24.1,VOCÊ BEBER ÁLCOOL VOCÊ BEBER VOCÊ,BEBIDA ÁLCOOL VOCÊ BEBER VOCÊ
20-12-2024_14-46-53_p0061_s118_b2_CONV--ZED-RGB.mpeg,118,OLHOS LACRIMEJAR OLHOS LACRIMEJAR,OLHOS LACRIMEJAR
18-06-2024_16-43-20_p0028_s257_b4_CONV--ZED-RGB.mpeg,257,REMÉDIO ALERGIA NÃO-TER,ALERGIA REMÉDIO NÃO-TER
28-08-2024_15-09-50_p0038_s102_b2_CONV--ZED-RGB.mpeg,102,DOR BRAÇO-ESQUERDO BRAÇO-DIREITO,DOR BRAÇO-DIREITO BRAÇO-ESQUERDO
20-02-2024_16-49-42_p0015_sP22.2_b4_CONV--zed-rgb.mpeg,P22.2,MOMENTO TOMAR-MEDICAMENTO SURGIR TEMPO ALERGIA TER,MOMENTO VOCÊ TOMAR-MEDICAMENTO SURGIR TER ALERGIA TER
10-05-2024_16-47-05_p0033_s63_b1_CONV--ZED-RGB.mpeg,63,TIRO TIRO FURAR-BARRIGA,TIRO FURAR-BARRIGA
08-05-2024_15-54-11_p0033_s187_b3_CONV--ZED-RGB.mpeg,187,DOR VIRILHA ESPALHARVIRILHA,DOR VIRILHA ESPALHAR
05-06-2024_15-21-10_p0037_s249_b4_CONV--ZED-RGB.mpeg,249,GATO ALERGIA,ALERGIA GATO
22-02-2024_13-18-01_p0018_sP01_b1_CONV--zed-rgb.mpeg,P1,QUE VOCÊ SENTIR POR-QUE VOCÊ VIR AQUI HOSPITAL POR-QUE ENTÃO,O-QUE VOCÊ SENTIR QUE VIR ENTÃO
11-02-2025_18-18-22_p0066_s58_b1_CONV--ZED-RGB.mp4,58,QUEBRAR QUEBRAR QUEBRAR QUEBRAR,QUEBRAR QUEBRAR QUEBRAR
08-05-2024_16-25-28_p0033_sP20_b3_CONV--ZED-RGB.mpeg,P20,VOCÊ TER DOCUMENTO RELATÓRIO AO-LONGO-DO-TEMPO,VOCÊ TER RELATÓRIO AO-LONGO-DO-TEMPO
31-08-2024_13-12-00_p0047_sP12_b3_CONV--ZED-RGB.mpeg,P12,DOR EXEMPLO LUGAR MESMO O U ESPALHAR LUGARES,DOR EXEMPLO AQUI LUGAR MESMO O U ESPALHAR AQUI LUGARES ENTÃO
02-05-2024_14-46-03_p0026_sP09.5_b3_CONV--ZED-RGB.mpeg,P9.5,DEITAR PIOR,DEITAR CALMA PIOR
12-03-2024_14-32-31_p0022_s42_b1_CONV--zed-rgb.mpeg,42,COBRAR PICAR,COBRA PICAR
30-01-2024_14-35-11_p12_s115--zed-rgb.mpeg,115,DOR VERMELHO MENSTRURAR APERTAR,DOR VERMELHO SANGRAR APERTAR
13-02-2025_14-05-55_p0067_sP24.1_b4_CONV--ZED-RGB.mp4,P24.1,VOCÊ BEBER ÁLCOOL BEBER VOCÊ,BEBIDA ÁLCOOL VOCÊ BEBER VOCÊ
28-09-2024_14-36-30_p0016_sP03_b1_CONV--ZED-RGB.mpeg,P3,COMO COMEÇAR VOCÊ FAZER O-QUE,COMO COMEÇAR QUE VOCÊ FAZER O-QUE
29-04-2024_15-57-41_p0024_sP15.3_b3_CONV--ZED-RGB.mpeg,P15.3,TER CATARRO O U TER-NÃO,CATARRO TER O U TER-NÃO
22-02-2024_11-50-20_p0017_sP22.2_b4_CONV--zed-rgb.mpeg,P22.2,MOMENTO TOMAR-MEDICAMENTO SURGIR TER ALERGIA TER,MOMENTO VOCÊ TOMAR-MEDICAMENTO SURGIR TER ALERGIA TER
12-06-2024_16-19-52_p0038_sP10_b3_CONV--ZED-RGB.mpeg,P10,SOBRE DOR PERÍODO COMEÇA-EM-UM FRACO SEQUÊNCIA-CINCO MÉDIA ATÉ-DEZ EXTREMAMENTE-FORTE PERÍODO-TEMPO VOCÊ SENTIR QUAL ESSE-PERÍODO EQUIVALER QUAL,SOBRE DOR PERÍODO COMEÇA-EM-UM FRACO SEQUÊNCIA-CINCO MÉDIA ATÉ-DEZ EXTREMAMENTE-FORTE PERÍODO-TEMPO VOCÊ SENTIR QUAL ESSE-PERÍODO DOR EQUIVALER QUAL
31-01-2024_15-12-19_p13_s208--zed-rgb.mpeg,208,NÃO TRAZER CARTÃO VACINA NENHUM,NÃO TRAZER CARTÃO-DE-VACINA NENHUM
09-05-2024_14-41-03_p0033_s118_b2_CONV--ZED-RGB.mpeg,118,LACRIMEJAR,OLHOS LACRIMEJAR
13-05-2024_15-36-53_p0028_s164_b3_CONV--ZED-RGB.mpeg,164,CALMA DEITAR CORPO PIOR,DEITAR CALMA PIOR
22-01-2024_17-25-38_p9_s204--zed-rgb.mpeg,204,DOIS VACINAR,DOIS VACINA
29-04-2024_16-35-02_p0024_s15_b1_CONV--ZED-RGB.mpeg,15,DOR PÉ PÉ P E DOR,DOR PÉ P E
27-03-2025_15-07-11_p0078_sP09.7_b3_CONV--ZED-RGB.mp4,P9.7,TOMAR-REMÉDIO AJUDAR CURAR PEITO DOR O U FALTAR A R,TOMAR-REMÉDIO AJUDAR CURAR PEITO DOR O U FALTAR A R ENTÃO
22-02-2024_13-28-55_p0018_s31_b1_CONV--zed-rgb.mpeg,31,MANCHA-PELE,MANCHAS-PELE
20-02-2025_19-30-19_p0075_sP14_b3_CONV--ZED-RGB.mp4,P14,TER DOR FEBRE CALAFRIOS ESPIRRAR SECREÇÃO-NASAL COLA,TER DOR FEBRE CALAFRIOS ESPIRRAR O U SECREÇÃO-NASAL COLA
05-06-2024_15-20-45_p0037_s248_b4_CONV--ZED-RGB.mpeg,248,CACHORRO ALERGIA,ALERGIA CACHORRO
17-12-2024_17-23-02_p0060_s242_b3_CONV--ZED-RGB.mpeg,242,USAR REMÉDIO,EU USAR REMÉDIO
11-02-2025_17-32-48_p0066_sP25.1_b4_CONV--ZED-RGB.mp4,P25.1,VOCÊ JÁ FAZER CIRURGIA ALGUM PASSADO QUAL S-I SIM QUAL,VOCÊ FAZER JÁ CIRURGIA ALGUM PASSADO S-I SIM QUAL
27-11-2024_15-24-17_p0054_sP22.1_b4_CONV--ZED-RGB.mpeg,P22.1,TER ALERGIA ENTÃO,VOCÊ TER ALERGIA ENTÃO
06-05-2024_15-23-30_p0032_sP18.4_b4_CONV--ZED-RGB.mpeg,P18.4,UM SANGRAR DOIS M U C O MUCO TRÊS P U S MISTURAR AMARELO BRANCO MISTURAR ENTÃO,UM SANGRAR DOIS M U C O COLA TRÊS PUS COR MISTURAR AMARELO BRANCO MISTURAR ENTÃO
30-01-2024_11-13-12_p11_s38--zed-rgb.mpeg,38,TENTAR SUICÍDIO,TENTAR SUICIDAR
26-03-2024_15-24-32_p0022_s179_b3_CONV--ZED-RGB.mpeg,179,AQUI DOR CONTINUA,AQUI DOR CONTINUAR
29-02-2024_13-54-12_p0010_s31_b1_CONV--zed-rgb.mpeg,31,FERIR PELE,MANCHAS-PELE
05-12-2024_17-19-53_p0055_sP24.1_b4_CONV--ZED-RGB.mpeg,P24.1,BEBIDA ÁLCOOL VOCÊ VOCÊ BEBER VOCÊ,BEBIDA ÁLCOOL VOCÊ BEBER VOCÊ
12-03-2024_10-19-05_p0021_s221_b4_CONV--zed-rgb.mpeg,221,TER PUS MISTURAR AMARELO BRANCO MISTURAR,TER P U S MISTURAR AMARELO BRANCO MISTURAR
13-12-2024_14-43-22_p0054_sP05_b2_CONV--ZED-RGB.mp4,P5,POR-QUE PROCURAR PROCURAR VIR HOJE TER PIORAR,POR-QUE PROCURAR VIR HOJE TER PIORAR
18-12-2024_16-54-03_p0057_sP10_b3_CONV--ZED-RGB.mpeg,P10,SOBRE DOR PERÍODO COMEÇA-EM-UM FRACO SEQUÊNCIA-CINCO MÉDIA ATÉ-DEZ EXTREMAMENTE-FORTE PERÍODO-TEMPO QUAL SENTIR ESSE-PERÍODO DOR EQUIVALER QUAL,SOBRE DOR PERÍODO COMEÇA-EM-UM FRACO SEQUÊNCIA-CINCO MÉDIA ATÉ-DEZ EXTREMAMENTE-FORTE PERÍODO-TEMPO VOCÊ SENTIR QUAL ESSE-PERÍODO DOR EQUIVALER QUAL
10-09-2024_14-19-40_p0048_s102_b2_CONV--ZED-RGB.mpeg,102,DOR BRAÇO-ESQUERDO BRAÇO-DIREITO,DOR BRAÇO-DIREITO BRAÇO-ESQUERDO
29-04-2024_16-50-12_p0024_s44_b1_CONV--ZED-RGB.mpeg,44,PRESSÃO-ARTERIAL ALTO-BAIXO ALTO-BAIXO,PRESSÃO-ARTERIAL ALTO-BAIXO-ALTO
22-01-2024_16-31-26_p9_sP09.5--zed-rgb.mpeg,P9.5,PESSOA-DEITADO CALMA PIOR,DEITAR CALMA PIOR
05-06-2024_10-40-46_p0036_sP25.1_b4_CONV--ZED-RGB.mpeg,P25.1,FAZER JÁ CIRURGIA ALGUM PASSADO S-I SIM QUAL,VOCÊ FAZER JÁ CIRURGIA ALGUM PASSADO S-I SIM QUAL
22-04-2024_09-31-55_p0025_s189_b3_CONV--ZED-RGB.mpeg,189,DOR PERNAS-ESPALHARAPONTAR-PERNA,DOR PERNAS-ESPALHAR APONTAR-PERNA
30-01-2024_14-41-27_p12_sP07--zed-rgb.mpeg,P7,SENTIR JUNTO ITENS MAIS TER ENTÃO,SENTIR JUNTO ITENS MAIS TER
29-04-2024_11-46-07_p0029_s125_b2_CONV--ZED-RGB.mpeg,125,COMER CATEGORIA ÁCIDO OU APIMENTADO,COMER CATEGORIA ÁCIDO MAIS APIMENTADO
28-02-2024_16-39-21_p0010_sP08.1_b2_CONV--zed-rgb.mpeg,P8.1,,S I FAZER COISAS SENTIR DOR PIORAR
17-09-2024_15-56-13_p0048_s251_b4_CONV--ZED-RGB.mpeg,251,BORRACHA,ALERGIA GRUPO BORRACHA
16-07-2024_16-48-04_p0039_s264_b4_CONV--ZED-RGB.mpeg,264,BEBIDA QUAL,CERVEJA
02-05-2024_15-19-11_p0026_s199_b3_CONV--ZED-RGB.mpeg,199,CATARRO AMARELO,CATARRO COLA AMARELO
31-01-2024_15-01-51_p13_s190--zed-rgb.mpeg,190,SIM APERTAR-BRAÇO DOR,SIM APERTAR-BRAÇO DOER
24-03-2025_17-12-27_p0076_sP22.2_b4_CONV--ZED-RGB.mp4,P22.2,MOMENTO VOCÊ TOMAR-MEDICAMENTO SURGIR TER ALERGIA TER ENTÃO,MOMENTO VOCÊ TOMAR-MEDICAMENTO SURGIR TER ALERGIA TER
04-07-2024_16-11-23_p0039_sP20_b3_CONV--ZED-RGB.mpeg,P20,VOCÊ RELATÓRIO AO-LONGO-DO-TEMPO,VOCÊ TER RELATÓRIO AO-LONGO-DO-TEMPO
19-06-2024_11-04-57_p0036_sP12_b3_CONV--ZED-RGB.mpeg,P12,DOR EXEMPLO AQUI LUGAR MESMO O U ESPALHAR LUGARES,DOR EXEMPLO AQUI LUGAR MESMO O U ESPALHAR AQUI LUGARES ENTÃO
30-01-2024_14-30-52_p12_s102--zed-rgb.mpeg,102,DOR BRAÇO-ESQUERDO BRAÇO-DIREITO,DOR BRAÇO-DIREITO BRAÇO-ESQUERDO
16-04-2024_10-26-53_p0025_sP18.4_b4_CONV--ZED-RGB.mpeg,P18.4,UM SANGRAR DOIS M U C O MUCO TRÊS P U S COR MISTURAR AMARELO BRANCO MISTURAR ENTÃO,UM SANGRAR DOIS M U C O COLA TRÊS PUS COR MISTURAR AMARELO BRANCO MISTURAR ENTÃO
18-01-2025_09-37-28_p0057_sP18.2_b4_CONV--ZED-RGB.mp4,P18.2,FEZES MOLE,VOCÊ FEZES MOLE
21-12-2024_09-41-08_p0061_sP22.2_b4_CONV--ZED-RGB.mpeg,P22.2,MOMENTO TOMAR-MEDICAMENTO SURGIR TER ALERGIA TER,MOMENTO VOCÊ TOMAR-MEDICAMENTO SURGIR TER ALERGIA TER
20-02-2024_16-51-52_p0015_s260_b4_CONV--zed-rgb.mpeg,260,FUMAR NÃO,NÃO FUMAR
04-07-2024_15-10-08_p0039_sP10_b3_CONV--ZED-RGB.mpeg,P10,SOBRE DOR PERÍODO COMEÇAR-EM-UM FRACO SEQUÊNCIA-CINCO MÉDIA ATÉ-DEZ EXTREMAMENTE-FORTE PERÍODO-TEMPO QUAL VOCÊ SENTIR QUAL ESSE-PERÍODO DOR EQUIVALER QUAL,SOBRE DOR PERÍODO COMEÇA-EM-UM FRACO SEQUÊNCIA-CINCO MÉDIA ATÉ-DEZ EXTREMAMENTE-FORTE PERÍODO-TEMPO VOCÊ SENTIR QUAL ESSE-PERÍODO DOR EQUIVALER QUAL
22-01-2024_17-06-29_p9_s190--zed-rgb.mpeg,190,SIM PIOR APERTAR-BRAÇO,SIM APERTAR-BRAÇO DOER
18-04-2024_10-29-29_p0025_s55_b1_CONV--ZED-RGB.mpeg,55,VERMELHO NARIZ-SANGRAR NARIZ,VERMELHO NARIZ-SANGRAR GRIPE
22-01-2024_16-37-56_p9_sP10--zed-rgb.mpeg,P10,SOBRE-DOR PERÍODO-TEMPO COMEÇA-EM-1-FRACO SEQUÊNCIA5MÉDIA 10-EXPREMAMENTO-FORTE PÉRIODO-TEMPO QUAL SENTIR VOCÊ VARIAS DOR COMBINAR QUAL,SOBRE DOR PERÍODO COMEÇA-EM-UM FRACO SEQUÊNCIA-CINCO MÉDIA ATÉ-DEZ EXTREMAMENTE-FORTE PERÍODO-TEMPO VOCÊ SENTIR QUAL ESSE-PERÍODO DOR EQUIVALER QUAL
19-03-2024_15-10-33_p0022_s109_b2_CONV--ZED-RGB.mpeg,109,DOR FORTE,DOR MUITO-FORTE
16-04-2024_10-19-02_p0025_sP18.2_b4_CONV--ZED-RGB.mpeg,P18.2,FEZES MOLE,VOCÊ FEZES MOLE
27-02-2025_14-32-58_p0073_sP16_b3_CONV--ZED-RGB.mp4,P16,S I CORIZA NENHUM COMO SENTIR DOR URINAR,S I CORIZA NENHUM COMO TER SENTIR DOR URINAR
29-04-2024_15-23-52_p0024_s165_b3_CONV--ZED-RGB.mpeg,165,DEITADAR CALMA PIOR NÃO,DEITAR CALMA PIOR NÃO
31-01-2024_15-12-49_p13_sP20--zed-rgb.mpeg,P20,VOCÊ-TER RELATÓRIO NO-DECORRER-DO-TEMPO,VOCÊ TER RELATÓRIO AO-LONGO-DO-TEMPO
11-05-2024_09-54-14_p0034_s188_b3_CONV--ZED-RGB.mpeg,188,DOR PERNAS-ESPALHAR APONTAR-PERNA,DOR PERNAS-ESPALHAR APONTAR-COXA
13-03-2024_16-05-50_p0014_sP22.2_b4_CONV--zed-rgb.mpeg,P22.2,MOMENTO TOMAR-MEDICAMENTO SURGIR TER ALERGIA TER,MOMENTO VOCÊ TOMAR-MEDICAMENTO SURGIR TER ALERGIA TER
10-01-2025_16-04-09_p0063_sP24.1_b4_CONV--ZED-RGB.mp4,P24.1,VOCÊ BEBIDA ÁLCOOL VOCÊ BEBER VOCÊ,BEBIDA ÁLCOOL VOCÊ BEBER VOCÊ
02-05-2024_15-26-22_p0026_s242_b3_CONV--ZED-RGB.mpeg,242,USAR REMÉDIO,EU USAR REMÉDIO
19-02-2025_11-13-20_p0074_s242_b3_CONV--ZED-RGB.mp4,242,USAR REMÉDIO,EU USAR REMÉDIO
31-01-2025_14-40-21_p0065_sP09.1_b3_CONV--ZED-RGB.mp4,P9.1,PEITO DOR O U FALTAR INSPIRAR PIORAR MOMENTO FÍSICO ESFORÇAR,PEITO DOR O U FALTAR A R INSPIRAR PIORAR MOMENTO FÍSICO ESFORÇAR
21-02-2024_11-28-27_p0013_sP01_b1_CONV--zed-rgb.mpeg,P1,O-QUE SENTIR QUE VIR ENTÃO,O-QUE VOCÊ SENTIR QUE VIR ENTÃO
13-12-2024_16-33-01_p0054_s67_b1_CONV--ZED-RGB.mpeg,67,VOMITAR VERMELHO TER,VOMITAR TER VERMELHO
22-02-2024_13-39-33_p0018_s48_b1_CONV--zed-rgb.mpeg,48,URINA VAZAR VAZAR,XIXI VAZAR
22-02-2024_15-42-18_p0014_sP13.1_b3_CONV--zed-rgb.mpeg,P13.1,MOMENTO EXEMPLO AQUI APERTAR SENTIR VOCÊ DOR PIORAR,MOMENTO EXEMPLO AQUI APERTAR VOCÊ SENTIR DOR PIORAR ENTÃO
07-05-2024_14-40-30_p0027_s280_b4_CONV--ZED-RGB.mpeg,280,TAÇA VINHO UM UMA-VEZ SEMANA,TAÇA TOMAR VINHO UMA-VEZ SEMANA
20-02-2024_16-24-44_p0015_sP19.1_b4_CONV--zed-rgb.mpeg,P19.1,VOCÊ FAZ TRATAMENTO ALGUM DOENÇA ENTÃO,VOCÊ JÁ FAZER TRATAMENTO ALGUM DOENÇA ENTÃO
20-12-2024_14-59-30_p0061_sP08.2_b2_CONV--ZED-RGB.mpeg,P8.2,SENTIR DOR DEPOIS DESAPARECER,SENTIR DOR DEPOIS DESAPARECER ENTÃO
13-05-2024_16-23-47_p0028_sP15.3_b3_CONV--ZED-RGB.mpeg,P15.3,CATARRO TER O U NÃO,CATARRO TER O U TER-NÃO
11-03-2024_15-59-01_p0020_s192_b3_CONV--zed-rgb.mpeg,192,FICAR-EM-PÉ SENTAR DEITAR SENTIR DOR PIORAR SIM,FICAR-EM-PÉ SENTAR DEITAR DOR PIORAR SIM
03-05-2024_14-20-04_p0027_sP08.2_b2_CONV--ZED-RGB.mpeg,P8.2,SENTIR DOR DEPOIS MELHORAR,SENTIR DOR DEPOIS DESAPARECER ENTÃO
26-02-2024_15-36-07_p0019_sP18.4_b4_CONV--zed-rgb.mpeg,P18.4,UM SANGRAR DOIS M U C O COLA TRÊS P U S COR BRANCO MISTURAR BRANCO AMARELO MISTURAR ENTÃO,UM SANGRAR DOIS M U C O COLA TRÊS PUS COR MISTURAR AMARELO BRANCO MISTURAR ENTÃO
18-12-2024_10-00-26_p0061_s195_b3_CONV--ZED-RGB.mpeg,195,CATARRO NENHUM,CATARRO COLA NENHUM
02-05-2024_15-55-50_p0026_s234_b4_CONV--ZED-RGB.mpeg,234,CUSPIR-CATARRO VERMELHO,TOSSIR CATARRO VERMELHO
31-01-2025_14-42-24_p0065_sP09.1_b3_CONV--ZED-RGB.mp4,P9.1,PEITO DOR O FALTAR A R INSPIRAR PIORAR MOMENTO FÍSICO ESFORÇAR,PEITO DOR O U FALTAR A R INSPIRAR PIORAR MOMENTO FÍSICO ESFORÇAR
01-02-2025_12-28-27_p0070_sP25.1_b4_CONV--ZED-RGB.mp4,P25.1,VOCÊ FAZER CIRURGIA ALGUM PASSADO S-I SIM QUAL,VOCÊ FAZER JÁ CIRURGIA ALGUM PASSADO S-I SIM QUAL
20-05-2024_12-07-29_p0034_sP18.5_b4_CONV--ZED-RGB.mpeg,P18.5,VOCÊ BARRIGA DOR,VOCÊ BARRIGA DOR ENTÃO
24-07-2024_15-18-46_p0041_sP22.3_b4_CONV--ZED-RGB.mpeg,P22.3,MEDICAMENTO QUAL,QUAL MEDICAMENTO
25-03-2024_16-13-08_p0020_s98_b2_CONV--ZED-RGB.mpeg,98,DOR BEXIGA PELVE,DOR BEXIGA
16-09-2024_17-11-44_p0045_sP02_b1_CONV--ZED-RGB.mpeg,P2,QUANDO COMEÇAR,QUANDO COMEÇAR ENTÃO
18-03-2024_15-29-32_p0020_s37_b1_CONV--ZED-RGB.mpeg,37,SANGUE VERMELHO DOCE BAIXO-ALTO-BAIXO,VERMELHO SANGUE DOCE BAIXO-ALTO
07-05-2024_14-25-25_p0027_s254_b4_CONV--ZED-RGB.mpeg,254,ALERGIA ÁGUA CATEGORIA MAR,ALERGIA COMER CATEGORIA ÁGUA-MAR
13-12-2024_16-03-37_p0054_sP01_b1_CONV--ZED-RGB.mpeg,P1,O-QUE SENTIR QUE VIR ENTÃO,O-QUE VOCÊ SENTIR QUE VIR ENTÃO
24-01-2024_17-37-17_p10_s276--zed-rgb.mpeg,276,UM GARRAFA UMA-VEZ SEMANA,GARRAFA UMA-VEZ SEMANA
07-02-2025_16-55-11_p0046_s200_b3_CONV--ZED-RGB.mp4,200,CATARRO COLA TER VERDE,CATARRO COLA VERDE
11-02-2025_16-51-18_p0066_sP18.4_b4_CONV--ZED-RGB.mp4,P18.4,UM SANGRAR DOIS M U C O COLA TRÊS P U S COR MISTURAR AMARELO BRANCO MISTURAR ENTÃO TRÊS,UM SANGRAR DOIS M U C O COLA TRÊS PUS COR MISTURAR AMARELO BRANCO MISTURAR ENTÃO
27-05-2024_15-25-47_p0032_sP10_b3_CONV--ZED-RGB.mpeg,P10,SOBRE DOR PERÍODO COMEÇA-EM-UM FRACO SEQUÊNCIA-CINCO MÉDIA ATÉ-DEZ EXTREMAMENTE-FORTE PERÍODO-TEMPO QUAL VOCÊ QUAL SENTIR QUAL ESSE-PERÍODO DOR EQUIVALER QUAL,SOBRE DOR PERÍODO COMEÇA-EM-UM FRACO SEQUÊNCIA-CINCO MÉDIA ATÉ-DEZ EXTREMAMENTE-FORTE PERÍODO-TEMPO VOCÊ SENTIR QUAL ESSE-PERÍODO DOR EQUIVALER QUAL
30-01-2024_14-45-45_p12_s129--zed-rgb.mpeg,129,LOCAIS LUZES,LOCAIS LUZ-FORTE
27-03-2025_14-28-38_p0080_sP16_b3_CONV--ZED-RGB.mp4,P16,S I VOCÊ CORIZA NENHUM COMO VOCÊ SENTIR DOR URINAR,S I CORIZA NENHUM COMO TER SENTIR DOR URINAR
01-02-2025_13-54-39_p0064_sP25.1_b4_CONV--ZED-RGB.mp4,P25.1,FAZER CIRURGIA ALGUM PASSADO S-I SIM QUAL,VOCÊ FAZER JÁ CIRURGIA ALGUM PASSADO S-I SIM QUAL
10-08-2024_11-11-38_p0043_s148.18_b2_CONV--ZED-RGB.mpeg,148.18,Q,R
25-03-2025_18-37-28_p0079_sP13.1_b3_CONV--ZED-RGB.mp4,P13.1,MOMENTO EXEMPLO AQUI APERTAR SENTIR DOR PIORAR ENTÃO,MOMENTO EXEMPLO AQUI APERTAR VOCÊ SENTIR DOR PIORAR ENTÃO
18-03-2024_15-40-27_p0020_s61_b1_CONV--ZED-RGB.mpeg,61,PELE DOR QUEIMAR,PELE QUEIMAR
18-04-2024_15-36-38_p0026_s125_b2_CONV--ZED-RGB.mpeg,125,COMER CATEGORIA SUJO MAIS APIMENTADO,COMER CATEGORIA ÁCIDO MAIS APIMENTADO
04-09-2024_16-02-35_p0044_s36_b1_CONV--ZED-RGB.mpeg,36,SUAR SUAR,SUAR SUAR SUAR
10-05-2024_09-36-46_p0030_s215_b4_CONV--ZED-RGB.mpeg,215,FEZES BORBULHAR,FEZES-LÍQUIDAS BORBULHAR
25-03-2024_15-44-26_p0020_s246_b4_CONV--ZED-RGB.mpeg,246,F U N G O S FUNGO,F U N G O S SINAL FUNGO
26-03-2024_16-26-25_p0022_sP22.2_b4_CONV--ZED-RGB.mpeg,P22.2,MOMENTO TOMAR-MEDICAMENTO SURGIR ALERGIA TER,MOMENTO VOCÊ TOMAR-MEDICAMENTO SURGIR TER ALERGIA TER
11-03-2024_15-46-09_p0020_sP11.4_b3_CONV--zed-rgb.mpeg,P11.4,AO-LONGO-DO-TEMPO DOR SENTIR COMO AUMENTAR O U DIMINUIR,AO-LONGO-DO-TEMPO DOR COMO AUMENTAR O U DIMINUIR
23-04-2024_11-42-06_p0024_sP24.1_b4_CONV--ZED-RGB.mpeg,P24.1,BEBIDA ÁLCOOL VOCÊ BEBER HOJE,BEBIDA ÁLCOOL VOCÊ BEBER VOCÊ
27-05-2024_16-54-13_p0032_s55_b1_CONV--ZED-RGB.mpeg,55,VERMELHO GRIPE NARIZ-SANGRAR,VERMELHO NARIZ-SANGRAR GRIPE
03-02-2025_17-08-23_p0071_s131_b2_CONV--ZED-RGB.mp4,131,TER PERÍODO MENSTRUAR,PERÍODO MENSTRUAR
31-01-2024_15-06-31_p13_s195--zed-rgb.mpeg,195,CATARRO COLAR NENHUM,CATARRO COLA NENHUM
11-02-2025_18-20-14_p0066_s63_b1_CONV--ZED-RGB.mp4,63,TIRO,TIRO FURAR-BARRIGA
23-05-2024_14-37-36_p0035_sP09.1_b3_CONV--ZED-RGB.mpeg,P9.1,PEITO DOR O U FALTAR INSPIRAR A R FÍSICO PIORAR ESFORÇAR,PEITO DOR O U FALTAR A R INSPIRAR PIORAR MOMENTO FÍSICO ESFORÇAR
08-06-2024_10-24-27_p0031_s16_b1_CONV--ZED-RGB.mpeg,16,FALTA RESPIRAR,RESPIRAR FALTAR
05-03-2024_10-40-48_p0014_s60_b1_CONV--zed-rgb.mpeg,60,AGRESSÃO,AGREDIR
18-12-2024_17-36-08_p0057_sP16_b3_CONV--ZED-RGB.mpeg,P16,S I CORIZA NENHUM COMO SEU SENTIR DOR URINAR,S I CORIZA NENHUM COMO TER SENTIR DOR URINAR
27-05-2024_17-01-42_p0032_sP03_b1_CONV--ZED-RGB.mpeg,P3,COMO COMEÇAR QUE FAZER,COMO COMEÇAR QUE VOCÊ FAZER O-QUE
31-01-2024_15-13-09_p13_sP21.1--zed-rgb.mpeg,P21.1,DOCUMENTO REMÉDIO VOCÊ TROUXE,DOCUMENTO REMÉDIO VOCÊ TRAZER
30-01-2024_14-44-08_p12_sP08.1--zed-rgb.mpeg,P8.1,S I SENTIR COISA PIORA,S I FAZER COISAS SENTIR DOR PIORAR
13-03-2024_16-14-25_p0014_s272_b4_CONV--zed-rgb.mpeg,272,UMLATA TODO-DIA,UM LATA TODO-DIA
29-04-2024_15-59-25_p0024_sP15.4_b3_CONV--ZED-RGB.mpeg,P15.4,TOSSE CATARRO COLA QUAL COR ENTÃO,CATARRO COLA COR QUAL
24-01-2024_17-29-55_p10_sP24.1--zed-rgb.mpeg,P24.1,BEBER ÁLCOOL BEBER,BEBIDA ÁLCOOL VOCÊ BEBER VOCÊ
21-12-2024_10-20-15_p0061_s44_b1_CONV--ZED-RGB.mpeg,44,PRESSÃO-ARTERIAL ALTO-BAIXO-ALTO-BAIXO,PRESSÃO-ARTERIAL ALTO-BAIXO-ALTO
08-06-2024_10-08-53_p0031_s279_b4_CONV--ZED-RGB.mpeg,279,DUAS-DOSES DUAS-VEZES SEMANA,DUAS-DOSES TOMAR DUAS-VEZES SEMANA
10-09-2024_14-41-48_p0048_s131_b2_CONV--ZED-RGB.mpeg,131,TER PERÍODO MENSTRUAR,PERÍODO MENSTRUAR
03-05-2024_19-06-42_p0031_s243_b3_CONV--ZED-RGB.mpeg,243,NÃO TRAZER RECEITA NENHUM,NÃO TRAZER RECEITA REMÉDIO NENHUM
18-06-2024_16-10-55_p0028_s215_b4_CONV--ZED-RGB.mpeg,215,FEZES BORBULHAR,FEZES-LÍQUIDAS BORBULHAR
22-02-2024_12-00-36_p0017_sP25.1_b4_CONV--zed-rgb.mpeg,P25.1,VOCÊ FAZER CIRURGIA ALGUM PASSADO S-I SIM QUAL,VOCÊ FAZER JÁ CIRURGIA ALGUM PASSADO S-I SIM QUAL
11-03-2024_15-55-11_p0020_s190_b3_CONV--zed-rgb.mpeg,190,SENTIR DOR SIM APERTAR-BRAÇO DOER,SIM APERTAR-BRAÇO DOER
08-07-2024_12-14-56_p0040_sP22.2_b4_CONV--ZED-RGB.mpeg,P22.2,MOMENTO TOMAR-MEDICAMENTO SURGIR TER ALERGIA TER,MOMENTO VOCÊ TOMAR-MEDICAMENTO SURGIR TER ALERGIA TER
04-09-2024_15-04-47_p0044_sP25.1_b4_CONV--ZED-RGB.mp4,P25.1,VOCÊ FAZER JÁ CIRURGIA QUANTOS PASSADO S-I VOCÊ SIM QUAL,VOCÊ FAZER JÁ CIRURGIA ALGUM PASSADO S-I SIM QUAL
04-02-2025_16-51-56_p0066_s131_b2_CONV--ZED-RGB.mp4,131,TER PERÍODO MENSTRUAR,PERÍODO MENSTRUAR
10-05-2024_16-16-57_p0033_sP25.1_b4_CONV--ZED-RGB.mpeg,P25.1,FAZER JÁ CIRURGIA ALGUM PASSADO S-I SIM QUAL,VOCÊ FAZER JÁ CIRURGIA ALGUM PASSADO S-I SIM QUAL
01-08-2024_16-52-22_p0042_s198_b3_CONV--ZED-RGB.mpeg,198,CATARRO BRANCO,CATARRO COLA BRANCO
30-01-2024_14-54-57_p12_sP08.2--zed-rgb.mpeg,P8.2,VOCÊ SENTIR DOR DEPOIS DESAPARECER,SENTIR DOR DEPOIS DESAPARECER ENTÃO
24-05-2024_18-47-02_p0031_sP07_b2_CONV--ZED-RGB.mpeg,P7,SENTIR JUNTO ITENS TER MAIS ENTÃO,SENTIR JUNTO ITENS MAIS TER
31-08-2024_13-19-57_p0047_sP13.1_b3_CONV--ZED-RGB.mpeg,P13.1,MOMENTO EXEMPLO APERTAR VOCÊ SENTIR SENTIR DOR PIORAR,MOMENTO EXEMPLO AQUI APERTAR VOCÊ SENTIR DOR PIORAR ENTÃO
11-03-2025_19-02-55_p0075_sP02_b1_CONV--ZED-RGB.mp4,P2,QUANDO COMEÇAR,QUANDO COMEÇAR ENTÃO
19-03-2024_15-13-16_p0022_s115_b2_CONV--ZED-RGB.mpeg,115,DOR VERMELHO MENSTRUAR APERTAR,DOR VERMELHO SANGRAR APERTAR
31-08-2024_14-09-38_p0047_s208_b3_CONV--ZED-RGB.mpeg,208,NÃO TRAZER CARTÃO-DE-VACINA NÃO,NÃO TRAZER CARTÃO-DE-VACINA NENHUM
21-12-2024_10-26-41_p0061_s58_b1_CONV--ZED-RGB.mpeg,58,QUEBRAR QUEBRAR QUEBRAR QUEBRAR,QUEBRAR QUEBRAR QUEBRAR
06-02-2025_15-02-17_p0068_s117_b2_CONV--ZED-RGB.mp4,117,SUAR SUAR SUAR,SUAR SUAR
10-05-2024_15-41-11_p0033_s259_b4_CONV--ZED-RGB.mpeg,259,TER FUMAR,TER FUMAR SIM
21-02-2024_15-40-15_p0016_s117_b2_CONV--zed-rgb.mpeg,117,SUAR,SUAR SUAR
12-03-2025_10-54-51_p0074_s36_b1_CONV--ZED-RGB.mp4,36,SUAR SUAR,SUAR SUAR SUAR
20-03-2024_15-28-24_p0015_sP17.3_b3_CONV--ZED-RGB.mpeg,P17.3,VOCÊ VACINAR GRIPE,VOCÊ JÁ VACINAR GRIPE
26-04-2024_15-00-55_p0028_s58_b1_CONV--ZED-RGB.mpeg,58,QUEBRAR QUEBRAR QUEBRAR QUEBRAR QUEBRAR QUEBRAR,QUEBRAR QUEBRAR QUEBRAR
29-04-2024_15-28-55_p0024_sP10_b3_CONV--ZED-RGB.mpeg,P10,SOBRE DOR PERÍODO COMEÇA-EM-UM FRACO DOR SEQUÊNCIA-CINCO MÉDIA ATÉ-DEZ DOR EXTREMAMENTE-FORTE PERÍODO-TEMPO QUAL VOCÊ SENTIR QUAL ESSE-PERÍODO EQUIVALER DOR EQUIVALER QUAL,SOBRE DOR PERÍODO COMEÇA-EM-UM FRACO SEQUÊNCIA-CINCO MÉDIA ATÉ-DEZ EXTREMAMENTE-FORTE PERÍODO-TEMPO VOCÊ SENTIR QUAL ESSE-PERÍODO DOR EQUIVALER QUAL
20-03-2025_16-19-06_p0078_sP08.2_b2_CONV--ZED-RGB.mp4,P8.2,SENTIR DOR DEPOIS DESAPARECER,SENTIR DOR DEPOIS DESAPARECER ENTÃO
30-01-2024_14-44-29_p12_s125--zed-rgb.mpeg,125,CATEGORIA COMER COISAS ÁCIDO MAIS APIMENTADO,COMER CATEGORIA ÁCIDO MAIS APIMENTADO
22-01-2024_17-09-58_p9_s192--zed-rgb.mpeg,192,PÉ SENTAR DEITADO DOR PIOR SIM,FICAR-EM-PÉ SENTAR DEITAR DOR PIORAR SIM
14-08-2024_16-18-56_p0038_sP24.1_b4_CONV--ZED-RGB.mpeg,P24.1,VOCÊ BEBIDA ÁLCOOL VOCÊ BEBER,BEBIDA ÁLCOOL VOCÊ BEBER VOCÊ
20-03-2024_15-13-20_p0015_s185_b3_CONV--ZED-RGB.mpeg,185,BARRIGA DOR BARRIGA,DOR BARRIGA-ESPALHAR BARRIGA
15-02-2025_10-17-15_p0065_s67_b1_CONV--ZED-RGB.mp4,67,VOMITAR VERMELHO,VOMITAR TER VERMELHO
30-01-2024_11-11-17_p11_s31--zed-rgb.mpeg,31,MANCHA,MANCHAS-PELE
29-04-2024_16-09-14_p0024_sP20_b3_CONV--ZED-RGB.mpeg,P20,VOCÊ TER HISTÓRICO RELATÓRIO MÉDICO AO-LONGO-DO-TEMPO VOCÊ TER ENTÃO,VOCÊ TER RELATÓRIO AO-LONGO-DO-TEMPO
07-01-2025_14-49-46_p0062_sP18.4_b4_CONV--ZED-RGB.mp4,P18.4,UM SANGRAR DOIS M U C O COLA TRÊS P U S COR MISTURAR AMARELO BRANCO MISTURAR ENTÃO,UM SANGRAR DOIS M U C O COLA TRÊS PUS COR MISTURAR AMARELO BRANCO MISTURAR ENTÃO
13-09-2024_15-22-58_p0046_sP18.4_b4_CONV--ZED-RGB.mpeg,P18.4,UM SANGRAR DOIS M U C O COLA TRÊS P U S COR MISTURAR AMARELO BRANCO MISTURAR ENTÃO,UM SANGRAR DOIS M U C O COLA TRÊS PUS COR MISTURAR AMARELO BRANCO MISTURAR ENTÃO
17-12-2024_17-13-19_p0060_sP16_b3_CONV--ZED-RGB.mpeg,P16,S I CORIZA NENHUM COMO SENTIR TER DOR URINAR,S I CORIZA NENHUM COMO TER SENTIR DOR URINAR
12-07-2024_15-25-14_p0040_sP20_b3_CONV--ZED-RGB.mpeg,P20,VOCÊ RELATÓRIO TER LEMBRAR AO-LONGO-DO-TEMPO,VOCÊ TER RELATÓRIO AO-LONGO-DO-TEMPO
11-03-2025_18-34-11_p0075_sP25.1_b4_CONV--ZED-RGB.mp4,P25.1,JÁ FAZER CIRURGIA ALGUM PASSADO S-I S-IM QUAL,VOCÊ FAZER JÁ CIRURGIA ALGUM PASSADO S-I SIM QUAL
25-03-2024_16-21-32_p0020_sP06.6_b2_CONV--ZED-RGB.mpeg,P6.6,SENTIR DOR IGUAL O-QUE CHOQUE,DOR IGUAL SENTIR CHOQUE
30-01-2024_14-42-38_p12_s120--zed-rgb.mpeg,120,VER EMBAÇAR,VER DOBRADO
17-08-2024_11-10-41_p0043_s256_b4_CONV--ZED-RGB.mpeg,256,ALERGIA NENHUM,ALERGIA AMENDOIM
12-03-2024_14-16-11_p0022_s5_b1_CONV--zed-rgb.mpeg,5,CABEÇA-DOR,CABEÇA DOR
13-12-2024_15-42-31_p0054_sP08.2_b2_CONV--ZED-RGB.mp4,P8.2,SENTIR DOR DEPOIS DESAPARECER,SENTIR DOR DEPOIS DESAPARECER ENTÃO
30-01-2024_11-05-45_p11_s15--zed-rgb.mpeg,15,DOR P E PÉ,DOR PÉ P E
19-11-2024_15-46-27_p0054_sP10_b3_CONV--ZED-RGB.mpeg,P10,SOBRE DOR PERÍODO COMEÇA-EM-UM FRACO SEQUÊNCIA-CINCO MÉDIA ATÉ-DEZ EXTREMAMENTE-FORTE PERÍODO-TEMPO AGORA VOCÊ SENTIR QUAL ESSE-PERÍODO DOR EQUIVALER QUAL,SOBRE DOR PERÍODO COMEÇA-EM-UM FRACO SEQUÊNCIA-CINCO MÉDIA ATÉ-DEZ EXTREMAMENTE-FORTE PERÍODO-TEMPO VOCÊ SENTIR QUAL ESSE-PERÍODO DOR EQUIVALER QUAL
13-09-2024_16-44-38_p0046_s56_b1_CONV--ZED-RGB.mpeg,56,FEZES VERMELHO,VERMELHO FEZES
18-03-2024_15-32-00_p0020_s46_b1_CONV--ZED-RGB.mpeg,46,PROBLEMA OUVIDOS PROBLEMA,PROBLEMA OUVIDOS
29-04-2024_16-10-00_p0024_sP21.1_b3_CONV--ZED-RGB.mpeg,P21.1,VOCÊ DOCUMENTO REMÉDIO VOCÊ TRAZER ENTÃO,DOCUMENTO REMÉDIO VOCÊ TRAZER
31-01-2024_14-55-23_p13_s176--zed-rgb.mpeg,176,3-MÊS,TRÊS-MESES
28-02-2024_16-07-11_p0011_s83_b2_CONV--zed-rgb.mpeg,83,UM-dia,UM-DIA
01-02-2025_14-07-03_p0064_s16_b1_CONV--ZED-RGB.mp4,16,RESPIRAR,RESPIRAR FALTAR
13-02-2025_19-02-12_p0070_sP16_b3_CONV--ZED-RGB.mp4,P16,S I VOCÊ CORIZA NENHUM COMO TER SENTIR DOR URINAR,S I CORIZA NENHUM COMO TER SENTIR DOR URINAR
22-01-2024_17-43-56_p9_s243--zed-rgb.mpeg,243,EU USAR MEDICAMENTO-NÃO,NÃO TRAZER RECEITA REMÉDIO NENHUM
28-08-2024_09-51-40_p0044_s129_b2_CONV--ZED-RGB.mpeg,129,CORPO ESFORÇAR,LOCAIS LUZ-FORTE
17-06-2024_15-12-59_p0019_s117_b2_CONV--ZED-RGB.mpeg,117,SUAR,SUAR SUAR
04-07-2024_15-39-13_p0039_sP13.1_b3_CONV--ZED-RGB.mpeg,P13.1,MOMENTO EXEMPLO AQUI APERTAR SENTIR DOR PIORAR ENTÃO,MOMENTO EXEMPLO AQUI APERTAR VOCÊ SENTIR DOR PIORAR ENTÃO
13-11-2024_18-03-04_p0051_sP25.1_b4_CONV--ZED-RGB.mpeg,P25.1,JÁ FAZER CIRURGIA ALGUM PASSADO S-I SIM QUAL,VOCÊ FAZER JÁ CIRURGIA ALGUM PASSADO S-I SIM QUAL
03-05-2024_18-49-37_p0031_s186_b3_CONV--ZED-RGB.mpeg,186,DOR COSTAS ESPALHAR,COSTAS DOR ESPALHAR
02-05-2024_16-02-54_p0026_s255_b4_CONV--ZED-RGB.mpeg,255,ALERGIA T R I G O FARINHA,ALERGIA CATEGORIA T R I G O FARINHA
22-04-2024_09-42-04_p0025_sP16_b3_CONV--ZED-RGB.mpeg,P16,S I CORIZA NENHUM COMO SENTIR DOR URINAR,S I CORIZA NENHUM COMO TER SENTIR DOR URINAR
31-01-2024_14-41-43_p13_s165--zed-rgb.mpeg,165,DEITADO CALMO PIOR NÃO,DEITAR CALMA PIOR NÃO
05-09-2024_15-24-03_p0047_s55_b1_CONV--ZED-RGB.mpeg,55,VERMELHO NARIZ-SANGRAR,VERMELHO NARIZ-SANGRAR GRIPE
10-12-2024_15-25-29_p0056_sP18.4_b4_CONV--ZED-RGB.mpeg,P18.4,UM SANGRAR DOIS M U C O COLA TRÊS P U S COR MISTURAR AMARELO BRANCO MISTURAR ENTÃO,UM SANGRAR DOIS M U C O COLA TRÊS PUS COR MISTURAR AMARELO BRANCO MISTURAR ENTÃO
09-05-2024_14-41-30_p0033_s118_b2_CONV--ZED-RGB.mpeg,118,OLHOS-LACRIMEJAR,OLHOS LACRIMEJAR
22-02-2024_13-19-50_p0018_s6_b1_CONV--zed-rgb.mpeg,6,DOR PESCOÇO DOR,DOR PESCOÇO
11-03-2024_15-54-37_p0020_sP13.1_b3_CONV--zed-rgb.mpeg,P13.1,MOMENTO PERÍODO EXEMPLO AQUI DOR APERTAR VOCÊ SENTIR DOR ENTÃO,MOMENTO EXEMPLO AQUI APERTAR VOCÊ SENTIR DOR PIORAR ENTÃO
17-09-2024_16-06-43_p0048_s260_b4_CONV--ZED-RGB.mpeg,260,NÃO FUMAR NÃO,NÃO FUMAR
22-02-2024_13-49-09_p0018_s72_b1_CONV--zed-rgb.mpeg,72,2-MÊS 2-MÊS,2-MÊS
22-01-2024_16-23-03_p9_sP09.2--zed-rgb.mpeg,P9.2,SUBIR-MORRO FÍSICO DOR PIOR,SUBIR-MORRO FÍSICO PIOR
20-02-2024_16-14-59_p0015_sP18.3_b4_CONV--zed-rgb.mpeg,P18.3,COMO MOLE ENTÃO,COMO FEZES COMO
22-04-2024_09-39-34_p0025_s197_b3_CONV--ZED-RGB.mpeg,197,CATARRO COLA TRANSPARENTE,CATARRO COLA CLARO
31-01-2024_15-02-28_p13_s191--zed-rgb.mpeg,191,MOMENTO APERTAR DOR PIORAR NÃO,MOMENTO APERTAR-BRAÇO DOR PIORAR NÃO
27-03-2024_16-05-58_p0015_s18_b1_CONV--ZED-RGB.mpeg,18,RESPIRAR DIFÍCIIL,DIFÍCIL RESPIRAR
20-02-2024_17-05-19_p0015_s283_b4_CONV--zed-rgb.mpeg,283,COPO UMA-VEZ SEMANA,UM COPO UMA-VEZ SEMANA
27-03-2024_15-09-38_p0015_s98_b2_CONV--ZED-RGB.mpeg,98,BEXIGA DOR,DOR BEXIGA
20-05-2024_11-18-38_p0034_sP01_b1_CONV--ZED-RGB.mpeg,P1,OQUE SENTIR QUE VIR ENTÃO,O-QUE VOCÊ SENTIR QUE VIR ENTÃO
22-01-2024_16-51-19_p9_sP11.4--zed-rgb.mpeg,P11.4,COMEÇAR DOR COMO AUMENTAR O U DIMINUIR,AO-LONGO-DO-TEMPO DOR COMO AUMENTAR O U DIMINUIR
08-05-2024_16-19-35_p0033_sP16_b3_CONV--ZED-RGB.mpeg,P16,S I CORIZA NENHUM COMO SENTIR VOCÊ SENTIR URINAR,S I CORIZA NENHUM COMO TER SENTIR DOR URINAR
30-01-2024_11-06-02_p11_s16--zed-rgb.mpeg,16,FALTA RESPIRAR,RESPIRAR FALTAR
17-02-2025_17-13-33_p0071_s36_b1_CONV--ZED-RGB.mp4,36,SUAR SUAR,SUAR SUAR SUAR
29-04-2024_15-51-13_p0024_sP13.1_b3_CONV--ZED-RGB.mpeg,P13.1,MOMENTO APERTAR EXEMPLO APERTAR DOR PIORAR,MOMENTO EXEMPLO AQUI APERTAR VOCÊ SENTIR DOR PIORAR ENTÃO
22-01-2024_16-34-38_p9_sP09.7--zed-rgb.mpeg,P9.7,TOMAR-REMÉDIO AJUDAR CURAR PEITO DOR O U FALTA AR,TOMAR-REMÉDIO AJUDAR CURAR PEITO DOR O U FALTAR A R ENTÃO
18-04-2024_15-36-10_p0026_sP08.1_b2_CONV--ZED-RGB.mpeg,P8.1,TER FAZER COISAS SENTIR DOR PIORAR,S I FAZER COISAS SENTIR DOR PIORAR
01-02-2025_09-30-18_p0069_sP18.2_b4_CONV--ZED-RGB.mp4,P18.2,FEZES MOLE,VOCÊ FEZES MOLE
10-01-2025_15-37-27_p0063_sP18.4_b4_CONV--ZED-RGB.mp4,P18.4,UM SANGRAR DOIS M U C O COLA TRÊS P U S COR MISTURAR AMARELO BRANCO MISTURAR ENTÃO,UM SANGRAR DOIS M U C O COLA TRÊS PUS COR MISTURAR AMARELO BRANCO MISTURAR ENTÃO
24-04-2024_15-40-30_p0027_s174_b3_CONV--ZED-RGB.mpeg,174,TRÊS-VEZES TRÊS-DIA,TRÊS-VEZES DIA
05-10-2024_11-34-26_p0050_s67_b1_CONV--ZED-RGB.mpeg,67,VOMITAR VERMELHO SANGRAR,VOMITAR TER VERMELHO
26-03-2024_16-10-21_p0022_sP18.4_b4_CONV--ZED-RGB.mpeg,P18.4,UM SANGRAR DOIS M U C O COLA TRÊS P U S COR MISTURAR AMARELO BRANCO MISTURAR ENTÃO,UM SANGRAR DOIS M U C O COLA TRÊS PUS COR MISTURAR AMARELO BRANCO MISTURAR ENTÃO
11-03-2024_15-57-54_p0020_sP13.2_b3_CONV--zed-rgb.mpeg,P13.2,MOMENTO FICAR-EM-PÉ SENTAR DEITAR SENTIR DOR PIOR,MOMENTO FICAR-EM-PÉ SENTAR DEITAR DOR PIORAR
18-03-2024_15-41-01_p0020_s62_b1_CONV--ZED-RGB.mpeg,62,MATERIAL GRUPO ÁREA O-QUE CORTAR MAS TAMBÉM OBJETO-FINO-LONGO FINCAR,MATERIAL GRUPO CORTAR TAMBÉM OBJETO-FINO-LONGO FINCAR
07-05-2024_15-07-13_p0027_s44_b1_CONV--ZED-RGB.mpeg,44,PRESSÃO-ARTERIAL ALTO-BAIXO,PRESSÃO-ARTERIAL ALTO-BAIXO-ALTO
11-03-2024_15-54-09_p0020_s189_b3_CONV--zed-rgb.mpeg,189,DOR APONTAR-PERNAS PERNAS-ESPALHAR,DOR PERNAS-ESPALHAR APONTAR-PERNA
03-04-2024_16-15-38_p0023_sP25.1_b4_CONV--ZED-RGB.mpeg,P25.1,VOCÊ JÁ CIRURGIA QUANTOS PASSADO S-I SIM QUAL ENTÃO,VOCÊ FAZER JÁ CIRURGIA ALGUM PASSADO S-I SIM QUAL
06-08-2024_16-46-21_p0039_sP03_b1_CONV--ZED-RGB.mpeg,P3,COMO COMEÇAR QUE FAZER O-QUE,COMO COMEÇAR QUE VOCÊ FAZER O-QUE
30-01-2024_14-40-13_p12_sP06.6--zed-rgb.mpeg,P6.6,DOR IGUAL SENTIR DOR CHOQUE,DOR IGUAL SENTIR CHOQUE
18-03-2024_15-17-21_p0020_s15_b1_CONV--ZED-RGB.mpeg,15,DOR P E PÉ P E DOR,DOR PÉ P E
24-01-2025_14-58-14_p0060_s246_b4_CONV--ZED-RGB.mp4,246,F U N G O S SINAL FUNGOS,F U N G O S SINAL FUNGO
08-01-2025_16-38-14_p0063_s58_b1_CONV--ZED-RGB.mp4,58,QUEBRAR QUEBRAR QUEBRAR QUEBRAR,QUEBRAR QUEBRAR QUEBRAR
20-03-2024_15-16-29_p0015_s191_b3_CONV--ZED-RGB.mpeg,191,MOMENTO APERTAR-BRAÇO DOR PIORAR PIORAR,MOMENTO APERTAR-BRAÇO DOR PIORAR NÃO
07-05-2024_14-41-13_p0027_s280_b4_CONV--ZED-RGB.mpeg,280,TAÇA TOMAR UM UMA-VEZ SEMANA,TAÇA TOMAR VINHO UMA-VEZ SEMANA
17-06-2024_15-02-14_p0019_sP06.2_b2_CONV--ZED-RGB.mpeg,P6.2,DOR COMO,COMO DOR
31-01-2024_15-07-48_p13_s197--zed-rgb.mpeg,197,CATARRO COLAR CLARO,CATARRO COLA CLARO
22-02-2024_13-42-10_p0018_s56_b1_CONV--zed-rgb.mpeg,56,VERMELHO FEZES VERMELHO,VERMELHO FEZES
28-08-2024_09-26-10_p0044_s91_b2_CONV--ZED-RGB.mpeg,91,DOR TESTA TESTA,DOR LADO-CABEÇA LADO-CABEÇA
28-02-2024_16-33-59_p0011_s120_b2_CONV--zed-rgb.mpeg,120,VER EMBAÇAR,VER DOBRADO
24-01-2024_17-40-19_p10_s280--zed-rgb.mpeg,280,TAÇA VINHO TOMAR UMA-VEZ SEMANA,TAÇA TOMAR VINHO UMA-VEZ SEMANA
05-10-2024_11-14-12_p0050_s15_b1_CONV--ZED-RGB.mpeg,15,DOR PÉ P E ACENTO AGUDO,DOR PÉ P E
01-02-2025_14-28-54_p0064_s58_b1_CONV--ZED-RGB.mp4,58,QUEBRAR QUEBRAR QUEBRAR QUEBRAR,QUEBRAR QUEBRAR QUEBRAR
05-06-2024_15-22-34_p0037_s252_b4_CONV--ZED-RGB.mpeg,252,LEITE ALERGIA,ALERGIA LEITE
31-08-2024_13-18-06_p0047_s188_b3_CONV--ZED-RGB.mpeg,188,DOR APONTAR-COXA PERNAS-ESPALHAR APONTAR-COXA,DOR PERNAS-ESPALHAR APONTAR-COXA
19-07-2024_15-42-28_p0040_s58_b1_CONV--ZED-RGB.mpeg,58,QUEBRAR QUEBRAR QUEBRAR QUEBRAR,QUEBRAR QUEBRAR QUEBRAR
01-02-2025_09-36-17_p0069_sP18.4_b4_CONV--ZED-RGB.mp4,P18.4,UM SANGRAR DOIS M U C O COLA TRÊS P U S COR MISTURAR AMARELO BRANCO MISTURAR ENTÃO,UM SANGRAR DOIS M U C O COLA TRÊS PUS COR MISTURAR AMARELO BRANCO MISTURAR ENTÃO
03-05-2024_14-13-06_p0027_s117_b2_CONV--ZED-RGB.mpeg,117,SUAR-MUITO,SUAR SUAR
22-01-2024_16-56-31_p9_s183--zed-rgb.mpeg,183,DOR ESPALHAR-OMBRO,DOR ESPALHAR OMBRO
30-09-2024_16-15-24_p0049_sP25.1_b4_CONV--ZED-RGB.mpeg,P25.1,VOCÊ JÁ FAZER CIRURGIA ALGUM PASSADO S-I SIM QUAL,VOCÊ FAZER JÁ CIRURGIA ALGUM PASSADO S-I SIM QUAL
22-01-2024_17-34-18_p9_s208--zed-rgb.mpeg,208,NÃO TROUXE CARTÃO VACINA,NÃO TRAZER CARTÃO-DE-VACINA NENHUM
03-05-2024_18-59-45_p0031_s200_b3_CONV--ZED-RGB.mpeg,200,CATARRO COLA AMARELO,CATARRO COLA VERDE
13-11-2024_16-38-11_p0051_sP01_b1_CONV--ZED-RGB.mpeg,P1,O-QUE SENTIR QUE VIR ENTÃO,O-QUE VOCÊ SENTIR QUE VIR ENTÃO
28-06-2024_14-37-12_p0035_sP03_b1_CONV--ZED-RGB.mpeg,P3,COMO COMEÇAR QUE FAZER,COMO COMEÇAR QUE VOCÊ FAZER O-QUE
30-01-2024_11-25-03_p11_s67--zed-rgb.mpeg,67,VOMITAR VOMITAR VERMELHO,VOMITAR TER VERMELHO
24-01-2024_17-05-54_p10_s220--zed-rgb.mpeg,220,TER MUCO COLA,TER M U C O COLA
25-03-2024_15-53-42_p0020_sP24.2_b4_CONV--ZED-RGB.mpeg,P24.2,QUAL BEBIDA,BEBIDA QUAL
05-09-2024_15-39-08_p0047_sP18.1_b4_CONV--ZED-RGB.mpeg,P18.1,ENJOAR VOMITAR,ENJOAR O U VOMITAR
13-02-2025_14-39-15_p0067_sP01_b1_CONV--ZED-RGB.mp4,P1,O-QUE SENTIR VIR ENTÃO,O-QUE VOCÊ SENTIR QUE VIR ENTÃO
30-01-2024_11-09-26_p11_s26--zed-rgb.mpeg,26,TOSSE,TOSSIR
27-05-2024_15-41-00_p0032_sP12_b3_CONV--ZED-RGB.mpeg,P12,DOR EXEMPLO AQUI LUGAR MESMO O U ESPALHAR LUGARES ENTÃO,DOR EXEMPLO AQUI LUGAR MESMO O U ESPALHAR AQUI LUGARES ENTÃO
03-09-2024_14-58-17_p0048_sP12_b3_CONV--ZED-RGB.mpeg,P12,DOR EXEMPLO AQUI LUGAR MESMO COMO QUANTOS ESPALHAR AQUI LUGARES ENTÃO,DOR EXEMPLO AQUI LUGAR MESMO O U ESPALHAR AQUI LUGARES ENTÃO
13-02-2025_15-02-00_p0067_s36_b1_CONV--ZED-RGB.mp4,36,SUAR SUAR,SUAR SUAR SUAR
28-09-2024_14-27-07_p0016_s52_b1_CONV--ZED-RGB.mpeg,52,,XIXI ESPUMAR
27-03-2024_15-09-16_p0015_s97_b2_CONV--ZED-RGB.mpeg,97,LADOS-BARRIGA DOR,DOR LADOS-BARRIGA
03-10-2024_14-44-12_p0050_s161_b3_CONV--ZED-RGB.mpeg,161,PLANO ANDAR FÍSICO PIOR,PLANO ANDAR FÍSICO PIOR NÃO
31-01-2024_15-03-37_p13_s193--zed-rgb.mpeg,193,PÉ SENTAR DEITADO DOR PIORAR NÃO,FICAR-EM-PÉ SENTAR DEITAR DOR PIORAR NÃO
27-11-2024_15-05-33_p0054_sP18.2_b4_CONV--ZED-RGB.mpeg,P18.2,FEZES MOLE,VOCÊ FEZES MOLE
24-01-2024_17-09-33_p10_s224--zed-rgb.mpeg,224,INFARTAR,INFARTO
11-03-2025_18-14-45_p0075_sP22.2_b4_CONV--ZED-RGB.mp4,P22.2,MOMENTO TOMAR-MEDICAMENTO SURGIR TER ALERGIA TER,MOMENTO VOCÊ TOMAR-MEDICAMENTO SURGIR TER ALERGIA TER
05-10-2024_11-07-21_p0050_s1_b1_CONV--ZED-RGB.mpeg,1,CONFUSÃO-MENTAL ESQUECER,CONFUSÃO-MENTAL PERCEPÇÃO ESQUECER
28-06-2024_14-26-00_p0035_s53_b1_CONV--ZED-RGB.mpeg,53,VERMELHO SANGRAR-BOCA,XIXI VERMELHO
23-04-2024_15-30-17_p0026_s66_b1_CONV--ZED-RGB.mpeg,66,VAGINA-SANGRAR VERMELHO,VAGINA VERMELHO SANGRAR
17-02-2025_18-04-25_p0071_sP18.4_b4_CONV--ZED-RGB.mp4,P18.4,UM SANGRAR DOIS M U C O COLA TRÊS P U S,UM SANGRAR DOIS M U C O COLA TRÊS PUS COR MISTURAR AMARELO BRANCO MISTURAR ENTÃO
26-02-2024_16-22-18_p0019_s282_b4_CONV--zed-rgb.mpeg,282,UM COPO UMA-VEZ SEMANA,UM COPO CHEIO TODO-DIA
01-08-2024_16-55-23_p0042_sP16_b3_CONV--ZED-RGB.mpeg,P16,S I CORIZA NENHUM COMO SENTIR DOR URINAR,S I CORIZA NENHUM COMO TER SENTIR DOR URINAR
31-01-2025_14-57-13_p0065_sP09.7_b3_CONV--ZED-RGB.mp4,P9.7,TOMAR-REMÉDIO AJUDAR CURAR PEITO DOR O U FALTAR R A U ENTÃO,TOMAR-REMÉDIO AJUDAR CURAR PEITO DOR O U FALTAR A R ENTÃO
12-07-2024_15-00-39_p0040_sP11.3_b3_CONV--ZED-RGB.mpeg,P11.3,NO-DECORRER-DO-TEMPO SENTIR DOR NO-TOTAL QUANTOS ENTÃO,NO-DECORRER-DO-TEMPO SENTIR DOR NO-TOTAL QUANTOS
30-01-2024_11-16-39_p11_s50--zed-rgb.mpeg,50,XIXI TODA-HORA XIXI,TODA-HORA URINAR
26-08-2024_15-41-02_p0019_s58_b1_CONV--ZED-RGB.mpeg,58,QUEBRAR QUEBRAR QUEBRAR QUEBRAR QUEBRAR,QUEBRAR QUEBRAR QUEBRAR
11-07-2024_15-13-22_p0041_sP10_b3_CONV--ZED-RGB.mpeg,P10,SOBRE DOR PERÍODO COMEÇA-EM-UM FRACO SEQUÊNCIA-CINCO MÉDIA ATÉ-DEZ EXTREMAMENTE-FORTE PERÍODO-TEMPO VOCÊ QUAL SENTIR ESSE-PERÍODO DOR EQUIVALER QUAL,SOBRE DOR PERÍODO COMEÇA-EM-UM FRACO SEQUÊNCIA-CINCO MÉDIA ATÉ-DEZ EXTREMAMENTE-FORTE PERÍODO-TEMPO VOCÊ SENTIR QUAL ESSE-PERÍODO DOR EQUIVALER QUAL
30-01-2024_11-30-05_p11_s81--zed-rgb.mpeg,81,LEMBRAR-NÃO,NÃO-LEMBRAR
18-06-2024_16-10-32_p0028_s214_b4_CONV--ZED-RGB.mpeg,214,FEZES BRILHANTE,FEZES-LÍQUIDAS BRILHANTE
26-02-2024_16-02-39_p0019_sP22.2_b4_CONV--zed-rgb.mpeg,P22.2,MOMENTO TOMAR-MEDICAMENTO SURGIR ALERGIA TER,MOMENTO VOCÊ TOMAR-MEDICAMENTO SURGIR TER ALERGIA TER
27-03-2024_16-01-19_p0015_s9_b1_CONV--ZED-RGB.mpeg,9,LOMBOS DOR,DOR LOMBAR
29-02-2024_14-10-17_p0010_s58_b1_CONV--zed-rgb.mpeg,58,QUEBRAR QUEBRAR QUEBRAR QUEBRAR,QUEBRAR QUEBRAR QUEBRAR
01-02-2025_13-17-45_p0064_s221_b4_CONV--ZED-RGB.mp4,221,TER PUS MISTURAR AMARELO BRANCO MISTURAR,TER P U S MISTURAR AMARELO BRANCO MISTURAR
28-06-2024_15-36-03_p0035_sP22.2_b4_CONV--ZED-RGB.mpeg,P22.2,MOMENTO TOMAR-MEDICAMENTO SURGIR TER ALERGIA TER,MOMENTO VOCÊ TOMAR-MEDICAMENTO SURGIR TER ALERGIA TER
31-01-2024_15-04-05_p13_sP14--zed-rgb.mpeg,P14,TER DOR FEBRE CALAFRIOS ESPIRRAR O U SECREÇÃO-NASAL,TER DOR FEBRE CALAFRIOS ESPIRRAR O U SECREÇÃO-NASAL COLA
28-08-2024_16-19-31_p0038_sP01_b1_CONV--ZED-RGB.mpeg,P1,O-QUE SENTIR QUE VIR ENTÃO,O-QUE VOCÊ SENTIR QUE VIR ENTÃO
21-02-2024_15-29-02_p0016_s115_b2_CONV--zed-rgb.mpeg,115,DOR VERMELHO MENSTRUAR APERTAR,DOR VERMELHO SANGRAR APERTAR
11-03-2024_15-59-40_p0020_s193_b3_CONV--zed-rgb.mpeg,193,FICAR-EM-PÉ SENTAR DEITAR SENTIR DOR PIORAR NAO,FICAR-EM-PÉ SENTAR DEITAR DOR PIORAR NÃO
24-01-2024_17-29-21_p10_sP23.3--zed-rgb.mpeg,P23.3,DURANTE-O-DIA FUMAR QUANTOS,DURANTE-O-DIA QUANTOS FUMAR
31-01-2024_14-41-07_p13_sP09.5--zed-rgb.mpeg,P9.5,DEITADO CALMO PIOR,DEITAR CALMA PIOR
22-02-2024_13-34-27_p0018_s38_b1_CONV--zed-rgb.mpeg,38,TENTAR SUICÍDIO TENTAR SUICÍDIO,TENTAR SUICIDAR
27-03-2024_15-18-34_p0015_sP06.4_b2_CONV--ZED-RGB.mpeg,P6.4,QUEIMAR IGUAL DOR,DOR IGUAL QUEIMAR
21-01-2025_15-38-16_p0065_sP25.1_b4_CONV--ZED-RGB.mp4,P25.1,FAZER JÁ CIRURGIA ALGUM PASSADO S-I SIM QUAL,VOCÊ FAZER JÁ CIRURGIA ALGUM PASSADO S-I SIM QUAL
17-06-2024_15-27-07_p0019_sP08.2_b2_CONV--ZED-RGB.mpeg,P8.2,SENTIR DOR DEPOIS DESAPARECER,SENTIR DOR DEPOIS DESAPARECER ENTÃO
12-06-2024_16-48-02_p0038_sP13.1_b3_CONV--ZED-RGB.mpeg,P13.1,MOMENTO EXEMPLO APERTAR VOCÊ SENTIR DOR PIORAR ENTÃO,MOMENTO EXEMPLO AQUI APERTAR VOCÊ SENTIR DOR PIORAR ENTÃO
29-04-2024_15-58-43_p0024_s196_b3_CONV--ZED-RGB.mpeg,196,TOSSE CATARRO COLA SIM,TOSSE CATARRO COLA
11-02-2025_18-22-28_p0066_s67_b1_CONV--ZED-RGB.mp4,67,VOMITAR VERMELHO,VOMITAR TER VERMELHO
23-11-2024_09-50-04_p0053_sP11.2_b3_CONV--ZED-RGB.mpeg,P11.2,SENTIR DOR OUTRAS-VEZES DIVERSAS-VEZES HOJE,SENTIR DOR OUTRAS-VEZES DIVERSAS-VEZES ENTÃO
04-09-2024_14-43-41_p0044_s254_b4_CONV--ZED-RGB.mp4,254,ALERGIA COMER CATEGORIA ÁGUA MAR,ALERGIA COMER CATEGORIA ÁGUA-MAR
27-11-2024_15-12-25_p0054_sP18.4_b4_CONV--ZED-RGB.mpeg,P18.4,UM SANGRAR DOIS M U C O COLA TRÊS P U S COR MISTURAR AMARELO BRANCO MISTURAR ENTÃO,UM SANGRAR DOIS M U C O COLA TRÊS PUS COR MISTURAR AMARELO BRANCO MISTURAR ENTÃO
08-07-2024_11-46-36_p0040_sP18.2_b4_CONV--ZED-RGB.mpeg,P18.2,FEZES MOLE,VOCÊ FEZES MOLE
27-03-2024_15-18-59_p0015_sP06.5_b2_CONV--ZED-RGB.mpeg,P6.5,PONTADA IGUAL DOR,DOR IGUAL FINCADA
23-04-2024_11-44-17_p0024_s269_b4_CONV--ZED-RGB.mpeg,269,UÍSQUE,CACHAÇA
11-03-2025_18-59-27_p0075_s58_b1_CONV--ZED-RGB.mp4,58,QUEBRAR QUEBRAR QUEBRAR QUEBRAR,QUEBRAR QUEBRAR QUEBRAR
31-01-2024_15-01-07_p13_s189--zed-rgb.mpeg,189,DOR ESPALHAR APONTAR-PERNA,DOR PERNAS-ESPALHAR APONTAR-PERNA
08-08-2024_14-55-59_p0042_sP06.3_b2_CONV--ZED-RGB.mp4,P6.3,DOR IGUAL QUEIMAR,DOR IGUAL PESO
24-01-2024_17-39-07_p10_s278--zed-rgb.mpeg,278,DOSE TOMAR TODO-DIA,UMA-DOSE TOMAR TODO-DIA
22-02-2024_14-12-27_p0018_s115_b2_CONV--zed-rgb.mpeg,115,DOR VERMELHO MENSTRUAR APERTAR,DOR VERMELHO SANGRAR APERTAR
23-04-2024_15-28-21_p0026_s62_b1_CONV--ZED-RGB.mpeg,62,MATERIAL GRUPO CORTAR TAMBÉM OBJETO-FINO-LONGO  FINCAR,MATERIAL GRUPO CORTAR TAMBÉM OBJETO-FINO-LONGO FINCAR
22-08-2024_16-24-22_p0042_s280_b4_CONV--ZED-RGB.mpeg,280,TAÇA VINHO UMA-VEZ SEMANA,TAÇA TOMAR VINHO UMA-VEZ SEMANA
22-02-2024_10-51-57_p0017_sP10_b3_CONV--zed-rgb.mpeg,P10,SOBRE DOR PERÍODO COMEÇA-EM-UM FRACO SEQUÊNCIA-CINCO MÉDIA ATÉ-DEZ EXTREMAMENTE-FORTE PERÍODO-TEMPO AGORA SENTIR QUAL ESSE-PERÍODO DOR EQUIVALER QUAL,SOBRE DOR PERÍODO COMEÇA-EM-UM FRACO SEQUÊNCIA-CINCO MÉDIA ATÉ-DEZ EXTREMAMENTE-FORTE PERÍODO-TEMPO VOCÊ SENTIR QUAL ESSE-PERÍODO DOR EQUIVALER QUAL
28-02-2024_16-32-34_p0011_s117_b2_CONV--zed-rgb.mpeg,117,SUARSUARSUAR,SUAR SUAR
22-04-2024_09-29-24_p0025_s184_b3_CONV--ZED-RGB.mpeg,184,DOR OMBRO ESPALHAR,DOR BRAÇO-ESPALHAR
27-03-2024_15-31-18_p0015_s142_b2_CONV--ZED-RGB.mpeg,142,MOVER-CORPO PIORAR,MOVIMENTAR-CORPO DOR PIORAR
05-10-2024_10-23-01_p0050_sP25.1_b4_CONV--ZED-RGB.mpeg,P25.1,FAZER CIRURGIA ALGUM PASSADO S-I SIM QUAL,VOCÊ FAZER JÁ CIRURGIA ALGUM PASSADO S-I SIM QUAL
28-01-2025_13-48-27_p0067_sP13.1_b3_CONV--ZED-RGB.mp4,P13.1,MOMENTO EXEMPLO AQUI APERTAR SENTIR DOR PIORAR ENTÃO,MOMENTO EXEMPLO AQUI APERTAR VOCÊ SENTIR DOR PIORAR ENTÃO
