VideoID,Sentence,Elan,Gloss
03-05-2024_08-46-23_p0030_s48_b1_CONV--ZED-RGB.mpeg,48,XIXI VAZAR,XIXI VAZAR
29-02-2024_14-12-22_p0010_s63_b1_CONV--zed-rgb.mpeg,63,TIRO FURAR-BARRIGA,TIRO FURAR-BARRIGA
23-04-2024_15-04-15_p0026_s10_b1_CONV--ZED-RGB.mpeg,10,DOR BARRIGA,DOR BARRIGA
25-03-2024_16-00-40_p0020_s281_b4_CONV--ZED-RGB.mpeg,281,TAÇA TOMAR VINHO TODO-DIA,TAÇA TOMAR VINHO TODO-DIA
05-06-2024_15-11-22_p0037_s224_b4_CONV--ZED-RGB.mpeg,224,INFARTO,INFARTO
25-03-2024_15-39-21_p0020_s233_b4_CONV--ZED-RGB.mpeg,233,A-V-C,A-V-C
18-06-2024_16-50-10_p0028_s264_b4_CONV--ZED-RGB.mpeg,264,CERVEJA,CERVEJA
09-05-2024_15-07-55_p0033_s148.9_b2_CONV--ZED-RGB.mpeg,148.9,I,I
18-04-2024_10-32-01_p0025_s61_b1_CONV--ZED-RGB.mpeg,61,PELE QUEIMAR,PELE QUEIMAR
08-04-2024_15-29-40_p0021_s90_b2_CONV--ZED-RGB.mpeg,90,DOR OUVIDO,DOR OUVIDO
24-07-2024_14-08-13_p0041_s3_b1_CONV--ZED-RGB.mpeg,3,MUDAR COMPORTAMENTO,MUDAR COMPORTAMENTO
10-05-2024_09-35-11_p0030_s212_b4_CONV--ZED-RGB.mpeg,212,FEZES-LÍQUIDAS,FEZES-LÍQUIDAS
27-05-2024_16-32-15_p0032_s7_b1_CONV--ZED-RGB.mpeg,7,DOR PEITO,DOR PEITO
29-04-2024_16-10-27_p0024_s241_b3_CONV--ZED-RGB.mpeg,241,TRAZER RECEITA REMÉDIO,TRAZER RECEITA REMÉDIO
18-06-2024_16-08-53_p0028_s211_b4_CONV--ZED-RGB.mpeg,211,FRAGMENTOS MISTURAR MOLE,FRAGMENTOS MISTURAR MOLE
22-02-2024_13-26-53_p0018_s25_b1_CONV--zed-rgb.mpeg,25,FEZES ESCURO,FEZES ESCURO
11-05-2024_09-44-10_p0034_s174_b3_CONV--ZED-RGB.mpeg,174,TRÊS-VEZES DIA,TRÊS-VEZES DIA
24-05-2024_18-35-13_p0031_s91_b2_CONV--ZED-RGB.mpeg,91,DOR LADO-CABEÇA LADO-CABEÇA,DOR LADO-CABEÇA LADO-CABEÇA
05-06-2024_10-33-06_p0036_s274_b4_CONV--ZED-RGB.mpeg,274,DOIS LATAS DUAS-VEZES SEMANA,DOIS LATAS DUAS-VEZES SEMANA
17-07-2024_14-27-58_p0041_sP06.5_b2_CONV--ZED-RGB.mpeg,P6.5,DOR IGUAL FINCADA,DOR IGUAL FINCADA
27-05-2024_16-44-37_p0032_s34_b1_CONV--ZED-RGB.mpeg,34,FEBRE,FEBRE
29-02-2024_13-41-27_p0010_s11_b1_CONV--zed-rgb.mpeg,11,DOR GARGANTA,DOR GARGANTA
05-06-2024_10-12-33_p0036_s247_b4_CONV--ZED-RGB.mpeg,247,ALERGIA FLOR PÓLEN,ALERGIA FLOR PÓLEN
31-01-2024_14-51-44_p13_s170.8--zed-rgb.mpeg,170.8,8,8
07-05-2024_15-12-21_p0027_s59_b1_CONV--ZED-RGB.mpeg,59,TRAUMA,TRAUMA
07-05-2024_15-00-40_p0027_s24_b1_CONV--ZED-RGB.mpeg,24,VOMITAR,VOMITAR
21-02-2024_16-09-49_p0016_s148.25_b2_CONV--zed-rgb.mpeg,148.25,Y,Y
23-05-2024_14-49-26_p0035_s168_b3_CONV--ZED-RGB.mpeg,168,REMÉDIO CURAR,REMÉDIO CURAR
02-05-2024_14-39-07_p0026_sP09.1_b3_CONV--ZED-RGB.mpeg,P9.1,PEITO DOR O-U FALTAR A-R INSPIRAR PIORAR MOMENTO FÍSICO ESFORÇAR,PEITO DOR O-U FALTAR A-R INSPIRAR PIORAR MOMENTO FÍSICO ESFORÇAR
10-05-2024_09-12-23_p0030_sP20_b3_CONV--ZED-RGB.mpeg,P20,VOCÊ TER RELATÓRIO AO-LONGO-DO-TEMPO,VOCÊ TER RELATÓRIO AO-LONGO-DO-TEMPO
18-03-2024_11-31-43_p0013_s258_b4_CONV--ZED-RGB.mpeg,258,ALERGIA NENHUM,ALERGIA NENHUM
05-06-2024_09-52-51_p0036_s221_b4_CONV--ZED-RGB.mpeg,221,TER P-U-S MISTURAR AMARELO BRANCO MISTURAR,TER P-U-S MISTURAR AMARELO BRANCO MISTURAR
17-07-2024_14-30-48_p0041_s122_b2_CONV--ZED-RGB.mpeg,122,TODA-HORA URINAR,TODA-HORA URINAR
12-03-2024_10-36-19_p0021_s247_b4_CONV--zed-rgb.mpeg,247,ALERGIA FLOR PÓLEN,ALERGIA FLOR PÓLEN
30-01-2024_15-03-05_p12_s148.12--zed-rgb.mpeg,148.12,L,L
19-06-2024_09-50-42_p0036_s5_b1_CONV--ZED-RGB.mpeg,5,CABEÇA DOR,CABEÇA DOR
03-05-2024_14-26-10_p0027_s148.16_b2_CONV--ZED-RGB.mpeg,148.16,P,P
08-05-2024_09-56-59_p0030_s148.3_b2_CONV--ZED-RGB.mpeg,148.3,C,C
08-05-2024_10-01-47_p0030_s148.20_b2_CONV--ZED-RGB.mpeg,148.20,T,T
05-06-2024_09-59-13_p0036_s222_b4_CONV--ZED-RGB.mpeg,222,DOR-BARRIGA NENHUM,DOR-BARRIGA NENHUM
24-05-2024_19-08-09_p0031_s148.8_b2_CONV--ZED-RGB.mpeg,148.8,H,H
20-05-2024_15-53-08_p0023_s140_b2_CONV--ZED-RGB.mpeg,140,PERNAS MEXER-PERNAS,PERNAS MEXER-PERNAS
24-05-2024_18-55-52_p0031_s126_b2_CONV--ZED-RGB.mpeg,126,BEBER ÁLCOOL,BEBER ÁLCOOL
30-04-2024_13-49-34_p0024_s148.21_b2_CONV--ZED-RGB.mpeg,148.21,U,U
20-05-2024_11-57-16_p0034_s78_b1_CONV--ZED-RGB.mpeg,78,CALADO DEITADO,CALADO DEITADO
13-03-2024_15-16-37_p0014_s133_b2_CONV--zed-rgb.mpeg,133,MASTIGAR,MASTIGAR
12-03-2024_14-43-30_p0022_s66_b1_CONV--zed-rgb.mpeg,66,VAGINA VERMELHO SANGRAR,VAGINA VERMELHO SANGRAR
11-06-2024_14-10-29_p0035_s109_b2_CONV--ZED-RGB.mpeg,109,DOR MUITO-FORTE,DOR MUITO-FORTE
07-03-2024_14-03-48_p0010_s138_b2_CONV--zed-rgb.mpeg,138,APERTAR,APERTAR
26-04-2024_15-08-25_p0028_s71_b1_CONV--ZED-RGB.mpeg,71,2-HORA,2-HORA
31-01-2024_14-59-14_p13_s181--zed-rgb.mpeg,181,PESCOÇO DOR ESPALHAR,PESCOÇO DOR ESPALHAR
23-05-2024_15-14-24_p0035_sP15.2_b3_CONV--ZED-RGB.mpeg,P15.2,TOSSE COMO,TOSSE COMO
26-04-2024_15-06-57_p0028_s68_b1_CONV--ZED-RGB.mpeg,68,15 MINUTO,15 MINUTO
30-04-2024_13-12-39_p0024_s102_b2_CONV--ZED-RGB.mpeg,102,DOR BRAÇO-DIREITO BRAÇO-ESQUERDO,DOR BRAÇO-DIREITO BRAÇO-ESQUERDO
26-03-2024_15-07-42_p0022_s167_b3_CONV--ZED-RGB.mpeg,167,SUBIR-ESCADA CORPO PIOR NÃO,SUBIR-ESCADA CORPO PIOR NÃO
25-03-2024_16-28-50_p0020_s129_b2_CONV--ZED-RGB.mpeg,129,LOCAIS LUZ-FORTE,LOCAIS LUZ-FORTE
28-02-2024_16-37-57_p0011_s123_b2_CONV--zed-rgb.mpeg,123,ZUMBIDO OUVIDO,ZUMBIDO OUVIDO
19-03-2024_15-53-47_p0022_s154_b2_CONV--ZED-RGB.mpeg,154,PARAR,PARAR
23-05-2024_15-10-55_p0035_s191_b3_CONV--ZED-RGB.mpeg,191,MOMENTO APERTAR-BRAÇO DOR PIORAR NÃO,MOMENTO APERTAR-BRAÇO DOR PIORAR NÃO
10-05-2024_16-26-44_p0033_s11_b1_CONV--ZED-RGB.mpeg,11,DOR GARGANTA,DOR GARGANTA
25-03-2024_16-35-17_p0020_s146_b2_CONV--ZED-RGB.mpeg,146,REMÉDIO,REMÉDIO
02-04-2024_15-37-44_p0021_s190_b3_CONV--ZED-RGB.mpeg,190,SIM APERTAR-BRAÇO DOER,SIM APERTAR-BRAÇO DOER
12-06-2024_10-20-27_p0036_s148.10_b2_CONV--ZED-RGB.mpeg,148.10,J,J
18-03-2024_11-37-40_p0013_s265_b4_CONV--ZED-RGB.mpeg,265,VINHO,VINHO
28-06-2024_14-20-18_p0035_s38_b1_CONV--ZED-RGB.mpeg,38,TENTAR SUICIDAR,TENTAR SUICIDAR
02-04-2024_15-02-33_p0021_sP09.3_b3_CONV--ZED-RGB.mpeg,P9.3,PLANO ANDAR FÍSICO PIOR,PLANO ANDAR FÍSICO PIOR
24-07-2024_14-26-38_p0041_s48_b1_CONV--ZED-RGB.mpeg,48,XIXI VAZAR,XIXI VAZAR
28-06-2024_15-42-36_p0035_s267_b4_CONV--ZED-RGB.mpeg,267,VODCA,VODCA
20-05-2024_16-06-31_p0023_s148.16_b2_CONV--ZED-RGB.mpeg,148.16,P,P
17-06-2024_15-29-31_p0019_s147_b2_CONV--ZED-RGB.mpeg,147,JEJUM,JEJUM
18-06-2024_15-08-52_p0028_s116_b2_CONV--ZED-RGB.mpeg,116,DOR APERTAR PONTADA,DOR APERTAR PONTADA
17-07-2024_14-50-35_p0041_s148.14_b2_CONV--ZED-RGB.mpeg,148.14,N,N
05-03-2024_10-43-49_p0014_sP02_b1_CONV--zed-rgb.mpeg,P2,QUANDO COMEÇAR ENTÃO,QUANDO COMEÇAR ENTÃO
28-02-2024_16-56-54_p0011_s148.13_b2_CONV--zed-rgb.mpeg,148.13,M,M
30-01-2024_14-13-15_p12_s86--zed-rgb.mpeg,86,UM MÊS,UM MÊS
18-03-2024_15-44-27_p0020_s72_b1_CONV--ZED-RGB.mpeg,72,2-MÊS,2-MÊS
05-03-2024_10-25-22_p0014_s13_b1_CONV--zed-rgb.mpeg,13,DOR PERNA,DOR PERNA
13-03-2024_15-25-46_p0014_s148.8_b2_CONV--zed-rgb.mpeg,148.8,H,H
24-05-2024_18-56-39_p0031_s128_b2_CONV--ZED-RGB.mpeg,128,LOCAIS BARULHO,LOCAIS BARULHO
27-03-2024_15-36-23_p0015_s148.7_b2_CONV--ZED-RGB.mpeg,148.7,G,G
19-07-2024_15-34-22_p0040_s43_b1_CONV--ZED-RGB.mpeg,43,ESCORPIÃO PICAR,ESCORPIÃO PICAR
26-02-2024_15-50-51_p0019_s239_b4_CONV--zed-rgb.mpeg,239,VÍCIO BEBER ÁLCOOL,VÍCIO BEBER ÁLCOOL
06-05-2024_15-41-09_p0032_s254_b4_CONV--ZED-RGB.mpeg,254,ALERGIA COMER CATEGORIA ÁGUA-MAR,ALERGIA COMER CATEGORIA ÁGUA-MAR
11-03-2024_15-49-21_p0020_s180_b3_CONV--zed-rgb.mpeg,180,NUCA DOR ESPALHAR,NUCA DOR ESPALHAR
07-03-2024_13-53-42_p0010_sP06.3_b2_CONV--zed-rgb.mpeg,P6.3,DOR IGUAL PESO,DOR IGUAL PESO
06-05-2024_15-55-46_p0032_sP23.1_b4_CONV--ZED-RGB.mpeg,P23.1,VOCÊ FUMAR,VOCÊ FUMAR
26-03-2024_15-17-34_p0022_s171_b3_CONV--ZED-RGB.mpeg,171,UMA-VEZ,UMA-VEZ
22-02-2024_14-05-10_p0018_s94_b2_CONV--zed-rgb.mpeg,94,DOR OUVIDO-DIREITO OUVIDO-ESQUERDO,DOR OUVIDO-DIREITO OUVIDO-ESQUERDO
24-01-2024_17-42-49_p10_s282--zed-rgb.mpeg,282,UM COPO CHEIO TODO-DIA,UM COPO CHEIO TODO-DIA
20-03-2024_15-27-27_p0015_s204_b3_CONV--ZED-RGB.mpeg,204,DOIS VACINA,DOIS VACINA
29-04-2024_16-02-01_p0024_s200_b3_CONV--ZED-RGB.mpeg,200,CATARRO COLA VERDE,CATARRO COLA VERDE
30-04-2024_13-21-18_p0024_sP06.5_b2_CONV--ZED-RGB.mpeg,P6.5,DOR IGUAL FINCADA,DOR IGUAL FINCADA
15-05-2024_15-16-48_p0032_sP05_b2_CONV--ZED-RGB.mpeg,P5,POR-QUE PROCURAR VIR HOJE TER PIORAR,POR-QUE PROCURAR VIR HOJE TER PIORAR
28-06-2024_14-16-50_p0035_s29_b1_CONV--ZED-RGB.mpeg,29,INCHAR,INCHAR
18-03-2024_15-43-22_p0020_s68_b1_CONV--ZED-RGB.mpeg,68,15 MINUTO,15 MINUTO
25-03-2024_16-37-07_p0020_s148.4_b2_CONV--ZED-RGB.mpeg,148.4,D,D
17-06-2024_14-55-20_p0019_s94_b2_CONV--ZED-RGB.mpeg,94,DOR OUVIDO-DIREITO OUVIDO-ESQUERDO,DOR OUVIDO-DIREITO OUVIDO-ESQUERDO
07-05-2024_15-05-09_p0027_s38_b1_CONV--ZED-RGB.mpeg,38,TENTAR SUICIDAR,TENTAR SUICIDAR
03-05-2024_14-27-21_p0027_s148.20_b2_CONV--ZED-RGB.mpeg,148.20,T,T
19-06-2024_10-03-10_p0036_s31_b1_CONV--ZED-RGB.mpeg,31,MANCHAS-PELE,MANCHAS-PELE
03-04-2024_15-59-48_p0023_s258_b4_CONV--ZED-RGB.mpeg,258,ALERGIA NENHUM,ALERGIA NENHUM
25-03-2024_15-52-08_p0020_s261_b4_CONV--ZED-RGB.mpeg,261,UM ANO,UM ANO
19-06-2024_16-51-20_p0023_s78_b1_CONV--ZED-RGB.mpeg,78,CALADO DEITADO,CALADO DEITADO
21-02-2024_16-08-34_p0016_s148.20_b2_CONV--zed-rgb.mpeg,148.20,T,T
08-05-2024_10-02-33_p0030_s148.23_b2_CONV--ZED-RGB.mpeg,148.23,W,W
13-03-2024_16-11-31_p0014_s265_b4_CONV--zed-rgb.mpeg,265,VINHO,VINHO
28-02-2024_16-58-07_p0011_s148.17_b2_CONV--zed-rgb.mpeg,148.17,Q,Q
05-06-2024_10-37-27_p0036_s280_b4_CONV--ZED-RGB.mpeg,280,TAÇA TOMAR VINHO UMA-VEZ SEMANA,TAÇA TOMAR VINHO UMA-VEZ SEMANA
19-03-2024_15-40-01_p0022_s148.2_b2_CONV--ZED-RGB.mpeg,148.2,B,B
16-05-2024_15-13-37_p0034_s148.26_b2_CONV--ZED-RGB.mpeg,148.26,Z,Z
19-06-2024_10-29-48_p0036_s80_b1_CONV--ZED-RGB.mpeg,80,SENTADO EM-PÉ,SENTADO EM-PÉ
23-04-2024_15-34-49_p0026_s77_b1_CONV--ZED-RGB.mpeg,77,EXERCÍCIO-FÍSICO,EXERCÍCIO-FÍSICO
21-02-2024_15-40-27_p0016_s118_b2_CONV--zed-rgb.mpeg,118,OLHOS-LACRIMEJAR,OLHOS-LACRIMEJAR
08-06-2024_10-27-20_p0031_s24_b1_CONV--ZED-RGB.mpeg,24,VOMITAR,VOMITAR
11-06-2024_14-43-41_p0035_s150_b2_CONV--ZED-RGB.mpeg,150,ENTENDER,ENTENDER
21-02-2024_15-20-43_p0016_s90_b2_CONV--zed-rgb.mpeg,90,DOR OUVIDO,DOR OUVIDO
26-03-2024_16-03-04_p0022_sP18.3_b4_CONV--ZED-RGB.mpeg,P18.3,COMO FEZES COMO,COMO FEZES COMO
13-03-2024_15-12-37_p0014_sP08.1_b2_CONV--zed-rgb.mpeg,P8.1,S-I FAZER COISAS SENTIR DOR PIORAR,S-I FAZER COISAS SENTIR DOR PIORAR
03-05-2024_18-54-29_p0031_s192_b3_CONV--ZED-RGB.mpeg,192,FICAR-EM-PÉ SENTAR DEITAR DOR PIORAR SIM,FICAR-EM-PÉ SENTAR DEITAR DOR PIORAR SIM
24-01-2024_17-31-30_p10_s269--zed-rgb.mpeg,269,CACHAÇA,CACHAÇA
05-06-2024_10-36-24_p0036_s279_b4_CONV--ZED-RGB.mpeg,279,DUAS-DOSES TOMAR DUAS-VEZES SEMANA,DUAS-DOSES TOMAR DUAS-VEZES SEMANA
30-04-2024_13-44-45_p0024_s148.5_b2_CONV--ZED-RGB.mpeg,148.5,E,E
08-05-2024_09-47-12_p0030_s124_b2_CONV--ZED-RGB.mpeg,124,GASES,GASES
18-03-2024_15-18-38_p0020_s19_b1_CONV--ZED-RGB.mpeg,19,PALPITAÇÃO,PALPITAÇÃO
16-04-2024_15-56-40_p0016_s201_b3_CONV--ZED-RGB.mpeg,201,CATARRO COLA VERMELHO,CATARRO COLA VERMELHO
28-02-2024_16-30-27_p0011_sP06.4_b2_CONV--zed-rgb.mpeg,P6.4,DOR IGUAL QUEIMAR,DOR IGUAL QUEIMAR
03-05-2024_14-02-11_p0027_s87_b2_CONV--ZED-RGB.mpeg,87,SIM,SIM
05-03-2024_10-23-27_p0014_s7_b1_CONV--zed-rgb.mpeg,7,DOR PEITO,DOR PEITO
16-04-2024_10-53-08_p0025_s264_b4_CONV--ZED-RGB.mpeg,264,CERVEJA,CERVEJA
19-03-2024_15-44-05_p0022_s148.15_b2_CONV--ZED-RGB.mpeg,148.15,O,O
18-06-2024_15-39-27_p0028_s148.18_b2_CONV--ZED-RGB.mpeg,148.18,R,R
20-05-2024_15-21-51_p0023_s100_b2_CONV--ZED-RGB.mpeg,100,DOR VIRILHA,DOR VIRILHA
02-05-2024_14-42-51_p0026_sP09.3_b3_CONV--ZED-RGB.mpeg,P9.3,PLANO ANDAR FÍSICO PIOR,PLANO ANDAR FÍSICO PIOR
24-01-2024_17-15-49_p10_s235--zed-rgb.mpeg,235,OBESIDADE,OBESIDADE
17-07-2024_14-26-26_p0041_s116_b2_CONV--ZED-RGB.mpeg,116,DOR APERTAR PONTADA,DOR APERTAR PONTADA
30-04-2024_13-50-29_p0024_s148.24_b2_CONV--ZED-RGB.mpeg,148.24,X,X
10-05-2024_16-39-23_p0033_s40_b1_CONV--ZED-RGB.mpeg,40,CACHORRO MORDER,CACHORRO MORDER
29-02-2024_13-48-48_p0010_s20_b1_CONV--zed-rgb.mpeg,20,TONTURA CAIR-PESSOA,TONTURA CAIR-PESSOA
08-06-2024_10-32-57_p0031_s40_b1_CONV--ZED-RGB.mpeg,40,CACHORRO MORDER,CACHORRO MORDER
19-07-2024_14-39-39_p0040_s155_b2_CONV--ZED-RGB.mpeg,155,PARAR,PARAR
27-05-2024_16-30-45_p0032_s3_b1_CONV--ZED-RGB.mpeg,3,MUDAR COMPORTAMENTO,MUDAR COMPORTAMENTO
26-03-2024_15-37-03_p0022_s191_b3_CONV--ZED-RGB.mpeg,191,MOMENTO APERTAR-BRAÇO DOR PIORAR NÃO,MOMENTO APERTAR-BRAÇO DOR PIORAR NÃO
10-05-2024_09-56-43_p0030_sP22.3_b4_CONV--ZED-RGB.mpeg,P22.3,QUAL MEDICAMENTO,QUAL MEDICAMENTO
25-03-2024_16-12-50_p0020_s97_b2_CONV--ZED-RGB.mpeg,97,DOR LADOS-BARRIGA,DOR LADOS-BARRIGA
10-05-2024_15-40-38_p0033_sP23.1_b4_CONV--ZED-RGB.mpeg,P23.1,VOCÊ FUMAR,VOCÊ FUMAR
10-05-2024_15-43-50_p0033_s263_b4_CONV--ZED-RGB.mpeg,263,DEZ ANO,DEZ ANO
08-05-2024_09-33-09_p0030_s95_b2_CONV--ZED-RGB.mpeg,95,DOR OLHOS,DOR OLHOS
02-05-2024_15-01-30_p0026_s177_b3_CONV--ZED-RGB.mpeg,177,UM ANO,UM ANO
18-04-2024_15-22-20_p0026_sP05_b2_CONV--ZED-RGB.mpeg,P5,POR-QUE PROCURAR VIR HOJE TER PIORAR,POR-QUE PROCURAR VIR HOJE TER PIORAR
21-02-2024_15-55-45_p0016_sP08.2_b2_CONV--zed-rgb.mpeg,P8.2,SENTIR DOR DEPOIS DESAPARECER ENTÃO,SENTIR DOR DEPOIS DESAPARECER ENTÃO
24-04-2024_15-38-41_p0027_s172_b3_CONV--ZED-RGB.mpeg,172,VÁRIAS-VEZES,VÁRIAS-VEZES
22-02-2024_14-29-22_p0018_s146_b2_CONV--zed-rgb.mpeg,146,REMÉDIO,REMÉDIO
03-05-2024_18-34-57_p0031_s170.4_b3_CONV--ZED-RGB.mpeg,170.4,4,4
20-03-2024_15-11-06_p0015_s180_b3_CONV--ZED-RGB.mpeg,180,NUCA DOR ESPALHAR,NUCA DOR ESPALHAR
25-03-2024_15-59-56_p0020_s280_b4_CONV--ZED-RGB.mpeg,280,TAÇA TOMAR VINHO UMA-VEZ SEMANA,TAÇA TOMAR VINHO UMA-VEZ SEMANA
02-05-2024_15-22-01_p0026_sP17.2_b3_CONV--ZED-RGB.mpeg,P17.2,QUANTOS VACINAR,QUANTOS VACINAR
29-04-2024_12-01-05_p0029_s148.18_b2_CONV--ZED-RGB.mpeg,148.18,R,R
18-06-2024_15-27-00_p0028_s138_b2_CONV--ZED-RGB.mpeg,138,APERTAR,APERTAR
22-02-2024_11-56-57_p0017_s276_b4_CONV--zed-rgb.mpeg,276,GARRAFA UMA-VEZ SEMANA,GARRAFA UMA-VEZ SEMANA
27-03-2024_15-27-36_p0015_s131_b2_CONV--ZED-RGB.mpeg,131,PERÍODO MENSTRUAR,PERÍODO MENSTRUAR
23-05-2024_14-53-37_p0035_s170.1_b3_CONV--ZED-RGB.mpeg,170.1,1,1
10-05-2024_09-09-04_p0030_s204_b3_CONV--ZED-RGB.mpeg,204,DOIS VACINA,DOIS VACINA
29-04-2024_11-38-49_p0029_s113_b2_CONV--ZED-RGB.mpeg,113,DOR PONTADA,DOR PONTADA
02-04-2024_15-49-34_p0021_s202_b3_CONV--ZED-RGB.mpeg,202,CATARRO COLA SANGUE PONTOS,CATARRO COLA SANGUE PONTOS
16-07-2024_16-53-06_p0039_s267_b4_CONV--ZED-RGB.mpeg,267,VODCA,VODCA
18-06-2024_16-34-21_p0028_sP22.1_b4_CONV--ZED-RGB.mpeg,P22.1,VOCÊ TER ALERGIA ENTÃO,VOCÊ TER ALERGIA ENTÃO
18-03-2024_11-22-51_p0013_s235_b4_CONV--ZED-RGB.mpeg,235,OBESIDADE,OBESIDADE
22-04-2024_09-19-36_p0025_s170.7_b3_CONV--ZED-RGB.mpeg,170.7,7,7
13-03-2024_15-55-23_p0014_s232_b4_CONV--zed-rgb.mpeg,232,ANSIEDADE,ANSIEDADE
07-05-2024_14-30-29_p0027_sP23.2_b4_CONV--ZED-RGB.mpeg,P23.2,TOTAL TEMPO QUANTO,TOTAL TEMPO QUANTO
27-03-2024_16-10-58_p0015_s33_b1_CONV--ZED-RGB.mpeg,33,COÇAR,COÇAR
18-06-2024_15-20-22_p0028_s128_b2_CONV--ZED-RGB.mpeg,128,LOCAIS BARULHO,LOCAIS BARULHO
24-05-2024_19-12-27_p0031_s148.22_b2_CONV--ZED-RGB.mpeg,148.22,V,V
27-03-2024_16-10-19_p0015_s31_b1_CONV--ZED-RGB.mpeg,31,MANCHAS-PELE,MANCHAS-PELE
24-05-2024_18-31-50_p0031_s85_b2_CONV--ZED-RGB.mpeg,85,UM SEMANA,UM SEMANA
24-05-2024_18-57-16_p0031_s130_b2_CONV--ZED-RGB.mpeg,130,CORPO ESFORÇAR,CORPO ESFORÇAR
24-07-2024_14-24-05_p0041_s42_b1_CONV--ZED-RGB.mpeg,42,COBRA PICAR,COBRA PICAR
20-05-2024_15-19-25_p0023_s94_b2_CONV--ZED-RGB.mpeg,94,DOR OUVIDO-DIREITO OUVIDO-ESQUERDO,DOR OUVIDO-DIREITO OUVIDO-ESQUERDO
30-01-2024_11-16-23_p11_s49--zed-rgb.mpeg,49,XIXI POUCO,XIXI POUCO
16-04-2024_15-50-45_p0016_s192_b3_CONV--ZED-RGB.mpeg,192,FICAR-EM-PÉ SENTAR DEITAR DOR PIORAR SIM,FICAR-EM-PÉ SENTAR DEITAR DOR PIORAR SIM
26-03-2024_16-27-40_p0022_sP23.1_b4_CONV--ZED-RGB.mpeg,P23.1,VOCÊ FUMAR,VOCÊ FUMAR
22-04-2024_09-11-13_p0025_s163_b3_CONV--ZED-RGB.mpeg,163,TOMAR-BANHO CORPO PIOR NÃO,TOMAR-BANHO CORPO PIOR NÃO
03-04-2024_15-53-20_p0023_s245_b4_CONV--ZED-RGB.mpeg,245,ÁCARO ALERGIA,ÁCARO ALERGIA
27-03-2024_15-22-49_p0015_s123_b2_CONV--ZED-RGB.mpeg,123,ZUMBIDO OUVIDO,ZUMBIDO OUVIDO
24-05-2024_19-10-35_p0031_s148.16_b2_CONV--ZED-RGB.mpeg,148.16,P,P
24-04-2024_15-23-20_p0027_s165_b3_CONV--ZED-RGB.mpeg,165,DEITAR CALMA PIOR NÃO,DEITAR CALMA PIOR NÃO
02-04-2024_15-54-44_p0021_sP17.4_b3_CONV--ZED-RGB.mpeg,P17.4,VOCÊ TRAZER CARTÃO-DE-VACINA,VOCÊ TRAZER CARTÃO-DE-VACINA
18-04-2024_10-12-16_p0025_s13_b1_CONV--ZED-RGB.mpeg,13,DOR PERNA,DOR PERNA
09-05-2024_14-20-43_p0033_s94_b2_CONV--ZED-RGB.mpeg,94,DOR OUVIDO-DIREITO OUVIDO-ESQUERDO,DOR OUVIDO-DIREITO OUVIDO-ESQUERDO
26-04-2024_15-00-18_p0028_s56_b1_CONV--ZED-RGB.mpeg,56,VERMELHO FEZES,VERMELHO FEZES
05-06-2024_15-00-14_p0037_sP18.1_b4_CONV--ZED-RGB.mpeg,P18.1,ENJOAR O-U VOMITAR,ENJOAR O-U VOMITAR
02-05-2024_16-14-10_p0026_s271_b4_CONV--ZED-RGB.mpeg,271,CHAMPANHE,CHAMPANHE
26-03-2024_15-40-21_p0022_s194_b3_CONV--ZED-RGB.mpeg,194,TOSSE SECO,TOSSE SECO
17-07-2024_14-51-47_p0041_s148.18_b2_CONV--ZED-RGB.mpeg,148.18,R,R
20-05-2024_12-10-21_p0034_s226_b4_CONV--ZED-RGB.mpeg,226,PRESSÃO ALTO,PRESSÃO ALTO
21-02-2024_15-21-12_p0016_s92_b2_CONV--zed-rgb.mpeg,92,DOR TESTA,DOR TESTA
05-06-2024_15-16-51_p0037_s238_b4_CONV--ZED-RGB.mpeg,238,SUAR TIREÓIDE DIMINUIR,SUAR TIREÓIDE DIMINUIR
27-05-2024_16-58-47_p0032_s66_b1_CONV--ZED-RGB.mpeg,66,VAGINA VERMELHO SANGRAR,VAGINA VERMELHO SANGRAR
03-05-2024_14-25-47_p0027_s148.14_b2_CONV--ZED-RGB.mpeg,148.14,N,N
18-04-2024_15-27-12_p0026_s101_b2_CONV--ZED-RGB.mpeg,101,DOR OMBROS,DOR OMBROS
27-05-2024_16-42-25_p0032_s28_b1_CONV--ZED-RGB.mpeg,28,NARIZ-LADOS FECHAR,NARIZ-LADOS FECHAR
07-05-2024_15-11-14_p0027_s56_b1_CONV--ZED-RGB.mpeg,56,VERMELHO FEZES,VERMELHO FEZES
27-05-2024_16-46-48_p0032_s40_b1_CONV--ZED-RGB.mpeg,40,CACHORRO MORDER,CACHORRO MORDER
22-04-2024_09-13-15_p0025_sP09.6_b3_CONV--ZED-RGB.mpeg,P9.6,SUBIR-ESCADA FÍSICO PIOR,SUBIR-ESCADA FÍSICO PIOR
12-03-2024_14-20-45_p0022_s12_b1_CONV--zed-rgb.mpeg,12,DOR BRAÇO,DOR BRAÇO
16-04-2024_10-35-58_p0025_s236_b4_CONV--ZED-RGB.mpeg,236,FÍGADO INFLAMADO,FÍGADO INFLAMADO
02-04-2024_15-02-02_p0021_s159_b3_CONV--ZED-RGB.mpeg,159,SUBIR-MORRO CORPO PIOR NÃO,SUBIR-MORRO CORPO PIOR NÃO
18-03-2024_15-33-21_p0020_s50_b1_CONV--ZED-RGB.mpeg,50,TODA-HORA URINAR,TODA-HORA URINAR
19-06-2024_10-08-49_p0036_s42_b1_CONV--ZED-RGB.mpeg,42,COBRA PICAR,COBRA PICAR
09-05-2024_14-52-48_p0033_s135_b2_CONV--ZED-RGB.mpeg,135,ENGOLIR,ENGOLIR
28-02-2024_16-33-30_p0011_s119_b2_CONV--zed-rgb.mpeg,119,SENTIR MAL,SENTIR MAL
25-03-2024_16-16-04_p0020_s106_b2_CONV--ZED-RGB.mpeg,106,DOR PULSAR,DOR PULSAR
22-01-2024_16-53-39_p9_s180--zed-rgb.mpeg,180,NUCA DOR ESPALHAR,NUCA DOR ESPALHAR
11-06-2024_14-38-20_p0035_s148.13_b2_CONV--ZED-RGB.mpeg,148.13,M,M
17-07-2024_14-33-55_p0041_s129_b2_CONV--ZED-RGB.mpeg,129,LOCAIS LUZ-FORTE,LOCAIS LUZ-FORTE
28-02-2024_16-19-27_p0011_s101_b2_CONV--zed-rgb.mpeg,101,DOR OMBROS,DOR OMBROS
17-06-2024_15-59-06_p0019_s150_b2_CONV--ZED-RGB.mpeg,150,ENTENDER,ENTENDER
10-05-2024_15-21-03_p0033_s229_b4_CONV--ZED-RGB.mpeg,229,CÂNCER,CÂNCER
13-05-2024_16-32-23_p0028_sP17.2_b3_CONV--ZED-RGB.mpeg,P17.2,QUANTOS VACINAR,QUANTOS VACINAR
27-05-2024_15-59-05_p0032_s196_b3_CONV--ZED-RGB.mpeg,196,TOSSE CATARRO COLA,TOSSE CATARRO COLA
29-02-2024_13-39-24_p0010_s7_b1_CONV--zed-rgb.mpeg,7,DOR PEITO,DOR PEITO
29-04-2024_11-31-33_p0029_s97_b2_CONV--ZED-RGB.mpeg,97,DOR LADOS-BARRIGA,DOR LADOS-BARRIGA
05-06-2024_15-30-10_p0037_s261_b4_CONV--ZED-RGB.mpeg,261,UM ANO,UM ANO
08-06-2024_10-35-29_p0031_s45_b1_CONV--ZED-RGB.mpeg,45,PROBLEMA OLHOS,PROBLEMA OLHOS
10-05-2024_16-44-44_p0033_s55_b1_CONV--ZED-RGB.mpeg,55,VERMELHO NARIZ-SANGRAR GRIPE,VERMELHO NARIZ-SANGRAR GRIPE
10-05-2024_08-42-52_p0030_s174_b3_CONV--ZED-RGB.mpeg,174,TRÊS-VEZES DIA,TRÊS-VEZES DIA
20-05-2024_11-43-02_p0034_s50_b1_CONV--ZED-RGB.mpeg,50,TODA-HORA URINAR,TODA-HORA URINAR
17-07-2024_14-31-09_p0041_s123_b2_CONV--ZED-RGB.mpeg,123,ZUMBIDO OUVIDO,ZUMBIDO OUVIDO
28-02-2024_16-59-33_p0011_s148.22_b2_CONV--zed-rgb.mpeg,148.22,V,V
08-05-2024_15-32-16_p0033_s170.8_b3_CONV--ZED-RGB.mpeg,170.8,8,8
16-04-2024_10-37-59_p0025_s240_b4_CONV--ZED-RGB.mpeg,240,VÍCIO FUMAR,VÍCIO FUMAR
30-04-2024_13-01-25_p0024_s82_b2_CONV--ZED-RGB.mpeg,82,SEIS HORAS,SEIS HORAS
26-04-2024_14-33-29_p0028_s7_b1_CONV--ZED-RGB.mpeg,7,DOR PEITO,DOR PEITO
19-07-2024_14-37-16_p0040_s149_b2_CONV--ZED-RGB.mpeg,149,DEVAGAR,DEVAGAR
24-01-2024_17-25-35_p10_s258--zed-rgb.mpeg,258,ALERGIA NENHUM,ALERGIA NENHUM
27-03-2024_16-29-43_p0015_s75_b1_CONV--ZED-RGB.mpeg,75,TOSSIR,TOSSIR
16-05-2024_14-28-23_p0034_s97_b2_CONV--ZED-RGB.mpeg,97,DOR LADOS-BARRIGA,DOR LADOS-BARRIGA
27-05-2024_16-08-07_p0032_sP21.1_b3_CONV--ZED-RGB.mpeg,P21.1,DOCUMENTO REMÉDIO VOCÊ TRAZER,DOCUMENTO REMÉDIO VOCÊ TRAZER
05-06-2024_15-04-51_p0037_s215_b4_CONV--ZED-RGB.mpeg,215,FEZES-LÍQUIDAS BORBULHAR,FEZES-LÍQUIDAS BORBULHAR
06-05-2024_15-24-59_p0032_s222_b4_CONV--ZED-RGB.mpeg,222,DOR-BARRIGA NENHUM,DOR-BARRIGA NENHUM
16-05-2024_15-04-52_p0034_s148.4_b2_CONV--ZED-RGB.mpeg,148.4,D,D
24-07-2024_14-20-50_p0041_s34_b1_CONV--ZED-RGB.mpeg,34,FEBRE,FEBRE
05-06-2024_10-32-34_p0036_s273_b4_CONV--ZED-RGB.mpeg,273,UM LATA UMA-VEZ SEMANA,UM LATA UMA-VEZ SEMANA
19-06-2024_10-07-27_p0036_s39_b1_CONV--ZED-RGB.mpeg,39,MORDER,MORDER
30-01-2024_15-07-09_p12_s148.21--zed-rgb.mpeg,148.21,U,U
17-06-2024_15-04-04_p0019_s108_b2_CONV--ZED-RGB.mpeg,108,DOR LEVE,DOR LEVE
30-04-2024_13-46-15_p0024_s148.10_b2_CONV--ZED-RGB.mpeg,148.10,J,J
18-03-2024_11-37-57_p0013_s266_b4_CONV--ZED-RGB.mpeg,266,DOSE ÁLCOOL,DOSE ÁLCOOL
02-05-2024_16-01-16_p0026_s251_b4_CONV--ZED-RGB.mpeg,251,ALERGIA GRUPO BORRACHA,ALERGIA GRUPO BORRACHA
05-06-2024_15-02-46_p0037_s211_b4_CONV--ZED-RGB.mpeg,211,FRAGMENTOS MISTURAR MOLE,FRAGMENTOS MISTURAR MOLE
10-05-2024_16-09-44_p0033_s276_b4_CONV--ZED-RGB.mpeg,276,GARRAFA UMA-VEZ SEMANA,GARRAFA UMA-VEZ SEMANA
29-04-2024_11-42-04_p0029_sP07_b2_CONV--ZED-RGB.mpeg,P7,SENTIR JUNTO ITENS MAIS TER,SENTIR JUNTO ITENS MAIS TER
22-02-2024_14-08-13_p0018_s101_b2_CONV--zed-rgb.mpeg,101,DOR OMBROS,DOR OMBROS
07-05-2024_14-57-11_p0027_s14_b1_CONV--ZED-RGB.mpeg,14,DOR PERNA ATRÁS,DOR PERNA ATRÁS
07-05-2024_15-19-20_p0027_s75_b1_CONV--ZED-RGB.mpeg,75,TOSSIR,TOSSIR
22-02-2024_11-42-17_p0017_s229_b4_CONV--zed-rgb.mpeg,229,CÂNCER,CÂNCER
05-06-2024_10-35-58_p0036_s278_b4_CONV--ZED-RGB.mpeg,278,UMA-DOSE TOMAR TODO-DIA,UMA-DOSE TOMAR TODO-DIA
15-05-2024_15-45-25_p0032_sP06.5_b2_CONV--ZED-RGB.mpeg,P6.5,DOR IGUAL FINCADA,DOR IGUAL FINCADA
30-01-2024_14-53-29_p12_s138--zed-rgb.mpeg,138,APERTAR,APERTAR
08-04-2024_16-15-42_p0021_s148.23_b2_CONV--ZED-RGB.mpeg,148.23,W,W
25-03-2024_15-42-08_p0020_s240_b4_CONV--ZED-RGB.mpeg,240,VÍCIO FUMAR,VÍCIO FUMAR
22-02-2024_14-24-15_p0018_s133_b2_CONV--zed-rgb.mpeg,133,MASTIGAR,MASTIGAR
17-06-2024_15-36-59_p0019_s148.19_b2_CONV--ZED-RGB.mpeg,148.19,S,S
19-07-2024_15-41-56_p0040_s57_b1_CONV--ZED-RGB.mpeg,57,TONTEIRA,TONTEIRA
12-03-2024_10-42-08_p0021_sP22.3_b4_CONV--zed-rgb.mpeg,P22.3,QUAL MEDICAMENTO,QUAL MEDICAMENTO
08-06-2024_10-29-09_p0031_s30_b1_CONV--ZED-RGB.mpeg,30,FERIR PELE,FERIR PELE
16-04-2024_15-32-57_p0016_s170.8_b3_CONV--ZED-RGB.mpeg,170.8,8,8
12-06-2024_17-13-19_p0038_sP09.1_b3_CONV--ZED-RGB.mpeg,P9.1,PEITO DOR O-U FALTAR A-R INSPIRAR PIORAR MOMENTO FÍSICO ESFORÇAR,PEITO DOR O-U FALTAR A-R INSPIRAR PIORAR MOMENTO FÍSICO ESFORÇAR
02-05-2024_15-56-48_p0026_s236_b4_CONV--ZED-RGB.mpeg,236,FÍGADO INFLAMADO,FÍGADO INFLAMADO
02-05-2024_15-15-16_p0026_sP15.1_b3_CONV--ZED-RGB.mpeg,P15.1,TER TOSSE,TER TOSSE
19-07-2024_15-36-17_p0040_s47_b1_CONV--ZED-RGB.mpeg,47,XIXI SENTIR IGUAL QUENTE,XIXI SENTIR IGUAL QUENTE
18-04-2024_10-11-09_p0025_s10_b1_CONV--ZED-RGB.mpeg,10,DOR BARRIGA,DOR BARRIGA
26-03-2024_15-13-45_p0022_s170.1_b3_CONV--ZED-RGB.mpeg,170.1,1,1
17-07-2024_14-44-21_p0041_s154_b2_CONV--ZED-RGB.mpeg,154,PARAR,PARAR
10-05-2024_10-02-34_p0030_s268_b4_CONV--ZED-RGB.mpeg,268,UÍSQUE,UÍSQUE
30-01-2024_11-04-59_p11_s12--zed-rgb.mpeg,12,DOR BRAÇO,DOR BRAÇO
11-06-2024_14-31-47_p0035_s144_b2_CONV--ZED-RGB.mpeg,144,ÁGUA FRIO COLOCAR-BRAÇO,ÁGUA FRIO COLOCAR-BRAÇO
15-05-2024_16-18-06_p0032_s145_b2_CONV--ZED-RGB.mpeg,145,ÁGUA QUENTE COLOCAR-BRAÇO,ÁGUA QUENTE COLOCAR-BRAÇO
18-04-2024_15-21-26_p0026_s85_b2_CONV--ZED-RGB.mpeg,85,UM SEMANA,UM SEMANA
02-04-2024_15-22-39_p0021_s171_b3_CONV--ZED-RGB.mpeg,171,UMA-VEZ,UMA-VEZ
15-05-2024_16-14-59_p0032_sP08.2_b2_CONV--ZED-RGB.mpeg,P8.2,SENTIR DOR DEPOIS DESAPARECER ENTÃO,SENTIR DOR DEPOIS DESAPARECER ENTÃO
12-03-2024_10-24-57_p0021_s227_b4_CONV--zed-rgb.mpeg,227,ASMA,ASMA
18-06-2024_15-27-49_p0028_s140_b2_CONV--ZED-RGB.mpeg,140,PERNAS MEXER-PERNAS,PERNAS MEXER-PERNAS
09-05-2024_14-15-49_p0033_sP05_b2_CONV--ZED-RGB.mpeg,P5,POR-QUE PROCURAR VIR HOJE TER PIORAR,POR-QUE PROCURAR VIR HOJE TER PIORAR
10-05-2024_08-44-48_p0030_s177_b3_CONV--ZED-RGB.mpeg,177,UM ANO,UM ANO
03-05-2024_14-07-42_p0027_s106_b2_CONV--ZED-RGB.mpeg,106,DOR PULSAR,DOR PULSAR
29-04-2024_16-50-59_p0024_s46_b1_CONV--ZED-RGB.mpeg,46,PROBLEMA OUVIDOS,PROBLEMA OUVIDOS
19-06-2024_10-22-40_p0036_s67_b1_CONV--ZED-RGB.mpeg,67,VOMITAR TER VERMELHO,VOMITAR TER VERMELHO
30-04-2024_13-53-54_p0024_s155_b2_CONV--ZED-RGB.mpeg,155,PARAR,PARAR
17-07-2024_14-23-47_p0041_s109_b2_CONV--ZED-RGB.mpeg,109,DOR MUITO-FORTE,DOR MUITO-FORTE
29-04-2024_11-30-19_p0029_s93_b2_CONV--ZED-RGB.mpeg,93,DOR NUCA,DOR NUCA
11-06-2024_14-16-46_p0035_sP06.6_b2_CONV--ZED-RGB.mpeg,P6.6,DOR IGUAL SENTIR CHOQUE,DOR IGUAL SENTIR CHOQUE
29-02-2024_14-13-09_p0010_s64_b1_CONV--zed-rgb.mpeg,64,QUASE CABEÇA-SAIR NASCER,QUASE CABEÇA-SAIR NASCER
11-06-2024_14-19-45_p0035_s121_b2_CONV--ZED-RGB.mpeg,121,VER MANCHAS,VER MANCHAS
16-04-2024_10-54-35_p0025_s268_b4_CONV--ZED-RGB.mpeg,268,UÍSQUE,UÍSQUE
18-06-2024_15-10-30_p0028_sP06.5_b2_CONV--ZED-RGB.mpeg,P6.5,DOR IGUAL FINCADA,DOR IGUAL FINCADA
26-03-2024_15-19-41_p0022_s174_b3_CONV--ZED-RGB.mpeg,174,TRÊS-VEZES DIA,TRÊS-VEZES DIA
20-05-2024_12-35-23_p0034_s274_b4_CONV--ZED-RGB.mpeg,274,DOIS LATAS DUAS-VEZES SEMANA,DOIS LATAS DUAS-VEZES SEMANA
22-04-2024_09-39-58_p0025_s198_b3_CONV--ZED-RGB.mpeg,198,CATARRO COLA BRANCO,CATARRO COLA BRANCO
22-04-2024_09-47-46_p0025_s243_b3_CONV--ZED-RGB.mpeg,243,NÃO TRAZER RECEITA REMÉDIO NENHUM,NÃO TRAZER RECEITA REMÉDIO NENHUM
19-07-2024_14-38-57_p0040_s153_b2_CONV--ZED-RGB.mpeg,153,REPETIR POR-FAVOR,REPETIR POR-FAVOR
19-06-2024_16-40-02_p0023_s52_b1_CONV--ZED-RGB.mpeg,52,XIXI ESPUMAR,XIXI ESPUMAR
25-03-2024_16-31-20_p0020_s136_b2_CONV--ZED-RGB.mpeg,136,ANDAR,ANDAR
26-03-2024_16-31-44_p0022_s265_b4_CONV--ZED-RGB.mpeg,265,VINHO,VINHO
24-07-2024_14-39-50_p0041_s80_b1_CONV--ZED-RGB.mpeg,80,SENTADO EM-PÉ,SENTADO EM-PÉ
23-04-2024_11-38-04_p0024_sP22.3_b4_CONV--ZED-RGB.mpeg,P22.3,QUAL MEDICAMENTO,QUAL MEDICAMENTO
23-05-2024_15-25-37_p0035_s242_b3_CONV--ZED-RGB.mpeg,242,EU USAR REMÉDIO,EU USAR REMÉDIO
29-04-2024_16-53-51_p0024_s53_b1_CONV--ZED-RGB.mpeg,53,XIXI VERMELHO,XIXI VERMELHO
19-06-2024_10-06-21_p0036_s37_b1_CONV--ZED-RGB.mpeg,37,VERMELHO SANGUE DOCE BAIXO-ALTO,VERMELHO SANGUE DOCE BAIXO-ALTO
30-04-2024_13-07-01_p0024_s90_b2_CONV--ZED-RGB.mpeg,90,DOR OUVIDO,DOR OUVIDO
13-03-2024_15-39-58_p0014_sP18.3_b4_CONV--zed-rgb.mpeg,P18.3,COMO FEZES COMO,COMO FEZES COMO
26-08-2024_15-25-40_p0019_s29_b1_CONV--ZED-RGB.mp4,29,INCHAR,INCHAR
10-05-2024_16-10-37_p0033_s278_b4_CONV--ZED-RGB.mpeg,278,UMA-DOSE TOMAR TODO-DIA,UMA-DOSE TOMAR TODO-DIA
29-04-2024_11-36-13_p0029_sP06.2_b2_CONV--ZED-RGB.mpeg,P6.2,COMO DOR,COMO DOR
20-05-2024_12-12-46_p0034_s232_b4_CONV--ZED-RGB.mpeg,232,ANSIEDADE,ANSIEDADE
09-05-2024_14-55-18_p0033_s139_b2_CONV--ZED-RGB.mpeg,139,BRAÇO MEXER-BRAÇO,BRAÇO MEXER-BRAÇO
16-07-2024_16-36-14_p0039_sP22.1_b4_CONV--ZED-RGB.mpeg,P22.1,VOCÊ TER ALERGIA ENTÃO,VOCÊ TER ALERGIA ENTÃO
22-04-2024_09-19-06_p0025_s170.5_b3_CONV--ZED-RGB.mpeg,170.5,5,5
07-05-2024_14-54-53_p0027_s7_b1_CONV--ZED-RGB.mpeg,7,DOR PEITO,DOR PEITO
23-04-2024_15-03-52_p0026_s9_b1_CONV--ZED-RGB.mpeg,9,DOR LOMBAR,DOR LOMBAR
22-04-2024_09-38-41_p0025_s196_b3_CONV--ZED-RGB.mpeg,196,TOSSE CATARRO COLA,TOSSE CATARRO COLA
17-06-2024_14-55-56_p0019_s95_b2_CONV--ZED-RGB.mpeg,95,DOR OLHOS,DOR OLHOS
08-04-2024_16-36-41_p0021_s13_b1_CONV--ZED-RGB.mpeg,13,DOR PERNA,DOR PERNA
20-05-2024_16-05-10_p0023_s148.11_b2_CONV--ZED-RGB.mpeg,148.11,K,K
16-04-2024_10-59-39_p0025_s277_b4_CONV--ZED-RGB.mpeg,277,DOIS GARRAFAS DUAS-VEZES SEMANA,DOIS GARRAFAS DUAS-VEZES SEMANA
18-06-2024_15-02-29_p0028_s103_b2_CONV--ZED-RGB.mpeg,103,DOR JOELHO-DIREITO JOELHO-ESQUERDO,DOR JOELHO-DIREITO JOELHO-ESQUERDO
11-06-2024_14-20-55_p0035_s124_b2_CONV--ZED-RGB.mpeg,124,GASES,GASES
27-05-2024_16-45-17_p0032_s36_b1_CONV--ZED-RGB.mpeg,36,SUAR SUAR SUAR,SUAR SUAR SUAR
08-06-2024_10-25-12_p0031_s18_b1_CONV--ZED-RGB.mpeg,18,DIFÍCIL RESPIRAR,DIFÍCIL RESPIRAR
11-05-2024_10-12-17_p0034_sP21.2_b3_CONV--ZED-RGB.mpeg,P21.2,USAR REMÉDIO,USAR REMÉDIO
24-05-2024_19-16-09_p0031_s157_b2_CONV--ZED-RGB.mpeg,157,CONTINUAR,CONTINUAR
29-04-2024_16-29-09_p0024_s10_b1_CONV--ZED-RGB.mpeg,10,DOR BARRIGA,DOR BARRIGA
13-05-2024_15-57-20_p0028_s173_b3_CONV--ZED-RGB.mpeg,173,SEMPRE SEMPRE,SEMPRE SEMPRE
17-06-2024_15-31-13_p0019_s148.3_b2_CONV--ZED-RGB.mpeg,148.3,C,C
20-05-2024_12-20-22_p0034_s251_b4_CONV--ZED-RGB.mpeg,251,ALERGIA GRUPO BORRACHA,ALERGIA GRUPO BORRACHA
12-06-2024_16-07-11_p0038_sP09.7_b3_CONV--ZED-RGB.mpeg,P9.7,TOMAR-REMÉDIO AJUDAR CURAR PEITO DOR O-U FALTAR A-R ENTÃO,TOMAR-REMÉDIO AJUDAR CURAR PEITO DOR O-U FALTAR A-R ENTÃO
29-04-2024_11-59-45_p0029_s148.13_b2_CONV--ZED-RGB.mpeg,148.13,M,M
18-04-2024_10-22-35_p0025_s38_b1_CONV--ZED-RGB.mpeg,38,TENTAR SUICIDAR,TENTAR SUICIDAR
18-03-2024_15-12-33_p0020_s1_b1_CONV--ZED-RGB.mpeg,1,CONFUSÃO-MENTAL PERCEPÇÃO ESQUECER,CONFUSÃO-MENTAL PERCEPÇÃO ESQUECER
18-04-2024_15-43-47_p0026_s144_b2_CONV--ZED-RGB.mpeg,144,ÁGUA FRIO COLOCAR-BRAÇO,ÁGUA FRIO COLOCAR-BRAÇO
08-05-2024_15-39-19_p0033_s175_b3_CONV--ZED-RGB.mpeg,175,DOIS SEMANA,DOIS SEMANA
03-04-2024_16-10-56_p0023_s276_b4_CONV--ZED-RGB.mpeg,276,GARRAFA UMA-VEZ SEMANA,GARRAFA UMA-VEZ SEMANA
24-04-2024_15-12-46_p0027_sP09.2_b3_CONV--ZED-RGB.mpeg,P9.2,SUBIR-MORRO FÍSICO PIOR,SUBIR-MORRO FÍSICO PIOR
23-04-2024_15-24-24_p0026_s52_b1_CONV--ZED-RGB.mpeg,52,XIXI ESPUMAR,XIXI ESPUMAR
30-01-2024_11-05-14_p11_s13--zed-rgb.mpeg,13,DOR PERNA,DOR PERNA
17-07-2024_14-49-44_p0041_s148.11_b2_CONV--ZED-RGB.mpeg,148.11,K,K
23-04-2024_15-35-54_p0026_s80_b1_CONV--ZED-RGB.mpeg,80,SENTADO EM-PÉ,SENTADO EM-PÉ
29-02-2024_13-44-06_p0010_s16_b1_CONV--zed-rgb.mpeg,16,RESPIRAR FALTAR,RESPIRAR FALTAR
17-06-2024_15-03-30_p0019_s107_b2_CONV--ZED-RGB.mpeg,107,DOR PROFUNDO,DOR PROFUNDO
10-05-2024_08-45-10_p0030_s178_b3_CONV--ZED-RGB.mpeg,178,CINCO ANO,CINCO ANO
20-05-2024_11-23-30_p0034_s9_b1_CONV--ZED-RGB.mpeg,9,DOR LOMBAR,DOR LOMBAR
19-07-2024_15-48-47_p0040_s68_b1_CONV--ZED-RGB.mpeg,68,15 MINUTO,15 MINUTO
10-05-2024_09-43-29_p0030_s226_b4_CONV--ZED-RGB.mpeg,226,PRESSÃO ALTO,PRESSÃO ALTO
30-01-2024_14-54-11_p12_s141--zed-rgb.mpeg,141,MEXER-PESCOÇO,MEXER-PESCOÇO
24-01-2024_17-14-37_p10_s233--zed-rgb.mpeg,233,A-V-C,A-V-C
10-05-2024_09-15-41_p0030_s242_b3_CONV--ZED-RGB.mpeg,242,EU USAR REMÉDIO,EU USAR REMÉDIO
10-05-2024_16-31-30_p0033_s23_b1_CONV--ZED-RGB.mpeg,23,TONTURA-ENJOO,TONTURA-ENJOO
19-07-2024_15-40-36_p0040_s54_b1_CONV--ZED-RGB.mpeg,54,VERMELHO SANGRAR-BOCA,VERMELHO SANGRAR-BOCA
23-05-2024_15-23-28_p0035_sP20_b3_CONV--ZED-RGB.mpeg,P20,VOCÊ TER RELATÓRIO AO-LONGO-DO-TEMPO,VOCÊ TER RELATÓRIO AO-LONGO-DO-TEMPO
08-05-2024_09-38-57_p0030_s107_b2_CONV--ZED-RGB.mpeg,107,DOR PROFUNDO,DOR PROFUNDO
11-05-2024_09-52-58_p0034_s186_b3_CONV--ZED-RGB.mpeg,186,COSTAS DOR ESPALHAR,COSTAS DOR ESPALHAR
17-06-2024_15-11-44_p0019_sP06.6_b2_CONV--ZED-RGB.mpeg,P6.6,DOR IGUAL SENTIR CHOQUE,DOR IGUAL SENTIR CHOQUE
30-01-2024_11-17-31_p11_s53--zed-rgb.mpeg,53,XIXI VERMELHO,XIXI VERMELHO
16-04-2024_15-30-37_p0016_s170.0_b3_CONV--ZED-RGB.mpeg,170.0,0,0
20-05-2024_11-30-17_p0034_s24_b1_CONV--ZED-RGB.mpeg,24,VOMITAR,VOMITAR
09-05-2024_14-29-02_p0033_sP06.2_b2_CONV--ZED-RGB.mpeg,P6.2,COMO DOR,COMO DOR
10-05-2024_16-25-25_p0033_s7_b1_CONV--ZED-RGB.mpeg,7,DOR PEITO,DOR PEITO
03-05-2024_18-53-55_p0031_sP13.2_b3_CONV--ZED-RGB.mpeg,P13.2,MOMENTO FICAR-EM-PÉ SENTAR DEITAR DOR PIORAR,MOMENTO FICAR-EM-PÉ SENTAR DEITAR DOR PIORAR
10-05-2024_08-58-00_p0030_s193_b3_CONV--ZED-RGB.mpeg,193,FICAR-EM-PÉ SENTAR DEITAR DOR PIORAR NÃO,FICAR-EM-PÉ SENTAR DEITAR DOR PIORAR NÃO
27-05-2024_15-43-04_p0032_s182_b3_CONV--ZED-RGB.mpeg,182,QUEIXO DOR ESPALHAR,QUEIXO DOR ESPALHAR
05-06-2024_15-17-19_p0037_s239_b4_CONV--ZED-RGB.mpeg,239,VÍCIO BEBER ÁLCOOL,VÍCIO BEBER ÁLCOOL
17-06-2024_15-35-27_p0019_s148.15_b2_CONV--ZED-RGB.mpeg,148.15,O,O
03-05-2024_08-35-05_p0030_s22_b1_CONV--ZED-RGB.mpeg,22,EVACUAR MOLE VERMELHO,EVACUAR MOLE VERMELHO
06-05-2024_15-16-17_p0032_s214_b4_CONV--ZED-RGB.mpeg,214,FEZES-LÍQUIDAS BRILHANTE,FEZES-LÍQUIDAS BRILHANTE
13-03-2024_15-16-58_p0014_s134_b2_CONV--zed-rgb.mpeg,134,MASTIGAR,MASTIGAR
19-03-2024_15-42-17_p0022_s148.10_b2_CONV--ZED-RGB.mpeg,148.10,J,J
26-03-2024_16-09-01_p0022_s219_b4_CONV--ZED-RGB.mpeg,219,FEZES-LÍQUIDAS RESTOS COMIDA,FEZES-LÍQUIDAS RESTOS COMIDA
25-03-2024_16-32-23_p0020_s139_b2_CONV--ZED-RGB.mpeg,139,BRAÇO MEXER-BRAÇO,BRAÇO MEXER-BRAÇO
11-05-2024_09-27-56_p0034_s162_b3_CONV--ZED-RGB.mpeg,162,TOMAR-BANHO CORPO PIOR,TOMAR-BANHO CORPO PIOR
13-03-2024_15-47-55_p0014_s220_b4_CONV--zed-rgb.mpeg,220,TER M-U-C-O COLA,TER M-U-C-O COLA
20-02-2024_16-48-57_p0015_s256_b4_CONV--zed-rgb.mpeg,256,ALERGIA AMENDOIM,ALERGIA AMENDOIM
24-07-2024_15-28-30_p0041_s277_b4_CONV--ZED-RGB.mpeg,277,DOIS GARRAFAS DUAS-VEZES SEMANA,DOIS GARRAFAS DUAS-VEZES SEMANA
08-06-2024_10-38-42_p0031_s53_b1_CONV--ZED-RGB.mpeg,53,XIXI VERMELHO,XIXI VERMELHO
23-04-2024_15-15-54_p0026_s31_b1_CONV--ZED-RGB.mpeg,31,MANCHAS-PELE,MANCHAS-PELE
10-05-2024_09-49-13_p0030_sP22.1_b4_CONV--ZED-RGB.mpeg,P22.1,VOCÊ TER ALERGIA ENTÃO,VOCÊ TER ALERGIA ENTÃO
21-02-2024_15-26-46_p0016_s107_b2_CONV--zed-rgb.mpeg,107,DOR PROFUNDO,DOR PROFUNDO
21-02-2024_15-45-14_p0016_s126_b2_CONV--zed-rgb.mpeg,126,BEBER ÁLCOOL,BEBER ÁLCOOL
26-03-2024_15-44-04_p0022_s201_b3_CONV--ZED-RGB.mpeg,201,CATARRO COLA VERMELHO,CATARRO COLA VERMELHO
18-06-2024_15-41-14_p0028_s148.22_b2_CONV--ZED-RGB.mpeg,148.22,V,V
18-04-2024_15-24-57_p0026_s94_b2_CONV--ZED-RGB.mpeg,94,DOR OUVIDO-DIREITO OUVIDO-ESQUERDO,DOR OUVIDO-DIREITO OUVIDO-ESQUERDO
25-03-2024_16-40-42_p0020_s148.16_b2_CONV--ZED-RGB.mpeg,148.16,P,P
03-05-2024_19-03-29_p0031_s205_b3_CONV--ZED-RGB.mpeg,205,TRÊS VACINA,TRÊS VACINA
11-06-2024_14-29-51_p0035_s141_b2_CONV--ZED-RGB.mpeg,141,MEXER-PESCOÇO,MEXER-PESCOÇO
16-04-2024_15-49-17_p0016_s191_b3_CONV--ZED-RGB.mpeg,191,MOMENTO APERTAR-BRAÇO DOR PIORAR NÃO,MOMENTO APERTAR-BRAÇO DOR PIORAR NÃO
29-02-2024_13-52-32_p0010_s28_b1_CONV--zed-rgb.mpeg,28,NARIZ-LADOS FECHAR,NARIZ-LADOS FECHAR
10-05-2024_09-33-30_p0030_sP18.3_b4_CONV--ZED-RGB.mpeg,P18.3,COMO FEZES COMO,COMO FEZES COMO
11-06-2024_14-45-54_p0035_s155_b2_CONV--ZED-RGB.mpeg,155,PARAR,PARAR
10-05-2024_15-19-59_p0033_s227_b4_CONV--ZED-RGB.mpeg,227,ASMA,ASMA
08-04-2024_16-11-11_p0021_s148.13_b2_CONV--ZED-RGB.mpeg,148.13,M,M
10-05-2024_10-06-13_p0030_s276_b4_CONV--ZED-RGB.mpeg,276,GARRAFA UMA-VEZ SEMANA,GARRAFA UMA-VEZ SEMANA
21-02-2024_15-43-39_p0016_s124_b2_CONV--zed-rgb.mpeg,124,GASES,GASES
22-02-2024_11-59-17_p0017_s282_b4_CONV--zed-rgb.mpeg,282,UM COPO CHEIO TODO-DIA,UM COPO CHEIO TODO-DIA
02-04-2024_15-29-08_p0021_sP11.5_b3_CONV--ZED-RGB.mpeg,P11.5,PERÍODO DOR TER AUMENTAR,PERÍODO DOR TER AUMENTAR
19-03-2024_15-03-58_p0022_s100_b2_CONV--ZED-RGB.mpeg,100,DOR VIRILHA,DOR VIRILHA
17-06-2024_15-24-20_p0019_s139_b2_CONV--ZED-RGB.mpeg,139,BRAÇO MEXER-BRAÇO,BRAÇO MEXER-BRAÇO
08-06-2024_10-47-26_p0031_s70_b1_CONV--ZED-RGB.mpeg,70,1-HORA,1-HORA
25-03-2024_16-36-36_p0020_s148.2_b2_CONV--ZED-RGB.mpeg,148.2,B,B
16-04-2024_15-41-07_p0016_s180_b3_CONV--ZED-RGB.mpeg,180,NUCA DOR ESPALHAR,NUCA DOR ESPALHAR
05-03-2024_10-23-58_p0014_s9_b1_CONV--zed-rgb.mpeg,9,DOR LOMBAR,DOR LOMBAR
05-06-2024_10-19-28_p0036_s258_b4_CONV--ZED-RGB.mpeg,258,ALERGIA NENHUM,ALERGIA NENHUM
10-05-2024_16-29-11_p0033_s17_b1_CONV--ZED-RGB.mpeg,17,CHIAR,CHIAR
27-05-2024_16-06-20_p0032_sP17.4_b3_CONV--ZED-RGB.mpeg,P17.4,VOCÊ TRAZER CARTÃO-DE-VACINA,VOCÊ TRAZER CARTÃO-DE-VACINA
11-03-2024_16-13-10_p0020_sP17.2_b3_CONV--zed-rgb.mpeg,P17.2,QUANTOS VACINAR,QUANTOS VACINAR
03-05-2024_18-56-55_p0031_s194_b3_CONV--ZED-RGB.mpeg,194,TOSSE SECO,TOSSE SECO
13-05-2024_15-53-10_p0028_s170.9_b3_CONV--ZED-RGB.mpeg,170.9,9,9
22-02-2024_11-54-40_p0017_s267_b4_CONV--zed-rgb.mpeg,267,VODCA,VODCA
17-07-2024_14-36-58_p0041_s137_b2_CONV--ZED-RGB.mpeg,137,ESTRESSE,ESTRESSE
06-05-2024_15-18-24_p0032_s219_b4_CONV--ZED-RGB.mpeg,219,FEZES-LÍQUIDAS RESTOS COMIDA,FEZES-LÍQUIDAS RESTOS COMIDA
26-08-2024_15-47-32_p0019_s72_b1_CONV--ZED-RGB.mp4,72,2-MÊS,2-MÊS
30-01-2024_14-32-57_p12_s108--zed-rgb.mpeg,108,DOR LEVE,DOR LEVE
03-05-2024_08-27-33_p0030_s2_b1_CONV--ZED-RGB.mpeg,2,CONFUSÃO,CONFUSÃO
02-05-2024_16-12-10_p0026_s267_b4_CONV--ZED-RGB.mpeg,267,VODCA,VODCA
24-04-2024_15-36-11_p0027_s170.10_b3_CONV--ZED-RGB.mpeg,170.10,10,10
17-06-2024_15-13-24_p0019_s118_b2_CONV--ZED-RGB.mpeg,118,OLHOS-LACRIMEJAR,OLHOS-LACRIMEJAR
05-03-2024_10-46-52_p0014_s77_b1_CONV--zed-rgb.mpeg,77,EXERCÍCIO-FÍSICO,EXERCÍCIO-FÍSICO
19-07-2024_14-27-11_p0040_s148.2_b2_CONV--ZED-RGB.mpeg,148.2,B,B
12-03-2024_14-39-46_p0022_s57_b1_CONV--zed-rgb.mpeg,57,TONTEIRA,TONTEIRA
21-02-2024_16-08-23_p0016_s148.19_b2_CONV--zed-rgb.mpeg,148.19,S,S
03-05-2024_19-03-10_p0031_s204_b3_CONV--ZED-RGB.mpeg,204,DOIS VACINA,DOIS VACINA
03-05-2024_08-30-43_p0030_s11_b1_CONV--ZED-RGB.mpeg,11,DOR GARGANTA,DOR GARGANTA
06-05-2024_15-25-36_p0032_sP19.1_b4_CONV--ZED-RGB.mpeg,P19.1,VOCÊ JÁ FAZER TRATAMENTO ALGUM DOENÇA ENTÃO,VOCÊ JÁ FAZER TRATAMENTO ALGUM DOENÇA ENTÃO
18-04-2024_10-40-54_p0025_s79_b1_CONV--ZED-RGB.mpeg,79,SENTADO,SENTADO
26-02-2024_15-37-07_p0019_s222_b4_CONV--zed-rgb.mpeg,222,DOR-BARRIGA NENHUM,DOR-BARRIGA NENHUM
30-04-2024_13-45-04_p0024_s148.6_b2_CONV--ZED-RGB.mpeg,148.6,F,F
03-04-2024_16-04-50_p0023_s263_b4_CONV--ZED-RGB.mpeg,263,DEZ ANO,DEZ ANO
10-05-2024_08-57-28_p0030_s192_b3_CONV--ZED-RGB.mpeg,192,FICAR-EM-PÉ SENTAR DEITAR DOR PIORAR SIM,FICAR-EM-PÉ SENTAR DEITAR DOR PIORAR SIM
24-07-2024_14-23-04_p0041_s39_b1_CONV--ZED-RGB.mpeg,39,MORDER,MORDER
19-03-2024_15-24-24_p0022_s130_b2_CONV--ZED-RGB.mpeg,130,CORPO ESFORÇAR,CORPO ESFORÇAR
29-04-2024_11-58-11_p0029_s148.7_b2_CONV--ZED-RGB.mpeg,148.7,G,G
22-02-2024_11-48-26_p0017_s252_b4_CONV--zed-rgb.mpeg,252,ALERGIA LEITE,ALERGIA LEITE
08-05-2024_09-54-25_p0030_s143_b2_CONV--ZED-RGB.mpeg,143,DEITAR,DEITAR
25-03-2024_15-46-23_p0020_s251_b4_CONV--ZED-RGB.mpeg,251,ALERGIA GRUPO BORRACHA,ALERGIA GRUPO BORRACHA
17-07-2024_14-45-56_p0041_s148.1_b2_CONV--ZED-RGB.mpeg,148.1,A,A
31-01-2024_15-10-15_p13_s203--zed-rgb.mpeg,203,NÃO VACINAR COVID-19,NÃO VACINAR COVID-19
20-05-2024_16-03-29_p0023_s148.6_b2_CONV--ZED-RGB.mpeg,148.6,F,F
31-01-2024_14-59-54_p13_s184--zed-rgb.mpeg,184,DOR BRAÇO-ESPALHAR,DOR BRAÇO-ESPALHAR
10-05-2024_15-43-27_p0033_s262_b4_CONV--ZED-RGB.mpeg,262,DOIS ANO,DOIS ANO
20-03-2024_15-08-52_p0015_sP11.4_b3_CONV--ZED-RGB.mpeg,P11.4,AO-LONGO-DO-TEMPO DOR COMO AUMENTAR O-U DIMINUIR,AO-LONGO-DO-TEMPO DOR COMO AUMENTAR O-U DIMINUIR
29-04-2024_11-38-10_p0029_s111_b2_CONV--ZED-RGB.mpeg,111,DOR PESO,DOR PESO
26-03-2024_15-17-54_p0022_s172_b3_CONV--ZED-RGB.mpeg,172,VÁRIAS-VEZES,VÁRIAS-VEZES
08-04-2024_16-37-46_p0021_s16_b1_CONV--ZED-RGB.mpeg,16,RESPIRAR FALTAR,RESPIRAR FALTAR
29-02-2024_13-38-28_p0010_s5_b1_CONV--zed-rgb.mpeg,5,CABEÇA DOR,CABEÇA DOR
06-05-2024_15-33-23_p0032_s236_b4_CONV--ZED-RGB.mpeg,236,FÍGADO INFLAMADO,FÍGADO INFLAMADO
12-06-2024_17-11-24_p0038_s244_b3_CONV--ZED-RGB.mpeg,244,NÃO USAR MEDICAMENTO NÃO,NÃO USAR MEDICAMENTO NÃO
16-05-2024_15-07-37_p0034_s148.11_b2_CONV--ZED-RGB.mpeg,148.11,K,K
26-08-2024_15-32-15_p0019_s44_b1_CONV--ZED-RGB.mp4,44,PRESSÃO-ARTERIAL ALTO-BAIXO,PRESSÃO-ARTERIAL ALTO-BAIXO
30-04-2024_13-41-27_p0024_s145_b2_CONV--ZED-RGB.mpeg,145,ÁGUA QUENTE COLOCAR-BRAÇO,ÁGUA QUENTE COLOCAR-BRAÇO
30-04-2024_13-32-40_p0024_s133_b2_CONV--ZED-RGB.mpeg,133,MASTIGAR,MASTIGAR
16-04-2024_10-21-30_p0025_s213_b4_CONV--ZED-RGB.mpeg,213,CLARO,CLARO
22-01-2024_17-18-50_p9_s199--zed-rgb.mpeg,199,CATARRO COLA AMARELO,CATARRO COLA AMARELO
27-05-2024_16-43-51_p0032_s32_b1_CONV--ZED-RGB.mpeg,32,MANCHAS-PELE VERMELHO,MANCHAS-PELE VERMELHO
07-05-2024_14-53-15_p0027_s2_b1_CONV--ZED-RGB.mpeg,2,CONFUSÃO,CONFUSÃO
20-05-2024_16-06-16_p0023_s148.15_b2_CONV--ZED-RGB.mpeg,148.15,O,O
22-04-2024_09-06-37_p0025_sP09.2_b3_CONV--ZED-RGB.mpeg,P9.2,SUBIR-MORRO FÍSICO PIOR,SUBIR-MORRO FÍSICO PIOR
28-02-2024_16-10-50_p0011_s87_b2_CONV--zed-rgb.mpeg,87,SIM,SIM
22-02-2024_15-31-46_p0014_s170.10_b3_CONV--zed-rgb.mpeg,170.10,10,10
07-03-2024_13-50-49_p0010_s107_b2_CONV--zed-rgb.mpeg,107,DOR PROFUNDO,DOR PROFUNDO
26-04-2024_15-12-53_p0028_s78_b1_CONV--ZED-RGB.mpeg,78,CALADO DEITADO,CALADO DEITADO
08-06-2024_10-28-49_p0031_s29_b1_CONV--ZED-RGB.mpeg,29,INCHAR,INCHAR
07-05-2024_14-29-14_p0027_sP22.3_b4_CONV--ZED-RGB.mpeg,P22.3,QUAL MEDICAMENTO,QUAL MEDICAMENTO
16-05-2024_14-27-01_p0034_s94_b2_CONV--ZED-RGB.mpeg,94,DOR OUVIDO-DIREITO OUVIDO-ESQUERDO,DOR OUVIDO-DIREITO OUVIDO-ESQUERDO
08-04-2024_16-39-04_p0021_s20_b1_CONV--ZED-RGB.mpeg,20,TONTURA CAIR-PESSOA,TONTURA CAIR-PESSOA
07-03-2024_14-03-20_p0010_s136_b2_CONV--zed-rgb.mpeg,136,ANDAR,ANDAR
21-02-2024_12-05-21_p0013_s74_b1_CONV--zed-rgb.mpeg,74,BEBER,BEBER
03-05-2024_14-05-30_p0027_s99_b2_CONV--ZED-RGB.mpeg,99,DOR BAIXO-VENTRE,DOR BAIXO-VENTRE
28-06-2024_14-33-42_p0035_s66_b1_CONV--ZED-RGB.mpeg,66,VAGINA VERMELHO SANGRAR,VAGINA VERMELHO SANGRAR
12-06-2024_10-31-23_p0036_s149_b2_CONV--ZED-RGB.mpeg,149,DEVAGAR,DEVAGAR
16-07-2024_16-30-46_p0039_s231_b4_CONV--ZED-RGB.mpeg,231,DEPRESSÃO,DEPRESSÃO
28-06-2024_14-21-38_p0035_s42_b1_CONV--ZED-RGB.mpeg,42,COBRA PICAR,COBRA PICAR
12-03-2024_10-37-27_p0021_s251_b4_CONV--zed-rgb.mpeg,251,ALERGIA GRUPO BORRACHA,ALERGIA GRUPO BORRACHA
16-04-2024_16-02-04_p0016_s208_b3_CONV--ZED-RGB.mpeg,208,NÃO TRAZER CARTÃO-DE-VACINA NENHUM,NÃO TRAZER CARTÃO-DE-VACINA NENHUM
18-03-2024_11-42-18_p0013_s277_b4_CONV--ZED-RGB.mpeg,277,DOIS GARRAFAS DUAS-VEZES SEMANA,DOIS GARRAFAS DUAS-VEZES SEMANA
20-05-2024_12-25-46_p0034_sP23.1_b4_CONV--ZED-RGB.mpeg,P23.1,VOCÊ FUMAR,VOCÊ FUMAR
30-01-2024_11-02-48_p11_s5--zed-rgb.mpeg,5,CABEÇA DOR,CABEÇA DOR
15-05-2024_16-25-49_p0032_s148.2_b2_CONV--ZED-RGB.mpeg,148.2,B,B
30-04-2024_13-46-00_p0024_s148.9_b2_CONV--ZED-RGB.mpeg,148.9,I,I
28-06-2024_15-35-00_p0035_s258_b4_CONV--ZED-RGB.mpeg,258,ALERGIA NENHUM,ALERGIA NENHUM
20-05-2024_12-19-08_p0034_s248_b4_CONV--ZED-RGB.mpeg,248,ALERGIA CACHORRO,ALERGIA CACHORRO
08-04-2024_15-32-33_p0021_s97_b2_CONV--ZED-RGB.mpeg,97,DOR LADOS-BARRIGA,DOR LADOS-BARRIGA
16-05-2024_14-36-39_p0034_s112_b2_CONV--ZED-RGB.mpeg,112,DOR QUEIMAR,DOR QUEIMAR
17-07-2024_14-38-21_p0041_s139_b2_CONV--ZED-RGB.mpeg,139,BRAÇO MEXER-BRAÇO,BRAÇO MEXER-BRAÇO
24-04-2024_15-56-29_p0027_s192_b3_CONV--ZED-RGB.mpeg,192,FICAR-EM-PÉ SENTAR DEITAR DOR PIORAR SIM,FICAR-EM-PÉ SENTAR DEITAR DOR PIORAR SIM
25-03-2024_15-50-30_p0020_sP22.3_b4_CONV--ZED-RGB.mpeg,P22.3,QUAL MEDICAMENTO,QUAL MEDICAMENTO
30-01-2024_14-14-20_p12_s87--zed-rgb.mpeg,87,SIM,SIM
22-02-2024_11-11-40_p0017_s195_b3_CONV--zed-rgb.mpeg,195,CATARRO COLA NENHUM,CATARRO COLA NENHUM
16-04-2024_15-53-19_p0016_s194_b3_CONV--ZED-RGB.mpeg,194,TOSSE SECO,TOSSE SECO
07-05-2024_14-37-53_p0027_s273_b4_CONV--ZED-RGB.mpeg,273,UM LATA UMA-VEZ SEMANA,UM LATA UMA-VEZ SEMANA
29-04-2024_16-36-30_p0024_s18_b1_CONV--ZED-RGB.mpeg,18,DIFÍCIL RESPIRAR,DIFÍCIL RESPIRAR
08-04-2024_16-35-59_p0021_s11_b1_CONV--ZED-RGB.mpeg,11,DOR GARGANTA,DOR GARGANTA
26-08-2024_15-44-40_p0019_s66_b1_CONV--ZED-RGB.mp4,66,VAGINA VERMELHO SANGRAR,VAGINA VERMELHO SANGRAR
21-02-2024_15-28-23_p0016_s113_b2_CONV--zed-rgb.mpeg,113,DOR PONTADA,DOR PONTADA
25-03-2024_15-56-16_p0020_s270_b4_CONV--ZED-RGB.mpeg,270,G-I-N,G-I-N
02-05-2024_15-51-58_p0026_s225_b4_CONV--ZED-RGB.mpeg,225,ARRITMIA,ARRITMIA
18-03-2024_11-21-46_p0013_s232_b4_CONV--ZED-RGB.mpeg,232,ANSIEDADE,ANSIEDADE
18-06-2024_16-41-12_p0028_s256_b4_CONV--ZED-RGB.mpeg,256,ALERGIA AMENDOIM,ALERGIA AMENDOIM
28-06-2024_15-18-37_p0035_s231_b4_CONV--ZED-RGB.mpeg,231,DEPRESSÃO,DEPRESSÃO
30-01-2024_11-04-44_p11_s11--zed-rgb.mpeg,11,DOR GARGANTA,DOR GARGANTA
24-04-2024_15-59-09_p0027_sP15.2_b3_CONV--ZED-RGB.mpeg,P15.2,TOSSE COMO,TOSSE COMO
18-03-2024_11-35-30_p0013_s262_b4_CONV--ZED-RGB.mpeg,262,DOIS ANO,DOIS ANO
24-07-2024_14-07-53_p0041_s2_b1_CONV--ZED-RGB.mpeg,2,CONFUSÃO,CONFUSÃO
05-03-2024_10-34-55_p0014_s41_b1_CONV--zed-rgb.mpeg,41,GATO MORDER,GATO MORDER
02-04-2024_15-52-17_p0021_s204_b3_CONV--ZED-RGB.mpeg,204,DOIS VACINA,DOIS VACINA
16-07-2024_16-56-07_p0039_s274_b4_CONV--ZED-RGB.mpeg,274,DOIS LATAS DUAS-VEZES SEMANA,DOIS LATAS DUAS-VEZES SEMANA
16-04-2024_10-33-01_p0025_s231_b4_CONV--ZED-RGB.mpeg,231,DEPRESSÃO,DEPRESSÃO
11-05-2024_09-50-26_p0034_s181_b3_CONV--ZED-RGB.mpeg,181,PESCOÇO DOR ESPALHAR,PESCOÇO DOR ESPALHAR
16-05-2024_14-29-39_p0034_s100_b2_CONV--ZED-RGB.mpeg,100,DOR VIRILHA,DOR VIRILHA
06-05-2024_16-01-20_p0032_s267_b4_CONV--ZED-RGB.mpeg,267,VODCA,VODCA
21-02-2024_11-54-31_p0013_s63_b1_CONV--zed-rgb.mpeg,63,TIRO FURAR-BARRIGA,TIRO FURAR-BARRIGA
26-04-2024_14-45-47_p0028_s32_b1_CONV--ZED-RGB.mpeg,32,MANCHAS-PELE VERMELHO,MANCHAS-PELE VERMELHO
17-07-2024_14-44-41_p0041_s155_b2_CONV--ZED-RGB.mpeg,155,PARAR,PARAR
05-06-2024_15-41-27_p0037_s279_b4_CONV--ZED-RGB.mpeg,279,DUAS-DOSES TOMAR DUAS-VEZES SEMANA,DUAS-DOSES TOMAR DUAS-VEZES SEMANA
28-06-2024_14-28-26_p0035_s55_b1_CONV--ZED-RGB.mpeg,55,VERMELHO NARIZ-SANGRAR GRIPE,VERMELHO NARIZ-SANGRAR GRIPE
29-04-2024_11-39-57_p0029_s116_b2_CONV--ZED-RGB.mpeg,116,DOR APERTAR PONTADA,DOR APERTAR PONTADA
03-05-2024_18-42-14_p0031_s175_b3_CONV--ZED-RGB.mpeg,175,DOIS SEMANA,DOIS SEMANA
18-04-2024_15-35-21_p0026_s122_b2_CONV--ZED-RGB.mpeg,122,TODA-HORA URINAR,TODA-HORA URINAR
16-04-2024_10-51-25_p0025_s263_b4_CONV--ZED-RGB.mpeg,263,DEZ ANO,DEZ ANO
07-05-2024_14-07-58_p0027_s210_b4_CONV--ZED-RGB.mpeg,210,MOLE,MOLE
28-02-2024_16-47-42_p0011_s138_b2_CONV--zed-rgb.mpeg,138,APERTAR,APERTAR
10-05-2024_16-42-28_p0033_s48_b1_CONV--ZED-RGB.mpeg,48,XIXI VAZAR,XIXI VAZAR
07-03-2024_14-13-16_p0010_s148.17_b2_CONV--zed-rgb.mpeg,148.17,Q,Q
25-03-2024_16-31-58_p0020_s138_b2_CONV--ZED-RGB.mpeg,138,APERTAR,APERTAR
19-07-2024_15-48-20_p0040_sP02_b1_CONV--ZED-RGB.mpeg,P2,QUANDO COMEÇAR ENTÃO,QUANDO COMEÇAR ENTÃO
28-02-2024_16-17-06_p0011_s98_b2_CONV--zed-rgb.mpeg,98,DOR BEXIGA,DOR BEXIGA
11-03-2024_16-19-34_p0020_s241_b3_CONV--zed-rgb.mpeg,241,TRAZER RECEITA REMÉDIO,TRAZER RECEITA REMÉDIO
18-04-2024_10-19-46_p0025_s31_b1_CONV--ZED-RGB.mpeg,31,MANCHAS-PELE,MANCHAS-PELE
03-05-2024_14-02-25_p0027_s88_b2_CONV--ZED-RGB.mpeg,88,NÃO,NÃO
23-04-2024_14-58-22_p0026_s2_b1_CONV--ZED-RGB.mpeg,2,CONFUSÃO,CONFUSÃO
22-02-2024_15-38-11_p0014_s180_b3_CONV--zed-rgb.mpeg,180,NUCA DOR ESPALHAR,NUCA DOR ESPALHAR
22-04-2024_09-20-48_p0025_sP11.1_b3_CONV--ZED-RGB.mpeg,P11.1,SENTIR DOR DEPOIS SUMIR OUTRA-VEZ SENTIR DOR SUMIR VOLTAR SUMIR,SENTIR DOR DEPOIS SUMIR OUTRA-VEZ SENTIR DOR SUMIR VOLTAR SUMIR
25-03-2024_15-35-23_p0020_s224_b4_CONV--ZED-RGB.mpeg,224,INFARTO,INFARTO
20-03-2024_15-06-27_p0015_s174_b3_CONV--ZED-RGB.mpeg,174,TRÊS-VEZES DIA,TRÊS-VEZES DIA
24-04-2024_16-09-21_p0027_s206_b3_CONV--ZED-RGB.mpeg,206,QUATRO VACINA,QUATRO VACINA
26-08-2024_15-31-07_p0019_s41_b1_CONV--ZED-RGB.mp4,41,GATO MORDER,GATO MORDER
18-04-2024_15-27-44_p0026_s103_b2_CONV--ZED-RGB.mpeg,103,DOR JOELHO-DIREITO JOELHO-ESQUERDO,DOR JOELHO-DIREITO JOELHO-ESQUERDO
11-05-2024_10-08-09_p0034_s206_b3_CONV--ZED-RGB.mpeg,206,QUATRO VACINA,QUATRO VACINA
10-05-2024_09-45-54_p0030_s232_b4_CONV--ZED-RGB.mpeg,232,ANSIEDADE,ANSIEDADE
15-05-2024_15-36-55_p0032_s108_b2_CONV--ZED-RGB.mpeg,108,DOR LEVE,DOR LEVE
03-04-2024_15-52-06_p0023_s239_b4_CONV--ZED-RGB.mpeg,239,VÍCIO BEBER ÁLCOOL,VÍCIO BEBER ÁLCOOL
26-03-2024_15-51-38_p0022_s242_b3_CONV--ZED-RGB.mpeg,242,EU USAR REMÉDIO,EU USAR REMÉDIO
13-03-2024_15-11-24_p0014_s122_b2_CONV--zed-rgb.mpeg,122,TODA-HORA URINAR,TODA-HORA URINAR
07-05-2024_14-59-40_p0027_s21_b1_CONV--ZED-RGB.mpeg,21,EVACUAR-ESPALHAR,EVACUAR-ESPALHAR
23-04-2024_11-14-35_p0024_s210_b4_CONV--ZED-RGB.mpeg,210,MOLE,MOLE
08-04-2024_16-41-25_p0021_s24_b1_CONV--ZED-RGB.mpeg,24,VOMITAR,VOMITAR
08-04-2024_15-39-49_p0021_s106_b2_CONV--ZED-RGB.mpeg,106,DOR PULSAR,DOR PULSAR
17-06-2024_15-17-49_p0019_s126_b2_CONV--ZED-RGB.mpeg,126,BEBER ÁLCOOL,BEBER ÁLCOOL
24-07-2024_14-22-41_p0041_s38_b1_CONV--ZED-RGB.mpeg,38,TENTAR SUICIDAR,TENTAR SUICIDAR
11-05-2024_10-09-02_p0034_s207_b3_CONV--ZED-RGB.mpeg,207,NÃO VACINAR GRIPE,NÃO VACINAR GRIPE
23-04-2024_15-25-51_p0026_s56_b1_CONV--ZED-RGB.mpeg,56,VERMELHO FEZES,VERMELHO FEZES
19-06-2024_10-27-19_p0036_s74_b1_CONV--ZED-RGB.mpeg,74,BEBER,BEBER
11-05-2024_09-43-32_p0034_sP11.2_b3_CONV--ZED-RGB.mpeg,P11.2,SENTIR DOR OUTRAS-VEZES DIVERSAS-VEZES ENTÃO,SENTIR DOR OUTRAS-VEZES DIVERSAS-VEZES ENTÃO
18-03-2024_11-17-47_p0013_s222_b4_CONV--ZED-RGB.mpeg,222,DOR-BARRIGA NENHUM,DOR-BARRIGA NENHUM
05-06-2024_15-37-09_p0037_s272_b4_CONV--ZED-RGB.mpeg,272,UM LATA TODO-DIA,UM LATA TODO-DIA
22-02-2024_11-59-36_p0017_s283_b4_CONV--zed-rgb.mpeg,283,UM COPO UMA-VEZ SEMANA,UM COPO UMA-VEZ SEMANA
16-04-2024_15-38-47_p0016_sP11.4_b3_CONV--ZED-RGB.mpeg,P11.4,AO-LONGO-DO-TEMPO DOR COMO AUMENTAR O-U DIMINUIR,AO-LONGO-DO-TEMPO DOR COMO AUMENTAR O-U DIMINUIR
08-06-2024_10-26-54_p0031_s23_b1_CONV--ZED-RGB.mpeg,23,TONTURA-ENJOO,TONTURA-ENJOO
03-05-2024_14-18-32_p0027_s137_b2_CONV--ZED-RGB.mpeg,137,ESTRESSE,ESTRESSE
13-03-2024_15-14-10_p0014_s127_b2_CONV--zed-rgb.mpeg,127,COMER COISAS ÓLEO,COMER COISAS ÓLEO
05-03-2024_10-27-13_p0014_s19_b1_CONV--zed-rgb.mpeg,19,PALPITAÇÃO,PALPITAÇÃO
21-02-2024_15-44-57_p0016_s125_b2_CONV--zed-rgb.mpeg,125,COMER CATEGORIA ÁCIDO MAIS APIMENTADO,COMER CATEGORIA ÁCIDO MAIS APIMENTADO
15-05-2024_15-23-31_p0032_s87_b2_CONV--ZED-RGB.mpeg,87,SIM,SIM
05-06-2024_10-20-49_p0036_s257_b4_CONV--ZED-RGB.mpeg,257,ALERGIA REMÉDIO NÃO-TER,ALERGIA REMÉDIO NÃO-TER
17-06-2024_15-07-31_p0019_s112_b2_CONV--ZED-RGB.mpeg,112,DOR QUEIMAR,DOR QUEIMAR
08-05-2024_09-51-39_p0030_s137_b2_CONV--ZED-RGB.mpeg,137,ESTRESSE,ESTRESSE
13-03-2024_15-23-37_p0014_s148.2_b2_CONV--zed-rgb.mpeg,148.2,B,B
23-04-2024_11-27-56_p0024_s234_b4_CONV--ZED-RGB.mpeg,234,TOSSIR CATARRO VERMELHO,TOSSIR CATARRO VERMELHO
30-01-2024_14-58-15_p12_s148.1--zed-rgb.mpeg,148.1,A,A
18-03-2024_15-21-18_p0020_s28_b1_CONV--ZED-RGB.mpeg,28,NARIZ-LADOS FECHAR,NARIZ-LADOS FECHAR
08-04-2024_16-06-45_p0021_s148.5_b2_CONV--ZED-RGB.mpeg,148.5,E,E
16-04-2024_10-20-28_p0025_s211_b4_CONV--ZED-RGB.mpeg,211,FRAGMENTOS MISTURAR MOLE,FRAGMENTOS MISTURAR MOLE
17-06-2024_15-14-48_p0019_s121_b2_CONV--ZED-RGB.mpeg,121,VER MANCHAS,VER MANCHAS
28-06-2024_14-13-13_p0035_s19_b1_CONV--ZED-RGB.mpeg,19,PALPITAÇÃO,PALPITAÇÃO
06-05-2024_15-09-06_p0032_sP18.1_b4_CONV--ZED-RGB.mpeg,P18.1,ENJOAR O-U VOMITAR,ENJOAR O-U VOMITAR
21-02-2024_15-17-05_p0016_s85_b2_CONV--zed-rgb.mpeg,85,UM SEMANA,UM SEMANA
30-01-2024_14-34-04_p12_s112--zed-rgb.mpeg,112,DOR QUEIMAR,DOR QUEIMAR
22-02-2024_14-11-27_p0018_s113_b2_CONV--zed-rgb.mpeg,113,DOR PONTADA,DOR PONTADA
24-07-2024_15-29-44_p0041_s280_b4_CONV--ZED-RGB.mpeg,280,TAÇA TOMAR VINHO UMA-VEZ SEMANA,TAÇA TOMAR VINHO UMA-VEZ SEMANA
12-06-2024_17-00-18_p0038_s200_b3_CONV--ZED-RGB.mpeg,200,CATARRO COLA VERDE,CATARRO COLA VERDE
22-02-2024_13-42-56_p0018_s57_b1_CONV--zed-rgb.mpeg,57,TONTEIRA,TONTEIRA
18-04-2024_10-40-12_p0025_s77_b1_CONV--ZED-RGB.mpeg,77,EXERCÍCIO-FÍSICO,EXERCÍCIO-FÍSICO
29-04-2024_11-37-51_p0029_s110_b2_CONV--ZED-RGB.mpeg,110,DOR APERTAR,DOR APERTAR
23-04-2024_11-36-02_p0024_s256_b4_CONV--ZED-RGB.mpeg,256,ALERGIA AMENDOIM,ALERGIA AMENDOIM
08-06-2024_10-40-57_p0031_s59_b1_CONV--ZED-RGB.mpeg,59,TRAUMA,TRAUMA
03-05-2024_08-46-42_p0030_s49_b1_CONV--ZED-RGB.mpeg,49,XIXI POUCO,XIXI POUCO
25-03-2024_16-14-03_p0020_s101_b2_CONV--ZED-RGB.mpeg,101,DOR OMBROS,DOR OMBROS
07-05-2024_14-16-30_p0027_s226_b4_CONV--ZED-RGB.mpeg,226,PRESSÃO ALTO,PRESSÃO ALTO
18-04-2024_10-14-37_p0025_s18_b1_CONV--ZED-RGB.mpeg,18,DIFÍCIL RESPIRAR,DIFÍCIL RESPIRAR
17-06-2024_15-06-16_p0019_s111_b2_CONV--ZED-RGB.mpeg,111,DOR PESO,DOR PESO
24-01-2024_17-03-32_p10_s217--zed-rgb.mpeg,217,FEZES-LÍQUIDAS BRANCO,FEZES-LÍQUIDAS BRANCO
07-03-2024_13-42-04_p0010_s87_b2_CONV--zed-rgb.mpeg,87,SIM,SIM
26-08-2024_15-34-51_p0019_s49_b1_CONV--ZED-RGB.mp4,49,XIXI POUCO,XIXI POUCO
03-05-2024_19-04-24_p0031_s207_b3_CONV--ZED-RGB.mpeg,207,NÃO VACINAR GRIPE,NÃO VACINAR GRIPE
20-02-2024_16-19-06_p0015_s217_b4_CONV--zed-rgb.mpeg,217,FEZES-LÍQUIDAS BRANCO,FEZES-LÍQUIDAS BRANCO
22-02-2024_13-59-23_p0018_s83_b2_CONV--zed-rgb.mpeg,83,UM-DIA,UM-DIA
29-04-2024_11-51-04_p0029_s137_b2_CONV--ZED-RGB.mpeg,137,ESTRESSE,ESTRESSE
19-06-2024_16-31-57_p0023_s34_b1_CONV--ZED-RGB.mpeg,34,FEBRE,FEBRE
03-04-2024_16-06-24_p0023_s264_b4_CONV--ZED-RGB.mpeg,264,CERVEJA,CERVEJA
08-05-2024_09-31-58_p0030_s92_b2_CONV--ZED-RGB.mpeg,92,DOR TESTA,DOR TESTA
08-05-2024_16-18-32_p0033_s202_b3_CONV--ZED-RGB.mpeg,202,CATARRO COLA SANGUE PONTOS,CATARRO COLA SANGUE PONTOS
12-03-2024_10-38-10_p0021_s253_b4_CONV--zed-rgb.mpeg,253,ALERGIA O-V-O OVO,ALERGIA O-V-O OVO
24-07-2024_14-08-55_p0041_s5_b1_CONV--ZED-RGB.mpeg,5,CABEÇA DOR,CABEÇA DOR
11-06-2024_14-11-24_p0035_s111_b2_CONV--ZED-RGB.mpeg,111,DOR PESO,DOR PESO
13-03-2024_15-35-45_p0014_s156_b2_CONV--zed-rgb.mpeg,156,NÃO-ENTENDER,NÃO-ENTENDER
11-06-2024_14-30-50_p0035_sP08.2_b2_CONV--ZED-RGB.mpeg,P8.2,SENTIR DOR DEPOIS DESAPARECER ENTÃO,SENTIR DOR DEPOIS DESAPARECER ENTÃO
08-04-2024_16-53-04_p0021_s59_b1_CONV--ZED-RGB.mpeg,59,TRAUMA,TRAUMA
05-06-2024_10-04-51_p0036_s230_b4_CONV--ZED-RGB.mpeg,230,DEPRESSÃO,DEPRESSÃO
24-05-2024_18-33-25_p0031_s87_b2_CONV--ZED-RGB.mpeg,87,SIM,SIM
12-03-2024_10-40-11_p0021_s258_b4_CONV--zed-rgb.mpeg,258,ALERGIA NENHUM,ALERGIA NENHUM
11-06-2024_14-07-53_p0035_s105_b2_CONV--ZED-RGB.mpeg,105,DOR TESTÍCULOS,DOR TESTÍCULOS
07-03-2024_14-03-35_p0010_s137_b2_CONV--zed-rgb.mpeg,137,ESTRESSE,ESTRESSE
05-03-2024_10-24-35_p0014_s11_b1_CONV--zed-rgb.mpeg,11,DOR GARGANTA,DOR GARGANTA
30-01-2024_11-18-36_p11_s57--zed-rgb.mpeg,57,TONTEIRA,TONTEIRA
07-03-2024_13-54-13_p0010_sP06.5_b2_CONV--zed-rgb.mpeg,P6.5,DOR IGUAL FINCADA,DOR IGUAL FINCADA
11-06-2024_14-35-13_p0035_s148.4_b2_CONV--ZED-RGB.mpeg,148.4,D,D
24-05-2024_18-47-50_p0031_s118_b2_CONV--ZED-RGB.mpeg,118,OLHOS-LACRIMEJAR,OLHOS-LACRIMEJAR
26-03-2024_15-01-04_p0022_s158_b3_CONV--ZED-RGB.mpeg,158,SUBIR-MORRO FÍSICO PIOR,SUBIR-MORRO FÍSICO PIOR
29-04-2024_17-03-43_p0024_s72_b1_CONV--ZED-RGB.mpeg,72,2-MÊS,2-MÊS
24-01-2024_17-10-01_p10_s226--zed-rgb.mpeg,226,PRESSÃO ALTO,PRESSÃO ALTO
13-03-2024_14-52-58_p0014_s89_b2_CONV--zed-rgb.mpeg,89,DOR LADO-CABEÇA,DOR LADO-CABEÇA
08-05-2024_09-59-33_p0030_s148.12_b2_CONV--ZED-RGB.mpeg,148.12,L,L
12-03-2024_10-52-17_p0021_s279_b4_CONV--zed-rgb.mpeg,279,DUAS-DOSES TOMAR DUAS-VEZES SEMANA,DUAS-DOSES TOMAR DUAS-VEZES SEMANA
26-04-2024_15-08-42_p0028_s72_b1_CONV--ZED-RGB.mpeg,72,2-MÊS,2-MÊS
19-06-2024_16-36-42_p0023_s45_b1_CONV--ZED-RGB.mpeg,45,PROBLEMA OLHOS,PROBLEMA OLHOS
16-07-2024_16-43-44_p0039_sP22.3_b4_CONV--ZED-RGB.mpeg,P22.3,QUAL MEDICAMENTO,QUAL MEDICAMENTO
22-02-2024_15-42-38_p0014_s190_b3_CONV--zed-rgb.mpeg,190,SIM APERTAR-BRAÇO DOER,SIM APERTAR-BRAÇO DOER
11-06-2024_14-34-11_p0035_s148.2_b2_CONV--ZED-RGB.mpeg,148.2,B,B
28-02-2024_17-05-10_p0011_s156_b2_CONV--zed-rgb.mpeg,156,NÃO-ENTENDER,NÃO-ENTENDER
13-03-2024_15-23-06_p0014_s148.1_b2_CONV--zed-rgb.mpeg,148.1,A,A
27-03-2024_15-38-37_p0015_s148.15_b2_CONV--ZED-RGB.mpeg,148.15,O,O
27-05-2024_15-42-35_p0032_s181_b3_CONV--ZED-RGB.mpeg,181,PESCOÇO DOR ESPALHAR,PESCOÇO DOR ESPALHAR
12-03-2024_14-22-56_p0022_s17_b1_CONV--zed-rgb.mpeg,17,CHIAR,CHIAR
16-05-2024_14-18-43_p0034_sP04_b2_CONV--ZED-RGB.mpeg,P4,TEMPO QUAL HORAS-DURAÇÃO TEMPO,TEMPO QUAL HORAS-DURAÇÃO TEMPO
20-05-2024_15-13-58_p0023_s85_b2_CONV--ZED-RGB.mpeg,85,UM SEMANA,UM SEMANA
07-05-2024_14-55-31_p0027_s9_b1_CONV--ZED-RGB.mpeg,9,DOR LOMBAR,DOR LOMBAR
08-04-2024_16-57-53_p0021_s67_b1_CONV--ZED-RGB.mpeg,67,VOMITAR TER VERMELHO,VOMITAR TER VERMELHO
20-02-2024_16-18-34_p0015_s215_b4_CONV--zed-rgb.mpeg,215,FEZES-LÍQUIDAS BORBULHAR,FEZES-LÍQUIDAS BORBULHAR
15-05-2024_15-14-56_p0032_s84_b2_CONV--ZED-RGB.mpeg,84,TRÊS-DIAS,TRÊS-DIAS
22-04-2024_09-20-06_p0025_s170.9_b3_CONV--ZED-RGB.mpeg,170.9,9,9
22-02-2024_14-20-42_p0018_s122_b2_CONV--zed-rgb.mpeg,122,TODA-HORA URINAR,TODA-HORA URINAR
13-03-2024_14-50-45_p0014_s87_b2_CONV--zed-rgb.mpeg,87,SIM,SIM
19-06-2024_16-47-09_p0023_s68_b1_CONV--ZED-RGB.mpeg,68,15 MINUTO,15 MINUTO
10-05-2024_09-54-21_p0030_s255_b4_CONV--ZED-RGB.mpeg,255,ALERGIA CATEGORIA T-R-I-G-O FARINHA,ALERGIA CATEGORIA T-R-I-G-O FARINHA
28-06-2024_15-39-31_p0035_s262_b4_CONV--ZED-RGB.mpeg,262,DOIS ANO,DOIS ANO
18-04-2024_10-31-18_p0025_s59_b1_CONV--ZED-RGB.mpeg,59,TRAUMA,TRAUMA
08-06-2024_10-20-08_p0031_s4_b1_CONV--ZED-RGB.mpeg,4,CONVULSÃO ENROLAR-LÍNGUA,CONVULSÃO ENROLAR-LÍNGUA
31-01-2024_14-59-28_p13_s182--zed-rgb.mpeg,182,QUEIXO DOR ESPALHAR,QUEIXO DOR ESPALHAR
11-06-2024_13-54-19_p0035_s86_b2_CONV--ZED-RGB.mpeg,86,UM MÊS,UM MÊS
29-04-2024_11-48-26_p0029_s129_b2_CONV--ZED-RGB.mpeg,129,LOCAIS LUZ-FORTE,LOCAIS LUZ-FORTE
07-03-2024_14-10-04_p0010_s148.2_b2_CONV--zed-rgb.mpeg,148.2,B,B
02-05-2024_14-56-06_p0026_s170.8_b3_CONV--ZED-RGB.mpeg,170.8,8,8
30-04-2024_13-51-08_p0024_s148.26_b2_CONV--ZED-RGB.mpeg,148.26,Z,Z
05-06-2024_10-38-19_p0036_s281_b4_CONV--ZED-RGB.mpeg,281,TAÇA TOMAR VINHO TODO-DIA,TAÇA TOMAR VINHO TODO-DIA
03-04-2024_15-49-20_p0023_s232_b4_CONV--ZED-RGB.mpeg,232,ANSIEDADE,ANSIEDADE
22-04-2024_09-07-45_p0025_s158_b3_CONV--ZED-RGB.mpeg,158,SUBIR-MORRO FÍSICO PIOR,SUBIR-MORRO FÍSICO PIOR
18-06-2024_16-08-27_p0028_s210_b4_CONV--ZED-RGB.mpeg,210,MOLE,MOLE
12-03-2024_14-31-31_p0022_s40_b1_CONV--zed-rgb.mpeg,40,CACHORRO MORDER,CACHORRO MORDER
18-03-2024_11-13-57_p0013_s218_b4_CONV--ZED-RGB.mpeg,218,FEZES-LÍQUIDAS ESCURO,FEZES-LÍQUIDAS ESCURO
17-07-2024_14-30-03_p0041_s120_b2_CONV--ZED-RGB.mpeg,120,VER DOBRADO,VER DOBRADO
12-03-2024_10-26-12_p0021_s232_b4_CONV--zed-rgb.mpeg,232,ANSIEDADE,ANSIEDADE
28-06-2024_15-39-10_p0035_s261_b4_CONV--ZED-RGB.mpeg,261,UM ANO,UM ANO
07-03-2024_13-45-50_p0010_s95_b2_CONV--zed-rgb.mpeg,95,DOR OLHOS,DOR OLHOS
22-02-2024_14-33-03_p0018_s148.10_b2_CONV--zed-rgb.mpeg,148.10,J,J
27-03-2024_16-10-00_p0015_s30_b1_CONV--ZED-RGB.mpeg,30,FERIR PELE,FERIR PELE
09-05-2024_14-33-24_p0033_s113_b2_CONV--ZED-RGB.mpeg,113,DOR PONTADA,DOR PONTADA
05-06-2024_15-35-16_p0037_s268_b4_CONV--ZED-RGB.mpeg,268,UÍSQUE,UÍSQUE
19-03-2024_15-46-11_p0022_s148.21_b2_CONV--ZED-RGB.mpeg,148.21,U,U
25-03-2024_16-38-15_p0020_s148.8_b2_CONV--ZED-RGB.mpeg,148.8,H,H
22-02-2024_11-10-35_p0017_sP15.2_b3_CONV--zed-rgb.mpeg,P15.2,TOSSE COMO,TOSSE COMO
19-07-2024_15-35-26_p0040_s45_b1_CONV--ZED-RGB.mpeg,45,PROBLEMA OLHOS,PROBLEMA OLHOS
03-04-2024_15-35-36_p0023_s219_b4_CONV--ZED-RGB.mpeg,219,FEZES-LÍQUIDAS RESTOS COMIDA,FEZES-LÍQUIDAS RESTOS COMIDA
27-03-2024_15-43-56_p0015_s153_b2_CONV--ZED-RGB.mpeg,153,REPETIR POR-FAVOR,REPETIR POR-FAVOR
26-04-2024_14-57-44_p0028_s51_b1_CONV--ZED-RGB.mpeg,51,XIXI ESCURO,XIXI ESCURO
12-06-2024_10-29-49_p0036_s148.23_b2_CONV--ZED-RGB.mpeg,148.23,W,W
11-06-2024_14-39-05_p0035_s148.15_b2_CONV--ZED-RGB.mpeg,148.15,O,O
22-02-2024_14-05-53_p0018_s96_b2_CONV--zed-rgb.mpeg,96,DOR MEIO-BARRIGA,DOR MEIO-BARRIGA
19-03-2024_15-01-56_p0022_s96_b2_CONV--ZED-RGB.mpeg,96,DOR MEIO-BARRIGA,DOR MEIO-BARRIGA
18-04-2024_10-23-15_p0025_s40_b1_CONV--ZED-RGB.mpeg,40,CACHORRO MORDER,CACHORRO MORDER
20-05-2024_11-37-53_p0034_s40_b1_CONV--ZED-RGB.mpeg,40,CACHORRO MORDER,CACHORRO MORDER
31-01-2024_14-52-08_p13_s170.10--zed-rgb.mpeg,170.10,10,10
30-01-2024_11-18-22_p11_s56--zed-rgb.mpeg,56,VERMELHO FEZES,VERMELHO FEZES
08-05-2024_15-31-53_p0033_s170.7_b3_CONV--ZED-RGB.mpeg,170.7,7,7
06-05-2024_16-08-00_p0032_s277_b4_CONV--ZED-RGB.mpeg,277,DOIS GARRAFAS DUAS-VEZES SEMANA,DOIS GARRAFAS DUAS-VEZES SEMANA
11-05-2024_09-28-41_p0034_s163_b3_CONV--ZED-RGB.mpeg,163,TOMAR-BANHO CORPO PIOR NÃO,TOMAR-BANHO CORPO PIOR NÃO
29-04-2024_12-01-37_p0029_s148.20_b2_CONV--ZED-RGB.mpeg,148.20,T,T
30-01-2024_15-01-37_p12_s148.6--zed-rgb.mpeg,148.6,F,F
11-03-2024_15-39-17_p0020_s170.6_b3_CONV--zed-rgb.mpeg,170.6,6,6
11-06-2024_14-06-53_p0035_s103_b2_CONV--ZED-RGB.mpeg,103,DOR JOELHO-DIREITO JOELHO-ESQUERDO,DOR JOELHO-DIREITO JOELHO-ESQUERDO
12-06-2024_10-30-46_p0036_s148.25_b2_CONV--ZED-RGB.mpeg,148.25,Y,Y
30-01-2024_14-38-47_p12_sP06.3--zed-rgb.mpeg,P6.3,DOR IGUAL PESO,DOR IGUAL PESO
22-02-2024_15-38-31_p0014_s181_b3_CONV--zed-rgb.mpeg,181,PESCOÇO DOR ESPALHAR,PESCOÇO DOR ESPALHAR
08-06-2024_10-50-52_p0031_s76_b1_CONV--ZED-RGB.mpeg,76,LIMPAR CASA,LIMPAR CASA
21-02-2024_15-56-40_p0016_s146_b2_CONV--zed-rgb.mpeg,146,REMÉDIO,REMÉDIO
07-05-2024_14-25-05_p0027_s253_b4_CONV--ZED-RGB.mpeg,253,ALERGIA O-V-O OVO,ALERGIA O-V-O OVO
28-02-2024_17-02-25_p0011_s150_b2_CONV--zed-rgb.mpeg,150,ENTENDER,ENTENDER
08-05-2024_15-20-47_p0033_sP09.6_b3_CONV--ZED-RGB.mpeg,P9.6,SUBIR-ESCADA FÍSICO PIOR,SUBIR-ESCADA FÍSICO PIOR
12-03-2024_10-34-11_p0021_s245_b4_CONV--zed-rgb.mpeg,245,ÁCARO ALERGIA,ÁCARO ALERGIA
20-05-2024_11-23-55_p0034_s10_b1_CONV--ZED-RGB.mpeg,10,DOR BARRIGA,DOR BARRIGA
18-03-2024_15-27-43_p0020_s31_b1_CONV--ZED-RGB.mpeg,31,MANCHAS-PELE,MANCHAS-PELE
16-05-2024_14-25-55_p0034_s92_b2_CONV--ZED-RGB.mpeg,92,DOR TESTA,DOR TESTA
16-05-2024_14-58-36_p0034_s138_b2_CONV--ZED-RGB.mpeg,138,APERTAR,APERTAR
02-04-2024_15-16-31_p0021_s170.1_b3_CONV--ZED-RGB.mpeg,170.1,1,1
18-06-2024_15-29-20_p0028_s142_b2_CONV--ZED-RGB.mpeg,142,MOVIMENTAR-CORPO DOR PIORAR,MOVIMENTAR-CORPO DOR PIORAR
26-04-2024_14-34-12_p0028_s9_b1_CONV--ZED-RGB.mpeg,9,DOR LOMBAR,DOR LOMBAR
02-05-2024_15-19-34_p0026_s200_b3_CONV--ZED-RGB.mpeg,200,CATARRO COLA VERDE,CATARRO COLA VERDE
15-05-2024_16-43-04_p0032_s148.8_b2_CONV--ZED-RGB.mpeg,148.8,H,H
02-05-2024_16-06-41_p0026_s262_b4_CONV--ZED-RGB.mpeg,262,DOIS ANO,DOIS ANO
18-04-2024_10-26-41_p0025_s48_b1_CONV--ZED-RGB.mpeg,48,XIXI VAZAR,XIXI VAZAR
12-03-2024_10-53-37_p0021_s282_b4_CONV--zed-rgb.mpeg,282,UM COPO CHEIO TODO-DIA,UM COPO CHEIO TODO-DIA
20-05-2024_12-11-13_p0034_s228_b4_CONV--ZED-RGB.mpeg,228,AIDS,AIDS
26-02-2024_16-20-36_p0019_s280_b4_CONV--zed-rgb.mpeg,280,TAÇA TOMAR VINHO UMA-VEZ SEMANA,TAÇA TOMAR VINHO UMA-VEZ SEMANA
08-04-2024_16-08-41_p0021_s148.11_b2_CONV--ZED-RGB.mpeg,148.11,K,K
12-03-2024_14-16-28_p0022_s6_b1_CONV--zed-rgb.mpeg,6,DOR PESCOÇO,DOR PESCOÇO
05-06-2024_15-11-41_p0037_s225_b4_CONV--ZED-RGB.mpeg,225,ARRITMIA,ARRITMIA
11-06-2024_14-39-27_p0035_s148.16_b2_CONV--ZED-RGB.mpeg,148.16,P,P
28-02-2024_16-55-58_p0011_s148.10_b2_CONV--zed-rgb.mpeg,148.10,J,J
07-05-2024_14-29-33_p0027_sP23.1_b4_CONV--ZED-RGB.mpeg,P23.1,VOCÊ FUMAR,VOCÊ FUMAR
28-02-2024_16-37-22_p0011_s122_b2_CONV--zed-rgb.mpeg,122,TODA-HORA URINAR,TODA-HORA URINAR
31-01-2024_15-10-43_p13_s204--zed-rgb.mpeg,204,DOIS VACINA,DOIS VACINA
10-05-2024_16-35-35_p0033_s31_b1_CONV--ZED-RGB.mpeg,31,MANCHAS-PELE,MANCHAS-PELE
26-02-2024_15-54-32_p0019_s247_b4_CONV--zed-rgb.mpeg,247,ALERGIA FLOR PÓLEN,ALERGIA FLOR PÓLEN
09-05-2024_14-12-48_p0033_s83_b2_CONV--ZED-RGB.mpeg,83,UM-DIA,UM-DIA
05-06-2024_15-30-58_p0037_s263_b4_CONV--ZED-RGB.mpeg,263,DEZ ANO,DEZ ANO
07-05-2024_14-56-30_p0027_s12_b1_CONV--ZED-RGB.mpeg,12,DOR BRAÇO,DOR BRAÇO
16-04-2024_10-58-46_p0025_s276_b4_CONV--ZED-RGB.mpeg,276,GARRAFA UMA-VEZ SEMANA,GARRAFA UMA-VEZ SEMANA
19-07-2024_14-37-59_p0040_s151_b2_CONV--ZED-RGB.mpeg,151,OBRIGADO,OBRIGADO
08-05-2024_10-04-38_p0030_s153_b2_CONV--ZED-RGB.mpeg,153,REPETIR POR-FAVOR,REPETIR POR-FAVOR
26-03-2024_16-26-56_p0022_s257_b4_CONV--ZED-RGB.mpeg,257,ALERGIA REMÉDIO NÃO-TER,ALERGIA REMÉDIO NÃO-TER
08-04-2024_15-41-49_p0021_s111_b2_CONV--ZED-RGB.mpeg,111,DOR PESO,DOR PESO
11-05-2024_10-09-53_p0034_s208_b3_CONV--ZED-RGB.mpeg,208,NÃO TRAZER CARTÃO-DE-VACINA NENHUM,NÃO TRAZER CARTÃO-DE-VACINA NENHUM
12-03-2024_10-15-55_p0021_s210_b4_CONV--zed-rgb.mpeg,210,MOLE,MOLE
18-03-2024_11-36-37_p0013_sP24.1_b4_CONV--ZED-RGB.mpeg,P24.1,BEBIDA ÁLCOOL VOCÊ BEBER VOCÊ,BEBIDA ÁLCOOL VOCÊ BEBER VOCÊ
21-02-2024_11-33-16_p0013_s15_b1_CONV--zed-rgb.mpeg,15,DOR PÉ P-E,DOR PÉ P-E
18-04-2024_10-25-50_p0025_s46_b1_CONV--ZED-RGB.mpeg,46,PROBLEMA OUVIDOS,PROBLEMA OUVIDOS
17-06-2024_15-34-28_p0019_s148.12_b2_CONV--ZED-RGB.mpeg,148.12,L,L
19-06-2024_10-21-55_p0036_s66_b1_CONV--ZED-RGB.mpeg,66,VAGINA VERMELHO SANGRAR,VAGINA VERMELHO SANGRAR
23-05-2024_15-22-20_p0035_s207_b3_CONV--ZED-RGB.mpeg,207,NÃO VACINAR GRIPE,NÃO VACINAR GRIPE
21-02-2024_16-04-03_p0016_s148.7_b2_CONV--zed-rgb.mpeg,148.7,G,G
28-06-2024_15-44-05_p0035_sP24.3_b4_CONV--ZED-RGB.mpeg,P24.3,QUANTOS BEBIDA,QUANTOS BEBIDA
15-05-2024_15-26-34_p0032_s92_b2_CONV--ZED-RGB.mpeg,92,DOR TESTA,DOR TESTA
29-04-2024_16-44-39_p0024_s32_b1_CONV--ZED-RGB.mpeg,32,MANCHAS-PELE VERMELHO,MANCHAS-PELE VERMELHO
02-04-2024_15-50-03_p0021_sP16_b3_CONV--ZED-RGB.mpeg,P16,S-I CORIZA NENHUM COMO TER SENTIR DOR URINAR,S-I CORIZA NENHUM COMO TER SENTIR DOR URINAR
15-05-2024_15-53-20_p0032_s120_b2_CONV--ZED-RGB.mpeg,120,VER DOBRADO,VER DOBRADO
13-03-2024_15-29-14_p0014_s148.21_b2_CONV--zed-rgb.mpeg,148.21,U,U
13-03-2024_15-29-43_p0014_s148.23_b2_CONV--zed-rgb.mpeg,148.23,W,W
16-04-2024_15-37-47_p0016_s176_b3_CONV--ZED-RGB.mpeg,176,TRÊS-MESES,TRÊS-MESES
18-04-2024_15-45-34_p0026_s148.1_b2_CONV--ZED-RGB.mpeg,148.1,A,A
29-04-2024_15-39-57_p0024_s175_b3_CONV--ZED-RGB.mpeg,175,DOIS SEMANA,DOIS SEMANA
27-05-2024_16-57-55_p0032_s64_b1_CONV--ZED-RGB.mpeg,64,QUASE CABEÇA-SAIR NASCER,QUASE CABEÇA-SAIR NASCER
22-02-2024_13-44-55_p0018_s61_b1_CONV--zed-rgb.mpeg,61,PELE QUEIMAR,PELE QUEIMAR
19-06-2024_16-46-21_p0023_s67_b1_CONV--ZED-RGB.mpeg,67,VOMITAR TER VERMELHO,VOMITAR TER VERMELHO
10-05-2024_08-49-18_p0030_s181_b3_CONV--ZED-RGB.mpeg,181,PESCOÇO DOR ESPALHAR,PESCOÇO DOR ESPALHAR
29-04-2024_11-35-51_p0029_s105_b2_CONV--ZED-RGB.mpeg,105,DOR TESTÍCULOS,DOR TESTÍCULOS
20-03-2024_14-48-11_p0015_s158_b3_CONV--ZED-RGB.mpeg,158,SUBIR-MORRO FÍSICO PIOR,SUBIR-MORRO FÍSICO PIOR
26-08-2024_15-24-33_p0019_s26_b1_CONV--ZED-RGB.mp4,26,TOSSIR,TOSSIR
22-02-2024_14-13-52_p0018_sP06.5_b2_CONV--zed-rgb.mpeg,P6.5,DOR IGUAL FINCADA,DOR IGUAL FINCADA
18-04-2024_10-41-13_p0025_s80_b1_CONV--ZED-RGB.mpeg,80,SENTADO EM-PÉ,SENTADO EM-PÉ
22-02-2024_15-22-30_p0014_s163_b3_CONV--zed-rgb.mpeg,163,TOMAR-BANHO CORPO PIOR NÃO,TOMAR-BANHO CORPO PIOR NÃO
26-04-2024_14-35-19_p0028_s11_b1_CONV--ZED-RGB.mpeg,11,DOR GARGANTA,DOR GARGANTA
20-02-2024_16-40-03_p0015_s239_b4_CONV--zed-rgb.mpeg,239,VÍCIO BEBER ÁLCOOL,VÍCIO BEBER ÁLCOOL
05-06-2024_15-38-00_p0037_s274_b4_CONV--ZED-RGB.mpeg,274,DOIS LATAS DUAS-VEZES SEMANA,DOIS LATAS DUAS-VEZES SEMANA
13-03-2024_15-59-22_p0014_s245_b4_CONV--zed-rgb.mpeg,245,ÁCARO ALERGIA,ÁCARO ALERGIA
27-05-2024_16-54-36_p0032_s56_b1_CONV--ZED-RGB.mpeg,56,VERMELHO FEZES,VERMELHO FEZES
13-03-2024_15-07-19_p0014_sP06.6_b2_CONV--zed-rgb.mpeg,P6.6,DOR IGUAL SENTIR CHOQUE,DOR IGUAL SENTIR CHOQUE
02-05-2024_14-57-16_p0026_sP11.1_b3_CONV--ZED-RGB.mpeg,P11.1,SENTIR DOR DEPOIS SUMIR OUTRA-VEZ SENTIR DOR SUMIR VOLTAR SUMIR,SENTIR DOR DEPOIS SUMIR OUTRA-VEZ SENTIR DOR SUMIR VOLTAR SUMIR
29-04-2024_12-04-05_p0029_s151_b2_CONV--ZED-RGB.mpeg,151,OBRIGADO,OBRIGADO
07-05-2024_15-09-29_p0027_s51_b1_CONV--ZED-RGB.mpeg,51,XIXI ESCURO,XIXI ESCURO
21-02-2024_15-56-26_p0016_s145_b2_CONV--zed-rgb.mpeg,145,ÁGUA QUENTE COLOCAR-BRAÇO,ÁGUA QUENTE COLOCAR-BRAÇO
16-07-2024_16-20-24_p0039_s219_b4_CONV--ZED-RGB.mpeg,219,FEZES-LÍQUIDAS RESTOS COMIDA,FEZES-LÍQUIDAS RESTOS COMIDA
02-05-2024_15-48-05_p0026_s219_b4_CONV--ZED-RGB.mpeg,219,FEZES-LÍQUIDAS RESTOS COMIDA,FEZES-LÍQUIDAS RESTOS COMIDA
05-03-2024_10-23-44_p0014_s8_b1_CONV--zed-rgb.mpeg,8,DOR COSTAS,DOR COSTAS
16-04-2024_10-24-56_p0025_s219_b4_CONV--ZED-RGB.mpeg,219,FEZES-LÍQUIDAS RESTOS COMIDA,FEZES-LÍQUIDAS RESTOS COMIDA
13-05-2024_15-51-22_p0028_s170.1_b3_CONV--ZED-RGB.mpeg,170.1,1,1
20-05-2024_16-06-02_p0023_s148.14_b2_CONV--ZED-RGB.mpeg,148.14,N,N
27-03-2024_15-37-14_p0015_s148.10_b2_CONV--ZED-RGB.mpeg,148.10,J,J
03-04-2024_15-40-57_p0023_s223_b4_CONV--ZED-RGB.mpeg,223,DIABETES,DIABETES
18-04-2024_10-17-36_p0025_s25_b1_CONV--ZED-RGB.mpeg,25,FEZES ESCURO,FEZES ESCURO
26-02-2024_15-46-39_p0019_s234_b4_CONV--zed-rgb.mpeg,234,TOSSIR CATARRO VERMELHO,TOSSIR CATARRO VERMELHO
08-05-2024_15-51-42_p0033_s183_b3_CONV--ZED-RGB.mpeg,183,DOR ESPALHAR OMBRO,DOR ESPALHAR OMBRO
05-06-2024_15-09-32_p0037_s222_b4_CONV--ZED-RGB.mpeg,222,DOR-BARRIGA NENHUM,DOR-BARRIGA NENHUM
20-05-2024_15-37-18_p0023_sP06.4_b2_CONV--ZED-RGB.mpeg,P6.4,DOR IGUAL QUEIMAR,DOR IGUAL QUEIMAR
06-05-2024_15-30-14_p0032_s231_b4_CONV--ZED-RGB.mpeg,231,DEPRESSÃO,DEPRESSÃO
08-04-2024_17-03-10_p0021_s79_b1_CONV--ZED-RGB.mpeg,79,SENTADO,SENTADO
11-06-2024_14-16-20_p0035_sP06.5_b2_CONV--ZED-RGB.mpeg,P6.5,DOR IGUAL FINCADA,DOR IGUAL FINCADA
18-06-2024_15-07-18_p0028_s112_b2_CONV--ZED-RGB.mpeg,112,DOR QUEIMAR,DOR QUEIMAR
16-04-2024_10-35-06_p0025_s234_b4_CONV--ZED-RGB.mpeg,234,TOSSIR CATARRO VERMELHO,TOSSIR CATARRO VERMELHO
03-05-2024_14-28-58_p0027_s149_b2_CONV--ZED-RGB.mpeg,149,DEVAGAR,DEVAGAR
20-05-2024_12-33-44_p0034_s271_b4_CONV--ZED-RGB.mpeg,271,CHAMPANHE,CHAMPANHE
05-03-2024_10-46-10_p0014_s74_b1_CONV--zed-rgb.mpeg,74,BEBER,BEBER
06-05-2024_15-37-58_p0032_s248_b4_CONV--ZED-RGB.mpeg,248,ALERGIA CACHORRO,ALERGIA CACHORRO
27-03-2024_15-44-33_p0015_s155_b2_CONV--ZED-RGB.mpeg,155,PARAR,PARAR
22-02-2024_14-34-54_p0018_s148.18_b2_CONV--zed-rgb.mpeg,148.18,R,R
07-05-2024_14-09-53_p0027_s214_b4_CONV--ZED-RGB.mpeg,214,FEZES-LÍQUIDAS BRILHANTE,FEZES-LÍQUIDAS BRILHANTE
28-06-2024_14-12-43_p0035_s18_b1_CONV--ZED-RGB.mpeg,18,DIFÍCIL RESPIRAR,DIFÍCIL RESPIRAR
29-04-2024_17-06-12_p0024_s78_b1_CONV--ZED-RGB.mpeg,78,CALADO DEITADO,CALADO DEITADO
23-05-2024_15-01-14_p0035_s175_b3_CONV--ZED-RGB.mpeg,175,DOIS SEMANA,DOIS SEMANA
10-05-2024_08-41-10_p0030_s172_b3_CONV--ZED-RGB.mpeg,172,VÁRIAS-VEZES,VÁRIAS-VEZES
08-05-2024_09-40-40_p0030_s110_b2_CONV--ZED-RGB.mpeg,110,DOR APERTAR,DOR APERTAR
28-06-2024_15-28-03_p0035_s252_b4_CONV--ZED-RGB.mpeg,252,ALERGIA LEITE,ALERGIA LEITE
03-05-2024_08-33-00_p0030_s17_b1_CONV--ZED-RGB.mpeg,17,CHIAR,CHIAR
03-05-2024_14-13-34_p0027_s119_b2_CONV--ZED-RGB.mpeg,119,SENTIR MAL,SENTIR MAL
29-04-2024_16-27-39_p0024_s8_b1_CONV--ZED-RGB.mpeg,8,DOR COSTAS,DOR COSTAS
23-04-2024_11-27-16_p0024_s232_b4_CONV--ZED-RGB.mpeg,232,ANSIEDADE,ANSIEDADE
28-02-2024_16-13-35_p0011_s91_b2_CONV--zed-rgb.mpeg,91,DOR LADO-CABEÇA LADO-CABEÇA,DOR LADO-CABEÇA LADO-CABEÇA
24-07-2024_14-32-49_p0041_s64_b1_CONV--ZED-RGB.mpeg,64,QUASE CABEÇA-SAIR NASCER,QUASE CABEÇA-SAIR NASCER
07-03-2024_13-40-17_p0010_s83_b2_CONV--zed-rgb.mpeg,83,UM-DIA,UM-DIA
23-04-2024_15-19-48_p0026_s40_b1_CONV--ZED-RGB.mpeg,40,CACHORRO MORDER,CACHORRO MORDER
20-03-2024_14-53-35_p0015_s163_b3_CONV--ZED-RGB.mpeg,163,TOMAR-BANHO CORPO PIOR NÃO,TOMAR-BANHO CORPO PIOR NÃO
12-03-2024_10-49-46_p0021_sP24.3_b4_CONV--zed-rgb.mpeg,P24.3,QUANTOS BEBIDA,QUANTOS BEBIDA
11-06-2024_14-11-02_p0035_s110_b2_CONV--ZED-RGB.mpeg,110,DOR APERTAR,DOR APERTAR
09-05-2024_15-17-21_p0033_s153_b2_CONV--ZED-RGB.mpeg,153,REPETIR POR-FAVOR,REPETIR POR-FAVOR
29-04-2024_11-28-10_p0029_s87_b2_CONV--ZED-RGB.mpeg,87,SIM,SIM
19-03-2024_14-57-46_p0022_sP06.1_b2_CONV--ZED-RGB.mpeg,P6.1,ONDE DOR,ONDE DOR
18-06-2024_15-31-46_p0028_s145_b2_CONV--ZED-RGB.mpeg,145,ÁGUA QUENTE COLOCAR-BRAÇO,ÁGUA QUENTE COLOCAR-BRAÇO
02-04-2024_15-58-33_p0021_s242_b3_CONV--ZED-RGB.mpeg,242,EU USAR REMÉDIO,EU USAR REMÉDIO
27-03-2024_15-33-54_p0015_s147_b2_CONV--ZED-RGB.mpeg,147,JEJUM,JEJUM
16-05-2024_14-49-06_p0034_sP08.1_b2_CONV--ZED-RGB.mpeg,P8.1,S-I FAZER COISAS SENTIR DOR PIORAR,S-I FAZER COISAS SENTIR DOR PIORAR
18-06-2024_15-40-41_p0028_s148.20_b2_CONV--ZED-RGB.mpeg,148.20,T,T
16-04-2024_16-01-18_p0016_s207_b3_CONV--ZED-RGB.mpeg,207,NÃO VACINAR GRIPE,NÃO VACINAR GRIPE
28-02-2024_16-54-45_p0011_s148.6_b2_CONV--zed-rgb.mpeg,148.6,F,F
05-06-2024_15-17-48_p0037_s240_b4_CONV--ZED-RGB.mpeg,240,VÍCIO FUMAR,VÍCIO FUMAR
11-05-2024_10-07-24_p0034_s204_b3_CONV--ZED-RGB.mpeg,204,DOIS VACINA,DOIS VACINA
08-05-2024_15-46-13_p0033_sP12_b3_CONV--ZED-RGB.mpeg,P12,DOR EXEMPLO AQUI LUGAR MESMO O-U ESPALHAR AQUI LUGARES ENTÃO,DOR EXEMPLO AQUI LUGAR MESMO O-U ESPALHAR AQUI LUGARES ENTÃO
26-03-2024_16-31-26_p0022_s264_b4_CONV--ZED-RGB.mpeg,264,CERVEJA,CERVEJA
28-06-2024_14-34-42_p0035_sP02_b1_CONV--ZED-RGB.mpeg,P2,QUANDO COMEÇAR ENTÃO,QUANDO COMEÇAR ENTÃO
10-05-2024_09-42-17_p0030_s223_b4_CONV--ZED-RGB.mpeg,223,DIABETES,DIABETES
26-03-2024_16-15-12_p0022_s230_b4_CONV--ZED-RGB.mpeg,230,DEPRESSÃO,DEPRESSÃO
18-04-2024_10-25-26_p0025_s45_b1_CONV--ZED-RGB.mpeg,45,PROBLEMA OLHOS,PROBLEMA OLHOS
15-05-2024_16-05-59_p0032_s133_b2_CONV--ZED-RGB.mpeg,133,MASTIGAR,MASTIGAR
10-05-2024_15-21-50_p0033_s230_b4_CONV--ZED-RGB.mpeg,230,DEPRESSÃO,DEPRESSÃO
03-05-2024_19-02-11_p0031_sP17.1_b3_CONV--ZED-RGB.mpeg,P17.1,VOCÊ JÁ VACINAR COVID-19,VOCÊ JÁ VACINAR COVID-19
24-07-2024_14-16-56_p0041_s26_b1_CONV--ZED-RGB.mpeg,26,TOSSIR,TOSSIR
27-03-2024_16-32-33_p0015_s79_b1_CONV--ZED-RGB.mpeg,79,SENTADO,SENTADO
19-06-2024_16-44-38_p0023_s64_b1_CONV--ZED-RGB.mpeg,64,QUASE CABEÇA-SAIR NASCER,QUASE CABEÇA-SAIR NASCER
24-05-2024_18-38-55_p0031_s101_b2_CONV--ZED-RGB.mpeg,101,DOR OMBROS,DOR OMBROS
08-04-2024_16-51-19_p0021_s54_b1_CONV--ZED-RGB.mpeg,54,VERMELHO SANGRAR-BOCA,VERMELHO SANGRAR-BOCA
03-05-2024_19-04-44_p0031_sP17.4_b3_CONV--ZED-RGB.mpeg,P17.4,VOCÊ TRAZER CARTÃO-DE-VACINA,VOCÊ TRAZER CARTÃO-DE-VACINA
26-04-2024_14-42-03_p0028_s27_b1_CONV--ZED-RGB.mpeg,27,CATARRO GRIPE,CATARRO GRIPE
26-08-2024_15-51-19_p0019_s81_b1_CONV--ZED-RGB.mp4,81,NÃO-LEMBRAR,NÃO-LEMBRAR
08-04-2024_15-59-21_p0021_s143_b2_CONV--ZED-RGB.mpeg,143,DEITAR,DEITAR
30-01-2024_14-31-51_p12_s105--zed-rgb.mpeg,105,DOR TESTÍCULOS,DOR TESTÍCULOS
03-05-2024_19-03-45_p0031_s206_b3_CONV--ZED-RGB.mpeg,206,QUATRO VACINA,QUATRO VACINA
16-04-2024_10-22-47_p0025_s215_b4_CONV--ZED-RGB.mpeg,215,FEZES-LÍQUIDAS BORBULHAR,FEZES-LÍQUIDAS BORBULHAR
08-04-2024_15-31-16_p0021_s94_b2_CONV--ZED-RGB.mpeg,94,DOR OUVIDO-DIREITO OUVIDO-ESQUERDO,DOR OUVIDO-DIREITO OUVIDO-ESQUERDO
20-05-2024_16-11-21_p0023_s155_b2_CONV--ZED-RGB.mpeg,155,PARAR,PARAR
07-05-2024_15-10-29_p0027_s54_b1_CONV--ZED-RGB.mpeg,54,VERMELHO SANGRAR-BOCA,VERMELHO SANGRAR-BOCA
19-07-2024_15-42-53_p0040_s59_b1_CONV--ZED-RGB.mpeg,59,TRAUMA,TRAUMA
24-05-2024_18-45-56_p0031_sP06.5_b2_CONV--ZED-RGB.mpeg,P6.5,DOR IGUAL FINCADA,DOR IGUAL FINCADA
08-04-2024_16-38-24_p0021_s18_b1_CONV--ZED-RGB.mpeg,18,DIFÍCIL RESPIRAR,DIFÍCIL RESPIRAR
23-05-2024_14-55-52_p0035_s170.8_b3_CONV--ZED-RGB.mpeg,170.8,8,8
27-03-2024_16-08-24_p0015_s25_b1_CONV--ZED-RGB.mpeg,25,FEZES ESCURO,FEZES ESCURO
22-02-2024_13-19-23_p0018_s4_b1_CONV--zed-rgb.mpeg,4,CONVULSÃO ENROLAR-LÍNGUA,CONVULSÃO ENROLAR-LÍNGUA
15-05-2024_16-45-24_p0032_s148.14_b2_CONV--ZED-RGB.mpeg,148.14,N,N
20-03-2024_15-00-07_p0015_s170.0_b3_CONV--ZED-RGB.mpeg,170.0,0,0
10-05-2024_16-51-58_p0033_s77_b1_CONV--ZED-RGB.mpeg,77,EXERCÍCIO-FÍSICO,EXERCÍCIO-FÍSICO
10-05-2024_09-51-01_p0030_s248_b4_CONV--ZED-RGB.mpeg,248,ALERGIA CACHORRO,ALERGIA CACHORRO
05-06-2024_09-47-06_p0036_s212_b4_CONV--ZED-RGB.mpeg,212,FEZES-LÍQUIDAS,FEZES-LÍQUIDAS
19-06-2024_16-38-20_p0023_s48_b1_CONV--ZED-RGB.mpeg,48,XIXI VAZAR,XIXI VAZAR
20-05-2024_15-16-10_p0023_s88_b2_CONV--ZED-RGB.mpeg,88,NÃO,NÃO
26-03-2024_16-05-41_p0022_s211_b4_CONV--ZED-RGB.mpeg,211,FRAGMENTOS MISTURAR MOLE,FRAGMENTOS MISTURAR MOLE
28-02-2024_16-24-25_p0011_s108_b2_CONV--zed-rgb.mpeg,108,DOR LEVE,DOR LEVE
10-05-2024_16-24-00_p0033_s4_b1_CONV--ZED-RGB.mpeg,4,CONVULSÃO ENROLAR-LÍNGUA,CONVULSÃO ENROLAR-LÍNGUA
18-03-2024_11-21-24_p0013_s231_b4_CONV--ZED-RGB.mpeg,231,DEPRESSÃO,DEPRESSÃO
30-01-2024_11-02-21_p11_s3--zed-rgb.mpeg,3,MUDAR COMPORTAMENTO,MUDAR COMPORTAMENTO
09-05-2024_14-19-24_p0033_s91_b2_CONV--ZED-RGB.mpeg,91,DOR LADO-CABEÇA LADO-CABEÇA,DOR LADO-CABEÇA LADO-CABEÇA
23-04-2024_15-03-05_p0026_s8_b1_CONV--ZED-RGB.mpeg,8,DOR COSTAS,DOR COSTAS
26-02-2024_15-40-20_p0019_s227_b4_CONV--zed-rgb.mpeg,227,ASMA,ASMA
20-05-2024_11-53-30_p0034_s70_b1_CONV--ZED-RGB.mpeg,70,1-HORA,1-HORA
08-04-2024_15-26-26_p0021_sP06.1_b2_CONV--ZED-RGB.mpeg,P6.1,ONDE DOR,ONDE DOR
03-05-2024_18-39-55_p0031_s173_b3_CONV--ZED-RGB.mpeg,173,SEMPRE SEMPRE,SEMPRE SEMPRE
10-05-2024_16-33-24_p0033_s26_b1_CONV--ZED-RGB.mpeg,26,TOSSIR,TOSSIR
16-07-2024_16-27-39_p0039_s223_b4_CONV--ZED-RGB.mpeg,223,DIABETES,DIABETES
24-07-2024_14-11-20_p0041_s12_b1_CONV--ZED-RGB.mpeg,12,DOR BRAÇO,DOR BRAÇO
27-03-2024_15-05-43_p0015_s88_b2_CONV--ZED-RGB.mpeg,88,NÃO,NÃO
30-01-2024_11-23-57_p11_s64--zed-rgb.mpeg,64,QUASE CABEÇA-SAIR NASCER,QUASE CABEÇA-SAIR NASCER
24-07-2024_15-26-18_p0041_s272_b4_CONV--ZED-RGB.mpeg,272,UM LATA TODO-DIA,UM LATA TODO-DIA
19-07-2024_15-43-34_p0040_s60_b1_CONV--ZED-RGB.mpeg,60,AGREDIR,AGREDIR
18-04-2024_15-47-54_p0026_s148.12_b2_CONV--ZED-RGB.mpeg,148.12,L,L
26-02-2024_15-57-09_p0019_s252_b4_CONV--zed-rgb.mpeg,252,ALERGIA LEITE,ALERGIA LEITE
08-05-2024_15-10-59_p0033_sP09.1_b3_CONV--ZED-RGB.mpeg,P9.1,PEITO DOR O-U FALTAR A-R INSPIRAR PIORAR MOMENTO FÍSICO ESFORÇAR,PEITO DOR O-U FALTAR A-R INSPIRAR PIORAR MOMENTO FÍSICO ESFORÇAR
22-02-2024_14-33-24_p0018_s148.11_b2_CONV--zed-rgb.mpeg,148.11,K,K
07-05-2024_15-06-37_p0027_s42_b1_CONV--ZED-RGB.mpeg,42,COBRA PICAR,COBRA PICAR
06-05-2024_16-10-22_p0032_s281_b4_CONV--ZED-RGB.mpeg,281,TAÇA TOMAR VINHO TODO-DIA,TAÇA TOMAR VINHO TODO-DIA
19-03-2024_14-58-36_p0022_s90_b2_CONV--ZED-RGB.mpeg,90,DOR OUVIDO,DOR OUVIDO
22-02-2024_14-11-13_p0018_s112_b2_CONV--zed-rgb.mpeg,112,DOR QUEIMAR,DOR QUEIMAR
28-02-2024_16-14-38_p0011_s93_b2_CONV--zed-rgb.mpeg,93,DOR NUCA,DOR NUCA
22-02-2024_14-39-10_p0018_s152_b2_CONV--zed-rgb.mpeg,152,OBRIGADO,OBRIGADO
29-04-2024_15-16-41_p0024_s159_b3_CONV--ZED-RGB.mpeg,159,SUBIR-MORRO CORPO PIOR NÃO,SUBIR-MORRO CORPO PIOR NÃO
19-06-2024_16-22-05_p0023_s13_b1_CONV--ZED-RGB.mpeg,13,DOR PERNA,DOR PERNA
29-02-2024_14-02-30_p0010_s39_b1_CONV--zed-rgb.mpeg,39,MORDER,MORDER
25-03-2024_16-31-40_p0020_s137_b2_CONV--ZED-RGB.mpeg,137,ESTRESSE,ESTRESSE
24-05-2024_18-34-27_p0031_s89_b2_CONV--ZED-RGB.mpeg,89,DOR LADO-CABEÇA,DOR LADO-CABEÇA
29-04-2024_15-47-45_p0024_s184_b3_CONV--ZED-RGB.mpeg,184,DOR BRAÇO-ESPALHAR,DOR BRAÇO-ESPALHAR
22-02-2024_14-17-39_p0018_s119_b2_CONV--zed-rgb.mpeg,119,SENTIR MAL,SENTIR MAL
03-05-2024_18-37-02_p0031_s170.9_b3_CONV--ZED-RGB.mpeg,170.9,9,9
16-05-2024_14-25-00_p0034_s90_b2_CONV--ZED-RGB.mpeg,90,DOR OUVIDO,DOR OUVIDO
22-02-2024_14-13-32_p0018_sP06.4_b2_CONV--zed-rgb.mpeg,P6.4,DOR IGUAL QUEIMAR,DOR IGUAL QUEIMAR
28-02-2024_16-58-21_p0011_s148.18_b2_CONV--zed-rgb.mpeg,148.18,R,R
08-04-2024_15-42-59_p0021_s114_b2_CONV--ZED-RGB.mpeg,114,DOR CHOQUE,DOR CHOQUE
26-02-2024_16-14-46_p0019_s270_b4_CONV--zed-rgb.mpeg,270,G-I-N,G-I-N
19-06-2024_09-52-29_p0036_s9_b1_CONV--ZED-RGB.mpeg,9,DOR LOMBAR,DOR LOMBAR
29-04-2024_15-46-44_p0024_s182_b3_CONV--ZED-RGB.mpeg,182,QUEIXO DOR ESPALHAR,QUEIXO DOR ESPALHAR
18-06-2024_16-55-29_p0028_s274_b4_CONV--ZED-RGB.mpeg,274,DOIS LATAS DUAS-VEZES SEMANA,DOIS LATAS DUAS-VEZES SEMANA
24-05-2024_18-56-58_p0031_s129_b2_CONV--ZED-RGB.mpeg,129,LOCAIS LUZ-FORTE,LOCAIS LUZ-FORTE
22-02-2024_15-48-31_p0014_s200_b3_CONV--zed-rgb.mpeg,200,CATARRO COLA VERDE,CATARRO COLA VERDE
08-04-2024_15-55-00_p0021_s134_b2_CONV--ZED-RGB.mpeg,134,MASTIGAR,MASTIGAR
22-02-2024_10-53-54_p0017_s170.3_b3_CONV--zed-rgb.mpeg,170.3,3,3
20-05-2024_11-39-40_p0034_s44_b1_CONV--ZED-RGB.mpeg,44,PRESSÃO-ARTERIAL ALTO-BAIXO,PRESSÃO-ARTERIAL ALTO-BAIXO
19-07-2024_15-45-08_p0040_s63_b1_CONV--ZED-RGB.mpeg,63,TIRO FURAR-BARRIGA,TIRO FURAR-BARRIGA
05-06-2024_10-39-38_p0036_s283_b4_CONV--ZED-RGB.mpeg,283,UM COPO UMA-VEZ SEMANA,UM COPO UMA-VEZ SEMANA
27-03-2024_16-09-21_p0015_s28_b1_CONV--ZED-RGB.mpeg,28,NARIZ-LADOS FECHAR,NARIZ-LADOS FECHAR
07-05-2024_14-34-00_p0027_s266_b4_CONV--ZED-RGB.mpeg,266,DOSE ÁLCOOL,DOSE ÁLCOOL
16-04-2024_15-31-07_p0016_s170.2_b3_CONV--ZED-RGB.mpeg,170.2,2,2
03-04-2024_15-56-38_p0023_s251_b4_CONV--ZED-RGB.mpeg,251,ALERGIA GRUPO BORRACHA,ALERGIA GRUPO BORRACHA
27-05-2024_17-02-45_p0032_s75_b1_CONV--ZED-RGB.mpeg,75,TOSSIR,TOSSIR
26-03-2024_15-21-47_p0022_s178_b3_CONV--ZED-RGB.mpeg,178,CINCO ANO,CINCO ANO
03-05-2024_14-29-35_p0027_s152_b2_CONV--ZED-RGB.mpeg,152,OBRIGADO,OBRIGADO
20-05-2024_15-50-39_p0023_s134_b2_CONV--ZED-RGB.mpeg,134,MASTIGAR,MASTIGAR
10-05-2024_16-38-38_p0033_s38_b1_CONV--ZED-RGB.mpeg,38,TENTAR SUICIDAR,TENTAR SUICIDAR
13-05-2024_16-33-36_p0028_s205_b3_CONV--ZED-RGB.mpeg,205,TRÊS VACINA,TRÊS VACINA
24-05-2024_19-04-33_p0031_s148.2_b2_CONV--ZED-RGB.mpeg,148.2,B,B
07-05-2024_14-39-47_p0027_s278_b4_CONV--ZED-RGB.mpeg,278,UMA-DOSE TOMAR TODO-DIA,UMA-DOSE TOMAR TODO-DIA
11-06-2024_14-27-01_p0035_s134_b2_CONV--ZED-RGB.mpeg,134,MASTIGAR,MASTIGAR
27-05-2024_15-55-54_p0032_sP15.2_b3_CONV--ZED-RGB.mpeg,P15.2,TOSSE COMO,TOSSE COMO
26-04-2024_14-32-02_p0028_s3_b1_CONV--ZED-RGB.mpeg,3,MUDAR COMPORTAMENTO,MUDAR COMPORTAMENTO
03-05-2024_14-26-30_p0027_s148.17_b2_CONV--ZED-RGB.mpeg,148.17,Q,Q
16-05-2024_14-55-28_p0034_s131_b2_CONV--ZED-RGB.mpeg,131,PERÍODO MENSTRUAR,PERÍODO MENSTRUAR
27-03-2024_15-13-15_p0015_sP06.2_b2_CONV--ZED-RGB.mpeg,P6.2,COMO DOR,COMO DOR
26-03-2024_16-24-59_p0022_s255_b4_CONV--ZED-RGB.mpeg,255,ALERGIA CATEGORIA T-R-I-G-O FARINHA,ALERGIA CATEGORIA T-R-I-G-O FARINHA
30-04-2024_13-43-38_p0024_s148.1_b2_CONV--ZED-RGB.mpeg,148.1,A,A
11-06-2024_13-59-53_p0035_s93_b2_CONV--ZED-RGB.mpeg,93,DOR NUCA,DOR NUCA
05-03-2024_10-35-54_p0014_s43_b1_CONV--zed-rgb.mpeg,43,ESCORPIÃO PICAR,ESCORPIÃO PICAR
27-05-2024_16-56-30_p0032_s61_b1_CONV--ZED-RGB.mpeg,61,PELE QUEIMAR,PELE QUEIMAR
02-05-2024_16-06-26_p0026_s261_b4_CONV--ZED-RGB.mpeg,261,UM ANO,UM ANO
26-04-2024_15-04-42_p0028_s65_b1_CONV--ZED-RGB.mpeg,65,NASCER VIVO,NASCER VIVO
19-03-2024_15-18-29_p0022_s121_b2_CONV--ZED-RGB.mpeg,121,VER MANCHAS,VER MANCHAS
26-03-2024_16-31-06_p0022_sP24.2_b4_CONV--ZED-RGB.mpeg,P24.2,BEBIDA QUAL,BEBIDA QUAL
20-03-2024_15-03-27_p0015_s170.9_b3_CONV--ZED-RGB.mpeg,170.9,9,9
18-03-2024_11-29-45_p0013_s253_b4_CONV--ZED-RGB.mpeg,253,ALERGIA O-V-O OVO,ALERGIA O-V-O OVO
27-05-2024_16-46-28_p0032_s39_b1_CONV--ZED-RGB.mpeg,39,MORDER,MORDER
19-03-2024_15-35-53_p0022_s145_b2_CONV--ZED-RGB.mpeg,145,ÁGUA QUENTE COLOCAR-BRAÇO,ÁGUA QUENTE COLOCAR-BRAÇO
28-02-2024_16-55-12_p0011_s148.8_b2_CONV--zed-rgb.mpeg,148.8,H,H
18-04-2024_10-15-54_p0025_s21_b1_CONV--ZED-RGB.mpeg,21,EVACUAR-ESPALHAR,EVACUAR-ESPALHAR
28-06-2024_15-11-02_p0035_s220_b4_CONV--ZED-RGB.mpeg,220,TER M-U-C-O COLA,TER M-U-C-O COLA
10-05-2024_16-33-10_p0033_s25_b1_CONV--ZED-RGB.mpeg,25,FEZES ESCURO,FEZES ESCURO
07-05-2024_15-18-34_p0027_s73_b1_CONV--ZED-RGB.mpeg,73,COMER,COMER
21-02-2024_11-50-37_p0013_s51_b1_CONV--zed-rgb.mpeg,51,XIXI ESCURO,XIXI ESCURO
19-06-2024_10-01-50_p0036_s28_b1_CONV--ZED-RGB.mpeg,28,NARIZ-LADOS FECHAR,NARIZ-LADOS FECHAR
24-07-2024_14-11-43_p0041_s13_b1_CONV--ZED-RGB.mpeg,13,DOR PERNA,DOR PERNA
05-06-2024_10-18-56_p0036_s256_b4_CONV--ZED-RGB.mpeg,256,ALERGIA AMENDOIM,ALERGIA AMENDOIM
22-02-2024_14-09-33_p0018_sP06.2_b2_CONV--zed-rgb.mpeg,P6.2,COMO DOR,COMO DOR
25-03-2024_15-58-47_p0020_s277_b4_CONV--ZED-RGB.mpeg,277,DOIS GARRAFAS DUAS-VEZES SEMANA,DOIS GARRAFAS DUAS-VEZES SEMANA
19-07-2024_14-39-56_p0040_s156_b2_CONV--ZED-RGB.mpeg,156,NÃO-ENTENDER,NÃO-ENTENDER
18-04-2024_15-24-23_p0026_s92_b2_CONV--ZED-RGB.mpeg,92,DOR TESTA,DOR TESTA
19-03-2024_15-29-26_p0022_s138_b2_CONV--ZED-RGB.mpeg,138,APERTAR,APERTAR
23-04-2024_11-45-22_p0024_s268_b4_CONV--ZED-RGB.mpeg,268,UÍSQUE,UÍSQUE
03-04-2024_15-51-17_p0023_s237_b4_CONV--ZED-RGB.mpeg,237,RINS FRACO,RINS FRACO
19-06-2024_16-45-24_p0023_s66_b1_CONV--ZED-RGB.mpeg,66,VAGINA VERMELHO SANGRAR,VAGINA VERMELHO SANGRAR
02-05-2024_15-57-25_p0026_s238_b4_CONV--ZED-RGB.mpeg,238,SUAR TIREÓIDE DIMINUIR,SUAR TIREÓIDE DIMINUIR
18-06-2024_15-27-26_p0028_s139_b2_CONV--ZED-RGB.mpeg,139,BRAÇO MEXER-BRAÇO,BRAÇO MEXER-BRAÇO
28-06-2024_14-36-36_p0035_s71_b1_CONV--ZED-RGB.mpeg,71,2-HORA,2-HORA
01-08-2024_17-03-59_p0042_s242_b3_CONV--ZED-RGB.mpeg,242,EU USAR REMÉDIO,EU USAR REMÉDIO
19-06-2024_10-18-01_p0036_s61_b1_CONV--ZED-RGB.mpeg,61,PELE QUEIMAR,PELE QUEIMAR
07-05-2024_15-14-54_p0027_s64_b1_CONV--ZED-RGB.mpeg,64,QUASE CABEÇA-SAIR NASCER,QUASE CABEÇA-SAIR NASCER
03-05-2024_14-26-42_p0027_s148.18_b2_CONV--ZED-RGB.mpeg,148.18,R,R
26-04-2024_15-07-27_p0028_s69_b1_CONV--ZED-RGB.mpeg,69,30 MINUTO,30 MINUTO
26-03-2024_16-38-50_p0022_s282_b4_CONV--ZED-RGB.mpeg,282,UM COPO CHEIO TODO-DIA,UM COPO CHEIO TODO-DIA
19-06-2024_16-29-56_p0023_s28_b1_CONV--ZED-RGB.mpeg,28,NARIZ-LADOS FECHAR,NARIZ-LADOS FECHAR
24-05-2024_19-04-50_p0031_s148.3_b2_CONV--ZED-RGB.mpeg,148.3,C,C
12-03-2024_14-43-50_p0022_s67_b1_CONV--zed-rgb.mpeg,67,VOMITAR TER VERMELHO,VOMITAR TER VERMELHO
19-03-2024_15-11-03_p0022_s110_b2_CONV--ZED-RGB.mpeg,110,DOR APERTAR,DOR APERTAR
08-06-2024_10-21-39_p0031_s8_b1_CONV--ZED-RGB.mpeg,8,DOR COSTAS,DOR COSTAS
30-01-2024_14-15-35_p12_s91--zed-rgb.mpeg,91,DOR LADO-CABEÇA LADO-CABEÇA,DOR LADO-CABEÇA LADO-CABEÇA
18-03-2024_11-31-22_p0013_s256_b4_CONV--ZED-RGB.mpeg,256,ALERGIA AMENDOIM,ALERGIA AMENDOIM
24-05-2024_19-11-08_p0031_s148.18_b2_CONV--ZED-RGB.mpeg,148.18,R,R
19-03-2024_15-16-52_p0022_s118_b2_CONV--ZED-RGB.mpeg,118,OLHOS-LACRIMEJAR,OLHOS-LACRIMEJAR
06-05-2024_15-36-07_p0032_s245_b4_CONV--ZED-RGB.mpeg,245,ÁCARO ALERGIA,ÁCARO ALERGIA
30-04-2024_13-49-11_p0024_s148.20_b2_CONV--ZED-RGB.mpeg,148.20,T,T
25-03-2024_15-39-00_p0020_s232_b4_CONV--ZED-RGB.mpeg,232,ANSIEDADE,ANSIEDADE
11-06-2024_14-29-25_p0035_s140_b2_CONV--ZED-RGB.mpeg,140,PERNAS MEXER-PERNAS,PERNAS MEXER-PERNAS
02-05-2024_14-55-39_p0026_s170.7_b3_CONV--ZED-RGB.mpeg,170.7,7,7
12-06-2024_10-30-19_p0036_s148.24_b2_CONV--ZED-RGB.mpeg,148.24,X,X
17-06-2024_14-53-04_p0019_s89_b2_CONV--ZED-RGB.mpeg,89,DOR LADO-CABEÇA,DOR LADO-CABEÇA
08-05-2024_16-15-02_p0033_sP15.4_b3_CONV--ZED-RGB.mpeg,P15.4,CATARRO COLA COR QUAL,CATARRO COLA COR QUAL
22-02-2024_11-56-12_p0017_s273_b4_CONV--zed-rgb.mpeg,273,UM LATA UMA-VEZ SEMANA,UM LATA UMA-VEZ SEMANA
23-05-2024_15-11-27_p0035_sP13.2_b3_CONV--ZED-RGB.mpeg,P13.2,MOMENTO FICAR-EM-PÉ SENTAR DEITAR DOR PIORAR,MOMENTO FICAR-EM-PÉ SENTAR DEITAR DOR PIORAR
12-03-2024_10-16-52_p0021_s214_b4_CONV--zed-rgb.mpeg,214,FEZES-LÍQUIDAS BRILHANTE,FEZES-LÍQUIDAS BRILHANTE
02-05-2024_14-55-07_p0026_s170.5_b3_CONV--ZED-RGB.mpeg,170.5,5,5
21-02-2024_16-07-46_p0016_s148.16_b2_CONV--zed-rgb.mpeg,148.16,P,P
13-03-2024_16-02-32_p0014_s251_b4_CONV--zed-rgb.mpeg,251,ALERGIA GRUPO BORRACHA,ALERGIA GRUPO BORRACHA
08-04-2024_15-40-11_p0021_s107_b2_CONV--ZED-RGB.mpeg,107,DOR PROFUNDO,DOR PROFUNDO
01-08-2024_16-02-07_p0042_s162_b3_CONV--ZED-RGB.mpeg,162,TOMAR-BANHO CORPO PIOR,TOMAR-BANHO CORPO PIOR
19-06-2024_10-23-45_p0036_s68_b1_CONV--ZED-RGB.mpeg,68,15 MINUTO,15 MINUTO
17-06-2024_15-22-58_p0019_s136_b2_CONV--ZED-RGB.mpeg,136,ANDAR,ANDAR
30-01-2024_11-25-28_p11_sP02--zed-rgb.mpeg,P2,QUANDO COMEÇAR ENTÃO,QUANDO COMEÇAR ENTÃO
18-04-2024_15-45-47_p0026_s148.2_b2_CONV--ZED-RGB.mpeg,148.2,B,B
13-03-2024_14-58-39_p0014_s101_b2_CONV--zed-rgb.mpeg,101,DOR OMBROS,DOR OMBROS
12-03-2024_10-36-50_p0021_s249_b4_CONV--zed-rgb.mpeg,249,ALERGIA GATO,ALERGIA GATO
23-05-2024_15-16-10_p0035_sP15.4_b3_CONV--ZED-RGB.mpeg,P15.4,CATARRO COLA COR QUAL,CATARRO COLA COR QUAL
08-05-2024_10-00-18_p0030_s148.15_b2_CONV--ZED-RGB.mpeg,148.15,O,O
02-04-2024_15-25-10_p0021_sP11.2_b3_CONV--ZED-RGB.mpeg,P11.2,SENTIR DOR OUTRAS-VEZES DIVERSAS-VEZES ENTÃO,SENTIR DOR OUTRAS-VEZES DIVERSAS-VEZES ENTÃO
18-03-2024_11-21-06_p0013_s230_b4_CONV--ZED-RGB.mpeg,230,DEPRESSÃO,DEPRESSÃO
08-06-2024_10-36-31_p0031_s48_b1_CONV--ZED-RGB.mpeg,48,XIXI VAZAR,XIXI VAZAR
19-06-2024_16-51-00_p0023_s77_b1_CONV--ZED-RGB.mpeg,77,EXERCÍCIO-FÍSICO,EXERCÍCIO-FÍSICO
29-02-2024_14-02-45_p0010_s40_b1_CONV--zed-rgb.mpeg,40,CACHORRO MORDER,CACHORRO MORDER
27-03-2024_16-30-46_p0015_s78_b1_CONV--ZED-RGB.mpeg,78,CALADO DEITADO,CALADO DEITADO
12-03-2024_14-25-57_p0022_s24_b1_CONV--zed-rgb.mpeg,24,VOMITAR,VOMITAR
02-04-2024_15-18-36_p0021_s170.7_b3_CONV--ZED-RGB.mpeg,170.7,7,7
03-05-2024_14-26-55_p0027_s148.19_b2_CONV--ZED-RGB.mpeg,148.19,S,S
02-05-2024_15-26-06_p0026_sP21.2_b3_CONV--ZED-RGB.mpeg,P21.2,USAR REMÉDIO,USAR REMÉDIO
21-02-2024_15-20-29_p0016_s89_b2_CONV--zed-rgb.mpeg,89,DOR LADO-CABEÇA,DOR LADO-CABEÇA
18-03-2024_15-43-57_p0020_s70_b1_CONV--ZED-RGB.mpeg,70,1-HORA,1-HORA
18-06-2024_14-56-34_p0028_sP06.1_b2_CONV--ZED-RGB.mpeg,P6.1,ONDE DOR,ONDE DOR
22-02-2024_14-32-08_p0018_s148.5_b2_CONV--zed-rgb.mpeg,148.5,E,E
27-03-2024_15-33-36_p0015_s146_b2_CONV--ZED-RGB.mpeg,146,REMÉDIO,REMÉDIO
28-06-2024_15-15-40_p0035_s225_b4_CONV--ZED-RGB.mpeg,225,ARRITMIA,ARRITMIA
18-03-2024_11-39-32_p0013_s271_b4_CONV--ZED-RGB.mpeg,271,CHAMPANHE,CHAMPANHE
20-05-2024_12-09-21_p0034_s224_b4_CONV--ZED-RGB.mpeg,224,INFARTO,INFARTO
03-05-2024_14-02-54_p0027_s89_b2_CONV--ZED-RGB.mpeg,89,DOR LADO-CABEÇA,DOR LADO-CABEÇA
02-05-2024_15-00-34_p0026_s175_b3_CONV--ZED-RGB.mpeg,175,DOIS SEMANA,DOIS SEMANA
18-04-2024_15-41-24_p0026_s140_b2_CONV--ZED-RGB.mpeg,140,PERNAS MEXER-PERNAS,PERNAS MEXER-PERNAS
23-05-2024_14-51-07_p0035_sP10_b3_CONV--ZED-RGB.mpeg,P10,SOBRE DOR PERÍODO COMEÇA-EM-UM FRACO SEQUÊNCIA-CINCO MÉDIA ATÉ-DEZ EXTREMAMENTE-FORTE PERÍODO-TEMPO QUAL VOCÊ SENTIR QUAL ESSE-PERÍODO DOR EQUIVALER QUAL,SOBRE DOR PERÍODO COMEÇA-EM-UM FRACO SEQUÊNCIA-CINCO MÉDIA ATÉ-DEZ EXTREMAMENTE-FORTE PERÍODO-TEMPO QUAL VOCÊ SENTIR QUAL ESSE-PERÍODO DOR EQUIVALER QUAL
27-03-2024_15-25-51_p0015_s127_b2_CONV--ZED-RGB.mpeg,127,COMER COISAS ÓLEO,COMER COISAS ÓLEO
05-06-2024_15-40-43_p0037_s278_b4_CONV--ZED-RGB.mpeg,278,UMA-DOSE TOMAR TODO-DIA,UMA-DOSE TOMAR TODO-DIA
16-05-2024_15-06-51_p0034_s148.9_b2_CONV--ZED-RGB.mpeg,148.9,I,I
03-05-2024_18-46-56_p0031_s180_b3_CONV--ZED-RGB.mpeg,180,NUCA DOR ESPALHAR,NUCA DOR ESPALHAR
22-02-2024_11-58-58_p0017_s281_b4_CONV--zed-rgb.mpeg,281,TAÇA TOMAR VINHO TODO-DIA,TAÇA TOMAR VINHO TODO-DIA
08-05-2024_09-50-10_p0030_s132_b2_CONV--ZED-RGB.mpeg,132,NARIZ ESPIRRAR,NARIZ ESPIRRAR
03-04-2024_16-14-11_p0023_s281_b4_CONV--ZED-RGB.mpeg,281,TAÇA TOMAR VINHO TODO-DIA,TAÇA TOMAR VINHO TODO-DIA
13-03-2024_15-13-45_p0014_s126_b2_CONV--zed-rgb.mpeg,126,BEBER ÁLCOOL,BEBER ÁLCOOL
07-05-2024_14-19-49_p0027_s236_b4_CONV--ZED-RGB.mpeg,236,FÍGADO INFLAMADO,FÍGADO INFLAMADO
12-06-2024_10-21-06_p0036_s148.12_b2_CONV--ZED-RGB.mpeg,148.12,L,L
27-05-2024_15-52-33_p0032_s192_b3_CONV--ZED-RGB.mpeg,192,FICAR-EM-PÉ SENTAR DEITAR DOR PIORAR SIM,FICAR-EM-PÉ SENTAR DEITAR DOR PIORAR SIM
07-05-2024_15-02-30_p0027_s30_b1_CONV--ZED-RGB.mpeg,30,FERIR PELE,FERIR PELE
19-07-2024_15-44-26_p0040_s62_b1_CONV--ZED-RGB.mpeg,62,MATERIAL GRUPO CORTAR TAMBÉM OBJETO-FINO-LONGO FINCAR,MATERIAL GRUPO CORTAR TAMBÉM OBJETO-FINO-LONGO FINCAR
28-06-2024_14-09-22_p0035_s9_b1_CONV--ZED-RGB.mpeg,9,DOR LOMBAR,DOR LOMBAR
26-04-2024_14-46-24_p0028_s33_b1_CONV--ZED-RGB.mpeg,33,COÇAR,COÇAR
23-05-2024_15-15-28_p0035_s195_b3_CONV--ZED-RGB.mpeg,195,CATARRO COLA NENHUM,CATARRO COLA NENHUM
18-03-2024_11-27-11_p0013_s247_b4_CONV--ZED-RGB.mpeg,247,ALERGIA FLOR PÓLEN,ALERGIA FLOR PÓLEN
17-07-2024_14-53-49_p0041_s148.23_b2_CONV--ZED-RGB.mpeg,148.23,W,W
24-07-2024_15-28-55_p0041_s278_b4_CONV--ZED-RGB.mpeg,278,UMA-DOSE TOMAR TODO-DIA,UMA-DOSE TOMAR TODO-DIA
08-06-2024_10-42-44_p0031_s61_b1_CONV--ZED-RGB.mpeg,61,PELE QUEIMAR,PELE QUEIMAR
15-05-2024_16-42-17_p0032_s148.6_b2_CONV--ZED-RGB.mpeg,148.6,F,F
29-04-2024_11-28-41_p0029_sP06.1_b2_CONV--ZED-RGB.mpeg,P6.1,ONDE DOR,ONDE DOR
29-02-2024_13-35-13_p0010_s2_b1_CONV--zed-rgb.mpeg,2,CONFUSÃO,CONFUSÃO
28-02-2024_16-59-05_p0011_s148.20_b2_CONV--zed-rgb.mpeg,148.20,T,T
21-02-2024_16-11-17_p0016_s152_b2_CONV--zed-rgb.mpeg,152,OBRIGADO,OBRIGADO
23-04-2024_15-29-27_p0026_s64_b1_CONV--ZED-RGB.mpeg,64,QUASE CABEÇA-SAIR NASCER,QUASE CABEÇA-SAIR NASCER
21-02-2024_15-34-05_p0016_sP06.6_b2_CONV--zed-rgb.mpeg,P6.6,DOR IGUAL SENTIR CHOQUE,DOR IGUAL SENTIR CHOQUE
28-06-2024_15-43-31_p0035_s270_b4_CONV--ZED-RGB.mpeg,270,G-I-N,G-I-N
20-05-2024_15-42-52_p0023_s124_b2_CONV--ZED-RGB.mpeg,124,GASES,GASES
27-05-2024_16-49-06_p0032_s42_b1_CONV--ZED-RGB.mpeg,42,COBRA PICAR,COBRA PICAR
20-02-2024_16-32-22_p0015_s231_b4_CONV--zed-rgb.mpeg,231,DEPRESSÃO,DEPRESSÃO
28-06-2024_14-20-58_p0035_s40_b1_CONV--ZED-RGB.mpeg,40,CACHORRO MORDER,CACHORRO MORDER
08-04-2024_15-23-29_p0021_s83_b2_CONV--ZED-RGB.mpeg,83,UM-DIA,UM-DIA
15-05-2024_16-43-53_p0032_s148.10_b2_CONV--ZED-RGB.mpeg,148.10,J,J
26-03-2024_16-36-57_p0022_s278_b4_CONV--ZED-RGB.mpeg,278,UMA-DOSE TOMAR TODO-DIA,UMA-DOSE TOMAR TODO-DIA
19-06-2024_10-00-06_p0036_s24_b1_CONV--ZED-RGB.mpeg,24,VOMITAR,VOMITAR
24-04-2024_16-00-12_p0027_s194_b3_CONV--ZED-RGB.mpeg,194,TOSSE SECO,TOSSE SECO
08-04-2024_16-17-11_p0021_s150_b2_CONV--ZED-RGB.mpeg,150,ENTENDER,ENTENDER
18-04-2024_15-35-35_p0026_s123_b2_CONV--ZED-RGB.mpeg,123,ZUMBIDO OUVIDO,ZUMBIDO OUVIDO
23-04-2024_11-33-26_p0024_s251_b4_CONV--ZED-RGB.mpeg,251,ALERGIA GRUPO BORRACHA,ALERGIA GRUPO BORRACHA
23-04-2024_15-05-38_p0026_s13_b1_CONV--ZED-RGB.mpeg,13,DOR PERNA,DOR PERNA
13-03-2024_15-26-17_p0014_s148.10_b2_CONV--zed-rgb.mpeg,148.10,J,J
20-03-2024_15-24-42_p0015_s200_b3_CONV--ZED-RGB.mpeg,200,CATARRO COLA VERDE,CATARRO COLA VERDE
15-05-2024_15-25-25_p0032_s90_b2_CONV--ZED-RGB.mpeg,90,DOR OUVIDO,DOR OUVIDO
10-05-2024_10-07-56_p0030_s280_b4_CONV--ZED-RGB.mpeg,280,TAÇA TOMAR VINHO UMA-VEZ SEMANA,TAÇA TOMAR VINHO UMA-VEZ SEMANA
03-04-2024_15-57-01_p0023_s252_b4_CONV--ZED-RGB.mpeg,252,ALERGIA LEITE,ALERGIA LEITE
23-04-2024_11-19-29_p0024_s219_b4_CONV--ZED-RGB.mpeg,219,FEZES-LÍQUIDAS RESTOS COMIDA,FEZES-LÍQUIDAS RESTOS COMIDA
11-06-2024_14-46-13_p0035_s156_b2_CONV--ZED-RGB.mpeg,156,NÃO-ENTENDER,NÃO-ENTENDER
07-03-2024_14-12-32_p0010_s148.15_b2_CONV--zed-rgb.mpeg,148.15,O,O
30-04-2024_13-31-08_p0024_s129_b2_CONV--ZED-RGB.mpeg,129,LOCAIS LUZ-FORTE,LOCAIS LUZ-FORTE
28-02-2024_16-26-45_p0011_s112_b2_CONV--zed-rgb.mpeg,112,DOR QUEIMAR,DOR QUEIMAR
20-05-2024_11-24-49_p0034_s12_b1_CONV--ZED-RGB.mpeg,12,DOR BRAÇO,DOR BRAÇO
07-05-2024_14-15-05_p0027_sP19.1_b4_CONV--ZED-RGB.mpeg,P19.1,VOCÊ JÁ FAZER TRATAMENTO ALGUM DOENÇA ENTÃO,VOCÊ JÁ FAZER TRATAMENTO ALGUM DOENÇA ENTÃO
09-05-2024_14-33-52_p0033_s114_b2_CONV--ZED-RGB.mpeg,114,DOR CHOQUE,DOR CHOQUE
23-05-2024_14-52-44_p0035_s170.0_b3_CONV--ZED-RGB.mpeg,170.0,0,0
03-05-2024_14-23-51_p0027_s148.6_b2_CONV--ZED-RGB.mpeg,148.6,F,F
08-05-2024_10-02-49_p0030_s148.24_b2_CONV--ZED-RGB.mpeg,148.24,X,X
09-05-2024_14-32-58_p0033_s112_b2_CONV--ZED-RGB.mpeg,112,DOR QUEIMAR,DOR QUEIMAR
08-04-2024_16-14-47_p0021_s148.20_b2_CONV--ZED-RGB.mpeg,148.20,T,T
27-03-2024_15-36-59_p0015_s148.9_b2_CONV--ZED-RGB.mpeg,148.9,I,I
21-02-2024_12-05-53_p0013_s76_b1_CONV--zed-rgb.mpeg,76,LIMPAR CASA,LIMPAR CASA
30-01-2024_11-03-08_p11_s6--zed-rgb.mpeg,6,DOR PESCOÇO,DOR PESCOÇO
22-02-2024_14-33-44_p0018_s148.13_b2_CONV--zed-rgb.mpeg,148.13,M,M
22-02-2024_13-50-41_p0018_s76_b1_CONV--zed-rgb.mpeg,76,LIMPAR CASA,LIMPAR CASA
22-04-2024_09-46-53_p0025_sP21.1_b3_CONV--ZED-RGB.mpeg,P21.1,DOCUMENTO REMÉDIO VOCÊ TRAZER,DOCUMENTO REMÉDIO VOCÊ TRAZER
05-06-2024_15-19-30_p0037_s246_b4_CONV--ZED-RGB.mpeg,246,F-U-N-G-O-S SINAL FUNGO,F-U-N-G-O-S SINAL FUNGO
15-05-2024_16-02-21_p0032_s127_b2_CONV--ZED-RGB.mpeg,127,COMER COISAS ÓLEO,COMER COISAS ÓLEO
13-03-2024_15-56-10_p0014_s234_b4_CONV--zed-rgb.mpeg,234,TOSSIR CATARRO VERMELHO,TOSSIR CATARRO VERMELHO
29-04-2024_11-44-46_p0029_s124_b2_CONV--ZED-RGB.mpeg,124,GASES,GASES
08-04-2024_16-59-50_p0021_s70_b1_CONV--ZED-RGB.mpeg,70,1-HORA,1-HORA
13-03-2024_15-26-38_p0014_s148.11_b2_CONV--zed-rgb.mpeg,148.11,K,K
22-02-2024_13-50-29_p0018_s75_b1_CONV--zed-rgb.mpeg,75,TOSSIR,TOSSIR
30-01-2024_14-34-19_p12_s113--zed-rgb.mpeg,113,DOR PONTADA,DOR PONTADA
29-04-2024_16-54-40_p0024_s55_b1_CONV--ZED-RGB.mpeg,55,VERMELHO NARIZ-SANGRAR GRIPE,VERMELHO NARIZ-SANGRAR GRIPE
21-02-2024_11-30-33_p0013_s6_b1_CONV--zed-rgb.mpeg,6,DOR PESCOÇO,DOR PESCOÇO
06-05-2024_15-29-05_p0032_s228_b4_CONV--ZED-RGB.mpeg,228,AIDS,AIDS
07-05-2024_15-17-35_p0027_s71_b1_CONV--ZED-RGB.mpeg,71,2-HORA,2-HORA
17-06-2024_14-49-07_p0019_s83_b2_CONV--ZED-RGB.mpeg,83,UM-DIA,UM-DIA
18-06-2024_15-41-34_p0028_s148.23_b2_CONV--ZED-RGB.mpeg,148.23,W,W
16-07-2024_16-45-17_p0039_sP23.2_b4_CONV--ZED-RGB.mpeg,P23.2,TOTAL TEMPO QUANTO,TOTAL TEMPO QUANTO
26-02-2024_16-13-06_p0019_s268_b4_CONV--zed-rgb.mpeg,268,UÍSQUE,UÍSQUE
17-07-2024_14-48-23_p0041_s148.7_b2_CONV--ZED-RGB.mpeg,148.7,G,G
02-05-2024_16-06-58_p0026_s263_b4_CONV--ZED-RGB.mpeg,263,DEZ ANO,DEZ ANO
20-05-2024_11-25-17_p0034_s13_b1_CONV--ZED-RGB.mpeg,13,DOR PERNA,DOR PERNA
19-03-2024_14-52-58_p0022_s82_b2_CONV--ZED-RGB.mpeg,82,SEIS HORAS,SEIS HORAS
24-05-2024_19-09-04_p0031_s148.11_b2_CONV--ZED-RGB.mpeg,148.11,K,K
07-05-2024_14-26-31_p0027_s255_b4_CONV--ZED-RGB.mpeg,255,ALERGIA CATEGORIA T-R-I-G-O FARINHA,ALERGIA CATEGORIA T-R-I-G-O FARINHA
16-04-2024_10-56-55_p0025_s272_b4_CONV--ZED-RGB.mpeg,272,UM LATA TODO-DIA,UM LATA TODO-DIA
10-05-2024_09-13-05_p0030_sP21.1_b3_CONV--ZED-RGB.mpeg,P21.1,DOCUMENTO REMÉDIO VOCÊ TRAZER,DOCUMENTO REMÉDIO VOCÊ TRAZER
10-05-2024_09-47-41_p0030_s237_b4_CONV--ZED-RGB.mpeg,237,RINS FRACO,RINS FRACO
26-02-2024_16-15-17_p0019_sP24.3_b4_CONV--zed-rgb.mpeg,P24.3,QUANTOS BEBIDA,QUANTOS BEBIDA
07-05-2024_14-28-54_p0027_s257_b4_CONV--ZED-RGB.mpeg,257,ALERGIA REMÉDIO NÃO-TER,ALERGIA REMÉDIO NÃO-TER
30-01-2024_14-56-23_p12_s147--zed-rgb.mpeg,147,JEJUM,JEJUM
16-04-2024_15-48-55_p0016_s190_b3_CONV--ZED-RGB.mpeg,190,SIM APERTAR-BRAÇO DOER,SIM APERTAR-BRAÇO DOER
11-06-2024_14-42-39_p0035_s148.25_b2_CONV--ZED-RGB.mpeg,148.25,Y,Y
30-01-2024_14-13-02_p12_s85--zed-rgb.mpeg,85,UM SEMANA,UM SEMANA
03-05-2024_18-41-36_p0031_sP11.3_b3_CONV--ZED-RGB.mpeg,P11.3,NO-DECORRER-DO-TEMPO SENTIR DOR NO-TOTAL QUANTOS,NO-DECORRER-DO-TEMPO SENTIR DOR NO-TOTAL QUANTOS
26-03-2024_15-22-16_p0022_sP11.4_b3_CONV--ZED-RGB.mpeg,P11.4,AO-LONGO-DO-TEMPO DOR COMO AUMENTAR O-U DIMINUIR,AO-LONGO-DO-TEMPO DOR COMO AUMENTAR O-U DIMINUIR
29-04-2024_15-33-16_p0024_s170.6_b3_CONV--ZED-RGB.mpeg,170.6,6,6
16-04-2024_15-35-13_p0016_s173_b3_CONV--ZED-RGB.mpeg,173,SEMPRE SEMPRE,SEMPRE SEMPRE
20-05-2024_12-17-52_p0034_s246_b4_CONV--ZED-RGB.mpeg,246,F-U-N-G-O-S SINAL FUNGO,F-U-N-G-O-S SINAL FUNGO
18-04-2024_10-07-57_p0025_s2_b1_CONV--ZED-RGB.mpeg,2,CONFUSÃO,CONFUSÃO
05-06-2024_15-25-48_p0037_s258_b4_CONV--ZED-RGB.mpeg,258,ALERGIA NENHUM,ALERGIA NENHUM
03-04-2024_16-00-20_p0023_sP22.2_b4_CONV--ZED-RGB.mpeg,P22.2,MOMENTO VOCÊ TOMAR-MEDICAMENTO SURGIR TER ALERGIA TER,MOMENTO VOCÊ TOMAR-MEDICAMENTO SURGIR TER ALERGIA TER
16-05-2024_14-52-01_p0034_s129_b2_CONV--ZED-RGB.mpeg,129,LOCAIS LUZ-FORTE,LOCAIS LUZ-FORTE
22-02-2024_10-53-20_p0017_s170.0_b3_CONV--zed-rgb.mpeg,170.0,0,0
27-05-2024_15-27-11_p0032_s170.0_b3_CONV--ZED-RGB.mpeg,170.0,0,0
27-03-2024_15-19-52_p0015_sP07_b2_CONV--ZED-RGB.mpeg,P7,SENTIR JUNTO ITENS MAIS TER,SENTIR JUNTO ITENS MAIS TER
18-06-2024_16-34-48_p0028_s245_b4_CONV--ZED-RGB.mpeg,245,ÁCARO ALERGIA,ÁCARO ALERGIA
23-05-2024_15-02-55_p0035_sP11.4_b3_CONV--ZED-RGB.mpeg,P11.4,AO-LONGO-DO-TEMPO DOR COMO AUMENTAR O-U DIMINUIR,AO-LONGO-DO-TEMPO DOR COMO AUMENTAR O-U DIMINUIR
17-07-2024_14-41-33_p0041_s146_b2_CONV--ZED-RGB.mpeg,146,REMÉDIO,REMÉDIO
17-06-2024_14-58-19_p0019_s100_b2_CONV--ZED-RGB.mpeg,100,DOR VIRILHA,DOR VIRILHA
15-05-2024_15-31-00_p0032_s99_b2_CONV--ZED-RGB.mpeg,99,DOR BAIXO-VENTRE,DOR BAIXO-VENTRE
02-04-2024_15-27-11_p0021_s176_b3_CONV--ZED-RGB.mpeg,176,TRÊS-MESES,TRÊS-MESES
08-06-2024_10-29-54_p0031_s32_b1_CONV--ZED-RGB.mpeg,32,MANCHAS-PELE VERMELHO,MANCHAS-PELE VERMELHO
20-05-2024_15-35-13_p0023_s113_b2_CONV--ZED-RGB.mpeg,113,DOR PONTADA,DOR PONTADA
02-04-2024_15-29-56_p0021_sP12_b3_CONV--ZED-RGB.mpeg,P12,DOR EXEMPLO AQUI LUGAR MESMO O-U ESPALHAR AQUI LUGARES ENTÃO,DOR EXEMPLO AQUI LUGAR MESMO O-U ESPALHAR AQUI LUGARES ENTÃO
21-02-2024_11-37-20_p0013_s28_b1_CONV--zed-rgb.mpeg,28,NARIZ-LADOS FECHAR,NARIZ-LADOS FECHAR
30-01-2024_11-25-42_p11_s68--zed-rgb.mpeg,68,15 MINUTO,15 MINUTO
24-04-2024_15-54-25_p0027_s190_b3_CONV--ZED-RGB.mpeg,190,SIM APERTAR-BRAÇO DOER,SIM APERTAR-BRAÇO DOER
20-05-2024_11-31-54_p0034_s28_b1_CONV--ZED-RGB.mpeg,28,NARIZ-LADOS FECHAR,NARIZ-LADOS FECHAR
19-03-2024_15-53-26_p0022_s153_b2_CONV--ZED-RGB.mpeg,153,REPETIR POR-FAVOR,REPETIR POR-FAVOR
19-06-2024_16-46-45_p0023_sP02_b1_CONV--ZED-RGB.mpeg,P2,QUANDO COMEÇAR ENTÃO,QUANDO COMEÇAR ENTÃO
08-04-2024_16-47-47_p0021_s44_b1_CONV--ZED-RGB.mpeg,44,PRESSÃO-ARTERIAL ALTO-BAIXO,PRESSÃO-ARTERIAL ALTO-BAIXO
29-04-2024_12-05-24_p0029_s155_b2_CONV--ZED-RGB.mpeg,155,PARAR,PARAR
08-05-2024_15-28-56_p0033_s170.4_b3_CONV--ZED-RGB.mpeg,170.4,4,4
16-05-2024_14-29-15_p0034_s99_b2_CONV--ZED-RGB.mpeg,99,DOR BAIXO-VENTRE,DOR BAIXO-VENTRE
17-06-2024_15-33-49_p0019_s148.10_b2_CONV--ZED-RGB.mpeg,148.10,J,J
30-01-2024_14-52-58_p12_s136--zed-rgb.mpeg,136,ANDAR,ANDAR
18-04-2024_10-27-31_p0025_s50_b1_CONV--ZED-RGB.mpeg,50,TODA-HORA URINAR,TODA-HORA URINAR
20-05-2024_12-02-09_p0034_s212_b4_CONV--ZED-RGB.mpeg,212,FEZES-LÍQUIDAS,FEZES-LÍQUIDAS
25-03-2024_16-11-36_p0020_s96_b2_CONV--ZED-RGB.mpeg,96,DOR MEIO-BARRIGA,DOR MEIO-BARRIGA
16-05-2024_14-56-30_p0034_s133_b2_CONV--ZED-RGB.mpeg,133,MASTIGAR,MASTIGAR
23-04-2024_11-39-39_p0024_s259_b4_CONV--ZED-RGB.mpeg,259,TER FUMAR SIM,TER FUMAR SIM
03-05-2024_08-52-49_p0030_s64_b1_CONV--ZED-RGB.mpeg,64,QUASE CABEÇA-SAIR NASCER,QUASE CABEÇA-SAIR NASCER
08-08-2024_14-42-23_p0042_s91_b2_CONV--ZED-RGB.mpeg,91,DOR LADO-CABEÇA LADO-CABEÇA,DOR LADO-CABEÇA LADO-CABEÇA
22-02-2024_11-55-28_p0017_s271_b4_CONV--zed-rgb.mpeg,271,CHAMPANHE,CHAMPANHE
09-05-2024_14-37-57_p0033_sP06.3_b2_CONV--ZED-RGB.mpeg,P6.3,DOR IGUAL PESO,DOR IGUAL PESO
06-05-2024_16-08-34_p0032_s278_b4_CONV--ZED-RGB.mpeg,278,UMA-DOSE TOMAR TODO-DIA,UMA-DOSE TOMAR TODO-DIA
12-03-2024_10-23-11_p0021_sP19.1_b4_CONV--zed-rgb.mpeg,P19.1,VOCÊ JÁ FAZER TRATAMENTO ALGUM DOENÇA ENTÃO,VOCÊ JÁ FAZER TRATAMENTO ALGUM DOENÇA ENTÃO
09-05-2024_14-16-33_p0033_s87_b2_CONV--ZED-RGB.mpeg,87,SIM,SIM
28-02-2024_16-14-04_p0011_s92_b2_CONV--zed-rgb.mpeg,92,DOR TESTA,DOR TESTA
09-05-2024_15-06-57_p0033_s148.7_b2_CONV--ZED-RGB.mpeg,148.7,G,G
26-02-2024_15-33-54_p0019_s218_b4_CONV--zed-rgb.mpeg,218,FEZES-LÍQUIDAS ESCURO,FEZES-LÍQUIDAS ESCURO
09-05-2024_14-13-53_p0033_s86_b2_CONV--ZED-RGB.mpeg,86,UM MÊS,UM MÊS
03-04-2024_16-13-28_p0023_s280_b4_CONV--ZED-RGB.mpeg,280,TAÇA TOMAR VINHO UMA-VEZ SEMANA,TAÇA TOMAR VINHO UMA-VEZ SEMANA
27-05-2024_15-16-52_p0032_sP09.6_b3_CONV--ZED-RGB.mpeg,P9.6,SUBIR-ESCADA FÍSICO PIOR,SUBIR-ESCADA FÍSICO PIOR
25-03-2024_16-42-33_p0020_s148.23_b2_CONV--ZED-RGB.mpeg,148.23,W,W
20-02-2024_16-49-12_p0015_s258_b4_CONV--zed-rgb.mpeg,258,ALERGIA NENHUM,ALERGIA NENHUM
29-04-2024_12-03-30_p0029_s149_b2_CONV--ZED-RGB.mpeg,149,DEVAGAR,DEVAGAR
03-05-2024_08-29-36_p0030_s8_b1_CONV--ZED-RGB.mpeg,8,DOR COSTAS,DOR COSTAS
08-06-2024_10-33-46_p0031_s41_b1_CONV--ZED-RGB.mpeg,41,GATO MORDER,GATO MORDER
22-01-2024_17-12-47_p9_sP15.2--zed-rgb.mpeg,P15.2,TOSSE COMO,TOSSE COMO
30-01-2024_14-32-12_p12_sP06.2--zed-rgb.mpeg,P6.2,COMO DOR,COMO DOR
28-02-2024_16-58-32_p0011_s148.19_b2_CONV--zed-rgb.mpeg,148.19,S,S
18-06-2024_16-50-51_p0028_s266_b4_CONV--ZED-RGB.mpeg,266,DOSE ÁLCOOL,DOSE ÁLCOOL
22-02-2024_13-44-04_p0018_s59_b1_CONV--zed-rgb.mpeg,59,TRAUMA,TRAUMA
22-02-2024_15-50-57_p0014_s206_b3_CONV--zed-rgb.mpeg,206,QUATRO VACINA,QUATRO VACINA
30-01-2024_15-08-17_p12_s148.26--zed-rgb.mpeg,148.26,Z,Z
03-05-2024_14-30-35_p0027_s157_b2_CONV--ZED-RGB.mpeg,157,CONTINUAR,CONTINUAR
28-06-2024_15-39-49_p0035_s263_b4_CONV--ZED-RGB.mpeg,263,DEZ ANO,DEZ ANO
19-03-2024_15-45-14_p0022_s148.19_b2_CONV--ZED-RGB.mpeg,148.19,S,S
12-03-2024_14-44-31_p0022_sP02_b1_CONV--zed-rgb.mpeg,P2,QUANDO COMEÇAR ENTÃO,QUANDO COMEÇAR ENTÃO
22-04-2024_09-32-19_p0025_sP13.1_b3_CONV--ZED-RGB.mpeg,P13.1,MOMENTO EXEMPLO AQUI APERTAR VOCÊ SENTIR DOR PIORAR ENTÃO,MOMENTO EXEMPLO AQUI APERTAR VOCÊ SENTIR DOR PIORAR ENTÃO
08-04-2024_17-02-49_p0021_s78_b1_CONV--ZED-RGB.mpeg,78,CALADO DEITADO,CALADO DEITADO
27-05-2024_16-30-22_p0032_s2_b1_CONV--ZED-RGB.mpeg,2,CONFUSÃO,CONFUSÃO
30-01-2024_11-28-29_p11_s76--zed-rgb.mpeg,76,LIMPAR CASA,LIMPAR CASA
08-05-2024_09-39-56_p0030_s108_b2_CONV--ZED-RGB.mpeg,108,DOR LEVE,DOR LEVE
02-04-2024_15-05-38_p0021_s163_b3_CONV--ZED-RGB.mpeg,163,TOMAR-BANHO CORPO PIOR NÃO,TOMAR-BANHO CORPO PIOR NÃO
18-04-2024_10-39-49_p0025_s76_b1_CONV--ZED-RGB.mpeg,76,LIMPAR CASA,LIMPAR CASA
19-03-2024_14-55-42_p0022_sP05_b2_CONV--ZED-RGB.mpeg,P5,POR-QUE PROCURAR VIR HOJE TER PIORAR,POR-QUE PROCURAR VIR HOJE TER PIORAR
18-06-2024_14-58-27_p0028_s92_b2_CONV--ZED-RGB.mpeg,92,DOR TESTA,DOR TESTA
17-06-2024_15-31-58_p0019_s148.5_b2_CONV--ZED-RGB.mpeg,148.5,E,E
12-03-2024_14-33-53_p0022_s45_b1_CONV--zed-rgb.mpeg,45,PROBLEMA OLHOS,PROBLEMA OLHOS
05-06-2024_15-44-23_p0037_s281_b4_CONV--ZED-RGB.mpeg,281,TAÇA TOMAR VINHO TODO-DIA,TAÇA TOMAR VINHO TODO-DIA
20-05-2024_12-11-35_p0034_s229_b4_CONV--ZED-RGB.mpeg,229,CÂNCER,CÂNCER
19-07-2024_15-37-49_p0040_s50_b1_CONV--ZED-RGB.mpeg,50,TODA-HORA URINAR,TODA-HORA URINAR
16-04-2024_15-54-44_p0016_sP15.4_b3_CONV--ZED-RGB.mpeg,P15.4,CATARRO COLA COR QUAL,CATARRO COLA COR QUAL
05-06-2024_09-45-59_p0036_s210_b4_CONV--ZED-RGB.mpeg,210,MOLE,MOLE
16-07-2024_16-59-08_p0039_s280_b4_CONV--ZED-RGB.mpeg,280,TAÇA TOMAR VINHO UMA-VEZ SEMANA,TAÇA TOMAR VINHO UMA-VEZ SEMANA
22-02-2024_13-29-58_p0018_s35_b1_CONV--zed-rgb.mpeg,35,ARREPIAR FRIO,ARREPIAR FRIO
16-04-2024_10-38-22_p0025_sP22.1_b4_CONV--ZED-RGB.mpeg,P22.1,VOCÊ TER ALERGIA ENTÃO,VOCÊ TER ALERGIA ENTÃO
21-02-2024_11-33-51_p0013_s17_b1_CONV--zed-rgb.mpeg,17,CHIAR,CHIAR
07-05-2024_14-31-25_p0027_s263_b4_CONV--ZED-RGB.mpeg,263,DEZ ANO,DEZ ANO
13-03-2024_16-10-34_p0014_sP24.2_b4_CONV--zed-rgb.mpeg,P24.2,BEBIDA QUAL,BEBIDA QUAL
21-02-2024_15-32-47_p0016_sP06.3_b2_CONV--zed-rgb.mpeg,P6.3,DOR IGUAL PESO,DOR IGUAL PESO
29-04-2024_11-38-29_p0029_s112_b2_CONV--ZED-RGB.mpeg,112,DOR QUEIMAR,DOR QUEIMAR
16-05-2024_14-31-56_p0034_s105_b2_CONV--ZED-RGB.mpeg,105,DOR TESTÍCULOS,DOR TESTÍCULOS
06-05-2024_16-04-58_p0032_sP24.3_b4_CONV--ZED-RGB.mpeg,P24.3,QUANTOS BEBIDA,QUANTOS BEBIDA
12-03-2024_14-46-17_p0022_sP03_b1_CONV--zed-rgb.mpeg,P3,COMO COMEÇAR QUE VOCÊ FAZER O-QUE,COMO COMEÇAR QUE VOCÊ FAZER O-QUE
24-01-2024_17-35-14_p10_s272--zed-rgb.mpeg,272,UM LATA TODO-DIA,UM LATA TODO-DIA
07-03-2024_14-13-50_p0010_s148.20_b2_CONV--zed-rgb.mpeg,148.20,T,T
25-03-2024_16-06-34_p0020_s82_b2_CONV--ZED-RGB.mpeg,82,SEIS HORAS,SEIS HORAS
11-06-2024_14-45-08_p0035_s153_b2_CONV--ZED-RGB.mpeg,153,REPETIR POR-FAVOR,REPETIR POR-FAVOR
02-04-2024_15-45-24_p0021_sP15.4_b3_CONV--ZED-RGB.mpeg,P15.4,CATARRO COLA COR QUAL,CATARRO COLA COR QUAL
18-03-2024_15-30-25_p0020_s40_b1_CONV--ZED-RGB.mpeg,40,CACHORRO MORDER,CACHORRO MORDER
07-05-2024_15-15-37_p0027_s66_b1_CONV--ZED-RGB.mpeg,66,VAGINA VERMELHO SANGRAR,VAGINA VERMELHO SANGRAR
13-05-2024_16-17-38_p0028_sP13.2_b3_CONV--ZED-RGB.mpeg,P13.2,MOMENTO FICAR-EM-PÉ SENTAR DEITAR DOR PIORAR,MOMENTO FICAR-EM-PÉ SENTAR DEITAR DOR PIORAR
19-06-2024_16-48-04_p0023_s70_b1_CONV--ZED-RGB.mpeg,70,1-HORA,1-HORA
18-03-2024_11-15-01_p0013_s220_b4_CONV--ZED-RGB.mpeg,220,TER M-U-C-O COLA,TER M-U-C-O COLA
29-04-2024_16-03-09_p0024_s202_b3_CONV--ZED-RGB.mpeg,202,CATARRO COLA SANGUE PONTOS,CATARRO COLA SANGUE PONTOS
18-04-2024_15-32-00_p0026_s116_b2_CONV--ZED-RGB.mpeg,116,DOR APERTAR PONTADA,DOR APERTAR PONTADA
24-07-2024_14-19-12_p0041_s30_b1_CONV--ZED-RGB.mpeg,30,FERIR PELE,FERIR PELE
26-02-2024_16-15-54_p0019_s273_b4_CONV--zed-rgb.mpeg,273,UM LATA UMA-VEZ SEMANA,UM LATA UMA-VEZ SEMANA
13-03-2024_15-48-22_p0014_s221_b4_CONV--zed-rgb.mpeg,221,TER P-U-S MISTURAR AMARELO BRANCO MISTURAR,TER P-U-S MISTURAR AMARELO BRANCO MISTURAR
24-01-2024_17-16-21_p10_s237--zed-rgb.mpeg,237,RINS FRACO,RINS FRACO
23-05-2024_14-39-00_p0035_sP09.2_b3_CONV--ZED-RGB.mpeg,P9.2,SUBIR-MORRO FÍSICO PIOR,SUBIR-MORRO FÍSICO PIOR
12-06-2024_10-20-44_p0036_s148.11_b2_CONV--ZED-RGB.mpeg,148.11,K,K
16-07-2024_16-53-43_p0039_s269_b4_CONV--ZED-RGB.mpeg,269,CACHAÇA,CACHAÇA
20-05-2024_16-11-54_p0023_s157_b2_CONV--ZED-RGB.mpeg,157,CONTINUAR,CONTINUAR
29-04-2024_16-27-13_p0024_s7_b1_CONV--ZED-RGB.mpeg,7,DOR PEITO,DOR PEITO
11-05-2024_09-25-46_p0034_s160_b3_CONV--ZED-RGB.mpeg,160,PLANO ANDAR CORPO PIOR,PLANO ANDAR CORPO PIOR
20-05-2024_12-02-31_p0034_s213_b4_CONV--ZED-RGB.mpeg,213,CLARO,CLARO
05-06-2024_10-03-35_p0036_s227_b4_CONV--ZED-RGB.mpeg,227,ASMA,ASMA
16-07-2024_16-30-03_p0039_s229_b4_CONV--ZED-RGB.mpeg,229,CÂNCER,CÂNCER
26-02-2024_15-34-47_p0019_s220_b4_CONV--zed-rgb.mpeg,220,TER M-U-C-O COLA,TER M-U-C-O COLA
13-03-2024_15-30-43_p0014_s148.25_b2_CONV--zed-rgb.mpeg,148.25,Y,Y
28-06-2024_14-07-53_p0035_s5_b1_CONV--ZED-RGB.mpeg,5,CABEÇA DOR,CABEÇA DOR
28-02-2024_16-55-29_p0011_s148.9_b2_CONV--zed-rgb.mpeg,148.9,I,I
10-05-2024_15-29-47_p0033_s239_b4_CONV--ZED-RGB.mpeg,239,VÍCIO BEBER ÁLCOOL,VÍCIO BEBER ÁLCOOL
08-05-2024_09-35-51_p0030_s98_b2_CONV--ZED-RGB.mpeg,98,DOR BEXIGA,DOR BEXIGA
24-01-2024_17-25-19_p10_s256--zed-rgb.mpeg,256,ALERGIA AMENDOIM,ALERGIA AMENDOIM
21-02-2024_15-24-27_p0016_s99_b2_CONV--zed-rgb.mpeg,99,DOR BAIXO-VENTRE,DOR BAIXO-VENTRE
27-05-2024_16-53-30_p0032_s53_b1_CONV--ZED-RGB.mpeg,53,XIXI VERMELHO,XIXI VERMELHO
16-04-2024_10-34-06_p0025_s233_b4_CONV--ZED-RGB.mpeg,233,A-V-C,A-V-C
13-03-2024_16-07-14_p0014_sP23.1_b4_CONV--zed-rgb.mpeg,P23.1,VOCÊ FUMAR,VOCÊ FUMAR
07-05-2024_14-19-02_p0027_s234_b4_CONV--ZED-RGB.mpeg,234,TOSSIR CATARRO VERMELHO,TOSSIR CATARRO VERMELHO
27-05-2024_16-08-29_p0032_s241_b3_CONV--ZED-RGB.mpeg,241,TRAZER RECEITA REMÉDIO,TRAZER RECEITA REMÉDIO
21-02-2024_15-54-40_p0016_s139_b2_CONV--zed-rgb.mpeg,139,BRAÇO MEXER-BRAÇO,BRAÇO MEXER-BRAÇO
11-06-2024_14-15-53_p0035_sP06.4_b2_CONV--ZED-RGB.mpeg,P6.4,DOR IGUAL QUEIMAR,DOR IGUAL QUEIMAR
23-05-2024_15-18-01_p0035_s201_b3_CONV--ZED-RGB.mpeg,201,CATARRO COLA VERMELHO,CATARRO COLA VERMELHO
13-03-2024_16-18-16_p0014_s281_b4_CONV--zed-rgb.mpeg,281,TAÇA TOMAR VINHO TODO-DIA,TAÇA TOMAR VINHO TODO-DIA
08-05-2024_09-52-30_p0030_s140_b2_CONV--ZED-RGB.mpeg,140,PERNAS MEXER-PERNAS,PERNAS MEXER-PERNAS
08-05-2024_09-48-52_p0030_s128_b2_CONV--ZED-RGB.mpeg,128,LOCAIS BARULHO,LOCAIS BARULHO
02-05-2024_14-39-59_p0026_sP09.2_b3_CONV--ZED-RGB.mpeg,P9.2,SUBIR-MORRO FÍSICO PIOR,SUBIR-MORRO FÍSICO PIOR
24-01-2024_16-59-11_p10_sP18.1--zed-rgb.mpeg,P18.1,ENJOAR O-U VOMITAR,ENJOAR O-U VOMITAR
30-01-2024_15-02-19_p12_s148.9--zed-rgb.mpeg,148.9,I,I
03-05-2024_18-22-34_p0031_s159_b3_CONV--ZED-RGB.mpeg,159,SUBIR-MORRO CORPO PIOR NÃO,SUBIR-MORRO CORPO PIOR NÃO
11-05-2024_09-46-54_p0034_s178_b3_CONV--ZED-RGB.mpeg,178,CINCO ANO,CINCO ANO
18-04-2024_15-48-39_p0026_s148.15_b2_CONV--ZED-RGB.mpeg,148.15,O,O
02-04-2024_15-17-37_p0021_s170.4_b3_CONV--ZED-RGB.mpeg,170.4,4,4
11-03-2024_15-51-38_p0020_s185_b3_CONV--zed-rgb.mpeg,185,DOR BARRIGA-ESPALHAR BARRIGA,DOR BARRIGA-ESPALHAR BARRIGA
05-06-2024_10-34-38_p0036_s276_b4_CONV--ZED-RGB.mpeg,276,GARRAFA UMA-VEZ SEMANA,GARRAFA UMA-VEZ SEMANA
11-03-2024_15-37-54_p0020_s170.2_b3_CONV--zed-rgb.mpeg,170.2,2,2
18-04-2024_15-51-04_p0026_s148.22_b2_CONV--ZED-RGB.mpeg,148.22,V,V
26-02-2024_16-14-22_p0019_s269_b4_CONV--zed-rgb.mpeg,269,CACHAÇA,CACHAÇA
02-05-2024_16-10-54_p0026_sP24.2_b4_CONV--ZED-RGB.mpeg,P24.2,BEBIDA QUAL,BEBIDA QUAL
29-04-2024_16-53-04_p0024_s51_b1_CONV--ZED-RGB.mpeg,51,XIXI ESCURO,XIXI ESCURO
22-02-2024_15-24-30_p0014_sP09.6_b3_CONV--zed-rgb.mpeg,P9.6,SUBIR-ESCADA FÍSICO PIOR,SUBIR-ESCADA FÍSICO PIOR
08-06-2024_10-36-53_p0031_s49_b1_CONV--ZED-RGB.mpeg,49,XIXI POUCO,XIXI POUCO
18-04-2024_15-53-08_p0026_s152_b2_CONV--ZED-RGB.mpeg,152,OBRIGADO,OBRIGADO
20-05-2024_15-51-35_p0023_s137_b2_CONV--ZED-RGB.mpeg,137,ESTRESSE,ESTRESSE
21-02-2024_15-53-50_p0016_s136_b2_CONV--zed-rgb.mpeg,136,ANDAR,ANDAR
09-05-2024_15-04-56_p0033_s148.2_b2_CONV--ZED-RGB.mpeg,148.2,B,B
08-04-2024_15-58-29_p0021_s142_b2_CONV--ZED-RGB.mpeg,142,MOVIMENTAR-CORPO DOR PIORAR,MOVIMENTAR-CORPO DOR PIORAR
03-04-2024_16-00-58_p0023_s257_b4_CONV--ZED-RGB.mpeg,257,ALERGIA REMÉDIO NÃO-TER,ALERGIA REMÉDIO NÃO-TER
26-03-2024_16-17-41_p0022_s236_b4_CONV--ZED-RGB.mpeg,236,FÍGADO INFLAMADO,FÍGADO INFLAMADO
29-02-2024_13-51-51_p0010_s27_b1_CONV--zed-rgb.mpeg,27,CATARRO GRIPE,CATARRO GRIPE
23-05-2024_14-40-27_p0035_s159_b3_CONV--ZED-RGB.mpeg,159,SUBIR-MORRO CORPO PIOR NÃO,SUBIR-MORRO CORPO PIOR NÃO
17-07-2024_14-51-07_p0041_s148.16_b2_CONV--ZED-RGB.mpeg,148.16,P,P
29-02-2024_14-00-33_p0010_s35_b1_CONV--zed-rgb.mpeg,35,ARREPIAR FRIO,ARREPIAR FRIO
13-03-2024_16-05-28_p0014_s258_b4_CONV--zed-rgb.mpeg,258,ALERGIA NENHUM,ALERGIA NENHUM
05-06-2024_15-33-00_p0037_s265_b4_CONV--ZED-RGB.mpeg,265,VINHO,VINHO
07-05-2024_14-17-27_p0027_s229_b4_CONV--ZED-RGB.mpeg,229,CÂNCER,CÂNCER
13-05-2024_15-38-41_p0028_sP09.6_b3_CONV--ZED-RGB.mpeg,P9.6,SUBIR-ESCADA FÍSICO PIOR,SUBIR-ESCADA FÍSICO PIOR
09-05-2024_15-08-18_p0033_s148.10_b2_CONV--ZED-RGB.mpeg,148.10,J,J
21-02-2024_12-03-37_p0013_s69_b1_CONV--zed-rgb.mpeg,69,30 MINUTO,30 MINUTO
13-05-2024_16-31-31_p0028_sP17.1_b3_CONV--ZED-RGB.mpeg,P17.1,VOCÊ JÁ VACINAR COVID-19,VOCÊ JÁ VACINAR COVID-19
29-04-2024_11-54-46_p0029_s146_b2_CONV--ZED-RGB.mpeg,146,REMÉDIO,REMÉDIO
13-03-2024_16-09-18_p0014_s263_b4_CONV--zed-rgb.mpeg,263,DEZ ANO,DEZ ANO
06-05-2024_16-00-32_p0032_s265_b4_CONV--ZED-RGB.mpeg,265,VINHO,VINHO
27-05-2024_16-52-40_p0032_s51_b1_CONV--ZED-RGB.mpeg,51,XIXI ESCURO,XIXI ESCURO
30-01-2024_14-42-53_p12_s121--zed-rgb.mpeg,121,VER MANCHAS,VER MANCHAS
16-05-2024_14-33-33_p0034_s107_b2_CONV--ZED-RGB.mpeg,107,DOR PROFUNDO,DOR PROFUNDO
22-02-2024_13-48-47_p0018_s70_b1_CONV--zed-rgb.mpeg,70,1-HORA,1-HORA
18-06-2024_15-36-00_p0028_s148.9_b2_CONV--ZED-RGB.mpeg,148.9,I,I
15-05-2024_16-01-49_p0032_s126_b2_CONV--ZED-RGB.mpeg,126,BEBER ÁLCOOL,BEBER ÁLCOOL
19-06-2024_16-22-30_p0023_s14_b1_CONV--ZED-RGB.mpeg,14,DOR PERNA ATRÁS,DOR PERNA ATRÁS
18-06-2024_15-09-22_p0028_sP06.3_b2_CONV--ZED-RGB.mpeg,P6.3,DOR IGUAL PESO,DOR IGUAL PESO
21-02-2024_12-06-08_p0013_s77_b1_CONV--zed-rgb.mpeg,77,EXERCÍCIO-FÍSICO,EXERCÍCIO-FÍSICO
18-06-2024_16-27-15_p0028_s225_b4_CONV--ZED-RGB.mpeg,225,ARRITMIA,ARRITMIA
12-06-2024_17-05-23_p0038_sP17.3_b3_CONV--ZED-RGB.mpeg,P17.3,VOCÊ JÁ VACINAR GRIPE,VOCÊ JÁ VACINAR GRIPE
26-03-2024_16-35-23_p0022_s274_b4_CONV--ZED-RGB.mpeg,274,DOIS LATAS DUAS-VEZES SEMANA,DOIS LATAS DUAS-VEZES SEMANA
16-04-2024_10-50-28_p0025_s261_b4_CONV--ZED-RGB.mpeg,261,UM ANO,UM ANO
12-03-2024_10-53-19_p0021_s281_b4_CONV--zed-rgb.mpeg,281,TAÇA TOMAR VINHO TODO-DIA,TAÇA TOMAR VINHO TODO-DIA
18-04-2024_10-32-25_p0025_s62_b1_CONV--ZED-RGB.mpeg,62,MATERIAL GRUPO CORTAR TAMBÉM OBJETO-FINO-LONGO FINCAR,MATERIAL GRUPO CORTAR TAMBÉM OBJETO-FINO-LONGO FINCAR
02-04-2024_15-22-09_p0021_s171_b3_CONV--ZED-RGB.mpeg,171,UMA-VEZ,UMA-VEZ
16-05-2024_15-08-42_p0034_s148.14_b2_CONV--ZED-RGB.mpeg,148.14,N,N
08-06-2024_10-37-43_p0031_s51_b1_CONV--ZED-RGB.mpeg,51,XIXI ESCURO,XIXI ESCURO
26-02-2024_16-19-03_p0019_s278_b4_CONV--zed-rgb.mpeg,278,UMA-DOSE TOMAR TODO-DIA,UMA-DOSE TOMAR TODO-DIA
27-03-2024_16-30-17_p0015_s77_b1_CONV--ZED-RGB.mpeg,77,EXERCÍCIO-FÍSICO,EXERCÍCIO-FÍSICO
28-02-2024_16-21-20_p0011_s104_b2_CONV--zed-rgb.mpeg,104,DOR PERNA-DIREITA PERNA-ESQUERDA,DOR PERNA-DIREITA PERNA-ESQUERDA
07-05-2024_14-14-08_p0027_sP18.5_b4_CONV--ZED-RGB.mpeg,P18.5,VOCÊ BARRIGA DOR ENTÃO,VOCÊ BARRIGA DOR ENTÃO
26-04-2024_15-08-00_p0028_s70_b1_CONV--ZED-RGB.mpeg,70,1-HORA,1-HORA
18-04-2024_10-20-08_p0025_s32_b1_CONV--ZED-RGB.mpeg,32,MANCHAS-PELE VERMELHO,MANCHAS-PELE VERMELHO
03-05-2024_08-53-10_p0030_s65_b1_CONV--ZED-RGB.mpeg,65,NASCER VIVO,NASCER VIVO
19-03-2024_15-42-37_p0022_s148.11_b2_CONV--ZED-RGB.mpeg,148.11,K,K
26-03-2024_15-12-41_p0022_s170.1_b3_CONV--ZED-RGB.mpeg,170.1,1,1
16-07-2024_16-40-05_p0039_s252_b4_CONV--ZED-RGB.mpeg,252,ALERGIA LEITE,ALERGIA LEITE
20-05-2024_11-33-39_p0034_s31_b1_CONV--ZED-RGB.mpeg,31,MANCHAS-PELE,MANCHAS-PELE
15-05-2024_16-50-22_p0032_s148.25_b2_CONV--ZED-RGB.mpeg,148.25,Y,Y
18-06-2024_15-11-03_p0028_sP06.6_b2_CONV--ZED-RGB.mpeg,P6.6,DOR IGUAL SENTIR CHOQUE,DOR IGUAL SENTIR CHOQUE
08-06-2024_10-45-23_p0031_s65_b1_CONV--ZED-RGB.mpeg,65,NASCER VIVO,NASCER VIVO
24-05-2024_19-08-46_p0031_s148.10_b2_CONV--ZED-RGB.mpeg,148.10,J,J
24-01-2024_17-30-39_p10_s265--zed-rgb.mpeg,265,VINHO,VINHO
11-06-2024_14-14-57_p0035_s116_b2_CONV--ZED-RGB.mpeg,116,DOR APERTAR PONTADA,DOR APERTAR PONTADA
13-03-2024_15-50-15_p0014_s222_b4_CONV--zed-rgb.mpeg,222,DOR-BARRIGA NENHUM,DOR-BARRIGA NENHUM
07-03-2024_13-47-51_p0010_s99_b2_CONV--zed-rgb.mpeg,99,DOR BAIXO-VENTRE,DOR BAIXO-VENTRE
10-05-2024_15-48-50_p0033_s268_b4_CONV--ZED-RGB.mpeg,268,UÍSQUE,UÍSQUE
11-05-2024_09-22-57_p0034_s158_b3_CONV--ZED-RGB.mpeg,158,SUBIR-MORRO FÍSICO PIOR,SUBIR-MORRO FÍSICO PIOR
29-04-2024_15-34-19_p0024_s170.9_b3_CONV--ZED-RGB.mpeg,170.9,9,9
19-06-2024_16-48-25_p0023_s71_b1_CONV--ZED-RGB.mpeg,71,2-HORA,2-HORA
06-05-2024_15-56-37_p0032_s260_b4_CONV--ZED-RGB.mpeg,260,NÃO FUMAR,NÃO FUMAR
13-05-2024_15-52-28_p0028_s170.6_b3_CONV--ZED-RGB.mpeg,170.6,6,6
10-05-2024_15-05-11_p0033_sP18.3_b4_CONV--ZED-RGB.mpeg,P18.3,COMO FEZES COMO,COMO FEZES COMO
24-05-2024_19-14-44_p0031_s152_b2_CONV--ZED-RGB.mpeg,152,OBRIGADO,OBRIGADO
10-05-2024_09-07-14_p0030_sP17.1_b3_CONV--ZED-RGB.mpeg,P17.1,VOCÊ JÁ VACINAR COVID-19,VOCÊ JÁ VACINAR COVID-19
19-06-2024_09-57-46_p0036_s19_b1_CONV--ZED-RGB.mpeg,19,PALPITAÇÃO,PALPITAÇÃO
19-07-2024_15-54-22_p0040_s79_b1_CONV--ZED-RGB.mpeg,79,SENTADO,SENTADO
08-06-2024_10-32-40_p0031_s39_b1_CONV--ZED-RGB.mpeg,39,MORDER,MORDER
17-07-2024_14-39-29_p0041_s142_b2_CONV--ZED-RGB.mpeg,142,MOVIMENTAR-CORPO DOR PIORAR,MOVIMENTAR-CORPO DOR PIORAR
21-02-2024_11-40-03_p0013_s34_b1_CONV--zed-rgb.mpeg,34,FEBRE,FEBRE
03-05-2024_08-28-55_p0030_s6_b1_CONV--ZED-RGB.mpeg,6,DOR PESCOÇO,DOR PESCOÇO
09-05-2024_14-57-33_p0033_s142_b2_CONV--ZED-RGB.mpeg,142,MOVIMENTAR-CORPO DOR PIORAR,MOVIMENTAR-CORPO DOR PIORAR
12-06-2024_10-20-09_p0036_s148.9_b2_CONV--ZED-RGB.mpeg,148.9,I,I
21-02-2024_16-03-50_p0016_s148.6_b2_CONV--zed-rgb.mpeg,148.6,F,F
27-05-2024_17-03-05_p0032_s76_b1_CONV--ZED-RGB.mpeg,76,LIMPAR CASA,LIMPAR CASA
19-06-2024_10-26-53_p0036_s73_b1_CONV--ZED-RGB.mpeg,73,COMER,COMER
05-06-2024_15-15-17_p0037_s234_b4_CONV--ZED-RGB.mpeg,234,TOSSIR CATARRO VERMELHO,TOSSIR CATARRO VERMELHO
09-05-2024_15-19-26_p0033_s156_b2_CONV--ZED-RGB.mpeg,156,NÃO-ENTENDER,NÃO-ENTENDER
03-05-2024_14-23-38_p0027_s148.5_b2_CONV--ZED-RGB.mpeg,148.5,E,E
28-06-2024_15-17-11_p0035_s229_b4_CONV--ZED-RGB.mpeg,229,CÂNCER,CÂNCER
27-05-2024_16-56-52_p0032_s62_b1_CONV--ZED-RGB.mpeg,62,MATERIAL GRUPO CORTAR TAMBÉM OBJETO-FINO-LONGO FINCAR,MATERIAL GRUPO CORTAR TAMBÉM OBJETO-FINO-LONGO FINCAR
21-02-2024_15-21-27_p0016_s93_b2_CONV--zed-rgb.mpeg,93,DOR NUCA,DOR NUCA
19-06-2024_16-49-45_p0023_s73_b1_CONV--ZED-RGB.mpeg,73,COMER,COMER
21-02-2024_15-19-58_p0016_s88_b2_CONV--zed-rgb.mpeg,88,NÃO,NÃO
19-07-2024_15-46-39_p0040_s65_b1_CONV--ZED-RGB.mpeg,65,NASCER VIVO,NASCER VIVO
18-06-2024_15-21-10_p0028_s130_b2_CONV--ZED-RGB.mpeg,130,CORPO ESFORÇAR,CORPO ESFORÇAR
02-05-2024_15-23-58_p0026_sP17.4_b3_CONV--ZED-RGB.mpeg,P17.4,VOCÊ TRAZER CARTÃO-DE-VACINA,VOCÊ TRAZER CARTÃO-DE-VACINA
18-03-2024_11-50-02_p0013_s281_b4_CONV--ZED-RGB.mpeg,281,TAÇA TOMAR VINHO TODO-DIA,TAÇA TOMAR VINHO TODO-DIA
03-05-2024_14-27-43_p0027_s148.22_b2_CONV--ZED-RGB.mpeg,148.22,V,V
27-03-2024_15-30-09_p0015_s139_b2_CONV--ZED-RGB.mpeg,139,BRAÇO MEXER-BRAÇO,BRAÇO MEXER-BRAÇO
18-03-2024_11-23-34_p0013_s237_b4_CONV--ZED-RGB.mpeg,237,RINS FRACO,RINS FRACO
24-01-2024_17-02-00_p10_s213--zed-rgb.mpeg,213,CLARO,CLARO
02-05-2024_15-18-14_p0026_s197_b3_CONV--ZED-RGB.mpeg,197,CATARRO COLA CLARO,CATARRO COLA CLARO
07-03-2024_14-02-09_p0010_s133_b2_CONV--zed-rgb.mpeg,133,MASTIGAR,MASTIGAR
10-05-2024_10-07-00_p0030_s278_b4_CONV--ZED-RGB.mpeg,278,UMA-DOSE TOMAR TODO-DIA,UMA-DOSE TOMAR TODO-DIA
11-05-2024_09-34-08_p0034_s169_b3_CONV--ZED-RGB.mpeg,169,REMÉDIO CURAR-NÃO,REMÉDIO CURAR-NÃO
13-03-2024_15-32-16_p0014_s152_b2_CONV--zed-rgb.mpeg,152,OBRIGADO,OBRIGADO
16-04-2024_10-23-42_p0025_s216_b4_CONV--ZED-RGB.mpeg,216,FEZES-LÍQUIDAS-EXPLODIR,FEZES-LÍQUIDAS-EXPLODIR
24-01-2024_17-27-35_p10_s260--zed-rgb.mpeg,260,NÃO FUMAR,NÃO FUMAR
24-05-2024_18-34-53_p0031_s90_b2_CONV--ZED-RGB.mpeg,90,DOR OUVIDO,DOR OUVIDO
20-05-2024_16-05-46_p0023_s148.13_b2_CONV--ZED-RGB.mpeg,148.13,M,M
24-07-2024_14-12-09_p0041_s14_b1_CONV--ZED-RGB.mpeg,14,DOR PERNA ATRÁS,DOR PERNA ATRÁS
08-04-2024_15-52-05_p0021_s128_b2_CONV--ZED-RGB.mpeg,128,LOCAIS BARULHO,LOCAIS BARULHO
24-05-2024_18-48-27_p0031_s120_b2_CONV--ZED-RGB.mpeg,120,VER DOBRADO,VER DOBRADO
17-07-2024_14-39-10_p0041_s141_b2_CONV--ZED-RGB.mpeg,141,MEXER-PESCOÇO,MEXER-PESCOÇO
20-05-2024_11-59-42_p0034_s209_b4_CONV--ZED-RGB.mpeg,209,NENHUM VONTADE NADA VOMITAR,NENHUM VONTADE NADA VOMITAR
28-06-2024_14-33-11_p0035_s66_b1_CONV--ZED-RGB.mpeg,66,VAGINA VERMELHO SANGRAR,VAGINA VERMELHO SANGRAR
22-02-2024_11-41-36_p0017_s226_b4_CONV--zed-rgb.mpeg,226,PRESSÃO ALTO,PRESSÃO ALTO
05-06-2024_10-03-07_p0036_s226_b4_CONV--ZED-RGB.mpeg,226,PRESSÃO ALTO,PRESSÃO ALTO
12-03-2024_14-29-03_p0022_s33_b1_CONV--zed-rgb.mpeg,33,COÇAR,COÇAR
22-04-2024_09-19-21_p0025_s170.6_b3_CONV--ZED-RGB.mpeg,170.6,6,6
29-04-2024_11-58-57_p0029_s148.10_b2_CONV--ZED-RGB.mpeg,148.10,J,J
05-03-2024_10-25-04_p0014_s12_b1_CONV--zed-rgb.mpeg,12,DOR BRAÇO,DOR BRAÇO
12-03-2024_10-49-31_p0021_s271_b4_CONV--zed-rgb.mpeg,271,CHAMPANHE,CHAMPANHE
07-03-2024_13-52-59_p0010_s114_b2_CONV--zed-rgb.mpeg,114,DOR CHOQUE,DOR CHOQUE
16-04-2024_15-41-51_p0016_s182_b3_CONV--ZED-RGB.mpeg,182,QUEIXO DOR ESPALHAR,QUEIXO DOR ESPALHAR
19-03-2024_14-58-12_p0022_s89_b2_CONV--ZED-RGB.mpeg,89,DOR LADO-CABEÇA,DOR LADO-CABEÇA
10-05-2024_09-52-09_p0030_s251_b4_CONV--ZED-RGB.mpeg,251,ALERGIA GRUPO BORRACHA,ALERGIA GRUPO BORRACHA
25-03-2024_15-25-53_p0020_sP18.3_b4_CONV--ZED-RGB.mpeg,P18.3,COMO FEZES COMO,COMO FEZES COMO
17-07-2024_14-45-00_p0041_s156_b2_CONV--ZED-RGB.mpeg,156,NÃO-ENTENDER,NÃO-ENTENDER
22-02-2024_11-12-47_p0017_s198_b3_CONV--zed-rgb.mpeg,198,CATARRO COLA BRANCO,CATARRO COLA BRANCO
25-03-2024_16-11-19_p0020_s95_b2_CONV--ZED-RGB.mpeg,95,DOR OLHOS,DOR OLHOS
25-03-2024_15-36-59_p0020_s228_b4_CONV--ZED-RGB.mpeg,228,AIDS,AIDS
18-06-2024_16-27-39_p0028_s226_b4_CONV--ZED-RGB.mpeg,226,PRESSÃO ALTO,PRESSÃO ALTO
16-04-2024_15-54-22_p0016_s196_b3_CONV--ZED-RGB.mpeg,196,TOSSE CATARRO COLA,TOSSE CATARRO COLA
20-05-2024_15-42-29_p0023_s123_b2_CONV--ZED-RGB.mpeg,123,ZUMBIDO OUVIDO,ZUMBIDO OUVIDO
06-05-2024_15-38-21_p0032_s249_b4_CONV--ZED-RGB.mpeg,249,ALERGIA GATO,ALERGIA GATO
10-05-2024_09-04-39_p0030_s200_b3_CONV--ZED-RGB.mpeg,200,CATARRO COLA VERDE,CATARRO COLA VERDE
11-03-2024_15-26-33_p0020_s159_b3_CONV--zed-rgb.mpeg,159,SUBIR-MORRO CORPO PIOR NÃO,SUBIR-MORRO CORPO PIOR NÃO
20-05-2024_15-44-26_p0023_s126_b2_CONV--ZED-RGB.mpeg,126,BEBER ÁLCOOL,BEBER ÁLCOOL
18-06-2024_15-22-32_p0028_s133_b2_CONV--ZED-RGB.mpeg,133,MASTIGAR,MASTIGAR
19-06-2024_16-48-45_p0023_s72_b1_CONV--ZED-RGB.mpeg,72,2-MÊS,2-MÊS
16-07-2024_16-59-55_p0039_s281_b4_CONV--ZED-RGB.mpeg,281,TAÇA TOMAR VINHO TODO-DIA,TAÇA TOMAR VINHO TODO-DIA
22-01-2024_16-33-19_p9_sP09.6--zed-rgb.mpeg,P9.6,SUBIR-ESCADA FÍSICO PIOR,SUBIR-ESCADA FÍSICO PIOR
28-06-2024_15-03-59_p0035_sP18.1_b4_CONV--ZED-RGB.mpeg,P18.1,ENJOAR O-U VOMITAR,ENJOAR O-U VOMITAR
11-06-2024_13-55-27_p0035_sP05_b2_CONV--ZED-RGB.mpeg,P5,POR-QUE PROCURAR VIR HOJE TER PIORAR,POR-QUE PROCURAR VIR HOJE TER PIORAR
24-04-2024_16-08-54_p0027_s205_b3_CONV--ZED-RGB.mpeg,205,TRÊS VACINA,TRÊS VACINA
26-02-2024_15-27-02_p0019_s213_b4_CONV--zed-rgb.mpeg,213,CLARO,CLARO
20-05-2024_16-09-17_p0023_s148.26_b2_CONV--ZED-RGB.mpeg,148.26,Z,Z
03-05-2024_14-08-11_p0027_s108_b2_CONV--ZED-RGB.mpeg,108,DOR LEVE,DOR LEVE
13-03-2024_14-53-46_p0014_s91_b2_CONV--zed-rgb.mpeg,91,DOR LADO-CABEÇA LADO-CABEÇA,DOR LADO-CABEÇA LADO-CABEÇA
26-08-2024_15-31-51_p0019_s43_b1_CONV--ZED-RGB.mp4,43,ESCORPIÃO PICAR,ESCORPIÃO PICAR
07-03-2024_14-10-32_p0010_s148.5_b2_CONV--zed-rgb.mpeg,148.5,E,E
13-03-2024_15-19-13_p0014_s140_b2_CONV--zed-rgb.mpeg,140,PERNAS MEXER-PERNAS,PERNAS MEXER-PERNAS
18-06-2024_15-00-24_p0028_s97_b2_CONV--ZED-RGB.mpeg,97,DOR LADOS-BARRIGA,DOR LADOS-BARRIGA
08-04-2024_16-33-31_p0021_s9_b1_CONV--ZED-RGB.mpeg,9,DOR LOMBAR,DOR LOMBAR
03-05-2024_18-28-53_p0031_sP09.6_b3_CONV--ZED-RGB.mpeg,P9.6,SUBIR-ESCADA FÍSICO PIOR,SUBIR-ESCADA FÍSICO PIOR
23-04-2024_15-24-45_p0026_s53_b1_CONV--ZED-RGB.mpeg,53,XIXI VERMELHO,XIXI VERMELHO
10-05-2024_16-31-16_p0033_s22_b1_CONV--ZED-RGB.mpeg,22,EVACUAR MOLE VERMELHO,EVACUAR MOLE VERMELHO
28-06-2024_15-37-28_p0035_sP23.1_b4_CONV--ZED-RGB.mpeg,P23.1,VOCÊ FUMAR,VOCÊ FUMAR
28-06-2024_15-13-32_p0035_s222_b4_CONV--ZED-RGB.mpeg,222,DOR-BARRIGA NENHUM,DOR-BARRIGA NENHUM
13-05-2024_15-53-24_p0028_s170.10_b3_CONV--ZED-RGB.mpeg,170.10,10,10
26-04-2024_14-33-52_p0028_s8_b1_CONV--ZED-RGB.mpeg,8,DOR COSTAS,DOR COSTAS
20-05-2024_12-26-32_p0034_s260_b4_CONV--ZED-RGB.mpeg,260,NÃO FUMAR,NÃO FUMAR
10-05-2024_08-50-15_p0030_s183_b3_CONV--ZED-RGB.mpeg,183,DOR ESPALHAR OMBRO,DOR ESPALHAR OMBRO
16-04-2024_15-41-29_p0016_s181_b3_CONV--ZED-RGB.mpeg,181,PESCOÇO DOR ESPALHAR,PESCOÇO DOR ESPALHAR
28-06-2024_14-31-11_p0035_s62_b1_CONV--ZED-RGB.mpeg,62,MATERIAL GRUPO CORTAR TAMBÉM OBJETO-FINO-LONGO FINCAR,MATERIAL GRUPO CORTAR TAMBÉM OBJETO-FINO-LONGO FINCAR
22-02-2024_11-45-07_p0017_s240_b4_CONV--zed-rgb.mpeg,240,VÍCIO FUMAR,VÍCIO FUMAR
22-02-2024_11-04-29_p0017_s180_b3_CONV--zed-rgb.mpeg,180,NUCA DOR ESPALHAR,NUCA DOR ESPALHAR
03-05-2024_08-31-23_p0030_s13_b1_CONV--ZED-RGB.mpeg,13,DOR PERNA,DOR PERNA
18-06-2024_15-24-49_p0028_s133_b2_CONV--ZED-RGB.mpeg,133,MASTIGAR,MASTIGAR
28-02-2024_16-27-53_p0011_s114_b2_CONV--zed-rgb.mpeg,114,DOR CHOQUE,DOR CHOQUE
26-04-2024_14-46-52_p0028_s34_b1_CONV--ZED-RGB.mpeg,34,FEBRE,FEBRE
18-04-2024_10-10-04_p0025_s7_b1_CONV--ZED-RGB.mpeg,7,DOR PEITO,DOR PEITO
07-03-2024_13-40-55_p0010_s85_b2_CONV--zed-rgb.mpeg,85,UM SEMANA,UM SEMANA
26-08-2024_15-48-24_p0019_s73_b1_CONV--ZED-RGB.mp4,73,COMER,COMER
11-06-2024_14-41-16_p0035_s148.21_b2_CONV--ZED-RGB.mpeg,148.21,U,U
08-05-2024_10-00-02_p0030_s148.14_b2_CONV--ZED-RGB.mpeg,148.14,N,N
19-07-2024_15-33-37_p0040_s41_b1_CONV--ZED-RGB.mpeg,41,GATO MORDER,GATO MORDER
08-06-2024_10-30-12_p0031_s33_b1_CONV--ZED-RGB.mpeg,33,COÇAR,COÇAR
12-06-2024_16-31-44_p0038_sP11.2_b3_CONV--ZED-RGB.mpeg,P11.2,SENTIR DOR OUTRAS-VEZES DIVERSAS-VEZES ENTÃO,SENTIR DOR OUTRAS-VEZES DIVERSAS-VEZES ENTÃO
13-05-2024_16-02-06_p0028_s178_b3_CONV--ZED-RGB.mpeg,178,CINCO ANO,CINCO ANO
24-07-2024_15-24-03_p0041_s267_b4_CONV--ZED-RGB.mpeg,267,VODCA,VODCA
20-02-2024_16-26-25_p0015_s227_b4_CONV--zed-rgb.mpeg,227,ASMA,ASMA
03-04-2024_16-12-30_p0023_s279_b4_CONV--ZED-RGB.mpeg,279,DUAS-DOSES TOMAR DUAS-VEZES SEMANA,DUAS-DOSES TOMAR DUAS-VEZES SEMANA
06-05-2024_15-11-18_p0032_s209_b4_CONV--ZED-RGB.mpeg,209,NENHUM VONTADE NADA VOMITAR,NENHUM VONTADE NADA VOMITAR
29-04-2024_15-57-13_p0024_s194_b3_CONV--ZED-RGB.mpeg,194,TOSSE SECO,TOSSE SECO
10-05-2024_16-29-26_p0033_s18_b1_CONV--ZED-RGB.mpeg,18,DIFÍCIL RESPIRAR,DIFÍCIL RESPIRAR
30-04-2024_13-15-26_p0024_s106_b2_CONV--ZED-RGB.mpeg,106,DOR PULSAR,DOR PULSAR
03-05-2024_14-25-10_p0027_s148.11_b2_CONV--ZED-RGB.mpeg,148.11,K,K
24-01-2024_17-02-51_p10_s215--zed-rgb.mpeg,215,FEZES-LÍQUIDAS BORBULHAR,FEZES-LÍQUIDAS BORBULHAR
29-02-2024_14-11-31_p0010_s61_b1_CONV--zed-rgb.mpeg,61,PELE QUEIMAR,PELE QUEIMAR
16-05-2024_14-34-01_p0034_s108_b2_CONV--ZED-RGB.mpeg,108,DOR LEVE,DOR LEVE
19-03-2024_14-53-18_p0022_s83_b2_CONV--ZED-RGB.mpeg,83,UM-DIA,UM-DIA
08-06-2024_10-27-37_p0031_s25_b1_CONV--ZED-RGB.mpeg,25,FEZES ESCURO,FEZES ESCURO
19-06-2024_10-02-14_p0036_s29_b1_CONV--ZED-RGB.mpeg,29,INCHAR,INCHAR
22-04-2024_09-21-46_p0025_s172_b3_CONV--ZED-RGB.mpeg,172,VÁRIAS-VEZES,VÁRIAS-VEZES
16-04-2024_10-57-18_p0025_s273_b4_CONV--ZED-RGB.mpeg,273,UM LATA UMA-VEZ SEMANA,UM LATA UMA-VEZ SEMANA
28-06-2024_15-44-22_p0035_s272_b4_CONV--ZED-RGB.mpeg,272,UM LATA TODO-DIA,UM LATA TODO-DIA
16-07-2024_16-40-27_p0039_s253_b4_CONV--ZED-RGB.mpeg,253,ALERGIA O-V-O OVO,ALERGIA O-V-O OVO
24-04-2024_15-34-36_p0027_s170.6_b3_CONV--ZED-RGB.mpeg,170.6,6,6
28-06-2024_14-37-40_p0035_s73_b1_CONV--ZED-RGB.mpeg,73,COMER,COMER
28-06-2024_14-17-41_p0035_s31_b1_CONV--ZED-RGB.mpeg,31,MANCHAS-PELE,MANCHAS-PELE
16-07-2024_16-20-06_p0039_s218_b4_CONV--ZED-RGB.mpeg,218,FEZES-LÍQUIDAS ESCURO,FEZES-LÍQUIDAS ESCURO
10-05-2024_15-31-29_p0033_s245_b4_CONV--ZED-RGB.mpeg,245,ÁCARO ALERGIA,ÁCARO ALERGIA
05-06-2024_09-48-00_p0036_s214_b4_CONV--ZED-RGB.mpeg,214,FEZES-LÍQUIDAS BRILHANTE,FEZES-LÍQUIDAS BRILHANTE
26-03-2024_15-06-45_p0022_sP09.6_b3_CONV--ZED-RGB.mpeg,P9.6,SUBIR-ESCADA FÍSICO PIOR,SUBIR-ESCADA FÍSICO PIOR
21-02-2024_15-24-12_p0016_s98_b2_CONV--zed-rgb.mpeg,98,DOR BEXIGA,DOR BEXIGA
20-05-2024_15-41-09_p0023_s120_b2_CONV--ZED-RGB.mpeg,120,VER DOBRADO,VER DOBRADO
29-02-2024_13-40-44_p0010_s9_b1_CONV--zed-rgb.mpeg,9,DOR LOMBAR,DOR LOMBAR
12-03-2024_14-26-55_p0022_s27_b1_CONV--zed-rgb.mpeg,27,CATARRO GRIPE,CATARRO GRIPE
18-06-2024_15-25-36_p0028_s135_b2_CONV--ZED-RGB.mpeg,135,ENGOLIR,ENGOLIR
30-01-2024_11-10-14_p11_s28--zed-rgb.mpeg,28,NARIZ-LADOS FECHAR,NARIZ-LADOS FECHAR
05-06-2024_10-28-40_p0036_s267_b4_CONV--ZED-RGB.mpeg,267,VODCA,VODCA
25-03-2024_15-40-20_p0020_s236_b4_CONV--ZED-RGB.mpeg,236,FÍGADO INFLAMADO,FÍGADO INFLAMADO
27-05-2024_15-32-47_p0032_s171_b3_CONV--ZED-RGB.mpeg,171,UMA-VEZ,UMA-VEZ
18-04-2024_15-40-44_p0026_s138_b2_CONV--ZED-RGB.mpeg,138,APERTAR,APERTAR
24-04-2024_16-07-25_p0027_s203_b3_CONV--ZED-RGB.mpeg,203,NÃO VACINAR COVID-19,NÃO VACINAR COVID-19
12-03-2024_14-39-21_p0022_s56_b1_CONV--zed-rgb.mpeg,56,VERMELHO FEZES,VERMELHO FEZES
21-02-2024_15-39-30_p0016_sP07_b2_CONV--zed-rgb.mpeg,P7,SENTIR JUNTO ITENS MAIS TER,SENTIR JUNTO ITENS MAIS TER
18-03-2024_11-41-13_p0013_s274_b4_CONV--ZED-RGB.mpeg,274,DOIS LATAS DUAS-VEZES SEMANA,DOIS LATAS DUAS-VEZES SEMANA
20-03-2024_15-19-33_p0015_sP15.2_b3_CONV--ZED-RGB.mpeg,P15.2,TOSSE COMO,TOSSE COMO
08-05-2024_16-13-04_p0033_sP15.3_b3_CONV--ZED-RGB.mpeg,P15.3,CATARRO TER OU TER-NÃO,CATARRO TER OU TER-NÃO
26-08-2024_15-46-20_p0019_s69_b1_CONV--ZED-RGB.mp4,69,30 MINUTO,30 MINUTO
22-02-2024_13-19-06_p0018_s3_b1_CONV--zed-rgb.mpeg,3,MUDAR COMPORTAMENTO,MUDAR COMPORTAMENTO
13-03-2024_16-06-53_p0014_sP22.3_b4_CONV--zed-rgb.mpeg,P22.3,QUAL MEDICAMENTO,QUAL MEDICAMENTO
29-04-2024_16-55-05_p0024_s56_b1_CONV--ZED-RGB.mpeg,56,VERMELHO FEZES,VERMELHO FEZES
05-06-2024_15-28-06_p0037_sP22.3_b4_CONV--ZED-RGB.mpeg,P22.3,QUAL MEDICAMENTO,QUAL MEDICAMENTO
20-05-2024_12-06-36_p0034_sP18.4_b4_CONV--ZED-RGB.mpeg,P18.4,UM SANGRAR DOIS M-U-C-O COLA TRÊS P-U-S COR MISTURAR AMARELO BRANCO MISTURAR ENTÃO,UM SANGRAR DOIS M-U-C-O COLA TRÊS P-U-S COR MISTURAR AMARELO BRANCO MISTURAR ENTÃO
10-05-2024_15-11-58_p0033_s221_b4_CONV--ZED-RGB.mpeg,221,TER P-U-S MISTURAR AMARELO BRANCO MISTURAR,TER P-U-S MISTURAR AMARELO BRANCO MISTURAR
03-04-2024_16-11-18_p0023_s277_b4_CONV--ZED-RGB.mpeg,277,DOIS GARRAFAS DUAS-VEZES SEMANA,DOIS GARRAFAS DUAS-VEZES SEMANA
20-03-2024_15-19-13_p0015_sP15.1_b3_CONV--ZED-RGB.mpeg,P15.1,TER TOSSE,TER TOSSE
29-04-2024_16-25-48_p0024_s4_b1_CONV--ZED-RGB.mpeg,4,CONVULSÃO ENROLAR-LÍNGUA,CONVULSÃO ENROLAR-LÍNGUA
26-03-2024_16-25-27_p0022_s256_b4_CONV--ZED-RGB.mpeg,256,ALERGIA AMENDOIM,ALERGIA AMENDOIM
25-03-2024_16-29-25_p0020_s130_b2_CONV--ZED-RGB.mpeg,130,CORPO ESFORÇAR,CORPO ESFORÇAR
30-04-2024_13-45-38_p0024_s148.8_b2_CONV--ZED-RGB.mpeg,148.8,H,H
18-03-2024_11-25-31_p0013_s245_b4_CONV--ZED-RGB.mpeg,245,ÁCARO ALERGIA,ÁCARO ALERGIA
24-05-2024_19-02-45_p0031_s145_b2_CONV--ZED-RGB.mpeg,145,ÁGUA QUENTE COLOCAR-BRAÇO,ÁGUA QUENTE COLOCAR-BRAÇO
22-02-2024_11-55-05_p0017_s269_b4_CONV--zed-rgb.mpeg,269,CACHAÇA,CACHAÇA
08-04-2024_17-01-50_p0021_s75_b1_CONV--ZED-RGB.mpeg,75,TOSSIR,TOSSIR
07-03-2024_14-04-25_p0010_s141_b2_CONV--zed-rgb.mpeg,141,MEXER-PESCOÇO,MEXER-PESCOÇO
28-02-2024_16-53-16_p0011_s148.1_b2_CONV--zed-rgb.mpeg,148.1,A,A
08-05-2024_15-43-23_p0033_s178_b3_CONV--ZED-RGB.mpeg,178,CINCO ANO,CINCO ANO
08-06-2024_10-48-06_p0031_s72_b1_CONV--ZED-RGB.mpeg,72,2-MÊS,2-MÊS
03-05-2024_08-57-17_p0030_s74_b1_CONV--ZED-RGB.mpeg,74,BEBER,BEBER
22-02-2024_15-50-18_p0014_sP17.2_b3_CONV--zed-rgb.mpeg,P17.2,QUANTOS VACINAR,QUANTOS VACINAR
24-07-2024_14-37-23_p0041_s73_b1_CONV--ZED-RGB.mpeg,73,COMER,COMER
12-06-2024_10-33-06_p0036_s154_b2_CONV--ZED-RGB.mpeg,154,PARAR,PARAR
07-05-2024_14-10-59_p0027_s217_b4_CONV--ZED-RGB.mpeg,217,FEZES-LÍQUIDAS BRANCO,FEZES-LÍQUIDAS BRANCO
08-06-2024_10-25-33_p0031_s19_b1_CONV--ZED-RGB.mpeg,19,PALPITAÇÃO,PALPITAÇÃO
17-07-2024_14-23-12_p0041_s108_b2_CONV--ZED-RGB.mpeg,108,DOR LEVE,DOR LEVE
08-04-2024_16-31-32_p0021_s6_b1_CONV--ZED-RGB.mpeg,6,DOR PESCOÇO,DOR PESCOÇO
26-04-2024_14-52-22_p0028_s41_b1_CONV--ZED-RGB.mpeg,41,GATO MORDER,GATO MORDER
05-06-2024_10-08-06_p0036_s236_b4_CONV--ZED-RGB.mpeg,236,FÍGADO INFLAMADO,FÍGADO INFLAMADO
13-03-2024_16-15-09_p0014_s274_b4_CONV--zed-rgb.mpeg,274,DOIS LATAS DUAS-VEZES SEMANA,DOIS LATAS DUAS-VEZES SEMANA
02-05-2024_14-59-33_p0026_s174_b3_CONV--ZED-RGB.mpeg,174,TRÊS-VEZES DIA,TRÊS-VEZES DIA
26-03-2024_15-48-31_p0022_s208_b3_CONV--ZED-RGB.mpeg,208,NÃO TRAZER CARTÃO-DE-VACINA NENHUM,NÃO TRAZER CARTÃO-DE-VACINA NENHUM
12-03-2024_14-22-34_p0022_s16_b1_CONV--zed-rgb.mpeg,16,RESPIRAR FALTAR,RESPIRAR FALTAR
18-06-2024_15-32-10_p0028_s146_b2_CONV--ZED-RGB.mpeg,146,REMÉDIO,REMÉDIO
19-06-2024_10-10-12_p0036_s45_b1_CONV--ZED-RGB.mpeg,45,PROBLEMA OLHOS,PROBLEMA OLHOS
27-05-2024_15-31-16_p0032_s170.10_b3_CONV--ZED-RGB.mpeg,170.10,10,10
26-08-2024_15-33-26_p0019_s46_b1_CONV--ZED-RGB.mp4,46,PROBLEMA OUVIDOS,PROBLEMA OUVIDOS
17-07-2024_14-42-15_p0041_s147_b2_CONV--ZED-RGB.mpeg,147,JEJUM,JEJUM
23-04-2024_11-25-56_p0024_s228_b4_CONV--ZED-RGB.mpeg,228,AIDS,AIDS
19-06-2024_10-25-23_p0036_s71_b1_CONV--ZED-RGB.mpeg,71,2-HORA,2-HORA
21-02-2024_16-08-46_p0016_s148.21_b2_CONV--zed-rgb.mpeg,148.21,U,U
23-04-2024_11-17-36_p0024_s215_b4_CONV--ZED-RGB.mpeg,215,FEZES-LÍQUIDAS BORBULHAR,FEZES-LÍQUIDAS BORBULHAR
21-02-2024_16-10-50_p0016_s151_b2_CONV--zed-rgb.mpeg,151,OBRIGADO,OBRIGADO
24-07-2024_14-38-42_p0041_s77_b1_CONV--ZED-RGB.mpeg,77,EXERCÍCIO-FÍSICO,EXERCÍCIO-FÍSICO
17-06-2024_15-26-11_p0019_s141_b2_CONV--ZED-RGB.mpeg,141,MEXER-PESCOÇO,MEXER-PESCOÇO
24-07-2024_14-19-34_p0041_s31_b1_CONV--ZED-RGB.mpeg,31,MANCHAS-PELE,MANCHAS-PELE
20-05-2024_12-36-19_p0034_s276_b4_CONV--ZED-RGB.mpeg,276,GARRAFA UMA-VEZ SEMANA,GARRAFA UMA-VEZ SEMANA
03-05-2024_14-00-46_p0027_s85_b2_CONV--ZED-RGB.mpeg,85,UM SEMANA,UM SEMANA
29-02-2024_14-04-27_p0010_s45_b1_CONV--zed-rgb.mpeg,45,PROBLEMA OLHOS,PROBLEMA OLHOS
19-06-2024_10-18-52_p0036_s62_b1_CONV--ZED-RGB.mpeg,62,MATERIAL GRUPO CORTAR TAMBÉM OBJETO-FINO-LONGO FINCAR,MATERIAL GRUPO CORTAR TAMBÉM OBJETO-FINO-LONGO FINCAR
18-06-2024_16-59-07_p0028_s281_b4_CONV--ZED-RGB.mpeg,281,TAÇA TOMAR VINHO TODO-DIA,TAÇA TOMAR VINHO TODO-DIA
19-07-2024_14-19-13_p0040_s134_b2_CONV--ZED-RGB.mpeg,134,MASTIGAR,MASTIGAR
07-03-2024_13-58-08_p0010_s121_b2_CONV--zed-rgb.mpeg,121,VER MANCHAS,VER MANCHAS
22-02-2024_13-26-20_p0018_s23_b1_CONV--zed-rgb.mpeg,23,TONTURA-ENJOO,TONTURA-ENJOO
21-02-2024_11-48-52_p0013_s46_b1_CONV--zed-rgb.mpeg,46,PROBLEMA OUVIDOS,PROBLEMA OUVIDOS
24-07-2024_14-28-30_p0041_s53_b1_CONV--ZED-RGB.mpeg,53,XIXI VERMELHO,XIXI VERMELHO
21-02-2024_15-25-44_p0016_s104_b2_CONV--zed-rgb.mpeg,104,DOR PERNA-DIREITA PERNA-ESQUERDA,DOR PERNA-DIREITA PERNA-ESQUERDA
27-03-2024_16-25-20_p0015_s66_b1_CONV--ZED-RGB.mpeg,66,VAGINA VERMELHO SANGRAR,VAGINA VERMELHO SANGRAR
27-05-2024_17-00-00_p0032_s68_b1_CONV--ZED-RGB.mpeg,68,15 MINUTO,15 MINUTO
03-05-2024_08-58-14_p0030_s77_b1_CONV--ZED-RGB.mpeg,77,EXERCÍCIO-FÍSICO,EXERCÍCIO-FÍSICO
03-05-2024_08-44-42_p0030_s44_b1_CONV--ZED-RGB.mpeg,44,PRESSÃO-ARTERIAL ALTO-BAIXO,PRESSÃO-ARTERIAL ALTO-BAIXO
10-05-2024_15-28-33_p0033_s236_b4_CONV--ZED-RGB.mpeg,236,FÍGADO INFLAMADO,FÍGADO INFLAMADO
30-01-2024_11-23-37_p11_s63--zed-rgb.mpeg,63,TIRO FURAR-BARRIGA,TIRO FURAR-BARRIGA
23-04-2024_11-42-28_p0024_sP24.2_b4_CONV--ZED-RGB.mpeg,P24.2,BEBIDA QUAL,BEBIDA QUAL
27-05-2024_16-32-40_p0032_s8_b1_CONV--ZED-RGB.mpeg,8,DOR COSTAS,DOR COSTAS
29-04-2024_12-05-56_p0029_s157_b2_CONV--ZED-RGB.mpeg,157,CONTINUAR,CONTINUAR
18-04-2024_15-38-27_p0026_s129_b2_CONV--ZED-RGB.mpeg,129,LOCAIS LUZ-FORTE,LOCAIS LUZ-FORTE
29-02-2024_13-42-07_p0010_s12_b1_CONV--zed-rgb.mpeg,12,DOR BRAÇO,DOR BRAÇO
26-03-2024_16-34-39_p0022_s272_b4_CONV--ZED-RGB.mpeg,272,UM LATA TODO-DIA,UM LATA TODO-DIA
20-03-2024_15-15-03_p0015_s189_b3_CONV--ZED-RGB.mpeg,189,DOR PERNAS-ESPALHAR APONTAR-PERNA,DOR PERNAS-ESPALHAR APONTAR-PERNA
13-03-2024_15-29-58_p0014_s148.24_b2_CONV--zed-rgb.mpeg,148.24,X,X
08-04-2024_15-33-39_p0021_s98_b2_CONV--ZED-RGB.mpeg,98,DOR BEXIGA,DOR BEXIGA
20-05-2024_11-46-41_p0034_s56_b1_CONV--ZED-RGB.mpeg,56,VERMELHO FEZES,VERMELHO FEZES
06-05-2024_15-42-41_p0032_s255_b4_CONV--ZED-RGB.mpeg,255,ALERGIA CATEGORIA T-R-I-G-O FARINHA,ALERGIA CATEGORIA T-R-I-G-O FARINHA
28-06-2024_14-18-53_p0035_s34_b1_CONV--ZED-RGB.mpeg,34,FEBRE,FEBRE
26-04-2024_14-39-08_p0028_s20_b1_CONV--ZED-RGB.mpeg,20,TONTURA CAIR-PESSOA,TONTURA CAIR-PESSOA
13-03-2024_16-07-58_p0014_s260_b4_CONV--zed-rgb.mpeg,260,NÃO FUMAR,NÃO FUMAR
05-06-2024_10-27-44_p0036_s266_b4_CONV--ZED-RGB.mpeg,266,DOSE ÁLCOOL,DOSE ÁLCOOL
07-05-2024_14-30-09_p0027_s260_b4_CONV--ZED-RGB.mpeg,260,NÃO FUMAR,NÃO FUMAR
16-07-2024_16-29-43_p0039_s228_b4_CONV--ZED-RGB.mpeg,228,AIDS,AIDS
24-07-2024_14-14-49_p0041_s21_b1_CONV--ZED-RGB.mpeg,21,EVACUAR-ESPALHAR,EVACUAR-ESPALHAR
08-05-2024_09-51-04_p0030_s135_b2_CONV--ZED-RGB.mpeg,135,ENGOLIR,ENGOLIR
25-03-2024_16-36-19_p0020_s148.1_b2_CONV--ZED-RGB.mpeg,148.1,A,A
30-04-2024_13-24-14_p0024_s118_b2_CONV--ZED-RGB.mpeg,118,OLHOS-LACRIMEJAR,OLHOS-LACRIMEJAR
05-06-2024_09-52-05_p0036_s220_b4_CONV--ZED-RGB.mpeg,220,TER M-U-C-O COLA,TER M-U-C-O COLA
05-06-2024_10-15-19_p0036_s252_b4_CONV--ZED-RGB.mpeg,252,ALERGIA LEITE,ALERGIA LEITE
20-02-2024_16-19-21_p0015_s218_b4_CONV--zed-rgb.mpeg,218,FEZES-LÍQUIDAS ESCURO,FEZES-LÍQUIDAS ESCURO
11-03-2024_15-38-52_p0020_s170.4_b3_CONV--zed-rgb.mpeg,170.4,4,4
13-03-2024_15-16-14_p0014_s132_b2_CONV--zed-rgb.mpeg,132,NARIZ ESPIRRAR,NARIZ ESPIRRAR
24-05-2024_18-49-07_p0031_s122_b2_CONV--ZED-RGB.mpeg,122,TODA-HORA URINAR,TODA-HORA URINAR
22-02-2024_15-53-05_p0014_s208_b3_CONV--zed-rgb.mpeg,208,NÃO TRAZER CARTÃO-DE-VACINA NENHUM,NÃO TRAZER CARTÃO-DE-VACINA NENHUM
06-05-2024_16-09-00_p0032_s279_b4_CONV--ZED-RGB.mpeg,279,DUAS-DOSES TOMAR DUAS-VEZES SEMANA,DUAS-DOSES TOMAR DUAS-VEZES SEMANA
23-04-2024_15-35-32_p0026_s79_b1_CONV--ZED-RGB.mpeg,79,SENTADO,SENTADO
11-06-2024_14-24-40_p0035_s129_b2_CONV--ZED-RGB.mpeg,129,LOCAIS LUZ-FORTE,LOCAIS LUZ-FORTE
27-05-2024_16-40-57_p0032_s24_b1_CONV--ZED-RGB.mpeg,24,VOMITAR,VOMITAR
09-05-2024_14-45-31_p0033_sP08.1_b2_CONV--ZED-RGB.mpeg,P8.1,S-I FAZER COISAS SENTIR DOR PIORAR,S-I FAZER COISAS SENTIR DOR PIORAR
24-05-2024_19-07-53_p0031_s148.7_b2_CONV--ZED-RGB.mpeg,148.7,G,G
07-05-2024_15-01-18_p0027_s26_b1_CONV--ZED-RGB.mpeg,26,TOSSIR,TOSSIR
19-07-2024_14-23-10_p0040_s142_b2_CONV--ZED-RGB.mpeg,142,MOVIMENTAR-CORPO DOR PIORAR,MOVIMENTAR-CORPO DOR PIORAR
07-05-2024_15-02-49_p0027_s31_b1_CONV--ZED-RGB.mpeg,31,MANCHAS-PELE,MANCHAS-PELE
29-02-2024_14-07-44_p0010_s52_b1_CONV--zed-rgb.mpeg,52,XIXI ESPUMAR,XIXI ESPUMAR
18-06-2024_15-06-54_p0028_s111_b2_CONV--ZED-RGB.mpeg,111,DOR PESO,DOR PESO
06-05-2024_15-57-02_p0032_sP23.2_b4_CONV--ZED-RGB.mpeg,P23.2,TOTAL TEMPO QUANTO,TOTAL TEMPO QUANTO
25-03-2024_16-43-35_p0020_s149_b2_CONV--ZED-RGB.mpeg,149,DEVAGAR,DEVAGAR
08-06-2024_10-44-35_p0031_s63_b1_CONV--ZED-RGB.mpeg,63,TIRO FURAR-BARRIGA,TIRO FURAR-BARRIGA
18-06-2024_16-39-31_p0028_s253_b4_CONV--ZED-RGB.mpeg,253,ALERGIA O-V-O OVO,ALERGIA O-V-O OVO
29-04-2024_16-56-23_p0024_s59_b1_CONV--ZED-RGB.mpeg,59,TRAUMA,TRAUMA
27-05-2024_15-13-10_p0032_s163_b3_CONV--ZED-RGB.mpeg,163,TOMAR-BANHO CORPO PIOR NÃO,TOMAR-BANHO CORPO PIOR NÃO
08-04-2024_15-42-13_p0021_s112_b2_CONV--ZED-RGB.mpeg,112,DOR QUEIMAR,DOR QUEIMAR
08-05-2024_15-32-41_p0033_s170.9_b3_CONV--ZED-RGB.mpeg,170.9,9,9
03-05-2024_14-14-45_p0027_s124_b2_CONV--ZED-RGB.mpeg,124,GASES,GASES
22-01-2024_17-19-35_p9_s200--zed-rgb.mpeg,200,CATARRO COLA VERDE,CATARRO COLA VERDE
05-06-2024_10-22-47_p0036_s260_b4_CONV--ZED-RGB.mpeg,260,NÃO FUMAR,NÃO FUMAR
28-02-2024_16-15-52_p0011_s96_b2_CONV--zed-rgb.mpeg,96,DOR MEIO-BARRIGA,DOR MEIO-BARRIGA
16-07-2024_16-51-56_p0039_s264_b4_CONV--ZED-RGB.mpeg,264,CERVEJA,CERVEJA
24-04-2024_16-02-57_p0027_s197_b3_CONV--ZED-RGB.mpeg,197,CATARRO COLA CLARO,CATARRO COLA CLARO
19-06-2024_09-50-08_p0036_s4_b1_CONV--ZED-RGB.mpeg,4,CONVULSÃO ENROLAR-LÍNGUA,CONVULSÃO ENROLAR-LÍNGUA
10-05-2024_15-15-28_p0033_s223_b4_CONV--ZED-RGB.mpeg,223,DIABETES,DIABETES
30-04-2024_13-29-23_p0024_sP08.1_b2_CONV--ZED-RGB.mpeg,P8.1,S-I FAZER COISAS SENTIR DOR PIORAR,S-I FAZER COISAS SENTIR DOR PIORAR
03-05-2024_14-27-32_p0027_s148.21_b2_CONV--ZED-RGB.mpeg,148.21,U,U
27-03-2024_16-29-26_p0015_s74_b1_CONV--ZED-RGB.mpeg,74,BEBER,BEBER
21-02-2024_16-14-10_p0016_s154_b2_CONV--zed-rgb.mpeg,154,PARAR,PARAR
26-04-2024_15-09-50_p0028_s74_b1_CONV--ZED-RGB.mpeg,74,BEBER,BEBER
19-06-2024_10-15-12_p0036_s55_b1_CONV--ZED-RGB.mpeg,55,VERMELHO NARIZ-SANGRAR GRIPE,VERMELHO NARIZ-SANGRAR GRIPE
18-04-2024_15-24-38_p0026_s93_b2_CONV--ZED-RGB.mpeg,93,DOR NUCA,DOR NUCA
03-04-2024_15-33-41_p0023_s215_b4_CONV--ZED-RGB.mpeg,215,FEZES-LÍQUIDAS BORBULHAR,FEZES-LÍQUIDAS BORBULHAR
18-04-2024_15-26-56_p0026_s100_b2_CONV--ZED-RGB.mpeg,100,DOR VIRILHA,DOR VIRILHA
08-04-2024_16-06-25_p0021_s148.4_b2_CONV--ZED-RGB.mpeg,148.4,D,D
26-03-2024_15-03-06_p0022_s161_b3_CONV--ZED-RGB.mpeg,161,PLANO ANDAR FÍSICO PIOR NÃO,PLANO ANDAR FÍSICO PIOR NÃO
11-05-2024_09-33-24_p0034_s168_b3_CONV--ZED-RGB.mpeg,168,REMÉDIO CURAR,REMÉDIO CURAR
27-05-2024_16-35-06_p0032_s14_b1_CONV--ZED-RGB.mpeg,14,DOR PERNA ATRÁS,DOR PERNA ATRÁS
20-02-2024_16-25-11_p0015_s223_b4_CONV--zed-rgb.mpeg,223,DIABETES,DIABETES
08-04-2024_16-18-59_p0021_s155_b2_CONV--ZED-RGB.mpeg,155,PARAR,PARAR
18-04-2024_10-37-20_p0025_sP03_b1_CONV--ZED-RGB.mpeg,P3,COMO COMEÇAR QUE VOCÊ FAZER O-QUE,COMO COMEÇAR QUE VOCÊ FAZER O-QUE
16-04-2024_10-54-15_p0025_s267_b4_CONV--ZED-RGB.mpeg,267,VODCA,VODCA
29-02-2024_14-19-34_p0010_s79_b1_CONV--zed-rgb.mpeg,79,SENTADO,SENTADO
24-07-2024_15-31-12_p0041_s282_b4_CONV--ZED-RGB.mpeg,282,UM COPO CHEIO TODO-DIA,UM COPO CHEIO TODO-DIA
21-02-2024_11-30-48_p0013_s7_b1_CONV--zed-rgb.mpeg,7,DOR PEITO,DOR PEITO
29-04-2024_16-51-52_p0024_s48_b1_CONV--ZED-RGB.mpeg,48,XIXI VAZAR,XIXI VAZAR
26-03-2024_16-36-07_p0022_s276_b4_CONV--ZED-RGB.mpeg,276,GARRAFA UMA-VEZ SEMANA,GARRAFA UMA-VEZ SEMANA
13-03-2024_15-51-49_p0014_s224_b4_CONV--zed-rgb.mpeg,224,INFARTO,INFARTO
08-06-2024_10-18-57_p0031_s1_b1_CONV--ZED-RGB.mpeg,1,CONFUSÃO-MENTAL PERCEPÇÃO ESQUECER,CONFUSÃO-MENTAL PERCEPÇÃO ESQUECER
24-04-2024_16-18-05_p0027_sP17.3_b3_CONV--ZED-RGB.mpeg,P17.3,VOCÊ JÁ VACINAR GRIPE,VOCÊ JÁ VACINAR GRIPE
08-04-2024_16-16-16_p0021_s148.25_b2_CONV--ZED-RGB.mpeg,148.25,Y,Y
17-07-2024_14-24-14_p0041_s110_b2_CONV--ZED-RGB.mpeg,110,DOR APERTAR,DOR APERTAR
28-06-2024_15-34-07_p0035_s255_b4_CONV--ZED-RGB.mpeg,255,ALERGIA CATEGORIA T-R-I-G-O FARINHA,ALERGIA CATEGORIA T-R-I-G-O FARINHA
18-06-2024_15-05-48_p0028_s109_b2_CONV--ZED-RGB.mpeg,109,DOR MUITO-FORTE,DOR MUITO-FORTE
02-05-2024_15-56-27_p0026_s235_b4_CONV--ZED-RGB.mpeg,235,OBESIDADE,OBESIDADE
11-03-2024_15-50-29_p0020_s182_b3_CONV--zed-rgb.mpeg,182,QUEIXO DOR ESPALHAR,QUEIXO DOR ESPALHAR
12-07-2024_14-55-56_p0040_s170.7_b3_CONV--ZED-RGB.mpeg,170.7,7,7
24-07-2024_15-22-49_p0041_sP24.2_b4_CONV--ZED-RGB.mpeg,P24.2,BEBIDA QUAL,BEBIDA QUAL
29-04-2024_16-49-01_p0024_s41_b1_CONV--ZED-RGB.mpeg,41,GATO MORDER,GATO MORDER
26-03-2024_15-20-06_p0022_sP11.3_b3_CONV--ZED-RGB.mpeg,P11.3,NO-DECORRER-DO-TEMPO SENTIR DOR NO-TOTAL QUANTOS,NO-DECORRER-DO-TEMPO SENTIR DOR NO-TOTAL QUANTOS
07-05-2024_14-23-12_p0027_s248_b4_CONV--ZED-RGB.mpeg,248,ALERGIA CACHORRO,ALERGIA CACHORRO
19-06-2024_10-17-02_p0036_s59_b1_CONV--ZED-RGB.mpeg,59,TRAUMA,TRAUMA
20-03-2024_15-09-42_p0015_sP11.5_b3_CONV--ZED-RGB.mpeg,P11.5,PERÍODO DOR TER AUMENTAR,PERÍODO DOR TER AUMENTAR
20-05-2024_11-47-52_p0034_s59_b1_CONV--ZED-RGB.mpeg,59,TRAUMA,TRAUMA
31-01-2024_14-59-01_p13_s180--zed-rgb.mpeg,180,NUCA DOR ESPALHAR,NUCA DOR ESPALHAR
20-05-2024_11-42-30_p0034_s49_b1_CONV--ZED-RGB.mpeg,49,XIXI POUCO,XIXI POUCO
22-02-2024_15-35-17_p0014_s177_b3_CONV--zed-rgb.mpeg,177,UM ANO,UM ANO
31-01-2024_15-10-54_p13_s205--zed-rgb.mpeg,205,TRÊS VACINA,TRÊS VACINA
26-04-2024_14-57-06_p0028_s49_b1_CONV--ZED-RGB.mpeg,49,XIXI POUCO,XIXI POUCO
10-05-2024_15-43-01_p0033_s261_b4_CONV--ZED-RGB.mpeg,261,UM ANO,UM ANO
18-03-2024_11-34-13_p0013_s259_b4_CONV--ZED-RGB.mpeg,259,TER FUMAR SIM,TER FUMAR SIM
23-04-2024_11-15-49_p0024_s211_b4_CONV--ZED-RGB.mpeg,211,FRAGMENTOS MISTURAR MOLE,FRAGMENTOS MISTURAR MOLE
20-05-2024_16-03-04_p0023_s148.5_b2_CONV--ZED-RGB.mpeg,148.5,E,E
29-04-2024_16-40-11_p0024_s24_b1_CONV--ZED-RGB.mpeg,24,VOMITAR,VOMITAR
13-03-2024_15-24-27_p0014_s148.4_b2_CONV--zed-rgb.mpeg,148.4,D,D
24-04-2024_16-18-38_p0027_s207_b3_CONV--ZED-RGB.mpeg,207,NÃO VACINAR GRIPE,NÃO VACINAR GRIPE
08-05-2024_09-52-55_p0030_s141_b2_CONV--ZED-RGB.mpeg,141,MEXER-PESCOÇO,MEXER-PESCOÇO
20-05-2024_11-47-05_p0034_s57_b1_CONV--ZED-RGB.mpeg,57,TONTEIRA,TONTEIRA
30-04-2024_13-09-04_p0024_s94_b2_CONV--ZED-RGB.mpeg,94,DOR OUVIDO-DIREITO OUVIDO-ESQUERDO,DOR OUVIDO-DIREITO OUVIDO-ESQUERDO
18-03-2024_11-25-04_p0013_sP22.1_b4_CONV--ZED-RGB.mpeg,P22.1,VOCÊ TER ALERGIA ENTÃO,VOCÊ TER ALERGIA ENTÃO
19-07-2024_14-32-07_p0040_s148.12_b2_CONV--ZED-RGB.mpeg,148.12,L,L
18-06-2024_15-44-53_p0028_s154_b2_CONV--ZED-RGB.mpeg,154,PARAR,PARAR
28-06-2024_15-37-59_p0035_s259_b4_CONV--ZED-RGB.mpeg,259,TER FUMAR SIM,TER FUMAR SIM
16-07-2024_16-53-24_p0039_s268_b4_CONV--ZED-RGB.mpeg,268,UÍSQUE,UÍSQUE
19-03-2024_15-35-25_p0022_s144_b2_CONV--ZED-RGB.mpeg,144,ÁGUA FRIO COLOCAR-BRAÇO,ÁGUA FRIO COLOCAR-BRAÇO
10-05-2024_09-47-21_p0030_s236_b4_CONV--ZED-RGB.mpeg,236,FÍGADO INFLAMADO,FÍGADO INFLAMADO
28-06-2024_15-11-28_p0035_s221_b4_CONV--ZED-RGB.mpeg,221,TER P-U-S MISTURAR AMARELO BRANCO MISTURAR,TER P-U-S MISTURAR AMARELO BRANCO MISTURAR
18-04-2024_10-36-59_p0025_s72_b1_CONV--ZED-RGB.mpeg,72,2-MÊS,2-MÊS
11-05-2024_10-11-48_p0034_s243_b3_CONV--ZED-RGB.mpeg,243,NÃO TRAZER RECEITA REMÉDIO NENHUM,NÃO TRAZER RECEITA REMÉDIO NENHUM
30-01-2024_14-31-08_p12_s103--zed-rgb.mpeg,103,DOR JOELHO-DIREITO JOELHO-ESQUERDO,DOR JOELHO-DIREITO JOELHO-ESQUERDO
23-04-2024_15-27-47_p0026_s61_b1_CONV--ZED-RGB.mpeg,61,PELE QUEIMAR,PELE QUEIMAR
18-04-2024_15-51-32_p0026_s148.24_b2_CONV--ZED-RGB.mpeg,148.24,X,X
18-06-2024_17-00-01_p0028_s283_b4_CONV--ZED-RGB.mpeg,283,UM COPO UMA-VEZ SEMANA,UM COPO UMA-VEZ SEMANA
24-07-2024_14-14-06_p0041_s19_b1_CONV--ZED-RGB.mpeg,19,PALPITAÇÃO,PALPITAÇÃO
25-03-2024_16-30-31_p0020_s133_b2_CONV--ZED-RGB.mpeg,133,MASTIGAR,MASTIGAR
07-05-2024_14-34-18_p0027_s267_b4_CONV--ZED-RGB.mpeg,267,VODCA,VODCA
26-02-2024_16-08-04_p0019_sP24.1_b4_CONV--zed-rgb.mpeg,P24.1,BEBIDA ÁLCOOL VOCÊ BEBER VOCÊ,BEBIDA ÁLCOOL VOCÊ BEBER VOCÊ
23-04-2024_15-20-27_p0026_s42_b1_CONV--ZED-RGB.mpeg,42,COBRA PICAR,COBRA PICAR
03-05-2024_08-56-09_p0030_sP03_b1_CONV--ZED-RGB.mpeg,P3,COMO COMEÇAR QUE VOCÊ FAZER O-QUE,COMO COMEÇAR QUE VOCÊ FAZER O-QUE
25-03-2024_15-54-01_p0020_s264_b4_CONV--ZED-RGB.mpeg,264,CERVEJA,CERVEJA
16-05-2024_14-58-14_p0034_s137_b2_CONV--ZED-RGB.mpeg,137,ESTRESSE,ESTRESSE
11-06-2024_13-58-24_p0035_s90_b2_CONV--ZED-RGB.mpeg,90,DOR OUVIDO,DOR OUVIDO
12-03-2024_10-49-11_p0021_s270_b4_CONV--zed-rgb.mpeg,270,G-I-N,G-I-N
08-05-2024_15-28-29_p0033_s170.3_b3_CONV--ZED-RGB.mpeg,170.3,3,3
17-07-2024_14-47-29_p0041_s148.5_b2_CONV--ZED-RGB.mpeg,148.5,E,E
12-03-2024_14-42-50_p0022_s65_b1_CONV--zed-rgb.mpeg,65,NASCER VIVO,NASCER VIVO
07-03-2024_13-45-03_p0010_s93_b2_CONV--zed-rgb.mpeg,93,DOR NUCA,DOR NUCA
25-03-2024_15-55-10_p0020_s268_b4_CONV--ZED-RGB.mpeg,268,UÍSQUE,UÍSQUE
29-04-2024_11-43-51_p0029_s121_b2_CONV--ZED-RGB.mpeg,121,VER MANCHAS,VER MANCHAS
22-02-2024_14-37-23_p0018_s148.23_b2_CONV--zed-rgb.mpeg,148.23,W,W
03-05-2024_08-55-52_p0030_s72_b1_CONV--ZED-RGB.mpeg,72,2-MÊS,2-MÊS
23-04-2024_11-29-34_p0024_s239_b4_CONV--ZED-RGB.mpeg,239,VÍCIO BEBER ÁLCOOL,VÍCIO BEBER ÁLCOOL
16-04-2024_15-32-42_p0016_s170.7_b3_CONV--ZED-RGB.mpeg,170.7,7,7
19-06-2024_10-27-43_p0036_s75_b1_CONV--ZED-RGB.mpeg,75,TOSSIR,TOSSIR
10-05-2024_09-11-50_p0030_s208_b3_CONV--ZED-RGB.mpeg,208,NÃO TRAZER CARTÃO-DE-VACINA NENHUM,NÃO TRAZER CARTÃO-DE-VACINA NENHUM
25-03-2024_16-23-56_p0020_s122_b2_CONV--ZED-RGB.mpeg,122,TODA-HORA URINAR,TODA-HORA URINAR
07-03-2024_14-14-31_p0010_s148.23_b2_CONV--zed-rgb.mpeg,148.23,W,W
27-03-2024_15-33-12_p0015_s145_b2_CONV--ZED-RGB.mpeg,145,ÁGUA QUENTE COLOCAR-BRAÇO,ÁGUA QUENTE COLOCAR-BRAÇO
24-07-2024_15-24-43_p0041_s269_b4_CONV--ZED-RGB.mpeg,269,CACHAÇA,CACHAÇA
24-05-2024_18-45-11_p0031_sP06.3_b2_CONV--ZED-RGB.mpeg,P6.3,DOR IGUAL PESO,DOR IGUAL PESO
16-07-2024_16-18-45_p0039_s214_b4_CONV--ZED-RGB.mpeg,214,FEZES-LÍQUIDAS BRILHANTE,FEZES-LÍQUIDAS BRILHANTE
18-03-2024_11-20-49_p0013_s229_b4_CONV--ZED-RGB.mpeg,229,CÂNCER,CÂNCER
10-05-2024_16-10-15_p0033_s277_b4_CONV--ZED-RGB.mpeg,277,DOIS GARRAFAS DUAS-VEZES SEMANA,DOIS GARRAFAS DUAS-VEZES SEMANA
26-03-2024_15-43-10_p0022_s199_b3_CONV--ZED-RGB.mpeg,199,CATARRO COLA AMARELO,CATARRO COLA AMARELO
07-05-2024_14-15-52_p0027_s224_b4_CONV--ZED-RGB.mpeg,224,INFARTO,INFARTO
17-07-2024_14-34-58_p0041_s132_b2_CONV--ZED-RGB.mpeg,132,NARIZ ESPIRRAR,NARIZ ESPIRRAR
26-02-2024_16-03-20_p0019_s257_b4_CONV--zed-rgb.mpeg,257,ALERGIA REMÉDIO NÃO-TER,ALERGIA REMÉDIO NÃO-TER
27-05-2024_16-34-18_p0032_s12_b1_CONV--ZED-RGB.mpeg,12,DOR BRAÇO,DOR BRAÇO
20-03-2024_14-50-53_p0015_s160_b3_CONV--ZED-RGB.mpeg,160,PLANO ANDAR CORPO PIOR,PLANO ANDAR CORPO PIOR
12-03-2024_14-28-00_p0022_s30_b1_CONV--zed-rgb.mpeg,30,FERIR PELE,FERIR PELE
10-05-2024_16-43-54_p0033_s54_b1_CONV--ZED-RGB.mpeg,54,VERMELHO SANGRAR-BOCA,VERMELHO SANGRAR-BOCA
08-05-2024_09-49-35_p0030_s130_b2_CONV--ZED-RGB.mpeg,130,CORPO ESFORÇAR,CORPO ESFORÇAR
07-05-2024_14-12-16_p0027_s220_b4_CONV--ZED-RGB.mpeg,220,TER M-U-C-O COLA,TER M-U-C-O COLA
29-04-2024_16-42-42_p0024_s29_b1_CONV--ZED-RGB.mpeg,29,INCHAR,INCHAR
05-03-2024_10-33-01_p0014_s35_b1_CONV--zed-rgb.mpeg,35,ARREPIAR FRIO,ARREPIAR FRIO
07-05-2024_15-10-51_p0027_s55_b1_CONV--ZED-RGB.mpeg,55,VERMELHO NARIZ-SANGRAR GRIPE,VERMELHO NARIZ-SANGRAR GRIPE
22-02-2024_14-31-32_p0018_s148.2_b2_CONV--zed-rgb.mpeg,148.2,B,B
05-06-2024_10-16-09_p0036_s254_b4_CONV--ZED-RGB.mpeg,254,ALERGIA COMER CATEGORIA ÁGUA-MAR,ALERGIA COMER CATEGORIA ÁGUA-MAR
27-05-2024_15-36-07_p0032_s176_b3_CONV--ZED-RGB.mpeg,176,TRÊS-MESES,TRÊS-MESES
30-04-2024_13-47-24_p0024_s148.14_b2_CONV--ZED-RGB.mpeg,148.14,N,N
10-05-2024_09-03-06_p0030_sP15.4_b3_CONV--ZED-RGB.mpeg,P15.4,CATARRO COLA COR QUAL,CATARRO COLA COR QUAL
20-05-2024_12-09-44_p0034_s225_b4_CONV--ZED-RGB.mpeg,225,ARRITMIA,ARRITMIA
07-05-2024_14-17-47_p0027_s230_b4_CONV--ZED-RGB.mpeg,230,DEPRESSÃO,DEPRESSÃO
18-06-2024_16-56-35_p0028_s277_b4_CONV--ZED-RGB.mpeg,277,DOIS GARRAFAS DUAS-VEZES SEMANA,DOIS GARRAFAS DUAS-VEZES SEMANA
27-05-2024_15-10-12_p0032_sP09.3_b3_CONV--ZED-RGB.mpeg,P9.3,PLANO ANDAR FÍSICO PIOR,PLANO ANDAR FÍSICO PIOR
08-04-2024_15-24-54_p0021_sP05_b2_CONV--ZED-RGB.mpeg,P5,POR-QUE PROCURAR VIR HOJE TER PIORAR,POR-QUE PROCURAR VIR HOJE TER PIORAR
16-05-2024_14-31-00_p0034_s103_b2_CONV--ZED-RGB.mpeg,103,DOR JOELHO-DIREITO JOELHO-ESQUERDO,DOR JOELHO-DIREITO JOELHO-ESQUERDO
08-05-2024_16-12-33_p0033_s194_b3_CONV--ZED-RGB.mpeg,194,TOSSE SECO,TOSSE SECO
21-02-2024_11-40-16_p0013_s35_b1_CONV--zed-rgb.mpeg,35,ARREPIAR FRIO,ARREPIAR FRIO
27-03-2024_15-39-55_p0015_s148.19_b2_CONV--ZED-RGB.mpeg,148.19,S,S
20-05-2024_15-37-42_p0023_sP06.5_b2_CONV--ZED-RGB.mpeg,P6.5,DOR IGUAL FINCADA,DOR IGUAL FINCADA
03-05-2024_14-24-28_p0027_s148.8_b2_CONV--ZED-RGB.mpeg,148.8,H,H
12-03-2024_14-15-45_p0022_s4_b1_CONV--zed-rgb.mpeg,4,CONVULSÃO ENROLAR-LÍNGUA,CONVULSÃO ENROLAR-LÍNGUA
28-06-2024_14-19-49_p0035_s37_b1_CONV--ZED-RGB.mpeg,37,VERMELHO SANGUE DOCE BAIXO-ALTO,VERMELHO SANGUE DOCE BAIXO-ALTO
29-04-2024_11-52-44_p0029_s142_b2_CONV--ZED-RGB.mpeg,142,MOVIMENTAR-CORPO DOR PIORAR,MOVIMENTAR-CORPO DOR PIORAR
24-07-2024_14-34-20_p0041_s67_b1_CONV--ZED-RGB.mpeg,67,VOMITAR TER VERMELHO,VOMITAR TER VERMELHO
03-05-2024_08-51-52_p0030_s62_b1_CONV--ZED-RGB.mpeg,62,MATERIAL GRUPO CORTAR TAMBÉM OBJETO-FINO-LONGO FINCAR,MATERIAL GRUPO CORTAR TAMBÉM OBJETO-FINO-LONGO FINCAR
06-05-2024_16-09-37_p0032_s280_b4_CONV--ZED-RGB.mpeg,280,TAÇA TOMAR VINHO UMA-VEZ SEMANA,TAÇA TOMAR VINHO UMA-VEZ SEMANA
19-07-2024_14-33-39_p0040_s148.17_b2_CONV--ZED-RGB.mpeg,148.17,Q,Q
25-03-2024_16-38-47_p0020_s148.10_b2_CONV--ZED-RGB.mpeg,148.10,J,J
10-05-2024_16-37-19_p0033_s35_b1_CONV--ZED-RGB.mpeg,35,ARREPIAR FRIO,ARREPIAR FRIO
12-03-2024_10-26-28_p0021_s233_b4_CONV--zed-rgb.mpeg,233,A-V-C,A-V-C
03-04-2024_15-31-49_p0023_s210_b4_CONV--ZED-RGB.mpeg,210,MOLE,MOLE
25-03-2024_15-27-58_p0020_s213_b4_CONV--ZED-RGB.mpeg,213,CLARO,CLARO
16-05-2024_14-24-34_p0034_s89_b2_CONV--ZED-RGB.mpeg,89,DOR LADO-CABEÇA,DOR LADO-CABEÇA
07-03-2024_14-00-11_p0010_s125_b2_CONV--zed-rgb.mpeg,125,COMER CATEGORIA ÁCIDO MAIS APIMENTADO,COMER CATEGORIA ÁCIDO MAIS APIMENTADO
20-05-2024_12-03-25_p0034_s215_b4_CONV--ZED-RGB.mpeg,215,FEZES-LÍQUIDAS BORBULHAR,FEZES-LÍQUIDAS BORBULHAR
20-03-2024_15-16-06_p0015_s190_b3_CONV--ZED-RGB.mpeg,190,SIM APERTAR-BRAÇO DOER,SIM APERTAR-BRAÇO DOER
03-05-2024_14-20-32_p0027_s144_b2_CONV--ZED-RGB.mpeg,144,ÁGUA FRIO COLOCAR-BRAÇO,ÁGUA FRIO COLOCAR-BRAÇO
18-04-2024_10-20-28_p0025_s33_b1_CONV--ZED-RGB.mpeg,33,COÇAR,COÇAR
18-04-2024_15-26-03_p0026_s97_b2_CONV--ZED-RGB.mpeg,97,DOR LADOS-BARRIGA,DOR LADOS-BARRIGA
30-01-2024_14-45-58_p12_s130--zed-rgb.mpeg,130,CORPO ESFORÇAR,CORPO ESFORÇAR
02-04-2024_15-49-10_p0021_s201_b3_CONV--ZED-RGB.mpeg,201,CATARRO COLA VERMELHO,CATARRO COLA VERMELHO
18-04-2024_15-29-00_p0026_s106_b2_CONV--ZED-RGB.mpeg,106,DOR PULSAR,DOR PULSAR
27-03-2024_15-21-36_p0015_s120_b2_CONV--ZED-RGB.mpeg,120,VER DOBRADO,VER DOBRADO
27-03-2024_15-06-01_p0015_sP06.1_b2_CONV--ZED-RGB.mpeg,P6.1,ONDE DOR,ONDE DOR
22-02-2024_10-53-31_p0017_s170.1_b3_CONV--zed-rgb.mpeg,170.1,1,1
21-02-2024_16-10-00_p0016_s148.26_b2_CONV--zed-rgb.mpeg,148.26,Z,Z
16-04-2024_15-34-02_p0016_sP11.1_b3_CONV--ZED-RGB.mpeg,P11.1,SENTIR DOR DEPOIS SUMIR OUTRA-VEZ SENTIR DOR SUMIR VOLTAR SUMIR,SENTIR DOR DEPOIS SUMIR OUTRA-VEZ SENTIR DOR SUMIR VOLTAR SUMIR
20-05-2024_12-18-37_p0034_s247_b4_CONV--ZED-RGB.mpeg,247,ALERGIA FLOR PÓLEN,ALERGIA FLOR PÓLEN
26-08-2024_15-45-38_p0019_sP02_b1_CONV--ZED-RGB.mp4,P2,QUANDO COMEÇAR ENTÃO,QUANDO COMEÇAR ENTÃO
05-06-2024_09-50-52_p0036_s218_b4_CONV--ZED-RGB.mpeg,218,FEZES-LÍQUIDAS ESCURO,FEZES-LÍQUIDAS ESCURO
10-05-2024_16-25-12_p0033_s6_b1_CONV--ZED-RGB.mpeg,6,DOR PESCOÇO,DOR PESCOÇO
03-04-2024_15-55-06_p0023_s248_b4_CONV--ZED-RGB.mpeg,248,ALERGIA CACHORRO,ALERGIA CACHORRO
29-04-2024_11-57-01_p0029_s148.2_b2_CONV--ZED-RGB.mpeg,148.2,B,B
24-07-2024_14-21-34_p0041_s35_b1_CONV--ZED-RGB.mpeg,35,ARREPIAR FRIO,ARREPIAR FRIO
11-05-2024_09-48-15_p0034_sP11.5_b3_CONV--ZED-RGB.mpeg,P11.5,PERÍODO DOR TER AUMENTAR,PERÍODO DOR TER AUMENTAR
11-06-2024_14-43-19_p0035_s149_b2_CONV--ZED-RGB.mpeg,149,DEVAGAR,DEVAGAR
28-06-2024_15-42-59_p0035_s268_b4_CONV--ZED-RGB.mpeg,268,UÍSQUE,UÍSQUE
24-07-2024_14-15-14_p0041_s22_b1_CONV--ZED-RGB.mpeg,22,EVACUAR MOLE VERMELHO,EVACUAR MOLE VERMELHO
26-08-2024_15-28-19_p0019_s35_b1_CONV--ZED-RGB.mp4,35,ARREPIAR FRIO,ARREPIAR FRIO
13-03-2024_15-18-26_p0014_s138_b2_CONV--zed-rgb.mpeg,138,APERTAR,APERTAR
29-04-2024_11-39-18_p0029_s114_b2_CONV--ZED-RGB.mpeg,114,DOR CHOQUE,DOR CHOQUE
16-07-2024_16-19-41_p0039_s217_b4_CONV--ZED-RGB.mpeg,217,FEZES-LÍQUIDAS BRANCO,FEZES-LÍQUIDAS BRANCO
13-03-2024_15-53-34_p0014_s227_b4_CONV--zed-rgb.mpeg,227,ASMA,ASMA
23-05-2024_15-19-57_p0035_s203_b3_CONV--ZED-RGB.mpeg,203,NÃO VACINAR COVID-19,NÃO VACINAR COVID-19
27-03-2024_16-05-36_p0015_s17_b1_CONV--ZED-RGB.mpeg,17,CHIAR,CHIAR
03-05-2024_18-47-26_p0031_s181_b3_CONV--ZED-RGB.mpeg,181,PESCOÇO DOR ESPALHAR,PESCOÇO DOR ESPALHAR
26-02-2024_15-55-24_p0019_s249_b4_CONV--zed-rgb.mpeg,249,ALERGIA GATO,ALERGIA GATO
15-05-2024_15-53-54_p0032_s121_b2_CONV--ZED-RGB.mpeg,121,VER MANCHAS,VER MANCHAS
02-04-2024_15-58-12_p0021_sP21.2_b3_CONV--ZED-RGB.mpeg,P21.2,USAR REMÉDIO,USAR REMÉDIO
28-06-2024_14-14-47_p0035_s23_b1_CONV--ZED-RGB.mpeg,23,TONTURA-ENJOO,TONTURA-ENJOO
09-05-2024_14-11-13_p0033_sP04_b2_CONV--ZED-RGB.mpeg,P4,TEMPO QUAL HORAS-DURAÇÃO TEMPO,TEMPO QUAL HORAS-DURAÇÃO TEMPO
21-02-2024_15-26-03_p0016_s105_b2_CONV--zed-rgb.mpeg,105,DOR TESTÍCULOS,DOR TESTÍCULOS
02-04-2024_15-00-58_p0021_sP09.2_b3_CONV--ZED-RGB.mpeg,P9.2,SUBIR-MORRO FÍSICO PIOR,SUBIR-MORRO FÍSICO PIOR
26-03-2024_15-35-16_p0022_s189_b3_CONV--ZED-RGB.mpeg,189,DOR PERNAS-ESPALHAR APONTAR-PERNA,DOR PERNAS-ESPALHAR APONTAR-PERNA
05-06-2024_10-23-58_p0036_s262_b4_CONV--ZED-RGB.mpeg,262,DOIS ANO,DOIS ANO
13-05-2024_15-30-46_p0028_s158_b3_CONV--ZED-RGB.mpeg,158,SUBIR-MORRO FÍSICO PIOR,SUBIR-MORRO FÍSICO PIOR
10-05-2024_16-12-41_p0033_s281_b4_CONV--ZED-RGB.mpeg,281,TAÇA TOMAR VINHO TODO-DIA,TAÇA TOMAR VINHO TODO-DIA
02-05-2024_14-58-49_p0026_sP11.2_b3_CONV--ZED-RGB.mpeg,P11.2,SENTIR DOR OUTRAS-VEZES DIVERSAS-VEZES ENTÃO,SENTIR DOR OUTRAS-VEZES DIVERSAS-VEZES ENTÃO
15-05-2024_15-39-24_p0032_s112_b2_CONV--ZED-RGB.mpeg,112,DOR QUEIMAR,DOR QUEIMAR
17-06-2024_15-37-45_p0019_s148.21_b2_CONV--ZED-RGB.mpeg,148.21,U,U
08-05-2024_09-27-34_p0030_sP04_b2_CONV--ZED-RGB.mpeg,P4,TEMPO QUAL HORAS-DURAÇÃO TEMPO,TEMPO QUAL HORAS-DURAÇÃO TEMPO
10-05-2024_16-42-41_p0033_s49_b1_CONV--ZED-RGB.mpeg,49,XIXI POUCO,XIXI POUCO
27-03-2024_15-32-27_p0015_s143_b2_CONV--ZED-RGB.mpeg,143,DEITAR,DEITAR
20-05-2024_12-03-00_p0034_s214_b4_CONV--ZED-RGB.mpeg,214,FEZES-LÍQUIDAS BRILHANTE,FEZES-LÍQUIDAS BRILHANTE
18-03-2024_15-13-05_p0020_s2_b1_CONV--ZED-RGB.mpeg,2,CONFUSÃO,CONFUSÃO
02-04-2024_15-51-51_p0021_sP17.2_b3_CONV--ZED-RGB.mpeg,P17.2,QUANTOS VACINAR,QUANTOS VACINAR
08-05-2024_09-55-40_p0030_s146_b2_CONV--ZED-RGB.mpeg,146,REMÉDIO,REMÉDIO
18-06-2024_16-33-26_p0028_s239_b4_CONV--ZED-RGB.mpeg,239,VÍCIO BEBER ÁLCOOL,VÍCIO BEBER ÁLCOOL
09-05-2024_15-11-08_p0033_s148.16_b2_CONV--ZED-RGB.mpeg,148.16,P,P
12-03-2024_14-20-27_p0022_s11_b1_CONV--zed-rgb.mpeg,11,DOR GARGANTA,DOR GARGANTA
22-02-2024_11-54-04_p0017_s264_b4_CONV--zed-rgb.mpeg,264,CERVEJA,CERVEJA
26-03-2024_15-47-01_p0022_s206_b3_CONV--ZED-RGB.mpeg,206,QUATRO VACINA,QUATRO VACINA
05-06-2024_10-13-38_p0036_s249_b4_CONV--ZED-RGB.mpeg,249,ALERGIA GATO,ALERGIA GATO
31-01-2024_15-11-17_p13_s206--zed-rgb.mpeg,206,QUATRO VACINA,QUATRO VACINA
03-05-2024_08-54-11_p0030_sP02_b1_CONV--ZED-RGB.mpeg,P2,QUANDO COMEÇAR ENTÃO,QUANDO COMEÇAR ENTÃO
02-04-2024_15-53-59_p0021_sP17.3_b3_CONV--ZED-RGB.mpeg,P17.3,VOCÊ JÁ VACINAR GRIPE,VOCÊ JÁ VACINAR GRIPE
18-03-2024_11-06-34_p0013_s209_b4_CONV--ZED-RGB.mpeg,209,NENHUM VONTADE NADA VOMITAR,NENHUM VONTADE NADA VOMITAR
27-03-2024_15-37-49_p0015_s148.12_b2_CONV--ZED-RGB.mpeg,148.12,L,L
10-05-2024_16-05-02_p0033_sP24.3_b4_CONV--ZED-RGB.mpeg,P24.3,QUANTOS BEBIDA,QUANTOS BEBIDA
10-05-2024_16-41-56_p0033_s46_b1_CONV--ZED-RGB.mpeg,46,PROBLEMA OUVIDOS,PROBLEMA OUVIDOS
26-02-2024_15-38-33_p0019_s223_b4_CONV--zed-rgb.mpeg,223,DIABETES,DIABETES
27-03-2024_15-42-22_p0015_s148.26_b2_CONV--ZED-RGB.mpeg,148.26,Z,Z
22-02-2024_15-51-28_p0014_s207_b3_CONV--zed-rgb.mpeg,207,NÃO VACINAR GRIPE,NÃO VACINAR GRIPE
11-03-2024_16-10-16_p0020_s201_b3_CONV--zed-rgb.mpeg,201,CATARRO COLA VERMELHO,CATARRO COLA VERMELHO
18-06-2024_16-37-25_p0028_s249_b4_CONV--ZED-RGB.mpeg,249,ALERGIA GATO,ALERGIA GATO
18-04-2024_10-10-25_p0025_s8_b1_CONV--ZED-RGB.mpeg,8,DOR COSTAS,DOR COSTAS
22-02-2024_14-26-49_p0018_s138_b2_CONV--zed-rgb.mpeg,138,APERTAR,APERTAR
07-05-2024_15-12-39_p0027_s60_b1_CONV--ZED-RGB.mpeg,60,AGREDIR,AGREDIR
08-06-2024_10-29-35_p0031_s31_b1_CONV--ZED-RGB.mpeg,31,MANCHAS-PELE,MANCHAS-PELE
28-06-2024_15-09-45_p0035_s217_b4_CONV--ZED-RGB.mpeg,217,FEZES-LÍQUIDAS BRANCO,FEZES-LÍQUIDAS BRANCO
07-05-2024_14-22-51_p0027_s247_b4_CONV--ZED-RGB.mpeg,247,ALERGIA FLOR PÓLEN,ALERGIA FLOR PÓLEN
18-04-2024_10-34-39_p0025_s67_b1_CONV--ZED-RGB.mpeg,67,VOMITAR TER VERMELHO,VOMITAR TER VERMELHO
30-04-2024_13-40-17_p0024_s143_b2_CONV--ZED-RGB.mpeg,143,DEITAR,DEITAR
10-05-2024_15-07-50_p0033_s213_b4_CONV--ZED-RGB.mpeg,213,CLARO,CLARO
28-06-2024_15-20-31_p0035_s236_b4_CONV--ZED-RGB.mpeg,236,FÍGADO INFLAMADO,FÍGADO INFLAMADO
24-01-2024_17-32-07_p10_s271--zed-rgb.mpeg,271,CHAMPANHE,CHAMPANHE
23-05-2024_14-42-26_p0035_s161_b3_CONV--ZED-RGB.mpeg,161,PLANO ANDAR FÍSICO PIOR NÃO,PLANO ANDAR FÍSICO PIOR NÃO
24-07-2024_14-19-53_p0041_s32_b1_CONV--ZED-RGB.mpeg,32,MANCHAS-PELE VERMELHO,MANCHAS-PELE VERMELHO
05-03-2024_10-28-10_p0014_s22_b1_CONV--zed-rgb.mpeg,22,EVACUAR MOLE VERMELHO,EVACUAR MOLE VERMELHO
29-04-2024_16-07-02_p0024_s206_b3_CONV--ZED-RGB.mpeg,206,QUATRO VACINA,QUATRO VACINA
21-02-2024_15-48-11_p0016_s133_b2_CONV--zed-rgb.mpeg,133,MASTIGAR,MASTIGAR
12-03-2024_14-38-28_p0022_s53_b1_CONV--zed-rgb.mpeg,53,XIXI VERMELHO,XIXI VERMELHO
22-01-2024_17-12-21_p9_sP15.1--zed-rgb.mpeg,P15.1,TER TOSSE,TER TOSSE
16-05-2024_15-03-24_p0034_s147_b2_CONV--ZED-RGB.mpeg,147,JEJUM,JEJUM
11-06-2024_14-44-47_p0035_s152_b2_CONV--ZED-RGB.mpeg,152,OBRIGADO,OBRIGADO
26-02-2024_16-06-39_p0019_s263_b4_CONV--zed-rgb.mpeg,263,DEZ ANO,DEZ ANO
11-05-2024_09-55-16_p0034_sP13.1_b3_CONV--ZED-RGB.mpeg,P13.1,MOMENTO EXEMPLO AQUI APERTAR VOCÊ SENTIR DOR PIORAR ENTÃO,MOMENTO EXEMPLO AQUI APERTAR VOCÊ SENTIR DOR PIORAR ENTÃO
16-07-2024_16-21-00_p0039_s220_b4_CONV--ZED-RGB.mpeg,220,TER M-U-C-O COLA,TER M-U-C-O COLA
02-04-2024_15-08-31_p0021_s167_b3_CONV--ZED-RGB.mpeg,167,SUBIR-ESCADA CORPO PIOR NÃO,SUBIR-ESCADA CORPO PIOR NÃO
23-05-2024_14-57-12_p0035_sP11.1_b3_CONV--ZED-RGB.mpeg,P11.1,SENTIR DOR DEPOIS SUMIR OUTRA-VEZ SENTIR DOR SUMIR VOLTAR SUMIR,SENTIR DOR DEPOIS SUMIR OUTRA-VEZ SENTIR DOR SUMIR VOLTAR SUMIR
22-02-2024_13-29-42_p0018_s34_b1_CONV--zed-rgb.mpeg,34,FEBRE,FEBRE
25-03-2024_16-16-21_p0020_s107_b2_CONV--ZED-RGB.mpeg,107,DOR PROFUNDO,DOR PROFUNDO
02-05-2024_14-50-44_p0026_s169_b3_CONV--ZED-RGB.mpeg,169,REMÉDIO CURAR-NÃO,REMÉDIO CURAR-NÃO
10-05-2024_09-49-35_p0030_s245_b4_CONV--ZED-RGB.mpeg,245,ÁCARO ALERGIA,ÁCARO ALERGIA
03-05-2024_14-18-19_p0027_s136_b2_CONV--ZED-RGB.mpeg,136,ANDAR,ANDAR
20-03-2024_15-07-22_p0015_s175_b3_CONV--ZED-RGB.mpeg,175,DOIS SEMANA,DOIS SEMANA
18-04-2024_15-34-17_p0026_s118_b2_CONV--ZED-RGB.mpeg,118,OLHOS-LACRIMEJAR,OLHOS-LACRIMEJAR
10-05-2024_16-30-38_p0033_s21_b1_CONV--ZED-RGB.mpeg,21,EVACUAR-ESPALHAR,EVACUAR-ESPALHAR
13-05-2024_16-24-06_p0028_s195_b3_CONV--ZED-RGB.mpeg,195,CATARRO COLA NENHUM,CATARRO COLA NENHUM
31-01-2024_14-46-33_p13_s170.0--zed-rgb.mpeg,170.0,0,0
22-02-2024_14-25-34_p0018_s137_b2_CONV--zed-rgb.mpeg,137,ESTRESSE,ESTRESSE
08-04-2024_16-07-58_p0021_s148.9_b2_CONV--ZED-RGB.mpeg,148.9,I,I
16-04-2024_16-00-34_p0016_s206_b3_CONV--ZED-RGB.mpeg,206,QUATRO VACINA,QUATRO VACINA
19-03-2024_15-52-11_p0022_s149_b2_CONV--ZED-RGB.mpeg,149,DEVAGAR,DEVAGAR
08-04-2024_16-14-26_p0021_s148.19_b2_CONV--ZED-RGB.mpeg,148.19,S,S
22-02-2024_13-51-20_p0018_s79_b1_CONV--zed-rgb.mpeg,79,SENTADO,SENTADO
25-03-2024_16-13-45_p0020_s100_b2_CONV--ZED-RGB.mpeg,100,DOR VIRILHA,DOR VIRILHA
24-01-2024_17-26-38_p10_sP22.3--zed-rgb.mpeg,P22.3,QUAL MEDICAMENTO,QUAL MEDICAMENTO
16-04-2024_15-49-59_p0016_sP13.2_b3_CONV--ZED-RGB.mpeg,P13.2,MOMENTO FICAR-EM-PÉ SENTAR DEITAR DOR PIORAR,MOMENTO FICAR-EM-PÉ SENTAR DEITAR DOR PIORAR
15-05-2024_16-04-57_p0032_s131_b2_CONV--ZED-RGB.mpeg,131,PERÍODO MENSTRUAR,PERÍODO MENSTRUAR
30-01-2024_11-05-29_p11_s14--zed-rgb.mpeg,14,DOR PERNA ATRÁS,DOR PERNA ATRÁS
08-04-2024_16-44-32_p0021_s34_b1_CONV--ZED-RGB.mpeg,34,FEBRE,FEBRE
26-03-2024_16-24-28_p0022_s254_b4_CONV--ZED-RGB.mpeg,254,ALERGIA COMER CATEGORIA ÁGUA-MAR,ALERGIA COMER CATEGORIA ÁGUA-MAR
17-07-2024_14-28-21_p0041_sP06.6_b2_CONV--ZED-RGB.mpeg,P6.6,DOR IGUAL SENTIR CHOQUE,DOR IGUAL SENTIR CHOQUE
23-05-2024_15-06-01_p0035_s182_b3_CONV--ZED-RGB.mpeg,182,QUEIXO DOR ESPALHAR,QUEIXO DOR ESPALHAR
02-04-2024_15-44-32_p0021_s195_b3_CONV--ZED-RGB.mpeg,195,CATARRO COLA NENHUM,CATARRO COLA NENHUM
08-05-2024_10-01-08_p0030_s148.18_b2_CONV--ZED-RGB.mpeg,148.18,R,R
03-05-2024_08-36-57_p0030_s27_b1_CONV--ZED-RGB.mpeg,27,CATARRO GRIPE,CATARRO GRIPE
24-04-2024_15-44-04_p0027_sP11.4_b3_CONV--ZED-RGB.mpeg,P11.4,AO-LONGO-DO-TEMPO DOR COMO AUMENTAR O-U DIMINUIR,AO-LONGO-DO-TEMPO DOR COMO AUMENTAR O-U DIMINUIR
29-04-2024_11-58-27_p0029_s148.8_b2_CONV--ZED-RGB.mpeg,148.8,H,H
07-03-2024_14-06-16_p0010_s147_b2_CONV--zed-rgb.mpeg,147,JEJUM,JEJUM
20-05-2024_11-37-23_p0034_s39_b1_CONV--ZED-RGB.mpeg,39,MORDER,MORDER
08-04-2024_16-43-36_p0021_s31_b1_CONV--ZED-RGB.mpeg,31,MANCHAS-PELE,MANCHAS-PELE
03-05-2024_08-49-25_p0030_s57_b1_CONV--ZED-RGB.mpeg,57,TONTEIRA,TONTEIRA
07-05-2024_14-09-36_p0027_s213_b4_CONV--ZED-RGB.mpeg,213,CLARO,CLARO
08-04-2024_15-30-26_p0021_s92_b2_CONV--ZED-RGB.mpeg,92,DOR TESTA,DOR TESTA
08-04-2024_16-37-02_p0021_s14_b1_CONV--ZED-RGB.mpeg,14,DOR PERNA ATRÁS,DOR PERNA ATRÁS
23-05-2024_14-58-50_p0035_s173_b3_CONV--ZED-RGB.mpeg,173,SEMPRE SEMPRE,SEMPRE SEMPRE
27-03-2024_15-40-36_p0015_s148.21_b2_CONV--ZED-RGB.mpeg,148.21,U,U
29-04-2024_12-05-08_p0029_s154_b2_CONV--ZED-RGB.mpeg,154,PARAR,PARAR
11-06-2024_13-59-15_p0035_s92_b2_CONV--ZED-RGB.mpeg,92,DOR TESTA,DOR TESTA
08-05-2024_15-52-21_p0033_s184_b3_CONV--ZED-RGB.mpeg,184,DOR BRAÇO-ESPALHAR,DOR BRAÇO-ESPALHAR
29-02-2024_13-49-29_p0010_s22_b1_CONV--zed-rgb.mpeg,22,EVACUAR MOLE VERMELHO,EVACUAR MOLE VERMELHO
18-06-2024_14-54-34_p0028_s88_b2_CONV--ZED-RGB.mpeg,88,NÃO,NÃO
17-06-2024_15-38-05_p0019_s148.22_b2_CONV--ZED-RGB.mpeg,148.22,V,V
07-05-2024_15-04-25_p0027_s36_b1_CONV--ZED-RGB.mpeg,36,SUAR SUAR SUAR,SUAR SUAR SUAR
17-07-2024_14-52-05_p0041_s148.19_b2_CONV--ZED-RGB.mpeg,148.19,S,S
16-04-2024_10-54-56_p0025_s269_b4_CONV--ZED-RGB.mpeg,269,CACHAÇA,CACHAÇA
16-04-2024_11-00-06_p0025_s278_b4_CONV--ZED-RGB.mpeg,278,UMA-DOSE TOMAR TODO-DIA,UMA-DOSE TOMAR TODO-DIA
08-04-2024_15-59-43_p0021_s144_b2_CONV--ZED-RGB.mpeg,144,ÁGUA FRIO COLOCAR-BRAÇO,ÁGUA FRIO COLOCAR-BRAÇO
13-03-2024_16-03-43_p0014_s254_b4_CONV--zed-rgb.mpeg,254,ALERGIA COMER CATEGORIA ÁGUA-MAR,ALERGIA COMER CATEGORIA ÁGUA-MAR
15-05-2024_15-31-32_p0032_s100_b2_CONV--ZED-RGB.mpeg,100,DOR VIRILHA,DOR VIRILHA
19-07-2024_14-20-48_p0040_s138_b2_CONV--ZED-RGB.mpeg,138,APERTAR,APERTAR
29-04-2024_12-02-54_p0029_s148.25_b2_CONV--ZED-RGB.mpeg,148.25,Y,Y
30-04-2024_13-18-36_p0024_s113_b2_CONV--ZED-RGB.mpeg,113,DOR PONTADA,DOR PONTADA
16-04-2024_10-21-02_p0025_s212_b4_CONV--ZED-RGB.mpeg,212,FEZES-LÍQUIDAS,FEZES-LÍQUIDAS
22-02-2024_15-20-16_p0014_s160_b3_CONV--zed-rgb.mpeg,160,PLANO ANDAR CORPO PIOR,PLANO ANDAR CORPO PIOR
07-05-2024_14-59-20_p0027_s20_b1_CONV--ZED-RGB.mpeg,20,TONTURA CAIR-PESSOA,TONTURA CAIR-PESSOA
08-05-2024_09-51-55_p0030_s138_b2_CONV--ZED-RGB.mpeg,138,APERTAR,APERTAR
03-05-2024_08-36-08_p0030_s25_b1_CONV--ZED-RGB.mpeg,25,FEZES ESCURO,FEZES ESCURO
10-05-2024_15-40-17_p0033_sP22.3_b4_CONV--ZED-RGB.mpeg,P22.3,QUAL MEDICAMENTO,QUAL MEDICAMENTO
10-05-2024_16-42-09_p0033_s47_b1_CONV--ZED-RGB.mpeg,47,XIXI SENTIR IGUAL QUENTE,XIXI SENTIR IGUAL QUENTE
02-04-2024_15-25-38_p0021_s174_b3_CONV--ZED-RGB.mpeg,174,TRÊS-VEZES DIA,TRÊS-VEZES DIA
19-06-2024_16-36-19_p0023_s44_b1_CONV--ZED-RGB.mpeg,44,PRESSÃO-ARTERIAL ALTO-BAIXO,PRESSÃO-ARTERIAL ALTO-BAIXO
13-03-2024_15-02-36_p0014_s108_b2_CONV--zed-rgb.mpeg,108,DOR LEVE,DOR LEVE
24-07-2024_14-23-41_p0041_s41_b1_CONV--ZED-RGB.mpeg,41,GATO MORDER,GATO MORDER
19-07-2024_14-37-35_p0040_s150_b2_CONV--ZED-RGB.mpeg,150,ENTENDER,ENTENDER
22-02-2024_13-35-13_p0018_s40_b1_CONV--zed-rgb.mpeg,40,CACHORRO MORDER,CACHORRO MORDER
12-06-2024_17-08-22_p0038_sP21.1_b3_CONV--ZED-RGB.mpeg,P21.1,DOCUMENTO REMÉDIO VOCÊ TRAZER,DOCUMENTO REMÉDIO VOCÊ TRAZER
16-04-2024_10-31-28_p0025_s227_b4_CONV--ZED-RGB.mpeg,227,ASMA,ASMA
24-07-2024_14-36-32_p0041_s72_b1_CONV--ZED-RGB.mpeg,72,2-MÊS,2-MÊS
05-03-2024_10-39-54_p0014_s57_b1_CONV--zed-rgb.mpeg,57,TONTEIRA,TONTEIRA
17-07-2024_14-49-09_p0041_s148.9_b2_CONV--ZED-RGB.mpeg,148.9,I,I
11-03-2024_16-08-21_p0020_s200_b3_CONV--zed-rgb.mpeg,200,CATARRO COLA VERDE,CATARRO COLA VERDE
07-05-2024_14-20-09_p0027_s237_b4_CONV--ZED-RGB.mpeg,237,RINS FRACO,RINS FRACO
22-02-2024_14-03-24_p0018_s87_b2_CONV--zed-rgb.mpeg,87,SIM,SIM
08-04-2024_16-07-39_p0021_s148.8_b2_CONV--ZED-RGB.mpeg,148.8,H,H
08-06-2024_10-44-57_p0031_s64_b1_CONV--ZED-RGB.mpeg,64,QUASE CABEÇA-SAIR NASCER,QUASE CABEÇA-SAIR NASCER
13-05-2024_16-14-59_p0028_s189_b3_CONV--ZED-RGB.mpeg,189,DOR PERNAS-ESPALHAR APONTAR-PERNA,DOR PERNAS-ESPALHAR APONTAR-PERNA
03-04-2024_16-09-30_p0023_s273_b4_CONV--ZED-RGB.mpeg,273,UM LATA UMA-VEZ SEMANA,UM LATA UMA-VEZ SEMANA
29-04-2024_16-39-18_p0024_s22_b1_CONV--ZED-RGB.mpeg,22,EVACUAR MOLE VERMELHO,EVACUAR MOLE VERMELHO
11-03-2024_15-39-03_p0020_s170.5_b3_CONV--zed-rgb.mpeg,170.5,5,5
02-05-2024_14-43-18_p0026_s160_b3_CONV--ZED-RGB.mpeg,160,PLANO ANDAR CORPO PIOR,PLANO ANDAR CORPO PIOR
19-03-2024_14-52-17_p0022_sP04_b2_CONV--ZED-RGB.mpeg,P4,TEMPO QUAL HORAS-DURAÇÃO TEMPO,TEMPO QUAL HORAS-DURAÇÃO TEMPO
07-05-2024_14-57-56_p0027_s16_b1_CONV--ZED-RGB.mpeg,16,RESPIRAR FALTAR,RESPIRAR FALTAR
20-05-2024_11-59-13_p0034_sP18.1_b4_CONV--ZED-RGB.mpeg,P18.1,ENJOAR O-U VOMITAR,ENJOAR O-U VOMITAR
02-04-2024_15-18-17_p0021_s170.6_b3_CONV--ZED-RGB.mpeg,170.6,6,6
29-02-2024_13-35-57_p0010_s4_b1_CONV--zed-rgb.mpeg,4,CONVULSÃO ENROLAR-LÍNGUA,CONVULSÃO ENROLAR-LÍNGUA
29-04-2024_17-01-25_p0024_s68_b1_CONV--ZED-RGB.mpeg,68,15 MINUTO,15 MINUTO
23-05-2024_15-20-41_p0035_s204_b3_CONV--ZED-RGB.mpeg,204,DOIS VACINA,DOIS VACINA
10-05-2024_15-47-49_p0033_s265_b4_CONV--ZED-RGB.mpeg,265,VINHO,VINHO
13-03-2024_15-49-47_p0014_sP18.5_b4_CONV--zed-rgb.mpeg,P18.5,VOCÊ BARRIGA DOR ENTÃO,VOCÊ BARRIGA DOR ENTÃO
20-05-2024_11-20-23_p0034_s3_b1_CONV--ZED-RGB.mpeg,3,MUDAR COMPORTAMENTO,MUDAR COMPORTAMENTO
31-01-2024_14-38-28_p13_s160--zed-rgb.mpeg,160,PLANO ANDAR CORPO PIOR,PLANO ANDAR CORPO PIOR
26-03-2024_16-12-04_p0022_sP19.1_b4_CONV--ZED-RGB.mpeg,P19.1,VOCÊ JÁ FAZER TRATAMENTO ALGUM DOENÇA ENTÃO,VOCÊ JÁ FAZER TRATAMENTO ALGUM DOENÇA ENTÃO
07-03-2024_14-00-29_p0010_s126_b2_CONV--zed-rgb.mpeg,126,BEBER ÁLCOOL,BEBER ÁLCOOL
18-06-2024_15-45-26_p0028_s156_b2_CONV--ZED-RGB.mpeg,156,NÃO-ENTENDER,NÃO-ENTENDER
19-03-2024_15-02-56_p0022_s98_b2_CONV--ZED-RGB.mpeg,98,DOR BEXIGA,DOR BEXIGA
08-06-2024_10-48-34_p0031_sP03_b1_CONV--ZED-RGB.mpeg,P3,COMO COMEÇAR QUE VOCÊ FAZER O-QUE,COMO COMEÇAR QUE VOCÊ FAZER O-QUE
30-01-2024_11-01-47_p11_s2--zed-rgb.mpeg,2,CONFUSÃO,CONFUSÃO
23-04-2024_15-33-28_p0026_s73_b1_CONV--ZED-RGB.mpeg,73,COMER,COMER
17-06-2024_14-52-01_p0019_s87_b2_CONV--ZED-RGB.mpeg,87,SIM,SIM
18-03-2024_15-30-39_p0020_s41_b1_CONV--ZED-RGB.mpeg,41,GATO MORDER,GATO MORDER
19-03-2024_14-59-27_p0022_s92_b2_CONV--ZED-RGB.mpeg,92,DOR TESTA,DOR TESTA
17-07-2024_14-36-39_p0041_s136_b2_CONV--ZED-RGB.mpeg,136,ANDAR,ANDAR
25-03-2024_16-09-04_p0020_sP06.1_b2_CONV--ZED-RGB.mpeg,P6.1,ONDE DOR,ONDE DOR
18-03-2024_15-45-16_p0020_s74_b1_CONV--ZED-RGB.mpeg,74,BEBER,BEBER
24-07-2024_15-25-49_p0041_sP24.3_b4_CONV--ZED-RGB.mpeg,P24.3,QUANTOS BEBIDA,QUANTOS BEBIDA
08-05-2024_15-35-14_p0033_s172_b3_CONV--ZED-RGB.mpeg,172,VÁRIAS-VEZES,VÁRIAS-VEZES
26-03-2024_15-12-26_p0022_s170.0_b3_CONV--ZED-RGB.mpeg,170.0,0,0
27-05-2024_17-01-22_p0032_s72_b1_CONV--ZED-RGB.mpeg,72,2-MÊS,2-MÊS
29-04-2024_15-32-00_p0024_s170.3_b3_CONV--ZED-RGB.mpeg,170.3,3,3
22-02-2024_10-38-38_p0017_s161_b3_CONV--zed-rgb.mpeg,161,PLANO ANDAR FÍSICO PIOR NÃO,PLANO ANDAR FÍSICO PIOR NÃO
13-03-2024_15-30-58_p0014_s148.26_b2_CONV--zed-rgb.mpeg,148.26,Z,Z
28-06-2024_15-13-10_p0035_sP18.5_b4_CONV--ZED-RGB.mpeg,P18.5,VOCÊ BARRIGA DOR ENTÃO,VOCÊ BARRIGA DOR ENTÃO
24-05-2024_18-41-03_p0031_s106_b2_CONV--ZED-RGB.mpeg,106,DOR PULSAR,DOR PULSAR
18-06-2024_15-37-01_p0028_s148.12_b2_CONV--ZED-RGB.mpeg,148.12,L,L
29-02-2024_13-41-08_p0010_s10_b1_CONV--zed-rgb.mpeg,10,DOR BARRIGA,DOR BARRIGA
17-06-2024_15-37-21_p0019_s148.20_b2_CONV--ZED-RGB.mpeg,148.20,T,T
13-03-2024_14-53-21_p0014_s90_b2_CONV--zed-rgb.mpeg,90,DOR OUVIDO,DOR OUVIDO
08-05-2024_10-04-10_p0030_s151_b2_CONV--ZED-RGB.mpeg,151,OBRIGADO,OBRIGADO
19-07-2024_15-52-21_p0040_s75_b1_CONV--ZED-RGB.mpeg,75,TOSSIR,TOSSIR
07-03-2024_14-16-09_p0010_s153_b2_CONV--zed-rgb.mpeg,153,REPETIR POR-FAVOR,REPETIR POR-FAVOR
27-03-2024_15-43-02_p0015_s150_b2_CONV--ZED-RGB.mpeg,150,ENTENDER,ENTENDER
10-05-2024_16-39-34_p0033_s41_b1_CONV--ZED-RGB.mpeg,41,GATO MORDER,GATO MORDER
16-04-2024_16-07-12_p0016_s243_b3_CONV--ZED-RGB.mpeg,243,NÃO TRAZER RECEITA REMÉDIO NENHUM,NÃO TRAZER RECEITA REMÉDIO NENHUM
30-04-2024_13-11-40_p0024_s100_b2_CONV--ZED-RGB.mpeg,100,DOR VIRILHA,DOR VIRILHA
09-05-2024_14-52-01_p0033_s133_b2_CONV--ZED-RGB.mpeg,133,MASTIGAR,MASTIGAR
16-07-2024_16-55-10_p0039_s272_b4_CONV--ZED-RGB.mpeg,272,UM LATA TODO-DIA,UM LATA TODO-DIA
30-01-2024_11-14-37_p11_s43--zed-rgb.mpeg,43,ESCORPIÃO PICAR,ESCORPIÃO PICAR
18-04-2024_15-41-38_p0026_s141_b2_CONV--ZED-RGB.mpeg,141,MEXER-PESCOÇO,MEXER-PESCOÇO
08-06-2024_10-19-41_p0031_s3_b1_CONV--ZED-RGB.mpeg,3,MUDAR COMPORTAMENTO,MUDAR COMPORTAMENTO
05-03-2024_10-42-01_p0014_s63_b1_CONV--zed-rgb.mpeg,63,TIRO FURAR-BARRIGA,TIRO FURAR-BARRIGA
05-06-2024_09-49-38_p0036_s216_b4_CONV--ZED-RGB.mpeg,216,FEZES-LÍQUIDAS-EXPLODIR,FEZES-LÍQUIDAS-EXPLODIR
17-06-2024_15-15-42_p0019_s123_b2_CONV--ZED-RGB.mpeg,123,ZUMBIDO OUVIDO,ZUMBIDO OUVIDO
28-02-2024_16-22-25_p0011_sP06.2_b2_CONV--zed-rgb.mpeg,P6.2,COMO DOR,COMO DOR
18-04-2024_15-47-40_p0026_s148.11_b2_CONV--ZED-RGB.mpeg,148.11,K,K
29-04-2024_11-37-12_p0029_s108_b2_CONV--ZED-RGB.mpeg,108,DOR LEVE,DOR LEVE
07-05-2024_14-11-54_p0027_s219_b4_CONV--ZED-RGB.mpeg,219,FEZES-LÍQUIDAS RESTOS COMIDA,FEZES-LÍQUIDAS RESTOS COMIDA
19-03-2024_15-54-49_p0022_s157_b2_CONV--ZED-RGB.mpeg,157,CONTINUAR,CONTINUAR
26-03-2024_16-14-46_p0022_s229_b4_CONV--ZED-RGB.mpeg,229,CÂNCER,CÂNCER
23-04-2024_15-16-28_p0026_s32_b1_CONV--ZED-RGB.mpeg,32,MANCHAS-PELE VERMELHO,MANCHAS-PELE VERMELHO
01-08-2024_16-35-18_p0042_s175_b3_CONV--ZED-RGB.mpeg,175,DOIS SEMANA,DOIS SEMANA
18-06-2024_15-42-47_p0028_s148.26_b2_CONV--ZED-RGB.mpeg,148.26,Z,Z
02-04-2024_15-19-32_p0021_s170.10_b3_CONV--ZED-RGB.mpeg,170.10,10,10
20-05-2024_11-28-07_p0034_s19_b1_CONV--ZED-RGB.mpeg,19,PALPITAÇÃO,PALPITAÇÃO
08-04-2024_16-16-35_p0021_s148.26_b2_CONV--ZED-RGB.mpeg,148.26,Z,Z
30-01-2024_14-15-50_p12_s92--zed-rgb.mpeg,92,DOR TESTA,DOR TESTA
08-06-2024_10-30-31_p0031_s34_b1_CONV--ZED-RGB.mpeg,34,FEBRE,FEBRE
29-04-2024_12-00-19_p0029_s148.15_b2_CONV--ZED-RGB.mpeg,148.15,O,O
08-05-2024_09-36-49_p0030_s101_b2_CONV--ZED-RGB.mpeg,101,DOR OMBROS,DOR OMBROS
05-06-2024_10-15-44_p0036_s253_b4_CONV--ZED-RGB.mpeg,253,ALERGIA O-V-O OVO,ALERGIA O-V-O OVO
03-05-2024_14-17-44_p0027_s134_b2_CONV--ZED-RGB.mpeg,134,MASTIGAR,MASTIGAR
10-05-2024_08-49-47_p0030_s182_b3_CONV--ZED-RGB.mpeg,182,QUEIXO DOR ESPALHAR,QUEIXO DOR ESPALHAR
23-04-2024_15-34-07_p0026_s75_b1_CONV--ZED-RGB.mpeg,75,TOSSIR,TOSSIR
11-06-2024_14-10-05_p0035_s108_b2_CONV--ZED-RGB.mpeg,108,DOR LEVE,DOR LEVE
30-04-2024_13-27-41_p0024_s124_b2_CONV--ZED-RGB.mpeg,124,GASES,GASES
28-06-2024_15-38-20_p0035_s260_b4_CONV--ZED-RGB.mpeg,260,NÃO FUMAR,NÃO FUMAR
27-03-2024_16-11-33_p0015_s35_b1_CONV--ZED-RGB.mpeg,35,ARREPIAR FRIO,ARREPIAR FRIO
11-05-2024_09-42-39_p0034_s172_b3_CONV--ZED-RGB.mpeg,172,VÁRIAS-VEZES,VÁRIAS-VEZES
22-02-2024_11-40-35_p0017_sP19.1_b4_CONV--zed-rgb.mpeg,P19.1,VOCÊ JÁ FAZER TRATAMENTO ALGUM DOENÇA ENTÃO,VOCÊ JÁ FAZER TRATAMENTO ALGUM DOENÇA ENTÃO
18-06-2024_15-02-09_p0028_s102_b2_CONV--ZED-RGB.mpeg,102,DOR BRAÇO-DIREITO BRAÇO-ESQUERDO,DOR BRAÇO-DIREITO BRAÇO-ESQUERDO
20-05-2024_12-38-05_p0034_s279_b4_CONV--ZED-RGB.mpeg,279,DUAS-DOSES TOMAR DUAS-VEZES SEMANA,DUAS-DOSES TOMAR DUAS-VEZES SEMANA
18-06-2024_16-28-38_p0028_s229_b4_CONV--ZED-RGB.mpeg,229,CÂNCER,CÂNCER
07-05-2024_14-55-52_p0027_s10_b1_CONV--ZED-RGB.mpeg,10,DOR BARRIGA,DOR BARRIGA
26-02-2024_15-43-28_p0019_s232_b4_CONV--zed-rgb.mpeg,232,ANSIEDADE,ANSIEDADE
03-04-2024_15-32-35_p0023_s212_b4_CONV--ZED-RGB.mpeg,212,FEZES-LÍQUIDAS,FEZES-LÍQUIDAS
26-03-2024_16-27-18_p0022_sP22.3_b4_CONV--ZED-RGB.mpeg,P22.3,QUAL MEDICAMENTO,QUAL MEDICAMENTO
27-03-2024_16-18-00_p0015_s47_b1_CONV--ZED-RGB.mpeg,47,XIXI SENTIR IGUAL QUENTE,XIXI SENTIR IGUAL QUENTE
10-05-2024_15-37-01_p0033_s258_b4_CONV--ZED-RGB.mpeg,258,ALERGIA NENHUM,ALERGIA NENHUM
23-04-2024_15-31-54_p0026_s70_b1_CONV--ZED-RGB.mpeg,70,1-HORA,1-HORA
11-05-2024_09-44-44_p0034_sP11.3_b3_CONV--ZED-RGB.mpeg,P11.3,NO-DECORRER-DO-TEMPO SENTIR DOR NO-TOTAL QUANTOS,NO-DECORRER-DO-TEMPO SENTIR DOR NO-TOTAL QUANTOS
11-06-2024_13-57-00_p0035_s88_b2_CONV--ZED-RGB.mpeg,88,NÃO,NÃO
05-06-2024_10-10-12_p0036_s240_b4_CONV--ZED-RGB.mpeg,240,VÍCIO FUMAR,VÍCIO FUMAR
05-06-2024_15-32-39_p0037_s264_b4_CONV--ZED-RGB.mpeg,264,CERVEJA,CERVEJA
28-06-2024_14-17-12_p0035_s30_b1_CONV--ZED-RGB.mpeg,30,FERIR PELE,FERIR PELE
10-05-2024_16-41-44_p0033_s45_b1_CONV--ZED-RGB.mpeg,45,PROBLEMA OLHOS,PROBLEMA OLHOS
23-04-2024_15-11-14_p0026_s25_b1_CONV--ZED-RGB.mpeg,25,FEZES ESCURO,FEZES ESCURO
27-05-2024_15-58-41_p0032_s195_b3_CONV--ZED-RGB.mpeg,195,CATARRO COLA NENHUM,CATARRO COLA NENHUM
20-02-2024_16-54-27_p0015_sP23.2_b4_CONV--zed-rgb.mpeg,P23.2,TOTAL TEMPO QUANTO,TOTAL TEMPO QUANTO
16-04-2024_10-42-56_p0025_s251_b4_CONV--ZED-RGB.mpeg,251,ALERGIA GRUPO BORRACHA,ALERGIA GRUPO BORRACHA
07-05-2024_14-22-12_p0027_s246_b4_CONV--ZED-RGB.mpeg,246,F-U-N-G-O-S SINAL FUNGO,F-U-N-G-O-S SINAL FUNGO
17-07-2024_14-50-01_p0041_s148.12_b2_CONV--ZED-RGB.mpeg,148.12,L,L
13-03-2024_15-25-20_p0014_s148.7_b2_CONV--zed-rgb.mpeg,148.7,G,G
25-03-2024_15-54-32_p0020_s266_b4_CONV--ZED-RGB.mpeg,266,DOSE ÁLCOOL,DOSE ÁLCOOL
22-02-2024_11-52-25_p0017_s261_b4_CONV--zed-rgb.mpeg,261,UM ANO,UM ANO
28-06-2024_15-27-41_p0035_s251_b4_CONV--ZED-RGB.mpeg,251,ALERGIA GRUPO BORRACHA,ALERGIA GRUPO BORRACHA
19-07-2024_14-18-16_p0040_s133_b2_CONV--ZED-RGB.mpeg,133,MASTIGAR,MASTIGAR
07-03-2024_13-56-00_p0010_sP07_b2_CONV--zed-rgb.mpeg,P7,SENTIR JUNTO ITENS MAIS TER,SENTIR JUNTO ITENS MAIS TER
12-03-2024_10-24-23_p0021_s225_b4_CONV--zed-rgb.mpeg,225,ARRITMIA,ARRITMIA
03-05-2024_18-52-44_p0031_s191_b3_CONV--ZED-RGB.mpeg,191,MOMENTO APERTAR-BRAÇO DOR PIORAR NÃO,MOMENTO APERTAR-BRAÇO DOR PIORAR NÃO
13-03-2024_15-10-53_p0014_s121_b2_CONV--zed-rgb.mpeg,121,VER MANCHAS,VER MANCHAS
06-05-2024_16-05-56_p0032_s273_b4_CONV--ZED-RGB.mpeg,273,UM LATA UMA-VEZ SEMANA,UM LATA UMA-VEZ SEMANA
25-03-2024_15-28-37_p0020_s215_b4_CONV--ZED-RGB.mpeg,215,FEZES-LÍQUIDAS BORBULHAR,FEZES-LÍQUIDAS BORBULHAR
05-03-2024_10-42-22_p0014_s64_b1_CONV--zed-rgb.mpeg,64,QUASE CABEÇA-SAIR NASCER,QUASE CABEÇA-SAIR NASCER
26-03-2024_15-39-42_p0022_sP15.1_b3_CONV--ZED-RGB.mpeg,P15.1,TER TOSSE,TER TOSSE
22-02-2024_11-13-03_p0017_s199_b3_CONV--zed-rgb.mpeg,199,CATARRO COLA AMARELO,CATARRO COLA AMARELO
29-02-2024_14-16-52_p0010_s71_b1_CONV--zed-rgb.mpeg,71,2-HORA,2-HORA
22-02-2024_13-47-37_p0018_s66_b1_CONV--zed-rgb.mpeg,66,VAGINA VERMELHO SANGRAR,VAGINA VERMELHO SANGRAR
28-06-2024_15-34-34_p0035_s256_b4_CONV--ZED-RGB.mpeg,256,ALERGIA AMENDOIM,ALERGIA AMENDOIM
18-06-2024_16-23-42_p0028_s224_b4_CONV--ZED-RGB.mpeg,224,INFARTO,INFARTO
22-04-2024_09-33-42_p0025_sP13.2_b3_CONV--ZED-RGB.mpeg,P13.2,MOMENTO FICAR-EM-PÉ SENTAR DEITAR DOR PIORAR,MOMENTO FICAR-EM-PÉ SENTAR DEITAR DOR PIORAR
16-05-2024_15-09-01_p0034_s148.15_b2_CONV--ZED-RGB.mpeg,148.15,O,O
19-06-2024_10-20-44_p0036_s65_b1_CONV--ZED-RGB.mpeg,65,NASCER VIVO,NASCER VIVO
07-05-2024_15-07-33_p0027_s45_b1_CONV--ZED-RGB.mpeg,45,PROBLEMA OLHOS,PROBLEMA OLHOS
20-05-2024_12-31-51_p0034_s267_b4_CONV--ZED-RGB.mpeg,267,VODCA,VODCA
20-05-2024_11-34-04_p0034_s32_b1_CONV--ZED-RGB.mpeg,32,MANCHAS-PELE VERMELHO,MANCHAS-PELE VERMELHO
05-06-2024_10-29-23_p0036_s269_b4_CONV--ZED-RGB.mpeg,269,CACHAÇA,CACHAÇA
15-05-2024_16-53-35_p0032_s153_b2_CONV--ZED-RGB.mpeg,153,REPETIR POR-FAVOR,REPETIR POR-FAVOR
20-05-2024_15-30-34_p0023_s104_b2_CONV--ZED-RGB.mpeg,104,DOR PERNA-DIREITA PERNA-ESQUERDA,DOR PERNA-DIREITA PERNA-ESQUERDA
13-05-2024_15-36-33_p0028_sP09.5_b3_CONV--ZED-RGB.mpeg,P9.5,DEITAR CALMA PIOR,DEITAR CALMA PIOR
07-03-2024_13-45-16_p0010_s94_b2_CONV--zed-rgb.mpeg,94,DOR OUVIDO-DIREITO OUVIDO-ESQUERDO,DOR OUVIDO-DIREITO OUVIDO-ESQUERDO
18-03-2024_11-38-38_p0013_s268_b4_CONV--ZED-RGB.mpeg,268,UÍSQUE,UÍSQUE
09-05-2024_14-19-56_p0033_s92_b2_CONV--ZED-RGB.mpeg,92,DOR TESTA,DOR TESTA
15-05-2024_16-46-54_p0032_s148.17_b2_CONV--ZED-RGB.mpeg,148.17,Q,Q
29-04-2024_15-40-47_p0024_s177_b3_CONV--ZED-RGB.mpeg,177,UM ANO,UM ANO
24-04-2024_15-33-11_p0027_s170.3_b3_CONV--ZED-RGB.mpeg,170.3,3,3
16-07-2024_16-46-28_p0039_s263_b4_CONV--ZED-RGB.mpeg,263,DEZ ANO,DEZ ANO
22-02-2024_14-29-07_p0018_s145_b2_CONV--zed-rgb.mpeg,145,ÁGUA QUENTE COLOCAR-BRAÇO,ÁGUA QUENTE COLOCAR-BRAÇO
19-07-2024_14-19-37_p0040_s135_b2_CONV--ZED-RGB.mpeg,135,ENGOLIR,ENGOLIR
27-03-2024_15-27-16_p0015_s130_b2_CONV--ZED-RGB.mpeg,130,CORPO ESFORÇAR,CORPO ESFORÇAR
05-03-2024_10-36-26_p0014_s45_b1_CONV--zed-rgb.mpeg,45,PROBLEMA OLHOS,PROBLEMA OLHOS
06-05-2024_15-35-08_p0032_s240_b4_CONV--ZED-RGB.mpeg,240,VÍCIO FUMAR,VÍCIO FUMAR
22-02-2024_15-35-03_p0014_s176_b3_CONV--zed-rgb.mpeg,176,TRÊS-MESES,TRÊS-MESES
24-07-2024_14-21-52_p0041_s36_b1_CONV--ZED-RGB.mpeg,36,SUAR SUAR SUAR,SUAR SUAR SUAR
30-01-2024_11-26-35_p11_s72--zed-rgb.mpeg,72,2-MÊS,2-MÊS
18-04-2024_15-53-56_p0026_s156_b2_CONV--ZED-RGB.mpeg,156,NÃO-ENTENDER,NÃO-ENTENDER
24-01-2024_17-31-17_p10_s268--zed-rgb.mpeg,268,UÍSQUE,UÍSQUE
12-03-2024_10-15-14_p0021_sP18.2_b4_CONV--zed-rgb.mpeg,P18.2,VOCÊ FEZES MOLE,VOCÊ FEZES MOLE
16-04-2024_15-31-37_p0016_s170.4_b3_CONV--ZED-RGB.mpeg,170.4,4,4
18-06-2024_16-45-26_p0028_sP23.2_b4_CONV--ZED-RGB.mpeg,P23.2,TOTAL TEMPO QUANTO,TOTAL TEMPO QUANTO
10-05-2024_09-33-06_p0030_sP18.2_b4_CONV--ZED-RGB.mpeg,P18.2,VOCÊ FEZES MOLE,VOCÊ FEZES MOLE
13-03-2024_15-06-31_p0014_sP06.4_b2_CONV--zed-rgb.mpeg,P6.4,DOR IGUAL QUEIMAR,DOR IGUAL QUEIMAR
26-08-2024_15-14-55_p0019_s2_b1_CONV--ZED-RGB.mp4,2,CONFUSÃO,CONFUSÃO
08-05-2024_09-37-24_p0030_s103_b2_CONV--ZED-RGB.mpeg,103,DOR JOELHO-DIREITO JOELHO-ESQUERDO,DOR JOELHO-DIREITO JOELHO-ESQUERDO
26-08-2024_15-06-22_p0019_s1_b1_CONV--ZED-RGB.mp4,1,CONFUSÃO-MENTAL PERCEPÇÃO ESQUECER,CONFUSÃO-MENTAL PERCEPÇÃO ESQUECER
09-05-2024_15-12-16_p0033_s148.19_b2_CONV--ZED-RGB.mpeg,148.19,S,S
03-05-2024_19-00-54_p0031_s202_b3_CONV--ZED-RGB.mpeg,202,CATARRO COLA SANGUE PONTOS,CATARRO COLA SANGUE PONTOS
19-06-2024_10-10-39_p0036_s46_b1_CONV--ZED-RGB.mpeg,46,PROBLEMA OUVIDOS,PROBLEMA OUVIDOS
13-03-2024_16-00-59_p0014_s248_b4_CONV--zed-rgb.mpeg,248,ALERGIA CACHORRO,ALERGIA CACHORRO
24-05-2024_18-37-48_p0031_s98_b2_CONV--ZED-RGB.mpeg,98,DOR BEXIGA,DOR BEXIGA
24-05-2024_18-39-36_p0031_s103_b2_CONV--ZED-RGB.mpeg,103,DOR JOELHO-DIREITO JOELHO-ESQUERDO,DOR JOELHO-DIREITO JOELHO-ESQUERDO
05-03-2024_10-35-37_p0014_s42_b1_CONV--zed-rgb.mpeg,42,COBRA PICAR,COBRA PICAR
18-03-2024_11-38-20_p0013_s267_b4_CONV--ZED-RGB.mpeg,267,VODCA,VODCA
30-04-2024_13-53-02_p0024_s152_b2_CONV--ZED-RGB.mpeg,152,OBRIGADO,OBRIGADO
07-05-2024_15-08-51_p0027_s49_b1_CONV--ZED-RGB.mpeg,49,XIXI POUCO,XIXI POUCO
26-03-2024_15-47-20_p0022_sP17.3_b3_CONV--ZED-RGB.mpeg,P17.3,VOCÊ JÁ VACINAR GRIPE,VOCÊ JÁ VACINAR GRIPE
25-03-2024_15-35-07_p0020_s223_b4_CONV--ZED-RGB.mpeg,223,DIABETES,DIABETES
18-06-2024_16-13-38_p0028_s220_b4_CONV--ZED-RGB.mpeg,220,TER M-U-C-O COLA,TER M-U-C-O COLA
30-04-2024_13-16-21_p0024_s108_b2_CONV--ZED-RGB.mpeg,108,DOR LEVE,DOR LEVE
08-05-2024_16-11-01_p0033_sP15.1_b3_CONV--ZED-RGB.mpeg,P15.1,TER TOSSE,TER TOSSE
28-06-2024_15-21-16_p0035_s238_b4_CONV--ZED-RGB.mpeg,238,SUAR TIREÓIDE DIMINUIR,SUAR TIREÓIDE DIMINUIR
10-05-2024_09-58-01_p0030_sP23.2_b4_CONV--ZED-RGB.mpeg,P23.2,TOTAL TEMPO QUANTO,TOTAL TEMPO QUANTO
23-05-2024_15-03-32_p0035_sP11.5_b3_CONV--ZED-RGB.mpeg,P11.5,PERÍODO DOR TER AUMENTAR,PERÍODO DOR TER AUMENTAR
29-04-2024_16-49-24_p0024_s42_b1_CONV--ZED-RGB.mpeg,42,COBRA PICAR,COBRA PICAR
24-05-2024_18-56-17_p0031_s127_b2_CONV--ZED-RGB.mpeg,127,COMER COISAS ÓLEO,COMER COISAS ÓLEO
11-05-2024_09-57-06_p0034_sP13.2_b3_CONV--ZED-RGB.mpeg,P13.2,MOMENTO FICAR-EM-PÉ SENTAR DEITAR DOR PIORAR,MOMENTO FICAR-EM-PÉ SENTAR DEITAR DOR PIORAR
20-02-2024_16-57-56_p0015_s265_b4_CONV--zed-rgb.mpeg,265,VINHO,VINHO
16-05-2024_15-04-31_p0034_s148.3_b2_CONV--ZED-RGB.mpeg,148.3,C,C
26-03-2024_16-23-14_p0022_s251_b4_CONV--ZED-RGB.mpeg,251,ALERGIA GRUPO BORRACHA,ALERGIA GRUPO BORRACHA
07-05-2024_14-26-57_p0027_s256_b4_CONV--ZED-RGB.mpeg,256,ALERGIA AMENDOIM,ALERGIA AMENDOIM
31-01-2024_14-55-09_p13_s175--zed-rgb.mpeg,175,DOIS SEMANA,DOIS SEMANA
11-06-2024_14-19-18_p0035_s120_b2_CONV--ZED-RGB.mpeg,120,VER DOBRADO,VER DOBRADO
22-02-2024_10-38-15_p0017_s160_b3_CONV--zed-rgb.mpeg,160,PLANO ANDAR CORPO PIOR,PLANO ANDAR CORPO PIOR
05-06-2024_15-37-31_p0037_s273_b4_CONV--ZED-RGB.mpeg,273,UM LATA UMA-VEZ SEMANA,UM LATA UMA-VEZ SEMANA
12-03-2024_14-38-42_p0022_s54_b1_CONV--zed-rgb.mpeg,54,VERMELHO SANGRAR-BOCA,VERMELHO SANGRAR-BOCA
03-05-2024_14-30-12_p0027_s155_b2_CONV--ZED-RGB.mpeg,155,PARAR,PARAR
03-04-2024_16-03-28_p0023_s260_b4_CONV--ZED-RGB.mpeg,260,NÃO FUMAR,NÃO FUMAR
22-02-2024_13-37-05_p0018_s46_b1_CONV--zed-rgb.mpeg,46,PROBLEMA OUVIDOS,PROBLEMA OUVIDOS
07-03-2024_14-04-13_p0010_s140_b2_CONV--zed-rgb.mpeg,140,PERNAS MEXER-PERNAS,PERNAS MEXER-PERNAS
20-05-2024_12-08-57_p0034_s223_b4_CONV--ZED-RGB.mpeg,223,DIABETES,DIABETES
25-03-2024_16-38-32_p0020_s148.9_b2_CONV--ZED-RGB.mpeg,148.9,I,I
29-04-2024_11-36-32_p0029_s106_b2_CONV--ZED-RGB.mpeg,106,DOR PULSAR,DOR PULSAR
07-05-2024_14-34-58_p0027_s269_b4_CONV--ZED-RGB.mpeg,269,CACHAÇA,CACHAÇA
16-04-2024_10-44-34_p0025_s255_b4_CONV--ZED-RGB.mpeg,255,ALERGIA CATEGORIA T-R-I-G-O FARINHA,ALERGIA CATEGORIA T-R-I-G-O FARINHA
28-02-2024_16-48-09_p0011_s139_b2_CONV--zed-rgb.mpeg,139,BRAÇO MEXER-BRAÇO,BRAÇO MEXER-BRAÇO
10-05-2024_15-36-01_p0033_s255_b4_CONV--ZED-RGB.mpeg,255,ALERGIA CATEGORIA T-R-I-G-O FARINHA,ALERGIA CATEGORIA T-R-I-G-O FARINHA
30-01-2024_11-15-50_p11_s47--zed-rgb.mpeg,47,XIXI SENTIR IGUAL QUENTE,XIXI SENTIR IGUAL QUENTE
21-02-2024_11-37-02_p0013_s27_b1_CONV--zed-rgb.mpeg,27,CATARRO GRIPE,CATARRO GRIPE
16-04-2024_15-52-38_p0016_sP15.1_b3_CONV--ZED-RGB.mpeg,P15.1,TER TOSSE,TER TOSSE
28-06-2024_14-24-38_p0035_s49_b1_CONV--ZED-RGB.mpeg,49,XIXI POUCO,XIXI POUCO
28-02-2024_16-12-25_p0011_s89_b2_CONV--zed-rgb.mpeg,89,DOR LADO-CABEÇA,DOR LADO-CABEÇA
18-06-2024_16-36-57_p0028_s248_b4_CONV--ZED-RGB.mpeg,248,ALERGIA CACHORRO,ALERGIA CACHORRO
10-05-2024_09-43-56_p0030_s227_b4_CONV--ZED-RGB.mpeg,227,ASMA,ASMA
24-04-2024_15-49-31_p0027_s184_b3_CONV--ZED-RGB.mpeg,184,DOR BRAÇO-ESPALHAR,DOR BRAÇO-ESPALHAR
30-01-2024_11-16-55_p11_s51--zed-rgb.mpeg,51,XIXI ESCURO,XIXI ESCURO
27-05-2024_15-40-30_p0032_sP11.5_b3_CONV--ZED-RGB.mpeg,P11.5,PERÍODO DOR TER AUMENTAR,PERÍODO DOR TER AUMENTAR
27-03-2024_15-40-16_p0015_s148.20_b2_CONV--ZED-RGB.mpeg,148.20,T,T
08-05-2024_16-07-49_p0033_s192_b3_CONV--ZED-RGB.mpeg,192,FICAR-EM-PÉ SENTAR DEITAR DOR PIORAR SIM,FICAR-EM-PÉ SENTAR DEITAR DOR PIORAR SIM
13-03-2024_16-02-56_p0014_s252_b4_CONV--zed-rgb.mpeg,252,ALERGIA LEITE,ALERGIA LEITE
11-06-2024_13-56-22_p0035_s87_b2_CONV--ZED-RGB.mpeg,87,SIM,SIM
26-04-2024_14-35-00_p0028_s10_b1_CONV--ZED-RGB.mpeg,10,DOR BARRIGA,DOR BARRIGA
26-04-2024_15-13-49_p0028_s80_b1_CONV--ZED-RGB.mpeg,80,SENTADO EM-PÉ,SENTADO EM-PÉ
10-05-2024_16-36-40_p0033_s32_b1_CONV--ZED-RGB.mpeg,32,MANCHAS-PELE VERMELHO,MANCHAS-PELE VERMELHO
24-04-2024_15-43-36_p0027_s178_b3_CONV--ZED-RGB.mpeg,178,CINCO ANO,CINCO ANO
26-08-2024_15-16-31_p0019_s6_b1_CONV--ZED-RGB.mp4,6,DOR PESCOÇO,DOR PESCOÇO
03-05-2024_18-22-11_p0031_s158_b3_CONV--ZED-RGB.mpeg,158,SUBIR-MORRO FÍSICO PIOR,SUBIR-MORRO FÍSICO PIOR
30-04-2024_13-13-35_p0024_s104_b2_CONV--ZED-RGB.mpeg,104,DOR PERNA-DIREITA PERNA-ESQUERDA,DOR PERNA-DIREITA PERNA-ESQUERDA
19-06-2024_16-28-19_p0023_s24_b1_CONV--ZED-RGB.mpeg,24,VOMITAR,VOMITAR
30-01-2024_14-14-51_p12_sP06.1--zed-rgb.mpeg,P6.1,ONDE DOR,ONDE DOR
07-05-2024_14-38-19_p0027_s274_b4_CONV--ZED-RGB.mpeg,274,DOIS LATAS DUAS-VEZES SEMANA,DOIS LATAS DUAS-VEZES SEMANA
26-03-2024_16-14-06_p0022_s227_b4_CONV--ZED-RGB.mpeg,227,ASMA,ASMA
26-03-2024_15-16-07_p0022_s170.9_b3_CONV--ZED-RGB.mpeg,170.9,9,9
10-05-2024_09-44-39_p0030_s229_b4_CONV--ZED-RGB.mpeg,229,CÂNCER,CÂNCER
20-05-2024_12-00-50_p0034_sP18.3_b4_CONV--ZED-RGB.mpeg,P18.3,COMO FEZES COMO,COMO FEZES COMO
18-06-2024_15-40-18_p0028_s148.19_b2_CONV--ZED-RGB.mpeg,148.19,S,S
08-05-2024_15-16-15_p0033_sP09.4_b3_CONV--ZED-RGB.mpeg,P9.4,TOMAR-BANHO FÍSICO PIOR,TOMAR-BANHO FÍSICO PIOR
22-02-2024_13-40-58_p0018_s53_b1_CONV--zed-rgb.mpeg,53,XIXI VERMELHO,XIXI VERMELHO
23-05-2024_15-02-28_p0035_s178_b3_CONV--ZED-RGB.mpeg,178,CINCO ANO,CINCO ANO
16-07-2024_16-44-31_p0039_s259_b4_CONV--ZED-RGB.mpeg,259,TER FUMAR SIM,TER FUMAR SIM
03-05-2024_08-47-40_p0030_s52_b1_CONV--ZED-RGB.mpeg,52,XIXI ESPUMAR,XIXI ESPUMAR
27-03-2024_16-21-36_p0015_s57_b1_CONV--ZED-RGB.mpeg,57,TONTEIRA,TONTEIRA
27-05-2024_15-29-37_p0032_s170.5_b3_CONV--ZED-RGB.mpeg,170.5,5,5
12-06-2024_10-21-23_p0036_s148.13_b2_CONV--ZED-RGB.mpeg,148.13,M,M
24-04-2024_15-25-00_p0027_s166_b3_CONV--ZED-RGB.mpeg,166,SUBIR-ESCADA CORPO PIOR,SUBIR-ESCADA CORPO PIOR
10-05-2024_15-47-12_p0033_s264_b4_CONV--ZED-RGB.mpeg,264,CERVEJA,CERVEJA
08-04-2024_17-00-09_p0021_s71_b1_CONV--ZED-RGB.mpeg,71,2-HORA,2-HORA
26-02-2024_15-25-09_p0019_s210_b4_CONV--zed-rgb.mpeg,210,MOLE,MOLE
21-02-2024_16-07-35_p0016_s148.15_b2_CONV--zed-rgb.mpeg,148.15,O,O
08-06-2024_10-47-46_p0031_s71_b1_CONV--ZED-RGB.mpeg,71,2-HORA,2-HORA
20-03-2024_15-28-48_p0015_s207_b3_CONV--ZED-RGB.mpeg,207,NÃO VACINAR GRIPE,NÃO VACINAR GRIPE
11-06-2024_14-25-13_p0035_s130_b2_CONV--ZED-RGB.mpeg,130,CORPO ESFORÇAR,CORPO ESFORÇAR
16-05-2024_15-02-29_p0034_s145_b2_CONV--ZED-RGB.mpeg,145,ÁGUA QUENTE COLOCAR-BRAÇO,ÁGUA QUENTE COLOCAR-BRAÇO
05-03-2024_10-45-55_p0014_s73_b1_CONV--zed-rgb.mpeg,73,COMER,COMER
20-03-2024_14-51-52_p0015_sP09.4_b3_CONV--ZED-RGB.mpeg,P9.4,TOMAR-BANHO FÍSICO PIOR,TOMAR-BANHO FÍSICO PIOR
08-06-2024_10-20-35_p0031_s5_b1_CONV--ZED-RGB.mpeg,5,CABEÇA DOR,CABEÇA DOR
21-02-2024_11-29-49_p0013_s3_b1_CONV--zed-rgb.mpeg,3,MUDAR COMPORTAMENTO,MUDAR COMPORTAMENTO
22-02-2024_11-44-20_p0017_s237_b4_CONV--zed-rgb.mpeg,237,RINS FRACO,RINS FRACO
03-05-2024_14-04-28_p0027_s95_b2_CONV--ZED-RGB.mpeg,95,DOR OLHOS,DOR OLHOS
05-06-2024_15-28-27_p0037_sP23.1_b4_CONV--ZED-RGB.mpeg,P23.1,VOCÊ FUMAR,VOCÊ FUMAR
11-05-2024_09-48-55_p0034_sP12_b3_CONV--ZED-RGB.mpeg,P12,DOR EXEMPLO AQUI LUGAR MESMO O-U ESPALHAR AQUI LUGARES ENTÃO,DOR EXEMPLO AQUI LUGAR MESMO O-U ESPALHAR AQUI LUGARES ENTÃO
28-06-2024_14-06-43_p0035_s2_b1_CONV--ZED-RGB.mpeg,2,CONFUSÃO,CONFUSÃO
18-03-2024_11-41-57_p0013_s276_b4_CONV--ZED-RGB.mpeg,276,GARRAFA UMA-VEZ SEMANA,GARRAFA UMA-VEZ SEMANA
27-05-2024_17-03-28_p0032_s77_b1_CONV--ZED-RGB.mpeg,77,EXERCÍCIO-FÍSICO,EXERCÍCIO-FÍSICO
08-05-2024_09-58-08_p0030_s148.7_b2_CONV--ZED-RGB.mpeg,148.7,G,G
13-03-2024_14-56-47_p0014_s98_b2_CONV--zed-rgb.mpeg,98,DOR BEXIGA,DOR BEXIGA
27-05-2024_16-42-02_p0032_s27_b1_CONV--ZED-RGB.mpeg,27,CATARRO GRIPE,CATARRO GRIPE
22-02-2024_14-39-44_p0018_s155_b2_CONV--zed-rgb.mpeg,155,PARAR,PARAR
26-04-2024_15-05-12_p0028_s66_b1_CONV--ZED-RGB.mpeg,66,VAGINA VERMELHO SANGRAR,VAGINA VERMELHO SANGRAR
22-02-2024_13-20-34_p0018_s9_b1_CONV--zed-rgb.mpeg,9,DOR LOMBAR,DOR LOMBAR
08-04-2024_15-40-35_p0021_s108_b2_CONV--ZED-RGB.mpeg,108,DOR LEVE,DOR LEVE
29-04-2024_11-50-42_p0029_s136_b2_CONV--ZED-RGB.mpeg,136,ANDAR,ANDAR
29-04-2024_11-48-02_p0029_s128_b2_CONV--ZED-RGB.mpeg,128,LOCAIS BARULHO,LOCAIS BARULHO
29-04-2024_15-52-15_p0024_s191_b3_CONV--ZED-RGB.mpeg,191,MOMENTO APERTAR-BRAÇO DOR PIORAR NÃO,MOMENTO APERTAR-BRAÇO DOR PIORAR NÃO
26-02-2024_16-04-01_p0019_sP23.1_b4_CONV--zed-rgb.mpeg,P23.1,VOCÊ FUMAR,VOCÊ FUMAR
24-05-2024_18-34-01_p0031_sP06.1_b2_CONV--ZED-RGB.mpeg,P6.1,ONDE DOR,ONDE DOR
10-05-2024_08-54-02_p0030_s188_b3_CONV--ZED-RGB.mpeg,188,DOR PERNAS-ESPALHAR APONTAR-COXA,DOR PERNAS-ESPALHAR APONTAR-COXA
22-02-2024_11-47-29_p0017_s248_b4_CONV--zed-rgb.mpeg,248,ALERGIA CACHORRO,ALERGIA CACHORRO
26-02-2024_15-36-44_p0019_sP18.5_b4_CONV--zed-rgb.mpeg,P18.5,VOCÊ BARRIGA DOR ENTÃO,VOCÊ BARRIGA DOR ENTÃO
18-03-2024_11-05-45_p0013_sP18.1_b4_CONV--ZED-RGB.mpeg,P18.1,ENJOAR O-U VOMITAR,ENJOAR O-U VOMITAR
08-05-2024_15-27-44_p0033_s170.1_b3_CONV--ZED-RGB.mpeg,170.1,1,1
16-05-2024_15-15-29_p0034_s153_b2_CONV--ZED-RGB.mpeg,153,REPETIR POR-FAVOR,REPETIR POR-FAVOR
10-05-2024_15-48-34_p0033_s267_b4_CONV--ZED-RGB.mpeg,267,VODCA,VODCA
30-01-2024_14-45-00_p12_s126--zed-rgb.mpeg,126,BEBER ÁLCOOL,BEBER ÁLCOOL
23-04-2024_15-20-07_p0026_s41_b1_CONV--ZED-RGB.mpeg,41,GATO MORDER,GATO MORDER
03-05-2024_18-27-53_p0031_sP09.5_b3_CONV--ZED-RGB.mpeg,P9.5,DEITAR CALMA PIOR,DEITAR CALMA PIOR
28-06-2024_15-16-10_p0035_s226_b4_CONV--ZED-RGB.mpeg,226,PRESSÃO ALTO,PRESSÃO ALTO
19-03-2024_15-36-24_p0022_s146_b2_CONV--ZED-RGB.mpeg,146,REMÉDIO,REMÉDIO
20-03-2024_14-55-51_p0015_s166_b3_CONV--ZED-RGB.mpeg,166,SUBIR-ESCADA CORPO PIOR,SUBIR-ESCADA CORPO PIOR
11-06-2024_14-36-06_p0035_s148.7_b2_CONV--ZED-RGB.mpeg,148.7,G,G
08-04-2024_16-44-13_p0021_s33_b1_CONV--ZED-RGB.mpeg,33,COÇAR,COÇAR
02-05-2024_15-57-44_p0026_s239_b4_CONV--ZED-RGB.mpeg,239,VÍCIO BEBER ÁLCOOL,VÍCIO BEBER ÁLCOOL
07-03-2024_13-48-53_p0010_s102_b2_CONV--zed-rgb.mpeg,102,DOR BRAÇO-DIREITO BRAÇO-ESQUERDO,DOR BRAÇO-DIREITO BRAÇO-ESQUERDO
18-06-2024_16-53-01_p0028_s271_b4_CONV--ZED-RGB.mpeg,271,CHAMPANHE,CHAMPANHE
05-06-2024_15-18-49_p0037_s245_b4_CONV--ZED-RGB.mpeg,245,ÁCARO ALERGIA,ÁCARO ALERGIA
18-06-2024_15-36-19_p0028_s148.10_b2_CONV--ZED-RGB.mpeg,148.10,J,J
03-05-2024_18-35-39_p0031_s170.6_b3_CONV--ZED-RGB.mpeg,170.6,6,6
19-03-2024_15-13-43_p0022_s116_b2_CONV--ZED-RGB.mpeg,116,DOR APERTAR PONTADA,DOR APERTAR PONTADA
11-06-2024_14-37-03_p0035_s148.10_b2_CONV--ZED-RGB.mpeg,148.10,J,J
26-04-2024_14-31-15_p0028_s1_b1_CONV--ZED-RGB.mpeg,1,CONFUSÃO-MENTAL PERCEPÇÃO ESQUECER,CONFUSÃO-MENTAL PERCEPÇÃO ESQUECER
16-05-2024_15-15-08_p0034_s152_b2_CONV--ZED-RGB.mpeg,152,OBRIGADO,OBRIGADO
29-02-2024_14-18-52_p0010_s77_b1_CONV--zed-rgb.mpeg,77,EXERCÍCIO-FÍSICO,EXERCÍCIO-FÍSICO
28-06-2024_14-27-08_p0035_s54_b1_CONV--ZED-RGB.mpeg,54,VERMELHO SANGRAR-BOCA,VERMELHO SANGRAR-BOCA
05-03-2024_10-26-03_p0014_s15_b1_CONV--zed-rgb.mpeg,15,DOR PÉ P-E,DOR PÉ P-E
19-03-2024_15-26-07_p0022_s133_b2_CONV--ZED-RGB.mpeg,133,MASTIGAR,MASTIGAR
26-04-2024_14-35-59_p0028_s13_b1_CONV--ZED-RGB.mpeg,13,DOR PERNA,DOR PERNA
23-04-2024_11-28-36_p0024_s236_b4_CONV--ZED-RGB.mpeg,236,FÍGADO INFLAMADO,FÍGADO INFLAMADO
03-05-2024_18-51-47_p0031_sP13.1_b3_CONV--ZED-RGB.mpeg,P13.1,MOMENTO EXEMPLO AQUI APERTAR VOCÊ SENTIR DOR PIORAR ENTÃO,MOMENTO EXEMPLO AQUI APERTAR VOCÊ SENTIR DOR PIORAR ENTÃO
13-03-2024_15-27-25_p0014_s148.14_b2_CONV--zed-rgb.mpeg,148.14,N,N
24-07-2024_14-30-47_p0041_s59_b1_CONV--ZED-RGB.mpeg,59,TRAUMA,TRAUMA
12-03-2024_14-34-10_p0022_s46_b1_CONV--zed-rgb.mpeg,46,PROBLEMA OUVIDOS,PROBLEMA OUVIDOS
15-05-2024_15-35-17_p0032_sP06.2_b2_CONV--ZED-RGB.mpeg,P6.2,COMO DOR,COMO DOR
16-04-2024_15-30-51_p0016_s170.1_b3_CONV--ZED-RGB.mpeg,170.1,1,1
12-03-2024_14-38-03_p0022_s52_b1_CONV--zed-rgb.mpeg,52,XIXI ESPUMAR,XIXI ESPUMAR
27-05-2024_17-04-12_p0032_s79_b1_CONV--ZED-RGB.mpeg,79,SENTADO,SENTADO
18-04-2024_10-08-46_p0025_s4_b1_CONV--ZED-RGB.mpeg,4,CONVULSÃO ENROLAR-LÍNGUA,CONVULSÃO ENROLAR-LÍNGUA
23-04-2024_15-09-38_p0026_s21_b1_CONV--ZED-RGB.mpeg,21,EVACUAR-ESPALHAR,EVACUAR-ESPALHAR
02-04-2024_15-01-33_p0021_s158_b3_CONV--ZED-RGB.mpeg,158,SUBIR-MORRO FÍSICO PIOR,SUBIR-MORRO FÍSICO PIOR
06-05-2024_15-53-09_p0032_s258_b4_CONV--ZED-RGB.mpeg,258,ALERGIA NENHUM,ALERGIA NENHUM
27-05-2024_15-20-45_p0032_s168_b3_CONV--ZED-RGB.mpeg,168,REMÉDIO CURAR,REMÉDIO CURAR
27-05-2024_15-28-44_p0032_s170.2_b3_CONV--ZED-RGB.mpeg,170.2,2,2
30-04-2024_13-52-02_p0024_s149_b2_CONV--ZED-RGB.mpeg,149,DEVAGAR,DEVAGAR
09-05-2024_14-23-14_p0033_s99_b2_CONV--ZED-RGB.mpeg,99,DOR BAIXO-VENTRE,DOR BAIXO-VENTRE
22-02-2024_14-39-00_p0018_s151_b2_CONV--zed-rgb.mpeg,151,OBRIGADO,OBRIGADO
18-04-2024_15-32-21_p0026_sP06.3_b2_CONV--ZED-RGB.mpeg,P6.3,DOR IGUAL PESO,DOR IGUAL PESO
29-04-2024_16-56-40_p0024_s60_b1_CONV--ZED-RGB.mpeg,60,AGREDIR,AGREDIR
03-05-2024_14-15-51_p0027_s127_b2_CONV--ZED-RGB.mpeg,127,COMER COISAS ÓLEO,COMER COISAS ÓLEO
12-03-2024_10-48-23_p0021_s268_b4_CONV--zed-rgb.mpeg,268,UÍSQUE,UÍSQUE
20-05-2024_16-02-34_p0023_s148.3_b2_CONV--ZED-RGB.mpeg,148.3,C,C
16-07-2024_16-38-13_p0039_s247_b4_CONV--ZED-RGB.mpeg,247,ALERGIA FLOR PÓLEN,ALERGIA FLOR PÓLEN
20-02-2024_17-02-51_p0015_s279_b4_CONV--zed-rgb.mpeg,279,DUAS-DOSES TOMAR DUAS-VEZES SEMANA,DUAS-DOSES TOMAR DUAS-VEZES SEMANA
18-04-2024_15-38-12_p0026_s128_b2_CONV--ZED-RGB.mpeg,128,LOCAIS BARULHO,LOCAIS BARULHO
08-06-2024_10-28-12_p0031_s27_b1_CONV--ZED-RGB.mpeg,27,CATARRO GRIPE,CATARRO GRIPE
29-04-2024_17-04-47_p0024_s74_b1_CONV--ZED-RGB.mpeg,74,BEBER,BEBER
11-03-2024_15-33-43_p0020_sP09.7_b3_CONV--zed-rgb.mpeg,P9.7,TOMAR-REMÉDIO AJUDAR CURAR PEITO DOR O-U FALTAR A-R ENTÃO,TOMAR-REMÉDIO AJUDAR CURAR PEITO DOR O-U FALTAR A-R ENTÃO
12-03-2024_14-37-23_p0022_s51_b1_CONV--zed-rgb.mpeg,51,XIXI ESCURO,XIXI ESCURO
05-06-2024_15-13-10_p0037_s229_b4_CONV--ZED-RGB.mpeg,229,CÂNCER,CÂNCER
08-05-2024_09-38-04_p0030_s105_b2_CONV--ZED-RGB.mpeg,105,DOR TESTÍCULOS,DOR TESTÍCULOS
28-02-2024_16-43-13_p0011_s130_b2_CONV--zed-rgb.mpeg,130,CORPO ESFORÇAR,CORPO ESFORÇAR
18-04-2024_10-35-07_p0025_sP02_b1_CONV--ZED-RGB.mpeg,P2,QUANDO COMEÇAR ENTÃO,QUANDO COMEÇAR ENTÃO
15-05-2024_16-53-05_p0032_s152_b2_CONV--ZED-RGB.mpeg,152,OBRIGADO,OBRIGADO
18-03-2024_11-39-51_p0013_sP24.3_b4_CONV--ZED-RGB.mpeg,P24.3,QUANTOS BEBIDA,QUANTOS BEBIDA
02-04-2024_15-27-33_p0021_s177_b3_CONV--ZED-RGB.mpeg,177,UM ANO,UM ANO
18-06-2024_16-23-19_p0028_s223_b4_CONV--ZED-RGB.mpeg,223,DIABETES,DIABETES
08-05-2024_09-36-30_p0030_s100_b2_CONV--ZED-RGB.mpeg,100,DOR VIRILHA,DOR VIRILHA
20-05-2024_11-27-36_p0034_s18_b1_CONV--ZED-RGB.mpeg,18,DIFÍCIL RESPIRAR,DIFÍCIL RESPIRAR
20-05-2024_12-27-24_p0034_s261_b4_CONV--ZED-RGB.mpeg,261,UM ANO,UM ANO
13-03-2024_15-42-20_p0014_s213_b4_CONV--zed-rgb.mpeg,213,CLARO,CLARO
07-05-2024_14-23-43_p0027_s249_b4_CONV--ZED-RGB.mpeg,249,ALERGIA GATO,ALERGIA GATO
26-04-2024_14-51-39_p0028_s39_b1_CONV--ZED-RGB.mpeg,39,MORDER,MORDER
30-01-2024_14-53-57_p12_s140--zed-rgb.mpeg,140,PERNAS MEXER-PERNAS,PERNAS MEXER-PERNAS
18-03-2024_11-30-53_p0013_s255_b4_CONV--ZED-RGB.mpeg,255,ALERGIA CATEGORIA T-R-I-G-O FARINHA,ALERGIA CATEGORIA T-R-I-G-O FARINHA
31-01-2024_14-43-27_p13_s167--zed-rgb.mpeg,167,SUBIR-ESCADA CORPO PIOR NÃO,SUBIR-ESCADA CORPO PIOR NÃO
26-08-2024_15-17-16_p0019_s8_b1_CONV--ZED-RGB.mp4,8,DOR COSTAS,DOR COSTAS
30-04-2024_13-37-13_p0024_s139_b2_CONV--ZED-RGB.mpeg,139,BRAÇO MEXER-BRAÇO,BRAÇO MEXER-BRAÇO
18-04-2024_10-17-13_p0025_s24_b1_CONV--ZED-RGB.mpeg,24,VOMITAR,VOMITAR
28-02-2024_16-54-31_p0011_s148.5_b2_CONV--zed-rgb.mpeg,148.5,E,E
18-04-2024_15-25-14_p0026_s95_b2_CONV--ZED-RGB.mpeg,95,DOR OLHOS,DOR OLHOS
30-04-2024_13-08-38_p0024_s93_b2_CONV--ZED-RGB.mpeg,93,DOR NUCA,DOR NUCA
13-03-2024_15-53-56_p0014_s228_b4_CONV--zed-rgb.mpeg,228,AIDS,AIDS
23-04-2024_11-26-22_p0024_s229_b4_CONV--ZED-RGB.mpeg,229,CÂNCER,CÂNCER
18-06-2024_15-28-58_p0028_s141_b2_CONV--ZED-RGB.mpeg,141,MEXER-PESCOÇO,MEXER-PESCOÇO
10-05-2024_10-00-46_p0030_s264_b4_CONV--ZED-RGB.mpeg,264,CERVEJA,CERVEJA
18-04-2024_15-39-46_p0026_s134_b2_CONV--ZED-RGB.mpeg,134,MASTIGAR,MASTIGAR
25-03-2024_16-44-21_p0020_s152_b2_CONV--ZED-RGB.mpeg,152,OBRIGADO,OBRIGADO
22-02-2024_11-48-13_p0017_s251_b4_CONV--zed-rgb.mpeg,251,ALERGIA GRUPO BORRACHA,ALERGIA GRUPO BORRACHA
25-03-2024_16-17-15_p0020_s110_b2_CONV--ZED-RGB.mpeg,110,DOR APERTAR,DOR APERTAR
16-04-2024_10-32-17_p0025_s229_b4_CONV--ZED-RGB.mpeg,229,CÂNCER,CÂNCER
24-01-2024_17-30-50_p10_s266--zed-rgb.mpeg,266,DOSE ÁLCOOL,DOSE ÁLCOOL
02-05-2024_15-23-17_p0026_sP17.3_b3_CONV--ZED-RGB.mpeg,P17.3,VOCÊ JÁ VACINAR GRIPE,VOCÊ JÁ VACINAR GRIPE
17-07-2024_14-51-30_p0041_s148.17_b2_CONV--ZED-RGB.mpeg,148.17,Q,Q
26-02-2024_15-26-14_p0019_s212_b4_CONV--zed-rgb.mpeg,212,FEZES-LÍQUIDAS,FEZES-LÍQUIDAS
22-02-2024_14-10-46_p0018_s110_b2_CONV--zed-rgb.mpeg,110,DOR APERTAR,DOR APERTAR
22-02-2024_11-49-47_p0017_s258_b4_CONV--zed-rgb.mpeg,258,ALERGIA NENHUM,ALERGIA NENHUM
02-04-2024_15-36-01_p0021_s188_b3_CONV--ZED-RGB.mpeg,188,DOR PERNAS-ESPALHAR APONTAR-COXA,DOR PERNAS-ESPALHAR APONTAR-COXA
31-01-2024_14-51-32_p13_s170.7--zed-rgb.mpeg,170.7,7,7
12-06-2024_10-22-43_p0036_s148.15_b2_CONV--ZED-RGB.mpeg,148.15,O,O
24-07-2024_14-23-23_p0041_s40_b1_CONV--ZED-RGB.mpeg,40,CACHORRO MORDER,CACHORRO MORDER
03-05-2024_08-47-59_p0030_s53_b1_CONV--ZED-RGB.mpeg,53,XIXI VERMELHO,XIXI VERMELHO
13-05-2024_15-52-57_p0028_s170.8_b3_CONV--ZED-RGB.mpeg,170.8,8,8
19-03-2024_15-45-51_p0022_s148.20_b2_CONV--ZED-RGB.mpeg,148.20,T,T
26-08-2024_15-20-22_p0019_s15_b1_CONV--ZED-RGB.mp4,15,DOR PÉ P-E,DOR PÉ P-E
10-05-2024_08-46-45_p0030_sP11.5_b3_CONV--ZED-RGB.mpeg,P11.5,PERÍODO DOR TER AUMENTAR,PERÍODO DOR TER AUMENTAR
18-03-2024_11-28-00_p0013_s249_b4_CONV--ZED-RGB.mpeg,249,ALERGIA GATO,ALERGIA GATO
08-05-2024_15-53-36_p0033_s186_b3_CONV--ZED-RGB.mpeg,186,COSTAS DOR ESPALHAR,COSTAS DOR ESPALHAR
08-04-2024_16-15-25_p0021_s148.22_b2_CONV--ZED-RGB.mpeg,148.22,V,V
19-06-2024_10-04-49_p0036_s34_b1_CONV--ZED-RGB.mpeg,34,FEBRE,FEBRE
16-07-2024_16-19-03_p0039_s215_b4_CONV--ZED-RGB.mpeg,215,FEZES-LÍQUIDAS BORBULHAR,FEZES-LÍQUIDAS BORBULHAR
05-06-2024_15-06-42_p0037_s219_b4_CONV--ZED-RGB.mpeg,219,FEZES-LÍQUIDAS RESTOS COMIDA,FEZES-LÍQUIDAS RESTOS COMIDA
28-02-2024_16-31-45_p0011_sP07_b2_CONV--zed-rgb.mpeg,P7,SENTIR JUNTO ITENS MAIS TER,SENTIR JUNTO ITENS MAIS TER
23-05-2024_15-05-12_p0035_s180_b3_CONV--ZED-RGB.mpeg,180,NUCA DOR ESPALHAR,NUCA DOR ESPALHAR
24-04-2024_16-06-09_p0027_sP16_b3_CONV--ZED-RGB.mpeg,P16,S-I CORIZA NENHUM COMO TER SENTIR DOR URINAR,S-I CORIZA NENHUM COMO TER SENTIR DOR URINAR
08-04-2024_17-03-29_p0021_s80_b1_CONV--ZED-RGB.mpeg,80,SENTADO EM-PÉ,SENTADO EM-PÉ
29-04-2024_15-34-40_p0024_s170.10_b3_CONV--ZED-RGB.mpeg,170.10,10,10
10-05-2024_16-52-11_p0033_s78_b1_CONV--ZED-RGB.mpeg,78,CALADO DEITADO,CALADO DEITADO
05-03-2024_10-38-53_p0014_s53_b1_CONV--zed-rgb.mpeg,53,XIXI VERMELHO,XIXI VERMELHO
23-05-2024_15-06-26_p0035_s183_b3_CONV--ZED-RGB.mpeg,183,DOR ESPALHAR OMBRO,DOR ESPALHAR OMBRO
08-05-2024_15-11-59_p0033_sP09.2_b3_CONV--ZED-RGB.mpeg,P9.2,SUBIR-MORRO FÍSICO PIOR,SUBIR-MORRO FÍSICO PIOR
11-06-2024_14-02-50_p0035_s98_b2_CONV--ZED-RGB.mpeg,98,DOR BEXIGA,DOR BEXIGA
21-02-2024_11-38-19_p0013_s30_b1_CONV--zed-rgb.mpeg,30,FERIR PELE,FERIR PELE
26-03-2024_15-14-16_p0022_s170.3_b3_CONV--ZED-RGB.mpeg,170.3,3,3
18-06-2024_15-43-11_p0028_s149_b2_CONV--ZED-RGB.mpeg,149,DEVAGAR,DEVAGAR
27-05-2024_16-34-42_p0032_s13_b1_CONV--ZED-RGB.mpeg,13,DOR PERNA,DOR PERNA
25-03-2024_16-07-18_p0020_s85_b2_CONV--ZED-RGB.mpeg,85,UM SEMANA,UM SEMANA
29-04-2024_11-23-40_p0029_s82_b2_CONV--ZED-RGB.mpeg,82,SEIS HORAS,SEIS HORAS
21-02-2024_11-53-28_p0013_s61_b1_CONV--zed-rgb.mpeg,61,PELE QUEIMAR,PELE QUEIMAR
24-07-2024_14-27-26_p0041_s50_b1_CONV--ZED-RGB.mpeg,50,TODA-HORA URINAR,TODA-HORA URINAR
28-02-2024_17-00-16_p0011_s148.25_b2_CONV--zed-rgb.mpeg,148.25,Y,Y
28-06-2024_14-30-48_p0035_s61_b1_CONV--ZED-RGB.mpeg,61,PELE QUEIMAR,PELE QUEIMAR
10-05-2024_10-04-23_p0030_s272_b4_CONV--ZED-RGB.mpeg,272,UM LATA TODO-DIA,UM LATA TODO-DIA
22-04-2024_09-37-18_p0025_sP15.2_b3_CONV--ZED-RGB.mpeg,P15.2,TOSSE COMO,TOSSE COMO
28-06-2024_15-15-22_p0035_s224_b4_CONV--ZED-RGB.mpeg,224,INFARTO,INFARTO
13-03-2024_14-59-01_p0014_s102_b2_CONV--zed-rgb.mpeg,102,DOR BRAÇO-DIREITO BRAÇO-ESQUERDO,DOR BRAÇO-DIREITO BRAÇO-ESQUERDO
29-04-2024_11-54-25_p0029_s145_b2_CONV--ZED-RGB.mpeg,145,ÁGUA QUENTE COLOCAR-BRAÇO,ÁGUA QUENTE COLOCAR-BRAÇO
19-03-2024_15-28-39_p0022_s136_b2_CONV--ZED-RGB.mpeg,136,ANDAR,ANDAR
26-03-2024_15-25-19_p0022_s181_b3_CONV--ZED-RGB.mpeg,181,PESCOÇO DOR ESPALHAR,PESCOÇO DOR ESPALHAR
07-05-2024_14-27-17_p0027_s258_b4_CONV--ZED-RGB.mpeg,258,ALERGIA NENHUM,ALERGIA NENHUM
13-03-2024_15-04-56_p0014_s114_b2_CONV--zed-rgb.mpeg,114,DOR CHOQUE,DOR CHOQUE
19-06-2024_16-37-58_p0023_s47_b1_CONV--ZED-RGB.mpeg,47,XIXI SENTIR IGUAL QUENTE,XIXI SENTIR IGUAL QUENTE
08-05-2024_15-54-41_p0033_s188_b3_CONV--ZED-RGB.mpeg,188,DOR PERNAS-ESPALHAR APONTAR-COXA,DOR PERNAS-ESPALHAR APONTAR-COXA
22-02-2024_15-51-52_p0014_sP17.4_b3_CONV--zed-rgb.mpeg,P17.4,VOCÊ TRAZER CARTÃO-DE-VACINA,VOCÊ TRAZER CARTÃO-DE-VACINA
10-05-2024_16-51-10_p0033_s73_b1_CONV--ZED-RGB.mpeg,73,COMER,COMER
08-05-2024_09-46-37_p0030_s122_b2_CONV--ZED-RGB.mpeg,122,TODA-HORA URINAR,TODA-HORA URINAR
24-04-2024_15-21-12_p0027_s163_b3_CONV--ZED-RGB.mpeg,163,TOMAR-BANHO CORPO PIOR NÃO,TOMAR-BANHO CORPO PIOR NÃO
17-06-2024_15-05-50_p0019_s110_b2_CONV--ZED-RGB.mpeg,110,DOR APERTAR,DOR APERTAR
26-02-2024_16-17-50_p0019_s276_b4_CONV--zed-rgb.mpeg,276,GARRAFA UMA-VEZ SEMANA,GARRAFA UMA-VEZ SEMANA
03-05-2024_08-42-19_p0030_s42_b1_CONV--ZED-RGB.mpeg,42,COBRA PICAR,COBRA PICAR
20-02-2024_16-38-29_p0015_s234_b4_CONV--zed-rgb.mpeg,234,TOSSIR CATARRO VERMELHO,TOSSIR CATARRO VERMELHO
26-08-2024_15-49-04_p0019_s75_b1_CONV--ZED-RGB.mp4,75,TOSSIR,TOSSIR
27-03-2024_16-22-14_p0015_s59_b1_CONV--ZED-RGB.mpeg,59,TRAUMA,TRAUMA
30-01-2024_14-39-55_p12_sP06.5--zed-rgb.mpeg,P6.5,DOR IGUAL FINCADA,DOR IGUAL FINCADA
26-02-2024_15-59-08_p0019_s253_b4_CONV--zed-rgb.mpeg,253,ALERGIA O-V-O OVO,ALERGIA O-V-O OVO
19-06-2024_16-24-33_p0023_s17_b1_CONV--ZED-RGB.mpeg,17,CHIAR,CHIAR
31-01-2024_14-34-52_p13_sP09.2--zed-rgb.mpeg,P9.2,SUBIR-MORRO FÍSICO PIOR,SUBIR-MORRO FÍSICO PIOR
07-03-2024_14-03-00_p0010_s135_b2_CONV--zed-rgb.mpeg,135,ENGOLIR,ENGOLIR
25-03-2024_15-50-48_p0020_sP23.1_b4_CONV--ZED-RGB.mpeg,P23.1,VOCÊ FUMAR,VOCÊ FUMAR
22-02-2024_11-05-03_p0017_s182_b3_CONV--zed-rgb.mpeg,182,QUEIXO DOR ESPALHAR,QUEIXO DOR ESPALHAR
15-05-2024_16-12-28_p0032_s140_b2_CONV--ZED-RGB.mpeg,140,PERNAS MEXER-PERNAS,PERNAS MEXER-PERNAS
08-05-2024_15-15-18_p0033_s161_b3_CONV--ZED-RGB.mpeg,161,PLANO ANDAR FÍSICO PIOR NÃO,PLANO ANDAR FÍSICO PIOR NÃO
23-04-2024_11-19-52_p0024_s220_b4_CONV--ZED-RGB.mpeg,220,TER M-U-C-O COLA,TER M-U-C-O COLA
19-06-2024_16-24-56_p0023_s18_b1_CONV--ZED-RGB.mpeg,18,DIFÍCIL RESPIRAR,DIFÍCIL RESPIRAR
19-06-2024_10-05-20_p0036_s35_b1_CONV--ZED-RGB.mpeg,35,ARREPIAR FRIO,ARREPIAR FRIO
16-05-2024_15-11-46_p0034_s148.22_b2_CONV--ZED-RGB.mpeg,148.22,V,V
11-05-2024_09-51-34_p0034_s183_b3_CONV--ZED-RGB.mpeg,183,DOR ESPALHAR OMBRO,DOR ESPALHAR OMBRO
02-05-2024_16-14-24_p0026_sP24.3_b4_CONV--ZED-RGB.mpeg,P24.3,QUANTOS BEBIDA,QUANTOS BEBIDA
22-01-2024_16-40-14_p9_s170.4--zed-rgb.mpeg,170.4,4,4
09-05-2024_15-06-13_p0033_s148.5_b2_CONV--ZED-RGB.mpeg,148.5,E,E
28-06-2024_15-21-37_p0035_s239_b4_CONV--ZED-RGB.mpeg,239,VÍCIO BEBER ÁLCOOL,VÍCIO BEBER ÁLCOOL
12-03-2024_14-48-13_p0022_s78_b1_CONV--zed-rgb.mpeg,78,CALADO DEITADO,CALADO DEITADO
29-04-2024_11-36-53_p0029_s107_b2_CONV--ZED-RGB.mpeg,107,DOR PROFUNDO,DOR PROFUNDO
10-05-2024_09-42-59_p0030_s225_b4_CONV--ZED-RGB.mpeg,225,ARRITMIA,ARRITMIA
15-05-2024_15-44-48_p0032_sP06.4_b2_CONV--ZED-RGB.mpeg,P6.4,DOR IGUAL QUEIMAR,DOR IGUAL QUEIMAR
03-05-2024_18-29-34_p0031_s167_b3_CONV--ZED-RGB.mpeg,167,SUBIR-ESCADA CORPO PIOR NÃO,SUBIR-ESCADA CORPO PIOR NÃO
03-04-2024_15-35-15_p0023_s218_b4_CONV--ZED-RGB.mpeg,218,FEZES-LÍQUIDAS ESCURO,FEZES-LÍQUIDAS ESCURO
12-03-2024_10-45-27_p0021_s260_b4_CONV--zed-rgb.mpeg,260,NÃO FUMAR,NÃO FUMAR
26-03-2024_16-25-47_p0022_s258_b4_CONV--ZED-RGB.mpeg,258,ALERGIA NENHUM,ALERGIA NENHUM
08-04-2024_16-46-32_p0021_s40_b1_CONV--ZED-RGB.mpeg,40,CACHORRO MORDER,CACHORRO MORDER
03-05-2024_19-02-33_p0031_s203_b3_CONV--ZED-RGB.mpeg,203,NÃO VACINAR COVID-19,NÃO VACINAR COVID-19
11-06-2024_13-57-33_p0035_sP06.1_b2_CONV--ZED-RGB.mpeg,P6.1,ONDE DOR,ONDE DOR
24-04-2024_15-42-42_p0027_s176_b3_CONV--ZED-RGB.mpeg,176,TRÊS-MESES,TRÊS-MESES
22-02-2024_14-39-55_p0018_s156_b2_CONV--zed-rgb.mpeg,156,NÃO-ENTENDER,NÃO-ENTENDER
02-05-2024_15-45-30_p0026_s210_b4_CONV--ZED-RGB.mpeg,210,MOLE,MOLE
30-01-2024_11-26-22_p11_s71--zed-rgb.mpeg,71,2-HORA,2-HORA
28-02-2024_16-52-34_p0011_s147_b2_CONV--zed-rgb.mpeg,147,JEJUM,JEJUM
19-07-2024_15-39-39_p0040_s52_b1_CONV--ZED-RGB.mpeg,52,XIXI ESPUMAR,XIXI ESPUMAR
02-04-2024_15-54-22_p0021_s207_b3_CONV--ZED-RGB.mpeg,207,NÃO VACINAR GRIPE,NÃO VACINAR GRIPE
03-04-2024_15-44-01_p0023_s229_b4_CONV--ZED-RGB.mpeg,229,CÂNCER,CÂNCER
10-05-2024_16-27-06_p0033_s12_b1_CONV--ZED-RGB.mpeg,12,DOR BRAÇO,DOR BRAÇO
17-07-2024_14-54-41_p0041_s148.26_b2_CONV--ZED-RGB.mpeg,148.26,Z,Z
28-06-2024_14-22-23_p0035_s44_b1_CONV--ZED-RGB.mpeg,44,PRESSÃO-ARTERIAL ALTO-BAIXO,PRESSÃO-ARTERIAL ALTO-BAIXO
22-02-2024_11-54-26_p0017_s266_b4_CONV--zed-rgb.mpeg,266,DOSE ÁLCOOL,DOSE ÁLCOOL
09-05-2024_15-05-30_p0033_s148.3_b2_CONV--ZED-RGB.mpeg,148.3,C,C
18-03-2024_11-34-34_p0013_s260_b4_CONV--ZED-RGB.mpeg,260,NÃO FUMAR,NÃO FUMAR
16-04-2024_15-20-50_p0016_s161_b3_CONV--ZED-RGB.mpeg,161,PLANO ANDAR FÍSICO PIOR NÃO,PLANO ANDAR FÍSICO PIOR NÃO
22-02-2024_13-47-07_p0018_s64_b1_CONV--zed-rgb.mpeg,64,QUASE CABEÇA-SAIR NASCER,QUASE CABEÇA-SAIR NASCER
21-02-2024_12-06-35_p0013_s79_b1_CONV--zed-rgb.mpeg,79,SENTADO,SENTADO
30-01-2024_11-08-49_p11_s24--zed-rgb.mpeg,24,VOMITAR,VOMITAR
25-03-2024_16-08-50_p0020_s88_b2_CONV--ZED-RGB.mpeg,88,NÃO,NÃO
22-04-2024_09-18-44_p0025_s170.4_b3_CONV--ZED-RGB.mpeg,170.4,4,4
03-05-2024_19-05-04_p0031_s208_b3_CONV--ZED-RGB.mpeg,208,NÃO TRAZER CARTÃO-DE-VACINA NENHUM,NÃO TRAZER CARTÃO-DE-VACINA NENHUM
20-05-2024_11-39-08_p0034_s43_b1_CONV--ZED-RGB.mpeg,43,ESCORPIÃO PICAR,ESCORPIÃO PICAR
10-05-2024_09-45-11_p0030_s230_b4_CONV--ZED-RGB.mpeg,230,DEPRESSÃO,DEPRESSÃO
09-05-2024_14-56-52_p0033_s141_b2_CONV--ZED-RGB.mpeg,141,MEXER-PESCOÇO,MEXER-PESCOÇO
24-07-2024_14-10-59_p0041_s11_b1_CONV--ZED-RGB.mpeg,11,DOR GARGANTA,DOR GARGANTA
30-04-2024_13-48-54_p0024_s148.19_b2_CONV--ZED-RGB.mpeg,148.19,S,S
26-04-2024_14-37-24_p0028_s16_b1_CONV--ZED-RGB.mpeg,16,RESPIRAR FALTAR,RESPIRAR FALTAR
13-03-2024_15-08-30_p0014_s118_b2_CONV--zed-rgb.mpeg,118,OLHOS-LACRIMEJAR,OLHOS-LACRIMEJAR
16-04-2024_15-19-42_p0016_sP09.3_b3_CONV--ZED-RGB.mpeg,P9.3,PLANO ANDAR FÍSICO PIOR,PLANO ANDAR FÍSICO PIOR
13-05-2024_15-56-42_p0028_s172_b3_CONV--ZED-RGB.mpeg,172,VÁRIAS-VEZES,VÁRIAS-VEZES
08-05-2024_09-30-46_p0030_sP06.1_b2_CONV--ZED-RGB.mpeg,P6.1,ONDE DOR,ONDE DOR
29-04-2024_11-52-24_p0029_s141_b2_CONV--ZED-RGB.mpeg,141,MEXER-PESCOÇO,MEXER-PESCOÇO
12-03-2024_14-45-27_p0022_s70_b1_CONV--zed-rgb.mpeg,70,1-HORA,1-HORA
10-05-2024_09-38-38_p0030_s220_b4_CONV--ZED-RGB.mpeg,220,TER M-U-C-O COLA,TER M-U-C-O COLA
20-05-2024_12-30-38_p0034_s264_b4_CONV--ZED-RGB.mpeg,264,CERVEJA,CERVEJA
26-03-2024_16-17-02_p0022_s234_b4_CONV--ZED-RGB.mpeg,234,TOSSIR CATARRO VERMELHO,TOSSIR CATARRO VERMELHO
22-02-2024_13-20-50_p0018_s10_b1_CONV--zed-rgb.mpeg,10,DOR BARRIGA,DOR BARRIGA
07-05-2024_14-37-32_p0027_s272_b4_CONV--ZED-RGB.mpeg,272,UM LATA TODO-DIA,UM LATA TODO-DIA
26-03-2024_15-36-28_p0022_s190_b3_CONV--ZED-RGB.mpeg,190,SIM APERTAR-BRAÇO DOER,SIM APERTAR-BRAÇO DOER
30-04-2024_13-10-14_p0024_s97_b2_CONV--ZED-RGB.mpeg,97,DOR LADOS-BARRIGA,DOR LADOS-BARRIGA
28-02-2024_16-57-19_p0011_s148.15_b2_CONV--zed-rgb.mpeg,148.15,O,O
27-05-2024_15-14-40_p0032_s165_b3_CONV--ZED-RGB.mpeg,165,DEITAR CALMA PIOR NÃO,DEITAR CALMA PIOR NÃO
11-06-2024_14-22-05_p0035_s125_b2_CONV--ZED-RGB.mpeg,125,COMER CATEGORIA ÁCIDO MAIS APIMENTADO,COMER CATEGORIA ÁCIDO MAIS APIMENTADO
22-04-2024_09-14-01_p0025_s167_b3_CONV--ZED-RGB.mpeg,167,SUBIR-ESCADA CORPO PIOR NÃO,SUBIR-ESCADA CORPO PIOR NÃO
19-06-2024_16-17-12_p0023_s3_b1_CONV--ZED-RGB.mpeg,3,MUDAR COMPORTAMENTO,MUDAR COMPORTAMENTO
22-02-2024_11-36-45_p0017_s213_b4_CONV--zed-rgb.mpeg,213,CLARO,CLARO
18-04-2024_10-27-02_p0025_s49_b1_CONV--ZED-RGB.mpeg,49,XIXI POUCO,XIXI POUCO
13-03-2024_14-55-59_p0014_s96_b2_CONV--zed-rgb.mpeg,96,DOR MEIO-BARRIGA,DOR MEIO-BARRIGA
30-04-2024_13-13-10_p0024_s103_b2_CONV--ZED-RGB.mpeg,103,DOR JOELHO-DIREITO JOELHO-ESQUERDO,DOR JOELHO-DIREITO JOELHO-ESQUERDO
18-06-2024_16-38-58_p0028_s252_b4_CONV--ZED-RGB.mpeg,252,ALERGIA LEITE,ALERGIA LEITE
08-04-2024_16-07-22_p0021_s148.7_b2_CONV--ZED-RGB.mpeg,148.7,G,G
17-06-2024_15-32-42_p0019_s148.7_b2_CONV--ZED-RGB.mpeg,148.7,G,G
29-04-2024_15-48-13_p0024_s185_b3_CONV--ZED-RGB.mpeg,185,DOR BARRIGA-ESPALHAR BARRIGA,DOR BARRIGA-ESPALHAR BARRIGA
08-05-2024_09-57-13_p0030_s148.4_b2_CONV--ZED-RGB.mpeg,148.4,D,D
29-04-2024_17-02-17_p0024_s70_b1_CONV--ZED-RGB.mpeg,70,1-HORA,1-HORA
10-05-2024_15-26-18_p0033_s232_b4_CONV--ZED-RGB.mpeg,232,ANSIEDADE,ANSIEDADE
18-04-2024_15-31-10_p0026_s113_b2_CONV--ZED-RGB.mpeg,113,DOR PONTADA,DOR PONTADA
23-04-2024_15-07-38_p0026_s16_b1_CONV--ZED-RGB.mpeg,16,RESPIRAR FALTAR,RESPIRAR FALTAR
13-05-2024_15-35-07_p0028_s162_b3_CONV--ZED-RGB.mpeg,162,TOMAR-BANHO CORPO PIOR,TOMAR-BANHO CORPO PIOR
19-07-2024_14-34-46_p0040_s148.21_b2_CONV--ZED-RGB.mpeg,148.21,U,U
05-06-2024_10-05-57_p0036_s232_b4_CONV--ZED-RGB.mpeg,232,ANSIEDADE,ANSIEDADE
09-05-2024_15-13-05_p0033_s148.21_b2_CONV--ZED-RGB.mpeg,148.21,U,U
28-02-2024_16-51-23_p0011_s145_b2_CONV--zed-rgb.mpeg,145,ÁGUA QUENTE COLOCAR-BRAÇO,ÁGUA QUENTE COLOCAR-BRAÇO
24-04-2024_15-20-26_p0027_s162_b3_CONV--ZED-RGB.mpeg,162,TOMAR-BANHO CORPO PIOR,TOMAR-BANHO CORPO PIOR
08-04-2024_15-51-19_p0021_s126_b2_CONV--ZED-RGB.mpeg,126,BEBER ÁLCOOL,BEBER ÁLCOOL
19-03-2024_15-00-12_p0022_s93_b2_CONV--ZED-RGB.mpeg,93,DOR NUCA,DOR NUCA
20-05-2024_11-31-04_p0034_s26_b1_CONV--ZED-RGB.mpeg,26,TOSSIR,TOSSIR
22-02-2024_10-41-57_p0017_sP09.6_b3_CONV--zed-rgb.mpeg,P9.6,SUBIR-ESCADA FÍSICO PIOR,SUBIR-ESCADA FÍSICO PIOR
08-05-2024_15-17-54_p0033_s163_b3_CONV--ZED-RGB.mpeg,163,TOMAR-BANHO CORPO PIOR NÃO,TOMAR-BANHO CORPO PIOR NÃO
18-03-2024_15-45-02_p0020_s73_b1_CONV--ZED-RGB.mpeg,73,COMER,COMER
07-05-2024_14-34-40_p0027_s268_b4_CONV--ZED-RGB.mpeg,268,UÍSQUE,UÍSQUE
16-05-2024_14-22-08_p0034_sP05_b2_CONV--ZED-RGB.mpeg,P5,POR-QUE PROCURAR VIR HOJE TER PIORAR,POR-QUE PROCURAR VIR HOJE TER PIORAR
26-03-2024_16-33-04_p0022_s269_b4_CONV--ZED-RGB.mpeg,269,CACHAÇA,CACHAÇA
22-04-2024_09-24-45_p0025_s178_b3_CONV--ZED-RGB.mpeg,178,CINCO ANO,CINCO ANO
18-03-2024_11-24-41_p0013_s240_b4_CONV--ZED-RGB.mpeg,240,VÍCIO FUMAR,VÍCIO FUMAR
24-04-2024_16-04-31_p0027_s200_b3_CONV--ZED-RGB.mpeg,200,CATARRO COLA VERDE,CATARRO COLA VERDE
03-04-2024_15-33-21_p0023_s214_b4_CONV--ZED-RGB.mpeg,214,FEZES-LÍQUIDAS BRILHANTE,FEZES-LÍQUIDAS BRILHANTE
09-05-2024_14-22-45_p0033_s98_b2_CONV--ZED-RGB.mpeg,98,DOR BEXIGA,DOR BEXIGA
24-04-2024_16-08-27_p0027_s204_b3_CONV--ZED-RGB.mpeg,204,DOIS VACINA,DOIS VACINA
20-05-2024_12-05-08_p0034_s219_b4_CONV--ZED-RGB.mpeg,219,FEZES-LÍQUIDAS RESTOS COMIDA,FEZES-LÍQUIDAS RESTOS COMIDA
30-01-2024_14-32-27_p12_s106--zed-rgb.mpeg,106,DOR PULSAR,DOR PULSAR
20-05-2024_12-40-18_p0034_s283_b4_CONV--ZED-RGB.mpeg,283,UM COPO UMA-VEZ SEMANA,UM COPO UMA-VEZ SEMANA
20-05-2024_12-21-19_p0034_s253_b4_CONV--ZED-RGB.mpeg,253,ALERGIA O-V-O OVO,ALERGIA O-V-O OVO
22-01-2024_16-46-38_p9_s171--zed-rgb.mpeg,171,UMA-VEZ,UMA-VEZ
21-02-2024_15-23-38_p0016_s96_b2_CONV--zed-rgb.mpeg,96,DOR MEIO-BARRIGA,DOR MEIO-BARRIGA
20-05-2024_12-14-08_p0034_s235_b4_CONV--ZED-RGB.mpeg,235,OBESIDADE,OBESIDADE
13-03-2024_16-14-44_p0014_s273_b4_CONV--zed-rgb.mpeg,273,UM LATA UMA-VEZ SEMANA,UM LATA UMA-VEZ SEMANA
22-02-2024_11-51-30_p0017_s259_b4_CONV--zed-rgb.mpeg,259,TER FUMAR SIM,TER FUMAR SIM
23-04-2024_15-29-04_p0026_s63_b1_CONV--ZED-RGB.mpeg,63,TIRO FURAR-BARRIGA,TIRO FURAR-BARRIGA
18-04-2024_15-43-34_p0026_s143_b2_CONV--ZED-RGB.mpeg,143,DEITAR,DEITAR
22-02-2024_11-01-54_p0017_s175_b3_CONV--zed-rgb.mpeg,175,DOIS SEMANA,DOIS SEMANA
03-05-2024_08-45-27_p0030_s46_b1_CONV--ZED-RGB.mpeg,46,PROBLEMA OUVIDOS,PROBLEMA OUVIDOS
30-04-2024_13-15-06_p0024_sP06.2_b2_CONV--ZED-RGB.mpeg,P6.2,COMO DOR,COMO DOR
25-03-2024_15-40-03_p0020_s235_b4_CONV--ZED-RGB.mpeg,235,OBESIDADE,OBESIDADE
03-04-2024_15-29-59_p0023_sP18.1_b4_CONV--ZED-RGB.mpeg,P18.1,ENJOAR O-U VOMITAR,ENJOAR O-U VOMITAR
03-05-2024_14-11-51_p0027_sP06.4_b2_CONV--ZED-RGB.mpeg,P6.4,DOR IGUAL QUEIMAR,DOR IGUAL QUEIMAR
24-07-2024_14-32-25_p0041_s63_b1_CONV--ZED-RGB.mpeg,63,TIRO FURAR-BARRIGA,TIRO FURAR-BARRIGA
15-05-2024_16-47-53_p0032_s148.19_b2_CONV--ZED-RGB.mpeg,148.19,S,S
08-04-2024_16-29-15_p0021_s2_b1_CONV--ZED-RGB.mpeg,2,CONFUSÃO,CONFUSÃO
26-08-2024_15-48-43_p0019_s74_b1_CONV--ZED-RGB.mp4,74,BEBER,BEBER
21-02-2024_15-48-41_p0016_s134_b2_CONV--zed-rgb.mpeg,134,MASTIGAR,MASTIGAR
13-05-2024_16-33-53_p0028_s206_b3_CONV--ZED-RGB.mpeg,206,QUATRO VACINA,QUATRO VACINA
29-04-2024_15-50-34_p0024_s189_b3_CONV--ZED-RGB.mpeg,189,DOR PERNAS-ESPALHAR APONTAR-PERNA,DOR PERNAS-ESPALHAR APONTAR-PERNA
13-03-2024_14-49-48_p0014_s86_b2_CONV--zed-rgb.mpeg,86,UM MÊS,UM MÊS
24-05-2024_18-58-10_p0031_s133_b2_CONV--ZED-RGB.mpeg,133,MASTIGAR,MASTIGAR
21-02-2024_16-06-59_p0016_s148.12_b2_CONV--zed-rgb.mpeg,148.12,L,L
11-03-2024_15-42-07_p0020_s171_b3_CONV--zed-rgb.mpeg,171,UMA-VEZ,UMA-VEZ
08-06-2024_10-23-48_p0031_s14_b1_CONV--ZED-RGB.mpeg,14,DOR PERNA ATRÁS,DOR PERNA ATRÁS
26-03-2024_16-28-23_p0022_s260_b4_CONV--ZED-RGB.mpeg,260,NÃO FUMAR,NÃO FUMAR
30-01-2024_14-30-35_p12_s101--zed-rgb.mpeg,101,DOR OMBROS,DOR OMBROS
23-04-2024_15-32-34_p0026_s72_b1_CONV--ZED-RGB.mpeg,72,2-MÊS,2-MÊS
11-03-2024_15-45-17_p0020_s177_b3_CONV--zed-rgb.mpeg,177,UM ANO,UM ANO
08-06-2024_10-30-48_p0031_s35_b1_CONV--ZED-RGB.mpeg,35,ARREPIAR FRIO,ARREPIAR FRIO
16-04-2024_10-32-37_p0025_s230_b4_CONV--ZED-RGB.mpeg,230,DEPRESSÃO,DEPRESSÃO
17-07-2024_14-32-38_p0041_s126_b2_CONV--ZED-RGB.mpeg,126,BEBER ÁLCOOL,BEBER ÁLCOOL
19-06-2024_16-47-37_p0023_s69_b1_CONV--ZED-RGB.mpeg,69,30 MINUTO,30 MINUTO
26-02-2024_15-47-54_p0019_s236_b4_CONV--zed-rgb.mpeg,236,FÍGADO INFLAMADO,FÍGADO INFLAMADO
18-04-2024_15-23-36_p0026_s89_b2_CONV--ZED-RGB.mpeg,89,DOR LADO-CABEÇA,DOR LADO-CABEÇA
16-07-2024_16-36-42_p0039_s245_b4_CONV--ZED-RGB.mpeg,245,ÁCARO ALERGIA,ÁCARO ALERGIA
08-05-2024_09-28-43_p0030_s85_b2_CONV--ZED-RGB.mpeg,85,UM SEMANA,UM SEMANA
28-06-2024_15-33-30_p0035_s254_b4_CONV--ZED-RGB.mpeg,254,ALERGIA COMER CATEGORIA ÁGUA-MAR,ALERGIA COMER CATEGORIA ÁGUA-MAR
03-04-2024_15-54-40_p0023_s247_b4_CONV--ZED-RGB.mpeg,247,ALERGIA FLOR PÓLEN,ALERGIA FLOR PÓLEN
18-03-2024_15-42-00_p0020_s65_b1_CONV--ZED-RGB.mpeg,65,NASCER VIVO,NASCER VIVO
23-05-2024_14-58-27_p0035_s172_b3_CONV--ZED-RGB.mpeg,172,VÁRIAS-VEZES,VÁRIAS-VEZES
10-05-2024_08-55-49_p0030_s190_b3_CONV--ZED-RGB.mpeg,190,SIM APERTAR-BRAÇO DOER,SIM APERTAR-BRAÇO DOER
08-06-2024_10-39-53_p0031_s56_b1_CONV--ZED-RGB.mpeg,56,VERMELHO FEZES,VERMELHO FEZES
08-05-2024_15-49-16_p0033_s182_b3_CONV--ZED-RGB.mpeg,182,QUEIXO DOR ESPALHAR,QUEIXO DOR ESPALHAR
12-03-2024_10-52-55_p0021_s280_b4_CONV--zed-rgb.mpeg,280,TAÇA TOMAR VINHO UMA-VEZ SEMANA,TAÇA TOMAR VINHO UMA-VEZ SEMANA
22-01-2024_16-55-07_p9_s182--zed-rgb.mpeg,182,QUEIXO DOR ESPALHAR,QUEIXO DOR ESPALHAR
09-05-2024_14-13-08_p0033_s84_b2_CONV--ZED-RGB.mpeg,84,TRÊS-DIAS,TRÊS-DIAS
22-02-2024_15-43-05_p0014_s191_b3_CONV--zed-rgb.mpeg,191,MOMENTO APERTAR-BRAÇO DOR PIORAR NÃO,MOMENTO APERTAR-BRAÇO DOR PIORAR NÃO
11-05-2024_10-03-36_p0034_s199_b3_CONV--ZED-RGB.mpeg,199,CATARRO COLA AMARELO,CATARRO COLA AMARELO
18-03-2024_11-18-09_p0013_sP19.1_b4_CONV--ZED-RGB.mpeg,P19.1,VOCÊ JÁ FAZER TRATAMENTO ALGUM DOENÇA ENTÃO,VOCÊ JÁ FAZER TRATAMENTO ALGUM DOENÇA ENTÃO
16-05-2024_14-32-34_p0034_sP06.2_b2_CONV--ZED-RGB.mpeg,P6.2,COMO DOR,COMO DOR
28-02-2024_16-56-23_p0011_s148.11_b2_CONV--zed-rgb.mpeg,148.11,K,K
24-05-2024_19-09-59_p0031_s148.14_b2_CONV--ZED-RGB.mpeg,148.14,N,N
07-05-2024_14-37-12_p0027_sP24.3_b4_CONV--ZED-RGB.mpeg,P24.3,QUANTOS BEBIDA,QUANTOS BEBIDA
26-08-2024_15-22-45_p0019_s21_b1_CONV--ZED-RGB.mp4,21,EVACUAR-ESPALHAR,EVACUAR-ESPALHAR
30-01-2024_15-00-41_p12_s148.2--zed-rgb.mpeg,148.2,B,B
29-04-2024_15-27-55_p0024_s169_b3_CONV--ZED-RGB.mpeg,169,REMÉDIO CURAR-NÃO,REMÉDIO CURAR-NÃO
13-03-2024_14-51-00_p0014_s88_b2_CONV--zed-rgb.mpeg,88,NÃO,NÃO
30-01-2024_11-07-07_p11_s20--zed-rgb.mpeg,20,TONTURA CAIR-PESSOA,TONTURA CAIR-PESSOA
07-03-2024_14-00-54_p0010_s128_b2_CONV--zed-rgb.mpeg,128,LOCAIS BARULHO,LOCAIS BARULHO
07-05-2024_14-54-34_p0027_s6_b1_CONV--ZED-RGB.mpeg,6,DOR PESCOÇO,DOR PESCOÇO
03-05-2024_18-43-12_p0031_s178_b3_CONV--ZED-RGB.mpeg,178,CINCO ANO,CINCO ANO
06-05-2024_15-40-38_p0032_s253_b4_CONV--ZED-RGB.mpeg,253,ALERGIA O-V-O OVO,ALERGIA O-V-O OVO
22-02-2024_13-20-20_p0018_s8_b1_CONV--zed-rgb.mpeg,8,DOR COSTAS,DOR COSTAS
26-03-2024_16-38-19_p0022_s281_b4_CONV--ZED-RGB.mpeg,281,TAÇA TOMAR VINHO TODO-DIA,TAÇA TOMAR VINHO TODO-DIA
21-02-2024_15-43-25_p0016_s123_b2_CONV--zed-rgb.mpeg,123,ZUMBIDO OUVIDO,ZUMBIDO OUVIDO
16-07-2024_16-57-03_p0039_s276_b4_CONV--ZED-RGB.mpeg,276,GARRAFA UMA-VEZ SEMANA,GARRAFA UMA-VEZ SEMANA
17-07-2024_14-37-59_p0041_s138_b2_CONV--ZED-RGB.mpeg,138,APERTAR,APERTAR
08-04-2024_16-48-06_p0021_s45_b1_CONV--ZED-RGB.mpeg,45,PROBLEMA OLHOS,PROBLEMA OLHOS
19-06-2024_09-51-38_p0036_s7_b1_CONV--ZED-RGB.mpeg,7,DOR PEITO,DOR PEITO
20-05-2024_15-19-05_p0023_s93_b2_CONV--ZED-RGB.mpeg,93,DOR NUCA,DOR NUCA
16-04-2024_15-22-19_p0016_s163_b3_CONV--ZED-RGB.mpeg,163,TOMAR-BANHO CORPO PIOR NÃO,TOMAR-BANHO CORPO PIOR NÃO
27-03-2024_15-35-21_p0015_s148.4_b2_CONV--ZED-RGB.mpeg,148.4,D,D
23-05-2024_15-02-04_p0035_s177_b3_CONV--ZED-RGB.mpeg,177,UM ANO,UM ANO
28-06-2024_14-23-26_p0035_s46_b1_CONV--ZED-RGB.mpeg,46,PROBLEMA OUVIDOS,PROBLEMA OUVIDOS
26-03-2024_16-04-59_p0022_sP18.3_b4_CONV--ZED-RGB.mpeg,P18.3,COMO FEZES COMO,COMO FEZES COMO
26-08-2024_15-42-42_p0019_s62_b1_CONV--ZED-RGB.mp4,62,MATERIAL GRUPO CORTAR TAMBÉM OBJETO-FINO-LONGO FINCAR,MATERIAL GRUPO CORTAR TAMBÉM OBJETO-FINO-LONGO FINCAR
18-04-2024_15-20-16_p0026_s82_b2_CONV--ZED-RGB.mpeg,82,SEIS HORAS,SEIS HORAS
17-07-2024_14-32-14_p0041_s125_b2_CONV--ZED-RGB.mpeg,125,COMER CATEGORIA ÁCIDO MAIS APIMENTADO,COMER CATEGORIA ÁCIDO MAIS APIMENTADO
22-02-2024_15-30-29_p0014_s170.6_b3_CONV--zed-rgb.mpeg,170.6,6,6
26-03-2024_15-04-36_p0022_s162_b3_CONV--ZED-RGB.mpeg,162,TOMAR-BANHO CORPO PIOR,TOMAR-BANHO CORPO PIOR
22-04-2024_09-25-34_p0025_sP11.4_b3_CONV--ZED-RGB.mpeg,P11.4,AO-LONGO-DO-TEMPO DOR COMO AUMENTAR O-U DIMINUIR,AO-LONGO-DO-TEMPO DOR COMO AUMENTAR O-U DIMINUIR
27-03-2024_15-35-05_p0015_s148.3_b2_CONV--ZED-RGB.mpeg,148.3,C,C
03-05-2024_14-05-45_p0027_s100_b2_CONV--ZED-RGB.mpeg,100,DOR VIRILHA,DOR VIRILHA
20-05-2024_12-12-00_p0034_s230_b4_CONV--ZED-RGB.mpeg,230,DEPRESSÃO,DEPRESSÃO
28-06-2024_14-30-28_p0035_s60_b1_CONV--ZED-RGB.mpeg,60,AGREDIR,AGREDIR
07-05-2024_14-15-33_p0027_s223_b4_CONV--ZED-RGB.mpeg,223,DIABETES,DIABETES
12-03-2024_14-46-41_p0022_s73_b1_CONV--zed-rgb.mpeg,73,COMER,COMER
20-05-2024_11-49-51_p0034_s63_b1_CONV--ZED-RGB.mpeg,63,TIRO FURAR-BARRIGA,TIRO FURAR-BARRIGA
18-03-2024_11-37-03_p0013_sP24.2_b4_CONV--ZED-RGB.mpeg,P24.2,BEBIDA QUAL,BEBIDA QUAL
19-06-2024_16-39-18_p0023_s50_b1_CONV--ZED-RGB.mpeg,50,TODA-HORA URINAR,TODA-HORA URINAR
03-04-2024_16-08-24_p0023_s271_b4_CONV--ZED-RGB.mpeg,271,CHAMPANHE,CHAMPANHE
05-03-2024_10-31-23_p0014_s29_b1_CONV--zed-rgb.mpeg,29,INCHAR,INCHAR
08-05-2024_09-50-26_p0030_s133_b2_CONV--ZED-RGB.mpeg,133,MASTIGAR,MASTIGAR
03-04-2024_15-43-13_p0023_s227_b4_CONV--ZED-RGB.mpeg,227,ASMA,ASMA
25-03-2024_15-41-47_p0020_s239_b4_CONV--ZED-RGB.mpeg,239,VÍCIO BEBER ÁLCOOL,VÍCIO BEBER ÁLCOOL
07-05-2024_15-20-35_p0027_s79_b1_CONV--ZED-RGB.mpeg,79,SENTADO,SENTADO
02-05-2024_15-58-07_p0026_s240_b4_CONV--ZED-RGB.mpeg,240,VÍCIO FUMAR,VÍCIO FUMAR
15-05-2024_15-15-58_p0032_s86_b2_CONV--ZED-RGB.mpeg,86,UM MÊS,UM MÊS
21-02-2024_11-31-37_p0013_s10_b1_CONV--zed-rgb.mpeg,10,DOR BARRIGA,DOR BARRIGA
02-05-2024_15-05-01_p0026_s181_b3_CONV--ZED-RGB.mpeg,181,PESCOÇO DOR ESPALHAR,PESCOÇO DOR ESPALHAR
18-06-2024_16-51-34_p0028_s267_b4_CONV--ZED-RGB.mpeg,267,VODCA,VODCA
24-07-2024_14-12-57_p0041_s16_b1_CONV--ZED-RGB.mpeg,16,RESPIRAR FALTAR,RESPIRAR FALTAR
03-04-2024_15-44-22_p0023_s230_b4_CONV--ZED-RGB.mpeg,230,DEPRESSÃO,DEPRESSÃO
26-04-2024_14-58-29_p0028_s52_b1_CONV--ZED-RGB.mpeg,52,XIXI ESPUMAR,XIXI ESPUMAR
08-05-2024_10-03-05_p0030_s148.25_b2_CONV--ZED-RGB.mpeg,148.25,Y,Y
08-05-2024_15-33-02_p0033_s170.10_b3_CONV--ZED-RGB.mpeg,170.10,10,10
03-04-2024_15-40-19_p0023_sP19.1_b4_CONV--ZED-RGB.mpeg,P19.1,VOCÊ JÁ FAZER TRATAMENTO ALGUM DOENÇA ENTÃO,VOCÊ JÁ FAZER TRATAMENTO ALGUM DOENÇA ENTÃO
03-05-2024_08-28-15_p0030_s4_b1_CONV--ZED-RGB.mpeg,4,CONVULSÃO ENROLAR-LÍNGUA,CONVULSÃO ENROLAR-LÍNGUA
05-03-2024_10-25-45_p0014_s14_b1_CONV--zed-rgb.mpeg,14,DOR PERNA ATRÁS,DOR PERNA ATRÁS
30-01-2024_11-27-44_p11_s74--zed-rgb.mpeg,74,BEBER,BEBER
29-04-2024_16-35-33_p0024_s16_b1_CONV--ZED-RGB.mpeg,16,RESPIRAR FALTAR,RESPIRAR FALTAR
05-03-2024_10-32-43_p0014_s34_b1_CONV--zed-rgb.mpeg,34,FEBRE,FEBRE
31-01-2024_14-50-28_p13_s170.2--zed-rgb.mpeg,170.2,2,2
20-05-2024_11-34-27_p0034_s33_b1_CONV--ZED-RGB.mpeg,33,COÇAR,COÇAR
17-07-2024_14-54-07_p0041_s148.24_b2_CONV--ZED-RGB.mpeg,148.24,X,X
05-06-2024_10-05-13_p0036_s231_b4_CONV--ZED-RGB.mpeg,231,DEPRESSÃO,DEPRESSÃO
22-02-2024_14-27-03_p0018_s139_b2_CONV--zed-rgb.mpeg,139,BRAÇO MEXER-BRAÇO,BRAÇO MEXER-BRAÇO
24-05-2024_18-42-31_p0031_s110_b2_CONV--ZED-RGB.mpeg,110,DOR APERTAR,DOR APERTAR
28-06-2024_14-14-01_p0035_s21_b1_CONV--ZED-RGB.mpeg,21,EVACUAR-ESPALHAR,EVACUAR-ESPALHAR
23-04-2024_15-04-37_p0026_s11_b1_CONV--ZED-RGB.mpeg,11,DOR GARGANTA,DOR GARGANTA
11-06-2024_14-28-57_p0035_s139_b2_CONV--ZED-RGB.mpeg,139,BRAÇO MEXER-BRAÇO,BRAÇO MEXER-BRAÇO
21-02-2024_16-14-26_p0016_s155_b2_CONV--zed-rgb.mpeg,155,PARAR,PARAR
20-05-2024_16-07-08_p0023_s148.18_b2_CONV--ZED-RGB.mpeg,148.18,R,R
24-05-2024_18-39-14_p0031_s102_b2_CONV--ZED-RGB.mpeg,102,DOR BRAÇO-DIREITO BRAÇO-ESQUERDO,DOR BRAÇO-DIREITO BRAÇO-ESQUERDO
08-04-2024_15-54-41_p0021_s133_b2_CONV--ZED-RGB.mpeg,133,MASTIGAR,MASTIGAR
24-07-2024_14-12-35_p0041_s15_b1_CONV--ZED-RGB.mpeg,15,DOR PÉ P-E,DOR PÉ P-E
16-05-2024_14-36-02_p0034_s111_b2_CONV--ZED-RGB.mpeg,111,DOR PESO,DOR PESO
11-05-2024_10-04-35_p0034_s201_b3_CONV--ZED-RGB.mpeg,201,CATARRO COLA VERMELHO,CATARRO COLA VERMELHO
08-05-2024_15-20-01_p0033_s165_b3_CONV--ZED-RGB.mpeg,165,DEITAR CALMA PIOR NÃO,DEITAR CALMA PIOR NÃO
30-01-2024_15-01-24_p12_s148.5--zed-rgb.mpeg,148.5,E,E
22-01-2024_17-18-07_p9_s197--zed-rgb.mpeg,197,CATARRO COLA CLARO,CATARRO COLA CLARO
16-05-2024_15-00-37_p0034_s142_b2_CONV--ZED-RGB.mpeg,142,MOVIMENTAR-CORPO DOR PIORAR,MOVIMENTAR-CORPO DOR PIORAR
07-03-2024_14-13-26_p0010_s148.18_b2_CONV--zed-rgb.mpeg,148.18,R,R
22-02-2024_11-52-11_p0017_sP23.2_b4_CONV--zed-rgb.mpeg,P23.2,TOTAL TEMPO QUANTO,TOTAL TEMPO QUANTO
29-04-2024_16-55-30_p0024_s57_b1_CONV--ZED-RGB.mpeg,57,TONTEIRA,TONTEIRA
09-05-2024_14-47-21_p0033_s126_b2_CONV--ZED-RGB.mpeg,126,BEBER ÁLCOOL,BEBER ÁLCOOL
24-07-2024_15-23-25_p0041_s265_b4_CONV--ZED-RGB.mpeg,265,VINHO,VINHO
26-03-2024_16-35-00_p0022_s273_b4_CONV--ZED-RGB.mpeg,273,UM LATA UMA-VEZ SEMANA,UM LATA UMA-VEZ SEMANA
10-05-2024_15-46-51_p0033_sP24.2_b4_CONV--ZED-RGB.mpeg,P24.2,BEBIDA QUAL,BEBIDA QUAL
31-01-2024_14-51-00_p13_s170.5--zed-rgb.mpeg,170.5,5,5
31-01-2024_14-53-13_p13_s172--zed-rgb.mpeg,172,VÁRIAS-VEZES,VÁRIAS-VEZES
26-04-2024_14-43-27_p0028_s31_b1_CONV--ZED-RGB.mpeg,31,MANCHAS-PELE,MANCHAS-PELE
30-04-2024_13-37-37_p0024_s140_b2_CONV--ZED-RGB.mpeg,140,PERNAS MEXER-PERNAS,PERNAS MEXER-PERNAS
08-05-2024_15-18-47_p0033_sP09.5_b3_CONV--ZED-RGB.mpeg,P9.5,DEITAR CALMA PIOR,DEITAR CALMA PIOR
30-01-2024_15-10-39_p12_s153--zed-rgb.mpeg,153,REPETIR POR-FAVOR,REPETIR POR-FAVOR
08-05-2024_09-37-45_p0030_s104_b2_CONV--ZED-RGB.mpeg,104,DOR PERNA-DIREITA PERNA-ESQUERDA,DOR PERNA-DIREITA PERNA-ESQUERDA
21-02-2024_15-26-32_p0016_s106_b2_CONV--zed-rgb.mpeg,106,DOR PULSAR,DOR PULSAR
07-03-2024_13-51-59_p0010_s111_b2_CONV--zed-rgb.mpeg,111,DOR PESO,DOR PESO
24-05-2024_18-59-49_p0031_s138_b2_CONV--ZED-RGB.mpeg,138,APERTAR,APERTAR
27-05-2024_16-54-59_p0032_s57_b1_CONV--ZED-RGB.mpeg,57,TONTEIRA,TONTEIRA
26-04-2024_14-41-22_p0028_s25_b1_CONV--ZED-RGB.mpeg,25,FEZES ESCURO,FEZES ESCURO
21-02-2024_12-02-56_p0013_sP02_b1_CONV--zed-rgb.mpeg,P2,QUANDO COMEÇAR ENTÃO,QUANDO COMEÇAR ENTÃO
25-03-2024_15-23-53_p0020_sP18.1_b4_CONV--ZED-RGB.mpeg,P18.1,ENJOAR O-U VOMITAR,ENJOAR O-U VOMITAR
20-05-2024_12-21-44_p0034_s254_b4_CONV--ZED-RGB.mpeg,254,ALERGIA COMER CATEGORIA ÁGUA-MAR,ALERGIA COMER CATEGORIA ÁGUA-MAR
26-08-2024_15-30-21_p0019_s39_b1_CONV--ZED-RGB.mp4,39,MORDER,MORDER
24-01-2024_17-21-48_p10_s248--zed-rgb.mpeg,248,ALERGIA CACHORRO,ALERGIA CACHORRO
16-04-2024_15-40-07_p0016_sP12_b3_CONV--ZED-RGB.mpeg,P12,DOR EXEMPLO AQUI LUGAR MESMO O-U ESPALHAR AQUI LUGARES ENTÃO,DOR EXEMPLO AQUI LUGAR MESMO O-U ESPALHAR AQUI LUGARES ENTÃO
17-07-2024_14-26-03_p0041_s115_b2_CONV--ZED-RGB.mpeg,115,DOR VERMELHO SANGRAR APERTAR,DOR VERMELHO SANGRAR APERTAR
26-08-2024_15-30-42_p0019_s40_b1_CONV--ZED-RGB.mp4,40,CACHORRO MORDER,CACHORRO MORDER
22-02-2024_11-36-32_p0017_s212_b4_CONV--zed-rgb.mpeg,212,FEZES-LÍQUIDAS,FEZES-LÍQUIDAS
16-05-2024_14-25-23_p0034_s91_b2_CONV--ZED-RGB.mpeg,91,DOR LADO-CABEÇA LADO-CABEÇA,DOR LADO-CABEÇA LADO-CABEÇA
16-04-2024_15-55-28_p0016_s198_b3_CONV--ZED-RGB.mpeg,198,CATARRO COLA BRANCO,CATARRO COLA BRANCO
05-06-2024_10-39-04_p0036_s282_b4_CONV--ZED-RGB.mpeg,282,UM COPO CHEIO TODO-DIA,UM COPO CHEIO TODO-DIA
03-05-2024_14-24-54_p0027_s148.10_b2_CONV--ZED-RGB.mpeg,148.10,J,J
12-06-2024_16-54-36_p0038_s194_b3_CONV--ZED-RGB.mpeg,194,TOSSE SECO,TOSSE SECO
23-04-2024_15-21-36_p0026_s45_b1_CONV--ZED-RGB.mpeg,45,PROBLEMA OLHOS,PROBLEMA OLHOS
05-06-2024_15-29-18_p0037_s260_b4_CONV--ZED-RGB.mpeg,260,NÃO FUMAR,NÃO FUMAR
03-04-2024_15-55-25_p0023_s249_b4_CONV--ZED-RGB.mpeg,249,ALERGIA GATO,ALERGIA GATO
22-02-2024_14-39-33_p0018_s154_b2_CONV--zed-rgb.mpeg,154,PARAR,PARAR
18-04-2024_15-26-23_p0026_s98_b2_CONV--ZED-RGB.mpeg,98,DOR BEXIGA,DOR BEXIGA
12-03-2024_14-27-36_p0022_s29_b1_CONV--zed-rgb.mpeg,29,INCHAR,INCHAR
26-03-2024_16-11-39_p0022_s222_b4_CONV--ZED-RGB.mpeg,222,DOR-BARRIGA NENHUM,DOR-BARRIGA NENHUM
29-02-2024_14-08-42_p0010_s54_b1_CONV--zed-rgb.mpeg,54,VERMELHO SANGRAR-BOCA,VERMELHO SANGRAR-BOCA
22-02-2024_15-33-51_p0014_s174_b3_CONV--zed-rgb.mpeg,174,TRÊS-VEZES DIA,TRÊS-VEZES DIA
16-04-2024_15-48-20_p0016_sP13.1_b3_CONV--ZED-RGB.mpeg,P13.1,MOMENTO EXEMPLO AQUI APERTAR VOCÊ SENTIR DOR PIORAR ENTÃO,MOMENTO EXEMPLO AQUI APERTAR VOCÊ SENTIR DOR PIORAR ENTÃO
16-07-2024_16-44-11_p0039_sP23.1_b4_CONV--ZED-RGB.mpeg,P23.1,VOCÊ FUMAR,VOCÊ FUMAR
11-05-2024_09-50-58_p0034_s182_b3_CONV--ZED-RGB.mpeg,182,QUEIXO DOR ESPALHAR,QUEIXO DOR ESPALHAR
19-03-2024_15-41-24_p0022_s148.7_b2_CONV--ZED-RGB.mpeg,148.7,G,G
05-06-2024_10-21-44_p0036_sP23.1_b4_CONV--ZED-RGB.mpeg,P23.1,VOCÊ FUMAR,VOCÊ FUMAR
20-05-2024_12-10-47_p0034_s227_b4_CONV--ZED-RGB.mpeg,227,ASMA,ASMA
12-06-2024_10-34-14_p0036_s157_b2_CONV--ZED-RGB.mpeg,157,CONTINUAR,CONTINUAR
18-04-2024_15-52-28_p0026_s149_b2_CONV--ZED-RGB.mpeg,149,DEVAGAR,DEVAGAR
07-03-2024_13-41-07_p0010_s86_b2_CONV--zed-rgb.mpeg,86,UM MÊS,UM MÊS
21-02-2024_15-55-10_p0016_s141_b2_CONV--zed-rgb.mpeg,141,MEXER-PESCOÇO,MEXER-PESCOÇO
13-03-2024_15-17-41_p0014_s136_b2_CONV--zed-rgb.mpeg,136,ANDAR,ANDAR
18-04-2024_10-28-43_p0025_s53_b1_CONV--ZED-RGB.mpeg,53,XIXI VERMELHO,XIXI VERMELHO
19-06-2024_16-41-06_p0023_s55_b1_CONV--ZED-RGB.mpeg,55,VERMELHO NARIZ-SANGRAR GRIPE,VERMELHO NARIZ-SANGRAR GRIPE
26-04-2024_14-59-20_p0028_s54_b1_CONV--ZED-RGB.mpeg,54,VERMELHO SANGRAR-BOCA,VERMELHO SANGRAR-BOCA
02-05-2024_14-48-34_p0026_s166_b3_CONV--ZED-RGB.mpeg,166,SUBIR-ESCADA CORPO PIOR,SUBIR-ESCADA CORPO PIOR
19-03-2024_15-43-29_p0022_s148.13_b2_CONV--ZED-RGB.mpeg,148.13,M,M
18-06-2024_16-11-59_p0028_s218_b4_CONV--ZED-RGB.mpeg,218,FEZES-LÍQUIDAS ESCURO,FEZES-LÍQUIDAS ESCURO
24-05-2024_19-13-17_p0031_s148.25_b2_CONV--ZED-RGB.mpeg,148.25,Y,Y
13-05-2024_15-39-48_p0028_s167_b3_CONV--ZED-RGB.mpeg,167,SUBIR-ESCADA CORPO PIOR NÃO,SUBIR-ESCADA CORPO PIOR NÃO
07-05-2024_15-16-56_p0027_s69_b1_CONV--ZED-RGB.mpeg,69,30 MINUTO,30 MINUTO
28-06-2024_15-43-15_p0035_s269_b4_CONV--ZED-RGB.mpeg,269,CACHAÇA,CACHAÇA
24-05-2024_18-33-42_p0031_s88_b2_CONV--ZED-RGB.mpeg,88,NÃO,NÃO
29-04-2024_11-52-04_p0029_s140_b2_CONV--ZED-RGB.mpeg,140,PERNAS MEXER-PERNAS,PERNAS MEXER-PERNAS
22-02-2024_10-55-22_p0017_s170.5_b3_CONV--zed-rgb.mpeg,170.5,5,5
05-03-2024_10-34-25_p0014_s39_b1_CONV--zed-rgb.mpeg,39,MORDER,MORDER
20-03-2024_14-47-36_p0015_sP09.2_b3_CONV--ZED-RGB.mpeg,P9.2,SUBIR-MORRO FÍSICO PIOR,SUBIR-MORRO FÍSICO PIOR
30-04-2024_13-48-36_p0024_s148.18_b2_CONV--ZED-RGB.mpeg,148.18,R,R
11-03-2024_15-26-14_p0020_s158_b3_CONV--zed-rgb.mpeg,158,SUBIR-MORRO FÍSICO PIOR,SUBIR-MORRO FÍSICO PIOR
23-05-2024_15-15-04_p0035_sP15.3_b3_CONV--ZED-RGB.mpeg,P15.3,CATARRO TER OU TER-NÃO,CATARRO TER OU TER-NÃO
13-03-2024_15-40-23_p0014_s210_b4_CONV--zed-rgb.mpeg,210,MOLE,MOLE
18-04-2024_15-53-20_p0026_s153_b2_CONV--ZED-RGB.mpeg,153,REPETIR POR-FAVOR,REPETIR POR-FAVOR
16-07-2024_16-35-30_p0039_s239_b4_CONV--ZED-RGB.mpeg,239,VÍCIO BEBER ÁLCOOL,VÍCIO BEBER ÁLCOOL
27-05-2024_16-05-08_p0032_s206_b3_CONV--ZED-RGB.mpeg,206,QUATRO VACINA,QUATRO VACINA
08-04-2024_15-42-35_p0021_s113_b2_CONV--ZED-RGB.mpeg,113,DOR PONTADA,DOR PONTADA
02-05-2024_14-48-08_p0026_sP09.6_b3_CONV--ZED-RGB.mpeg,P9.6,SUBIR-ESCADA FÍSICO PIOR,SUBIR-ESCADA FÍSICO PIOR
20-05-2024_15-21-28_p0023_s99_b2_CONV--ZED-RGB.mpeg,99,DOR BAIXO-VENTRE,DOR BAIXO-VENTRE
17-06-2024_15-36-34_p0019_s148.18_b2_CONV--ZED-RGB.mpeg,148.18,R,R
30-04-2024_13-36-51_p0024_s138_b2_CONV--ZED-RGB.mpeg,138,APERTAR,APERTAR
19-03-2024_15-06-09_p0022_s104_b2_CONV--ZED-RGB.mpeg,104,DOR PERNA-DIREITA PERNA-ESQUERDA,DOR PERNA-DIREITA PERNA-ESQUERDA
20-02-2024_16-17-00_p0015_s213_b4_CONV--zed-rgb.mpeg,213,CLARO,CLARO
28-06-2024_15-06-23_p0035_s210_b4_CONV--ZED-RGB.mpeg,210,MOLE,MOLE
13-03-2024_15-03-26_p0014_s110_b2_CONV--zed-rgb.mpeg,110,DOR APERTAR,DOR APERTAR
15-05-2024_16-03-36_p0032_s129_b2_CONV--ZED-RGB.mpeg,129,LOCAIS LUZ-FORTE,LOCAIS LUZ-FORTE
09-05-2024_14-13-32_p0033_s85_b2_CONV--ZED-RGB.mpeg,85,UM SEMANA,UM SEMANA
28-06-2024_15-41-43_p0035_s264_b4_CONV--ZED-RGB.mpeg,264,CERVEJA,CERVEJA
07-03-2024_13-53-58_p0010_sP06.4_b2_CONV--zed-rgb.mpeg,P6.4,DOR IGUAL QUEIMAR,DOR IGUAL QUEIMAR
26-03-2024_16-23-35_p0022_s252_b4_CONV--ZED-RGB.mpeg,252,ALERGIA LEITE,ALERGIA LEITE
12-03-2024_14-44-50_p0022_s68_b1_CONV--zed-rgb.mpeg,68,15 MINUTO,15 MINUTO
09-05-2024_14-12-19_p0033_s82_b2_CONV--ZED-RGB.mpeg,82,SEIS HORAS,SEIS HORAS
20-05-2024_15-49-17_p0023_s133_b2_CONV--ZED-RGB.mpeg,133,MASTIGAR,MASTIGAR
23-05-2024_15-17-21_p0035_s199_b3_CONV--ZED-RGB.mpeg,199,CATARRO COLA AMARELO,CATARRO COLA AMARELO
18-06-2024_15-34-07_p0028_s148.4_b2_CONV--ZED-RGB.mpeg,148.4,D,D
28-06-2024_14-25-38_p0035_s52_b1_CONV--ZED-RGB.mpeg,52,XIXI ESPUMAR,XIXI ESPUMAR
23-04-2024_11-24-38_p0024_s225_b4_CONV--ZED-RGB.mpeg,225,ARRITMIA,ARRITMIA
03-05-2024_14-12-43_p0027_sP07_b2_CONV--ZED-RGB.mpeg,P7,SENTIR JUNTO ITENS MAIS TER,SENTIR JUNTO ITENS MAIS TER
08-04-2024_16-03-21_p0021_s148.1_b2_CONV--ZED-RGB.mpeg,148.1,A,A
27-03-2024_15-45-21_p0015_s157_b2_CONV--ZED-RGB.mpeg,157,CONTINUAR,CONTINUAR
18-03-2024_15-31-12_p0020_s43_b1_CONV--ZED-RGB.mpeg,43,ESCORPIÃO PICAR,ESCORPIÃO PICAR
21-02-2024_15-33-34_p0016_sP06.5_b2_CONV--zed-rgb.mpeg,P6.5,DOR IGUAL FINCADA,DOR IGUAL FINCADA
07-03-2024_13-52-26_p0010_s113_b2_CONV--zed-rgb.mpeg,113,DOR PONTADA,DOR PONTADA
16-04-2024_15-58-01_p0016_sP17.1_b3_CONV--ZED-RGB.mpeg,P17.1,VOCÊ JÁ VACINAR COVID-19,VOCÊ JÁ VACINAR COVID-19
08-04-2024_15-54-21_p0021_s132_b2_CONV--ZED-RGB.mpeg,132,NARIZ ESPIRRAR,NARIZ ESPIRRAR
18-06-2024_15-08-05_p0028_s114_b2_CONV--ZED-RGB.mpeg,114,DOR CHOQUE,DOR CHOQUE
27-03-2024_15-59-23_p0015_s4_b1_CONV--ZED-RGB.mpeg,4,CONVULSÃO ENROLAR-LÍNGUA,CONVULSÃO ENROLAR-LÍNGUA
18-04-2024_15-32-43_p0026_sP06.4_b2_CONV--ZED-RGB.mpeg,P6.4,DOR IGUAL QUEIMAR,DOR IGUAL QUEIMAR
29-04-2024_11-25-54_p0029_s85_b2_CONV--ZED-RGB.mpeg,85,UM SEMANA,UM SEMANA
13-03-2024_16-11-06_p0014_s264_b4_CONV--zed-rgb.mpeg,264,CERVEJA,CERVEJA
16-07-2024_16-32-11_p0039_s235_b4_CONV--ZED-RGB.mpeg,235,OBESIDADE,OBESIDADE
22-02-2024_15-50-45_p0014_s205_b3_CONV--zed-rgb.mpeg,205,TRÊS VACINA,TRÊS VACINA
03-04-2024_16-06-59_p0023_s266_b4_CONV--ZED-RGB.mpeg,266,DOSE ÁLCOOL,DOSE ÁLCOOL
13-03-2024_16-13-55_p0014_sP24.3_b4_CONV--zed-rgb.mpeg,P24.3,QUANTOS BEBIDA,QUANTOS BEBIDA
22-02-2024_15-24-57_p0014_s166_b3_CONV--zed-rgb.mpeg,166,SUBIR-ESCADA CORPO PIOR,SUBIR-ESCADA CORPO PIOR
05-06-2024_10-02-35_p0036_s225_b4_CONV--ZED-RGB.mpeg,225,ARRITMIA,ARRITMIA
18-03-2024_11-12-10_p0013_s214_b4_CONV--ZED-RGB.mpeg,214,FEZES-LÍQUIDAS BRILHANTE,FEZES-LÍQUIDAS BRILHANTE
18-06-2024_15-00-03_p0028_s96_b2_CONV--ZED-RGB.mpeg,96,DOR MEIO-BARRIGA,DOR MEIO-BARRIGA
03-05-2024_14-28-09_p0027_s148.24_b2_CONV--ZED-RGB.mpeg,148.24,X,X
28-02-2024_16-30-47_p0011_sP06.5_b2_CONV--zed-rgb.mpeg,P6.5,DOR IGUAL FINCADA,DOR IGUAL FINCADA
13-03-2024_15-53-04_p0014_s226_b4_CONV--zed-rgb.mpeg,226,PRESSÃO ALTO,PRESSÃO ALTO
27-03-2024_15-39-32_p0015_s148.18_b2_CONV--ZED-RGB.mpeg,148.18,R,R
16-04-2024_15-20-23_p0016_s160_b3_CONV--ZED-RGB.mpeg,160,PLANO ANDAR CORPO PIOR,PLANO ANDAR CORPO PIOR
21-02-2024_16-10-39_p0016_s150_b2_CONV--zed-rgb.mpeg,150,ENTENDER,ENTENDER
15-05-2024_15-30-26_p0032_s98_b2_CONV--ZED-RGB.mpeg,98,DOR BEXIGA,DOR BEXIGA
22-02-2024_16-06-30_p0014_s243_b3_CONV--zed-rgb.mpeg,243,NÃO TRAZER RECEITA REMÉDIO NENHUM,NÃO TRAZER RECEITA REMÉDIO NENHUM
18-06-2024_15-26-01_p0028_s136_b2_CONV--ZED-RGB.mpeg,136,ANDAR,ANDAR
29-02-2024_14-03-03_p0010_s41_b1_CONV--zed-rgb.mpeg,41,GATO MORDER,GATO MORDER
25-03-2024_16-26-47_p0020_s126_b2_CONV--ZED-RGB.mpeg,126,BEBER ÁLCOOL,BEBER ÁLCOOL
23-04-2024_15-21-56_p0026_s46_b1_CONV--ZED-RGB.mpeg,46,PROBLEMA OUVIDOS,PROBLEMA OUVIDOS
03-05-2024_14-18-00_p0027_s135_b2_CONV--ZED-RGB.mpeg,135,ENGOLIR,ENGOLIR
23-05-2024_15-21-55_p0035_sP17.3_b3_CONV--ZED-RGB.mpeg,P17.3,VOCÊ JÁ VACINAR GRIPE,VOCÊ JÁ VACINAR GRIPE
27-05-2024_16-00-00_p0032_s197_b3_CONV--ZED-RGB.mpeg,197,CATARRO COLA CLARO,CATARRO COLA CLARO
26-03-2024_15-46-42_p0022_s205_b3_CONV--ZED-RGB.mpeg,205,TRÊS VACINA,TRÊS VACINA
30-01-2024_14-27-42_p12_s96--zed-rgb.mpeg,96,DOR MEIO-BARRIGA,DOR MEIO-BARRIGA
20-05-2024_11-50-16_p0034_s64_b1_CONV--ZED-RGB.mpeg,64,QUASE CABEÇA-SAIR NASCER,QUASE CABEÇA-SAIR NASCER
09-05-2024_14-39-22_p0033_sP06.6_b2_CONV--ZED-RGB.mpeg,P6.6,DOR IGUAL SENTIR CHOQUE,DOR IGUAL SENTIR CHOQUE
29-04-2024_11-59-31_p0029_s148.12_b2_CONV--ZED-RGB.mpeg,148.12,L,L
22-02-2024_13-23-43_p0018_s21_b1_CONV--zed-rgb.mpeg,21,EVACUAR-ESPALHAR,EVACUAR-ESPALHAR
24-04-2024_16-05-01_p0027_s201_b3_CONV--ZED-RGB.mpeg,201,CATARRO COLA VERMELHO,CATARRO COLA VERMELHO
13-03-2024_15-42-42_p0014_s214_b4_CONV--zed-rgb.mpeg,214,FEZES-LÍQUIDAS BRILHANTE,FEZES-LÍQUIDAS BRILHANTE
30-01-2024_15-06-53_p12_s148.20--zed-rgb.mpeg,148.20,T,T
26-03-2024_15-51-21_p0022_sP21.2_b3_CONV--ZED-RGB.mpeg,P21.2,USAR REMÉDIO,USAR REMÉDIO
11-06-2024_14-27-22_p0035_s135_b2_CONV--ZED-RGB.mpeg,135,ENGOLIR,ENGOLIR
17-06-2024_14-56-26_p0019_s96_b2_CONV--ZED-RGB.mpeg,96,DOR MEIO-BARRIGA,DOR MEIO-BARRIGA
16-07-2024_17-00-28_p0039_s282_b4_CONV--ZED-RGB.mpeg,282,UM COPO CHEIO TODO-DIA,UM COPO CHEIO TODO-DIA
22-01-2024_16-40-58_p9_s170.8--zed-rgb.mpeg,170.8,8,8
20-05-2024_15-29-08_p0023_s101_b2_CONV--ZED-RGB.mpeg,101,DOR OMBROS,DOR OMBROS
16-07-2024_16-52-41_p0039_s266_b4_CONV--ZED-RGB.mpeg,266,DOSE ÁLCOOL,DOSE ÁLCOOL
25-03-2024_16-44-55_p0020_s154_b2_CONV--ZED-RGB.mpeg,154,PARAR,PARAR
24-07-2024_14-25-18_p0041_s45_b1_CONV--ZED-RGB.mpeg,45,PROBLEMA OLHOS,PROBLEMA OLHOS
18-06-2024_16-09-17_p0028_s212_b4_CONV--ZED-RGB.mpeg,212,FEZES-LÍQUIDAS,FEZES-LÍQUIDAS
23-04-2024_15-13-29_p0026_s27_b1_CONV--ZED-RGB.mpeg,27,CATARRO GRIPE,CATARRO GRIPE
02-04-2024_15-42-33_p0021_sP15.1_b3_CONV--ZED-RGB.mpeg,P15.1,TER TOSSE,TER TOSSE
24-04-2024_16-01-53_p0027_s196_b3_CONV--ZED-RGB.mpeg,196,TOSSE CATARRO COLA,TOSSE CATARRO COLA
27-05-2024_17-00-41_p0032_s70_b1_CONV--ZED-RGB.mpeg,70,1-HORA,1-HORA
02-05-2024_15-05-28_p0026_s182_b3_CONV--ZED-RGB.mpeg,182,QUEIXO DOR ESPALHAR,QUEIXO DOR ESPALHAR
07-05-2024_14-10-15_p0027_s215_b4_CONV--ZED-RGB.mpeg,215,FEZES-LÍQUIDAS BORBULHAR,FEZES-LÍQUIDAS BORBULHAR
27-03-2024_15-21-17_p0015_s119_b2_CONV--ZED-RGB.mpeg,119,SENTIR MAL,SENTIR MAL
18-03-2024_15-15-12_p0020_s8_b1_CONV--ZED-RGB.mpeg,8,DOR COSTAS,DOR COSTAS
29-04-2024_12-02-07_p0029_s148.22_b2_CONV--ZED-RGB.mpeg,148.22,V,V
28-06-2024_15-04-33_p0035_s209_b4_CONV--ZED-RGB.mpeg,209,NENHUM VONTADE NADA VOMITAR,NENHUM VONTADE NADA VOMITAR
25-03-2024_16-42-19_p0020_s148.22_b2_CONV--ZED-RGB.mpeg,148.22,V,V
06-05-2024_15-29-49_p0032_s230_b4_CONV--ZED-RGB.mpeg,230,DEPRESSÃO,DEPRESSÃO
22-04-2024_09-33-16_p0025_s191_b3_CONV--ZED-RGB.mpeg,191,MOMENTO APERTAR-BRAÇO DOR PIORAR NÃO,MOMENTO APERTAR-BRAÇO DOR PIORAR NÃO
11-06-2024_14-40-33_p0035_s148.19_b2_CONV--ZED-RGB.mpeg,148.19,S,S
20-05-2024_11-29-51_p0034_s23_b1_CONV--ZED-RGB.mpeg,23,TONTURA-ENJOO,TONTURA-ENJOO
03-05-2024_08-58-35_p0030_s78_b1_CONV--ZED-RGB.mpeg,78,CALADO DEITADO,CALADO DEITADO
26-04-2024_14-51-15_p0028_s38_b1_CONV--ZED-RGB.mpeg,38,TENTAR SUICIDAR,TENTAR SUICIDAR
07-05-2024_14-26-04_p0027_s254_b4_CONV--ZED-RGB.mpeg,254,ALERGIA COMER CATEGORIA ÁGUA-MAR,ALERGIA COMER CATEGORIA ÁGUA-MAR
26-02-2024_16-18-15_p0019_s277_b4_CONV--zed-rgb.mpeg,277,DOIS GARRAFAS DUAS-VEZES SEMANA,DOIS GARRAFAS DUAS-VEZES SEMANA
11-05-2024_09-27-01_p0034_sP09.4_b3_CONV--ZED-RGB.mpeg,P9.4,TOMAR-BANHO FÍSICO PIOR,TOMAR-BANHO FÍSICO PIOR
19-06-2024_16-37-35_p0023_s46_b1_CONV--ZED-RGB.mpeg,46,PROBLEMA OUVIDOS,PROBLEMA OUVIDOS
13-03-2024_15-58-23_p0014_s240_b4_CONV--zed-rgb.mpeg,240,VÍCIO FUMAR,VÍCIO FUMAR
11-05-2024_10-00-35_p0034_s194_b3_CONV--ZED-RGB.mpeg,194,TOSSE SECO,TOSSE SECO
07-05-2024_15-17-14_p0027_s70_b1_CONV--ZED-RGB.mpeg,70,1-HORA,1-HORA
24-01-2024_17-28-03_p10_sP23.2--zed-rgb.mpeg,P23.2,TOTAL TEMPO QUANTO,TOTAL TEMPO QUANTO
30-04-2024_13-45-21_p0024_s148.7_b2_CONV--ZED-RGB.mpeg,148.7,G,G
13-05-2024_16-13-19_p0028_s186_b3_CONV--ZED-RGB.mpeg,186,COSTAS DOR ESPALHAR,COSTAS DOR ESPALHAR
18-04-2024_10-07-30_p0025_s1_b1_CONV--ZED-RGB.mpeg,1,CONFUSÃO-MENTAL PERCEPÇÃO ESQUECER,CONFUSÃO-MENTAL PERCEPÇÃO ESQUECER
26-08-2024_15-22-19_p0019_s20_b1_CONV--ZED-RGB.mp4,20,TONTURA CAIR-PESSOA,TONTURA CAIR-PESSOA
22-01-2024_17-39-30_p9_s241--zed-rgb.mpeg,241,TRAZER RECEITA REMÉDIO,TRAZER RECEITA REMÉDIO
15-05-2024_16-44-15_p0032_s148.11_b2_CONV--ZED-RGB.mpeg,148.11,K,K
08-04-2024_16-19-34_p0021_s157_b2_CONV--ZED-RGB.mpeg,157,CONTINUAR,CONTINUAR
11-06-2024_14-01-49_p0035_s96_b2_CONV--ZED-RGB.mpeg,96,DOR MEIO-BARRIGA,DOR MEIO-BARRIGA
27-03-2024_15-25-21_p0015_s126_b2_CONV--ZED-RGB.mpeg,126,BEBER ÁLCOOL,BEBER ÁLCOOL
15-05-2024_16-41-35_p0032_s148.5_b2_CONV--ZED-RGB.mpeg,148.5,E,E
18-04-2024_15-45-58_p0026_s148.3_b2_CONV--ZED-RGB.mpeg,148.3,C,C
06-05-2024_16-05-31_p0032_s272_b4_CONV--ZED-RGB.mpeg,272,UM LATA TODO-DIA,UM LATA TODO-DIA
20-05-2024_11-41-08_p0034_s46_b1_CONV--ZED-RGB.mpeg,46,PROBLEMA OUVIDOS,PROBLEMA OUVIDOS
21-02-2024_15-17-16_p0016_s86_b2_CONV--zed-rgb.mpeg,86,UM MÊS,UM MÊS
24-07-2024_14-09-17_p0041_s6_b1_CONV--ZED-RGB.mpeg,6,DOR PESCOÇO,DOR PESCOÇO
08-05-2024_09-37-05_p0030_s102_b2_CONV--ZED-RGB.mpeg,102,DOR BRAÇO-DIREITO BRAÇO-ESQUERDO,DOR BRAÇO-DIREITO BRAÇO-ESQUERDO
16-07-2024_16-28-25_p0039_s225_b4_CONV--ZED-RGB.mpeg,225,ARRITMIA,ARRITMIA
18-06-2024_16-30-17_p0028_s233_b4_CONV--ZED-RGB.mpeg,233,A-V-C,A-V-C
20-05-2024_12-31-00_p0034_s265_b4_CONV--ZED-RGB.mpeg,265,VINHO,VINHO
18-06-2024_16-52-43_p0028_s270_b4_CONV--ZED-RGB.mpeg,270,G-I-N,G-I-N
19-03-2024_15-41-42_p0022_s148.8_b2_CONV--ZED-RGB.mpeg,148.8,H,H
12-06-2024_10-28-18_p0036_s148.18_b2_CONV--ZED-RGB.mpeg,148.18,R,R
16-07-2024_16-15-11_p0039_sP18.2_b4_CONV--ZED-RGB.mpeg,P18.2,VOCÊ FEZES MOLE,VOCÊ FEZES MOLE
11-06-2024_14-18-54_p0035_s119_b2_CONV--ZED-RGB.mpeg,119,SENTIR MAL,SENTIR MAL
22-02-2024_10-57-38_p0017_s170.9_b3_CONV--zed-rgb.mpeg,170.9,9,9
18-04-2024_10-23-45_p0025_s41_b1_CONV--ZED-RGB.mpeg,41,GATO MORDER,GATO MORDER
05-06-2024_10-06-54_p0036_s234_b4_CONV--ZED-RGB.mpeg,234,TOSSIR CATARRO VERMELHO,TOSSIR CATARRO VERMELHO
13-05-2024_16-37-51_p0028_s243_b3_CONV--ZED-RGB.mpeg,243,NÃO TRAZER RECEITA REMÉDIO NENHUM,NÃO TRAZER RECEITA REMÉDIO NENHUM
18-04-2024_15-52-55_p0026_s151_b2_CONV--ZED-RGB.mpeg,151,OBRIGADO,OBRIGADO
02-04-2024_15-46-18_p0021_s198_b3_CONV--ZED-RGB.mpeg,198,CATARRO COLA BRANCO,CATARRO COLA BRANCO
31-01-2024_14-50-14_p13_s170.1--zed-rgb.mpeg,170.1,1,1
08-04-2024_16-46-52_p0021_s41_b1_CONV--ZED-RGB.mpeg,41,GATO MORDER,GATO MORDER
26-03-2024_16-21-52_p0022_s247_b4_CONV--ZED-RGB.mpeg,247,ALERGIA FLOR PÓLEN,ALERGIA FLOR PÓLEN
22-02-2024_14-37-13_p0018_s148.22_b2_CONV--zed-rgb.mpeg,148.22,V,V
22-02-2024_13-19-35_p0018_s5_b1_CONV--zed-rgb.mpeg,5,CABEÇA DOR,CABEÇA DOR
10-05-2024_10-02-16_p0030_s267_b4_CONV--ZED-RGB.mpeg,267,VODCA,VODCA
27-05-2024_16-36-01_p0032_s16_b1_CONV--ZED-RGB.mpeg,16,RESPIRAR FALTAR,RESPIRAR FALTAR
27-05-2024_15-34-35_p0032_s174_b3_CONV--ZED-RGB.mpeg,174,TRÊS-VEZES DIA,TRÊS-VEZES DIA
24-05-2024_18-41-42_p0031_s108_b2_CONV--ZED-RGB.mpeg,108,DOR LEVE,DOR LEVE
23-05-2024_14-41-10_p0035_sP09.3_b3_CONV--ZED-RGB.mpeg,P9.3,PLANO ANDAR FÍSICO PIOR,PLANO ANDAR FÍSICO PIOR
29-04-2024_17-06-34_p0024_s79_b1_CONV--ZED-RGB.mpeg,79,SENTADO,SENTADO
10-05-2024_16-28-34_p0033_s15_b1_CONV--ZED-RGB.mpeg,15,DOR PÉ P-E,DOR PÉ P-E
20-05-2024_11-58-05_p0034_s80_b1_CONV--ZED-RGB.mpeg,80,SENTADO EM-PÉ,SENTADO EM-PÉ
10-05-2024_15-13-34_p0033_sP18.5_b4_CONV--ZED-RGB.mpeg,P18.5,VOCÊ BARRIGA DOR ENTÃO,VOCÊ BARRIGA DOR ENTÃO
08-05-2024_09-41-34_p0030_s113_b2_CONV--ZED-RGB.mpeg,113,DOR PONTADA,DOR PONTADA
26-08-2024_15-36-31_p0019_s53_b1_CONV--ZED-RGB.mp4,53,XIXI VERMELHO,XIXI VERMELHO
11-06-2024_14-28-32_p0035_s138_b2_CONV--ZED-RGB.mpeg,138,APERTAR,APERTAR
22-04-2024_09-43-52_p0025_s204_b3_CONV--ZED-RGB.mpeg,204,DOIS VACINA,DOIS VACINA
11-05-2024_09-59-49_p0034_sP15.1_b3_CONV--ZED-RGB.mpeg,P15.1,TER TOSSE,TER TOSSE
31-01-2024_14-40-08_p13_s163--zed-rgb.mpeg,163,TOMAR-BANHO CORPO PIOR NÃO,TOMAR-BANHO CORPO PIOR NÃO
07-05-2024_15-15-17_p0027_s65_b1_CONV--ZED-RGB.mpeg,65,NASCER VIVO,NASCER VIVO
18-06-2024_15-10-04_p0028_sP06.4_b2_CONV--ZED-RGB.mpeg,P6.4,DOR IGUAL QUEIMAR,DOR IGUAL QUEIMAR
08-05-2024_16-21-41_p0033_s204_b3_CONV--ZED-RGB.mpeg,204,DOIS VACINA,DOIS VACINA
27-03-2024_15-36-40_p0015_s148.8_b2_CONV--ZED-RGB.mpeg,148.8,H,H
10-05-2024_16-33-49_p0033_s28_b1_CONV--ZED-RGB.mpeg,28,NARIZ-LADOS FECHAR,NARIZ-LADOS FECHAR
08-04-2024_16-59-12_p0021_s68_b1_CONV--ZED-RGB.mpeg,68,15 MINUTO,15 MINUTO
03-05-2024_18-37-20_p0031_s170.10_b3_CONV--ZED-RGB.mpeg,170.10,10,10
15-05-2024_16-45-52_p0032_s148.15_b2_CONV--ZED-RGB.mpeg,148.15,O,O
08-04-2024_16-30-18_p0021_s3_b1_CONV--ZED-RGB.mpeg,3,MUDAR COMPORTAMENTO,MUDAR COMPORTAMENTO
13-03-2024_15-54-15_p0014_s229_b4_CONV--zed-rgb.mpeg,229,CÂNCER,CÂNCER
16-07-2024_16-45-41_p0039_s261_b4_CONV--ZED-RGB.mpeg,261,UM ANO,UM ANO
26-04-2024_14-59-52_p0028_s55_b1_CONV--ZED-RGB.mpeg,55,VERMELHO NARIZ-SANGRAR GRIPE,VERMELHO NARIZ-SANGRAR GRIPE
03-05-2024_14-15-19_p0027_s125_b2_CONV--ZED-RGB.mpeg,125,COMER CATEGORIA ÁCIDO MAIS APIMENTADO,COMER CATEGORIA ÁCIDO MAIS APIMENTADO
02-04-2024_15-50-40_p0021_sP17.1_b3_CONV--ZED-RGB.mpeg,P17.1,VOCÊ JÁ VACINAR COVID-19,VOCÊ JÁ VACINAR COVID-19
22-02-2024_14-13-13_p0018_sP06.3_b2_CONV--zed-rgb.mpeg,P6.3,DOR IGUAL PESO,DOR IGUAL PESO
18-04-2024_10-36-16_p0025_s70_b1_CONV--ZED-RGB.mpeg,70,1-HORA,1-HORA
07-03-2024_14-14-52_p0010_s148.24_b2_CONV--zed-rgb.mpeg,148.24,X,X
17-06-2024_15-13-56_p0019_s119_b2_CONV--ZED-RGB.mpeg,119,SENTIR MAL,SENTIR MAL
26-02-2024_16-08-26_p0019_sP24.2_b4_CONV--zed-rgb.mpeg,P24.2,BEBIDA QUAL,BEBIDA QUAL
29-04-2024_16-54-16_p0024_s54_b1_CONV--ZED-RGB.mpeg,54,VERMELHO SANGRAR-BOCA,VERMELHO SANGRAR-BOCA
27-05-2024_16-44-58_p0032_s35_b1_CONV--ZED-RGB.mpeg,35,ARREPIAR FRIO,ARREPIAR FRIO
18-03-2024_11-20-31_p0013_s228_b4_CONV--ZED-RGB.mpeg,228,AIDS,AIDS
12-06-2024_16-52-12_p0038_s193_b3_CONV--ZED-RGB.mpeg,193,FICAR-EM-PÉ SENTAR DEITAR DOR PIORAR NÃO,FICAR-EM-PÉ SENTAR DEITAR DOR PIORAR NÃO
24-05-2024_18-38-35_p0031_s100_b2_CONV--ZED-RGB.mpeg,100,DOR VIRILHA,DOR VIRILHA
06-05-2024_15-54-53_p0032_s257_b4_CONV--ZED-RGB.mpeg,257,ALERGIA REMÉDIO NÃO-TER,ALERGIA REMÉDIO NÃO-TER
21-02-2024_16-06-34_p0016_s148.10_b2_CONV--zed-rgb.mpeg,148.10,J,J
09-05-2024_14-32-20_p0033_s111_b2_CONV--ZED-RGB.mpeg,111,DOR PESO,DOR PESO
20-05-2024_15-57-41_p0023_s143_b2_CONV--ZED-RGB.mpeg,143,DEITAR,DEITAR
27-03-2024_16-26-59_p0015_s70_b1_CONV--ZED-RGB.mpeg,70,1-HORA,1-HORA
16-05-2024_15-07-59_p0034_s148.12_b2_CONV--ZED-RGB.mpeg,148.12,L,L
09-05-2024_14-48-38_p0033_s128_b2_CONV--ZED-RGB.mpeg,128,LOCAIS BARULHO,LOCAIS BARULHO
09-05-2024_15-00-47_p0033_s145_b2_CONV--ZED-RGB.mpeg,145,ÁGUA QUENTE COLOCAR-BRAÇO,ÁGUA QUENTE COLOCAR-BRAÇO
08-05-2024_16-17-13_p0033_s200_b3_CONV--ZED-RGB.mpeg,200,CATARRO COLA VERDE,CATARRO COLA VERDE
02-05-2024_15-21-42_p0026_s203_b3_CONV--ZED-RGB.mpeg,203,NÃO VACINAR COVID-19,NÃO VACINAR COVID-19
09-05-2024_15-09-42_p0033_s148.12_b2_CONV--ZED-RGB.mpeg,148.12,L,L
10-05-2024_08-56-19_p0030_s191_b3_CONV--ZED-RGB.mpeg,191,MOMENTO APERTAR-BRAÇO DOR PIORAR NÃO,MOMENTO APERTAR-BRAÇO DOR PIORAR NÃO
08-06-2024_10-34-45_p0031_s43_b1_CONV--ZED-RGB.mpeg,43,ESCORPIÃO PICAR,ESCORPIÃO PICAR
28-02-2024_16-51-01_p0011_s144_b2_CONV--zed-rgb.mpeg,144,ÁGUA FRIO COLOCAR-BRAÇO,ÁGUA FRIO COLOCAR-BRAÇO
22-04-2024_09-38-19_p0025_s195_b3_CONV--ZED-RGB.mpeg,195,CATARRO COLA NENHUM,CATARRO COLA NENHUM
27-05-2024_16-56-09_p0032_s60_b1_CONV--ZED-RGB.mpeg,60,AGREDIR,AGREDIR
02-05-2024_15-06-18_p0026_s184_b3_CONV--ZED-RGB.mpeg,184,DOR BRAÇO-ESPALHAR,DOR BRAÇO-ESPALHAR
27-05-2024_16-50-34_p0032_s46_b1_CONV--ZED-RGB.mpeg,46,PROBLEMA OUVIDOS,PROBLEMA OUVIDOS
08-04-2024_16-07-03_p0021_s148.6_b2_CONV--ZED-RGB.mpeg,148.6,F,F
11-06-2024_13-54-01_p0035_s85_b2_CONV--ZED-RGB.mpeg,85,UM SEMANA,UM SEMANA
18-04-2024_10-10-47_p0025_s9_b1_CONV--ZED-RGB.mpeg,9,DOR LOMBAR,DOR LOMBAR
22-02-2024_11-43-29_p0017_s233_b4_CONV--zed-rgb.mpeg,233,A-V-C,A-V-C
03-04-2024_15-59-27_p0023_s256_b4_CONV--ZED-RGB.mpeg,256,ALERGIA AMENDOIM,ALERGIA AMENDOIM
19-06-2024_10-29-28_p0036_s79_b1_CONV--ZED-RGB.mpeg,79,SENTADO,SENTADO
10-05-2024_16-51-45_p0033_s76_b1_CONV--ZED-RGB.mpeg,76,LIMPAR CASA,LIMPAR CASA
25-03-2024_16-40-05_p0020_s148.14_b2_CONV--ZED-RGB.mpeg,148.14,N,N
29-04-2024_11-29-41_p0029_s91_b2_CONV--ZED-RGB.mpeg,91,DOR LADO-CABEÇA LADO-CABEÇA,DOR LADO-CABEÇA LADO-CABEÇA
28-06-2024_14-34-18_p0035_s67_b1_CONV--ZED-RGB.mpeg,67,VOMITAR TER VERMELHO,VOMITAR TER VERMELHO
12-03-2024_10-23-56_p0021_s223_b4_CONV--zed-rgb.mpeg,223,DIABETES,DIABETES
27-03-2024_16-24-35_p0015_s64_b1_CONV--ZED-RGB.mpeg,64,QUASE CABEÇA-SAIR NASCER,QUASE CABEÇA-SAIR NASCER
08-06-2024_10-51-08_p0031_s77_b1_CONV--ZED-RGB.mpeg,77,EXERCÍCIO-FÍSICO,EXERCÍCIO-FÍSICO
17-07-2024_14-25-46_p0041_s114_b2_CONV--ZED-RGB.mpeg,114,DOR CHOQUE,DOR CHOQUE
09-05-2024_14-56-22_p0033_s140_b2_CONV--ZED-RGB.mpeg,140,PERNAS MEXER-PERNAS,PERNAS MEXER-PERNAS
24-07-2024_14-33-41_p0041_s66_b1_CONV--ZED-RGB.mpeg,66,VAGINA VERMELHO SANGRAR,VAGINA VERMELHO SANGRAR
20-05-2024_15-51-18_p0023_s136_b2_CONV--ZED-RGB.mpeg,136,ANDAR,ANDAR
10-05-2024_15-49-57_p0033_s270_b4_CONV--ZED-RGB.mpeg,270,G-I-N,G-I-N
02-04-2024_15-46-41_p0021_s199_b3_CONV--ZED-RGB.mpeg,199,CATARRO COLA AMARELO,CATARRO COLA AMARELO
08-04-2024_16-16-53_p0021_s149_b2_CONV--ZED-RGB.mpeg,149,DEVAGAR,DEVAGAR
10-05-2024_16-49-59_p0033_s70_b1_CONV--ZED-RGB.mpeg,70,1-HORA,1-HORA
16-05-2024_14-26-24_p0034_s93_b2_CONV--ZED-RGB.mpeg,93,DOR NUCA,DOR NUCA
25-03-2024_16-43-02_p0020_s148.25_b2_CONV--ZED-RGB.mpeg,148.25,Y,Y
16-07-2024_16-27-56_p0039_s224_b4_CONV--ZED-RGB.mpeg,224,INFARTO,INFARTO
18-06-2024_15-41-58_p0028_s148.24_b2_CONV--ZED-RGB.mpeg,148.24,X,X
17-07-2024_14-50-50_p0041_s148.15_b2_CONV--ZED-RGB.mpeg,148.15,O,O
08-05-2024_09-42-33_p0030_s116_b2_CONV--ZED-RGB.mpeg,116,DOR APERTAR PONTADA,DOR APERTAR PONTADA
27-05-2024_15-50-14_p0032_s190_b3_CONV--ZED-RGB.mpeg,190,SIM APERTAR-BRAÇO DOER,SIM APERTAR-BRAÇO DOER
22-04-2024_09-45-14_p0025_s207_b3_CONV--ZED-RGB.mpeg,207,NÃO VACINAR GRIPE,NÃO VACINAR GRIPE
28-02-2024_17-04-32_p0011_s155_b2_CONV--zed-rgb.mpeg,155,PARAR,PARAR
26-03-2024_16-09-25_p0022_s220_b4_CONV--ZED-RGB.mpeg,220,TER M-U-C-O COLA,TER M-U-C-O COLA
29-04-2024_16-02-32_p0024_s201_b3_CONV--ZED-RGB.mpeg,201,CATARRO COLA VERMELHO,CATARRO COLA VERMELHO
18-04-2024_10-29-04_p0025_s54_b1_CONV--ZED-RGB.mpeg,54,VERMELHO SANGRAR-BOCA,VERMELHO SANGRAR-BOCA
05-06-2024_09-47-36_p0036_s213_b4_CONV--ZED-RGB.mpeg,213,CLARO,CLARO
03-05-2024_08-40-58_p0030_s38_b1_CONV--ZED-RGB.mpeg,38,TENTAR SUICIDAR,TENTAR SUICIDAR
18-03-2024_15-46-41_p0020_s80_b1_CONV--ZED-RGB.mpeg,80,SENTADO EM-PÉ,SENTADO EM-PÉ
22-02-2024_13-40-35_p0018_s52_b1_CONV--zed-rgb.mpeg,52,XIXI ESPUMAR,XIXI ESPUMAR
20-05-2024_15-12-53_p0023_s82_b2_CONV--ZED-RGB.mpeg,82,SEIS HORAS,SEIS HORAS
25-03-2024_16-44-07_p0020_s151_b2_CONV--ZED-RGB.mpeg,151,OBRIGADO,OBRIGADO
15-05-2024_16-54-27_p0032_s155_b2_CONV--ZED-RGB.mpeg,155,PARAR,PARAR
19-06-2024_09-58-16_p0036_s20_b1_CONV--ZED-RGB.mpeg,20,TONTURA CAIR-PESSOA,TONTURA CAIR-PESSOA
18-06-2024_15-07-44_p0028_s113_b2_CONV--ZED-RGB.mpeg,113,DOR PONTADA,DOR PONTADA
27-03-2024_15-38-55_p0015_s148.16_b2_CONV--ZED-RGB.mpeg,148.16,P,P
06-05-2024_15-33-47_p0032_s237_b4_CONV--ZED-RGB.mpeg,237,RINS FRACO,RINS FRACO
28-02-2024_17-03-13_p0011_s152_b2_CONV--zed-rgb.mpeg,152,OBRIGADO,OBRIGADO
09-05-2024_14-44-18_p0033_s123_b2_CONV--ZED-RGB.mpeg,123,ZUMBIDO OUVIDO,ZUMBIDO OUVIDO
17-07-2024_14-46-48_p0041_s148.4_b2_CONV--ZED-RGB.mpeg,148.4,D,D
18-04-2024_15-35-52_p0026_s124_b2_CONV--ZED-RGB.mpeg,124,GASES,GASES
21-02-2024_11-49-30_p0013_s47_b1_CONV--zed-rgb.mpeg,47,XIXI SENTIR IGUAL QUENTE,XIXI SENTIR IGUAL QUENTE
22-02-2024_14-36-46_p0018_s148.20_b2_CONV--zed-rgb.mpeg,148.20,T,T
28-06-2024_14-10-48_p0035_s13_b1_CONV--ZED-RGB.mpeg,13,DOR PERNA,DOR PERNA
08-06-2024_10-39-04_p0031_s54_b1_CONV--ZED-RGB.mpeg,54,VERMELHO SANGRAR-BOCA,VERMELHO SANGRAR-BOCA
19-06-2024_16-33-43_p0023_s39_b1_CONV--ZED-RGB.mpeg,39,MORDER,MORDER
03-05-2024_19-00-15_p0031_s200_b3_CONV--ZED-RGB.mpeg,200,CATARRO COLA VERDE,CATARRO COLA VERDE
19-06-2024_10-03-34_p0036_s32_b1_CONV--ZED-RGB.mpeg,32,MANCHAS-PELE VERMELHO,MANCHAS-PELE VERMELHO
22-02-2024_13-48-35_p0018_s69_b1_CONV--zed-rgb.mpeg,69,30 MINUTO,30 MINUTO
13-03-2024_16-17-37_p0014_s280_b4_CONV--zed-rgb.mpeg,280,TAÇA TOMAR VINHO UMA-VEZ SEMANA,TAÇA TOMAR VINHO UMA-VEZ SEMANA
15-05-2024_16-14-00_p0032_s142_b2_CONV--ZED-RGB.mpeg,142,MOVIMENTAR-CORPO DOR PIORAR,MOVIMENTAR-CORPO DOR PIORAR
29-04-2024_11-30-53_p0029_s95_b2_CONV--ZED-RGB.mpeg,95,DOR OLHOS,DOR OLHOS
08-04-2024_15-48-26_p0021_s121_b2_CONV--ZED-RGB.mpeg,121,VER MANCHAS,VER MANCHAS
07-05-2024_15-18-50_p0027_s74_b1_CONV--ZED-RGB.mpeg,74,BEBER,BEBER
18-06-2024_15-26-23_p0028_s137_b2_CONV--ZED-RGB.mpeg,137,ESTRESSE,ESTRESSE
23-04-2024_14-59-30_p0026_s5_b1_CONV--ZED-RGB.mpeg,5,CABEÇA DOR,CABEÇA DOR
13-03-2024_15-17-18_p0014_s135_b2_CONV--zed-rgb.mpeg,135,ENGOLIR,ENGOLIR
19-06-2024_09-54-13_p0036_s12_b1_CONV--ZED-RGB.mpeg,12,DOR BRAÇO,DOR BRAÇO
29-04-2024_15-45-56_p0024_s181_b3_CONV--ZED-RGB.mpeg,181,PESCOÇO DOR ESPALHAR,PESCOÇO DOR ESPALHAR
08-04-2024_15-35-39_p0021_s99_b2_CONV--ZED-RGB.mpeg,99,DOR BAIXO-VENTRE,DOR BAIXO-VENTRE
27-03-2024_15-26-25_p0015_s128_b2_CONV--ZED-RGB.mpeg,128,LOCAIS BARULHO,LOCAIS BARULHO
20-05-2024_16-08-13_p0023_s148.22_b2_CONV--ZED-RGB.mpeg,148.22,V,V
05-06-2024_15-32-22_p0037_sP24.2_b4_CONV--ZED-RGB.mpeg,P24.2,BEBIDA QUAL,BEBIDA QUAL
24-01-2024_17-10-56_p10_s229--zed-rgb.mpeg,229,CÂNCER,CÂNCER
21-02-2024_15-16-49_p0016_s84_b2_CONV--zed-rgb.mpeg,84,TRÊS-DIAS,TRÊS-DIAS
12-03-2024_14-34-51_p0022_s48_b1_CONV--zed-rgb.mpeg,48,XIXI VAZAR,XIXI VAZAR
29-04-2024_12-03-49_p0029_s150_b2_CONV--ZED-RGB.mpeg,150,ENTENDER,ENTENDER
08-04-2024_15-36-04_p0021_s100_b2_CONV--ZED-RGB.mpeg,100,DOR VIRILHA,DOR VIRILHA
19-03-2024_15-54-09_p0022_s155_b2_CONV--ZED-RGB.mpeg,155,PARAR,PARAR
24-05-2024_19-15-20_p0031_s154_b2_CONV--ZED-RGB.mpeg,154,PARAR,PARAR
19-07-2024_15-53-15_p0040_s76_b1_CONV--ZED-RGB.mpeg,76,LIMPAR CASA,LIMPAR CASA
26-02-2024_16-05-52_p0019_s261_b4_CONV--zed-rgb.mpeg,261,UM ANO,UM ANO
26-02-2024_16-03-43_p0019_sP22.3_b4_CONV--zed-rgb.mpeg,P22.3,QUAL MEDICAMENTO,QUAL MEDICAMENTO
15-05-2024_16-24-07_p0032_s147_b2_CONV--ZED-RGB.mpeg,147,JEJUM,JEJUM
07-03-2024_14-11-02_p0010_s148.8_b2_CONV--zed-rgb.mpeg,148.8,H,H
18-04-2024_15-25-31_p0026_s96_b2_CONV--ZED-RGB.mpeg,96,DOR MEIO-BARRIGA,DOR MEIO-BARRIGA
30-01-2024_11-15-09_p11_s45--zed-rgb.mpeg,45,PROBLEMA OLHOS,PROBLEMA OLHOS
07-03-2024_13-51-03_p0010_s108_b2_CONV--zed-rgb.mpeg,108,DOR LEVE,DOR LEVE
03-05-2024_14-06-36_p0027_s103_b2_CONV--ZED-RGB.mpeg,103,DOR JOELHO-DIREITO JOELHO-ESQUERDO,DOR JOELHO-DIREITO JOELHO-ESQUERDO
28-06-2024_15-16-54_p0035_s228_b4_CONV--ZED-RGB.mpeg,228,AIDS,AIDS
08-05-2024_10-05-59_p0030_s157_b2_CONV--ZED-RGB.mpeg,157,CONTINUAR,CONTINUAR
20-03-2024_15-11-58_p0015_s182_b3_CONV--ZED-RGB.mpeg,182,QUEIXO DOR ESPALHAR,QUEIXO DOR ESPALHAR
18-06-2024_15-06-17_p0028_s110_b2_CONV--ZED-RGB.mpeg,110,DOR APERTAR,DOR APERTAR
03-05-2024_14-00-14_p0027_s83_b2_CONV--ZED-RGB.mpeg,83,UM-DIA,UM-DIA
02-04-2024_15-23-06_p0021_s172_b3_CONV--ZED-RGB.mpeg,172,VÁRIAS-VEZES,VÁRIAS-VEZES
12-03-2024_14-41-25_p0022_s62_b1_CONV--zed-rgb.mpeg,62,MATERIAL GRUPO CORTAR TAMBÉM OBJETO-FINO-LONGO FINCAR,MATERIAL GRUPO CORTAR TAMBÉM OBJETO-FINO-LONGO FINCAR
02-04-2024_15-33-54_p0021_s184_b3_CONV--ZED-RGB.mpeg,184,DOR BRAÇO-ESPALHAR,DOR BRAÇO-ESPALHAR
10-05-2024_15-08-44_p0033_s215_b4_CONV--ZED-RGB.mpeg,215,FEZES-LÍQUIDAS BORBULHAR,FEZES-LÍQUIDAS BORBULHAR
20-05-2024_11-26-46_p0034_s16_b1_CONV--ZED-RGB.mpeg,16,RESPIRAR FALTAR,RESPIRAR FALTAR
25-03-2024_15-47-30_p0020_s254_b4_CONV--ZED-RGB.mpeg,254,ALERGIA COMER CATEGORIA ÁGUA-MAR,ALERGIA COMER CATEGORIA ÁGUA-MAR
26-02-2024_16-08-56_p0019_s265_b4_CONV--zed-rgb.mpeg,265,VINHO,VINHO
25-03-2024_15-28-15_p0020_s214_b4_CONV--ZED-RGB.mpeg,214,FEZES-LÍQUIDAS BRILHANTE,FEZES-LÍQUIDAS BRILHANTE
16-05-2024_15-03-02_p0034_s146_b2_CONV--ZED-RGB.mpeg,146,REMÉDIO,REMÉDIO
20-03-2024_15-01-39_p0015_s170.3_b3_CONV--ZED-RGB.mpeg,170.3,3,3
08-04-2024_15-55-16_p0021_s135_b2_CONV--ZED-RGB.mpeg,135,ENGOLIR,ENGOLIR
30-01-2024_15-12-40_p12_s157--zed-rgb.mpeg,157,CONTINUAR,CONTINUAR
25-03-2024_16-37-43_p0020_s148.6_b2_CONV--ZED-RGB.mpeg,148.6,F,F
12-03-2024_10-37-56_p0021_s252_b4_CONV--zed-rgb.mpeg,252,ALERGIA LEITE,ALERGIA LEITE
22-02-2024_15-50-03_p0014_s203_b3_CONV--zed-rgb.mpeg,203,NÃO VACINAR COVID-19,NÃO VACINAR COVID-19
26-03-2024_16-23-57_p0022_s253_b4_CONV--ZED-RGB.mpeg,253,ALERGIA O-V-O OVO,ALERGIA O-V-O OVO
13-05-2024_15-30-11_p0028_sP09.2_b3_CONV--ZED-RGB.mpeg,P9.2,SUBIR-MORRO FÍSICO PIOR,SUBIR-MORRO FÍSICO PIOR
09-05-2024_15-14-41_p0033_s148.25_b2_CONV--ZED-RGB.mpeg,148.25,Y,Y
22-02-2024_14-39-21_p0018_s153_b2_CONV--zed-rgb.mpeg,153,REPETIR POR-FAVOR,REPETIR POR-FAVOR
23-05-2024_15-07-46_p0035_s186_b3_CONV--ZED-RGB.mpeg,186,COSTAS DOR ESPALHAR,COSTAS DOR ESPALHAR
08-06-2024_10-34-22_p0031_s42_b1_CONV--ZED-RGB.mpeg,42,COBRA PICAR,COBRA PICAR
03-05-2024_14-19-14_p0027_s140_b2_CONV--ZED-RGB.mpeg,140,PERNAS MEXER-PERNAS,PERNAS MEXER-PERNAS
21-02-2024_15-27-56_p0016_s111_b2_CONV--zed-rgb.mpeg,111,DOR PESO,DOR PESO
11-05-2024_09-23-35_p0034_s159_b3_CONV--ZED-RGB.mpeg,159,SUBIR-MORRO CORPO PIOR NÃO,SUBIR-MORRO CORPO PIOR NÃO
13-03-2024_15-28-58_p0014_s148.20_b2_CONV--zed-rgb.mpeg,148.20,T,T
15-05-2024_15-44-10_p0032_sP06.3_b2_CONV--ZED-RGB.mpeg,P6.3,DOR IGUAL PESO,DOR IGUAL PESO
18-03-2024_11-33-00_p0013_s257_b4_CONV--ZED-RGB.mpeg,257,ALERGIA REMÉDIO NÃO-TER,ALERGIA REMÉDIO NÃO-TER
12-03-2024_10-46-39_p0021_sP23.3_b4_CONV--zed-rgb.mpeg,P23.3,DURANTE-O-DIA FUMAR QUANTOS,DURANTE-O-DIA FUMAR QUANTOS
05-03-2024_10-41-30_p0014_s62_b1_CONV--zed-rgb.mpeg,62,MATERIAL GRUPO CORTAR TAMBÉM OBJETO-FINO-LONGO FINCAR,MATERIAL GRUPO CORTAR TAMBÉM OBJETO-FINO-LONGO FINCAR
18-06-2024_16-22-43_p0028_sP19.1_b4_CONV--ZED-RGB.mpeg,P19.1,VOCÊ JÁ FAZER TRATAMENTO ALGUM DOENÇA ENTÃO,VOCÊ JÁ FAZER TRATAMENTO ALGUM DOENÇA ENTÃO
20-05-2024_16-10-39_p0023_s153_b2_CONV--ZED-RGB.mpeg,153,REPETIR POR-FAVOR,REPETIR POR-FAVOR
10-05-2024_09-58-24_p0030_s261_b4_CONV--ZED-RGB.mpeg,261,UM ANO,UM ANO
07-03-2024_13-44-49_p0010_s92_b2_CONV--zed-rgb.mpeg,92,DOR TESTA,DOR TESTA
10-05-2024_16-43-14_p0033_s51_b1_CONV--ZED-RGB.mpeg,51,XIXI ESCURO,XIXI ESCURO
03-05-2024_14-17-26_p0027_s133_b2_CONV--ZED-RGB.mpeg,133,MASTIGAR,MASTIGAR
18-06-2024_15-42-19_p0028_s148.25_b2_CONV--ZED-RGB.mpeg,148.25,Y,Y
20-05-2024_15-38-57_p0023_sP07_b2_CONV--ZED-RGB.mpeg,P7,SENTIR JUNTO ITENS MAIS TER,SENTIR JUNTO ITENS MAIS TER
30-04-2024_13-02-16_p0024_s85_b2_CONV--ZED-RGB.mpeg,85,UM SEMANA,UM SEMANA
11-05-2024_09-30-15_p0034_s165_b3_CONV--ZED-RGB.mpeg,165,DEITAR CALMA PIOR NÃO,DEITAR CALMA PIOR NÃO
03-05-2024_08-37-58_p0030_s30_b1_CONV--ZED-RGB.mpeg,30,FERIR PELE,FERIR PELE
30-01-2024_14-27-07_p12_s95--zed-rgb.mpeg,95,DOR OLHOS,DOR OLHOS
17-07-2024_14-43-58_p0041_s153_b2_CONV--ZED-RGB.mpeg,153,REPETIR POR-FAVOR,REPETIR POR-FAVOR
24-04-2024_15-32-50_p0027_s170.2_b3_CONV--ZED-RGB.mpeg,170.2,2,2
08-05-2024_09-49-53_p0030_s131_b2_CONV--ZED-RGB.mpeg,131,PERÍODO MENSTRUAR,PERÍODO MENSTRUAR
23-04-2024_11-50-55_p0024_s282_b4_CONV--ZED-RGB.mpeg,282,UM COPO CHEIO TODO-DIA,UM COPO CHEIO TODO-DIA
07-05-2024_14-36-30_p0027_s270_b4_CONV--ZED-RGB.mpeg,270,G-I-N,G-I-N
10-05-2024_09-08-13_p0030_sP17.2_b3_CONV--ZED-RGB.mpeg,P17.2,QUANTOS VACINAR,QUANTOS VACINAR
11-05-2024_10-07-01_p0034_sP17.2_b3_CONV--ZED-RGB.mpeg,P17.2,QUANTOS VACINAR,QUANTOS VACINAR
22-02-2024_13-36-09_p0018_s43_b1_CONV--zed-rgb.mpeg,43,ESCORPIÃO PICAR,ESCORPIÃO PICAR
30-01-2024_15-01-11_p12_s148.4--zed-rgb.mpeg,148.4,D,D
22-02-2024_15-47-05_p0014_s196_b3_CONV--zed-rgb.mpeg,196,TOSSE CATARRO COLA,TOSSE CATARRO COLA
28-06-2024_14-10-29_p0035_s12_b1_CONV--ZED-RGB.mpeg,12,DOR BRAÇO,DOR BRAÇO
12-03-2024_14-18-53_p0022_s8_b1_CONV--zed-rgb.mpeg,8,DOR COSTAS,DOR COSTAS
18-06-2024_15-35-39_p0028_s148.8_b2_CONV--ZED-RGB.mpeg,148.8,H,H
07-05-2024_14-08-21_p0027_s211_b4_CONV--ZED-RGB.mpeg,211,FRAGMENTOS MISTURAR MOLE,FRAGMENTOS MISTURAR MOLE
16-05-2024_14-37-04_p0034_s113_b2_CONV--ZED-RGB.mpeg,113,DOR PONTADA,DOR PONTADA
10-05-2024_16-13-08_p0033_s282_b4_CONV--ZED-RGB.mpeg,282,UM COPO CHEIO TODO-DIA,UM COPO CHEIO TODO-DIA
27-05-2024_16-33-54_p0032_s11_b1_CONV--ZED-RGB.mpeg,11,DOR GARGANTA,DOR GARGANTA
03-04-2024_15-50-07_p0023_s234_b4_CONV--ZED-RGB.mpeg,234,TOSSIR CATARRO VERMELHO,TOSSIR CATARRO VERMELHO
22-02-2024_14-34-24_p0018_s148.16_b2_CONV--zed-rgb.mpeg,148.16,P,P
13-03-2024_15-04-10_p0014_s112_b2_CONV--zed-rgb.mpeg,112,DOR QUEIMAR,DOR QUEIMAR
29-04-2024_17-03-20_p0024_s71_b1_CONV--ZED-RGB.mpeg,71,2-HORA,2-HORA
28-02-2024_16-23-27_p0011_s107_b2_CONV--zed-rgb.mpeg,107,DOR PROFUNDO,DOR PROFUNDO
02-04-2024_15-28-25_p0021_sP11.4_b3_CONV--ZED-RGB.mpeg,P11.4,AO-LONGO-DO-TEMPO DOR COMO AUMENTAR O-U DIMINUIR,AO-LONGO-DO-TEMPO DOR COMO AUMENTAR O-U DIMINUIR
10-05-2024_09-45-34_p0030_s231_b4_CONV--ZED-RGB.mpeg,231,DEPRESSÃO,DEPRESSÃO
15-05-2024_16-46-24_p0032_s148.16_b2_CONV--ZED-RGB.mpeg,148.16,P,P
26-08-2024_15-44-15_p0019_s65_b1_CONV--ZED-RGB.mp4,65,NASCER VIVO,NASCER VIVO
07-05-2024_14-10-36_p0027_s216_b4_CONV--ZED-RGB.mpeg,216,FEZES-LÍQUIDAS-EXPLODIR,FEZES-LÍQUIDAS-EXPLODIR
16-05-2024_14-23-48_p0034_s88_b2_CONV--ZED-RGB.mpeg,88,NÃO,NÃO
16-05-2024_15-07-14_p0034_s148.10_b2_CONV--ZED-RGB.mpeg,148.10,J,J
07-05-2024_15-10-10_p0027_s53_b1_CONV--ZED-RGB.mpeg,53,XIXI VERMELHO,XIXI VERMELHO
24-07-2024_14-28-07_p0041_s52_b1_CONV--ZED-RGB.mpeg,52,XIXI ESPUMAR,XIXI ESPUMAR
27-05-2024_16-38-40_p0032_s19_b1_CONV--ZED-RGB.mpeg,19,PALPITAÇÃO,PALPITAÇÃO
16-05-2024_14-33-05_p0034_s106_b2_CONV--ZED-RGB.mpeg,106,DOR PULSAR,DOR PULSAR
24-04-2024_15-42-10_p0027_s175_b3_CONV--ZED-RGB.mpeg,175,DOIS SEMANA,DOIS SEMANA
08-06-2024_10-52-04_p0031_s80_b1_CONV--ZED-RGB.mpeg,80,SENTADO EM-PÉ,SENTADO EM-PÉ
16-05-2024_14-31-30_p0034_s104_b2_CONV--ZED-RGB.mpeg,104,DOR PERNA-DIREITA PERNA-ESQUERDA,DOR PERNA-DIREITA PERNA-ESQUERDA
26-03-2024_16-07-41_p0022_s215_b4_CONV--ZED-RGB.mpeg,215,FEZES-LÍQUIDAS BORBULHAR,FEZES-LÍQUIDAS BORBULHAR
22-02-2024_15-34-48_p0014_s175_b3_CONV--zed-rgb.mpeg,175,DOIS SEMANA,DOIS SEMANA
17-07-2024_14-46-17_p0041_s148.2_b2_CONV--ZED-RGB.mpeg,148.2,B,B
24-05-2024_18-44-47_p0031_s116_b2_CONV--ZED-RGB.mpeg,116,DOR APERTAR PONTADA,DOR APERTAR PONTADA
30-01-2024_11-17-47_p11_s54--zed-rgb.mpeg,54,VERMELHO SANGRAR-BOCA,VERMELHO SANGRAR-BOCA
11-03-2024_15-37-37_p0020_s170.1_b3_CONV--zed-rgb.mpeg,170.1,1,1
30-04-2024_13-08-10_p0024_s92_b2_CONV--ZED-RGB.mpeg,92,DOR TESTA,DOR TESTA
16-05-2024_14-27-55_p0034_s96_b2_CONV--ZED-RGB.mpeg,96,DOR MEIO-BARRIGA,DOR MEIO-BARRIGA
28-02-2024_16-15-04_p0011_s94_b2_CONV--zed-rgb.mpeg,94,DOR OUVIDO-DIREITO OUVIDO-ESQUERDO,DOR OUVIDO-DIREITO OUVIDO-ESQUERDO
07-03-2024_14-01-46_p0010_s131_b2_CONV--zed-rgb.mpeg,131,PERÍODO MENSTRUAR,PERÍODO MENSTRUAR
19-06-2024_16-44-12_p0023_s63_b1_CONV--ZED-RGB.mpeg,63,TIRO FURAR-BARRIGA,TIRO FURAR-BARRIGA
22-02-2024_11-49-34_p0017_s256_b4_CONV--zed-rgb.mpeg,256,ALERGIA AMENDOIM,ALERGIA AMENDOIM
23-04-2024_15-13-56_p0026_s28_b1_CONV--ZED-RGB.mpeg,28,NARIZ-LADOS FECHAR,NARIZ-LADOS FECHAR
27-05-2024_16-05-30_p0032_sP17.3_b3_CONV--ZED-RGB.mpeg,P17.3,VOCÊ JÁ VACINAR GRIPE,VOCÊ JÁ VACINAR GRIPE
21-02-2024_11-31-18_p0013_s9_b1_CONV--zed-rgb.mpeg,9,DOR LOMBAR,DOR LOMBAR
10-05-2024_09-35-53_p0030_s213_b4_CONV--ZED-RGB.mpeg,213,CLARO,CLARO
20-02-2024_16-27-13_p0015_s230_b4_CONV--zed-rgb.mpeg,230,DEPRESSÃO,DEPRESSÃO
26-03-2024_15-24-53_p0022_s180_b3_CONV--ZED-RGB.mpeg,180,NUCA DOR ESPALHAR,NUCA DOR ESPALHAR
03-05-2024_08-45-06_p0030_s45_b1_CONV--ZED-RGB.mpeg,45,PROBLEMA OLHOS,PROBLEMA OLHOS
15-05-2024_15-52-47_p0032_s119_b2_CONV--ZED-RGB.mpeg,119,SENTIR MAL,SENTIR MAL
21-02-2024_16-08-12_p0016_s148.18_b2_CONV--zed-rgb.mpeg,148.18,R,R
02-05-2024_15-52-38_p0026_s227_b4_CONV--ZED-RGB.mpeg,227,ASMA,ASMA
18-06-2024_15-34-56_p0028_s148.6_b2_CONV--ZED-RGB.mpeg,148.6,F,F
09-05-2024_14-24-08_p0033_s101_b2_CONV--ZED-RGB.mpeg,101,DOR OMBROS,DOR OMBROS
18-04-2024_15-51-45_p0026_s148.25_b2_CONV--ZED-RGB.mpeg,148.25,Y,Y
08-05-2024_10-03-54_p0030_s150_b2_CONV--ZED-RGB.mpeg,150,ENTENDER,ENTENDER
26-08-2024_15-16-55_p0019_s7_b1_CONV--ZED-RGB.mp4,7,DOR PEITO,DOR PEITO
16-04-2024_16-07-57_p0016_s242_b3_CONV--ZED-RGB.mpeg,242,EU USAR REMÉDIO,EU USAR REMÉDIO
26-08-2024_15-33-50_p0019_s47_b1_CONV--ZED-RGB.mp4,47,XIXI SENTIR IGUAL QUENTE,XIXI SENTIR IGUAL QUENTE
21-02-2024_15-28-10_p0016_s112_b2_CONV--zed-rgb.mpeg,112,DOR QUEIMAR,DOR QUEIMAR
02-05-2024_16-11-15_p0026_s264_b4_CONV--ZED-RGB.mpeg,264,CERVEJA,CERVEJA
18-06-2024_15-40-58_p0028_s148.21_b2_CONV--ZED-RGB.mpeg,148.21,U,U
05-06-2024_10-09-40_p0036_s239_b4_CONV--ZED-RGB.mpeg,239,VÍCIO BEBER ÁLCOOL,VÍCIO BEBER ÁLCOOL
17-06-2024_15-11-21_p0019_sP06.5_b2_CONV--ZED-RGB.mpeg,P6.5,DOR IGUAL FINCADA,DOR IGUAL FINCADA
30-04-2024_13-14-01_p0024_s105_b2_CONV--ZED-RGB.mpeg,105,DOR TESTÍCULOS,DOR TESTÍCULOS
03-05-2024_14-03-10_p0027_s90_b2_CONV--ZED-RGB.mpeg,90,DOR OUVIDO,DOR OUVIDO
23-04-2024_11-37-41_p0024_s257_b4_CONV--ZED-RGB.mpeg,257,ALERGIA REMÉDIO NÃO-TER,ALERGIA REMÉDIO NÃO-TER
11-06-2024_14-42-58_p0035_s148.26_b2_CONV--ZED-RGB.mpeg,148.26,Z,Z
19-07-2024_14-30-41_p0040_s148.7_b2_CONV--ZED-RGB.mpeg,148.7,G,G
21-02-2024_11-32-19_p0013_s12_b1_CONV--zed-rgb.mpeg,12,DOR BRAÇO,DOR BRAÇO
13-03-2024_15-26-53_p0014_s148.12_b2_CONV--zed-rgb.mpeg,148.12,L,L
25-03-2024_16-41-34_p0020_s148.19_b2_CONV--ZED-RGB.mpeg,148.19,S,S
05-03-2024_10-39-08_p0014_s54_b1_CONV--zed-rgb.mpeg,54,VERMELHO SANGRAR-BOCA,VERMELHO SANGRAR-BOCA
03-05-2024_18-42-34_p0031_s176_b3_CONV--ZED-RGB.mpeg,176,TRÊS-MESES,TRÊS-MESES
26-03-2024_16-08-41_p0022_s218_b4_CONV--ZED-RGB.mpeg,218,FEZES-LÍQUIDAS ESCURO,FEZES-LÍQUIDAS ESCURO
24-05-2024_19-00-55_p0031_s141_b2_CONV--ZED-RGB.mpeg,141,MEXER-PESCOÇO,MEXER-PESCOÇO
22-02-2024_11-53-50_p0017_sP24.2_b4_CONV--zed-rgb.mpeg,P24.2,BEBIDA QUAL,BEBIDA QUAL
18-04-2024_10-16-14_p0025_s22_b1_CONV--ZED-RGB.mpeg,22,EVACUAR MOLE VERMELHO,EVACUAR MOLE VERMELHO
12-03-2024_14-45-59_p0022_s72_b1_CONV--zed-rgb.mpeg,72,2-MÊS,2-MÊS
24-07-2024_15-27-10_p0041_s274_b4_CONV--ZED-RGB.mpeg,274,DOIS LATAS DUAS-VEZES SEMANA,DOIS LATAS DUAS-VEZES SEMANA
20-05-2024_16-04-35_p0023_s148.9_b2_CONV--ZED-RGB.mpeg,148.9,I,I
08-05-2024_15-37-14_p0033_sP11.2_b3_CONV--ZED-RGB.mpeg,P11.2,SENTIR DOR OUTRAS-VEZES DIVERSAS-VEZES ENTÃO,SENTIR DOR OUTRAS-VEZES DIVERSAS-VEZES ENTÃO
23-04-2024_11-17-18_p0024_s214_b4_CONV--ZED-RGB.mpeg,214,FEZES-LÍQUIDAS BRILHANTE,FEZES-LÍQUIDAS BRILHANTE
03-05-2024_18-33-40_p0031_s170.0_b3_CONV--ZED-RGB.mpeg,170.0,0,0
28-02-2024_16-10-13_p0011_sP05_b2_CONV--zed-rgb.mpeg,P5,POR-QUE PROCURAR VIR HOJE TER PIORAR,POR-QUE PROCURAR VIR HOJE TER PIORAR
26-04-2024_14-37-56_p0028_s17_b1_CONV--ZED-RGB.mpeg,17,CHIAR,CHIAR
26-02-2024_15-32-10_p0019_s215_b4_CONV--zed-rgb.mpeg,215,FEZES-LÍQUIDAS BORBULHAR,FEZES-LÍQUIDAS BORBULHAR
27-05-2024_15-42-05_p0032_s180_b3_CONV--ZED-RGB.mpeg,180,NUCA DOR ESPALHAR,NUCA DOR ESPALHAR
08-05-2024_16-11-28_p0033_sP15.2_b3_CONV--ZED-RGB.mpeg,P15.2,TOSSE COMO,TOSSE COMO
27-03-2024_15-43-38_p0015_s152_b2_CONV--ZED-RGB.mpeg,152,OBRIGADO,OBRIGADO
20-05-2024_12-01-19_p0034_s210_b4_CONV--ZED-RGB.mpeg,210,MOLE,MOLE
19-06-2024_16-29-13_p0023_s27_b1_CONV--ZED-RGB.mpeg,27,CATARRO GRIPE,CATARRO GRIPE
08-04-2024_16-08-20_p0021_s148.10_b2_CONV--ZED-RGB.mpeg,148.10,J,J
12-03-2024_10-14-11_p0021_sP18.1_b4_CONV--zed-rgb.mpeg,P18.1,ENJOAR O-U VOMITAR,ENJOAR O-U VOMITAR
19-07-2024_14-32-23_p0040_s148.13_b2_CONV--ZED-RGB.mpeg,148.13,M,M
02-04-2024_15-07-28_p0021_sP09.6_b3_CONV--ZED-RGB.mpeg,P9.6,SUBIR-ESCADA FÍSICO PIOR,SUBIR-ESCADA FÍSICO PIOR
11-03-2024_15-42-42_p0020_s173_b3_CONV--zed-rgb.mpeg,173,SEMPRE SEMPRE,SEMPRE SEMPRE
12-03-2024_14-18-05_p0022_s7_b1_CONV--zed-rgb.mpeg,7,DOR PEITO,DOR PEITO
05-03-2024_10-26-54_p0014_s18_b1_CONV--zed-rgb.mpeg,18,DIFÍCIL RESPIRAR,DIFÍCIL RESPIRAR
28-02-2024_16-21-49_p0011_s105_b2_CONV--zed-rgb.mpeg,105,DOR TESTÍCULOS,DOR TESTÍCULOS
19-07-2024_15-37-13_p0040_s49_b1_CONV--ZED-RGB.mpeg,49,XIXI POUCO,XIXI POUCO
08-05-2024_15-28-04_p0033_s170.2_b3_CONV--ZED-RGB.mpeg,170.2,2,2
21-02-2024_12-04-04_p0013_s71_b1_CONV--zed-rgb.mpeg,71,2-HORA,2-HORA
22-02-2024_13-22-40_p0018_s17_b1_CONV--zed-rgb.mpeg,17,CHIAR,CHIAR
10-05-2024_09-08-41_p0030_sP17.2_b3_CONV--ZED-RGB.mpeg,P17.2,QUANTOS VACINAR,QUANTOS VACINAR
24-05-2024_19-09-23_p0031_s148.12_b2_CONV--ZED-RGB.mpeg,148.12,L,L
20-05-2024_11-20-01_p0034_s2_b1_CONV--ZED-RGB.mpeg,2,CONFUSÃO,CONFUSÃO
08-05-2024_09-59-48_p0030_s148.13_b2_CONV--ZED-RGB.mpeg,148.13,M,M
03-05-2024_08-40-27_p0030_s37_b1_CONV--ZED-RGB.mpeg,37,VERMELHO SANGUE DOCE BAIXO-ALTO,VERMELHO SANGUE DOCE BAIXO-ALTO
11-03-2024_15-24-46_p0020_sP09.2_b3_CONV--zed-rgb.mpeg,P9.2,SUBIR-MORRO FÍSICO PIOR,SUBIR-MORRO FÍSICO PIOR
16-05-2024_14-39-28_p0034_sP06.3_b2_CONV--ZED-RGB.mpeg,P6.3,DOR IGUAL PESO,DOR IGUAL PESO
19-06-2024_09-49-34_p0036_s3_b1_CONV--ZED-RGB.mpeg,3,MUDAR COMPORTAMENTO,MUDAR COMPORTAMENTO
02-05-2024_15-47-14_p0026_s216_b4_CONV--ZED-RGB.mpeg,216,FEZES-LÍQUIDAS-EXPLODIR,FEZES-LÍQUIDAS-EXPLODIR
03-05-2024_14-30-24_p0027_s156_b2_CONV--ZED-RGB.mpeg,156,NÃO-ENTENDER,NÃO-ENTENDER
20-03-2024_15-28-06_p0015_s206_b3_CONV--ZED-RGB.mpeg,206,QUATRO VACINA,QUATRO VACINA
20-05-2024_12-14-33_p0034_s236_b4_CONV--ZED-RGB.mpeg,236,FÍGADO INFLAMADO,FÍGADO INFLAMADO
07-05-2024_14-55-12_p0027_s8_b1_CONV--ZED-RGB.mpeg,8,DOR COSTAS,DOR COSTAS
27-05-2024_16-01-42_p0032_s201_b3_CONV--ZED-RGB.mpeg,201,CATARRO COLA VERMELHO,CATARRO COLA VERMELHO
23-04-2024_15-31-15_p0026_s68_b1_CONV--ZED-RGB.mpeg,68,15 MINUTO,15 MINUTO
02-05-2024_15-15-56_p0026_s194_b3_CONV--ZED-RGB.mpeg,194,TOSSE SECO,TOSSE SECO
03-05-2024_14-25-58_p0027_s148.15_b2_CONV--ZED-RGB.mpeg,148.15,O,O
20-02-2024_17-02-34_p0015_s278_b4_CONV--zed-rgb.mpeg,278,UMA-DOSE TOMAR TODO-DIA,UMA-DOSE TOMAR TODO-DIA
17-06-2024_15-02-43_p0019_s106_b2_CONV--ZED-RGB.mpeg,106,DOR PULSAR,DOR PULSAR
21-02-2024_15-57-10_p0016_s148.1_b2_CONV--zed-rgb.mpeg,148.1,A,A
07-03-2024_14-05-08_p0010_s143_b2_CONV--zed-rgb.mpeg,143,DEITAR,DEITAR
11-06-2024_14-22-39_p0035_s126_b2_CONV--ZED-RGB.mpeg,126,BEBER ÁLCOOL,BEBER ÁLCOOL
09-05-2024_14-42-35_p0033_s120_b2_CONV--ZED-RGB.mpeg,120,VER DOBRADO,VER DOBRADO
24-04-2024_15-14-35_p0027_s159_b3_CONV--ZED-RGB.mpeg,159,SUBIR-MORRO CORPO PIOR NÃO,SUBIR-MORRO CORPO PIOR NÃO
12-03-2024_10-52-02_p0021_s278_b4_CONV--zed-rgb.mpeg,278,UMA-DOSE TOMAR TODO-DIA,UMA-DOSE TOMAR TODO-DIA
10-05-2024_16-50-26_p0033_s72_b1_CONV--ZED-RGB.mpeg,72,2-MÊS,2-MÊS
16-05-2024_14-47-48_p0034_s124_b2_CONV--ZED-RGB.mpeg,124,GASES,GASES
25-03-2024_16-45-38_p0020_s157_b2_CONV--ZED-RGB.mpeg,157,CONTINUAR,CONTINUAR
29-04-2024_11-44-29_p0029_s123_b2_CONV--ZED-RGB.mpeg,123,ZUMBIDO OUVIDO,ZUMBIDO OUVIDO
25-03-2024_15-37-18_p0020_s229_b4_CONV--ZED-RGB.mpeg,229,CÂNCER,CÂNCER
13-05-2024_16-12-02_p0028_s184_b3_CONV--ZED-RGB.mpeg,184,DOR BRAÇO-ESPALHAR,DOR BRAÇO-ESPALHAR
18-06-2024_16-32-11_p0028_s236_b4_CONV--ZED-RGB.mpeg,236,FÍGADO INFLAMADO,FÍGADO INFLAMADO
16-04-2024_10-50-07_p0025_sP23.2_b4_CONV--ZED-RGB.mpeg,P23.2,TOTAL TEMPO QUANTO,TOTAL TEMPO QUANTO
16-05-2024_14-55-55_p0034_s132_b2_CONV--ZED-RGB.mpeg,132,NARIZ ESPIRRAR,NARIZ ESPIRRAR
11-05-2024_09-30-54_p0034_sP09.6_b3_CONV--ZED-RGB.mpeg,P9.6,SUBIR-ESCADA FÍSICO PIOR,SUBIR-ESCADA FÍSICO PIOR
16-04-2024_10-29-03_p0025_sP19.1_b4_CONV--ZED-RGB.mpeg,P19.1,VOCÊ JÁ FAZER TRATAMENTO ALGUM DOENÇA ENTÃO,VOCÊ JÁ FAZER TRATAMENTO ALGUM DOENÇA ENTÃO
28-06-2024_15-07-55_p0035_s213_b4_CONV--ZED-RGB.mpeg,213,CLARO,CLARO
12-06-2024_16-53-51_p0038_sP15.1_b3_CONV--ZED-RGB.mpeg,P15.1,TER TOSSE,TER TOSSE
24-07-2024_14-14-26_p0041_s20_b1_CONV--ZED-RGB.mpeg,20,TONTURA CAIR-PESSOA,TONTURA CAIR-PESSOA
22-02-2024_10-40-40_p0017_s163_b3_CONV--zed-rgb.mpeg,163,TOMAR-BANHO CORPO PIOR NÃO,TOMAR-BANHO CORPO PIOR NÃO
03-05-2024_14-22-42_p0027_s148.2_b2_CONV--ZED-RGB.mpeg,148.2,B,B
11-05-2024_09-59-05_p0034_sP14_b3_CONV--ZED-RGB.mpeg,P14,TER DOR FEBRE CALAFRIOS ESPIRRAR O-U SECREÇÃO-NASAL COLA,TER DOR FEBRE CALAFRIOS ESPIRRAR O-U SECREÇÃO-NASAL COLA
10-05-2024_09-55-11_p0030_s258_b4_CONV--ZED-RGB.mpeg,258,ALERGIA NENHUM,ALERGIA NENHUM
27-03-2024_15-26-47_p0015_s129_b2_CONV--ZED-RGB.mpeg,129,LOCAIS LUZ-FORTE,LOCAIS LUZ-FORTE
09-05-2024_14-31-43_p0033_s110_b2_CONV--ZED-RGB.mpeg,110,DOR APERTAR,DOR APERTAR
03-04-2024_16-10-13_p0023_s274_b4_CONV--ZED-RGB.mpeg,274,DOIS LATAS DUAS-VEZES SEMANA,DOIS LATAS DUAS-VEZES SEMANA
22-02-2024_13-18-38_p0018_s1_b1_CONV--zed-rgb.mpeg,1,CONFUSÃO-MENTAL PERCEPÇÃO ESQUECER,CONFUSÃO-MENTAL PERCEPÇÃO ESQUECER
19-06-2024_16-17-39_p0023_s4_b1_CONV--ZED-RGB.mpeg,4,CONVULSÃO ENROLAR-LÍNGUA,CONVULSÃO ENROLAR-LÍNGUA
22-04-2024_09-37-00_p0025_sP15.1_b3_CONV--ZED-RGB.mpeg,P15.1,TER TOSSE,TER TOSSE
03-05-2024_19-07-03_p0031_sP21.2_b3_CONV--ZED-RGB.mpeg,P21.2,USAR REMÉDIO,USAR REMÉDIO
17-07-2024_14-30-24_p0041_s121_b2_CONV--ZED-RGB.mpeg,121,VER MANCHAS,VER MANCHAS
24-07-2024_14-24-45_p0041_s44_b1_CONV--ZED-RGB.mpeg,44,PRESSÃO-ARTERIAL ALTO-BAIXO,PRESSÃO-ARTERIAL ALTO-BAIXO
31-01-2024_14-37-34_p13_sP09.3--zed-rgb.mpeg,P9.3,PLANO ANDAR FÍSICO PIOR,PLANO ANDAR FÍSICO PIOR
25-03-2024_16-27-26_p0020_s128_b2_CONV--ZED-RGB.mpeg,128,LOCAIS BARULHO,LOCAIS BARULHO
26-08-2024_15-34-20_p0019_s48_b1_CONV--ZED-RGB.mp4,48,XIXI VAZAR,XIXI VAZAR
02-05-2024_15-54-59_p0026_s232_b4_CONV--ZED-RGB.mpeg,232,ANSIEDADE,ANSIEDADE
10-05-2024_15-30-16_p0033_s240_b4_CONV--ZED-RGB.mpeg,240,VÍCIO FUMAR,VÍCIO FUMAR
11-05-2024_10-02-13_p0034_sP15.4_b3_CONV--ZED-RGB.mpeg,P15.4,CATARRO COLA COR QUAL,CATARRO COLA COR QUAL
19-06-2024_10-09-11_p0036_s43_b1_CONV--ZED-RGB.mpeg,43,ESCORPIÃO PICAR,ESCORPIÃO PICAR
22-02-2024_11-54-15_p0017_s265_b4_CONV--zed-rgb.mpeg,265,VINHO,VINHO
06-05-2024_16-06-26_p0032_s274_b4_CONV--ZED-RGB.mpeg,274,DOIS LATAS DUAS-VEZES SEMANA,DOIS LATAS DUAS-VEZES SEMANA
13-03-2024_16-16-21_p0014_s277_b4_CONV--zed-rgb.mpeg,277,DOIS GARRAFAS DUAS-VEZES SEMANA,DOIS GARRAFAS DUAS-VEZES SEMANA
28-06-2024_15-47-07_p0035_s277_b4_CONV--ZED-RGB.mpeg,277,DOIS GARRAFAS DUAS-VEZES SEMANA,DOIS GARRAFAS DUAS-VEZES SEMANA
23-04-2024_11-23-18_p0024_s223_b4_CONV--ZED-RGB.mpeg,223,DIABETES,DIABETES
29-02-2024_14-08-27_p0010_s53_b1_CONV--zed-rgb.mpeg,53,XIXI VERMELHO,XIXI VERMELHO
28-06-2024_15-21-58_p0035_s240_b4_CONV--ZED-RGB.mpeg,240,VÍCIO FUMAR,VÍCIO FUMAR
10-05-2024_10-01-38_p0030_s266_b4_CONV--ZED-RGB.mpeg,266,DOSE ÁLCOOL,DOSE ÁLCOOL
20-03-2024_15-00-24_p0015_s170.1_b3_CONV--ZED-RGB.mpeg,170.1,1,1
27-05-2024_15-28-27_p0032_s170.1_b3_CONV--ZED-RGB.mpeg,170.1,1,1
12-03-2024_14-14-31_p0022_s2_b1_CONV--zed-rgb.mpeg,2,CONFUSÃO,CONFUSÃO
16-04-2024_10-27-51_p0025_sP18.5_b4_CONV--ZED-RGB.mpeg,P18.5,VOCÊ BARRIGA DOR ENTÃO,VOCÊ BARRIGA DOR ENTÃO
18-06-2024_15-39-06_p0028_s148.17_b2_CONV--ZED-RGB.mpeg,148.17,Q,Q
20-05-2024_11-41-57_p0034_s48_b1_CONV--ZED-RGB.mpeg,48,XIXI VAZAR,XIXI VAZAR
21-02-2024_15-54-27_p0016_s138_b2_CONV--zed-rgb.mpeg,138,APERTAR,APERTAR
20-05-2024_12-01-43_p0034_s211_b4_CONV--ZED-RGB.mpeg,211,FRAGMENTOS MISTURAR MOLE,FRAGMENTOS MISTURAR MOLE
30-01-2024_14-29-20_p12_s99--zed-rgb.mpeg,99,DOR BAIXO-VENTRE,DOR BAIXO-VENTRE
23-04-2024_15-14-18_p0026_s29_b1_CONV--ZED-RGB.mpeg,29,INCHAR,INCHAR
10-05-2024_08-48-49_p0030_s180_b3_CONV--ZED-RGB.mpeg,180,NUCA DOR ESPALHAR,NUCA DOR ESPALHAR
10-05-2024_09-05-42_p0030_s202_b3_CONV--ZED-RGB.mpeg,202,CATARRO COLA SANGUE PONTOS,CATARRO COLA SANGUE PONTOS
24-07-2024_15-26-38_p0041_s273_b4_CONV--ZED-RGB.mpeg,273,UM LATA UMA-VEZ SEMANA,UM LATA UMA-VEZ SEMANA
06-05-2024_15-22-20_p0032_s221_b4_CONV--ZED-RGB.mpeg,221,TER P-U-S MISTURAR AMARELO BRANCO MISTURAR,TER P-U-S MISTURAR AMARELO BRANCO MISTURAR
30-01-2024_11-24-19_p11_s65--zed-rgb.mpeg,65,NASCER VIVO,NASCER VIVO
08-06-2024_10-41-46_p0031_s61_b1_CONV--ZED-RGB.mpeg,61,PELE QUEIMAR,PELE QUEIMAR
26-02-2024_16-15-36_p0019_s272_b4_CONV--zed-rgb.mpeg,272,UM LATA TODO-DIA,UM LATA TODO-DIA
19-06-2024_10-06-55_p0036_s38_b1_CONV--ZED-RGB.mpeg,38,TENTAR SUICIDAR,TENTAR SUICIDAR
26-03-2024_16-22-17_p0022_s248_b4_CONV--ZED-RGB.mpeg,248,ALERGIA CACHORRO,ALERGIA CACHORRO
22-02-2024_11-38-58_p0017_s221_b4_CONV--zed-rgb.mpeg,221,TER P-U-S MISTURAR AMARELO BRANCO MISTURAR,TER P-U-S MISTURAR AMARELO BRANCO MISTURAR
09-05-2024_14-30-00_p0033_s107_b2_CONV--ZED-RGB.mpeg,107,DOR PROFUNDO,DOR PROFUNDO
18-06-2024_15-45-48_p0028_s157_b2_CONV--ZED-RGB.mpeg,157,CONTINUAR,CONTINUAR
20-05-2024_15-36-54_p0023_sP06.3_b2_CONV--ZED-RGB.mpeg,P6.3,DOR IGUAL PESO,DOR IGUAL PESO
10-05-2024_16-23-27_p0033_s3_b1_CONV--ZED-RGB.mpeg,3,MUDAR COMPORTAMENTO,MUDAR COMPORTAMENTO
19-07-2024_15-47-45_p0040_s67_b1_CONV--ZED-RGB.mpeg,67,VOMITAR TER VERMELHO,VOMITAR TER VERMELHO
21-02-2024_15-45-28_p0016_s127_b2_CONV--zed-rgb.mpeg,127,COMER COISAS ÓLEO,COMER COISAS ÓLEO
10-05-2024_15-18-45_p0033_s225_b4_CONV--ZED-RGB.mpeg,225,ARRITMIA,ARRITMIA
20-03-2024_15-27-04_p0015_sP17.2_b3_CONV--ZED-RGB.mpeg,P17.2,QUANTOS VACINAR,QUANTOS VACINAR
06-05-2024_15-28-40_p0032_s227_b4_CONV--ZED-RGB.mpeg,227,ASMA,ASMA
26-03-2024_16-32-02_p0022_s266_b4_CONV--ZED-RGB.mpeg,266,DOSE ÁLCOOL,DOSE ÁLCOOL
12-03-2024_10-41-51_p0021_s257_b4_CONV--zed-rgb.mpeg,257,ALERGIA REMÉDIO NÃO-TER,ALERGIA REMÉDIO NÃO-TER
09-05-2024_14-45-06_p0033_s124_b2_CONV--ZED-RGB.mpeg,124,GASES,GASES
11-06-2024_13-53-44_p0035_s84_b2_CONV--ZED-RGB.mpeg,84,TRÊS-DIAS,TRÊS-DIAS
19-06-2024_09-53-08_p0036_s10_b1_CONV--ZED-RGB.mpeg,10,DOR BARRIGA,DOR BARRIGA
03-05-2024_14-12-08_p0027_sP06.5_b2_CONV--ZED-RGB.mpeg,P6.5,DOR IGUAL FINCADA,DOR IGUAL FINCADA
08-04-2024_16-32-10_p0021_s8_b1_CONV--ZED-RGB.mpeg,8,DOR COSTAS,DOR COSTAS
13-05-2024_16-34-29_p0028_s207_b3_CONV--ZED-RGB.mpeg,207,NÃO VACINAR GRIPE,NÃO VACINAR GRIPE
23-05-2024_14-55-11_p0035_s170.6_b3_CONV--ZED-RGB.mpeg,170.6,6,6
10-05-2024_16-40-38_p0033_s43_b1_CONV--ZED-RGB.mpeg,43,ESCORPIÃO PICAR,ESCORPIÃO PICAR
10-05-2024_16-11-30_p0033_s280_b4_CONV--ZED-RGB.mpeg,280,TAÇA TOMAR VINHO UMA-VEZ SEMANA,TAÇA TOMAR VINHO UMA-VEZ SEMANA
09-05-2024_14-30-34_p0033_s108_b2_CONV--ZED-RGB.mpeg,108,DOR LEVE,DOR LEVE
27-03-2024_16-19-51_p0015_s52_b1_CONV--ZED-RGB.mpeg,52,XIXI ESPUMAR,XIXI ESPUMAR
27-05-2024_17-02-25_p0032_s74_b1_CONV--ZED-RGB.mpeg,74,BEBER,BEBER
18-04-2024_15-33-19_p0026_sP06.6_b2_CONV--ZED-RGB.mpeg,P6.6,DOR IGUAL SENTIR CHOQUE,DOR IGUAL SENTIR CHOQUE
08-06-2024_10-21-18_p0031_s7_b1_CONV--ZED-RGB.mpeg,7,DOR PEITO,DOR PEITO
09-05-2024_15-16-56_p0033_s152_b2_CONV--ZED-RGB.mpeg,152,OBRIGADO,OBRIGADO
28-06-2024_14-07-04_p0035_s3_b1_CONV--ZED-RGB.mpeg,3,MUDAR COMPORTAMENTO,MUDAR COMPORTAMENTO
22-04-2024_09-24-08_p0025_s176_b3_CONV--ZED-RGB.mpeg,176,TRÊS-MESES,TRÊS-MESES
23-04-2024_15-25-06_p0026_s54_b1_CONV--ZED-RGB.mpeg,54,VERMELHO SANGRAR-BOCA,VERMELHO SANGRAR-BOCA
10-05-2024_15-49-23_p0033_s269_b4_CONV--ZED-RGB.mpeg,269,CACHAÇA,CACHAÇA
24-07-2024_14-35-31_p0041_s69_b1_CONV--ZED-RGB.mpeg,69,30 MINUTO,30 MINUTO
21-02-2024_16-06-24_p0016_s148.9_b2_CONV--zed-rgb.mpeg,148.9,I,I
30-01-2024_11-10-46_p11_s29--zed-rgb.mpeg,29,INCHAR,INCHAR
20-05-2024_15-58-09_p0023_s144_b2_CONV--ZED-RGB.mpeg,144,ÁGUA FRIO COLOCAR-BRAÇO,ÁGUA FRIO COLOCAR-BRAÇO
20-02-2024_17-04-15_p0015_s281_b4_CONV--zed-rgb.mpeg,281,TAÇA TOMAR VINHO TODO-DIA,TAÇA TOMAR VINHO TODO-DIA
09-05-2024_15-13-27_p0033_s148.22_b2_CONV--ZED-RGB.mpeg,148.22,V,V
28-06-2024_14-14-22_p0035_s22_b1_CONV--ZED-RGB.mpeg,22,EVACUAR MOLE VERMELHO,EVACUAR MOLE VERMELHO
19-03-2024_15-42-00_p0022_s148.9_b2_CONV--ZED-RGB.mpeg,148.9,I,I
20-05-2024_12-23-03_p0034_s256_b4_CONV--ZED-RGB.mpeg,256,ALERGIA AMENDOIM,ALERGIA AMENDOIM
08-05-2024_09-49-11_p0030_s129_b2_CONV--ZED-RGB.mpeg,129,LOCAIS LUZ-FORTE,LOCAIS LUZ-FORTE
07-03-2024_14-12-04_p0010_s148.12_b2_CONV--zed-rgb.mpeg,148.12,L,L
20-05-2024_11-52-59_p0034_s69_b1_CONV--ZED-RGB.mpeg,69,30 MINUTO,30 MINUTO
15-05-2024_15-27-05_p0032_s93_b2_CONV--ZED-RGB.mpeg,93,DOR NUCA,DOR NUCA
08-05-2024_15-42-59_p0033_s177_b3_CONV--ZED-RGB.mpeg,177,UM ANO,UM ANO
26-03-2024_15-27-23_p0022_s186_b3_CONV--ZED-RGB.mpeg,186,COSTAS DOR ESPALHAR,COSTAS DOR ESPALHAR
26-03-2024_15-22-56_p0022_sP11.5_b3_CONV--ZED-RGB.mpeg,P11.5,PERÍODO DOR TER AUMENTAR,PERÍODO DOR TER AUMENTAR
09-05-2024_15-17-53_p0033_s154_b2_CONV--ZED-RGB.mpeg,154,PARAR,PARAR
27-03-2024_16-07-47_p0015_s23_b1_CONV--ZED-RGB.mpeg,23,TONTURA-ENJOO,TONTURA-ENJOO
11-05-2024_10-01-22_p0034_s195_b3_CONV--ZED-RGB.mpeg,195,CATARRO COLA NENHUM,CATARRO COLA NENHUM
22-02-2024_14-37-58_p0018_s148.24_b2_CONV--zed-rgb.mpeg,148.24,X,X
24-07-2024_14-39-24_p0041_s79_b1_CONV--ZED-RGB.mpeg,79,SENTADO,SENTADO
03-05-2024_14-21-02_p0027_s146_b2_CONV--ZED-RGB.mpeg,146,REMÉDIO,REMÉDIO
22-02-2024_11-43-54_p0017_s235_b4_CONV--zed-rgb.mpeg,235,OBESIDADE,OBESIDADE
24-05-2024_18-30-44_p0031_s82_b2_CONV--ZED-RGB.mpeg,82,SEIS HORAS,SEIS HORAS
16-07-2024_16-31-32_p0039_s233_b4_CONV--ZED-RGB.mpeg,233,A-V-C,A-V-C
16-04-2024_15-33-35_p0016_s170.10_b3_CONV--ZED-RGB.mpeg,170.10,10,10
07-03-2024_14-12-14_p0010_s148.13_b2_CONV--zed-rgb.mpeg,148.13,M,M
16-04-2024_16-05-50_p0016_s241_b3_CONV--ZED-RGB.mpeg,241,TRAZER RECEITA REMÉDIO,TRAZER RECEITA REMÉDIO
08-04-2024_15-57-19_p0021_s139_b2_CONV--ZED-RGB.mpeg,139,BRAÇO MEXER-BRAÇO,BRAÇO MEXER-BRAÇO
18-06-2024_15-20-48_p0028_s129_b2_CONV--ZED-RGB.mpeg,129,LOCAIS LUZ-FORTE,LOCAIS LUZ-FORTE
02-05-2024_14-46-36_p0026_s164_b3_CONV--ZED-RGB.mpeg,164,DEITAR CALMA PIOR,DEITAR CALMA PIOR
27-03-2024_15-29-50_p0015_s138_b2_CONV--ZED-RGB.mpeg,138,APERTAR,APERTAR
03-05-2024_18-36-20_p0031_s170.7_b3_CONV--ZED-RGB.mpeg,170.7,7,7
05-03-2024_10-36-08_p0014_s44_b1_CONV--zed-rgb.mpeg,44,PRESSÃO-ARTERIAL ALTO-BAIXO,PRESSÃO-ARTERIAL ALTO-BAIXO
26-08-2024_15-23-51_p0019_s24_b1_CONV--ZED-RGB.mp4,24,VOMITAR,VOMITAR
07-05-2024_14-39-02_p0027_s276_b4_CONV--ZED-RGB.mpeg,276,GARRAFA UMA-VEZ SEMANA,GARRAFA UMA-VEZ SEMANA
11-05-2024_09-52-03_p0034_s184_b3_CONV--ZED-RGB.mpeg,184,DOR BRAÇO-ESPALHAR,DOR BRAÇO-ESPALHAR
03-05-2024_14-04-42_p0027_s96_b2_CONV--ZED-RGB.mpeg,96,DOR MEIO-BARRIGA,DOR MEIO-BARRIGA
30-04-2024_13-31-52_p0024_s131_b2_CONV--ZED-RGB.mpeg,131,PERÍODO MENSTRUAR,PERÍODO MENSTRUAR
25-03-2024_15-54-17_p0020_s265_b4_CONV--ZED-RGB.mpeg,265,VINHO,VINHO
27-05-2024_16-33-31_p0032_s10_b1_CONV--ZED-RGB.mpeg,10,DOR BARRIGA,DOR BARRIGA
11-03-2024_16-06-23_p0020_s198_b3_CONV--zed-rgb.mpeg,198,CATARRO COLA BRANCO,CATARRO COLA BRANCO
24-05-2024_19-09-41_p0031_s148.13_b2_CONV--ZED-RGB.mpeg,148.13,M,M
23-04-2024_11-28-18_p0024_s235_b4_CONV--ZED-RGB.mpeg,235,OBESIDADE,OBESIDADE
06-05-2024_15-34-40_p0032_s239_b4_CONV--ZED-RGB.mpeg,239,VÍCIO BEBER ÁLCOOL,VÍCIO BEBER ÁLCOOL
23-04-2024_15-26-58_p0026_s59_b1_CONV--ZED-RGB.mpeg,59,TRAUMA,TRAUMA
19-06-2024_10-20-06_p0036_s64_b1_CONV--ZED-RGB.mpeg,64,QUASE CABEÇA-SAIR NASCER,QUASE CABEÇA-SAIR NASCER
19-07-2024_14-30-04_p0040_s148.5_b2_CONV--ZED-RGB.mpeg,148.5,E,E
21-02-2024_11-36-10_p0013_s24_b1_CONV--zed-rgb.mpeg,24,VOMITAR,VOMITAR
20-05-2024_11-56-27_p0034_s76_b1_CONV--ZED-RGB.mpeg,76,LIMPAR CASA,LIMPAR CASA
24-07-2024_15-31-39_p0041_s283_b4_CONV--ZED-RGB.mpeg,283,UM COPO UMA-VEZ SEMANA,UM COPO UMA-VEZ SEMANA
13-03-2024_16-12-38_p0014_s268_b4_CONV--zed-rgb.mpeg,268,UÍSQUE,UÍSQUE
12-06-2024_16-54-14_p0038_sP15.2_b3_CONV--ZED-RGB.mpeg,P15.2,TOSSE COMO,TOSSE COMO
18-04-2024_10-20-48_p0025_s34_b1_CONV--ZED-RGB.mpeg,34,FEBRE,FEBRE
08-04-2024_16-48-55_p0021_s47_b1_CONV--ZED-RGB.mpeg,47,XIXI SENTIR IGUAL QUENTE,XIXI SENTIR IGUAL QUENTE
16-04-2024_10-53-27_p0025_s265_b4_CONV--ZED-RGB.mpeg,265,VINHO,VINHO
09-05-2024_15-11-32_p0033_s148.17_b2_CONV--ZED-RGB.mpeg,148.17,Q,Q
18-04-2024_10-13-11_p0025_s15_b1_CONV--ZED-RGB.mpeg,15,DOR PÉ P-E,DOR PÉ P-E
19-03-2024_15-05-40_p0022_s103_b2_CONV--ZED-RGB.mpeg,103,DOR JOELHO-DIREITO JOELHO-ESQUERDO,DOR JOELHO-DIREITO JOELHO-ESQUERDO
03-05-2024_08-42-42_p0030_s43_b1_CONV--ZED-RGB.mpeg,43,ESCORPIÃO PICAR,ESCORPIÃO PICAR
25-03-2024_15-48-20_p0020_s256_b4_CONV--ZED-RGB.mpeg,256,ALERGIA AMENDOIM,ALERGIA AMENDOIM
08-04-2024_16-08-59_p0021_s148.12_b2_CONV--ZED-RGB.mpeg,148.12,L,L
12-03-2024_10-16-26_p0021_s212_b4_CONV--zed-rgb.mpeg,212,FEZES-LÍQUIDAS,FEZES-LÍQUIDAS
02-05-2024_15-16-54_p0026_s195_b3_CONV--ZED-RGB.mpeg,195,CATARRO COLA NENHUM,CATARRO COLA NENHUM
03-05-2024_18-48-41_p0031_s184_b3_CONV--ZED-RGB.mpeg,184,DOR BRAÇO-ESPALHAR,DOR BRAÇO-ESPALHAR
10-05-2024_15-28-59_p0033_s237_b4_CONV--ZED-RGB.mpeg,237,RINS FRACO,RINS FRACO
19-03-2024_15-50-55_p0022_s148.24_b2_CONV--ZED-RGB.mpeg,148.24,X,X
27-03-2024_16-15-23_p0015_s40_b1_CONV--ZED-RGB.mpeg,40,CACHORRO MORDER,CACHORRO MORDER
31-01-2024_15-10-02_p13_sP17.1--zed-rgb.mpeg,P17.1,VOCÊ JÁ VACINAR COVID-19,VOCÊ JÁ VACINAR COVID-19
16-04-2024_15-37-05_p0016_sP11.3_b3_CONV--ZED-RGB.mpeg,P11.3,NO-DECORRER-DO-TEMPO SENTIR DOR NO-TOTAL QUANTOS,NO-DECORRER-DO-TEMPO SENTIR DOR NO-TOTAL QUANTOS
20-03-2024_15-02-52_p0015_s170.7_b3_CONV--ZED-RGB.mpeg,170.7,7,7
20-05-2024_11-21-00_p0034_s4_b1_CONV--ZED-RGB.mpeg,4,CONVULSÃO ENROLAR-LÍNGUA,CONVULSÃO ENROLAR-LÍNGUA
22-02-2024_15-40-46_p0014_s186_b3_CONV--zed-rgb.mpeg,186,COSTAS DOR ESPALHAR,COSTAS DOR ESPALHAR
12-03-2024_14-27-12_p0022_s28_b1_CONV--zed-rgb.mpeg,28,NARIZ-LADOS FECHAR,NARIZ-LADOS FECHAR
16-04-2024_15-56-11_p0016_s200_b3_CONV--ZED-RGB.mpeg,200,CATARRO COLA VERDE,CATARRO COLA VERDE
18-06-2024_14-58-54_p0028_s93_b2_CONV--ZED-RGB.mpeg,93,DOR NUCA,DOR NUCA
08-04-2024_16-18-28_p0021_s154_b2_CONV--ZED-RGB.mpeg,154,PARAR,PARAR
23-05-2024_15-18-25_p0035_s202_b3_CONV--ZED-RGB.mpeg,202,CATARRO COLA SANGUE PONTOS,CATARRO COLA SANGUE PONTOS
20-05-2024_12-37-18_p0034_s278_b4_CONV--ZED-RGB.mpeg,278,UMA-DOSE TOMAR TODO-DIA,UMA-DOSE TOMAR TODO-DIA
22-02-2024_10-53-43_p0017_s170.2_b3_CONV--zed-rgb.mpeg,170.2,2,2
16-05-2024_14-56-59_p0034_s134_b2_CONV--ZED-RGB.mpeg,134,MASTIGAR,MASTIGAR
07-03-2024_13-44-18_p0010_s90_b2_CONV--zed-rgb.mpeg,90,DOR OUVIDO,DOR OUVIDO
19-07-2024_15-49-32_p0040_s70_b1_CONV--ZED-RGB.mpeg,70,1-HORA,1-HORA
18-04-2024_10-25-01_p0025_s44_b1_CONV--ZED-RGB.mpeg,44,PRESSÃO-ARTERIAL ALTO-BAIXO,PRESSÃO-ARTERIAL ALTO-BAIXO
08-05-2024_16-08-39_p0033_s193_b3_CONV--ZED-RGB.mpeg,193,FICAR-EM-PÉ SENTAR DEITAR DOR PIORAR NÃO,FICAR-EM-PÉ SENTAR DEITAR DOR PIORAR NÃO
19-06-2024_10-24-26_p0036_s69_b1_CONV--ZED-RGB.mpeg,69,30 MINUTO,30 MINUTO
16-04-2024_10-53-48_p0025_s266_b4_CONV--ZED-RGB.mpeg,266,DOSE ÁLCOOL,DOSE ÁLCOOL
26-02-2024_15-43-07_p0019_s231_b4_CONV--zed-rgb.mpeg,231,DEPRESSÃO,DEPRESSÃO
03-05-2024_18-36-37_p0031_s170.8_b3_CONV--ZED-RGB.mpeg,170.8,8,8
30-01-2024_14-52-39_p12_s135--zed-rgb.mpeg,135,ENGOLIR,ENGOLIR
06-05-2024_15-26-58_p0032_s224_b4_CONV--ZED-RGB.mpeg,224,INFARTO,INFARTO
03-04-2024_15-34-23_p0023_s217_b4_CONV--ZED-RGB.mpeg,217,FEZES-LÍQUIDAS BRANCO,FEZES-LÍQUIDAS BRANCO
05-06-2024_15-03-50_p0037_s212_b4_CONV--ZED-RGB.mpeg,212,FEZES-LÍQUIDAS,FEZES-LÍQUIDAS
02-05-2024_14-57-58_p0026_s171_b3_CONV--ZED-RGB.mpeg,171,UMA-VEZ,UMA-VEZ
18-06-2024_15-44-32_p0028_s153_b2_CONV--ZED-RGB.mpeg,153,REPETIR POR-FAVOR,REPETIR POR-FAVOR
08-06-2024_10-22-25_p0031_s10_b1_CONV--ZED-RGB.mpeg,10,DOR BARRIGA,DOR BARRIGA
24-01-2024_17-31-04_p10_s267--zed-rgb.mpeg,267,VODCA,VODCA
08-05-2024_16-14-35_p0033_s196_b3_CONV--ZED-RGB.mpeg,196,TOSSE CATARRO COLA,TOSSE CATARRO COLA
21-02-2024_11-30-19_p0013_s5_b1_CONV--zed-rgb.mpeg,5,CABEÇA DOR,CABEÇA DOR
18-04-2024_15-24-06_p0026_s91_b2_CONV--ZED-RGB.mpeg,91,DOR LADO-CABEÇA LADO-CABEÇA,DOR LADO-CABEÇA LADO-CABEÇA
29-04-2024_11-29-24_p0029_s90_b2_CONV--ZED-RGB.mpeg,90,DOR OUVIDO,DOR OUVIDO
26-08-2024_15-21-36_p0019_s18_b1_CONV--ZED-RGB.mp4,18,DIFÍCIL RESPIRAR,DIFÍCIL RESPIRAR
19-06-2024_16-43-38_p0023_s62_b1_CONV--ZED-RGB.mpeg,62,MATERIAL GRUPO CORTAR TAMBÉM OBJETO-FINO-LONGO FINCAR,MATERIAL GRUPO CORTAR TAMBÉM OBJETO-FINO-LONGO FINCAR
24-04-2024_15-54-53_p0027_s191_b3_CONV--ZED-RGB.mpeg,191,MOMENTO APERTAR-BRAÇO DOR PIORAR NÃO,MOMENTO APERTAR-BRAÇO DOR PIORAR NÃO
10-05-2024_15-16-26_p0033_s225_b4_CONV--ZED-RGB.mpeg,225,ARRITMIA,ARRITMIA
29-04-2024_16-29-34_p0024_s11_b1_CONV--ZED-RGB.mpeg,11,DOR GARGANTA,DOR GARGANTA
10-05-2024_16-30-02_p0033_s19_b1_CONV--ZED-RGB.mpeg,19,PALPITAÇÃO,PALPITAÇÃO
11-06-2024_14-08-22_p0035_sP06.2_b2_CONV--ZED-RGB.mpeg,P6.2,COMO DOR,COMO DOR
22-02-2024_13-59-34_p0018_s84_b2_CONV--zed-rgb.mpeg,84,TRÊS-DIAS,TRÊS-DIAS
22-02-2024_14-29-33_p0018_s147_b2_CONV--zed-rgb.mpeg,147,JEJUM,JEJUM
29-04-2024_11-58-42_p0029_s148.9_b2_CONV--ZED-RGB.mpeg,148.9,I,I
17-06-2024_15-28-09_p0019_s144_b2_CONV--ZED-RGB.mpeg,144,ÁGUA FRIO COLOCAR-BRAÇO,ÁGUA FRIO COLOCAR-BRAÇO
22-04-2024_09-28-38_p0025_s182_b3_CONV--ZED-RGB.mpeg,182,QUEIXO DOR ESPALHAR,QUEIXO DOR ESPALHAR
12-03-2024_10-17-07_p0021_s215_b4_CONV--zed-rgb.mpeg,215,FEZES-LÍQUIDAS BORBULHAR,FEZES-LÍQUIDAS BORBULHAR
16-05-2024_15-05-23_p0034_s148.5_b2_CONV--ZED-RGB.mpeg,148.5,E,E
29-04-2024_17-05-28_p0024_s76_b1_CONV--ZED-RGB.mpeg,76,LIMPAR CASA,LIMPAR CASA
23-05-2024_14-54-54_p0035_s170.5_b3_CONV--ZED-RGB.mpeg,170.5,5,5
13-03-2024_15-19-40_p0014_s141_b2_CONV--zed-rgb.mpeg,141,MEXER-PESCOÇO,MEXER-PESCOÇO
07-03-2024_13-56-20_p0010_s117_b2_CONV--zed-rgb.mpeg,117,SUAR SUAR SUAR,SUAR SUAR SUAR
08-05-2024_15-57-30_p0033_s190_b3_CONV--ZED-RGB.mpeg,190,SIM APERTAR-BRAÇO DOER,SIM APERTAR-BRAÇO DOER
15-05-2024_15-28-40_p0032_s96_b2_CONV--ZED-RGB.mpeg,96,DOR MEIO-BARRIGA,DOR MEIO-BARRIGA
27-03-2024_16-09-01_p0015_s27_b1_CONV--ZED-RGB.mpeg,27,CATARRO GRIPE,CATARRO GRIPE
12-03-2024_14-26-22_p0022_s25_b1_CONV--zed-rgb.mpeg,25,FEZES ESCURO,FEZES ESCURO
25-03-2024_16-44-37_p0020_s153_b2_CONV--ZED-RGB.mpeg,153,REPETIR POR-FAVOR,REPETIR POR-FAVOR
28-06-2024_15-45-56_p0035_s274_b4_CONV--ZED-RGB.mpeg,274,DOIS LATAS DUAS-VEZES SEMANA,DOIS LATAS DUAS-VEZES SEMANA
21-02-2024_15-47-28_p0016_s132_b2_CONV--zed-rgb.mpeg,132,NARIZ ESPIRRAR,NARIZ ESPIRRAR
22-02-2024_11-37-58_p0017_s217_b4_CONV--zed-rgb.mpeg,217,FEZES-LÍQUIDAS BRANCO,FEZES-LÍQUIDAS BRANCO
25-03-2024_15-51-06_p0020_s259_b4_CONV--ZED-RGB.mpeg,259,TER FUMAR SIM,TER FUMAR SIM
03-05-2024_14-25-23_p0027_s148.12_b2_CONV--ZED-RGB.mpeg,148.12,L,L
11-05-2024_09-43-06_p0034_s173_b3_CONV--ZED-RGB.mpeg,173,SEMPRE SEMPRE,SEMPRE SEMPRE
06-05-2024_15-27-49_p0032_s225_b4_CONV--ZED-RGB.mpeg,225,ARRITMIA,ARRITMIA
10-05-2024_15-16-07_p0033_s224_b4_CONV--ZED-RGB.mpeg,224,INFARTO,INFARTO
30-01-2024_11-21-54_p11_s58.2--zed-rgb.mpeg,58.2,QUEBRAR QUEBRAR QUEBRAR FÍSICO,QUEBRAR QUEBRAR QUEBRAR FÍSICO
05-06-2024_10-24-18_p0036_s263_b4_CONV--ZED-RGB.mpeg,263,DEZ ANO,DEZ ANO
19-03-2024_15-09-40_p0022_s107_b2_CONV--ZED-RGB.mpeg,107,DOR PROFUNDO,DOR PROFUNDO
08-05-2024_09-28-57_p0030_s86_b2_CONV--ZED-RGB.mpeg,86,UM MÊS,UM MÊS
20-02-2024_16-47-22_p0015_s254_b4_CONV--zed-rgb.mpeg,254,ALERGIA COMER CATEGORIA ÁGUA-MAR,ALERGIA COMER CATEGORIA ÁGUA-MAR
24-01-2024_17-43-05_p10_s283--zed-rgb.mpeg,283,UM COPO UMA-VEZ SEMANA,UM COPO UMA-VEZ SEMANA
19-06-2024_10-13-34_p0036_s52_b1_CONV--ZED-RGB.mpeg,52,XIXI ESPUMAR,XIXI ESPUMAR
08-05-2024_09-45-55_p0030_s120_b2_CONV--ZED-RGB.mpeg,120,VER DOBRADO,VER DOBRADO
31-01-2024_14-42-18_p13_sP09.6--zed-rgb.mpeg,P9.6,SUBIR-ESCADA FÍSICO PIOR,SUBIR-ESCADA FÍSICO PIOR
30-01-2024_15-03-41_p12_s148.15--zed-rgb.mpeg,148.15,O,O
19-06-2024_09-56-40_p0036_s17_b1_CONV--ZED-RGB.mpeg,17,CHIAR,CHIAR
19-03-2024_14-57-19_p0022_s88_b2_CONV--ZED-RGB.mpeg,88,NÃO,NÃO
24-04-2024_15-36-51_p0027_sP11.1_b3_CONV--ZED-RGB.mpeg,P11.1,SENTIR DOR DEPOIS SUMIR OUTRA-VEZ SENTIR DOR SUMIR VOLTAR SUMIR,SENTIR DOR DEPOIS SUMIR OUTRA-VEZ SENTIR DOR SUMIR VOLTAR SUMIR
05-06-2024_10-06-26_p0036_s233_b4_CONV--ZED-RGB.mpeg,233,A-V-C,A-V-C
10-05-2024_08-46-11_p0030_sP11.4_b3_CONV--ZED-RGB.mpeg,P11.4,AO-LONGO-DO-TEMPO DOR COMO AUMENTAR O-U DIMINUIR,AO-LONGO-DO-TEMPO DOR COMO AUMENTAR O-U DIMINUIR
22-02-2024_15-47-42_p0014_s197_b3_CONV--zed-rgb.mpeg,197,CATARRO COLA CLARO,CATARRO COLA CLARO
19-06-2024_16-21-24_p0023_s11_b1_CONV--ZED-RGB.mpeg,11,DOR GARGANTA,DOR GARGANTA
18-06-2024_15-38-01_p0028_s148.15_b2_CONV--ZED-RGB.mpeg,148.15,O,O
28-06-2024_15-26-07_p0035_s247_b4_CONV--ZED-RGB.mpeg,247,ALERGIA FLOR PÓLEN,ALERGIA FLOR PÓLEN
12-06-2024_17-05-06_p0038_s206_b3_CONV--ZED-RGB.mpeg,206,QUATRO VACINA,QUATRO VACINA
25-03-2024_16-24-34_p0020_s124_b2_CONV--ZED-RGB.mpeg,124,GASES,GASES
08-04-2024_16-42-20_p0021_s27_b1_CONV--ZED-RGB.mpeg,27,CATARRO GRIPE,CATARRO GRIPE
15-05-2024_15-42-00_p0032_s116_b2_CONV--ZED-RGB.mpeg,116,DOR APERTAR PONTADA,DOR APERTAR PONTADA
15-05-2024_16-54-02_p0032_s154_b2_CONV--ZED-RGB.mpeg,154,PARAR,PARAR
26-03-2024_15-02-02_p0022_sP09.3_b3_CONV--ZED-RGB.mpeg,P9.3,PLANO ANDAR FÍSICO PIOR,PLANO ANDAR FÍSICO PIOR
24-05-2024_18-36-58_p0031_s96_b2_CONV--ZED-RGB.mpeg,96,DOR MEIO-BARRIGA,DOR MEIO-BARRIGA
09-05-2024_15-03-47_p0033_s147_b2_CONV--ZED-RGB.mpeg,147,JEJUM,JEJUM
07-03-2024_14-15-25_p0010_s149_b2_CONV--zed-rgb.mpeg,149,DEVAGAR,DEVAGAR
02-05-2024_15-47-31_p0026_s217_b4_CONV--ZED-RGB.mpeg,217,FEZES-LÍQUIDAS BRANCO,FEZES-LÍQUIDAS BRANCO
18-06-2024_16-32-36_p0028_s237_b4_CONV--ZED-RGB.mpeg,237,RINS FRACO,RINS FRACO
18-06-2024_15-34-30_p0028_s148.5_b2_CONV--ZED-RGB.mpeg,148.5,E,E
02-05-2024_15-54-01_p0026_s231_b4_CONV--ZED-RGB.mpeg,231,DEPRESSÃO,DEPRESSÃO
19-03-2024_15-52-49_p0022_s151_b2_CONV--ZED-RGB.mpeg,151,OBRIGADO,OBRIGADO
06-05-2024_15-32-25_p0032_s236_b4_CONV--ZED-RGB.mpeg,236,FÍGADO INFLAMADO,FÍGADO INFLAMADO
16-07-2024_16-57-23_p0039_s277_b4_CONV--ZED-RGB.mpeg,277,DOIS GARRAFAS DUAS-VEZES SEMANA,DOIS GARRAFAS DUAS-VEZES SEMANA
18-03-2024_15-41-27_p0020_s63_b1_CONV--ZED-RGB.mpeg,63,TIRO FURAR-BARRIGA,TIRO FURAR-BARRIGA
16-04-2024_15-58-52_p0016_sP17.2_b3_CONV--ZED-RGB.mpeg,P17.2,QUANTOS VACINAR,QUANTOS VACINAR
24-05-2024_19-15-02_p0031_s153_b2_CONV--ZED-RGB.mpeg,153,REPETIR POR-FAVOR,REPETIR POR-FAVOR
18-06-2024_15-32-57_p0028_s148.1_b2_CONV--ZED-RGB.mpeg,148.1,A,A
20-05-2024_11-24-21_p0034_s11_b1_CONV--ZED-RGB.mpeg,11,DOR GARGANTA,DOR GARGANTA
19-06-2024_16-23-05_p0023_s15_b1_CONV--ZED-RGB.mpeg,15,DOR PÉ P-E,DOR PÉ P-E
10-05-2024_16-47-53_p0033_s64_b1_CONV--ZED-RGB.mpeg,64,QUASE CABEÇA-SAIR NASCER,QUASE CABEÇA-SAIR NASCER
10-05-2024_09-46-40_p0030_s234_b4_CONV--ZED-RGB.mpeg,234,TOSSIR CATARRO VERMELHO,TOSSIR CATARRO VERMELHO
29-02-2024_13-35-28_p0010_s3_b1_CONV--zed-rgb.mpeg,3,MUDAR COMPORTAMENTO,MUDAR COMPORTAMENTO
26-03-2024_15-50-12_p0022_sP21.1_b3_CONV--ZED-RGB.mpeg,P21.1,DOCUMENTO REMÉDIO VOCÊ TRAZER,DOCUMENTO REMÉDIO VOCÊ TRAZER
09-05-2024_15-07-26_p0033_s148.8_b2_CONV--ZED-RGB.mpeg,148.8,H,H
19-06-2024_16-43-15_p0023_s61_b1_CONV--ZED-RGB.mpeg,61,PELE QUEIMAR,PELE QUEIMAR
17-07-2024_14-35-36_p0041_s134_b2_CONV--ZED-RGB.mpeg,134,MASTIGAR,MASTIGAR
20-05-2024_11-26-18_p0034_s15_b1_CONV--ZED-RGB.mpeg,15,DOR PÉ P-E,DOR PÉ P-E
28-02-2024_17-02-07_p0011_s149_b2_CONV--zed-rgb.mpeg,149,DEVAGAR,DEVAGAR
08-05-2024_09-45-03_p0030_s117_b2_CONV--ZED-RGB.mpeg,117,SUAR SUAR SUAR,SUAR SUAR SUAR
10-05-2024_10-05-28_p0030_s274_b4_CONV--ZED-RGB.mpeg,274,DOIS LATAS DUAS-VEZES SEMANA,DOIS LATAS DUAS-VEZES SEMANA
20-05-2024_15-35-39_p0023_s114_b2_CONV--ZED-RGB.mpeg,114,DOR CHOQUE,DOR CHOQUE
15-05-2024_15-25-55_p0032_s91_b2_CONV--ZED-RGB.mpeg,91,DOR LADO-CABEÇA LADO-CABEÇA,DOR LADO-CABEÇA LADO-CABEÇA
11-03-2024_16-12-11_p0020_sP17.1_b3_CONV--zed-rgb.mpeg,P17.1,VOCÊ JÁ VACINAR COVID-19,VOCÊ JÁ VACINAR COVID-19
22-02-2024_11-35-14_p0017_s209_b4_CONV--zed-rgb.mpeg,209,NENHUM VONTADE NADA VOMITAR,NENHUM VONTADE NADA VOMITAR
19-06-2024_09-53-48_p0036_s11_b1_CONV--ZED-RGB.mpeg,11,DOR GARGANTA,DOR GARGANTA
22-02-2024_11-42-55_p0017_s231_b4_CONV--zed-rgb.mpeg,231,DEPRESSÃO,DEPRESSÃO
25-03-2024_16-45-09_p0020_s155_b2_CONV--ZED-RGB.mpeg,155,PARAR,PARAR
07-05-2024_14-33-26_p0027_s264_b4_CONV--ZED-RGB.mpeg,264,CERVEJA,CERVEJA
30-04-2024_13-50-08_p0024_s148.23_b2_CONV--ZED-RGB.mpeg,148.23,W,W
27-03-2024_15-29-33_p0015_s137_b2_CONV--ZED-RGB.mpeg,137,ESTRESSE,ESTRESSE
08-06-2024_10-26-08_p0031_s21_b1_CONV--ZED-RGB.mpeg,21,EVACUAR-ESPALHAR,EVACUAR-ESPALHAR
05-06-2024_10-13-10_p0036_s248_b4_CONV--ZED-RGB.mpeg,248,ALERGIA CACHORRO,ALERGIA CACHORRO
20-05-2024_11-45-57_p0034_s55_b1_CONV--ZED-RGB.mpeg,55,VERMELHO NARIZ-SANGRAR GRIPE,VERMELHO NARIZ-SANGRAR GRIPE
29-04-2024_11-31-13_p0029_s96_b2_CONV--ZED-RGB.mpeg,96,DOR MEIO-BARRIGA,DOR MEIO-BARRIGA
10-05-2024_16-28-46_p0033_s16_b1_CONV--ZED-RGB.mpeg,16,RESPIRAR FALTAR,RESPIRAR FALTAR
23-05-2024_14-39-36_p0035_s158_b3_CONV--ZED-RGB.mpeg,158,SUBIR-MORRO FÍSICO PIOR,SUBIR-MORRO FÍSICO PIOR
16-05-2024_15-10-39_p0034_s148.19_b2_CONV--ZED-RGB.mpeg,148.19,S,S
02-04-2024_15-26-49_p0021_s175_b3_CONV--ZED-RGB.mpeg,175,DOIS SEMANA,DOIS SEMANA
03-05-2024_14-07-57_p0027_s107_b2_CONV--ZED-RGB.mpeg,107,DOR PROFUNDO,DOR PROFUNDO
20-02-2024_16-39-34_p0015_s237_b4_CONV--zed-rgb.mpeg,237,RINS FRACO,RINS FRACO
23-04-2024_15-17-24_p0026_s33_b1_CONV--ZED-RGB.mpeg,33,COÇAR,COÇAR
10-05-2024_16-22-13_p0033_s2_b1_CONV--ZED-RGB.mpeg,2,CONFUSÃO,CONFUSÃO
11-06-2024_14-40-13_p0035_s148.18_b2_CONV--ZED-RGB.mpeg,148.18,R,R
20-05-2024_16-07-24_p0023_s148.19_b2_CONV--ZED-RGB.mpeg,148.19,S,S
27-03-2024_15-42-41_p0015_s149_b2_CONV--ZED-RGB.mpeg,149,DEVAGAR,DEVAGAR
19-06-2024_16-36-01_p0023_s43_b1_CONV--ZED-RGB.mpeg,43,ESCORPIÃO PICAR,ESCORPIÃO PICAR
19-07-2024_14-34-11_p0040_s148.19_b2_CONV--ZED-RGB.mpeg,148.19,S,S
10-05-2024_09-57-42_p0030_s260_b4_CONV--ZED-RGB.mpeg,260,NÃO FUMAR,NÃO FUMAR
13-03-2024_15-18-49_p0014_s139_b2_CONV--zed-rgb.mpeg,139,BRAÇO MEXER-BRAÇO,BRAÇO MEXER-BRAÇO
29-04-2024_16-37-55_p0024_s21_b1_CONV--ZED-RGB.mpeg,21,EVACUAR-ESPALHAR,EVACUAR-ESPALHAR
12-03-2024_14-47-02_p0022_s74_b1_CONV--zed-rgb.mpeg,74,BEBER,BEBER
24-05-2024_18-48-48_p0031_s121_b2_CONV--ZED-RGB.mpeg,121,VER MANCHAS,VER MANCHAS
30-04-2024_13-41-56_p0024_s146_b2_CONV--ZED-RGB.mpeg,146,REMÉDIO,REMÉDIO
26-03-2024_15-16-26_p0022_s170.10_b3_CONV--ZED-RGB.mpeg,170.10,10,10
18-06-2024_16-51-53_p0028_s268_b4_CONV--ZED-RGB.mpeg,268,UÍSQUE,UÍSQUE
23-04-2024_15-09-58_p0026_s22_b1_CONV--ZED-RGB.mpeg,22,EVACUAR MOLE VERMELHO,EVACUAR MOLE VERMELHO
18-04-2024_10-14-01_p0025_s17_b1_CONV--ZED-RGB.mpeg,17,CHIAR,CHIAR
18-03-2024_11-42-52_p0013_s278_b4_CONV--ZED-RGB.mpeg,278,UMA-DOSE TOMAR TODO-DIA,UMA-DOSE TOMAR TODO-DIA
07-03-2024_13-50-12_p0010_sP06.2_b2_CONV--zed-rgb.mpeg,P6.2,COMO DOR,COMO DOR
24-05-2024_19-03-23_p0031_s147_b2_CONV--ZED-RGB.mpeg,147,JEJUM,JEJUM
22-02-2024_14-31-42_p0018_s148.3_b2_CONV--zed-rgb.mpeg,148.3,C,C
03-05-2024_18-26-27_p0031_s161_b3_CONV--ZED-RGB.mpeg,161,PLANO ANDAR FÍSICO PIOR NÃO,PLANO ANDAR FÍSICO PIOR NÃO
24-04-2024_16-06-50_p0027_sP17.1_b3_CONV--ZED-RGB.mpeg,P17.1,VOCÊ JÁ VACINAR COVID-19,VOCÊ JÁ VACINAR COVID-19
20-03-2024_15-01-54_p0015_s170.4_b3_CONV--ZED-RGB.mpeg,170.4,4,4
29-04-2024_11-54-05_p0029_s144_b2_CONV--ZED-RGB.mpeg,144,ÁGUA FRIO COLOCAR-BRAÇO,ÁGUA FRIO COLOCAR-BRAÇO
09-05-2024_14-52-28_p0033_s134_b2_CONV--ZED-RGB.mpeg,134,MASTIGAR,MASTIGAR
26-03-2024_15-14-33_p0022_s170.4_b3_CONV--ZED-RGB.mpeg,170.4,4,4
13-03-2024_15-28-43_p0014_s148.19_b2_CONV--zed-rgb.mpeg,148.19,S,S
08-04-2024_16-56-50_p0021_s65_b1_CONV--ZED-RGB.mpeg,65,NASCER VIVO,NASCER VIVO
12-03-2024_10-47-41_p0021_s265_b4_CONV--zed-rgb.mpeg,265,VINHO,VINHO
13-03-2024_15-06-08_p0014_sP06.3_b2_CONV--zed-rgb.mpeg,P6.3,DOR IGUAL PESO,DOR IGUAL PESO
05-06-2024_10-14-49_p0036_s251_b4_CONV--ZED-RGB.mpeg,251,ALERGIA GRUPO BORRACHA,ALERGIA GRUPO BORRACHA
05-06-2024_10-22-20_p0036_s259_b4_CONV--ZED-RGB.mpeg,259,TER FUMAR SIM,TER FUMAR SIM
28-02-2024_17-03-45_p0011_s153_b2_CONV--zed-rgb.mpeg,153,REPETIR POR-FAVOR,REPETIR POR-FAVOR
08-05-2024_10-04-23_p0030_s152_b2_CONV--ZED-RGB.mpeg,152,OBRIGADO,OBRIGADO
08-06-2024_10-19-23_p0031_s2_b1_CONV--ZED-RGB.mpeg,2,CONFUSÃO,CONFUSÃO
30-04-2024_13-44-10_p0024_s148.3_b2_CONV--ZED-RGB.mpeg,148.3,C,C
05-03-2024_10-47-39_p0014_s80_b1_CONV--zed-rgb.mpeg,80,SENTADO EM-PÉ,SENTADO EM-PÉ
02-05-2024_15-43-06_p0026_sP18.1_b4_CONV--ZED-RGB.mpeg,P18.1,ENJOAR O-U VOMITAR,ENJOAR O-U VOMITAR
11-05-2024_09-29-45_p0034_s164_b3_CONV--ZED-RGB.mpeg,164,DEITAR CALMA PIOR,DEITAR CALMA PIOR
20-05-2024_12-34-31_p0034_s272_b4_CONV--ZED-RGB.mpeg,272,UM LATA TODO-DIA,UM LATA TODO-DIA
07-05-2024_15-12-58_p0027_s61_b1_CONV--ZED-RGB.mpeg,61,PELE QUEIMAR,PELE QUEIMAR
10-05-2024_15-13-57_p0033_s222_b4_CONV--ZED-RGB.mpeg,222,DOR-BARRIGA NENHUM,DOR-BARRIGA NENHUM
29-04-2024_11-55-02_p0029_s147_b2_CONV--ZED-RGB.mpeg,147,JEJUM,JEJUM
30-04-2024_13-53-20_p0024_s153_b2_CONV--ZED-RGB.mpeg,153,REPETIR POR-FAVOR,REPETIR POR-FAVOR
24-05-2024_19-15-37_p0031_s155_b2_CONV--ZED-RGB.mpeg,155,PARAR,PARAR
18-04-2024_15-46-31_p0026_s148.6_b2_CONV--ZED-RGB.mpeg,148.6,F,F
18-06-2024_15-32-29_p0028_s147_b2_CONV--ZED-RGB.mpeg,147,JEJUM,JEJUM
11-06-2024_13-58-47_p0035_s91_b2_CONV--ZED-RGB.mpeg,91,DOR LADO-CABEÇA LADO-CABEÇA,DOR LADO-CABEÇA LADO-CABEÇA
18-03-2024_11-11-38_p0013_s213_b4_CONV--ZED-RGB.mpeg,213,CLARO,CLARO
24-04-2024_15-35-26_p0027_s170.8_b3_CONV--ZED-RGB.mpeg,170.8,8,8
28-06-2024_15-18-57_p0035_s232_b4_CONV--ZED-RGB.mpeg,232,ANSIEDADE,ANSIEDADE
31-01-2024_15-11-34_p13_sP17.3--zed-rgb.mpeg,P17.3,VOCÊ JÁ VACINAR GRIPE,VOCÊ JÁ VACINAR GRIPE
02-04-2024_15-53-24_p0021_s206_b3_CONV--ZED-RGB.mpeg,206,QUATRO VACINA,QUATRO VACINA
23-04-2024_11-34-35_p0024_s253_b4_CONV--ZED-RGB.mpeg,253,ALERGIA O-V-O OVO,ALERGIA O-V-O OVO
19-03-2024_15-28-15_p0022_s135_b2_CONV--ZED-RGB.mpeg,135,ENGOLIR,ENGOLIR
10-05-2024_09-55-44_p0030_sP22.2_b4_CONV--ZED-RGB.mpeg,P22.2,MOMENTO VOCÊ TOMAR-MEDICAMENTO SURGIR TER ALERGIA TER,MOMENTO VOCÊ TOMAR-MEDICAMENTO SURGIR TER ALERGIA TER
24-07-2024_14-09-59_p0041_s8_b1_CONV--ZED-RGB.mpeg,8,DOR COSTAS,DOR COSTAS
13-03-2024_16-00-32_p0014_s247_b4_CONV--zed-rgb.mpeg,247,ALERGIA FLOR PÓLEN,ALERGIA FLOR PÓLEN
31-01-2024_14-36-10_p13_s159--zed-rgb.mpeg,159,SUBIR-MORRO CORPO PIOR NÃO,SUBIR-MORRO CORPO PIOR NÃO
16-07-2024_16-46-07_p0039_s262_b4_CONV--ZED-RGB.mpeg,262,DOIS ANO,DOIS ANO
23-05-2024_14-54-36_p0035_s170.4_b3_CONV--ZED-RGB.mpeg,170.4,4,4
29-04-2024_11-35-31_p0029_s104_b2_CONV--ZED-RGB.mpeg,104,DOR PERNA-DIREITA PERNA-ESQUERDA,DOR PERNA-DIREITA PERNA-ESQUERDA
10-05-2024_08-52-51_p0030_s186_b3_CONV--ZED-RGB.mpeg,186,COSTAS DOR ESPALHAR,COSTAS DOR ESPALHAR
20-03-2024_15-13-43_p0015_s186_b3_CONV--ZED-RGB.mpeg,186,COSTAS DOR ESPALHAR,COSTAS DOR ESPALHAR
20-05-2024_11-53-55_p0034_s71_b1_CONV--ZED-RGB.mpeg,71,2-HORA,2-HORA
02-05-2024_16-00-19_p0026_s248_b4_CONV--ZED-RGB.mpeg,248,ALERGIA CACHORRO,ALERGIA CACHORRO
26-03-2024_16-20-15_p0022_s245_b4_CONV--ZED-RGB.mpeg,245,ÁCARO ALERGIA,ÁCARO ALERGIA
22-02-2024_13-20-02_p0018_s7_b1_CONV--zed-rgb.mpeg,7,DOR PEITO,DOR PEITO
19-07-2024_14-20-26_p0040_s137_b2_CONV--ZED-RGB.mpeg,137,ESTRESSE,ESTRESSE
26-08-2024_15-31-27_p0019_s42_b1_CONV--ZED-RGB.mp4,42,COBRA PICAR,COBRA PICAR
30-01-2024_14-46-15_p12_s131--zed-rgb.mpeg,131,PERÍODO MENSTRUAR,PERÍODO MENSTRUAR
28-06-2024_15-10-06_p0035_s218_b4_CONV--ZED-RGB.mpeg,218,FEZES-LÍQUIDAS ESCURO,FEZES-LÍQUIDAS ESCURO
22-02-2024_14-25-08_p0018_s135_b2_CONV--zed-rgb.mpeg,135,ENGOLIR,ENGOLIR
18-03-2024_11-14-29_p0013_s219_b4_CONV--ZED-RGB.mpeg,219,FEZES-LÍQUIDAS RESTOS COMIDA,FEZES-LÍQUIDAS RESTOS COMIDA
03-05-2024_18-56-35_p0031_sP15.2_b3_CONV--ZED-RGB.mpeg,P15.2,TOSSE COMO,TOSSE COMO
08-04-2024_16-38-05_p0021_s17_b1_CONV--ZED-RGB.mpeg,17,CHIAR,CHIAR
28-06-2024_15-28-24_p0035_s253_b4_CONV--ZED-RGB.mpeg,253,ALERGIA O-V-O OVO,ALERGIA O-V-O OVO
26-03-2024_15-45-40_p0022_s203_b3_CONV--ZED-RGB.mpeg,203,NÃO VACINAR COVID-19,NÃO VACINAR COVID-19
16-07-2024_16-41-20_p0039_s255_b4_CONV--ZED-RGB.mpeg,255,ALERGIA CATEGORIA T-R-I-G-O FARINHA,ALERGIA CATEGORIA T-R-I-G-O FARINHA
03-05-2024_08-48-43_p0030_s55_b1_CONV--ZED-RGB.mpeg,55,VERMELHO NARIZ-SANGRAR GRIPE,VERMELHO NARIZ-SANGRAR GRIPE
22-02-2024_15-48-47_p0014_s201_b3_CONV--zed-rgb.mpeg,201,CATARRO COLA VERMELHO,CATARRO COLA VERMELHO
08-04-2024_16-19-17_p0021_s156_b2_CONV--ZED-RGB.mpeg,156,NÃO-ENTENDER,NÃO-ENTENDER
08-04-2024_16-43-54_p0021_s32_b1_CONV--ZED-RGB.mpeg,32,MANCHAS-PELE VERMELHO,MANCHAS-PELE VERMELHO
15-05-2024_15-58-32_p0032_sP08.1_b2_CONV--ZED-RGB.mpeg,P8.1,S-I FAZER COISAS SENTIR DOR PIORAR,S-I FAZER COISAS SENTIR DOR PIORAR
13-05-2024_15-58-43_p0028_s174_b3_CONV--ZED-RGB.mpeg,174,TRÊS-VEZES DIA,TRÊS-VEZES DIA
29-04-2024_16-11-22_p0024_sP21.2_b3_CONV--ZED-RGB.mpeg,P21.2,USAR REMÉDIO,USAR REMÉDIO
18-06-2024_15-35-18_p0028_s148.7_b2_CONV--ZED-RGB.mpeg,148.7,G,G
20-05-2024_12-05-57_p0034_s221_b4_CONV--ZED-RGB.mpeg,221,TER P-U-S MISTURAR AMARELO BRANCO MISTURAR,TER P-U-S MISTURAR AMARELO BRANCO MISTURAR
11-05-2024_09-49-58_p0034_s180_b3_CONV--ZED-RGB.mpeg,180,NUCA DOR ESPALHAR,NUCA DOR ESPALHAR
24-07-2024_14-34-48_p0041_sP02_b1_CONV--ZED-RGB.mpeg,P2,QUANDO COMEÇAR ENTÃO,QUANDO COMEÇAR ENTÃO
03-05-2024_18-34-41_p0031_s170.3_b3_CONV--ZED-RGB.mpeg,170.3,3,3
07-05-2024_15-14-29_p0027_s63_b1_CONV--ZED-RGB.mpeg,63,TIRO FURAR-BARRIGA,TIRO FURAR-BARRIGA
19-07-2024_14-27-46_p0040_s148.4_b2_CONV--ZED-RGB.mpeg,148.4,D,D
11-06-2024_14-17-35_p0035_sP07_b2_CONV--ZED-RGB.mpeg,P7,SENTIR JUNTO ITENS MAIS TER,SENTIR JUNTO ITENS MAIS TER
19-07-2024_14-38-33_p0040_s152_b2_CONV--ZED-RGB.mpeg,152,OBRIGADO,OBRIGADO
19-07-2024_14-39-19_p0040_s154_b2_CONV--ZED-RGB.mpeg,154,PARAR,PARAR
10-05-2024_09-51-24_p0030_s249_b4_CONV--ZED-RGB.mpeg,249,ALERGIA GATO,ALERGIA GATO
16-05-2024_14-39-59_p0034_sP06.4_b2_CONV--ZED-RGB.mpeg,P6.4,DOR IGUAL QUEIMAR,DOR IGUAL QUEIMAR
08-05-2024_15-48-28_p0033_s181_b3_CONV--ZED-RGB.mpeg,181,PESCOÇO DOR ESPALHAR,PESCOÇO DOR ESPALHAR
06-05-2024_15-15-34_p0032_s212_b4_CONV--ZED-RGB.mpeg,212,FEZES-LÍQUIDAS,FEZES-LÍQUIDAS
29-04-2024_12-02-22_p0029_s148.23_b2_CONV--ZED-RGB.mpeg,148.23,W,W
20-03-2024_15-03-10_p0015_s170.8_b3_CONV--ZED-RGB.mpeg,170.8,8,8
11-05-2024_09-55-51_p0034_s190_b3_CONV--ZED-RGB.mpeg,190,SIM APERTAR-BRAÇO DOER,SIM APERTAR-BRAÇO DOER
03-05-2024_14-05-59_p0027_s101_b2_CONV--ZED-RGB.mpeg,101,DOR OMBROS,DOR OMBROS
25-03-2024_16-23-15_p0020_s120_b2_CONV--ZED-RGB.mpeg,120,VER DOBRADO,VER DOBRADO
08-04-2024_16-57-11_p0021_s66_b1_CONV--ZED-RGB.mpeg,66,VAGINA VERMELHO SANGRAR,VAGINA VERMELHO SANGRAR
26-04-2024_14-58-54_p0028_s53_b1_CONV--ZED-RGB.mpeg,53,XIXI VERMELHO,XIXI VERMELHO
24-05-2024_19-02-16_p0031_s144_b2_CONV--ZED-RGB.mpeg,144,ÁGUA FRIO COLOCAR-BRAÇO,ÁGUA FRIO COLOCAR-BRAÇO
22-01-2024_16-47-13_p9_s172--zed-rgb.mpeg,172,VÁRIAS-VEZES,VÁRIAS-VEZES
22-02-2024_15-35-29_p0014_s178_b3_CONV--zed-rgb.mpeg,178,CINCO ANO,CINCO ANO
07-03-2024_14-10-14_p0010_s148.3_b2_CONV--zed-rgb.mpeg,148.3,C,C
24-05-2024_18-57-52_p0031_s132_b2_CONV--ZED-RGB.mpeg,132,NARIZ ESPIRRAR,NARIZ ESPIRRAR
18-03-2024_11-29-00_p0013_s251_b4_CONV--ZED-RGB.mpeg,251,ALERGIA GRUPO BORRACHA,ALERGIA GRUPO BORRACHA
02-05-2024_15-48-43_p0026_s221_b4_CONV--ZED-RGB.mpeg,221,TER P-U-S MISTURAR AMARELO BRANCO MISTURAR,TER P-U-S MISTURAR AMARELO BRANCO MISTURAR
02-04-2024_15-04-42_p0021_sP09.4_b3_CONV--ZED-RGB.mpeg,P9.4,TOMAR-BANHO FÍSICO PIOR,TOMAR-BANHO FÍSICO PIOR
02-05-2024_15-19-56_p0026_s201_b3_CONV--ZED-RGB.mpeg,201,CATARRO COLA VERMELHO,CATARRO COLA VERMELHO
20-05-2024_12-04-16_p0034_s217_b4_CONV--ZED-RGB.mpeg,217,FEZES-LÍQUIDAS BRANCO,FEZES-LÍQUIDAS BRANCO
27-03-2024_15-05-26_p0015_s87_b2_CONV--ZED-RGB.mpeg,87,SIM,SIM
24-04-2024_16-22-06_p0027_sP21.2_b3_CONV--ZED-RGB.mpeg,P21.2,USAR REMÉDIO,USAR REMÉDIO
19-06-2024_16-45-04_p0023_s65_b1_CONV--ZED-RGB.mpeg,65,NASCER VIVO,NASCER VIVO
10-05-2024_16-34-01_p0033_s29_b1_CONV--ZED-RGB.mpeg,29,INCHAR,INCHAR
05-03-2024_10-21-53_p0014_s2_b1_CONV--zed-rgb.mpeg,2,CONFUSÃO,CONFUSÃO
26-08-2024_15-29-25_p0019_s37_b1_CONV--ZED-RGB.mp4,37,VERMELHO SANGUE DOCE BAIXO-ALTO,VERMELHO SANGUE DOCE BAIXO-ALTO
26-03-2024_16-17-22_p0022_s235_b4_CONV--ZED-RGB.mpeg,235,OBESIDADE,OBESIDADE
08-04-2024_16-28-52_p0021_s1_b1_CONV--ZED-RGB.mpeg,1,CONFUSÃO-MENTAL PERCEPÇÃO ESQUECER,CONFUSÃO-MENTAL PERCEPÇÃO ESQUECER
18-04-2024_10-21-10_p0025_s35_b1_CONV--ZED-RGB.mpeg,35,ARREPIAR FRIO,ARREPIAR FRIO
25-03-2024_16-35-33_p0020_s147_b2_CONV--ZED-RGB.mpeg,147,JEJUM,JEJUM
08-05-2024_09-58-23_p0030_s148.8_b2_CONV--ZED-RGB.mpeg,148.8,H,H
24-07-2024_15-25-25_p0041_s271_b4_CONV--ZED-RGB.mpeg,271,CHAMPANHE,CHAMPANHE
05-06-2024_15-01-53_p0037_s210_b4_CONV--ZED-RGB.mpeg,210,MOLE,MOLE
03-04-2024_15-42-19_p0023_s225_b4_CONV--ZED-RGB.mpeg,225,ARRITMIA,ARRITMIA
19-06-2024_16-42-37_p0023_s59_b1_CONV--ZED-RGB.mpeg,59,TRAUMA,TRAUMA
05-03-2024_10-41-03_p0014_s61_b1_CONV--zed-rgb.mpeg,61,PELE QUEIMAR,PELE QUEIMAR
22-02-2024_15-50-32_p0014_s204_b3_CONV--zed-rgb.mpeg,204,DOIS VACINA,DOIS VACINA
03-05-2024_14-07-26_p0027_sP06.2_b2_CONV--ZED-RGB.mpeg,P6.2,COMO DOR,COMO DOR
20-05-2024_11-30-40_p0034_s25_b1_CONV--ZED-RGB.mpeg,25,FEZES ESCURO,FEZES ESCURO
08-04-2024_16-52-29_p0021_s57_b1_CONV--ZED-RGB.mpeg,57,TONTEIRA,TONTEIRA
30-04-2024_13-48-18_p0024_s148.17_b2_CONV--ZED-RGB.mpeg,148.17,Q,Q
23-04-2024_15-20-52_p0026_s43_b1_CONV--ZED-RGB.mpeg,43,ESCORPIÃO PICAR,ESCORPIÃO PICAR
08-04-2024_15-36-34_p0021_s101_b2_CONV--ZED-RGB.mpeg,101,DOR OMBROS,DOR OMBROS
22-02-2024_11-43-14_p0017_s232_b4_CONV--zed-rgb.mpeg,232,ANSIEDADE,ANSIEDADE
16-07-2024_16-54-48_p0039_sP24.3_b4_CONV--ZED-RGB.mpeg,P24.3,QUANTOS BEBIDA,QUANTOS BEBIDA
02-05-2024_16-16-43_p0026_s278_b4_CONV--ZED-RGB.mpeg,278,UMA-DOSE TOMAR TODO-DIA,UMA-DOSE TOMAR TODO-DIA
20-05-2024_16-00-22_p0023_s148.1_b2_CONV--ZED-RGB.mpeg,148.1,A,A
03-05-2024_18-21-43_p0031_sP09.2_b3_CONV--ZED-RGB.mpeg,P9.2,SUBIR-MORRO FÍSICO PIOR,SUBIR-MORRO FÍSICO PIOR
15-05-2024_15-27-32_p0032_s94_b2_CONV--ZED-RGB.mpeg,94,DOR OUVIDO-DIREITO OUVIDO-ESQUERDO,DOR OUVIDO-DIREITO OUVIDO-ESQUERDO
19-06-2024_10-15-48_p0036_s56_b1_CONV--ZED-RGB.mpeg,56,VERMELHO FEZES,VERMELHO FEZES
13-03-2024_15-29-28_p0014_s148.22_b2_CONV--zed-rgb.mpeg,148.22,V,V
18-04-2024_15-54-09_p0026_s157_b2_CONV--ZED-RGB.mpeg,157,CONTINUAR,CONTINUAR
23-04-2024_11-41-17_p0024_s263_b4_CONV--ZED-RGB.mpeg,263,DEZ ANO,DEZ ANO
03-05-2024_18-48-17_p0031_s183_b3_CONV--ZED-RGB.mpeg,183,DOR ESPALHAR OMBRO,DOR ESPALHAR OMBRO
23-04-2024_11-26-38_p0024_s230_b4_CONV--ZED-RGB.mpeg,230,DEPRESSÃO,DEPRESSÃO
22-02-2024_14-22-32_p0018_s127_b2_CONV--zed-rgb.mpeg,127,COMER COISAS ÓLEO,COMER COISAS ÓLEO
17-06-2024_15-34-50_p0019_s148.13_b2_CONV--ZED-RGB.mpeg,148.13,M,M
02-05-2024_14-55-23_p0026_s170.6_b3_CONV--ZED-RGB.mpeg,170.6,6,6
05-06-2024_09-48-58_p0036_s215_b4_CONV--ZED-RGB.mpeg,215,FEZES-LÍQUIDAS BORBULHAR,FEZES-LÍQUIDAS BORBULHAR
13-03-2024_16-08-40_p0014_s261_b4_CONV--zed-rgb.mpeg,261,UM ANO,UM ANO
10-05-2024_15-32-50_p0033_s248_b4_CONV--ZED-RGB.mpeg,248,ALERGIA CACHORRO,ALERGIA CACHORRO
26-02-2024_15-39-28_p0019_s226_b4_CONV--zed-rgb.mpeg,226,PRESSÃO ALTO,PRESSÃO ALTO
18-04-2024_15-46-44_p0026_s148.7_b2_CONV--ZED-RGB.mpeg,148.7,G,G
21-02-2024_11-43-40_p0013_s41_b1_CONV--zed-rgb.mpeg,41,GATO MORDER,GATO MORDER
07-05-2024_14-09-14_p0027_s212_b4_CONV--ZED-RGB.mpeg,212,FEZES-LÍQUIDAS,FEZES-LÍQUIDAS
19-06-2024_16-30-45_p0023_s30_b1_CONV--ZED-RGB.mpeg,30,FERIR PELE,FERIR PELE
03-05-2024_08-33-45_p0030_s19_b1_CONV--ZED-RGB.mpeg,19,PALPITAÇÃO,PALPITAÇÃO
19-06-2024_16-27-10_p0023_s21_b1_CONV--ZED-RGB.mpeg,21,EVACUAR-ESPALHAR,EVACUAR-ESPALHAR
29-04-2024_16-30-29_p0024_s13_b1_CONV--ZED-RGB.mpeg,13,DOR PERNA,DOR PERNA
16-07-2024_16-26-19_p0039_sP19.1_b4_CONV--ZED-RGB.mpeg,P19.1,VOCÊ JÁ FAZER TRATAMENTO ALGUM DOENÇA ENTÃO,VOCÊ JÁ FAZER TRATAMENTO ALGUM DOENÇA ENTÃO
18-06-2024_16-06-21_p0028_sP18.1_b4_CONV--ZED-RGB.mpeg,P18.1,ENJOAR O-U VOMITAR,ENJOAR O-U VOMITAR
13-05-2024_16-38-32_p0028_s242_b3_CONV--ZED-RGB.mpeg,242,EU USAR REMÉDIO,EU USAR REMÉDIO
18-06-2024_15-36-41_p0028_s148.11_b2_CONV--ZED-RGB.mpeg,148.11,K,K
08-06-2024_10-40-12_p0031_s57_b1_CONV--ZED-RGB.mpeg,57,TONTEIRA,TONTEIRA
27-05-2024_16-42-49_p0032_s29_b1_CONV--ZED-RGB.mpeg,29,INCHAR,INCHAR
06-05-2024_15-52-43_p0032_s256_b4_CONV--ZED-RGB.mpeg,256,ALERGIA AMENDOIM,ALERGIA AMENDOIM
02-05-2024_16-14-40_p0026_s272_b4_CONV--ZED-RGB.mpeg,272,UM LATA TODO-DIA,UM LATA TODO-DIA
02-05-2024_15-48-21_p0026_s220_b4_CONV--ZED-RGB.mpeg,220,TER M-U-C-O COLA,TER M-U-C-O COLA
20-05-2024_11-55-39_p0034_s74_b1_CONV--ZED-RGB.mpeg,74,BEBER,BEBER
27-05-2024_17-03-49_p0032_s78_b1_CONV--ZED-RGB.mpeg,78,CALADO DEITADO,CALADO DEITADO
17-06-2024_15-35-46_p0019_s148.16_b2_CONV--ZED-RGB.mpeg,148.16,P,P
02-05-2024_14-53-48_p0026_s170.1_b3_CONV--ZED-RGB.mpeg,170.1,1,1
28-02-2024_16-59-17_p0011_s148.21_b2_CONV--zed-rgb.mpeg,148.21,U,U
30-01-2024_15-09-10_p12_s150--zed-rgb.mpeg,150,ENTENDER,ENTENDER
29-04-2024_16-46-37_p0024_s35_b1_CONV--ZED-RGB.mpeg,35,ARREPIAR FRIO,ARREPIAR FRIO
24-04-2024_15-58-39_p0027_sP15.1_b3_CONV--ZED-RGB.mpeg,P15.1,TER TOSSE,TER TOSSE
24-04-2024_15-32-19_p0027_s170.1_b3_CONV--ZED-RGB.mpeg,170.1,1,1
28-06-2024_15-16-32_p0035_s227_b4_CONV--ZED-RGB.mpeg,227,ASMA,ASMA
25-03-2024_15-29-34_p0020_s218_b4_CONV--ZED-RGB.mpeg,218,FEZES-LÍQUIDAS ESCURO,FEZES-LÍQUIDAS ESCURO
11-05-2024_10-04-02_p0034_s200_b3_CONV--ZED-RGB.mpeg,200,CATARRO COLA VERDE,CATARRO COLA VERDE
13-03-2024_16-08-20_p0014_sP23.2_b4_CONV--zed-rgb.mpeg,P23.2,TOTAL TEMPO QUANTO,TOTAL TEMPO QUANTO
31-01-2024_15-13-37_p13_s243--zed-rgb.mpeg,243,NÃO TRAZER RECEITA REMÉDIO NENHUM,NÃO TRAZER RECEITA REMÉDIO NENHUM
22-02-2024_15-39-32_p0014_s183_b3_CONV--zed-rgb.mpeg,183,DOR ESPALHAR OMBRO,DOR ESPALHAR OMBRO
27-05-2024_16-00-26_p0032_s198_b3_CONV--ZED-RGB.mpeg,198,CATARRO COLA BRANCO,CATARRO COLA BRANCO
24-05-2024_18-41-22_p0031_s107_b2_CONV--ZED-RGB.mpeg,107,DOR PROFUNDO,DOR PROFUNDO
20-05-2024_11-23-05_p0034_s8_b1_CONV--ZED-RGB.mpeg,8,DOR COSTAS,DOR COSTAS
26-04-2024_14-33-07_p0028_s6_b1_CONV--ZED-RGB.mpeg,6,DOR PESCOÇO,DOR PESCOÇO
09-05-2024_14-27-07_p0033_sP06.2_b2_CONV--ZED-RGB.mpeg,P6.2,COMO DOR,COMO DOR
16-04-2024_10-22-21_p0025_s214_b4_CONV--ZED-RGB.mpeg,214,FEZES-LÍQUIDAS BRILHANTE,FEZES-LÍQUIDAS BRILHANTE
12-03-2024_14-32-07_p0022_s41_b1_CONV--zed-rgb.mpeg,41,GATO MORDER,GATO MORDER
21-02-2024_15-27-01_p0016_s108_b2_CONV--zed-rgb.mpeg,108,DOR LEVE,DOR LEVE
17-06-2024_15-30-49_p0019_s148.2_b2_CONV--ZED-RGB.mpeg,148.2,B,B
16-05-2024_14-38-40_p0034_s116_b2_CONV--ZED-RGB.mpeg,116,DOR APERTAR PONTADA,DOR APERTAR PONTADA
26-04-2024_14-32-25_p0028_s4_b1_CONV--ZED-RGB.mpeg,4,CONVULSÃO ENROLAR-LÍNGUA,CONVULSÃO ENROLAR-LÍNGUA
23-05-2024_14-53-55_p0035_s170.2_b3_CONV--ZED-RGB.mpeg,170.2,2,2
19-03-2024_15-08-48_p0022_sP06.2_b2_CONV--ZED-RGB.mpeg,P6.2,COMO DOR,COMO DOR
22-04-2024_09-18-12_p0025_s170.2_b3_CONV--ZED-RGB.mpeg,170.2,2,2
26-03-2024_15-07-13_p0022_s166_b3_CONV--ZED-RGB.mpeg,166,SUBIR-ESCADA CORPO PIOR,SUBIR-ESCADA CORPO PIOR
13-05-2024_15-57-44_p0028_sP11.2_b3_CONV--ZED-RGB.mpeg,P11.2,SENTIR DOR OUTRAS-VEZES DIVERSAS-VEZES ENTÃO,SENTIR DOR OUTRAS-VEZES DIVERSAS-VEZES ENTÃO
17-07-2024_14-22-53_p0041_s107_b2_CONV--ZED-RGB.mpeg,107,DOR PROFUNDO,DOR PROFUNDO
20-05-2024_12-19-33_p0034_s249_b4_CONV--ZED-RGB.mpeg,249,ALERGIA GATO,ALERGIA GATO
18-03-2024_15-43-44_p0020_s69_b1_CONV--ZED-RGB.mpeg,69,30 MINUTO,30 MINUTO
28-06-2024_14-38-15_p0035_s75_b1_CONV--ZED-RGB.mpeg,75,TOSSIR,TOSSIR
12-03-2024_14-29-45_p0022_s35_b1_CONV--zed-rgb.mpeg,35,ARREPIAR FRIO,ARREPIAR FRIO
08-05-2024_10-00-52_p0030_s148.17_b2_CONV--ZED-RGB.mpeg,148.17,Q,Q
28-06-2024_15-20-06_p0035_s235_b4_CONV--ZED-RGB.mpeg,235,OBESIDADE,OBESIDADE
03-04-2024_15-31-02_p0023_sP18.2_b4_CONV--ZED-RGB.mpeg,P18.2,VOCÊ FEZES MOLE,VOCÊ FEZES MOLE
13-03-2024_15-26-02_p0014_s148.9_b2_CONV--zed-rgb.mpeg,148.9,I,I
19-06-2024_16-18-33_p0023_s6_b1_CONV--ZED-RGB.mpeg,6,DOR PESCOÇO,DOR PESCOÇO
28-02-2024_16-44-39_p0011_s133_b2_CONV--zed-rgb.mpeg,133,MASTIGAR,MASTIGAR
27-03-2024_15-02-30_p0015_s83_b2_CONV--ZED-RGB.mpeg,83,UM-DIA,UM-DIA
08-06-2024_10-32-12_p0031_s38_b1_CONV--ZED-RGB.mpeg,38,TENTAR SUICIDAR,TENTAR SUICIDAR
05-06-2024_10-09-08_p0036_s238_b4_CONV--ZED-RGB.mpeg,238,SUAR TIREÓIDE DIMINUIR,SUAR TIREÓIDE DIMINUIR
05-06-2024_15-07-04_p0037_s220_b4_CONV--ZED-RGB.mpeg,220,TER M-U-C-O COLA,TER M-U-C-O COLA
29-04-2024_11-50-09_p0029_s134_b2_CONV--ZED-RGB.mpeg,134,MASTIGAR,MASTIGAR
10-05-2024_16-38-56_p0033_s39_b1_CONV--ZED-RGB.mpeg,39,MORDER,MORDER
27-05-2024_16-51-35_p0032_s48_b1_CONV--ZED-RGB.mpeg,48,XIXI VAZAR,XIXI VAZAR
24-01-2024_17-10-19_p10_s227--zed-rgb.mpeg,227,ASMA,ASMA
16-04-2024_10-24-31_p0025_s218_b4_CONV--ZED-RGB.mpeg,218,FEZES-LÍQUIDAS ESCURO,FEZES-LÍQUIDAS ESCURO
10-05-2024_08-59-41_p0030_sP15.1_b3_CONV--ZED-RGB.mpeg,P15.1,TER TOSSE,TER TOSSE
13-03-2024_15-56-32_p0014_s235_b4_CONV--zed-rgb.mpeg,235,OBESIDADE,OBESIDADE
26-08-2024_15-46-02_p0019_s68_b1_CONV--ZED-RGB.mp4,68,15 MINUTO,15 MINUTO
18-06-2024_14-51-00_p0028_s82_b2_CONV--ZED-RGB.mpeg,82,SEIS HORAS,SEIS HORAS
16-05-2024_15-00-04_p0034_s141_b2_CONV--ZED-RGB.mpeg,141,MEXER-PESCOÇO,MEXER-PESCOÇO
26-03-2024_15-46-01_p0022_sP17.2_b3_CONV--ZED-RGB.mpeg,P17.2,QUANTOS VACINAR,QUANTOS VACINAR
24-04-2024_15-46-59_p0027_s180_b3_CONV--ZED-RGB.mpeg,180,NUCA DOR ESPALHAR,NUCA DOR ESPALHAR
16-04-2024_10-45-31_p0025_s258_b4_CONV--ZED-RGB.mpeg,258,ALERGIA NENHUM,ALERGIA NENHUM
07-05-2024_15-07-53_p0027_s46_b1_CONV--ZED-RGB.mpeg,46,PROBLEMA OUVIDOS,PROBLEMA OUVIDOS
16-07-2024_16-17-49_p0039_s212_b4_CONV--ZED-RGB.mpeg,212,FEZES-LÍQUIDAS,FEZES-LÍQUIDAS
24-07-2024_14-25-47_p0041_s46_b1_CONV--ZED-RGB.mpeg,46,PROBLEMA OUVIDOS,PROBLEMA OUVIDOS
23-04-2024_15-32-12_p0026_s71_b1_CONV--ZED-RGB.mpeg,71,2-HORA,2-HORA
26-02-2024_16-06-23_p0019_s262_b4_CONV--zed-rgb.mpeg,262,DOIS ANO,DOIS ANO
09-05-2024_15-16-13_p0033_s150_b2_CONV--ZED-RGB.mpeg,150,ENTENDER,ENTENDER
27-05-2024_15-29-18_p0032_s170.4_b3_CONV--ZED-RGB.mpeg,170.4,4,4
07-03-2024_13-49-19_p0010_s103_b2_CONV--zed-rgb.mpeg,103,DOR JOELHO-DIREITO JOELHO-ESQUERDO,DOR JOELHO-DIREITO JOELHO-ESQUERDO
18-04-2024_10-12-40_p0025_s14_b1_CONV--ZED-RGB.mpeg,14,DOR PERNA ATRÁS,DOR PERNA ATRÁS
24-07-2024_14-13-20_p0041_s17_b1_CONV--ZED-RGB.mpeg,17,CHIAR,CHIAR
18-06-2024_14-57-40_p0028_s90_b2_CONV--ZED-RGB.mpeg,90,DOR OUVIDO,DOR OUVIDO
24-05-2024_18-58-48_p0031_s135_b2_CONV--ZED-RGB.mpeg,135,ENGOLIR,ENGOLIR
08-04-2024_16-31-14_p0021_s5_b1_CONV--ZED-RGB.mpeg,5,CABEÇA DOR,CABEÇA DOR
03-05-2024_08-39-36_p0030_s35_b1_CONV--ZED-RGB.mpeg,35,ARREPIAR FRIO,ARREPIAR FRIO
11-06-2024_14-15-25_p0035_sP06.3_b2_CONV--ZED-RGB.mpeg,P6.3,DOR IGUAL PESO,DOR IGUAL PESO
05-06-2024_09-58-37_p0036_sP18.5_b4_CONV--ZED-RGB.mpeg,P18.5,VOCÊ BARRIGA DOR ENTÃO,VOCÊ BARRIGA DOR ENTÃO
10-05-2024_09-53-42_p0030_s254_b4_CONV--ZED-RGB.mpeg,254,ALERGIA COMER CATEGORIA ÁGUA-MAR,ALERGIA COMER CATEGORIA ÁGUA-MAR
29-04-2024_16-45-08_p0024_s33_b1_CONV--ZED-RGB.mpeg,33,COÇAR,COÇAR
26-03-2024_14-59-43_p0022_sP09.2_b3_CONV--ZED-RGB.mpeg,P9.2,SUBIR-MORRO FÍSICO PIOR,SUBIR-MORRO FÍSICO PIOR
21-02-2024_15-20-15_p0016_sP06.1_b2_CONV--zed-rgb.mpeg,P6.1,ONDE DOR,ONDE DOR
05-03-2024_10-44-36_p0014_s70_b1_CONV--zed-rgb.mpeg,70,1-HORA,1-HORA
17-06-2024_15-33-24_p0019_s148.9_b2_CONV--ZED-RGB.mpeg,148.9,I,I
28-06-2024_15-51-26_p0035_s283_b4_CONV--ZED-RGB.mpeg,283,UM COPO UMA-VEZ SEMANA,UM COPO UMA-VEZ SEMANA
29-04-2024_16-53-27_p0024_s52_b1_CONV--ZED-RGB.mpeg,52,XIXI ESPUMAR,XIXI ESPUMAR
10-05-2024_15-42-19_p0033_s260_b4_CONV--ZED-RGB.mpeg,260,NÃO FUMAR,NÃO FUMAR
05-06-2024_09-51-28_p0036_s219_b4_CONV--ZED-RGB.mpeg,219,FEZES-LÍQUIDAS RESTOS COMIDA,FEZES-LÍQUIDAS RESTOS COMIDA
20-05-2024_15-47-54_p0023_s130_b2_CONV--ZED-RGB.mpeg,130,CORPO ESFORÇAR,CORPO ESFORÇAR
26-02-2024_15-47-13_p0019_s235_b4_CONV--zed-rgb.mpeg,235,OBESIDADE,OBESIDADE
10-05-2024_09-44-21_p0030_s228_b4_CONV--ZED-RGB.mpeg,228,AIDS,AIDS
21-02-2024_16-10-26_p0016_s149_b2_CONV--zed-rgb.mpeg,149,DEVAGAR,DEVAGAR
19-03-2024_15-35-01_p0022_s143_b2_CONV--ZED-RGB.mpeg,143,DEITAR,DEITAR
02-05-2024_16-17-00_p0026_s279_b4_CONV--ZED-RGB.mpeg,279,DUAS-DOSES TOMAR DUAS-VEZES SEMANA,DUAS-DOSES TOMAR DUAS-VEZES SEMANA
16-05-2024_14-40-57_p0034_sP06.6_b2_CONV--ZED-RGB.mpeg,P6.6,DOR IGUAL SENTIR CHOQUE,DOR IGUAL SENTIR CHOQUE
10-05-2024_16-05-42_p0033_s272_b4_CONV--ZED-RGB.mpeg,272,UM LATA TODO-DIA,UM LATA TODO-DIA
13-03-2024_15-11-50_p0014_s123_b2_CONV--zed-rgb.mpeg,123,ZUMBIDO OUVIDO,ZUMBIDO OUVIDO
11-03-2024_16-02-28_p0020_s194_b3_CONV--zed-rgb.mpeg,194,TOSSE SECO,TOSSE SECO
25-03-2024_16-39-06_p0020_s148.11_b2_CONV--ZED-RGB.mpeg,148.11,K,K
13-03-2024_15-55-49_p0014_s233_b4_CONV--zed-rgb.mpeg,233,A-V-C,A-V-C
28-06-2024_14-25-18_p0035_s51_b1_CONV--ZED-RGB.mpeg,51,XIXI ESCURO,XIXI ESCURO
28-02-2024_16-22-46_p0011_s106_b2_CONV--zed-rgb.mpeg,106,DOR PULSAR,DOR PULSAR
05-03-2024_10-22-09_p0014_s3_b1_CONV--zed-rgb.mpeg,3,MUDAR COMPORTAMENTO,MUDAR COMPORTAMENTO
19-07-2024_14-34-30_p0040_s148.20_b2_CONV--ZED-RGB.mpeg,148.20,T,T
18-04-2024_15-30-29_p0026_s111_b2_CONV--ZED-RGB.mpeg,111,DOR PESO,DOR PESO
16-07-2024_16-14-37_p0039_s209_b4_CONV--ZED-RGB.mpeg,209,NENHUM VONTADE NADA VOMITAR,NENHUM VONTADE NADA VOMITAR
26-08-2024_15-27-57_p0019_s35_b1_CONV--ZED-RGB.mp4,35,ARREPIAR FRIO,ARREPIAR FRIO
18-04-2024_15-33-42_p0026_sP07_b2_CONV--ZED-RGB.mpeg,P7,SENTIR JUNTO ITENS MAIS TER,SENTIR JUNTO ITENS MAIS TER
19-07-2024_15-33-15_p0040_s40_b1_CONV--ZED-RGB.mpeg,40,CACHORRO MORDER,CACHORRO MORDER
08-04-2024_15-48-04_p0021_s120_b2_CONV--ZED-RGB.mpeg,120,VER DOBRADO,VER DOBRADO
25-03-2024_15-51-24_p0020_s260_b4_CONV--ZED-RGB.mpeg,260,NÃO FUMAR,NÃO FUMAR
25-03-2024_16-08-36_p0020_s87_b2_CONV--ZED-RGB.mpeg,87,SIM,SIM
20-03-2024_15-19-57_p0015_s194_b3_CONV--ZED-RGB.mpeg,194,TOSSE SECO,TOSSE SECO
10-05-2024_15-33-24_p0033_s249_b4_CONV--ZED-RGB.mpeg,249,ALERGIA GATO,ALERGIA GATO
29-02-2024_14-04-13_p0010_s44_b1_CONV--zed-rgb.mpeg,44,PRESSÃO-ARTERIAL ALTO-BAIXO,PRESSÃO-ARTERIAL ALTO-BAIXO
31-01-2024_14-50-49_p13_s170.4--zed-rgb.mpeg,170.4,4,4
22-02-2024_15-59-31_p0014_s241_b3_CONV--zed-rgb.mpeg,241,TRAZER RECEITA REMÉDIO,TRAZER RECEITA REMÉDIO
15-05-2024_15-34-37_p0032_s105_b2_CONV--ZED-RGB.mpeg,105,DOR TESTÍCULOS,DOR TESTÍCULOS
11-03-2024_15-39-46_p0020_s170.8_b3_CONV--zed-rgb.mpeg,170.8,8,8
27-05-2024_16-40-32_p0032_s23_b1_CONV--ZED-RGB.mpeg,23,TONTURA-ENJOO,TONTURA-ENJOO
30-04-2024_13-37-59_p0024_s141_b2_CONV--ZED-RGB.mpeg,141,MEXER-PESCOÇO,MEXER-PESCOÇO
29-02-2024_13-50-22_p0010_s24_b1_CONV--zed-rgb.mpeg,24,VOMITAR,VOMITAR
24-05-2024_19-03-07_p0031_s146_b2_CONV--ZED-RGB.mpeg,146,REMÉDIO,REMÉDIO
07-03-2024_14-15-49_p0010_s151_b2_CONV--zed-rgb.mpeg,151,OBRIGADO,OBRIGADO
17-06-2024_15-10-40_p0019_sP06.3_b2_CONV--ZED-RGB.mpeg,P6.3,DOR IGUAL PESO,DOR IGUAL PESO
28-02-2024_16-53-52_p0011_s148.3_b2_CONV--zed-rgb.mpeg,148.3,C,C
03-05-2024_14-20-47_p0027_s145_b2_CONV--ZED-RGB.mpeg,145,ÁGUA QUENTE COLOCAR-BRAÇO,ÁGUA QUENTE COLOCAR-BRAÇO
08-05-2024_09-57-41_p0030_s148.6_b2_CONV--ZED-RGB.mpeg,148.6,F,F
03-05-2024_18-58-00_p0031_s196_b3_CONV--ZED-RGB.mpeg,196,TOSSE CATARRO COLA,TOSSE CATARRO COLA
03-05-2024_14-10-26_p0027_s113_b2_CONV--ZED-RGB.mpeg,113,DOR PONTADA,DOR PONTADA
26-03-2024_15-34-45_p0022_s188_b3_CONV--ZED-RGB.mpeg,188,DOR PERNAS-ESPALHAR APONTAR-COXA,DOR PERNAS-ESPALHAR APONTAR-COXA
19-06-2024_10-00-27_p0036_s25_b1_CONV--ZED-RGB.mpeg,25,FEZES ESCURO,FEZES ESCURO
22-02-2024_13-41-55_p0018_s55_b1_CONV--zed-rgb.mpeg,55,VERMELHO NARIZ-SANGRAR GRIPE,VERMELHO NARIZ-SANGRAR GRIPE
20-05-2024_11-27-12_p0034_s17_b1_CONV--ZED-RGB.mpeg,17,CHIAR,CHIAR
18-06-2024_16-19-13_p0028_sP18.5_b4_CONV--ZED-RGB.mpeg,P18.5,VOCÊ BARRIGA DOR ENTÃO,VOCÊ BARRIGA DOR ENTÃO
16-04-2024_10-38-48_p0025_s245_b4_CONV--ZED-RGB.mpeg,245,ÁCARO ALERGIA,ÁCARO ALERGIA
28-06-2024_14-06-16_p0035_s1_b1_CONV--ZED-RGB.mpeg,1,CONFUSÃO-MENTAL PERCEPÇÃO ESQUECER,CONFUSÃO-MENTAL PERCEPÇÃO ESQUECER
26-08-2024_15-23-28_p0019_s23_b1_CONV--ZED-RGB.mp4,23,TONTURA-ENJOO,TONTURA-ENJOO
05-03-2024_10-34-41_p0014_s40_b1_CONV--zed-rgb.mpeg,40,CACHORRO MORDER,CACHORRO MORDER
20-03-2024_15-00-41_p0015_s170.2_b3_CONV--ZED-RGB.mpeg,170.2,2,2
19-06-2024_10-12-17_p0036_s49_b1_CONV--ZED-RGB.mpeg,49,XIXI POUCO,XIXI POUCO
24-04-2024_15-45-08_p0027_sP11.5_b3_CONV--ZED-RGB.mpeg,P11.5,PERÍODO DOR TER AUMENTAR,PERÍODO DOR TER AUMENTAR
24-07-2024_14-13-42_p0041_s18_b1_CONV--ZED-RGB.mpeg,18,DIFÍCIL RESPIRAR,DIFÍCIL RESPIRAR
29-04-2024_16-59-40_p0024_s65_b1_CONV--ZED-RGB.mpeg,65,NASCER VIVO,NASCER VIVO
21-02-2024_15-32-16_p0016_s116_b2_CONV--zed-rgb.mpeg,116,DOR APERTAR PONTADA,DOR APERTAR PONTADA
20-05-2024_11-57-42_p0034_s79_b1_CONV--ZED-RGB.mpeg,79,SENTADO,SENTADO
26-03-2024_16-30-43_p0022_sP24.1_b4_CONV--ZED-RGB.mpeg,P24.1,BEBIDA ÁLCOOL VOCÊ BEBER VOCÊ,BEBIDA ÁLCOOL VOCÊ BEBER VOCÊ
20-05-2024_11-35-49_p0034_s36_b1_CONV--ZED-RGB.mpeg,36,SUAR SUAR SUAR,SUAR SUAR SUAR
16-07-2024_16-16-31_p0039_sP18.3_b4_CONV--ZED-RGB.mpeg,P18.3,COMO FEZES COMO,COMO FEZES COMO
25-03-2024_16-10-19_p0020_s92_b2_CONV--ZED-RGB.mpeg,92,DOR TESTA,DOR TESTA
28-02-2024_16-54-13_p0011_s148.4_b2_CONV--zed-rgb.mpeg,148.4,D,D
16-07-2024_16-35-51_p0039_s240_b4_CONV--ZED-RGB.mpeg,240,VÍCIO FUMAR,VÍCIO FUMAR
16-05-2024_15-15-50_p0034_s154_b2_CONV--ZED-RGB.mpeg,154,PARAR,PARAR
07-05-2024_14-33-43_p0027_s265_b4_CONV--ZED-RGB.mpeg,265,VINHO,VINHO
26-02-2024_16-09-10_p0019_s266_b4_CONV--zed-rgb.mpeg,266,DOSE ÁLCOOL,DOSE ÁLCOOL
25-03-2024_16-39-39_p0020_s148.13_b2_CONV--ZED-RGB.mpeg,148.13,M,M
17-07-2024_14-24-55_p0041_s112_b2_CONV--ZED-RGB.mpeg,112,DOR QUEIMAR,DOR QUEIMAR
11-05-2024_10-05-03_p0034_s202_b3_CONV--ZED-RGB.mpeg,202,CATARRO COLA SANGUE PONTOS,CATARRO COLA SANGUE PONTOS
19-03-2024_15-32-12_p0022_s139_b2_CONV--ZED-RGB.mpeg,139,BRAÇO MEXER-BRAÇO,BRAÇO MEXER-BRAÇO
17-07-2024_14-40-29_p0041_s143_b2_CONV--ZED-RGB.mpeg,143,DEITAR,DEITAR
24-01-2024_17-22-03_p10_s249--zed-rgb.mpeg,249,ALERGIA GATO,ALERGIA GATO
16-05-2024_14-50-18_p0034_s126_b2_CONV--ZED-RGB.mpeg,126,BEBER ÁLCOOL,BEBER ÁLCOOL
13-05-2024_15-52-14_p0028_s170.5_b3_CONV--ZED-RGB.mpeg,170.5,5,5
08-04-2024_15-43-43_p0021_s116_b2_CONV--ZED-RGB.mpeg,116,DOR APERTAR PONTADA,DOR APERTAR PONTADA
17-07-2024_14-34-39_p0041_s131_b2_CONV--ZED-RGB.mpeg,131,PERÍODO MENSTRUAR,PERÍODO MENSTRUAR
08-05-2024_10-02-17_p0030_s148.22_b2_CONV--ZED-RGB.mpeg,148.22,V,V
22-04-2024_09-35-20_p0025_s192_b3_CONV--ZED-RGB.mpeg,192,FICAR-EM-PÉ SENTAR DEITAR DOR PIORAR SIM,FICAR-EM-PÉ SENTAR DEITAR DOR PIORAR SIM
07-03-2024_14-18-52_p0010_s157_b2_CONV--zed-rgb.mpeg,157,CONTINUAR,CONTINUAR
24-07-2024_14-37-42_p0041_s74_b1_CONV--ZED-RGB.mpeg,74,BEBER,BEBER
18-03-2024_15-30-12_p0020_s39_b1_CONV--ZED-RGB.mpeg,39,MORDER,MORDER
29-04-2024_11-33-56_p0029_s100_b2_CONV--ZED-RGB.mpeg,100,DOR VIRILHA,DOR VIRILHA
05-06-2024_15-44-58_p0037_s282_b4_CONV--ZED-RGB.mpeg,282,UM COPO CHEIO TODO-DIA,UM COPO CHEIO TODO-DIA
18-04-2024_15-47-23_p0026_s148.10_b2_CONV--ZED-RGB.mpeg,148.10,J,J
12-03-2024_10-15-32_p0021_sP18.3_b4_CONV--zed-rgb.mpeg,P18.3,COMO FEZES COMO,COMO FEZES COMO
22-02-2024_11-38-44_p0017_s220_b4_CONV--zed-rgb.mpeg,220,TER M-U-C-O COLA,TER M-U-C-O COLA
19-03-2024_15-19-28_p0022_s122_b2_CONV--ZED-RGB.mpeg,122,TODA-HORA URINAR,TODA-HORA URINAR
12-03-2024_14-48-29_p0022_s79_b1_CONV--zed-rgb.mpeg,79,SENTADO,SENTADO
20-05-2024_11-45-30_p0034_s54_b1_CONV--ZED-RGB.mpeg,54,VERMELHO SANGRAR-BOCA,VERMELHO SANGRAR-BOCA
11-05-2024_09-25-07_p0034_sP09.3_b3_CONV--ZED-RGB.mpeg,P9.3,PLANO ANDAR FÍSICO PIOR,PLANO ANDAR FÍSICO PIOR
13-03-2024_15-46-30_p0014_s217_b4_CONV--zed-rgb.mpeg,217,FEZES-LÍQUIDAS BRANCO,FEZES-LÍQUIDAS BRANCO
26-03-2024_15-20-59_p0022_s176_b3_CONV--ZED-RGB.mpeg,176,TRÊS-MESES,TRÊS-MESES
10-05-2024_09-52-42_p0030_s252_b4_CONV--ZED-RGB.mpeg,252,ALERGIA LEITE,ALERGIA LEITE
23-05-2024_14-59-21_p0035_sP11.2_b3_CONV--ZED-RGB.mpeg,P11.2,SENTIR DOR OUTRAS-VEZES DIVERSAS-VEZES ENTÃO,SENTIR DOR OUTRAS-VEZES DIVERSAS-VEZES ENTÃO
27-05-2024_15-29-00_p0032_s170.3_b3_CONV--ZED-RGB.mpeg,170.3,3,3
23-05-2024_15-23-05_p0035_s208_b3_CONV--ZED-RGB.mpeg,208,NÃO TRAZER CARTÃO-DE-VACINA NENHUM,NÃO TRAZER CARTÃO-DE-VACINA NENHUM
30-04-2024_13-04-24_p0024_s87_b2_CONV--ZED-RGB.mpeg,87,SIM,SIM
29-04-2024_12-03-09_p0029_s148.26_b2_CONV--ZED-RGB.mpeg,148.26,Z,Z
18-04-2024_10-29-57_p0025_s56_b1_CONV--ZED-RGB.mpeg,56,VERMELHO FEZES,VERMELHO FEZES
18-04-2024_10-09-44_p0025_s6_b1_CONV--ZED-RGB.mpeg,6,DOR PESCOÇO,DOR PESCOÇO
20-05-2024_11-56-01_p0034_s75_b1_CONV--ZED-RGB.mpeg,75,TOSSIR,TOSSIR
27-05-2024_15-12-42_p0032_s162_b3_CONV--ZED-RGB.mpeg,162,TOMAR-BANHO CORPO PIOR,TOMAR-BANHO CORPO PIOR
28-06-2024_14-11-09_p0035_s14_b1_CONV--ZED-RGB.mpeg,14,DOR PERNA ATRÁS,DOR PERNA ATRÁS
23-04-2024_11-40-57_p0024_s262_b4_CONV--ZED-RGB.mpeg,262,DOIS ANO,DOIS ANO
05-06-2024_10-03-55_p0036_s228_b4_CONV--ZED-RGB.mpeg,228,AIDS,AIDS
07-05-2024_14-04-02_p0027_sP18.1_b4_CONV--ZED-RGB.mpeg,P18.1,ENJOAR O-U VOMITAR,ENJOAR O-U VOMITAR
19-06-2024_10-29-03_p0036_s78_b1_CONV--ZED-RGB.mpeg,78,CALADO DEITADO,CALADO DEITADO
29-04-2024_11-51-45_p0029_s139_b2_CONV--ZED-RGB.mpeg,139,BRAÇO MEXER-BRAÇO,BRAÇO MEXER-BRAÇO
15-05-2024_16-51-09_p0032_s148.26_b2_CONV--ZED-RGB.mpeg,148.26,Z,Z
20-03-2024_15-22-47_p0015_s196_b3_CONV--ZED-RGB.mpeg,196,TOSSE CATARRO COLA,TOSSE CATARRO COLA
26-08-2024_15-41-30_p0019_s59_b1_CONV--ZED-RGB.mp4,59,TRAUMA,TRAUMA
29-04-2024_16-39-46_p0024_s23_b1_CONV--ZED-RGB.mpeg,23,TONTURA-ENJOO,TONTURA-ENJOO
08-05-2024_15-14-43_p0033_s160_b3_CONV--ZED-RGB.mpeg,160,PLANO ANDAR CORPO PIOR,PLANO ANDAR CORPO PIOR
24-05-2024_18-59-15_p0031_s136_b2_CONV--ZED-RGB.mpeg,136,ANDAR,ANDAR
16-07-2024_16-54-23_p0039_s271_b4_CONV--ZED-RGB.mpeg,271,CHAMPANHE,CHAMPANHE
28-06-2024_14-38-32_p0035_s76_b1_CONV--ZED-RGB.mpeg,76,LIMPAR CASA,LIMPAR CASA
19-06-2024_16-32-58_p0023_s37_b1_CONV--ZED-RGB.mpeg,37,VERMELHO SANGUE DOCE BAIXO-ALTO,VERMELHO SANGUE DOCE BAIXO-ALTO
29-04-2024_16-37-23_p0024_s20_b1_CONV--ZED-RGB.mpeg,20,TONTURA CAIR-PESSOA,TONTURA CAIR-PESSOA
07-03-2024_13-44-02_p0010_s89_b2_CONV--zed-rgb.mpeg,89,DOR LADO-CABEÇA,DOR LADO-CABEÇA
08-05-2024_10-00-34_p0030_s148.16_b2_CONV--ZED-RGB.mpeg,148.16,P,P
26-08-2024_15-35-37_p0019_s51_b1_CONV--ZED-RGB.mp4,51,XIXI ESCURO,XIXI ESCURO
24-01-2024_17-22-44_p10_s251--zed-rgb.mpeg,251,ALERGIA GRUPO BORRACHA,ALERGIA GRUPO BORRACHA
26-03-2024_15-37-30_p0022_sP13.2_b3_CONV--ZED-RGB.mpeg,P13.2,MOMENTO FICAR-EM-PÉ SENTAR DEITAR DOR PIORAR,MOMENTO FICAR-EM-PÉ SENTAR DEITAR DOR PIORAR
19-03-2024_15-14-59_p0022_sP06.5_b2_CONV--ZED-RGB.mpeg,P6.5,DOR IGUAL FINCADA,DOR IGUAL FINCADA
05-06-2024_10-29-03_p0036_s268_b4_CONV--ZED-RGB.mpeg,268,UÍSQUE,UÍSQUE
10-05-2024_09-03-53_p0030_s198_b3_CONV--ZED-RGB.mpeg,198,CATARRO COLA BRANCO,CATARRO COLA BRANCO
08-05-2024_09-46-19_p0030_s121_b2_CONV--ZED-RGB.mpeg,121,VER MANCHAS,VER MANCHAS
20-03-2024_15-11-33_p0015_s181_b3_CONV--ZED-RGB.mpeg,181,PESCOÇO DOR ESPALHAR,PESCOÇO DOR ESPALHAR
16-04-2024_10-52-45_p0025_sP24.2_b4_CONV--ZED-RGB.mpeg,P24.2,BEBIDA QUAL,BEBIDA QUAL
29-04-2024_17-06-55_p0024_s80_b1_CONV--ZED-RGB.mpeg,80,SENTADO EM-PÉ,SENTADO EM-PÉ
05-06-2024_10-23-12_p0036_sP23.2_b4_CONV--ZED-RGB.mpeg,P23.2,TOTAL TEMPO QUANTO,TOTAL TEMPO QUANTO
19-07-2024_14-25-34_p0040_s146_b2_CONV--ZED-RGB.mpeg,146,REMÉDIO,REMÉDIO
23-05-2024_14-49-50_p0035_s169_b3_CONV--ZED-RGB.mpeg,169,REMÉDIO CURAR-NÃO,REMÉDIO CURAR-NÃO
06-05-2024_15-39-32_p0032_s251_b4_CONV--ZED-RGB.mpeg,251,ALERGIA GRUPO BORRACHA,ALERGIA GRUPO BORRACHA
08-04-2024_16-50-25_p0021_s51_b1_CONV--ZED-RGB.mpeg,51,XIXI ESCURO,XIXI ESCURO
18-04-2024_10-30-17_p0025_s57_b1_CONV--ZED-RGB.mpeg,57,TONTEIRA,TONTEIRA
17-06-2024_14-50-27_p0019_s86_b2_CONV--ZED-RGB.mpeg,86,UM MÊS,UM MÊS
30-04-2024_13-50-46_p0024_s148.25_b2_CONV--ZED-RGB.mpeg,148.25,Y,Y
20-05-2024_11-38-43_p0034_s42_b1_CONV--ZED-RGB.mpeg,42,COBRA PICAR,COBRA PICAR
16-05-2024_14-50-46_p0034_s127_b2_CONV--ZED-RGB.mpeg,127,COMER COISAS ÓLEO,COMER COISAS ÓLEO
18-04-2024_15-30-45_p0026_s112_b2_CONV--ZED-RGB.mpeg,112,DOR QUEIMAR,DOR QUEIMAR
19-03-2024_15-14-35_p0022_sP06.4_b2_CONV--ZED-RGB.mpeg,P6.4,DOR IGUAL QUEIMAR,DOR IGUAL QUEIMAR
23-05-2024_15-14-01_p0035_sP15.1_b3_CONV--ZED-RGB.mpeg,P15.1,TER TOSSE,TER TOSSE
31-01-2024_15-13-55_p13_sP21.2--zed-rgb.mpeg,P21.2,USAR REMÉDIO,USAR REMÉDIO
20-02-2024_16-42-09_p0015_s246_b4_CONV--zed-rgb.mpeg,246,F-U-N-G-O-S SINAL FUNGO,F-U-N-G-O-S SINAL FUNGO
17-06-2024_14-58-48_p0019_s101_b2_CONV--ZED-RGB.mpeg,101,DOR OMBROS,DOR OMBROS
30-04-2024_13-10-49_p0024_s98_b2_CONV--ZED-RGB.mpeg,98,DOR BEXIGA,DOR BEXIGA
03-05-2024_14-02-39_p0027_sP06.1_b2_CONV--ZED-RGB.mpeg,P6.1,ONDE DOR,ONDE DOR
29-04-2024_11-34-13_p0029_s101_b2_CONV--ZED-RGB.mpeg,101,DOR OMBROS,DOR OMBROS
22-02-2024_10-57-19_p0017_s170.8_b3_CONV--zed-rgb.mpeg,170.8,8,8
07-05-2024_15-06-02_p0027_s41_b1_CONV--ZED-RGB.mpeg,41,GATO MORDER,GATO MORDER
22-01-2024_16-40-47_p9_s170.7--zed-rgb.mpeg,170.7,7,7
13-03-2024_15-22-31_p0014_s147_b2_CONV--zed-rgb.mpeg,147,JEJUM,JEJUM
03-05-2024_08-41-59_p0030_s41_b1_CONV--ZED-RGB.mpeg,41,GATO MORDER,GATO MORDER
23-04-2024_15-19-09_p0026_s38_b1_CONV--ZED-RGB.mpeg,38,TENTAR SUICIDAR,TENTAR SUICIDAR
18-04-2024_15-36-59_p0026_s126_b2_CONV--ZED-RGB.mpeg,126,BEBER ÁLCOOL,BEBER ÁLCOOL
11-03-2024_15-39-29_p0020_s170.7_b3_CONV--zed-rgb.mpeg,170.7,7,7
17-06-2024_15-40-04_p0019_s149_b2_CONV--ZED-RGB.mpeg,149,DEVAGAR,DEVAGAR
07-05-2024_15-16-02_p0027_s67_b1_CONV--ZED-RGB.mpeg,67,VOMITAR TER VERMELHO,VOMITAR TER VERMELHO
02-04-2024_15-36-27_p0021_s189_b3_CONV--ZED-RGB.mpeg,189,DOR PERNAS-ESPALHAR APONTAR-PERNA,DOR PERNAS-ESPALHAR APONTAR-PERNA
11-06-2024_14-38-42_p0035_s148.14_b2_CONV--ZED-RGB.mpeg,148.14,N,N
18-04-2024_15-28-20_p0026_s105_b2_CONV--ZED-RGB.mpeg,105,DOR TESTÍCULOS,DOR TESTÍCULOS
05-03-2024_10-36-42_p0014_s46_b1_CONV--zed-rgb.mpeg,46,PROBLEMA OUVIDOS,PROBLEMA OUVIDOS
22-01-2024_17-18-29_p9_s198--zed-rgb.mpeg,198,CATARRO COLA BRANCO,CATARRO COLA BRANCO
22-02-2024_11-51-50_p0017_s260_b4_CONV--zed-rgb.mpeg,260,NÃO FUMAR,NÃO FUMAR
12-06-2024_10-32-48_p0036_s153_b2_CONV--ZED-RGB.mpeg,153,REPETIR POR-FAVOR,REPETIR POR-FAVOR
20-05-2024_15-41-32_p0023_s121_b2_CONV--ZED-RGB.mpeg,121,VER MANCHAS,VER MANCHAS
10-05-2024_15-20-20_p0033_s228_b4_CONV--ZED-RGB.mpeg,228,AIDS,AIDS
18-03-2024_15-28-13_p0020_s32_b1_CONV--ZED-RGB.mpeg,32,MANCHAS-PELE VERMELHO,MANCHAS-PELE VERMELHO
13-05-2024_16-29-48_p0028_s201_b3_CONV--ZED-RGB.mpeg,201,CATARRO COLA VERMELHO,CATARRO COLA VERMELHO
12-06-2024_10-29-13_p0036_s148.21_b2_CONV--ZED-RGB.mpeg,148.21,U,U
26-08-2024_15-49-25_p0019_s76_b1_CONV--ZED-RGB.mp4,76,LIMPAR CASA,LIMPAR CASA
19-07-2024_14-30-57_p0040_s148.8_b2_CONV--ZED-RGB.mpeg,148.8,H,H
09-05-2024_14-42-11_p0033_s119_b2_CONV--ZED-RGB.mpeg,119,SENTIR MAL,SENTIR MAL
22-02-2024_15-41-28_p0014_s188_b3_CONV--zed-rgb.mpeg,188,DOR PERNAS-ESPALHAR APONTAR-COXA,DOR PERNAS-ESPALHAR APONTAR-COXA
10-05-2024_10-03-40_p0030_s271_b4_CONV--ZED-RGB.mpeg,271,CHAMPANHE,CHAMPANHE
12-03-2024_10-25-25_p0021_s229_b4_CONV--zed-rgb.mpeg,229,CÂNCER,CÂNCER
20-05-2024_16-09-01_p0023_s148.25_b2_CONV--ZED-RGB.mpeg,148.25,Y,Y
30-01-2024_11-22-43_p11_s61--zed-rgb.mpeg,61,PELE QUEIMAR,PELE QUEIMAR
15-05-2024_16-07-15_p0032_s135_b2_CONV--ZED-RGB.mpeg,135,ENGOLIR,ENGOLIR
24-04-2024_15-13-52_p0027_s158_b3_CONV--ZED-RGB.mpeg,158,SUBIR-MORRO FÍSICO PIOR,SUBIR-MORRO FÍSICO PIOR
22-04-2024_09-44-30_p0025_s206_b3_CONV--ZED-RGB.mpeg,206,QUATRO VACINA,QUATRO VACINA
22-02-2024_14-32-28_p0018_s148.7_b2_CONV--zed-rgb.mpeg,148.7,G,G
06-05-2024_15-58-13_p0032_s263_b4_CONV--ZED-RGB.mpeg,263,DEZ ANO,DEZ ANO
23-05-2024_15-11-59_p0035_s192_b3_CONV--ZED-RGB.mpeg,192,FICAR-EM-PÉ SENTAR DEITAR DOR PIORAR SIM,FICAR-EM-PÉ SENTAR DEITAR DOR PIORAR SIM
27-03-2024_16-18-29_p0015_s48_b1_CONV--ZED-RGB.mpeg,48,XIXI VAZAR,XIXI VAZAR
05-03-2024_10-22-56_p0014_s5_b1_CONV--zed-rgb.mpeg,5,CABEÇA DOR,CABEÇA DOR
02-05-2024_16-01-46_p0026_s252_b4_CONV--ZED-RGB.mpeg,252,ALERGIA LEITE,ALERGIA LEITE
17-06-2024_15-19-32_p0019_s130_b2_CONV--ZED-RGB.mpeg,130,CORPO ESFORÇAR,CORPO ESFORÇAR
19-03-2024_14-54-48_p0022_s86_b2_CONV--ZED-RGB.mpeg,86,UM MÊS,UM MÊS
22-04-2024_09-44-10_p0025_s205_b3_CONV--ZED-RGB.mpeg,205,TRÊS VACINA,TRÊS VACINA
30-01-2024_11-04-07_p11_s9--zed-rgb.mpeg,9,DOR LOMBAR,DOR LOMBAR
13-03-2024_15-41-59_p0014_s212_b4_CONV--zed-rgb.mpeg,212,FEZES-LÍQUIDAS,FEZES-LÍQUIDAS
13-05-2024_16-14-24_p0028_s188_b3_CONV--ZED-RGB.mpeg,188,DOR PERNAS-ESPALHAR APONTAR-COXA,DOR PERNAS-ESPALHAR APONTAR-COXA
18-06-2024_15-04-10_p0028_s106_b2_CONV--ZED-RGB.mpeg,106,DOR PULSAR,DOR PULSAR
18-04-2024_15-38-43_p0026_s130_b2_CONV--ZED-RGB.mpeg,130,CORPO ESFORÇAR,CORPO ESFORÇAR
25-03-2024_15-41-05_p0020_s237_b4_CONV--ZED-RGB.mpeg,237,RINS FRACO,RINS FRACO
29-04-2024_16-36-57_p0024_s19_b1_CONV--ZED-RGB.mpeg,19,PALPITAÇÃO,PALPITAÇÃO
13-03-2024_16-16-46_p0014_s278_b4_CONV--zed-rgb.mpeg,278,UMA-DOSE TOMAR TODO-DIA,UMA-DOSE TOMAR TODO-DIA
26-04-2024_14-42-43_p0028_s29_b1_CONV--ZED-RGB.mpeg,29,INCHAR,INCHAR
29-04-2024_15-33-39_p0024_s170.7_b3_CONV--ZED-RGB.mpeg,170.7,7,7
08-04-2024_15-56-31_p0021_s137_b2_CONV--ZED-RGB.mpeg,137,ESTRESSE,ESTRESSE
23-04-2024_15-23-46_p0026_s51_b1_CONV--ZED-RGB.mpeg,51,XIXI ESCURO,XIXI ESCURO
18-04-2024_10-39-05_p0025_s75_b1_CONV--ZED-RGB.mpeg,75,TOSSIR,TOSSIR
10-05-2024_15-29-18_p0033_s238_b4_CONV--ZED-RGB.mpeg,238,SUAR TIREÓIDE DIMINUIR,SUAR TIREÓIDE DIMINUIR
30-01-2024_11-13-40_p11_s40--zed-rgb.mpeg,40,CACHORRO MORDER,CACHORRO MORDER
23-04-2024_11-40-37_p0024_s261_b4_CONV--ZED-RGB.mpeg,261,UM ANO,UM ANO
12-06-2024_17-09-40_p0038_s243_b3_CONV--ZED-RGB.mpeg,243,NÃO TRAZER RECEITA REMÉDIO NENHUM,NÃO TRAZER RECEITA REMÉDIO NENHUM
08-05-2024_09-36-12_p0030_s99_b2_CONV--ZED-RGB.mpeg,99,DOR BAIXO-VENTRE,DOR BAIXO-VENTRE
20-05-2024_11-45-07_p0034_s53_b1_CONV--ZED-RGB.mpeg,53,XIXI VERMELHO,XIXI VERMELHO
28-06-2024_15-46-42_p0035_s276_b4_CONV--ZED-RGB.mpeg,276,GARRAFA UMA-VEZ SEMANA,GARRAFA UMA-VEZ SEMANA
07-05-2024_14-17-08_p0027_s228_b4_CONV--ZED-RGB.mpeg,228,AIDS,AIDS
27-03-2024_16-20-33_p0015_s54_b1_CONV--ZED-RGB.mpeg,54,VERMELHO SANGRAR-BOCA,VERMELHO SANGRAR-BOCA
02-04-2024_15-40-42_p0021_s192_b3_CONV--ZED-RGB.mpeg,192,FICAR-EM-PÉ SENTAR DEITAR DOR PIORAR SIM,FICAR-EM-PÉ SENTAR DEITAR DOR PIORAR SIM
11-05-2024_09-20-40_p0034_sP09.1_b3_CONV--ZED-RGB.mpeg,P9.1,PEITO DOR O-U FALTAR A-R INSPIRAR PIORAR MOMENTO FÍSICO ESFORÇAR,PEITO DOR O-U FALTAR A-R INSPIRAR PIORAR MOMENTO FÍSICO ESFORÇAR
16-04-2024_16-00-59_p0016_sP17.3_b3_CONV--ZED-RGB.mpeg,P17.3,VOCÊ JÁ VACINAR GRIPE,VOCÊ JÁ VACINAR GRIPE
18-04-2024_10-15-11_p0025_s19_b1_CONV--ZED-RGB.mpeg,19,PALPITAÇÃO,PALPITAÇÃO
26-02-2024_16-00-43_p0019_s255_b4_CONV--zed-rgb.mpeg,255,ALERGIA CATEGORIA T-R-I-G-O FARINHA,ALERGIA CATEGORIA T-R-I-G-O FARINHA
18-03-2024_11-40-15_p0013_s272_b4_CONV--ZED-RGB.mpeg,272,UM LATA TODO-DIA,UM LATA TODO-DIA
21-02-2024_15-42-37_p0016_s119_b2_CONV--zed-rgb.mpeg,119,SENTIR MAL,SENTIR MAL
30-04-2024_13-06-19_p0024_sP06.1_b2_CONV--ZED-RGB.mpeg,P6.1,ONDE DOR,ONDE DOR
13-03-2024_14-56-23_p0014_s97_b2_CONV--zed-rgb.mpeg,97,DOR LADOS-BARRIGA,DOR LADOS-BARRIGA
10-05-2024_15-03-47_p0033_sP18.1_b4_CONV--ZED-RGB.mpeg,P18.1,ENJOAR O-U VOMITAR,ENJOAR O-U VOMITAR
17-07-2024_14-54-24_p0041_s148.25_b2_CONV--ZED-RGB.mpeg,148.25,Y,Y
20-05-2024_16-08-46_p0023_s148.24_b2_CONV--ZED-RGB.mpeg,148.24,X,X
05-06-2024_15-00-44_p0037_s209_b4_CONV--ZED-RGB.mpeg,209,NENHUM VONTADE NADA VOMITAR,NENHUM VONTADE NADA VOMITAR
26-04-2024_14-55-29_p0028_s47_b1_CONV--ZED-RGB.mpeg,47,XIXI SENTIR IGUAL QUENTE,XIXI SENTIR IGUAL QUENTE
23-04-2024_11-49-40_p0024_s279_b4_CONV--ZED-RGB.mpeg,279,DUAS-DOSES TOMAR DUAS-VEZES SEMANA,DUAS-DOSES TOMAR DUAS-VEZES SEMANA
16-04-2024_10-19-53_p0025_s210_b4_CONV--ZED-RGB.mpeg,210,MOLE,MOLE
24-01-2024_17-23-28_p10_s252--zed-rgb.mpeg,252,ALERGIA LEITE,ALERGIA LEITE
27-05-2024_16-46-06_p0032_s38_b1_CONV--ZED-RGB.mpeg,38,TENTAR SUICIDAR,TENTAR SUICIDAR
03-04-2024_15-48-52_p0023_s231_b4_CONV--ZED-RGB.mpeg,231,DEPRESSÃO,DEPRESSÃO
24-05-2024_19-00-32_p0031_s140_b2_CONV--ZED-RGB.mpeg,140,PERNAS MEXER-PERNAS,PERNAS MEXER-PERNAS
19-07-2024_14-25-00_p0040_s145_b2_CONV--ZED-RGB.mpeg,145,ÁGUA QUENTE COLOCAR-BRAÇO,ÁGUA QUENTE COLOCAR-BRAÇO
19-03-2024_15-43-47_p0022_s148.14_b2_CONV--ZED-RGB.mpeg,148.14,N,N
24-01-2024_17-17-13_p10_s240--zed-rgb.mpeg,240,VÍCIO FUMAR,VÍCIO FUMAR
09-05-2024_15-10-03_p0033_s148.13_b2_CONV--ZED-RGB.mpeg,148.13,M,M
31-01-2024_15-05-08_p13_sP15.2--zed-rgb.mpeg,P15.2,TOSSE COMO,TOSSE COMO
13-05-2024_15-51-36_p0028_s170.2_b3_CONV--ZED-RGB.mpeg,170.2,2,2
18-04-2024_15-48-26_p0026_s148.14_b2_CONV--ZED-RGB.mpeg,148.14,N,N
21-02-2024_15-18-28_p0016_s87_b2_CONV--zed-rgb.mpeg,87,SIM,SIM
11-03-2024_15-43-39_p0020_s174_b3_CONV--zed-rgb.mpeg,174,TRÊS-VEZES DIA,TRÊS-VEZES DIA
22-02-2024_10-37-54_p0017_sP09.3_b3_CONV--zed-rgb.mpeg,P9.3,PLANO ANDAR FÍSICO PIOR,PLANO ANDAR FÍSICO PIOR
08-05-2024_09-33-24_p0030_s96_b2_CONV--ZED-RGB.mpeg,96,DOR MEIO-BARRIGA,DOR MEIO-BARRIGA
18-03-2024_11-30-27_p0013_s254_b4_CONV--ZED-RGB.mpeg,254,ALERGIA COMER CATEGORIA ÁGUA-MAR,ALERGIA COMER CATEGORIA ÁGUA-MAR
16-04-2024_15-59-11_p0016_s204_b3_CONV--ZED-RGB.mpeg,204,DOIS VACINA,DOIS VACINA
26-04-2024_14-53-23_p0028_s44_b1_CONV--ZED-RGB.mpeg,44,PRESSÃO-ARTERIAL ALTO-BAIXO,PRESSÃO-ARTERIAL ALTO-BAIXO
05-03-2024_10-44-51_p0014_s71_b1_CONV--zed-rgb.mpeg,71,2-HORA,2-HORA
16-04-2024_10-29-56_p0025_s223_b4_CONV--ZED-RGB.mpeg,223,DIABETES,DIABETES
29-04-2024_15-25-10_p0024_s166_b3_CONV--ZED-RGB.mpeg,166,SUBIR-ESCADA CORPO PIOR,SUBIR-ESCADA CORPO PIOR
16-07-2024_16-31-50_p0039_s234_b4_CONV--ZED-RGB.mpeg,234,TOSSIR CATARRO VERMELHO,TOSSIR CATARRO VERMELHO
16-04-2024_15-47-27_p0016_s189_b3_CONV--ZED-RGB.mpeg,189,DOR PERNAS-ESPALHAR APONTAR-PERNA,DOR PERNAS-ESPALHAR APONTAR-PERNA
27-05-2024_15-51-33_p0032_sP13.2_b3_CONV--ZED-RGB.mpeg,P13.2,MOMENTO FICAR-EM-PÉ SENTAR DEITAR DOR PIORAR,MOMENTO FICAR-EM-PÉ SENTAR DEITAR DOR PIORAR
20-05-2024_15-32-38_p0023_s107_b2_CONV--ZED-RGB.mpeg,107,DOR PROFUNDO,DOR PROFUNDO
16-04-2024_15-34-56_p0016_s172_b3_CONV--ZED-RGB.mpeg,172,VÁRIAS-VEZES,VÁRIAS-VEZES
07-05-2024_14-59-59_p0027_s22_b1_CONV--ZED-RGB.mpeg,22,EVACUAR MOLE VERMELHO,EVACUAR MOLE VERMELHO
18-04-2024_15-44-06_p0026_s145_b2_CONV--ZED-RGB.mpeg,145,ÁGUA QUENTE COLOCAR-BRAÇO,ÁGUA QUENTE COLOCAR-BRAÇO
28-02-2024_16-25-18_p0011_s110_b2_CONV--zed-rgb.mpeg,110,DOR APERTAR,DOR APERTAR
13-05-2024_16-32-51_p0028_s204_b3_CONV--ZED-RGB.mpeg,204,DOIS VACINA,DOIS VACINA
19-06-2024_16-34-02_p0023_s40_b1_CONV--ZED-RGB.mpeg,40,CACHORRO MORDER,CACHORRO MORDER
03-05-2024_14-24-03_p0027_s148.7_b2_CONV--ZED-RGB.mpeg,148.7,G,G
13-03-2024_16-03-19_p0014_s253_b4_CONV--zed-rgb.mpeg,253,ALERGIA O-V-O OVO,ALERGIA O-V-O OVO
17-07-2024_14-52-56_p0041_s148.21_b2_CONV--ZED-RGB.mpeg,148.21,U,U
08-04-2024_15-47-42_p0021_s119_b2_CONV--ZED-RGB.mpeg,119,SENTIR MAL,SENTIR MAL
29-02-2024_13-47-19_p0010_s17_b1_CONV--zed-rgb.mpeg,17,CHIAR,CHIAR
20-05-2024_11-22-18_p0034_s7_b1_CONV--ZED-RGB.mpeg,7,DOR PEITO,DOR PEITO
12-03-2024_14-14-49_p0022_s3_b1_CONV--zed-rgb.mpeg,3,MUDAR COMPORTAMENTO,MUDAR COMPORTAMENTO
31-01-2024_15-11-48_p13_s207--zed-rgb.mpeg,207,NÃO VACINAR GRIPE,NÃO VACINAR GRIPE
15-05-2024_16-40-41_p0032_s148.3_b2_CONV--ZED-RGB.mpeg,148.3,C,C
24-05-2024_19-06-29_p0031_s148.6_b2_CONV--ZED-RGB.mpeg,148.6,F,F
21-02-2024_15-58-02_p0016_s148.3_b2_CONV--zed-rgb.mpeg,148.3,C,C
19-06-2024_16-28-54_p0023_s26_b1_CONV--ZED-RGB.mpeg,26,TOSSIR,TOSSIR
02-05-2024_16-16-02_p0026_s276_b4_CONV--ZED-RGB.mpeg,276,GARRAFA UMA-VEZ SEMANA,GARRAFA UMA-VEZ SEMANA
30-01-2024_11-09-42_p11_s27--zed-rgb.mpeg,27,CATARRO GRIPE,CATARRO GRIPE
21-02-2024_15-47-00_p0016_s130_b2_CONV--zed-rgb.mpeg,130,CORPO ESFORÇAR,CORPO ESFORÇAR
07-05-2024_14-18-05_p0027_s231_b4_CONV--ZED-RGB.mpeg,231,DEPRESSÃO,DEPRESSÃO
06-05-2024_15-15-55_p0032_s213_b4_CONV--ZED-RGB.mpeg,213,CLARO,CLARO
23-05-2024_15-22-41_p0035_sP17.4_b3_CONV--ZED-RGB.mpeg,P17.4,VOCÊ TRAZER CARTÃO-DE-VACINA,VOCÊ TRAZER CARTÃO-DE-VACINA
19-06-2024_16-31-23_p0023_s32_b1_CONV--ZED-RGB.mpeg,32,MANCHAS-PELE VERMELHO,MANCHAS-PELE VERMELHO
30-01-2024_15-06-11_p12_s148.17--zed-rgb.mpeg,148.17,Q,Q
21-02-2024_11-43-25_p0013_s40_b1_CONV--zed-rgb.mpeg,40,CACHORRO MORDER,CACHORRO MORDER
21-02-2024_16-09-39_p0016_s148.24_b2_CONV--zed-rgb.mpeg,148.24,X,X
27-05-2024_16-01-17_p0032_s200_b3_CONV--ZED-RGB.mpeg,200,CATARRO COLA VERDE,CATARRO COLA VERDE
22-04-2024_09-23-13_p0025_sP11.3_b3_CONV--ZED-RGB.mpeg,P11.3,NO-DECORRER-DO-TEMPO SENTIR DOR NO-TOTAL QUANTOS,NO-DECORRER-DO-TEMPO SENTIR DOR NO-TOTAL QUANTOS
17-06-2024_15-08-19_p0019_s114_b2_CONV--ZED-RGB.mpeg,114,DOR CHOQUE,DOR CHOQUE
03-04-2024_15-43-36_p0023_s228_b4_CONV--ZED-RGB.mpeg,228,AIDS,AIDS
16-04-2024_10-28-17_p0025_s222_b4_CONV--ZED-RGB.mpeg,222,DOR-BARRIGA NENHUM,DOR-BARRIGA NENHUM
27-05-2024_16-09-41_p0032_s242_b3_CONV--ZED-RGB.mpeg,242,EU USAR REMÉDIO,EU USAR REMÉDIO
08-05-2024_09-50-44_p0030_s134_b2_CONV--ZED-RGB.mpeg,134,MASTIGAR,MASTIGAR
16-04-2024_10-31-06_p0025_s226_b4_CONV--ZED-RGB.mpeg,226,PRESSÃO ALTO,PRESSÃO ALTO
28-02-2024_16-15-29_p0011_s95_b2_CONV--zed-rgb.mpeg,95,DOR OLHOS,DOR OLHOS
16-04-2024_10-35-35_p0025_s235_b4_CONV--ZED-RGB.mpeg,235,OBESIDADE,OBESIDADE
30-01-2024_11-01-21_p11_s1--zed-rgb.mpeg,1,CONFUSÃO-MENTAL PERCEPÇÃO ESQUECER,CONFUSÃO-MENTAL PERCEPÇÃO ESQUECER
02-04-2024_15-53-02_p0021_s205_b3_CONV--ZED-RGB.mpeg,205,TRÊS VACINA,TRÊS VACINA
26-03-2024_16-22-36_p0022_s249_b4_CONV--ZED-RGB.mpeg,249,ALERGIA GATO,ALERGIA GATO
13-03-2024_15-13-16_p0014_s125_b2_CONV--zed-rgb.mpeg,125,COMER CATEGORIA ÁCIDO MAIS APIMENTADO,COMER CATEGORIA ÁCIDO MAIS APIMENTADO
20-05-2024_11-38-16_p0034_s41_b1_CONV--ZED-RGB.mpeg,41,GATO MORDER,GATO MORDER
18-06-2024_16-33-53_p0028_s240_b4_CONV--ZED-RGB.mpeg,240,VÍCIO FUMAR,VÍCIO FUMAR
08-06-2024_10-49-51_p0031_s75_b1_CONV--ZED-RGB.mpeg,75,TOSSIR,TOSSIR
25-03-2024_15-33-32_p0020_sP18.5_b4_CONV--ZED-RGB.mpeg,P18.5,VOCÊ BARRIGA DOR ENTÃO,VOCÊ BARRIGA DOR ENTÃO
22-04-2024_09-37-37_p0025_s194_b3_CONV--ZED-RGB.mpeg,194,TOSSE SECO,TOSSE SECO
31-01-2024_15-04-46_p13_sP15.1--zed-rgb.mpeg,P15.1,TER TOSSE,TER TOSSE
24-04-2024_16-04-00_p0027_s199_b3_CONV--ZED-RGB.mpeg,199,CATARRO COLA AMARELO,CATARRO COLA AMARELO
18-03-2024_11-22-10_p0013_s233_b4_CONV--ZED-RGB.mpeg,233,A-V-C,A-V-C
08-05-2024_09-41-52_p0030_s114_b2_CONV--ZED-RGB.mpeg,114,DOR CHOQUE,DOR CHOQUE
23-04-2024_15-22-45_p0026_s48_b1_CONV--ZED-RGB.mpeg,48,XIXI VAZAR,XIXI VAZAR
18-06-2024_15-16-10_p0028_s123_b2_CONV--ZED-RGB.mpeg,123,ZUMBIDO OUVIDO,ZUMBIDO OUVIDO
24-01-2024_17-42-27_p10_s281--zed-rgb.mpeg,281,TAÇA TOMAR VINHO TODO-DIA,TAÇA TOMAR VINHO TODO-DIA
17-06-2024_15-23-46_p0019_s138_b2_CONV--ZED-RGB.mpeg,138,APERTAR,APERTAR
21-02-2024_16-04-15_p0016_s148.8_b2_CONV--zed-rgb.mpeg,148.8,H,H
16-04-2024_16-01-41_p0016_sP17.4_b3_CONV--ZED-RGB.mpeg,P17.4,VOCÊ TRAZER CARTÃO-DE-VACINA,VOCÊ TRAZER CARTÃO-DE-VACINA
22-02-2024_14-34-01_p0018_s148.14_b2_CONV--zed-rgb.mpeg,148.14,N,N
13-03-2024_16-15-58_p0014_s276_b4_CONV--zed-rgb.mpeg,276,GARRAFA UMA-VEZ SEMANA,GARRAFA UMA-VEZ SEMANA
22-02-2024_14-32-50_p0018_s148.9_b2_CONV--zed-rgb.mpeg,148.9,I,I
02-04-2024_15-19-13_p0021_s170.9_b3_CONV--ZED-RGB.mpeg,170.9,9,9
26-08-2024_15-15-17_p0019_s3_b1_CONV--ZED-RGB.mp4,3,MUDAR COMPORTAMENTO,MUDAR COMPORTAMENTO
23-04-2024_14-59-10_p0026_s4_b1_CONV--ZED-RGB.mpeg,4,CONVULSÃO ENROLAR-LÍNGUA,CONVULSÃO ENROLAR-LÍNGUA
18-04-2024_10-15-31_p0025_s20_b1_CONV--ZED-RGB.mpeg,20,TONTURA CAIR-PESSOA,TONTURA CAIR-PESSOA
20-05-2024_16-09-48_p0023_s150_b2_CONV--ZED-RGB.mpeg,150,ENTENDER,ENTENDER
18-04-2024_15-46-19_p0026_s148.5_b2_CONV--ZED-RGB.mpeg,148.5,E,E
18-06-2024_15-00-48_p0028_s98_b2_CONV--ZED-RGB.mpeg,98,DOR BEXIGA,DOR BEXIGA
24-04-2024_15-39-24_p0027_s173_b3_CONV--ZED-RGB.mpeg,173,SEMPRE SEMPRE,SEMPRE SEMPRE
19-03-2024_15-32-44_p0022_s140_b2_CONV--ZED-RGB.mpeg,140,PERNAS MEXER-PERNAS,PERNAS MEXER-PERNAS
12-06-2024_10-29-29_p0036_s148.22_b2_CONV--ZED-RGB.mpeg,148.22,V,V
16-04-2024_15-36-45_p0016_s174_b3_CONV--ZED-RGB.mpeg,174,TRÊS-VEZES DIA,TRÊS-VEZES DIA
11-06-2024_14-30-18_p0035_s142_b2_CONV--ZED-RGB.mpeg,142,MOVIMENTAR-CORPO DOR PIORAR,MOVIMENTAR-CORPO DOR PIORAR
25-03-2024_16-34-56_p0020_s145_b2_CONV--ZED-RGB.mpeg,145,ÁGUA QUENTE COLOCAR-BRAÇO,ÁGUA QUENTE COLOCAR-BRAÇO
20-05-2024_15-34-22_p0023_s111_b2_CONV--ZED-RGB.mpeg,111,DOR PESO,DOR PESO
07-05-2024_14-20-54_p0027_s239_b4_CONV--ZED-RGB.mpeg,239,VÍCIO BEBER ÁLCOOL,VÍCIO BEBER ÁLCOOL
15-05-2024_16-52-25_p0032_s151_b2_CONV--ZED-RGB.mpeg,151,OBRIGADO,OBRIGADO
22-02-2024_15-29-53_p0014_s170.3_b3_CONV--zed-rgb.mpeg,170.3,3,3
05-03-2024_10-39-40_p0014_s56_b1_CONV--zed-rgb.mpeg,56,VERMELHO FEZES,VERMELHO FEZES
05-06-2024_15-15-41_p0037_s235_b4_CONV--ZED-RGB.mpeg,235,OBESIDADE,OBESIDADE
26-08-2024_15-50-29_p0019_s79_b1_CONV--ZED-RGB.mp4,79,SENTADO,SENTADO
29-02-2024_14-17-56_p0010_s73_b1_CONV--zed-rgb.mpeg,73,COMER,COMER
29-02-2024_13-48-32_p0010_s19_b1_CONV--zed-rgb.mpeg,19,PALPITAÇÃO,PALPITAÇÃO
31-01-2024_14-42-37_p13_s166--zed-rgb.mpeg,166,SUBIR-ESCADA CORPO PIOR,SUBIR-ESCADA CORPO PIOR
12-03-2024_10-22-51_p0021_s222_b4_CONV--zed-rgb.mpeg,222,DOR-BARRIGA NENHUM,DOR-BARRIGA NENHUM
22-02-2024_15-48-16_p0014_s199_b3_CONV--zed-rgb.mpeg,199,CATARRO COLA AMARELO,CATARRO COLA AMARELO
03-05-2024_19-05-53_p0031_sP21.1_b3_CONV--ZED-RGB.mpeg,P21.1,DOCUMENTO REMÉDIO VOCÊ TRAZER,DOCUMENTO REMÉDIO VOCÊ TRAZER
13-05-2024_15-55-48_p0028_s171_b3_CONV--ZED-RGB.mpeg,171,UMA-VEZ,UMA-VEZ
26-08-2024_15-17-43_p0019_s9_b1_CONV--ZED-RGB.mp4,9,DOR LOMBAR,DOR LOMBAR
16-05-2024_14-21-41_p0034_s86_b2_CONV--ZED-RGB.mpeg,86,UM MÊS,UM MÊS
15-05-2024_16-49-27_p0032_s148.23_b2_CONV--ZED-RGB.mpeg,148.23,W,W
22-02-2024_14-28-52_p0018_s144_b2_CONV--zed-rgb.mpeg,144,ÁGUA FRIO COLOCAR-BRAÇO,ÁGUA FRIO COLOCAR-BRAÇO
30-04-2024_13-11-15_p0024_s99_b2_CONV--ZED-RGB.mpeg,99,DOR BAIXO-VENTRE,DOR BAIXO-VENTRE
19-06-2024_10-24-58_p0036_s70_b1_CONV--ZED-RGB.mpeg,70,1-HORA,1-HORA
22-02-2024_15-33-07_p0014_s173_b3_CONV--zed-rgb.mpeg,173,SEMPRE SEMPRE,SEMPRE SEMPRE
28-06-2024_14-20-36_p0035_s39_b1_CONV--ZED-RGB.mpeg,39,MORDER,MORDER
27-05-2024_15-30-17_p0032_s170.7_b3_CONV--ZED-RGB.mpeg,170.7,7,7
12-03-2024_14-23-32_p0022_s19_b1_CONV--zed-rgb.mpeg,19,PALPITAÇÃO,PALPITAÇÃO
22-02-2024_11-52-37_p0017_s262_b4_CONV--zed-rgb.mpeg,262,DOIS ANO,DOIS ANO
02-05-2024_15-01-02_p0026_s176_b3_CONV--ZED-RGB.mpeg,176,TRÊS-MESES,TRÊS-MESES
18-04-2024_10-38-45_p0025_s74_b1_CONV--ZED-RGB.mpeg,74,BEBER,BEBER
28-02-2024_16-47-01_p0011_s137_b2_CONV--zed-rgb.mpeg,137,ESTRESSE,ESTRESSE
13-05-2024_15-39-22_p0028_s166_b3_CONV--ZED-RGB.mpeg,166,SUBIR-ESCADA CORPO PIOR,SUBIR-ESCADA CORPO PIOR
27-05-2024_16-00-52_p0032_s199_b3_CONV--ZED-RGB.mpeg,199,CATARRO COLA AMARELO,CATARRO COLA AMARELO
12-03-2024_10-47-30_p0021_s264_b4_CONV--zed-rgb.mpeg,264,CERVEJA,CERVEJA
02-05-2024_15-17-28_p0026_s196_b3_CONV--ZED-RGB.mpeg,196,TOSSE CATARRO COLA,TOSSE CATARRO COLA
30-01-2024_14-31-30_p12_s104--zed-rgb.mpeg,104,DOR PERNA-DIREITA PERNA-ESQUERDA,DOR PERNA-DIREITA PERNA-ESQUERDA
18-04-2024_15-50-32_p0026_s148.20_b2_CONV--ZED-RGB.mpeg,148.20,T,T
23-05-2024_15-19-18_p0035_sP17.1_b3_CONV--ZED-RGB.mpeg,P17.1,VOCÊ JÁ VACINAR COVID-19,VOCÊ JÁ VACINAR COVID-19
27-05-2024_15-17-49_p0032_s167_b3_CONV--ZED-RGB.mpeg,167,SUBIR-ESCADA CORPO PIOR NÃO,SUBIR-ESCADA CORPO PIOR NÃO
18-04-2024_15-37-13_p0026_s127_b2_CONV--ZED-RGB.mpeg,127,COMER COISAS ÓLEO,COMER COISAS ÓLEO
09-05-2024_15-10-26_p0033_s148.14_b2_CONV--ZED-RGB.mpeg,148.14,N,N
19-07-2024_15-33-59_p0040_s42_b1_CONV--ZED-RGB.mpeg,42,COBRA PICAR,COBRA PICAR
13-05-2024_16-01-28_p0028_s176_b3_CONV--ZED-RGB.mpeg,176,TRÊS-MESES,TRÊS-MESES
19-03-2024_15-14-10_p0022_sP06.3_b2_CONV--ZED-RGB.mpeg,P6.3,DOR IGUAL PESO,DOR IGUAL PESO
13-03-2024_16-07-32_p0014_s259_b4_CONV--zed-rgb.mpeg,259,TER FUMAR SIM,TER FUMAR SIM
18-06-2024_16-40-08_p0028_s254_b4_CONV--ZED-RGB.mpeg,254,ALERGIA COMER CATEGORIA ÁGUA-MAR,ALERGIA COMER CATEGORIA ÁGUA-MAR
20-02-2024_16-51-04_p0015_sP22.3_b4_CONV--zed-rgb.mpeg,P22.3,QUAL MEDICAMENTO,QUAL MEDICAMENTO
13-03-2024_15-22-16_p0014_s146_b2_CONV--zed-rgb.mpeg,146,REMÉDIO,REMÉDIO
10-05-2024_15-09-26_p0033_s217_b4_CONV--ZED-RGB.mpeg,217,FEZES-LÍQUIDAS BRANCO,FEZES-LÍQUIDAS BRANCO
07-05-2024_14-16-48_p0027_s227_b4_CONV--ZED-RGB.mpeg,227,ASMA,ASMA
24-07-2024_15-23-08_p0041_s264_b4_CONV--ZED-RGB.mpeg,264,CERVEJA,CERVEJA
30-01-2024_11-13-54_p11_s41--zed-rgb.mpeg,41,GATO MORDER,GATO MORDER
18-03-2024_11-35-14_p0013_s261_b4_CONV--ZED-RGB.mpeg,261,UM ANO,UM ANO
03-05-2024_08-50-06_p0030_s59_b1_CONV--ZED-RGB.mpeg,59,TRAUMA,TRAUMA
28-02-2024_16-45-22_p0011_s134_b2_CONV--zed-rgb.mpeg,134,MASTIGAR,MASTIGAR
05-06-2024_15-12-25_p0037_s227_b4_CONV--ZED-RGB.mpeg,227,ASMA,ASMA
24-05-2024_19-13-34_p0031_s148.26_b2_CONV--ZED-RGB.mpeg,148.26,Z,Z
23-04-2024_15-10-30_p0026_s23_b1_CONV--ZED-RGB.mpeg,23,TONTURA-ENJOO,TONTURA-ENJOO
12-06-2024_10-28-39_p0036_s148.19_b2_CONV--ZED-RGB.mpeg,148.19,S,S
10-05-2024_16-30-19_p0033_s20_b1_CONV--ZED-RGB.mpeg,20,TONTURA CAIR-PESSOA,TONTURA CAIR-PESSOA
19-03-2024_15-21-55_p0022_s125_b2_CONV--ZED-RGB.mpeg,125,COMER CATEGORIA ÁCIDO MAIS APIMENTADO,COMER CATEGORIA ÁCIDO MAIS APIMENTADO
20-03-2024_15-32-08_p0015_sP21.2_b3_CONV--ZED-RGB.mpeg,P21.2,USAR REMÉDIO,USAR REMÉDIO
08-05-2024_16-15-39_p0033_s197_b3_CONV--ZED-RGB.mpeg,197,CATARRO COLA CLARO,CATARRO COLA CLARO
31-01-2024_14-51-18_p13_s170.6--zed-rgb.mpeg,170.6,6,6
25-03-2024_15-57-06_p0020_s272_b4_CONV--ZED-RGB.mpeg,272,UM LATA TODO-DIA,UM LATA TODO-DIA
22-02-2024_11-40-57_p0017_s223_b4_CONV--zed-rgb.mpeg,223,DIABETES,DIABETES
05-06-2024_10-26-01_p0036_sP24.1_b4_CONV--ZED-RGB.mpeg,P24.1,BEBIDA ÁLCOOL VOCÊ BEBER VOCÊ,BEBIDA ÁLCOOL VOCÊ BEBER VOCÊ
27-03-2024_15-42-04_p0015_s148.25_b2_CONV--ZED-RGB.mpeg,148.25,Y,Y
11-06-2024_14-36-25_p0035_s148.8_b2_CONV--ZED-RGB.mpeg,148.8,H,H
18-06-2024_16-28-21_p0028_s228_b4_CONV--ZED-RGB.mpeg,228,AIDS,AIDS
02-04-2024_15-45-00_p0021_s196_b3_CONV--ZED-RGB.mpeg,196,TOSSE CATARRO COLA,TOSSE CATARRO COLA
13-03-2024_15-39-31_p0014_sP18.2_b4_CONV--zed-rgb.mpeg,P18.2,VOCÊ FEZES MOLE,VOCÊ FEZES MOLE
28-06-2024_15-50-56_p0035_s282_b4_CONV--ZED-RGB.mpeg,282,UM COPO CHEIO TODO-DIA,UM COPO CHEIO TODO-DIA
18-03-2024_11-10-30_p0013_s210_b4_CONV--ZED-RGB.mpeg,210,MOLE,MOLE
16-04-2024_15-57-02_p0016_s202_b3_CONV--ZED-RGB.mpeg,202,CATARRO COLA SANGUE PONTOS,CATARRO COLA SANGUE PONTOS
21-02-2024_15-28-39_p0016_s114_b2_CONV--zed-rgb.mpeg,114,DOR CHOQUE,DOR CHOQUE
13-03-2024_15-52-14_p0014_s225_b4_CONV--zed-rgb.mpeg,225,ARRITMIA,ARRITMIA
28-02-2024_17-02-58_p0011_s151_b2_CONV--zed-rgb.mpeg,151,OBRIGADO,OBRIGADO
22-04-2024_09-26-53_p0025_sP12_b3_CONV--ZED-RGB.mpeg,P12,DOR EXEMPLO AQUI LUGAR MESMO O-U ESPALHAR AQUI LUGARES ENTÃO,DOR EXEMPLO AQUI LUGAR MESMO O-U ESPALHAR AQUI LUGARES ENTÃO
26-02-2024_15-38-53_p0019_s224_b4_CONV--zed-rgb.mpeg,224,INFARTO,INFARTO
11-06-2024_14-00-13_p0035_s94_b2_CONV--ZED-RGB.mpeg,94,DOR OUVIDO-DIREITO OUVIDO-ESQUERDO,DOR OUVIDO-DIREITO OUVIDO-ESQUERDO
24-04-2024_15-34-15_p0027_s170.5_b3_CONV--ZED-RGB.mpeg,170.5,5,5
30-04-2024_13-49-50_p0024_s148.22_b2_CONV--ZED-RGB.mpeg,148.22,V,V
27-05-2024_16-45-39_p0032_s37_b1_CONV--ZED-RGB.mpeg,37,VERMELHO SANGUE DOCE BAIXO-ALTO,VERMELHO SANGUE DOCE BAIXO-ALTO
08-05-2024_16-13-37_p0033_s195_b3_CONV--ZED-RGB.mpeg,195,CATARRO COLA NENHUM,CATARRO COLA NENHUM
07-03-2024_14-09-17_p0010_s148.1_b2_CONV--zed-rgb.mpeg,148.1,A,A
27-05-2024_16-49-49_p0032_s44_b1_CONV--ZED-RGB.mpeg,44,PRESSÃO-ARTERIAL ALTO-BAIXO,PRESSÃO-ARTERIAL ALTO-BAIXO
13-03-2024_15-28-12_p0014_s148.17_b2_CONV--zed-rgb.mpeg,148.17,Q,Q
22-02-2024_14-37-02_p0018_s148.21_b2_CONV--zed-rgb.mpeg,148.21,U,U
19-03-2024_15-43-08_p0022_s148.12_b2_CONV--ZED-RGB.mpeg,148.12,L,L
12-03-2024_14-45-43_p0022_s71_b1_CONV--zed-rgb.mpeg,71,2-HORA,2-HORA
25-03-2024_15-38-40_p0020_s231_b4_CONV--ZED-RGB.mpeg,231,DEPRESSÃO,DEPRESSÃO
10-05-2024_09-39-08_p0030_s221_b4_CONV--ZED-RGB.mpeg,221,TER P-U-S MISTURAR AMARELO BRANCO MISTURAR,TER P-U-S MISTURAR AMARELO BRANCO MISTURAR
17-06-2024_15-28-39_p0019_s145_b2_CONV--ZED-RGB.mpeg,145,ÁGUA QUENTE COLOCAR-BRAÇO,ÁGUA QUENTE COLOCAR-BRAÇO
08-05-2024_15-27-10_p0033_s170.0_b3_CONV--ZED-RGB.mpeg,170.0,0,0
16-04-2024_11-02-38_p0025_s283_b4_CONV--ZED-RGB.mpeg,283,UM COPO UMA-VEZ SEMANA,UM COPO UMA-VEZ SEMANA
06-05-2024_15-36-45_p0032_s246_b4_CONV--ZED-RGB.mpeg,246,F-U-N-G-O-S SINAL FUNGO,F-U-N-G-O-S SINAL FUNGO
03-04-2024_15-50-27_p0023_s235_b4_CONV--ZED-RGB.mpeg,235,OBESIDADE,OBESIDADE
12-03-2024_10-39-21_p0021_s255_b4_CONV--zed-rgb.mpeg,255,ALERGIA CATEGORIA T-R-I-G-O FARINHA,ALERGIA CATEGORIA T-R-I-G-O FARINHA
08-05-2024_09-59-11_p0030_s148.11_b2_CONV--ZED-RGB.mpeg,148.11,K,K
24-01-2024_17-30-13_p10_sP24.2--zed-rgb.mpeg,P24.2,BEBIDA QUAL,BEBIDA QUAL
02-05-2024_15-53-02_p0026_s228_b4_CONV--ZED-RGB.mpeg,228,AIDS,AIDS
07-03-2024_14-11-48_p0010_s148.11_b2_CONV--zed-rgb.mpeg,148.11,K,K
13-05-2024_15-52-41_p0028_s170.7_b3_CONV--ZED-RGB.mpeg,170.7,7,7
23-05-2024_15-16-33_p0035_s197_b3_CONV--ZED-RGB.mpeg,197,CATARRO COLA CLARO,CATARRO COLA CLARO
25-03-2024_16-42-04_p0020_s148.21_b2_CONV--ZED-RGB.mpeg,148.21,U,U
08-05-2024_09-46-57_p0030_s123_b2_CONV--ZED-RGB.mpeg,123,ZUMBIDO OUVIDO,ZUMBIDO OUVIDO
25-03-2024_15-56-32_p0020_s271_b4_CONV--ZED-RGB.mpeg,271,CHAMPANHE,CHAMPANHE
10-05-2024_09-16-03_p0030_s244_b3_CONV--ZED-RGB.mpeg,244,NÃO USAR MEDICAMENTO NÃO,NÃO USAR MEDICAMENTO NÃO
29-04-2024_15-59-58_p0024_s197_b3_CONV--ZED-RGB.mpeg,197,CATARRO COLA CLARO,CATARRO COLA CLARO
07-05-2024_15-03-08_p0027_s32_b1_CONV--ZED-RGB.mpeg,32,MANCHAS-PELE VERMELHO,MANCHAS-PELE VERMELHO
23-04-2024_11-45-38_p0024_s269_b4_CONV--ZED-RGB.mpeg,269,CACHAÇA,CACHAÇA
25-03-2024_16-07-33_p0020_s86_b2_CONV--ZED-RGB.mpeg,86,UM MÊS,UM MÊS
03-05-2024_14-24-42_p0027_s148.9_b2_CONV--ZED-RGB.mpeg,148.9,I,I
28-06-2024_15-23-08_p0035_s245_b4_CONV--ZED-RGB.mpeg,245,ÁCARO ALERGIA,ÁCARO ALERGIA
30-04-2024_13-33-21_p0024_s135_b2_CONV--ZED-RGB.mpeg,135,ENGOLIR,ENGOLIR
26-08-2024_15-24-12_p0019_s25_b1_CONV--ZED-RGB.mp4,25,FEZES ESCURO,FEZES ESCURO
30-01-2024_14-12-36_p12_s83--zed-rgb.mpeg,83,UM-DIA,UM-DIA
28-02-2024_16-33-11_p0011_s118_b2_CONV--zed-rgb.mpeg,118,OLHOS-LACRIMEJAR,OLHOS-LACRIMEJAR
24-07-2024_15-29-18_p0041_s279_b4_CONV--ZED-RGB.mpeg,279,DUAS-DOSES TOMAR DUAS-VEZES SEMANA,DUAS-DOSES TOMAR DUAS-VEZES SEMANA
25-03-2024_16-41-01_p0020_s148.17_b2_CONV--ZED-RGB.mpeg,148.17,Q,Q
21-02-2024_11-39-46_p0013_s33_b1_CONV--zed-rgb.mpeg,33,COÇAR,COÇAR
07-03-2024_13-51-30_p0010_s110_b2_CONV--zed-rgb.mpeg,110,DOR APERTAR,DOR APERTAR
09-05-2024_15-19-48_p0033_s157_b2_CONV--ZED-RGB.mpeg,157,CONTINUAR,CONTINUAR
18-04-2024_15-35-04_p0026_s121_b2_CONV--ZED-RGB.mpeg,121,VER MANCHAS,VER MANCHAS
31-01-2024_14-53-26_p13_s173--zed-rgb.mpeg,173,SEMPRE SEMPRE,SEMPRE SEMPRE
20-05-2024_15-31-02_p0023_s105_b2_CONV--ZED-RGB.mpeg,105,DOR TESTÍCULOS,DOR TESTÍCULOS
19-06-2024_10-16-17_p0036_s57_b1_CONV--ZED-RGB.mpeg,57,TONTEIRA,TONTEIRA
26-08-2024_15-18-38_p0019_s11_b1_CONV--ZED-RGB.mp4,11,DOR GARGANTA,DOR GARGANTA
08-05-2024_09-30-18_p0030_s87_b2_CONV--ZED-RGB.mpeg,87,SIM,SIM
29-04-2024_11-40-26_p0029_sP06.3_b2_CONV--ZED-RGB.mpeg,P6.3,DOR IGUAL PESO,DOR IGUAL PESO
16-05-2024_14-24-10_p0034_sP06.1_b2_CONV--ZED-RGB.mpeg,P6.1,ONDE DOR,ONDE DOR
16-05-2024_15-05-44_p0034_s148.6_b2_CONV--ZED-RGB.mpeg,148.6,F,F
27-03-2024_16-22-52_p0015_s61_b1_CONV--ZED-RGB.mpeg,61,PELE QUEIMAR,PELE QUEIMAR
07-03-2024_13-58-49_p0010_s123_b2_CONV--zed-rgb.mpeg,123,ZUMBIDO OUVIDO,ZUMBIDO OUVIDO
18-03-2024_11-33-55_p0013_sP23.1_b4_CONV--ZED-RGB.mpeg,P23.1,VOCÊ FUMAR,VOCÊ FUMAR
26-02-2024_15-51-45_p0019_s240_b4_CONV--zed-rgb.mpeg,240,VÍCIO FUMAR,VÍCIO FUMAR
08-04-2024_16-12-40_p0021_s148.17_b2_CONV--ZED-RGB.mpeg,148.17,Q,Q
18-04-2024_15-33-02_p0026_sP06.5_b2_CONV--ZED-RGB.mpeg,P6.5,DOR IGUAL FINCADA,DOR IGUAL FINCADA
19-03-2024_15-11-54_p0022_s112_b2_CONV--ZED-RGB.mpeg,112,DOR QUEIMAR,DOR QUEIMAR
20-05-2024_12-03-55_p0034_s216_b4_CONV--ZED-RGB.mpeg,216,FEZES-LÍQUIDAS-EXPLODIR,FEZES-LÍQUIDAS-EXPLODIR
08-05-2024_09-38-24_p0030_sP06.2_b2_CONV--ZED-RGB.mpeg,P6.2,COMO DOR,COMO DOR
12-03-2024_10-39-53_p0021_s256_b4_CONV--zed-rgb.mpeg,256,ALERGIA AMENDOIM,ALERGIA AMENDOIM
09-05-2024_14-49-42_p0033_s129_b2_CONV--ZED-RGB.mpeg,129,LOCAIS LUZ-FORTE,LOCAIS LUZ-FORTE
16-07-2024_16-34-47_p0039_s237_b4_CONV--ZED-RGB.mpeg,237,RINS FRACO,RINS FRACO
17-06-2024_14-54-27_p0019_s92_b2_CONV--ZED-RGB.mpeg,92,DOR TESTA,DOR TESTA
10-05-2024_09-46-19_p0030_s233_b4_CONV--ZED-RGB.mpeg,233,A-V-C,A-V-C
02-05-2024_15-11-51_p0026_sP13.2_b3_CONV--ZED-RGB.mpeg,P13.2,MOMENTO FICAR-EM-PÉ SENTAR DEITAR DOR PIORAR,MOMENTO FICAR-EM-PÉ SENTAR DEITAR DOR PIORAR
13-03-2024_15-36-02_p0014_s157_b2_CONV--zed-rgb.mpeg,157,CONTINUAR,CONTINUAR
02-05-2024_15-46-06_p0026_s212_b4_CONV--ZED-RGB.mpeg,212,FEZES-LÍQUIDAS,FEZES-LÍQUIDAS
18-04-2024_15-23-51_p0026_s90_b2_CONV--ZED-RGB.mpeg,90,DOR OUVIDO,DOR OUVIDO
19-03-2024_15-54-27_p0022_s156_b2_CONV--ZED-RGB.mpeg,156,NÃO-ENTENDER,NÃO-ENTENDER
28-02-2024_16-38-33_p0011_s124_b2_CONV--zed-rgb.mpeg,124,GASES,GASES
06-05-2024_15-16-42_p0032_s215_b4_CONV--ZED-RGB.mpeg,215,FEZES-LÍQUIDAS BORBULHAR,FEZES-LÍQUIDAS BORBULHAR
02-05-2024_15-55-20_p0026_s233_b4_CONV--ZED-RGB.mpeg,233,A-V-C,A-V-C
25-03-2024_15-36-00_p0020_s226_b4_CONV--ZED-RGB.mpeg,226,PRESSÃO ALTO,PRESSÃO ALTO
10-05-2024_15-27-39_p0033_s234_b4_CONV--ZED-RGB.mpeg,234,TOSSIR CATARRO VERMELHO,TOSSIR CATARRO VERMELHO
30-01-2024_14-43-23_p12_s123--zed-rgb.mpeg,123,ZUMBIDO OUVIDO,ZUMBIDO OUVIDO
16-05-2024_15-13-03_p0034_s148.25_b2_CONV--ZED-RGB.mpeg,148.25,Y,Y
19-03-2024_15-24-55_p0022_s131_b2_CONV--ZED-RGB.mpeg,131,PERÍODO MENSTRUAR,PERÍODO MENSTRUAR
22-02-2024_15-30-41_p0014_s170.7_b3_CONV--zed-rgb.mpeg,170.7,7,7
30-04-2024_13-02-34_p0024_s86_b2_CONV--ZED-RGB.mpeg,86,UM MÊS,UM MÊS
16-05-2024_15-12-11_p0034_s148.23_b2_CONV--ZED-RGB.mpeg,148.23,W,W
17-06-2024_15-31-36_p0019_s148.4_b2_CONV--ZED-RGB.mpeg,148.4,D,D
08-04-2024_17-02-10_p0021_s76_b1_CONV--ZED-RGB.mpeg,76,LIMPAR CASA,LIMPAR CASA
29-04-2024_15-24-34_p0024_sP09.6_b3_CONV--ZED-RGB.mpeg,P9.6,SUBIR-ESCADA FÍSICO PIOR,SUBIR-ESCADA FÍSICO PIOR
26-04-2024_14-53-03_p0028_s43_b1_CONV--ZED-RGB.mpeg,43,ESCORPIÃO PICAR,ESCORPIÃO PICAR
19-03-2024_15-23-21_p0022_s128_b2_CONV--ZED-RGB.mpeg,128,LOCAIS BARULHO,LOCAIS BARULHO
17-06-2024_15-11-01_p0019_sP06.4_b2_CONV--ZED-RGB.mpeg,P6.4,DOR IGUAL QUEIMAR,DOR IGUAL QUEIMAR
21-02-2024_11-43-01_p0013_s39_b1_CONV--zed-rgb.mpeg,39,MORDER,MORDER
10-05-2024_16-46-00_p0033_s59_b1_CONV--ZED-RGB.mpeg,59,TRAUMA,TRAUMA
28-06-2024_14-18-33_p0035_s33_b1_CONV--ZED-RGB.mpeg,33,COÇAR,COÇAR
19-07-2024_14-40-18_p0040_s157_b2_CONV--ZED-RGB.mpeg,157,CONTINUAR,CONTINUAR
27-05-2024_15-29-56_p0032_s170.6_b3_CONV--ZED-RGB.mpeg,170.6,6,6
09-05-2024_15-06-32_p0033_s148.6_b2_CONV--ZED-RGB.mpeg,148.6,F,F
27-03-2024_16-15-46_p0015_s41_b1_CONV--ZED-RGB.mpeg,41,GATO MORDER,GATO MORDER
22-02-2024_14-32-18_p0018_s148.6_b2_CONV--zed-rgb.mpeg,148.6,F,F
10-05-2024_15-34-51_p0033_s252_b4_CONV--ZED-RGB.mpeg,252,ALERGIA LEITE,ALERGIA LEITE
22-02-2024_16-07-06_p0014_s242_b3_CONV--zed-rgb.mpeg,242,EU USAR REMÉDIO,EU USAR REMÉDIO
20-05-2024_15-20-57_p0023_s98_b2_CONV--ZED-RGB.mpeg,98,DOR BEXIGA,DOR BEXIGA
07-05-2024_14-14-33_p0027_s222_b4_CONV--ZED-RGB.mpeg,222,DOR-BARRIGA NENHUM,DOR-BARRIGA NENHUM
26-02-2024_15-52-39_p0019_sP22.1_b4_CONV--zed-rgb.mpeg,P22.1,VOCÊ TER ALERGIA ENTÃO,VOCÊ TER ALERGIA ENTÃO
13-03-2024_15-28-28_p0014_s148.18_b2_CONV--zed-rgb.mpeg,148.18,R,R
09-05-2024_14-38-24_p0033_sP06.4_b2_CONV--ZED-RGB.mpeg,P6.4,DOR IGUAL QUEIMAR,DOR IGUAL QUEIMAR
07-03-2024_13-43-36_p0010_sP06.1_b2_CONV--zed-rgb.mpeg,P6.1,ONDE DOR,ONDE DOR
24-05-2024_18-43-55_p0031_s114_b2_CONV--ZED-RGB.mpeg,114,DOR CHOQUE,DOR CHOQUE
19-03-2024_15-22-26_p0022_s126_b2_CONV--ZED-RGB.mpeg,126,BEBER ÁLCOOL,BEBER ÁLCOOL
03-04-2024_15-38-49_p0023_sP18.5_b4_CONV--ZED-RGB.mpeg,P18.5,VOCÊ BARRIGA DOR ENTÃO,VOCÊ BARRIGA DOR ENTÃO
17-07-2024_14-32-59_p0041_s127_b2_CONV--ZED-RGB.mpeg,127,COMER COISAS ÓLEO,COMER COISAS ÓLEO
27-05-2024_15-44-00_p0032_s184_b3_CONV--ZED-RGB.mpeg,184,DOR BRAÇO-ESPALHAR,DOR BRAÇO-ESPALHAR
11-06-2024_14-11-52_p0035_s112_b2_CONV--ZED-RGB.mpeg,112,DOR QUEIMAR,DOR QUEIMAR
25-03-2024_16-43-18_p0020_s148.26_b2_CONV--ZED-RGB.mpeg,148.26,Z,Z
20-05-2024_11-29-21_p0034_s22_b1_CONV--ZED-RGB.mpeg,22,EVACUAR MOLE VERMELHO,EVACUAR MOLE VERMELHO
18-03-2024_15-45-29_p0020_s75_b1_CONV--ZED-RGB.mpeg,75,TOSSIR,TOSSIR
18-06-2024_15-19-27_p0028_s126_b2_CONV--ZED-RGB.mpeg,126,BEBER ÁLCOOL,BEBER ÁLCOOL
05-06-2024_15-05-17_p0037_s216_b4_CONV--ZED-RGB.mpeg,216,FEZES-LÍQUIDAS-EXPLODIR,FEZES-LÍQUIDAS-EXPLODIR
16-07-2024_16-38-58_p0039_s249_b4_CONV--ZED-RGB.mpeg,249,ALERGIA GATO,ALERGIA GATO
08-06-2024_10-51-47_p0031_s79_b1_CONV--ZED-RGB.mpeg,79,SENTADO,SENTADO
16-04-2024_15-42-44_p0016_s184_b3_CONV--ZED-RGB.mpeg,184,DOR BRAÇO-ESPALHAR,DOR BRAÇO-ESPALHAR
18-04-2024_15-41-05_p0026_s139_b2_CONV--ZED-RGB.mpeg,139,BRAÇO MEXER-BRAÇO,BRAÇO MEXER-BRAÇO
13-05-2024_16-01-48_p0028_s177_b3_CONV--ZED-RGB.mpeg,177,UM ANO,UM ANO
08-08-2024_14-42-03_p0042_s90_b2_CONV--ZED-RGB.mpeg,90,DOR OUVIDO,DOR OUVIDO
10-05-2024_09-37-32_p0030_s217_b4_CONV--ZED-RGB.mpeg,217,FEZES-LÍQUIDAS BRANCO,FEZES-LÍQUIDAS BRANCO
08-04-2024_16-54-45_p0021_s62_b1_CONV--ZED-RGB.mpeg,62,MATERIAL GRUPO CORTAR TAMBÉM OBJETO-FINO-LONGO FINCAR,MATERIAL GRUPO CORTAR TAMBÉM OBJETO-FINO-LONGO FINCAR
19-07-2024_14-21-57_p0040_s140_b2_CONV--ZED-RGB.mpeg,140,PERNAS MEXER-PERNAS,PERNAS MEXER-PERNAS
19-06-2024_09-55-11_p0036_s14_b1_CONV--ZED-RGB.mpeg,14,DOR PERNA ATRÁS,DOR PERNA ATRÁS
16-05-2024_14-42-45_p0034_s118_b2_CONV--ZED-RGB.mpeg,118,OLHOS-LACRIMEJAR,OLHOS-LACRIMEJAR
28-02-2024_16-25-58_p0011_s111_b2_CONV--zed-rgb.mpeg,111,DOR PESO,DOR PESO
26-08-2024_15-50-05_p0019_s78_b1_CONV--ZED-RGB.mp4,78,CALADO DEITADO,CALADO DEITADO
02-04-2024_15-03-11_p0021_s160_b3_CONV--ZED-RGB.mpeg,160,PLANO ANDAR CORPO PIOR,PLANO ANDAR CORPO PIOR
20-05-2024_15-54-17_p0023_s142_b2_CONV--ZED-RGB.mpeg,142,MOVIMENTAR-CORPO DOR PIORAR,MOVIMENTAR-CORPO DOR PIORAR
20-05-2024_11-54-23_p0034_s72_b1_CONV--ZED-RGB.mpeg,72,2-MÊS,2-MÊS
20-05-2024_15-47-11_p0023_s128_b2_CONV--ZED-RGB.mpeg,128,LOCAIS BARULHO,LOCAIS BARULHO
11-03-2024_16-05-07_p0020_s196_b3_CONV--zed-rgb.mpeg,196,TOSSE CATARRO COLA,TOSSE CATARRO COLA
28-06-2024_14-12-00_p0035_s16_b1_CONV--ZED-RGB.mpeg,16,RESPIRAR FALTAR,RESPIRAR FALTAR
26-04-2024_15-12-11_p0028_s77_b1_CONV--ZED-RGB.mpeg,77,EXERCÍCIO-FÍSICO,EXERCÍCIO-FÍSICO
26-02-2024_16-00-11_p0019_s254_b4_CONV--zed-rgb.mpeg,254,ALERGIA COMER CATEGORIA ÁGUA-MAR,ALERGIA COMER CATEGORIA ÁGUA-MAR
23-05-2024_15-21-29_p0035_s206_b3_CONV--ZED-RGB.mpeg,206,QUATRO VACINA,QUATRO VACINA
23-05-2024_14-44-56_p0035_sP09.5_b3_CONV--ZED-RGB.mpeg,P9.5,DEITAR CALMA PIOR,DEITAR CALMA PIOR
12-06-2024_16-59-33_p0038_s198_b3_CONV--ZED-RGB.mpeg,198,CATARRO COLA BRANCO,CATARRO COLA BRANCO
27-03-2024_15-27-55_p0015_s132_b2_CONV--ZED-RGB.mpeg,132,NARIZ ESPIRRAR,NARIZ ESPIRRAR
30-01-2024_15-01-52_p12_s148.7--zed-rgb.mpeg,148.7,G,G
06-05-2024_15-14-40_p0032_s210_b4_CONV--ZED-RGB.mpeg,210,MOLE,MOLE
06-05-2024_15-15-03_p0032_s211_b4_CONV--ZED-RGB.mpeg,211,FRAGMENTOS MISTURAR MOLE,FRAGMENTOS MISTURAR MOLE
18-06-2024_15-04-46_p0028_s107_b2_CONV--ZED-RGB.mpeg,107,DOR PROFUNDO,DOR PROFUNDO
03-05-2024_18-25-54_p0031_s160_b3_CONV--ZED-RGB.mpeg,160,PLANO ANDAR CORPO PIOR,PLANO ANDAR CORPO PIOR
03-04-2024_15-49-45_p0023_s233_b4_CONV--ZED-RGB.mpeg,233,A-V-C,A-V-C
10-05-2024_16-08-31_p0033_s274_b4_CONV--ZED-RGB.mpeg,274,DOIS LATAS DUAS-VEZES SEMANA,DOIS LATAS DUAS-VEZES SEMANA
22-02-2024_13-50-54_p0018_s77_b1_CONV--zed-rgb.mpeg,77,EXERCÍCIO-FÍSICO,EXERCÍCIO-FÍSICO
27-05-2024_17-01-00_p0032_s71_b1_CONV--ZED-RGB.mpeg,71,2-HORA,2-HORA
28-06-2024_14-16-05_p0035_s27_b1_CONV--ZED-RGB.mpeg,27,CATARRO GRIPE,CATARRO GRIPE
02-05-2024_15-23-38_p0026_s207_b3_CONV--ZED-RGB.mpeg,207,NÃO VACINAR GRIPE,NÃO VACINAR GRIPE
08-04-2024_15-51-43_p0021_s127_b2_CONV--ZED-RGB.mpeg,127,COMER COISAS ÓLEO,COMER COISAS ÓLEO
25-03-2024_16-39-22_p0020_s148.12_b2_CONV--ZED-RGB.mpeg,148.12,L,L
27-03-2024_15-36-08_p0015_s148.6_b2_CONV--ZED-RGB.mpeg,148.6,F,F
16-07-2024_16-18-08_p0039_s213_b4_CONV--ZED-RGB.mpeg,213,CLARO,CLARO
03-05-2024_14-15-36_p0027_s126_b2_CONV--ZED-RGB.mpeg,126,BEBER ÁLCOOL,BEBER ÁLCOOL
29-04-2024_11-26-11_p0029_s86_b2_CONV--ZED-RGB.mpeg,86,UM MÊS,UM MÊS
20-05-2024_11-48-43_p0034_s61_b1_CONV--ZED-RGB.mpeg,61,PELE QUEIMAR,PELE QUEIMAR
16-04-2024_16-07-38_p0016_sP21.2_b3_CONV--ZED-RGB.mpeg,P21.2,USAR REMÉDIO,USAR REMÉDIO
18-04-2024_15-47-10_p0026_s148.9_b2_CONV--ZED-RGB.mpeg,148.9,I,I
17-06-2024_15-21-19_p0019_s133_b2_CONV--ZED-RGB.mpeg,133,MASTIGAR,MASTIGAR
29-04-2024_15-16-08_p0024_s158_b3_CONV--ZED-RGB.mpeg,158,SUBIR-MORRO FÍSICO PIOR,SUBIR-MORRO FÍSICO PIOR
10-05-2024_08-54-30_p0030_s189_b3_CONV--ZED-RGB.mpeg,189,DOR PERNAS-ESPALHAR APONTAR-PERNA,DOR PERNAS-ESPALHAR APONTAR-PERNA
07-05-2024_15-06-54_p0027_s43_b1_CONV--ZED-RGB.mpeg,43,ESCORPIÃO PICAR,ESCORPIÃO PICAR
03-04-2024_15-50-48_p0023_s236_b4_CONV--ZED-RGB.mpeg,236,FÍGADO INFLAMADO,FÍGADO INFLAMADO
11-06-2024_14-04-32_p0035_s100_b2_CONV--ZED-RGB.mpeg,100,DOR VIRILHA,DOR VIRILHA
29-04-2024_11-25-37_p0029_s84_b2_CONV--ZED-RGB.mpeg,84,TRÊS-DIAS,TRÊS-DIAS
15-05-2024_16-05-30_p0032_s132_b2_CONV--ZED-RGB.mpeg,132,NARIZ ESPIRRAR,NARIZ ESPIRRAR
10-05-2024_09-42-36_p0030_s224_b4_CONV--ZED-RGB.mpeg,224,INFARTO,INFARTO
13-05-2024_16-00-54_p0028_s175_b3_CONV--ZED-RGB.mpeg,175,DOIS SEMANA,DOIS SEMANA
20-02-2024_16-37-42_p0015_s232_b4_CONV--zed-rgb.mpeg,232,ANSIEDADE,ANSIEDADE
10-05-2024_16-35-01_p0033_s30_b1_CONV--ZED-RGB.mpeg,30,FERIR PELE,FERIR PELE
27-03-2024_16-06-43_p0015_s20_b1_CONV--ZED-RGB.mpeg,20,TONTURA CAIR-PESSOA,TONTURA CAIR-PESSOA
24-01-2024_17-09-17_p10_s223--zed-rgb.mpeg,223,DIABETES,DIABETES
05-06-2024_10-18-14_p0036_s255_b4_CONV--ZED-RGB.mpeg,255,ALERGIA CATEGORIA T-R-I-G-O FARINHA,ALERGIA CATEGORIA T-R-I-G-O FARINHA
08-05-2024_16-16-04_p0033_s198_b3_CONV--ZED-RGB.mpeg,198,CATARRO COLA BRANCO,CATARRO COLA BRANCO
26-04-2024_14-56-21_p0028_s48_b1_CONV--ZED-RGB.mpeg,48,XIXI VAZAR,XIXI VAZAR
22-02-2024_13-36-28_p0018_s44_b1_CONV--zed-rgb.mpeg,44,PRESSÃO-ARTERIAL ALTO-BAIXO,PRESSÃO-ARTERIAL ALTO-BAIXO
08-06-2024_10-28-30_p0031_s28_b1_CONV--ZED-RGB.mpeg,28,NARIZ-LADOS FECHAR,NARIZ-LADOS FECHAR
09-05-2024_15-15-47_p0033_s149_b2_CONV--ZED-RGB.mpeg,149,DEVAGAR,DEVAGAR
23-04-2024_11-49-20_p0024_s278_b4_CONV--ZED-RGB.mpeg,278,UMA-DOSE TOMAR TODO-DIA,UMA-DOSE TOMAR TODO-DIA
27-05-2024_16-06-56_p0032_s208_b3_CONV--ZED-RGB.mpeg,208,NÃO TRAZER CARTÃO-DE-VACINA NENHUM,NÃO TRAZER CARTÃO-DE-VACINA NENHUM
29-04-2024_16-42-18_p0024_s28_b1_CONV--ZED-RGB.mpeg,28,NARIZ-LADOS FECHAR,NARIZ-LADOS FECHAR
24-05-2024_19-05-40_p0031_s148.5_b2_CONV--ZED-RGB.mpeg,148.5,E,E
02-05-2024_15-01-46_p0026_s178_b3_CONV--ZED-RGB.mpeg,178,CINCO ANO,CINCO ANO
03-04-2024_15-33-01_p0023_s213_b4_CONV--ZED-RGB.mpeg,213,CLARO,CLARO
29-04-2024_11-41-10_p0029_sP06.5_b2_CONV--ZED-RGB.mpeg,P6.5,DOR IGUAL FINCADA,DOR IGUAL FINCADA
22-02-2024_14-12-52_p0018_s116_b2_CONV--zed-rgb.mpeg,116,DOR APERTAR PONTADA,DOR APERTAR PONTADA
03-04-2024_16-14-40_p0023_s282_b4_CONV--ZED-RGB.mpeg,282,UM COPO CHEIO TODO-DIA,UM COPO CHEIO TODO-DIA
24-05-2024_18-43-32_p0031_s113_b2_CONV--ZED-RGB.mpeg,113,DOR PONTADA,DOR PONTADA
20-05-2024_11-55-17_p0034_s73_b1_CONV--ZED-RGB.mpeg,73,COMER,COMER
11-06-2024_14-26-01_p0035_s132_b2_CONV--ZED-RGB.mpeg,132,NARIZ ESPIRRAR,NARIZ ESPIRRAR
24-07-2024_14-28-51_p0041_s54_b1_CONV--ZED-RGB.mpeg,54,VERMELHO SANGRAR-BOCA,VERMELHO SANGRAR-BOCA
20-05-2024_12-20-48_p0034_s252_b4_CONV--ZED-RGB.mpeg,252,ALERGIA LEITE,ALERGIA LEITE
12-06-2024_10-32-31_p0036_s152_b2_CONV--ZED-RGB.mpeg,152,OBRIGADO,OBRIGADO
17-06-2024_15-08-42_p0019_s115_b2_CONV--ZED-RGB.mpeg,115,DOR VERMELHO SANGRAR APERTAR,DOR VERMELHO SANGRAR APERTAR
18-03-2024_15-18-03_p0020_s17_b1_CONV--ZED-RGB.mpeg,17,CHIAR,CHIAR
19-06-2024_16-25-19_p0023_s19_b1_CONV--ZED-RGB.mpeg,19,PALPITAÇÃO,PALPITAÇÃO
26-04-2024_15-02-36_p0028_s62_b1_CONV--ZED-RGB.mpeg,62,MATERIAL GRUPO CORTAR TAMBÉM OBJETO-FINO-LONGO FINCAR,MATERIAL GRUPO CORTAR TAMBÉM OBJETO-FINO-LONGO FINCAR
29-04-2024_16-57-01_p0024_s61_b1_CONV--ZED-RGB.mpeg,61,PELE QUEIMAR,PELE QUEIMAR
02-05-2024_15-23-00_p0026_s206_b3_CONV--ZED-RGB.mpeg,206,QUATRO VACINA,QUATRO VACINA
03-04-2024_16-07-53_p0023_s269_b4_CONV--ZED-RGB.mpeg,269,CACHAÇA,CACHAÇA
20-05-2024_16-03-44_p0023_s148.7_b2_CONV--ZED-RGB.mpeg,148.7,G,G
18-06-2024_15-14-20_p0028_s120_b2_CONV--ZED-RGB.mpeg,120,VER DOBRADO,VER DOBRADO
23-04-2024_15-34-25_p0026_s76_b1_CONV--ZED-RGB.mpeg,76,LIMPAR CASA,LIMPAR CASA
31-01-2024_15-13-21_p13_s241--zed-rgb.mpeg,241,TRAZER RECEITA REMÉDIO,TRAZER RECEITA REMÉDIO
22-02-2024_14-17-04_p0018_s118_b2_CONV--zed-rgb.mpeg,118,OLHOS-LACRIMEJAR,OLHOS-LACRIMEJAR
11-03-2024_15-40-52_p0020_sP11.1_b3_CONV--zed-rgb.mpeg,P11.1,SENTIR DOR DEPOIS SUMIR OUTRA-VEZ SENTIR DOR SUMIR VOLTAR SUMIR,SENTIR DOR DEPOIS SUMIR OUTRA-VEZ SENTIR DOR SUMIR VOLTAR SUMIR
22-02-2024_15-29-39_p0014_s170.2_b3_CONV--zed-rgb.mpeg,170.2,2,2
02-04-2024_15-20-55_p0021_s171_b3_CONV--ZED-RGB.mpeg,171,UMA-VEZ,UMA-VEZ
02-04-2024_15-40-04_p0021_sP13.2_b3_CONV--ZED-RGB.mpeg,P13.2,MOMENTO FICAR-EM-PÉ SENTAR DEITAR DOR PIORAR,MOMENTO FICAR-EM-PÉ SENTAR DEITAR DOR PIORAR
12-06-2024_10-33-46_p0036_s156_b2_CONV--ZED-RGB.mpeg,156,NÃO-ENTENDER,NÃO-ENTENDER
26-03-2024_15-26-33_p0022_s184_b3_CONV--ZED-RGB.mpeg,184,DOR BRAÇO-ESPALHAR,DOR BRAÇO-ESPALHAR
02-05-2024_16-05-51_p0026_s260_b4_CONV--ZED-RGB.mpeg,260,NÃO FUMAR,NÃO FUMAR
18-03-2024_11-37-24_p0013_s264_b4_CONV--ZED-RGB.mpeg,264,CERVEJA,CERVEJA
13-03-2024_14-48-46_p0014_s83_b2_CONV--zed-rgb.mpeg,83,UM-DIA,UM-DIA
26-03-2024_16-34-09_p0022_sP24.3_b4_CONV--ZED-RGB.mpeg,P24.3,QUANTOS BEBIDA,QUANTOS BEBIDA
23-04-2024_11-46-10_p0024_s271_b4_CONV--ZED-RGB.mpeg,271,CHAMPANHE,CHAMPANHE
10-05-2024_09-38-15_p0030_s219_b4_CONV--ZED-RGB.mpeg,219,FEZES-LÍQUIDAS RESTOS COMIDA,FEZES-LÍQUIDAS RESTOS COMIDA
18-03-2024_11-49-28_p0013_s280_b4_CONV--ZED-RGB.mpeg,280,TAÇA TOMAR VINHO UMA-VEZ SEMANA,TAÇA TOMAR VINHO UMA-VEZ SEMANA
08-04-2024_15-41-25_p0021_s110_b2_CONV--ZED-RGB.mpeg,110,DOR APERTAR,DOR APERTAR
12-06-2024_10-33-22_p0036_s155_b2_CONV--ZED-RGB.mpeg,155,PARAR,PARAR
07-05-2024_14-58-38_p0027_s18_b1_CONV--ZED-RGB.mpeg,18,DIFÍCIL RESPIRAR,DIFÍCIL RESPIRAR
18-04-2024_15-49-09_p0026_s148.16_b2_CONV--ZED-RGB.mpeg,148.16,P,P
26-03-2024_15-26-09_p0022_s183_b3_CONV--ZED-RGB.mpeg,183,DOR ESPALHAR OMBRO,DOR ESPALHAR OMBRO
23-04-2024_11-43-18_p0024_s266_b4_CONV--ZED-RGB.mpeg,266,DOSE ÁLCOOL,DOSE ÁLCOOL
06-05-2024_15-27-28_p0032_s224_b4_CONV--ZED-RGB.mpeg,224,INFARTO,INFARTO
07-05-2024_14-59-00_p0027_s19_b1_CONV--ZED-RGB.mpeg,19,PALPITAÇÃO,PALPITAÇÃO
17-06-2024_15-33-03_p0019_s148.8_b2_CONV--ZED-RGB.mpeg,148.8,H,H
07-03-2024_13-54-27_p0010_sP06.6_b2_CONV--zed-rgb.mpeg,P6.6,DOR IGUAL SENTIR CHOQUE,DOR IGUAL SENTIR CHOQUE
22-02-2024_10-37-08_p0017_s158_b3_CONV--zed-rgb.mpeg,158,SUBIR-MORRO FÍSICO PIOR,SUBIR-MORRO FÍSICO PIOR
20-05-2024_11-33-15_p0034_s30_b1_CONV--ZED-RGB.mpeg,30,FERIR PELE,FERIR PELE
16-04-2024_15-24-33_p0016_s167_b3_CONV--ZED-RGB.mpeg,167,SUBIR-ESCADA CORPO PIOR NÃO,SUBIR-ESCADA CORPO PIOR NÃO
12-06-2024_17-09-09_p0038_s241_b3_CONV--ZED-RGB.mpeg,241,TRAZER RECEITA REMÉDIO,TRAZER RECEITA REMÉDIO
06-05-2024_16-02-36_p0032_s268_b4_CONV--ZED-RGB.mpeg,268,UÍSQUE,UÍSQUE
03-05-2024_18-31-17_p0031_s168_b3_CONV--ZED-RGB.mpeg,168,REMÉDIO CURAR,REMÉDIO CURAR
19-07-2024_14-20-01_p0040_s136_b2_CONV--ZED-RGB.mpeg,136,ANDAR,ANDAR
26-04-2024_14-52-41_p0028_s42_b1_CONV--ZED-RGB.mpeg,42,COBRA PICAR,COBRA PICAR
22-02-2024_11-47-10_p0017_s247_b4_CONV--zed-rgb.mpeg,247,ALERGIA FLOR PÓLEN,ALERGIA FLOR PÓLEN
07-03-2024_14-14-01_p0010_s148.21_b2_CONV--zed-rgb.mpeg,148.21,U,U
03-05-2024_08-32-36_p0030_s16_b1_CONV--ZED-RGB.mpeg,16,RESPIRAR FALTAR,RESPIRAR FALTAR
22-02-2024_14-06-14_p0018_s97_b2_CONV--zed-rgb.mpeg,97,DOR LADOS-BARRIGA,DOR LADOS-BARRIGA
13-03-2024_16-05-04_p0014_s256_b4_CONV--zed-rgb.mpeg,256,ALERGIA AMENDOIM,ALERGIA AMENDOIM
19-06-2024_10-14-11_p0036_s53_b1_CONV--ZED-RGB.mpeg,53,XIXI VERMELHO,XIXI VERMELHO
16-07-2024_16-32-31_p0039_s236_b4_CONV--ZED-RGB.mpeg,236,FÍGADO INFLAMADO,FÍGADO INFLAMADO
30-04-2024_13-15-51_p0024_s107_b2_CONV--ZED-RGB.mpeg,107,DOR PROFUNDO,DOR PROFUNDO
16-04-2024_10-37-24_p0025_s239_b4_CONV--ZED-RGB.mpeg,239,VÍCIO BEBER ÁLCOOL,VÍCIO BEBER ÁLCOOL
29-02-2024_13-42-52_p0010_s13_b1_CONV--zed-rgb.mpeg,13,DOR PERNA,DOR PERNA
10-05-2024_16-45-11_p0033_s56_b1_CONV--ZED-RGB.mpeg,56,VERMELHO FEZES,VERMELHO FEZES
24-01-2024_17-30-27_p10_s264--zed-rgb.mpeg,264,CERVEJA,CERVEJA
23-04-2024_11-48-58_p0024_s277_b4_CONV--ZED-RGB.mpeg,277,DOIS GARRAFAS DUAS-VEZES SEMANA,DOIS GARRAFAS DUAS-VEZES SEMANA
23-04-2024_11-30-35_p0024_s245_b4_CONV--ZED-RGB.mpeg,245,ÁCARO ALERGIA,ÁCARO ALERGIA
28-06-2024_14-32-17_p0035_s64_b1_CONV--ZED-RGB.mpeg,64,QUASE CABEÇA-SAIR NASCER,QUASE CABEÇA-SAIR NASCER
11-06-2024_14-40-54_p0035_s148.20_b2_CONV--ZED-RGB.mpeg,148.20,T,T
12-03-2024_10-17-55_p0021_s217_b4_CONV--zed-rgb.mpeg,217,FEZES-LÍQUIDAS BRANCO,FEZES-LÍQUIDAS BRANCO
09-05-2024_15-10-48_p0033_s148.15_b2_CONV--ZED-RGB.mpeg,148.15,O,O
09-05-2024_15-02-49_p0033_s146_b2_CONV--ZED-RGB.mpeg,146,REMÉDIO,REMÉDIO
18-03-2024_15-15-53_p0020_s10_b1_CONV--ZED-RGB.mpeg,10,DOR BARRIGA,DOR BARRIGA
28-06-2024_15-49-23_p0035_s281_b4_CONV--ZED-RGB.mpeg,281,TAÇA TOMAR VINHO TODO-DIA,TAÇA TOMAR VINHO TODO-DIA
13-03-2024_15-12-14_p0014_s124_b2_CONV--zed-rgb.mpeg,124,GASES,GASES
24-05-2024_19-14-10_p0031_s150_b2_CONV--ZED-RGB.mpeg,150,ENTENDER,ENTENDER
18-06-2024_16-43-47_p0028_sP22.3_b4_CONV--ZED-RGB.mpeg,P22.3,QUAL MEDICAMENTO,QUAL MEDICAMENTO
02-04-2024_15-27-51_p0021_s178_b3_CONV--ZED-RGB.mpeg,178,CINCO ANO,CINCO ANO
03-04-2024_16-03-48_p0023_sP23.2_b4_CONV--ZED-RGB.mpeg,P23.2,TOTAL TEMPO QUANTO,TOTAL TEMPO QUANTO
22-02-2024_13-35-42_p0018_s41_b1_CONV--zed-rgb.mpeg,41,GATO MORDER,GATO MORDER
23-05-2024_14-57-58_p0035_s171_b3_CONV--ZED-RGB.mpeg,171,UMA-VEZ,UMA-VEZ
29-04-2024_11-25-21_p0029_s83_b2_CONV--ZED-RGB.mpeg,83,UM-DIA,UM-DIA
13-03-2024_15-50-45_p0014_sP19.1_b4_CONV--zed-rgb.mpeg,P19.1,VOCÊ JÁ FAZER TRATAMENTO ALGUM DOENÇA ENTÃO,VOCÊ JÁ FAZER TRATAMENTO ALGUM DOENÇA ENTÃO
22-02-2024_11-48-43_p0017_s253_b4_CONV--zed-rgb.mpeg,253,ALERGIA O-V-O OVO,ALERGIA O-V-O OVO
10-05-2024_15-48-05_p0033_s266_b4_CONV--ZED-RGB.mpeg,266,DOSE ÁLCOOL,DOSE ÁLCOOL
16-04-2024_10-55-38_p0025_s271_b4_CONV--ZED-RGB.mpeg,271,CHAMPANHE,CHAMPANHE
08-05-2024_15-37-51_p0033_s174_b3_CONV--ZED-RGB.mpeg,174,TRÊS-VEZES DIA,TRÊS-VEZES DIA
22-04-2024_09-43-12_p0025_s203_b3_CONV--ZED-RGB.mpeg,203,NÃO VACINAR COVID-19,NÃO VACINAR COVID-19
27-05-2024_16-49-26_p0032_s43_b1_CONV--ZED-RGB.mpeg,43,ESCORPIÃO PICAR,ESCORPIÃO PICAR
26-04-2024_15-00-35_p0028_s57_b1_CONV--ZED-RGB.mpeg,57,TONTEIRA,TONTEIRA
19-06-2024_16-38-39_p0023_s49_b1_CONV--ZED-RGB.mpeg,49,XIXI POUCO,XIXI POUCO
08-04-2024_15-32-04_p0021_s96_b2_CONV--ZED-RGB.mpeg,96,DOR MEIO-BARRIGA,DOR MEIO-BARRIGA
26-03-2024_15-25-45_p0022_s182_b3_CONV--ZED-RGB.mpeg,182,QUEIXO DOR ESPALHAR,QUEIXO DOR ESPALHAR
15-05-2024_15-38-15_p0032_s110_b2_CONV--ZED-RGB.mpeg,110,DOR APERTAR,DOR APERTAR
08-05-2024_09-56-21_p0030_s148.1_b2_CONV--ZED-RGB.mpeg,148.1,A,A
07-05-2024_15-11-39_p0027_s57_b1_CONV--ZED-RGB.mpeg,57,TONTEIRA,TONTEIRA
24-07-2024_14-10-38_p0041_s10_b1_CONV--ZED-RGB.mpeg,10,DOR BARRIGA,DOR BARRIGA
27-03-2024_15-41-07_p0015_s148.23_b2_CONV--ZED-RGB.mpeg,148.23,W,W
20-03-2024_15-02-29_p0015_s170.6_b3_CONV--ZED-RGB.mpeg,170.6,6,6
20-05-2024_12-30-03_p0034_sP24.2_b4_CONV--ZED-RGB.mpeg,P24.2,BEBIDA QUAL,BEBIDA QUAL
29-04-2024_15-41-09_p0024_s178_b3_CONV--ZED-RGB.mpeg,178,CINCO ANO,CINCO ANO
10-05-2024_10-02-54_p0030_s269_b4_CONV--ZED-RGB.mpeg,269,CACHAÇA,CACHAÇA
03-05-2024_08-55-34_p0030_s71_b1_CONV--ZED-RGB.mpeg,71,2-HORA,2-HORA
06-05-2024_16-03-00_p0032_s269_b4_CONV--ZED-RGB.mpeg,269,CACHAÇA,CACHAÇA
07-05-2024_14-29-51_p0027_s259_b4_CONV--ZED-RGB.mpeg,259,TER FUMAR SIM,TER FUMAR SIM
12-07-2024_15-00-12_p0040_s174_b3_CONV--ZED-RGB.mpeg,174,TRÊS-VEZES DIA,TRÊS-VEZES DIA
20-05-2024_12-15-53_p0034_s239_b4_CONV--ZED-RGB.mpeg,239,VÍCIO BEBER ÁLCOOL,VÍCIO BEBER ÁLCOOL
27-03-2024_15-40-51_p0015_s148.22_b2_CONV--ZED-RGB.mpeg,148.22,V,V
29-02-2024_14-01-06_p0010_s36_b1_CONV--zed-rgb.mpeg,36,SUAR SUAR SUAR,SUAR SUAR SUAR
30-04-2024_13-31-28_p0024_s130_b2_CONV--ZED-RGB.mpeg,130,CORPO ESFORÇAR,CORPO ESFORÇAR
07-05-2024_14-33-10_p0027_sP24.2_b4_CONV--ZED-RGB.mpeg,P24.2,BEBIDA QUAL,BEBIDA QUAL
15-05-2024_15-40-40_p0032_s114_b2_CONV--ZED-RGB.mpeg,114,DOR CHOQUE,DOR CHOQUE
10-05-2024_16-24-56_p0033_s5_b1_CONV--ZED-RGB.mpeg,5,CABEÇA DOR,CABEÇA DOR
30-01-2024_14-55-43_p12_s145--zed-rgb.mpeg,145,ÁGUA QUENTE COLOCAR-BRAÇO,ÁGUA QUENTE COLOCAR-BRAÇO
09-05-2024_14-51-21_p0033_s132_b2_CONV--ZED-RGB.mpeg,132,NARIZ ESPIRRAR,NARIZ ESPIRRAR
17-07-2024_14-29-44_p0041_s119_b2_CONV--ZED-RGB.mpeg,119,SENTIR MAL,SENTIR MAL
22-02-2024_13-21-18_p0018_s12_b1_CONV--zed-rgb.mpeg,12,DOR BRAÇO,DOR BRAÇO
29-04-2024_16-43-47_p0024_s31_b1_CONV--ZED-RGB.mpeg,31,MANCHAS-PELE,MANCHAS-PELE
20-05-2024_15-20-06_p0023_s96_b2_CONV--ZED-RGB.mpeg,96,DOR MEIO-BARRIGA,DOR MEIO-BARRIGA
13-03-2024_15-27-57_p0014_s148.16_b2_CONV--zed-rgb.mpeg,148.16,P,P
03-05-2024_18-35-16_p0031_s170.5_b3_CONV--ZED-RGB.mpeg,170.5,5,5
17-06-2024_15-22-24_p0019_s135_b2_CONV--ZED-RGB.mpeg,135,ENGOLIR,ENGOLIR
03-05-2024_18-45-52_p0031_sP12_b3_CONV--ZED-RGB.mpeg,P12,DOR EXEMPLO AQUI LUGAR MESMO O-U ESPALHAR AQUI LUGARES ENTÃO,DOR EXEMPLO AQUI LUGAR MESMO O-U ESPALHAR AQUI LUGARES ENTÃO
07-05-2024_14-53-54_p0027_s4_b1_CONV--ZED-RGB.mpeg,4,CONVULSÃO ENROLAR-LÍNGUA,CONVULSÃO ENROLAR-LÍNGUA
27-03-2024_16-16-08_p0015_s42_b1_CONV--ZED-RGB.mpeg,42,COBRA PICAR,COBRA PICAR
24-05-2024_19-13-01_p0031_s148.24_b2_CONV--ZED-RGB.mpeg,148.24,X,X
29-04-2024_16-07-28_p0024_sP17.3_b3_CONV--ZED-RGB.mpeg,P17.3,VOCÊ JÁ VACINAR GRIPE,VOCÊ JÁ VACINAR GRIPE
10-05-2024_10-01-07_p0030_s265_b4_CONV--ZED-RGB.mpeg,265,VINHO,VINHO
15-05-2024_16-00-38_p0032_s125_b2_CONV--ZED-RGB.mpeg,125,COMER CATEGORIA ÁCIDO MAIS APIMENTADO,COMER CATEGORIA ÁCIDO MAIS APIMENTADO
07-05-2024_15-02-12_p0027_s29_b1_CONV--ZED-RGB.mpeg,29,INCHAR,INCHAR
08-04-2024_16-31-51_p0021_s7_b1_CONV--ZED-RGB.mpeg,7,DOR PEITO,DOR PEITO
17-07-2024_14-35-17_p0041_s133_b2_CONV--ZED-RGB.mpeg,133,MASTIGAR,MASTIGAR
03-05-2024_18-30-40_p0031_sP09.7_b3_CONV--ZED-RGB.mpeg,P9.7,TOMAR-REMÉDIO AJUDAR CURAR PEITO DOR O-U FALTAR A-R ENTÃO,TOMAR-REMÉDIO AJUDAR CURAR PEITO DOR O-U FALTAR A-R ENTÃO
10-05-2024_16-51-33_p0033_s75_b1_CONV--ZED-RGB.mpeg,75,TOSSIR,TOSSIR
03-05-2024_08-57-33_p0030_s75_b1_CONV--ZED-RGB.mpeg,75,TOSSIR,TOSSIR
15-05-2024_15-28-06_p0032_s95_b2_CONV--ZED-RGB.mpeg,95,DOR OLHOS,DOR OLHOS
25-03-2024_15-56-48_p0020_sP24.3_b4_CONV--ZED-RGB.mpeg,P24.3,QUANTOS BEBIDA,QUANTOS BEBIDA
03-05-2024_08-46-01_p0030_s47_b1_CONV--ZED-RGB.mpeg,47,XIXI SENTIR IGUAL QUENTE,XIXI SENTIR IGUAL QUENTE
18-04-2024_10-33-30_p0025_s64_b1_CONV--ZED-RGB.mpeg,64,QUASE CABEÇA-SAIR NASCER,QUASE CABEÇA-SAIR NASCER
23-04-2024_15-06-32_p0026_s14_b1_CONV--ZED-RGB.mpeg,14,DOR PERNA ATRÁS,DOR PERNA ATRÁS
29-04-2024_16-01-31_p0024_s199_b3_CONV--ZED-RGB.mpeg,199,CATARRO COLA AMARELO,CATARRO COLA AMARELO
23-04-2024_11-22-31_p0024_s222_b4_CONV--ZED-RGB.mpeg,222,DOR-BARRIGA NENHUM,DOR-BARRIGA NENHUM
26-03-2024_15-45-17_p0022_sP17.1_b3_CONV--ZED-RGB.mpeg,P17.1,VOCÊ JÁ VACINAR COVID-19,VOCÊ JÁ VACINAR COVID-19
29-04-2024_16-25-02_p0024_s2_b1_CONV--ZED-RGB.mpeg,2,CONFUSÃO,CONFUSÃO
27-05-2024_16-31-52_p0032_s6_b1_CONV--ZED-RGB.mpeg,6,DOR PESCOÇO,DOR PESCOÇO
24-07-2024_14-31-49_p0041_s62_b1_CONV--ZED-RGB.mpeg,62,MATERIAL GRUPO CORTAR TAMBÉM OBJETO-FINO-LONGO FINCAR,MATERIAL GRUPO CORTAR TAMBÉM OBJETO-FINO-LONGO FINCAR
16-05-2024_15-12-34_p0034_s148.24_b2_CONV--ZED-RGB.mpeg,148.24,X,X
03-05-2024_14-17-05_p0027_s132_b2_CONV--ZED-RGB.mpeg,132,NARIZ ESPIRRAR,NARIZ ESPIRRAR
02-05-2024_16-04-55_p0026_sP22.3_b4_CONV--ZED-RGB.mpeg,P22.3,QUAL MEDICAMENTO,QUAL MEDICAMENTO
05-06-2024_10-01-11_p0036_s224_b4_CONV--ZED-RGB.mpeg,224,INFARTO,INFARTO
11-06-2024_14-09-14_p0035_s106_b2_CONV--ZED-RGB.mpeg,106,DOR PULSAR,DOR PULSAR
27-03-2024_15-23-13_p0015_s124_b2_CONV--ZED-RGB.mpeg,124,GASES,GASES
26-08-2024_15-26-28_p0019_s31_b1_CONV--ZED-RGB.mp4,31,MANCHAS-PELE,MANCHAS-PELE
28-06-2024_14-15-08_p0035_s24_b1_CONV--ZED-RGB.mpeg,24,VOMITAR,VOMITAR
24-07-2024_14-18-30_p0041_s28_b1_CONV--ZED-RGB.mpeg,28,NARIZ-LADOS FECHAR,NARIZ-LADOS FECHAR
20-05-2024_15-33-27_p0023_s109_b2_CONV--ZED-RGB.mpeg,109,DOR MUITO-FORTE,DOR MUITO-FORTE
22-02-2024_10-43-08_p0017_s166_b3_CONV--zed-rgb.mpeg,166,SUBIR-ESCADA CORPO PIOR,SUBIR-ESCADA CORPO PIOR
07-05-2024_14-24-43_p0027_s252_b4_CONV--ZED-RGB.mpeg,252,ALERGIA LEITE,ALERGIA LEITE
17-06-2024_14-59-44_p0019_s103_b2_CONV--ZED-RGB.mpeg,103,DOR JOELHO-DIREITO JOELHO-ESQUERDO,DOR JOELHO-DIREITO JOELHO-ESQUERDO
27-05-2024_16-58-23_p0032_s65_b1_CONV--ZED-RGB.mpeg,65,NASCER VIVO,NASCER VIVO
12-03-2024_10-32-35_p0021_s237_b4_CONV--zed-rgb.mpeg,237,RINS FRACO,RINS FRACO
20-05-2024_11-36-58_p0034_s38_b1_CONV--ZED-RGB.mpeg,38,TENTAR SUICIDAR,TENTAR SUICIDAR
18-04-2024_15-38-59_p0026_s131_b2_CONV--ZED-RGB.mpeg,131,PERÍODO MENSTRUAR,PERÍODO MENSTRUAR
24-07-2024_14-33-18_p0041_s65_b1_CONV--ZED-RGB.mpeg,65,NASCER VIVO,NASCER VIVO
27-03-2024_16-20-09_p0015_s53_b1_CONV--ZED-RGB.mpeg,53,XIXI VERMELHO,XIXI VERMELHO
18-03-2024_11-48-34_p0013_s279_b4_CONV--ZED-RGB.mpeg,279,DUAS-DOSES TOMAR DUAS-VEZES SEMANA,DUAS-DOSES TOMAR DUAS-VEZES SEMANA
11-03-2024_15-29-04_p0020_s162_b3_CONV--zed-rgb.mpeg,162,TOMAR-BANHO CORPO PIOR,TOMAR-BANHO CORPO PIOR
17-06-2024_15-00-18_p0019_s104_b2_CONV--ZED-RGB.mpeg,104,DOR PERNA-DIREITA PERNA-ESQUERDA,DOR PERNA-DIREITA PERNA-ESQUERDA
22-02-2024_13-21-45_p0018_s14_b1_CONV--zed-rgb.mpeg,14,DOR PERNA ATRÁS,DOR PERNA ATRÁS
18-03-2024_11-17-25_p0013_sP18.5_b4_CONV--ZED-RGB.mpeg,P18.5,VOCÊ BARRIGA DOR ENTÃO,VOCÊ BARRIGA DOR ENTÃO
22-04-2024_09-40-21_p0025_s199_b3_CONV--ZED-RGB.mpeg,199,CATARRO COLA AMARELO,CATARRO COLA AMARELO
03-05-2024_08-35-25_p0030_s23_b1_CONV--ZED-RGB.mpeg,23,TONTURA-ENJOO,TONTURA-ENJOO
08-05-2024_16-23-26_p0033_s207_b3_CONV--ZED-RGB.mpeg,207,NÃO VACINAR GRIPE,NÃO VACINAR GRIPE
09-05-2024_14-29-31_p0033_s106_b2_CONV--ZED-RGB.mpeg,106,DOR PULSAR,DOR PULSAR
20-05-2024_11-28-58_p0034_s21_b1_CONV--ZED-RGB.mpeg,21,EVACUAR-ESPALHAR,EVACUAR-ESPALHAR
09-05-2024_14-40-02_p0033_sP07_b2_CONV--ZED-RGB.mpeg,P7,SENTIR JUNTO ITENS MAIS TER,SENTIR JUNTO ITENS MAIS TER
10-05-2024_09-10-56_p0030_s207_b3_CONV--ZED-RGB.mpeg,207,NÃO VACINAR GRIPE,NÃO VACINAR GRIPE
22-02-2024_10-36-45_p0017_sP09.2_b3_CONV--zed-rgb.mpeg,P9.2,SUBIR-MORRO FÍSICO PIOR,SUBIR-MORRO FÍSICO PIOR
24-07-2024_14-38-02_p0041_s75_b1_CONV--ZED-RGB.mpeg,75,TOSSIR,TOSSIR
09-05-2024_15-16-35_p0033_s151_b2_CONV--ZED-RGB.mpeg,151,OBRIGADO,OBRIGADO
03-05-2024_08-27-04_p0030_s1_b1_CONV--ZED-RGB.mpeg,1,CONFUSÃO-MENTAL PERCEPÇÃO ESQUECER,CONFUSÃO-MENTAL PERCEPÇÃO ESQUECER
17-06-2024_15-20-55_p0019_s132_b2_CONV--ZED-RGB.mpeg,132,NARIZ ESPIRRAR,NARIZ ESPIRRAR
07-05-2024_14-31-07_p0027_s262_b4_CONV--ZED-RGB.mpeg,262,DOIS ANO,DOIS ANO
20-02-2024_16-43-48_p0015_s249_b4_CONV--zed-rgb.mpeg,249,ALERGIA GATO,ALERGIA GATO
10-05-2024_15-10-43_p0033_s220_b4_CONV--ZED-RGB.mpeg,220,TER M-U-C-O COLA,TER M-U-C-O COLA
28-02-2024_17-04-02_p0011_s154_b2_CONV--zed-rgb.mpeg,154,PARAR,PARAR
23-04-2024_11-28-55_p0024_s237_b4_CONV--ZED-RGB.mpeg,237,RINS FRACO,RINS FRACO
20-02-2024_16-20-37_p0015_s220_b4_CONV--zed-rgb.mpeg,220,TER M-U-C-O COLA,TER M-U-C-O COLA
08-05-2024_15-31-04_p0033_s170.5_b3_CONV--ZED-RGB.mpeg,170.5,5,5
19-03-2024_15-15-27_p0022_sP06.6_b2_CONV--ZED-RGB.mpeg,P6.6,DOR IGUAL SENTIR CHOQUE,DOR IGUAL SENTIR CHOQUE
30-04-2024_13-19-00_p0024_s114_b2_CONV--ZED-RGB.mpeg,114,DOR CHOQUE,DOR CHOQUE
21-02-2024_15-54-15_p0016_s137_b2_CONV--zed-rgb.mpeg,137,ESTRESSE,ESTRESSE
24-05-2024_19-14-26_p0031_s151_b2_CONV--ZED-RGB.mpeg,151,OBRIGADO,OBRIGADO
12-06-2024_17-04-33_p0038_s204_b3_CONV--ZED-RGB.mpeg,204,DOIS VACINA,DOIS VACINA
15-05-2024_16-41-05_p0032_s148.4_b2_CONV--ZED-RGB.mpeg,148.4,D,D
06-05-2024_16-11-19_p0032_s282_b4_CONV--ZED-RGB.mpeg,282,UM COPO CHEIO TODO-DIA,UM COPO CHEIO TODO-DIA
03-05-2024_18-34-23_p0031_s170.2_b3_CONV--ZED-RGB.mpeg,170.2,2,2
24-07-2024_14-16-34_p0041_s25_b1_CONV--ZED-RGB.mpeg,25,FEZES ESCURO,FEZES ESCURO
09-05-2024_14-25-45_p0033_s104_b2_CONV--ZED-RGB.mpeg,104,DOR PERNA-DIREITA PERNA-ESQUERDA,DOR PERNA-DIREITA PERNA-ESQUERDA
26-04-2024_14-52-04_p0028_s40_b1_CONV--ZED-RGB.mpeg,40,CACHORRO MORDER,CACHORRO MORDER
12-07-2024_14-56-13_p0040_s170.8_b3_CONV--ZED-RGB.mpeg,170.8,8,8
22-02-2024_13-26-37_p0018_s24_b1_CONV--zed-rgb.mpeg,24,VOMITAR,VOMITAR
08-06-2024_10-46-08_p0031_s67_b1_CONV--ZED-RGB.mpeg,67,VOMITAR TER VERMELHO,VOMITAR TER VERMELHO
27-05-2024_17-04-32_p0032_s80_b1_CONV--ZED-RGB.mpeg,80,SENTADO EM-PÉ,SENTADO EM-PÉ
03-04-2024_16-07-36_p0023_s268_b4_CONV--ZED-RGB.mpeg,268,UÍSQUE,UÍSQUE
07-03-2024_14-15-36_p0010_s150_b2_CONV--zed-rgb.mpeg,150,ENTENDER,ENTENDER
21-02-2024_12-04-20_p0013_s72_b1_CONV--zed-rgb.mpeg,72,2-MÊS,2-MÊS
24-07-2024_14-30-03_p0041_s57_b1_CONV--ZED-RGB.mpeg,57,TONTEIRA,TONTEIRA
30-01-2024_11-13-26_p11_s39--zed-rgb.mpeg,39,MORDER,MORDER
18-06-2024_15-33-21_p0028_s148.2_b2_CONV--ZED-RGB.mpeg,148.2,B,B
08-05-2024_15-22-36_p0033_sP09.7_b3_CONV--ZED-RGB.mpeg,P9.7,TOMAR-REMÉDIO AJUDAR CURAR PEITO DOR O-U FALTAR A-R ENTÃO,TOMAR-REMÉDIO AJUDAR CURAR PEITO DOR O-U FALTAR A-R ENTÃO
27-03-2024_15-34-32_p0015_s148.1_b2_CONV--ZED-RGB.mpeg,148.1,A,A
30-04-2024_13-20-52_p0024_sP06.4_b2_CONV--ZED-RGB.mpeg,P6.4,DOR IGUAL QUEIMAR,DOR IGUAL QUEIMAR
25-03-2024_16-37-26_p0020_s148.5_b2_CONV--ZED-RGB.mpeg,148.5,E,E
11-05-2024_09-54-42_p0034_s189_b3_CONV--ZED-RGB.mpeg,189,DOR PERNAS-ESPALHAR APONTAR-PERNA,DOR PERNAS-ESPALHAR APONTAR-PERNA
15-05-2024_16-07-48_p0032_s136_b2_CONV--ZED-RGB.mpeg,136,ANDAR,ANDAR
31-01-2024_15-14-06_p13_s242--zed-rgb.mpeg,242,EU USAR REMÉDIO,EU USAR REMÉDIO
11-06-2024_14-37-25_p0035_s148.11_b2_CONV--ZED-RGB.mpeg,148.11,K,K
10-05-2024_10-08-59_p0030_s282_b4_CONV--ZED-RGB.mpeg,282,UM COPO CHEIO TODO-DIA,UM COPO CHEIO TODO-DIA
16-07-2024_16-25-34_p0039_sP18.5_b4_CONV--ZED-RGB.mpeg,P18.5,VOCÊ BARRIGA DOR ENTÃO,VOCÊ BARRIGA DOR ENTÃO
13-03-2024_15-27-09_p0014_s148.13_b2_CONV--zed-rgb.mpeg,148.13,M,M
07-03-2024_14-13-41_p0010_s148.19_b2_CONV--zed-rgb.mpeg,148.19,S,S
21-02-2024_11-54-02_p0013_s62_b1_CONV--zed-rgb.mpeg,62,MATERIAL GRUPO CORTAR TAMBÉM OBJETO-FINO-LONGO FINCAR,MATERIAL GRUPO CORTAR TAMBÉM OBJETO-FINO-LONGO FINCAR
12-03-2024_10-24-41_p0021_s226_b4_CONV--zed-rgb.mpeg,226,PRESSÃO ALTO,PRESSÃO ALTO
21-02-2024_11-36-36_p0013_s25_b1_CONV--zed-rgb.mpeg,25,FEZES ESCURO,FEZES ESCURO
10-05-2024_09-56-18_p0030_s257_b4_CONV--ZED-RGB.mpeg,257,ALERGIA REMÉDIO NÃO-TER,ALERGIA REMÉDIO NÃO-TER
16-07-2024_16-44-55_p0039_s260_b4_CONV--ZED-RGB.mpeg,260,NÃO FUMAR,NÃO FUMAR
27-05-2024_16-03-04_p0032_sP17.1_b3_CONV--ZED-RGB.mpeg,P17.1,VOCÊ JÁ VACINAR COVID-19,VOCÊ JÁ VACINAR COVID-19
03-05-2024_08-36-27_p0030_s26_b1_CONV--ZED-RGB.mpeg,26,TOSSIR,TOSSIR
29-04-2024_16-26-18_p0024_s5_b1_CONV--ZED-RGB.mpeg,5,CABEÇA DOR,CABEÇA DOR
30-04-2024_13-23-49_p0024_s117_b2_CONV--ZED-RGB.mpeg,117,SUAR SUAR SUAR,SUAR SUAR SUAR
27-03-2024_15-39-11_p0015_s148.17_b2_CONV--ZED-RGB.mpeg,148.17,Q,Q
28-02-2024_17-00-30_p0011_s148.26_b2_CONV--zed-rgb.mpeg,148.26,Z,Z
22-04-2024_09-19-51_p0025_s170.8_b3_CONV--ZED-RGB.mpeg,170.8,8,8
27-03-2024_15-04-46_p0015_sP05_b2_CONV--ZED-RGB.mpeg,P5,POR-QUE PROCURAR VIR HOJE TER PIORAR,POR-QUE PROCURAR VIR HOJE TER PIORAR
05-06-2024_09-41-04_p0036_sP18.1_b4_CONV--ZED-RGB.mpeg,P18.1,ENJOAR O-U VOMITAR,ENJOAR O-U VOMITAR
08-04-2024_15-57-42_p0021_s140_b2_CONV--ZED-RGB.mpeg,140,PERNAS MEXER-PERNAS,PERNAS MEXER-PERNAS
08-05-2024_09-45-19_p0030_s118_b2_CONV--ZED-RGB.mpeg,118,OLHOS-LACRIMEJAR,OLHOS-LACRIMEJAR
11-05-2024_09-45-29_p0034_s175_b3_CONV--ZED-RGB.mpeg,175,DOIS SEMANA,DOIS SEMANA
18-04-2024_15-44-37_p0026_s147_b2_CONV--ZED-RGB.mpeg,147,JEJUM,JEJUM
28-06-2024_14-07-27_p0035_s4_b1_CONV--ZED-RGB.mpeg,4,CONVULSÃO ENROLAR-LÍNGUA,CONVULSÃO ENROLAR-LÍNGUA
12-03-2024_10-25-53_p0021_s231_b4_CONV--zed-rgb.mpeg,231,DEPRESSÃO,DEPRESSÃO
05-03-2024_10-37-05_p0014_s47_b1_CONV--zed-rgb.mpeg,47,XIXI SENTIR IGUAL QUENTE,XIXI SENTIR IGUAL QUENTE
03-04-2024_16-01-19_p0023_sP22.3_b4_CONV--ZED-RGB.mpeg,P22.3,QUAL MEDICAMENTO,QUAL MEDICAMENTO
29-04-2024_16-52-20_p0024_s49_b1_CONV--ZED-RGB.mpeg,49,XIXI POUCO,XIXI POUCO
26-03-2024_16-29-22_p0022_s261_b4_CONV--ZED-RGB.mpeg,261,UM ANO,UM ANO
30-01-2024_11-03-39_p11_s8--zed-rgb.mpeg,8,DOR COSTAS,DOR COSTAS
21-02-2024_15-24-58_p0016_s101_b2_CONV--zed-rgb.mpeg,101,DOR OMBROS,DOR OMBROS
11-03-2024_15-36-59_p0020_s170.0_b3_CONV--zed-rgb.mpeg,170.0,0,0
05-06-2024_10-30-55_p0036_s271_b4_CONV--ZED-RGB.mpeg,271,CHAMPANHE,CHAMPANHE
23-04-2024_15-17-43_p0026_s34_b1_CONV--ZED-RGB.mpeg,34,FEBRE,FEBRE
16-05-2024_14-30-31_p0034_s102_b2_CONV--ZED-RGB.mpeg,102,DOR BRAÇO-DIREITO BRAÇO-ESQUERDO,DOR BRAÇO-DIREITO BRAÇO-ESQUERDO
09-05-2024_14-43-00_p0033_s121_b2_CONV--ZED-RGB.mpeg,121,VER MANCHAS,VER MANCHAS
26-02-2024_16-01-56_p0019_s258_b4_CONV--zed-rgb.mpeg,258,ALERGIA NENHUM,ALERGIA NENHUM
10-05-2024_15-12-31_p0033_sP18.4_b4_CONV--ZED-RGB.mpeg,P18.4,UM SANGRAR DOIS M-U-C-O COLA TRÊS P-U-S COR MISTURAR AMARELO BRANCO MISTURAR ENTÃO,UM SANGRAR DOIS M-U-C-O COLA TRÊS P-U-S COR MISTURAR AMARELO BRANCO MISTURAR ENTÃO
24-05-2024_18-31-31_p0031_s84_b2_CONV--ZED-RGB.mpeg,84,TRÊS-DIAS,TRÊS-DIAS
31-01-2024_14-56-17_p13_sP11.4--zed-rgb.mpeg,P11.4,AO-LONGO-DO-TEMPO DOR COMO AUMENTAR O-U DIMINUIR,AO-LONGO-DO-TEMPO DOR COMO AUMENTAR O-U DIMINUIR
05-06-2024_09-59-42_p0036_sP19.1_b4_CONV--ZED-RGB.mpeg,P19.1,VOCÊ JÁ FAZER TRATAMENTO ALGUM DOENÇA ENTÃO,VOCÊ JÁ FAZER TRATAMENTO ALGUM DOENÇA ENTÃO
08-06-2024_10-39-31_p0031_s55_b1_CONV--ZED-RGB.mpeg,55,VERMELHO NARIZ-SANGRAR GRIPE,VERMELHO NARIZ-SANGRAR GRIPE
11-06-2024_14-36-45_p0035_s148.9_b2_CONV--ZED-RGB.mpeg,148.9,I,I
23-04-2024_11-18-20_p0024_s217_b4_CONV--ZED-RGB.mpeg,217,FEZES-LÍQUIDAS BRANCO,FEZES-LÍQUIDAS BRANCO
13-03-2024_15-31-25_p0014_s149_b2_CONV--zed-rgb.mpeg,149,DEVAGAR,DEVAGAR
08-04-2024_16-46-12_p0021_s39_b1_CONV--ZED-RGB.mpeg,39,MORDER,MORDER
19-07-2024_14-33-55_p0040_s148.18_b2_CONV--ZED-RGB.mpeg,148.18,R,R
30-04-2024_13-34-01_p0024_s137_b2_CONV--ZED-RGB.mpeg,137,ESTRESSE,ESTRESSE
30-04-2024_13-26-30_p0024_s121_b2_CONV--ZED-RGB.mpeg,121,VER MANCHAS,VER MANCHAS
16-05-2024_14-20-07_p0034_s83_b2_CONV--ZED-RGB.mpeg,83,UM-DIA,UM-DIA
03-05-2024_18-52-20_p0031_s190_b3_CONV--ZED-RGB.mpeg,190,SIM APERTAR-BRAÇO DOER,SIM APERTAR-BRAÇO DOER
27-03-2024_16-18-51_p0015_s49_b1_CONV--ZED-RGB.mpeg,49,XIXI POUCO,XIXI POUCO
17-06-2024_15-36-07_p0019_s148.17_b2_CONV--ZED-RGB.mpeg,148.17,Q,Q
26-03-2024_15-15-09_p0022_s170.6_b3_CONV--ZED-RGB.mpeg,170.6,6,6
30-04-2024_13-30-33_p0024_s127_b2_CONV--ZED-RGB.mpeg,127,COMER COISAS ÓLEO,COMER COISAS ÓLEO
22-04-2024_09-46-08_p0025_s208_b3_CONV--ZED-RGB.mpeg,208,NÃO TRAZER CARTÃO-DE-VACINA NENHUM,NÃO TRAZER CARTÃO-DE-VACINA NENHUM
02-05-2024_16-18-39_p0026_s283_b4_CONV--ZED-RGB.mpeg,283,UM COPO UMA-VEZ SEMANA,UM COPO UMA-VEZ SEMANA
20-05-2024_15-43-17_p0023_sP08.1_b2_CONV--ZED-RGB.mpeg,P8.1,S-I FAZER COISAS SENTIR DOR PIORAR,S-I FAZER COISAS SENTIR DOR PIORAR
30-04-2024_13-03-42_p0024_sP05_b2_CONV--ZED-RGB.mpeg,P5,POR-QUE PROCURAR VIR HOJE TER PIORAR,POR-QUE PROCURAR VIR HOJE TER PIORAR
19-06-2024_16-18-59_p0023_s7_b1_CONV--ZED-RGB.mpeg,7,DOR PEITO,DOR PEITO
19-06-2024_09-59-38_p0036_s23_b1_CONV--ZED-RGB.mpeg,23,TONTURA-ENJOO,TONTURA-ENJOO
22-02-2024_14-14-26_p0018_sP06.6_b2_CONV--zed-rgb.mpeg,P6.6,DOR IGUAL SENTIR CHOQUE,DOR IGUAL SENTIR CHOQUE
08-05-2024_15-12-38_p0033_s158_b3_CONV--ZED-RGB.mpeg,158,SUBIR-MORRO FÍSICO PIOR,SUBIR-MORRO FÍSICO PIOR
03-05-2024_14-19-44_p0027_s142_b2_CONV--ZED-RGB.mpeg,142,MOVIMENTAR-CORPO DOR PIORAR,MOVIMENTAR-CORPO DOR PIORAR
09-05-2024_14-17-10_p0033_s88_b2_CONV--ZED-RGB.mpeg,88,NÃO,NÃO
22-02-2024_13-51-33_p0018_s80_b1_CONV--zed-rgb.mpeg,80,SENTADO EM-PÉ,SENTADO EM-PÉ
19-07-2024_15-49-12_p0040_s69_b1_CONV--ZED-RGB.mpeg,69,30 MINUTO,30 MINUTO
08-05-2024_09-42-57_p0030_sP06.3_b2_CONV--ZED-RGB.mpeg,P6.3,DOR IGUAL PESO,DOR IGUAL PESO
22-02-2024_11-56-00_p0017_s272_b4_CONV--zed-rgb.mpeg,272,UM LATA TODO-DIA,UM LATA TODO-DIA
28-06-2024_15-05-58_p0035_sP18.3_b4_CONV--ZED-RGB.mpeg,P18.3,COMO FEZES COMO,COMO FEZES COMO
26-04-2024_14-38-48_p0028_s19_b1_CONV--ZED-RGB.mpeg,19,PALPITAÇÃO,PALPITAÇÃO
09-05-2024_14-26-10_p0033_s105_b2_CONV--ZED-RGB.mpeg,105,DOR TESTÍCULOS,DOR TESTÍCULOS
10-05-2024_16-07-01_p0033_s273_b4_CONV--ZED-RGB.mpeg,273,UM LATA UMA-VEZ SEMANA,UM LATA UMA-VEZ SEMANA
29-04-2024_11-53-11_p0029_sP08.2_b2_CONV--ZED-RGB.mpeg,P8.2,SENTIR DOR DEPOIS DESAPARECER ENTÃO,SENTIR DOR DEPOIS DESAPARECER ENTÃO
08-05-2024_16-05-34_p0033_sP13.2_b3_CONV--ZED-RGB.mpeg,P13.2,MOMENTO FICAR-EM-PÉ SENTAR DEITAR DOR PIORAR,MOMENTO FICAR-EM-PÉ SENTAR DEITAR DOR PIORAR
18-04-2024_10-18-17_p0025_s27_b1_CONV--ZED-RGB.mpeg,27,CATARRO GRIPE,CATARRO GRIPE
29-02-2024_13-34-45_p0010_s1_b1_CONV--zed-rgb.mpeg,1,CONFUSÃO-MENTAL PERCEPÇÃO ESQUECER,CONFUSÃO-MENTAL PERCEPÇÃO ESQUECER
20-05-2024_15-33-01_p0023_s108_b2_CONV--ZED-RGB.mpeg,108,DOR LEVE,DOR LEVE
19-06-2024_16-27-57_p0023_s23_b1_CONV--ZED-RGB.mpeg,23,TONTURA-ENJOO,TONTURA-ENJOO
17-07-2024_14-31-28_p0041_s124_b2_CONV--ZED-RGB.mpeg,124,GASES,GASES
12-03-2024_14-48-48_p0022_s80_b1_CONV--zed-rgb.mpeg,80,SENTADO EM-PÉ,SENTADO EM-PÉ
20-05-2024_15-33-56_p0023_s110_b2_CONV--ZED-RGB.mpeg,110,DOR APERTAR,DOR APERTAR
10-05-2024_09-36-25_p0030_s214_b4_CONV--ZED-RGB.mpeg,214,FEZES-LÍQUIDAS BRILHANTE,FEZES-LÍQUIDAS BRILHANTE
19-03-2024_15-22-52_p0022_s127_b2_CONV--ZED-RGB.mpeg,127,COMER COISAS ÓLEO,COMER COISAS ÓLEO
22-02-2024_15-36-24_p0014_sP11.5_b3_CONV--zed-rgb.mpeg,P11.5,PERÍODO DOR TER AUMENTAR,PERÍODO DOR TER AUMENTAR
23-04-2024_11-36-30_p0024_s258_b4_CONV--ZED-RGB.mpeg,258,ALERGIA NENHUM,ALERGIA NENHUM
19-06-2024_16-31-06_p0023_s31_b1_CONV--ZED-RGB.mpeg,31,MANCHAS-PELE,MANCHAS-PELE
24-07-2024_14-35-11_p0041_s68_b1_CONV--ZED-RGB.mpeg,68,15 MINUTO,15 MINUTO
19-07-2024_14-35-12_p0040_s148.22_b2_CONV--ZED-RGB.mpeg,148.22,V,V
26-03-2024_16-19-51_p0022_sP22.1_b4_CONV--ZED-RGB.mpeg,P22.1,VOCÊ TER ALERGIA ENTÃO,VOCÊ TER ALERGIA ENTÃO
10-05-2024_09-50-00_p0030_s246_b4_CONV--ZED-RGB.mpeg,246,F-U-N-G-O-S SINAL FUNGO,F-U-N-G-O-S SINAL FUNGO
19-03-2024_15-37-49_p0022_s147_b2_CONV--ZED-RGB.mpeg,147,JEJUM,JEJUM
18-06-2024_16-28-03_p0028_s227_b4_CONV--ZED-RGB.mpeg,227,ASMA,ASMA
12-03-2024_10-46-11_p0021_s262_b4_CONV--zed-rgb.mpeg,262,DOIS ANO,DOIS ANO
18-06-2024_14-51-59_p0028_s84_b2_CONV--ZED-RGB.mpeg,84,TRÊS-DIAS,TRÊS-DIAS
08-04-2024_16-12-07_p0021_s148.15_b2_CONV--ZED-RGB.mpeg,148.15,O,O
17-06-2024_15-59-51_p0019_s152_b2_CONV--ZED-RGB.mpeg,152,OBRIGADO,OBRIGADO
23-04-2024_15-23-06_p0026_s49_b1_CONV--ZED-RGB.mpeg,49,XIXI POUCO,XIXI POUCO
08-06-2024_10-23-00_p0031_s12_b1_CONV--ZED-RGB.mpeg,12,DOR BRAÇO,DOR BRAÇO
03-05-2024_08-53-50_p0030_s67_b1_CONV--ZED-RGB.mpeg,67,VOMITAR TER VERMELHO,VOMITAR TER VERMELHO
17-06-2024_16-02-12_p0019_s157_b2_CONV--ZED-RGB.mpeg,157,CONTINUAR,CONTINUAR
19-07-2024_15-35-49_p0040_s46_b1_CONV--ZED-RGB.mpeg,46,PROBLEMA OUVIDOS,PROBLEMA OUVIDOS
19-06-2024_10-12-47_p0036_s50_b1_CONV--ZED-RGB.mpeg,50,TODA-HORA URINAR,TODA-HORA URINAR
05-06-2024_09-50-12_p0036_s217_b4_CONV--ZED-RGB.mpeg,217,FEZES-LÍQUIDAS BRANCO,FEZES-LÍQUIDAS BRANCO
21-02-2024_15-16-33_p0016_s83_b2_CONV--zed-rgb.mpeg,83,UM-DIA,UM-DIA
17-06-2024_14-56-57_p0019_s97_b2_CONV--ZED-RGB.mpeg,97,DOR LADOS-BARRIGA,DOR LADOS-BARRIGA
03-04-2024_15-53-58_p0023_s246_b4_CONV--ZED-RGB.mpeg,246,F-U-N-G-O-S SINAL FUNGO,F-U-N-G-O-S SINAL FUNGO
19-07-2024_14-35-26_p0040_s148.23_b2_CONV--ZED-RGB.mpeg,148.23,W,W
11-05-2024_10-01-47_p0034_s196_b3_CONV--ZED-RGB.mpeg,196,TOSSE CATARRO COLA,TOSSE CATARRO COLA
27-03-2024_15-18-09_p0015_sP06.3_b2_CONV--ZED-RGB.mpeg,P6.3,DOR IGUAL PESO,DOR IGUAL PESO
17-06-2024_15-34-09_p0019_s148.11_b2_CONV--ZED-RGB.mpeg,148.11,K,K
22-02-2024_14-22-16_p0018_s126_b2_CONV--zed-rgb.mpeg,126,BEBER ÁLCOOL,BEBER ÁLCOOL
03-05-2024_18-59-25_p0031_s199_b3_CONV--ZED-RGB.mpeg,199,CATARRO COLA AMARELO,CATARRO COLA AMARELO
07-03-2024_14-10-52_p0010_s148.7_b2_CONV--zed-rgb.mpeg,148.7,G,G
26-02-2024_16-16-45_p0019_s274_b4_CONV--zed-rgb.mpeg,274,DOIS LATAS DUAS-VEZES SEMANA,DOIS LATAS DUAS-VEZES SEMANA
20-02-2024_16-58-07_p0015_s266_b4_CONV--zed-rgb.mpeg,266,DOSE ÁLCOOL,DOSE ÁLCOOL
08-06-2024_10-35-48_p0031_s46_b1_CONV--ZED-RGB.mpeg,46,PROBLEMA OUVIDOS,PROBLEMA OUVIDOS
18-04-2024_10-40-32_p0025_s78_b1_CONV--ZED-RGB.mpeg,78,CALADO DEITADO,CALADO DEITADO
19-03-2024_14-53-36_p0022_s84_b2_CONV--ZED-RGB.mpeg,84,TRÊS-DIAS,TRÊS-DIAS
03-05-2024_08-57-56_p0030_s76_b1_CONV--ZED-RGB.mpeg,76,LIMPAR CASA,LIMPAR CASA
24-05-2024_18-36-39_p0031_s95_b2_CONV--ZED-RGB.mpeg,95,DOR OLHOS,DOR OLHOS
30-01-2024_11-25-55_p11_s69--zed-rgb.mpeg,69,30 MINUTO,30 MINUTO
11-06-2024_14-44-29_p0035_s151_b2_CONV--ZED-RGB.mpeg,151,OBRIGADO,OBRIGADO
19-06-2024_09-51-10_p0036_s6_b1_CONV--ZED-RGB.mpeg,6,DOR PESCOÇO,DOR PESCOÇO
24-05-2024_18-40-46_p0031_sP06.2_b2_CONV--ZED-RGB.mpeg,P6.2,COMO DOR,COMO DOR
22-04-2024_09-08-11_p0025_s159_b3_CONV--ZED-RGB.mpeg,159,SUBIR-MORRO CORPO PIOR NÃO,SUBIR-MORRO CORPO PIOR NÃO
10-05-2024_09-07-39_p0030_s203_b3_CONV--ZED-RGB.mpeg,203,NÃO VACINAR COVID-19,NÃO VACINAR COVID-19
19-06-2024_16-18-08_p0023_s5_b1_CONV--ZED-RGB.mpeg,5,CABEÇA DOR,CABEÇA DOR
09-05-2024_14-58-04_p0033_sP08.2_b2_CONV--ZED-RGB.mpeg,P8.2,SENTIR DOR DEPOIS DESAPARECER ENTÃO,SENTIR DOR DEPOIS DESAPARECER ENTÃO
29-04-2024_15-32-57_p0024_s170.5_b3_CONV--ZED-RGB.mpeg,170.5,5,5
03-04-2024_15-57-19_p0023_s253_b4_CONV--ZED-RGB.mpeg,253,ALERGIA O-V-O OVO,ALERGIA O-V-O OVO
02-05-2024_14-44-03_p0026_s161_b3_CONV--ZED-RGB.mpeg,161,PLANO ANDAR FÍSICO PIOR NÃO,PLANO ANDAR FÍSICO PIOR NÃO
06-05-2024_15-26-37_p0032_s223_b4_CONV--ZED-RGB.mpeg,223,DIABETES,DIABETES
09-05-2024_15-13-48_p0033_s148.23_b2_CONV--ZED-RGB.mpeg,148.23,W,W
26-08-2024_15-43-17_p0019_s63_b1_CONV--ZED-RGB.mp4,63,TIRO FURAR-BARRIGA,TIRO FURAR-BARRIGA
22-04-2024_09-11-41_p0025_sP09.5_b3_CONV--ZED-RGB.mpeg,P9.5,DEITAR CALMA PIOR,DEITAR CALMA PIOR
19-07-2024_15-51-49_p0040_s74_b1_CONV--ZED-RGB.mpeg,74,BEBER,BEBER
03-05-2024_08-39-17_p0030_s34_b1_CONV--ZED-RGB.mpeg,34,FEBRE,FEBRE
17-06-2024_16-01-01_p0019_s155_b2_CONV--ZED-RGB.mpeg,155,PARAR,PARAR
19-06-2024_10-08-26_p0036_s41_b1_CONV--ZED-RGB.mpeg,41,GATO MORDER,GATO MORDER
18-03-2024_15-18-20_p0020_s18_b1_CONV--ZED-RGB.mpeg,18,DIFÍCIL RESPIRAR,DIFÍCIL RESPIRAR
09-05-2024_14-21-09_p0033_s95_b2_CONV--ZED-RGB.mpeg,95,DOR OLHOS,DOR OLHOS
05-06-2024_10-11-44_p0036_s246_b4_CONV--ZED-RGB.mpeg,246,F-U-N-G-O-S SINAL FUNGO,F-U-N-G-O-S SINAL FUNGO
26-03-2024_15-16-53_p0022_sP11.1_b3_CONV--ZED-RGB.mpeg,P11.1,SENTIR DOR DEPOIS SUMIR OUTRA-VEZ SENTIR DOR SUMIR VOLTAR SUMIR,SENTIR DOR DEPOIS SUMIR OUTRA-VEZ SENTIR DOR SUMIR VOLTAR SUMIR
27-03-2024_15-41-36_p0015_s148.24_b2_CONV--ZED-RGB.mpeg,148.24,X,X
18-04-2024_10-11-52_p0025_s12_b1_CONV--ZED-RGB.mpeg,12,DOR BRAÇO,DOR BRAÇO
15-05-2024_15-13-58_p0032_s82_b2_CONV--ZED-RGB.mpeg,82,SEIS HORAS,SEIS HORAS
15-05-2024_15-40-01_p0032_s113_b2_CONV--ZED-RGB.mpeg,113,DOR PONTADA,DOR PONTADA
03-05-2024_08-37-16_p0030_s28_b1_CONV--ZED-RGB.mpeg,28,NARIZ-LADOS FECHAR,NARIZ-LADOS FECHAR
21-02-2024_16-07-23_p0016_s148.14_b2_CONV--zed-rgb.mpeg,148.14,N,N
15-05-2024_16-44-43_p0032_s148.12_b2_CONV--ZED-RGB.mpeg,148.12,L,L
18-03-2024_15-33-36_p0020_s51_b1_CONV--ZED-RGB.mpeg,51,XIXI ESCURO,XIXI ESCURO
02-05-2024_14-41-12_p0026_s158_b3_CONV--ZED-RGB.mpeg,158,SUBIR-MORRO FÍSICO PIOR,SUBIR-MORRO FÍSICO PIOR
10-05-2024_15-09-57_p0033_s218_b4_CONV--ZED-RGB.mpeg,218,FEZES-LÍQUIDAS ESCURO,FEZES-LÍQUIDAS ESCURO
16-07-2024_16-38-38_p0039_s248_b4_CONV--ZED-RGB.mpeg,248,ALERGIA CACHORRO,ALERGIA CACHORRO
20-05-2024_16-02-11_p0023_s148.2_b2_CONV--ZED-RGB.mpeg,148.2,B,B
22-02-2024_13-45-49_p0018_s62_b1_CONV--zed-rgb.mpeg,62,MATERIAL GRUPO CORTAR TAMBÉM OBJETO-FINO-LONGO FINCAR,MATERIAL GRUPO CORTAR TAMBÉM OBJETO-FINO-LONGO FINCAR
07-05-2024_15-16-39_p0027_s68_b1_CONV--ZED-RGB.mpeg,68,15 MINUTO,15 MINUTO
20-03-2024_14-56-18_p0015_s167_b3_CONV--ZED-RGB.mpeg,167,SUBIR-ESCADA CORPO PIOR NÃO,SUBIR-ESCADA CORPO PIOR NÃO
19-03-2024_15-40-51_p0022_s148.5_b2_CONV--ZED-RGB.mpeg,148.5,E,E
27-03-2024_16-19-32_p0015_s51_b1_CONV--ZED-RGB.mpeg,51,XIXI ESCURO,XIXI ESCURO
27-03-2024_15-24-45_p0015_s125_b2_CONV--ZED-RGB.mpeg,125,COMER CATEGORIA ÁCIDO MAIS APIMENTADO,COMER CATEGORIA ÁCIDO MAIS APIMENTADO
07-03-2024_13-50-32_p0010_s106_b2_CONV--zed-rgb.mpeg,106,DOR PULSAR,DOR PULSAR
21-02-2024_16-09-18_p0016_s148.22_b2_CONV--zed-rgb.mpeg,148.22,V,V
27-05-2024_16-33-03_p0032_s9_b1_CONV--ZED-RGB.mpeg,9,DOR LOMBAR,DOR LOMBAR
18-06-2024_15-13-17_p0028_s119_b2_CONV--ZED-RGB.mpeg,119,SENTIR MAL,SENTIR MAL
11-03-2024_15-39-59_p0020_s170.9_b3_CONV--zed-rgb.mpeg,170.9,9,9
22-02-2024_13-23-15_p0018_s19_b1_CONV--zed-rgb.mpeg,19,PALPITAÇÃO,PALPITAÇÃO
19-03-2024_15-09-13_p0022_s106_b2_CONV--ZED-RGB.mpeg,106,DOR PULSAR,DOR PULSAR
10-05-2024_15-34-31_p0033_s251_b4_CONV--ZED-RGB.mpeg,251,ALERGIA GRUPO BORRACHA,ALERGIA GRUPO BORRACHA
12-06-2024_17-06-23_p0038_s208_b3_CONV--ZED-RGB.mpeg,208,NÃO TRAZER CARTÃO-DE-VACINA NENHUM,NÃO TRAZER CARTÃO-DE-VACINA NENHUM
28-06-2024_15-36-34_p0035_s257_b4_CONV--ZED-RGB.mpeg,257,ALERGIA REMÉDIO NÃO-TER,ALERGIA REMÉDIO NÃO-TER
07-03-2024_14-02-43_p0010_s134_b2_CONV--zed-rgb.mpeg,134,MASTIGAR,MASTIGAR
18-03-2024_11-11-20_p0013_s212_b4_CONV--ZED-RGB.mpeg,212,FEZES-LÍQUIDAS,FEZES-LÍQUIDAS
05-06-2024_15-27-42_p0037_s257_b4_CONV--ZED-RGB.mpeg,257,ALERGIA REMÉDIO NÃO-TER,ALERGIA REMÉDIO NÃO-TER
26-08-2024_15-19-28_p0019_s13_b1_CONV--ZED-RGB.mp4,13,DOR PERNA,DOR PERNA
06-05-2024_15-19-21_p0032_s220_b4_CONV--ZED-RGB.mpeg,220,TER M-U-C-O COLA,TER M-U-C-O COLA
20-05-2024_11-50-40_p0034_s65_b1_CONV--ZED-RGB.mpeg,65,NASCER VIVO,NASCER VIVO
07-03-2024_13-52-14_p0010_s112_b2_CONV--zed-rgb.mpeg,112,DOR QUEIMAR,DOR QUEIMAR
02-05-2024_15-17-51_p0026_sP15.4_b3_CONV--ZED-RGB.mpeg,P15.4,CATARRO COLA COR QUAL,CATARRO COLA COR QUAL
08-06-2024_10-38-04_p0031_s52_b1_CONV--ZED-RGB.mpeg,52,XIXI ESPUMAR,XIXI ESPUMAR
22-01-2024_16-39-58_p9_s170.3--zed-rgb.mpeg,170.3,3,3
27-05-2024_15-08-16_p0032_sP09.2_b3_CONV--ZED-RGB.mpeg,P9.2,SUBIR-MORRO FÍSICO PIOR,SUBIR-MORRO FÍSICO PIOR
27-03-2024_16-26-42_p0015_s69_b1_CONV--ZED-RGB.mpeg,69,30 MINUTO,30 MINUTO
18-06-2024_16-44-13_p0028_sP23.1_b4_CONV--ZED-RGB.mpeg,P23.1,VOCÊ FUMAR,VOCÊ FUMAR
23-05-2024_14-56-28_p0035_s170.10_b3_CONV--ZED-RGB.mpeg,170.10,10,10
20-05-2024_15-30-05_p0023_s103_b2_CONV--ZED-RGB.mpeg,103,DOR JOELHO-DIREITO JOELHO-ESQUERDO,DOR JOELHO-DIREITO JOELHO-ESQUERDO
17-07-2024_14-47-08_p0041_s148.4_b2_CONV--ZED-RGB.mpeg,148.4,D,D
30-01-2024_15-02-05_p12_s148.8--zed-rgb.mpeg,148.8,H,H
17-06-2024_15-30-20_p0019_s148.1_b2_CONV--ZED-RGB.mpeg,148.1,A,A
18-04-2024_15-28-01_p0026_s104_b2_CONV--ZED-RGB.mpeg,104,DOR PERNA-DIREITA PERNA-ESQUERDA,DOR PERNA-DIREITA PERNA-ESQUERDA
22-02-2024_10-57-03_p0017_s170.7_b3_CONV--zed-rgb.mpeg,170.7,7,7
19-07-2024_14-24-34_p0040_s144_b2_CONV--ZED-RGB.mpeg,144,ÁGUA FRIO COLOCAR-BRAÇO,ÁGUA FRIO COLOCAR-BRAÇO
22-02-2024_14-09-03_p0018_s104_b2_CONV--zed-rgb.mpeg,104,DOR PERNA-DIREITA PERNA-ESQUERDA,DOR PERNA-DIREITA PERNA-ESQUERDA
20-05-2024_12-32-50_p0034_s269_b4_CONV--ZED-RGB.mpeg,269,CACHAÇA,CACHAÇA
27-05-2024_15-36-49_p0032_s178_b3_CONV--ZED-RGB.mpeg,178,CINCO ANO,CINCO ANO
27-03-2024_16-16-31_p0015_s43_b1_CONV--ZED-RGB.mpeg,43,ESCORPIÃO PICAR,ESCORPIÃO PICAR
26-03-2024_16-29-57_p0022_s263_b4_CONV--ZED-RGB.mpeg,263,DEZ ANO,DEZ ANO
20-05-2024_16-04-55_p0023_s148.10_b2_CONV--ZED-RGB.mpeg,148.10,J,J
17-06-2024_15-09-17_p0019_s116_b2_CONV--ZED-RGB.mpeg,116,DOR APERTAR PONTADA,DOR APERTAR PONTADA
08-04-2024_15-58-06_p0021_s141_b2_CONV--ZED-RGB.mpeg,141,MEXER-PESCOÇO,MEXER-PESCOÇO
03-05-2024_14-10-44_p0027_s114_b2_CONV--ZED-RGB.mpeg,114,DOR CHOQUE,DOR CHOQUE
22-02-2024_15-45-54_p0014_s194_b3_CONV--zed-rgb.mpeg,194,TOSSE SECO,TOSSE SECO
19-03-2024_15-40-34_p0022_s148.4_b2_CONV--ZED-RGB.mpeg,148.4,D,D
07-03-2024_14-15-12_p0010_s148.26_b2_CONV--zed-rgb.mpeg,148.26,Z,Z
13-05-2024_16-28-45_p0028_s200_b3_CONV--ZED-RGB.mpeg,200,CATARRO COLA VERDE,CATARRO COLA VERDE
25-03-2024_16-09-38_p0020_s90_b2_CONV--ZED-RGB.mpeg,90,DOR OUVIDO,DOR OUVIDO
20-05-2024_11-56-53_p0034_s77_b1_CONV--ZED-RGB.mpeg,77,EXERCÍCIO-FÍSICO,EXERCÍCIO-FÍSICO
18-04-2024_15-21-43_p0026_s86_b2_CONV--ZED-RGB.mpeg,86,UM MÊS,UM MÊS
18-06-2024_16-19-38_p0028_s222_b4_CONV--ZED-RGB.mpeg,222,DOR-BARRIGA NENHUM,DOR-BARRIGA NENHUM
11-05-2024_10-06-36_p0034_s203_b3_CONV--ZED-RGB.mpeg,203,NÃO VACINAR COVID-19,NÃO VACINAR COVID-19
26-03-2024_15-49-06_p0022_sP20_b3_CONV--ZED-RGB.mpeg,P20,VOCÊ TER RELATÓRIO AO-LONGO-DO-TEMPO,VOCÊ TER RELATÓRIO AO-LONGO-DO-TEMPO
19-03-2024_15-10-04_p0022_s108_b2_CONV--ZED-RGB.mpeg,108,DOR LEVE,DOR LEVE
30-04-2024_13-27-21_p0024_s123_b2_CONV--ZED-RGB.mpeg,123,ZUMBIDO OUVIDO,ZUMBIDO OUVIDO
18-04-2024_10-35-29_p0025_s68_b1_CONV--ZED-RGB.mpeg,68,15 MINUTO,15 MINUTO
16-04-2024_15-31-22_p0016_s170.3_b3_CONV--ZED-RGB.mpeg,170.3,3,3
30-01-2024_14-28-00_p12_s97--zed-rgb.mpeg,97,DOR LADOS-BARRIGA,DOR LADOS-BARRIGA
17-06-2024_16-01-20_p0019_s156_b2_CONV--ZED-RGB.mpeg,156,NÃO-ENTENDER,NÃO-ENTENDER
22-01-2024_17-21-41_p9_sP17.1--zed-rgb.mpeg,P17.1,VOCÊ JÁ VACINAR COVID-19,VOCÊ JÁ VACINAR COVID-19
22-04-2024_09-31-30_p0025_s188_b3_CONV--ZED-RGB.mpeg,188,DOR PERNAS-ESPALHAR APONTAR-COXA,DOR PERNAS-ESPALHAR APONTAR-COXA
30-01-2024_15-07-24_p12_s148.22--zed-rgb.mpeg,148.22,V,V
19-07-2024_14-31-45_p0040_s148.11_b2_CONV--ZED-RGB.mpeg,148.11,K,K
13-03-2024_15-07-44_p0014_sP07_b2_CONV--zed-rgb.mpeg,P7,SENTIR JUNTO ITENS MAIS TER,SENTIR JUNTO ITENS MAIS TER
05-06-2024_10-11-03_p0036_s245_b4_CONV--ZED-RGB.mpeg,245,ÁCARO ALERGIA,ÁCARO ALERGIA
29-04-2024_11-49-31_p0029_s132_b2_CONV--ZED-RGB.mpeg,132,NARIZ ESPIRRAR,NARIZ ESPIRRAR
18-06-2024_15-05-10_p0028_s108_b2_CONV--ZED-RGB.mpeg,108,DOR LEVE,DOR LEVE
26-03-2024_16-21-16_p0022_s246_b4_CONV--ZED-RGB.mpeg,246,F-U-N-G-O-S SINAL FUNGO,F-U-N-G-O-S SINAL FUNGO
02-05-2024_15-46-25_p0026_s213_b4_CONV--ZED-RGB.mpeg,213,CLARO,CLARO
28-06-2024_14-24-08_p0035_s48_b1_CONV--ZED-RGB.mpeg,48,XIXI VAZAR,XIXI VAZAR
15-05-2024_16-48-43_p0032_s148.21_b2_CONV--ZED-RGB.mpeg,148.21,U,U
16-05-2024_14-27-32_p0034_s95_b2_CONV--ZED-RGB.mpeg,95,DOR OLHOS,DOR OLHOS
18-06-2024_15-30-53_p0028_s143_b2_CONV--ZED-RGB.mpeg,143,DEITAR,DEITAR
12-03-2024_14-31-13_p0022_s39_b1_CONV--zed-rgb.mpeg,39,MORDER,MORDER
28-06-2024_15-41-24_p0035_sP24.2_b4_CONV--ZED-RGB.mpeg,P24.2,BEBIDA QUAL,BEBIDA QUAL
22-02-2024_11-58-34_p0017_s280_b4_CONV--zed-rgb.mpeg,280,TAÇA TOMAR VINHO UMA-VEZ SEMANA,TAÇA TOMAR VINHO UMA-VEZ SEMANA
24-07-2024_14-09-40_p0041_s7_b1_CONV--ZED-RGB.mpeg,7,DOR PEITO,DOR PEITO
20-05-2024_12-07-54_p0034_s222_b4_CONV--ZED-RGB.mpeg,222,DOR-BARRIGA NENHUM,DOR-BARRIGA NENHUM
29-04-2024_11-53-36_p0029_s143_b2_CONV--ZED-RGB.mpeg,143,DEITAR,DEITAR
18-06-2024_15-03-27_p0028_s105_b2_CONV--ZED-RGB.mpeg,105,DOR TESTÍCULOS,DOR TESTÍCULOS
15-05-2024_16-15-53_p0032_s143_b2_CONV--ZED-RGB.mpeg,143,DEITAR,DEITAR
21-02-2024_15-23-55_p0016_s97_b2_CONV--zed-rgb.mpeg,97,DOR LADOS-BARRIGA,DOR LADOS-BARRIGA
16-05-2024_15-16-33_p0034_s156_b2_CONV--ZED-RGB.mpeg,156,NÃO-ENTENDER,NÃO-ENTENDER
29-04-2024_11-48-46_p0029_s130_b2_CONV--ZED-RGB.mpeg,130,CORPO ESFORÇAR,CORPO ESFORÇAR
27-05-2024_17-00-21_p0032_s69_b1_CONV--ZED-RGB.mpeg,69,30 MINUTO,30 MINUTO
26-03-2024_15-41-38_p0022_s196_b3_CONV--ZED-RGB.mpeg,196,TOSSE CATARRO COLA,TOSSE CATARRO COLA
08-04-2024_16-00-10_p0021_s145_b2_CONV--ZED-RGB.mpeg,145,ÁGUA QUENTE COLOCAR-BRAÇO,ÁGUA QUENTE COLOCAR-BRAÇO
20-03-2024_14-50-00_p0015_s159_b3_CONV--ZED-RGB.mpeg,159,SUBIR-MORRO CORPO PIOR NÃO,SUBIR-MORRO CORPO PIOR NÃO
30-01-2024_11-11-02_p11_s30--zed-rgb.mpeg,30,FERIR PELE,FERIR PELE
18-06-2024_15-33-45_p0028_s148.3_b2_CONV--ZED-RGB.mpeg,148.3,C,C
07-03-2024_13-47-02_p0010_s97_b2_CONV--zed-rgb.mpeg,97,DOR LADOS-BARRIGA,DOR LADOS-BARRIGA
13-03-2024_14-54-20_p0014_s92_b2_CONV--zed-rgb.mpeg,92,DOR TESTA,DOR TESTA
02-05-2024_15-21-11_p0026_sP17.1_b3_CONV--ZED-RGB.mpeg,P17.1,VOCÊ JÁ VACINAR COVID-19,VOCÊ JÁ VACINAR COVID-19
02-04-2024_15-05-09_p0021_s162_b3_CONV--ZED-RGB.mpeg,162,TOMAR-BANHO CORPO PIOR,TOMAR-BANHO CORPO PIOR
18-06-2024_15-16-34_p0028_s124_b2_CONV--ZED-RGB.mpeg,124,GASES,GASES
30-04-2024_13-07-35_p0024_s91_b2_CONV--ZED-RGB.mpeg,91,DOR LADO-CABEÇA LADO-CABEÇA,DOR LADO-CABEÇA LADO-CABEÇA
27-05-2024_15-55-30_p0032_sP15.1_b3_CONV--ZED-RGB.mpeg,P15.1,TER TOSSE,TER TOSSE
25-03-2024_16-40-26_p0020_s148.15_b2_CONV--ZED-RGB.mpeg,148.15,O,O
28-06-2024_15-06-44_p0035_s211_b4_CONV--ZED-RGB.mpeg,211,FRAGMENTOS MISTURAR MOLE,FRAGMENTOS MISTURAR MOLE
03-05-2024_08-41-40_p0030_s40_b1_CONV--ZED-RGB.mpeg,40,CACHORRO MORDER,CACHORRO MORDER
20-05-2024_12-25-20_p0034_sP22.3_b4_CONV--ZED-RGB.mpeg,P22.3,QUAL MEDICAMENTO,QUAL MEDICAMENTO
15-05-2024_15-15-24_p0032_s85_b2_CONV--ZED-RGB.mpeg,85,UM SEMANA,UM SEMANA
22-02-2024_14-04-44_p0018_s92_b2_CONV--zed-rgb.mpeg,92,DOR TESTA,DOR TESTA
08-05-2024_15-45-29_p0033_sP11.5_b3_CONV--ZED-RGB.mpeg,P11.5,PERÍODO DOR TER AUMENTAR,PERÍODO DOR TER AUMENTAR
03-05-2024_08-28-37_p0030_s5_b1_CONV--ZED-RGB.mpeg,5,CABEÇA DOR,CABEÇA DOR
22-02-2024_11-38-13_p0017_s218_b4_CONV--zed-rgb.mpeg,218,FEZES-LÍQUIDAS ESCURO,FEZES-LÍQUIDAS ESCURO
23-04-2024_15-19-29_p0026_s39_b1_CONV--ZED-RGB.mpeg,39,MORDER,MORDER
27-05-2024_15-21-13_p0032_s169_b3_CONV--ZED-RGB.mpeg,169,REMÉDIO CURAR-NÃO,REMÉDIO CURAR-NÃO
26-04-2024_14-53-45_p0028_s45_b1_CONV--ZED-RGB.mpeg,45,PROBLEMA OLHOS,PROBLEMA OLHOS
17-06-2024_15-38-27_p0019_s148.23_b2_CONV--ZED-RGB.mpeg,148.23,W,W
29-04-2024_16-47-53_p0024_s38_b1_CONV--ZED-RGB.mpeg,38,TENTAR SUICIDAR,TENTAR SUICIDAR
22-02-2024_14-09-46_p0018_s106_b2_CONV--zed-rgb.mpeg,106,DOR PULSAR,DOR PULSAR
05-03-2024_10-24-18_p0014_s10_b1_CONV--zed-rgb.mpeg,10,DOR BARRIGA,DOR BARRIGA
10-05-2024_16-27-19_p0033_s13_b1_CONV--ZED-RGB.mpeg,13,DOR PERNA,DOR PERNA
24-05-2024_18-42-52_p0031_s111_b2_CONV--ZED-RGB.mpeg,111,DOR PESO,DOR PESO
24-07-2024_14-36-12_p0041_s71_b1_CONV--ZED-RGB.mpeg,71,2-HORA,2-HORA
19-06-2024_09-48-24_p0036_s1_b1_CONV--ZED-RGB.mpeg,1,CONFUSÃO-MENTAL PERCEPÇÃO ESQUECER,CONFUSÃO-MENTAL PERCEPÇÃO ESQUECER
18-06-2024_15-43-56_p0028_s151_b2_CONV--ZED-RGB.mpeg,151,OBRIGADO,OBRIGADO
17-06-2024_15-35-08_p0019_s148.14_b2_CONV--ZED-RGB.mpeg,148.14,N,N
30-04-2024_13-06-38_p0024_s89_b2_CONV--ZED-RGB.mpeg,89,DOR LADO-CABEÇA,DOR LADO-CABEÇA
27-05-2024_16-31-09_p0032_s4_b1_CONV--ZED-RGB.mpeg,4,CONVULSÃO ENROLAR-LÍNGUA,CONVULSÃO ENROLAR-LÍNGUA
08-04-2024_16-58-53_p0021_sP02_b1_CONV--ZED-RGB.mpeg,P2,QUANDO COMEÇAR ENTÃO,QUANDO COMEÇAR ENTÃO
03-05-2024_18-41-04_p0031_s174_b3_CONV--ZED-RGB.mpeg,174,TRÊS-VEZES DIA,TRÊS-VEZES DIA
26-08-2024_15-36-03_p0019_s52_b1_CONV--ZED-RGB.mp4,52,XIXI ESPUMAR,XIXI ESPUMAR
16-04-2024_15-43-05_p0016_s185_b3_CONV--ZED-RGB.mpeg,185,DOR BARRIGA-ESPALHAR BARRIGA,DOR BARRIGA-ESPALHAR BARRIGA
26-03-2024_16-19-30_p0022_s240_b4_CONV--ZED-RGB.mpeg,240,VÍCIO FUMAR,VÍCIO FUMAR
18-04-2024_10-09-08_p0025_s5_b1_CONV--ZED-RGB.mpeg,5,CABEÇA DOR,CABEÇA DOR
10-05-2024_16-49-36_p0033_s68_b1_CONV--ZED-RGB.mpeg,68,15 MINUTO,15 MINUTO
20-05-2024_16-11-37_p0023_s156_b2_CONV--ZED-RGB.mpeg,156,NÃO-ENTENDER,NÃO-ENTENDER
16-05-2024_14-35-25_p0034_s110_b2_CONV--ZED-RGB.mpeg,110,DOR APERTAR,DOR APERTAR
09-05-2024_14-53-14_p0033_s136_b2_CONV--ZED-RGB.mpeg,136,ANDAR,ANDAR
06-05-2024_16-07-34_p0032_s276_b4_CONV--ZED-RGB.mpeg,276,GARRAFA UMA-VEZ SEMANA,GARRAFA UMA-VEZ SEMANA
30-01-2024_15-05-57_p12_s148.16--zed-rgb.mpeg,148.16,P,P
28-06-2024_15-20-55_p0035_s237_b4_CONV--ZED-RGB.mpeg,237,RINS FRACO,RINS FRACO
29-02-2024_14-18-12_p0010_s74_b1_CONV--zed-rgb.mpeg,74,BEBER,BEBER
18-03-2024_15-13-25_p0020_s3_b1_CONV--ZED-RGB.mpeg,3,MUDAR COMPORTAMENTO,MUDAR COMPORTAMENTO
19-07-2024_14-35-41_p0040_s148.24_b2_CONV--ZED-RGB.mpeg,148.24,X,X
19-06-2024_16-41-30_p0023_s56_b1_CONV--ZED-RGB.mpeg,56,VERMELHO FEZES,VERMELHO FEZES
22-02-2024_15-44-03_p0014_s192_b3_CONV--zed-rgb.mpeg,192,FICAR-EM-PÉ SENTAR DEITAR DOR PIORAR SIM,FICAR-EM-PÉ SENTAR DEITAR DOR PIORAR SIM
18-06-2024_16-29-18_p0028_s231_b4_CONV--ZED-RGB.mpeg,231,DEPRESSÃO,DEPRESSÃO
12-06-2024_10-23-24_p0036_s148.16_b2_CONV--ZED-RGB.mpeg,148.16,P,P
05-06-2024_15-10-18_p0037_sP19.1_b4_CONV--ZED-RGB.mpeg,P19.1,VOCÊ JÁ FAZER TRATAMENTO ALGUM DOENÇA ENTÃO,VOCÊ JÁ FAZER TRATAMENTO ALGUM DOENÇA ENTÃO
19-07-2024_15-41-34_p0040_s56_b1_CONV--ZED-RGB.mpeg,56,VERMELHO FEZES,VERMELHO FEZES
17-06-2024_14-48-44_p0019_s82_b2_CONV--ZED-RGB.mpeg,82,SEIS HORAS,SEIS HORAS
20-03-2024_15-29-19_p0015_sP17.4_b3_CONV--ZED-RGB.mpeg,P17.4,VOCÊ TRAZER CARTÃO-DE-VACINA,VOCÊ TRAZER CARTÃO-DE-VACINA
03-04-2024_16-08-07_p0023_s270_b4_CONV--ZED-RGB.mpeg,270,G-I-N,G-I-N
18-04-2024_15-46-09_p0026_s148.4_b2_CONV--ZED-RGB.mpeg,148.4,D,D
26-03-2024_16-12-42_p0022_s223_b4_CONV--ZED-RGB.mpeg,223,DIABETES,DIABETES
29-04-2024_15-43-17_p0024_sP11.5_b3_CONV--ZED-RGB.mpeg,P11.5,PERÍODO DOR TER AUMENTAR,PERÍODO DOR TER AUMENTAR
11-03-2024_15-49-55_p0020_s181_b3_CONV--zed-rgb.mpeg,181,PESCOÇO DOR ESPALHAR,PESCOÇO DOR ESPALHAR
09-05-2024_15-04-35_p0033_s148.1_b2_CONV--ZED-RGB.mpeg,148.1,A,A
25-03-2024_15-55-26_p0020_s269_b4_CONV--ZED-RGB.mpeg,269,CACHAÇA,CACHAÇA
25-03-2024_16-30-13_p0020_s132_b2_CONV--ZED-RGB.mpeg,132,NARIZ ESPIRRAR,NARIZ ESPIRRAR
20-02-2024_16-38-00_p0015_s233_b4_CONV--zed-rgb.mpeg,233,A-V-C,A-V-C
27-05-2024_16-43-32_p0032_s31_b1_CONV--ZED-RGB.mpeg,31,MANCHAS-PELE,MANCHAS-PELE
29-04-2024_15-25-55_p0024_s167_b3_CONV--ZED-RGB.mpeg,167,SUBIR-ESCADA CORPO PIOR NÃO,SUBIR-ESCADA CORPO PIOR NÃO
13-05-2024_16-05-53_p0028_s180_b3_CONV--ZED-RGB.mpeg,180,NUCA DOR ESPALHAR,NUCA DOR ESPALHAR
07-05-2024_14-16-09_p0027_s225_b4_CONV--ZED-RGB.mpeg,225,ARRITMIA,ARRITMIA
29-02-2024_14-17-04_p0010_s72_b1_CONV--zed-rgb.mpeg,72,2-MÊS,2-MÊS
23-04-2024_11-46-46_p0024_s272_b4_CONV--ZED-RGB.mpeg,272,UM LATA TODO-DIA,UM LATA TODO-DIA
20-02-2024_16-38-43_p0015_s235_b4_CONV--zed-rgb.mpeg,235,OBESIDADE,OBESIDADE
02-05-2024_15-51-25_p0026_s223_b4_CONV--ZED-RGB.mpeg,223,DIABETES,DIABETES
10-05-2024_09-02-03_p0030_s195_b3_CONV--ZED-RGB.mpeg,195,CATARRO COLA NENHUM,CATARRO COLA NENHUM
30-01-2024_11-12-07_p11_s34--zed-rgb.mpeg,34,FEBRE,FEBRE
19-06-2024_16-27-34_p0023_s22_b1_CONV--ZED-RGB.mpeg,22,EVACUAR MOLE VERMELHO,EVACUAR MOLE VERMELHO
28-02-2024_16-11-51_p0011_sP06.1_b2_CONV--zed-rgb.mpeg,P6.1,ONDE DOR,ONDE DOR
25-03-2024_15-35-40_p0020_s225_b4_CONV--ZED-RGB.mpeg,225,ARRITMIA,ARRITMIA
17-07-2024_14-34-18_p0041_s130_b2_CONV--ZED-RGB.mpeg,130,CORPO ESFORÇAR,CORPO ESFORÇAR
10-05-2024_09-53-19_p0030_s253_b4_CONV--ZED-RGB.mpeg,253,ALERGIA O-V-O OVO,ALERGIA O-V-O OVO
24-04-2024_15-28-01_p0027_s169_b3_CONV--ZED-RGB.mpeg,169,REMÉDIO CURAR-NÃO,REMÉDIO CURAR-NÃO
22-04-2024_09-30-22_p0025_s186_b3_CONV--ZED-RGB.mpeg,186,COSTAS DOR ESPALHAR,COSTAS DOR ESPALHAR
16-04-2024_10-30-17_p0025_s224_b4_CONV--ZED-RGB.mpeg,224,INFARTO,INFARTO
23-05-2024_15-10-31_p0035_s190_b3_CONV--ZED-RGB.mpeg,190,SIM APERTAR-BRAÇO DOER,SIM APERTAR-BRAÇO DOER
27-03-2024_15-34-47_p0015_s148.2_b2_CONV--ZED-RGB.mpeg,148.2,B,B
05-06-2024_15-22-01_p0037_s251_b4_CONV--ZED-RGB.mpeg,251,ALERGIA GRUPO BORRACHA,ALERGIA GRUPO BORRACHA
29-04-2024_15-45-16_p0024_s180_b3_CONV--ZED-RGB.mpeg,180,NUCA DOR ESPALHAR,NUCA DOR ESPALHAR
19-06-2024_16-25-41_p0023_s20_b1_CONV--ZED-RGB.mpeg,20,TONTURA CAIR-PESSOA,TONTURA CAIR-PESSOA
24-07-2024_14-40-15_p0041_s81_b1_CONV--ZED-RGB.mpeg,81,NÃO-LEMBRAR,NÃO-LEMBRAR
16-05-2024_15-10-17_p0034_s148.18_b2_CONV--ZED-RGB.mpeg,148.18,R,R
29-04-2024_16-04-20_p0024_sP17.1_b3_CONV--ZED-RGB.mpeg,P17.1,VOCÊ JÁ VACINAR COVID-19,VOCÊ JÁ VACINAR COVID-19
23-04-2024_15-35-10_p0026_s78_b1_CONV--ZED-RGB.mpeg,78,CALADO DEITADO,CALADO DEITADO
29-02-2024_14-08-56_p0010_s55_b1_CONV--zed-rgb.mpeg,55,VERMELHO NARIZ-SANGRAR GRIPE,VERMELHO NARIZ-SANGRAR GRIPE
15-05-2024_15-38-51_p0032_s111_b2_CONV--ZED-RGB.mpeg,111,DOR PESO,DOR PESO
24-04-2024_15-25-50_p0027_s167_b3_CONV--ZED-RGB.mpeg,167,SUBIR-ESCADA CORPO PIOR NÃO,SUBIR-ESCADA CORPO PIOR NÃO
24-07-2024_15-25-01_p0041_s270_b4_CONV--ZED-RGB.mpeg,270,G-I-N,G-I-N
13-05-2024_16-34-49_p0028_sP17.4_b3_CONV--ZED-RGB.mpeg,P17.4,VOCÊ TRAZER CARTÃO-DE-VACINA,VOCÊ TRAZER CARTÃO-DE-VACINA
08-04-2024_15-54-02_p0021_s131_b2_CONV--ZED-RGB.mpeg,131,PERÍODO MENSTRUAR,PERÍODO MENSTRUAR
18-03-2024_15-13-47_p0020_s4_b1_CONV--ZED-RGB.mpeg,4,CONVULSÃO ENROLAR-LÍNGUA,CONVULSÃO ENROLAR-LÍNGUA
27-05-2024_15-08-46_p0032_s158_b3_CONV--ZED-RGB.mpeg,158,SUBIR-MORRO FÍSICO PIOR,SUBIR-MORRO FÍSICO PIOR
29-04-2024_16-36-03_p0024_s17_b1_CONV--ZED-RGB.mpeg,17,CHIAR,CHIAR
06-05-2024_15-55-22_p0032_sP22.3_b4_CONV--ZED-RGB.mpeg,P22.3,QUAL MEDICAMENTO,QUAL MEDICAMENTO
02-05-2024_15-22-43_p0026_s205_b3_CONV--ZED-RGB.mpeg,205,TRÊS VACINA,TRÊS VACINA
29-02-2024_14-06-23_p0010_s49_b1_CONV--zed-rgb.mpeg,49,XIXI POUCO,XIXI POUCO
17-07-2024_14-43-40_p0041_s152_b2_CONV--ZED-RGB.mpeg,152,OBRIGADO,OBRIGADO
20-05-2024_15-16-40_p0023_sP06.1_b2_CONV--ZED-RGB.mpeg,P6.1,ONDE DOR,ONDE DOR
29-04-2024_11-57-56_p0029_s148.6_b2_CONV--ZED-RGB.mpeg,148.6,F,F
22-02-2024_14-34-35_p0018_s148.17_b2_CONV--zed-rgb.mpeg,148.17,Q,Q
10-05-2024_08-44-28_p0030_s176_b3_CONV--ZED-RGB.mpeg,176,TRÊS-MESES,TRÊS-MESES
16-04-2024_15-51-15_p0016_s193_b3_CONV--ZED-RGB.mpeg,193,FICAR-EM-PÉ SENTAR DEITAR DOR PIORAR NÃO,FICAR-EM-PÉ SENTAR DEITAR DOR PIORAR NÃO
08-04-2024_15-46-19_p0021_sP07_b2_CONV--ZED-RGB.mpeg,P7,SENTIR JUNTO ITENS MAIS TER,SENTIR JUNTO ITENS MAIS TER
22-02-2024_14-10-01_p0018_s107_b2_CONV--zed-rgb.mpeg,107,DOR PROFUNDO,DOR PROFUNDO
15-05-2024_15-32-02_p0032_s101_b2_CONV--ZED-RGB.mpeg,101,DOR OMBROS,DOR OMBROS
20-05-2024_15-52-40_p0023_s139_b2_CONV--ZED-RGB.mpeg,139,BRAÇO MEXER-BRAÇO,BRAÇO MEXER-BRAÇO
29-04-2024_17-05-09_p0024_s75_b1_CONV--ZED-RGB.mpeg,75,TOSSIR,TOSSIR
29-04-2024_11-30-00_p0029_s92_b2_CONV--ZED-RGB.mpeg,92,DOR TESTA,DOR TESTA
07-03-2024_13-53-26_p0010_s116_b2_CONV--zed-rgb.mpeg,116,DOR APERTAR PONTADA,DOR APERTAR PONTADA
26-03-2024_16-08-21_p0022_s217_b4_CONV--ZED-RGB.mpeg,217,FEZES-LÍQUIDAS BRANCO,FEZES-LÍQUIDAS BRANCO
22-04-2024_09-09-38_p0025_s161_b3_CONV--ZED-RGB.mpeg,161,PLANO ANDAR FÍSICO PIOR NÃO,PLANO ANDAR FÍSICO PIOR NÃO
24-07-2024_14-38-20_p0041_s76_b1_CONV--ZED-RGB.mpeg,76,LIMPAR CASA,LIMPAR CASA
28-02-2024_16-30-04_p0011_sP06.3_b2_CONV--zed-rgb.mpeg,P6.3,DOR IGUAL PESO,DOR IGUAL PESO
02-04-2024_15-51-11_p0021_s203_b3_CONV--ZED-RGB.mpeg,203,NÃO VACINAR COVID-19,NÃO VACINAR COVID-19
02-05-2024_16-00-37_p0026_s249_b4_CONV--ZED-RGB.mpeg,249,ALERGIA GATO,ALERGIA GATO
08-04-2024_16-55-22_p0021_s63_b1_CONV--ZED-RGB.mpeg,63,TIRO FURAR-BARRIGA,TIRO FURAR-BARRIGA
03-05-2024_14-23-21_p0027_s148.4_b2_CONV--ZED-RGB.mpeg,148.4,D,D
18-04-2024_15-50-44_p0026_s148.21_b2_CONV--ZED-RGB.mpeg,148.21,U,U
19-03-2024_15-25-19_p0022_s132_b2_CONV--ZED-RGB.mpeg,132,NARIZ ESPIRRAR,NARIZ ESPIRRAR
16-04-2024_15-31-54_p0016_s170.5_b3_CONV--ZED-RGB.mpeg,170.5,5,5
08-04-2024_17-01-32_p0021_s74_b1_CONV--ZED-RGB.mpeg,74,BEBER,BEBER
02-05-2024_15-53-27_p0026_s229_b4_CONV--ZED-RGB.mpeg,229,CÂNCER,CÂNCER
30-01-2024_14-34-34_p12_s114--zed-rgb.mpeg,114,DOR CHOQUE,DOR CHOQUE
18-06-2024_14-54-14_p0028_s87_b2_CONV--ZED-RGB.mpeg,87,SIM,SIM
29-04-2024_17-04-30_p0024_s73_b1_CONV--ZED-RGB.mpeg,73,COMER,COMER
03-04-2024_16-04-32_p0023_s262_b4_CONV--ZED-RGB.mpeg,262,DOIS ANO,DOIS ANO
22-02-2024_14-24-03_p0018_s132_b2_CONV--zed-rgb.mpeg,132,NARIZ ESPIRRAR,NARIZ ESPIRRAR
02-05-2024_14-45-09_p0026_s162_b3_CONV--ZED-RGB.mpeg,162,TOMAR-BANHO CORPO PIOR,TOMAR-BANHO CORPO PIOR
25-03-2024_15-34-09_p0020_s222_b4_CONV--ZED-RGB.mpeg,222,DOR-BARRIGA NENHUM,DOR-BARRIGA NENHUM
15-05-2024_16-45-05_p0032_s148.13_b2_CONV--ZED-RGB.mpeg,148.13,M,M
02-04-2024_15-17-57_p0021_s170.5_b3_CONV--ZED-RGB.mpeg,170.5,5,5
10-05-2024_16-26-24_p0033_s10_b1_CONV--ZED-RGB.mpeg,10,DOR BARRIGA,DOR BARRIGA
30-01-2024_11-03-23_p11_s7--zed-rgb.mpeg,7,DOR PEITO,DOR PEITO
18-04-2024_15-34-32_p0026_s119_b2_CONV--ZED-RGB.mpeg,119,SENTIR MAL,SENTIR MAL
27-05-2024_16-36-25_p0032_s17_b1_CONV--ZED-RGB.mpeg,17,CHIAR,CHIAR
22-04-2024_09-27-53_p0025_s180_b3_CONV--ZED-RGB.mpeg,180,NUCA DOR ESPALHAR,NUCA DOR ESPALHAR
24-05-2024_19-01-14_p0031_s142_b2_CONV--ZED-RGB.mpeg,142,MOVIMENTAR-CORPO DOR PIORAR,MOVIMENTAR-CORPO DOR PIORAR
08-04-2024_15-55-39_p0021_s136_b2_CONV--ZED-RGB.mpeg,136,ANDAR,ANDAR
03-05-2024_08-53-30_p0030_s66_b1_CONV--ZED-RGB.mpeg,66,VAGINA VERMELHO SANGRAR,VAGINA VERMELHO SANGRAR
10-05-2024_09-37-53_p0030_s218_b4_CONV--ZED-RGB.mpeg,218,FEZES-LÍQUIDAS ESCURO,FEZES-LÍQUIDAS ESCURO
23-04-2024_11-32-49_p0024_s249_b4_CONV--ZED-RGB.mpeg,249,ALERGIA GATO,ALERGIA GATO
27-05-2024_16-03-34_p0032_s203_b3_CONV--ZED-RGB.mpeg,203,NÃO VACINAR COVID-19,NÃO VACINAR COVID-19
13-03-2024_15-04-32_p0014_s113_b2_CONV--zed-rgb.mpeg,113,DOR PONTADA,DOR PONTADA
08-04-2024_16-41-04_p0021_s23_b1_CONV--ZED-RGB.mpeg,23,TONTURA-ENJOO,TONTURA-ENJOO
08-05-2024_09-41-15_p0030_s112_b2_CONV--ZED-RGB.mpeg,112,DOR QUEIMAR,DOR QUEIMAR
29-04-2024_12-01-53_p0029_s148.21_b2_CONV--ZED-RGB.mpeg,148.21,U,U
10-05-2024_08-56-55_p0030_sP13.2_b3_CONV--ZED-RGB.mpeg,P13.2,MOMENTO FICAR-EM-PÉ SENTAR DEITAR DOR PIORAR,MOMENTO FICAR-EM-PÉ SENTAR DEITAR DOR PIORAR
18-03-2024_15-18-53_p0020_s20_b1_CONV--ZED-RGB.mpeg,20,TONTURA CAIR-PESSOA,TONTURA CAIR-PESSOA
08-04-2024_16-34-35_p0021_s10_b1_CONV--ZED-RGB.mpeg,10,DOR BARRIGA,DOR BARRIGA
11-05-2024_09-46-02_p0034_s176_b3_CONV--ZED-RGB.mpeg,176,TRÊS-MESES,TRÊS-MESES
23-04-2024_11-23-34_p0024_s224_b4_CONV--ZED-RGB.mpeg,224,INFARTO,INFARTO
18-06-2024_14-52-37_p0028_s86_b2_CONV--ZED-RGB.mpeg,86,UM MÊS,UM MÊS
10-05-2024_15-07-32_p0033_s212_b4_CONV--ZED-RGB.mpeg,212,FEZES-LÍQUIDAS,FEZES-LÍQUIDAS
24-07-2024_14-27-04_p0041_s49_b1_CONV--ZED-RGB.mpeg,49,XIXI POUCO,XIXI POUCO
26-03-2024_16-13-00_p0022_s224_b4_CONV--ZED-RGB.mpeg,224,INFARTO,INFARTO
24-07-2024_14-07-25_p0041_s1_b1_CONV--ZED-RGB.mpeg,1,CONFUSÃO-MENTAL PERCEPÇÃO ESQUECER,CONFUSÃO-MENTAL PERCEPÇÃO ESQUECER
25-03-2024_16-36-51_p0020_s148.3_b2_CONV--ZED-RGB.mpeg,148.3,C,C
03-05-2024_18-28-32_p0031_s165_b3_CONV--ZED-RGB.mpeg,165,DEITAR CALMA PIOR NÃO,DEITAR CALMA PIOR NÃO
30-01-2024_15-08-57_p12_s149--zed-rgb.mpeg,149,DEVAGAR,DEVAGAR
23-04-2024_11-11-35_p0024_sP18.1_b4_CONV--ZED-RGB.mpeg,P18.1,ENJOAR O-U VOMITAR,ENJOAR O-U VOMITAR
18-06-2024_15-12-50_p0028_s118_b2_CONV--ZED-RGB.mpeg,118,OLHOS-LACRIMEJAR,OLHOS-LACRIMEJAR
21-02-2024_15-53-38_p0016_s135_b2_CONV--zed-rgb.mpeg,135,ENGOLIR,ENGOLIR
10-05-2024_16-45-24_p0033_s57_b1_CONV--ZED-RGB.mpeg,57,TONTEIRA,TONTEIRA
21-02-2024_15-27-42_p0016_s110_b2_CONV--zed-rgb.mpeg,110,DOR APERTAR,DOR APERTAR
30-04-2024_13-53-37_p0024_s154_b2_CONV--ZED-RGB.mpeg,154,PARAR,PARAR
22-04-2024_09-17-37_p0025_s170.0_b3_CONV--ZED-RGB.mpeg,170.0,0,0
06-05-2024_16-00-10_p0032_s264_b4_CONV--ZED-RGB.mpeg,264,CERVEJA,CERVEJA
22-02-2024_14-12-10_p0018_s114_b2_CONV--zed-rgb.mpeg,114,DOR CHOQUE,DOR CHOQUE
30-01-2024_11-06-54_p11_s19--zed-rgb.mpeg,19,PALPITAÇÃO,PALPITAÇÃO
08-06-2024_10-20-58_p0031_s6_b1_CONV--ZED-RGB.mpeg,6,DOR PESCOÇO,DOR PESCOÇO
02-05-2024_16-11-52_p0026_s266_b4_CONV--ZED-RGB.mpeg,266,DOSE ÁLCOOL,DOSE ÁLCOOL
27-03-2024_15-28-51_p0015_s135_b2_CONV--ZED-RGB.mpeg,135,ENGOLIR,ENGOLIR
28-06-2024_14-28-51_p0035_s56_b1_CONV--ZED-RGB.mpeg,56,VERMELHO FEZES,VERMELHO FEZES
19-07-2024_15-41-00_p0040_s55_b1_CONV--ZED-RGB.mpeg,55,VERMELHO NARIZ-SANGRAR GRIPE,VERMELHO NARIZ-SANGRAR GRIPE
19-03-2024_15-44-38_p0022_s148.17_b2_CONV--ZED-RGB.mpeg,148.17,Q,Q
05-06-2024_10-00-47_p0036_s223_b4_CONV--ZED-RGB.mpeg,223,DIABETES,DIABETES
07-05-2024_15-20-51_p0027_s80_b1_CONV--ZED-RGB.mpeg,80,SENTADO EM-PÉ,SENTADO EM-PÉ
29-04-2024_15-19-40_p0024_s162_b3_CONV--ZED-RGB.mpeg,162,TOMAR-BANHO CORPO PIOR,TOMAR-BANHO CORPO PIOR
20-05-2024_11-31-29_p0034_s27_b1_CONV--ZED-RGB.mpeg,27,CATARRO GRIPE,CATARRO GRIPE
12-03-2024_10-46-23_p0021_s263_b4_CONV--zed-rgb.mpeg,263,DEZ ANO,DEZ ANO
03-05-2024_14-21-14_p0027_s147_b2_CONV--ZED-RGB.mpeg,147,JEJUM,JEJUM
26-03-2024_15-15-43_p0022_s170.8_b3_CONV--ZED-RGB.mpeg,170.8,8,8
11-06-2024_14-33-50_p0035_s148.1_b2_CONV--ZED-RGB.mpeg,148.1,A,A
16-07-2024_16-17-27_p0039_s211_b4_CONV--ZED-RGB.mpeg,211,FRAGMENTOS MISTURAR MOLE,FRAGMENTOS MISTURAR MOLE
07-05-2024_15-05-27_p0027_s39_b1_CONV--ZED-RGB.mpeg,39,MORDER,MORDER
20-05-2024_15-51-54_p0023_s138_b2_CONV--ZED-RGB.mpeg,138,APERTAR,APERTAR
11-06-2024_14-41-38_p0035_s148.22_b2_CONV--ZED-RGB.mpeg,148.22,V,V
19-07-2024_15-53-58_p0040_s78_b1_CONV--ZED-RGB.mpeg,78,CALADO DEITADO,CALADO DEITADO
26-03-2024_15-01-35_p0022_s159_b3_CONV--ZED-RGB.mpeg,159,SUBIR-MORRO CORPO PIOR NÃO,SUBIR-MORRO CORPO PIOR NÃO
27-03-2024_16-11-16_p0015_s34_b1_CONV--ZED-RGB.mpeg,34,FEBRE,FEBRE
26-03-2024_16-39-16_p0022_s283_b4_CONV--ZED-RGB.mpeg,283,UM COPO UMA-VEZ SEMANA,UM COPO UMA-VEZ SEMANA
21-02-2024_11-52-48_p0013_s59_b1_CONV--zed-rgb.mpeg,59,TRAUMA,TRAUMA
26-08-2024_15-50-53_p0019_s80_b1_CONV--ZED-RGB.mp4,80,SENTADO EM-PÉ,SENTADO EM-PÉ
23-05-2024_14-45-43_p0035_s164_b3_CONV--ZED-RGB.mpeg,164,DEITAR CALMA PIOR,DEITAR CALMA PIOR
29-04-2024_16-51-23_p0024_s47_b1_CONV--ZED-RGB.mpeg,47,XIXI SENTIR IGUAL QUENTE,XIXI SENTIR IGUAL QUENTE
18-06-2024_16-29-49_p0028_s232_b4_CONV--ZED-RGB.mpeg,232,ANSIEDADE,ANSIEDADE
11-06-2024_14-02-20_p0035_s97_b2_CONV--ZED-RGB.mpeg,97,DOR LADOS-BARRIGA,DOR LADOS-BARRIGA
22-04-2024_09-20-21_p0025_s170.10_b3_CONV--ZED-RGB.mpeg,170.10,10,10
22-02-2024_11-45-42_p0017_s245_b4_CONV--zed-rgb.mpeg,245,ÁCARO ALERGIA,ÁCARO ALERGIA
12-06-2024_17-10-03_p0038_sP21.2_b3_CONV--ZED-RGB.mpeg,P21.2,USAR REMÉDIO,USAR REMÉDIO
11-03-2024_15-38-41_p0020_s170.3_b3_CONV--zed-rgb.mpeg,170.3,3,3
23-05-2024_14-48-41_p0035_sP09.7_b3_CONV--ZED-RGB.mpeg,P9.7,TOMAR-REMÉDIO AJUDAR CURAR PEITO DOR O-U FALTAR A-R ENTÃO,TOMAR-REMÉDIO AJUDAR CURAR PEITO DOR O-U FALTAR A-R ENTÃO
11-03-2024_16-15-40_p0020_s207_b3_CONV--zed-rgb.mpeg,207,NÃO VACINAR GRIPE,NÃO VACINAR GRIPE
29-04-2024_16-48-18_p0024_s39_b1_CONV--ZED-RGB.mpeg,39,MORDER,MORDER
20-05-2024_11-21-25_p0034_s5_b1_CONV--ZED-RGB.mpeg,5,CABEÇA DOR,CABEÇA DOR
12-03-2024_14-40-19_p0022_s59_b1_CONV--zed-rgb.mpeg,59,TRAUMA,TRAUMA
23-05-2024_15-15-48_p0035_s196_b3_CONV--ZED-RGB.mpeg,196,TOSSE CATARRO COLA,TOSSE CATARRO COLA
03-04-2024_16-15-05_p0023_s283_b4_CONV--ZED-RGB.mpeg,283,UM COPO UMA-VEZ SEMANA,UM COPO UMA-VEZ SEMANA
20-05-2024_12-24-53_p0034_s257_b4_CONV--ZED-RGB.mpeg,257,ALERGIA REMÉDIO NÃO-TER,ALERGIA REMÉDIO NÃO-TER
22-01-2024_16-40-24_p9_s170.5--zed-rgb.mpeg,170.5,5,5
29-04-2024_12-05-40_p0029_s156_b2_CONV--ZED-RGB.mpeg,156,NÃO-ENTENDER,NÃO-ENTENDER
19-06-2024_16-30-15_p0023_s29_b1_CONV--ZED-RGB.mpeg,29,INCHAR,INCHAR
26-03-2024_15-14-01_p0022_s170.2_b3_CONV--ZED-RGB.mpeg,170.2,2,2
17-07-2024_14-33-33_p0041_s128_b2_CONV--ZED-RGB.mpeg,128,LOCAIS BARULHO,LOCAIS BARULHO
28-06-2024_14-13-31_p0035_s20_b1_CONV--ZED-RGB.mpeg,20,TONTURA CAIR-PESSOA,TONTURA CAIR-PESSOA
18-06-2024_16-11-21_p0028_s216_b4_CONV--ZED-RGB.mpeg,216,FEZES-LÍQUIDAS-EXPLODIR,FEZES-LÍQUIDAS-EXPLODIR
06-05-2024_15-31-57_p0032_s235_b4_CONV--ZED-RGB.mpeg,235,OBESIDADE,OBESIDADE
26-04-2024_15-01-58_p0028_s61_b1_CONV--ZED-RGB.mpeg,61,PELE QUEIMAR,PELE QUEIMAR
22-02-2024_14-27-22_p0018_s140_b2_CONV--zed-rgb.mpeg,140,PERNAS MEXER-PERNAS,PERNAS MEXER-PERNAS
22-04-2024_09-29-01_p0025_s183_b3_CONV--ZED-RGB.mpeg,183,DOR ESPALHAR OMBRO,DOR ESPALHAR OMBRO
25-03-2024_16-13-24_p0020_s99_b2_CONV--ZED-RGB.mpeg,99,DOR BAIXO-VENTRE,DOR BAIXO-VENTRE
19-07-2024_15-53-36_p0040_s77_b1_CONV--ZED-RGB.mpeg,77,EXERCÍCIO-FÍSICO,EXERCÍCIO-FÍSICO
26-08-2024_15-18-07_p0019_s10_b1_CONV--ZED-RGB.mp4,10,DOR BARRIGA,DOR BARRIGA
13-03-2024_15-20-56_p0014_s143_b2_CONV--zed-rgb.mpeg,143,DEITAR,DEITAR
27-05-2024_16-04-47_p0032_s205_b3_CONV--ZED-RGB.mpeg,205,TRÊS VACINA,TRÊS VACINA
27-05-2024_16-39-02_p0032_s20_b1_CONV--ZED-RGB.mpeg,20,TONTURA CAIR-PESSOA,TONTURA CAIR-PESSOA
05-06-2024_15-41-56_p0037_s280_b4_CONV--ZED-RGB.mpeg,280,TAÇA TOMAR VINHO UMA-VEZ SEMANA,TAÇA TOMAR VINHO UMA-VEZ SEMANA
11-03-2024_15-45-31_p0020_s178_b3_CONV--zed-rgb.mpeg,178,CINCO ANO,CINCO ANO
09-05-2024_15-11-52_p0033_s148.18_b2_CONV--ZED-RGB.mpeg,148.18,R,R
17-06-2024_15-27-39_p0019_s143_b2_CONV--ZED-RGB.mpeg,143,DEITAR,DEITAR
23-04-2024_11-31-21_p0024_s246_b4_CONV--ZED-RGB.mpeg,246,F-U-N-G-O-S SINAL FUNGO,F-U-N-G-O-S SINAL FUNGO
30-04-2024_13-44-29_p0024_s148.4_b2_CONV--ZED-RGB.mpeg,148.4,D,D
28-06-2024_15-26-31_p0035_s248_b4_CONV--ZED-RGB.mpeg,248,ALERGIA CACHORRO,ALERGIA CACHORRO
08-05-2024_15-47-48_p0033_s180_b3_CONV--ZED-RGB.mpeg,180,NUCA DOR ESPALHAR,NUCA DOR ESPALHAR
10-05-2024_09-37-11_p0030_s216_b4_CONV--ZED-RGB.mpeg,216,FEZES-LÍQUIDAS-EXPLODIR,FEZES-LÍQUIDAS-EXPLODIR
10-05-2024_08-41-30_p0030_s173_b3_CONV--ZED-RGB.mpeg,173,SEMPRE SEMPRE,SEMPRE SEMPRE
26-04-2024_14-54-05_p0028_s46_b1_CONV--ZED-RGB.mpeg,46,PROBLEMA OUVIDOS,PROBLEMA OUVIDOS
13-03-2024_16-04-32_p0014_s255_b4_CONV--zed-rgb.mpeg,255,ALERGIA CATEGORIA T-R-I-G-O FARINHA,ALERGIA CATEGORIA T-R-I-G-O FARINHA
18-04-2024_10-19-22_p0025_s30_b1_CONV--ZED-RGB.mpeg,30,FERIR PELE,FERIR PELE
10-05-2024_08-44-09_p0030_s175_b3_CONV--ZED-RGB.mpeg,175,DOIS SEMANA,DOIS SEMANA
19-06-2024_10-11-45_p0036_s48_b1_CONV--ZED-RGB.mpeg,48,XIXI VAZAR,XIXI VAZAR
20-03-2024_15-04-48_p0015_s171_b3_CONV--ZED-RGB.mpeg,171,UMA-VEZ,UMA-VEZ
26-02-2024_16-15-01_p0019_s271_b4_CONV--zed-rgb.mpeg,271,CHAMPANHE,CHAMPANHE
07-05-2024_15-09-09_p0027_s50_b1_CONV--ZED-RGB.mpeg,50,TODA-HORA URINAR,TODA-HORA URINAR
17-06-2024_15-59-30_p0019_s151_b2_CONV--ZED-RGB.mpeg,151,OBRIGADO,OBRIGADO
24-05-2024_18-39-59_p0031_s104_b2_CONV--ZED-RGB.mpeg,104,DOR PERNA-DIREITA PERNA-ESQUERDA,DOR PERNA-DIREITA PERNA-ESQUERDA
18-06-2024_15-18-35_p0028_s125_b2_CONV--ZED-RGB.mpeg,125,COMER CATEGORIA ÁCIDO MAIS APIMENTADO,COMER CATEGORIA ÁCIDO MAIS APIMENTADO
11-03-2024_15-44-35_p0020_s175_b3_CONV--zed-rgb.mpeg,175,DOIS SEMANA,DOIS SEMANA
22-02-2024_15-30-16_p0014_s170.5_b3_CONV--zed-rgb.mpeg,170.5,5,5
07-05-2024_14-11-21_p0027_s218_b4_CONV--ZED-RGB.mpeg,218,FEZES-LÍQUIDAS ESCURO,FEZES-LÍQUIDAS ESCURO
28-06-2024_14-35-32_p0035_s69_b1_CONV--ZED-RGB.mpeg,69,30 MINUTO,30 MINUTO
13-03-2024_16-01-25_p0014_s249_b4_CONV--zed-rgb.mpeg,249,ALERGIA GATO,ALERGIA GATO
17-07-2024_14-46-33_p0041_s148.3_b2_CONV--ZED-RGB.mpeg,148.3,C,C
09-05-2024_14-17-31_p0033_sP06.1_b2_CONV--ZED-RGB.mpeg,P6.1,ONDE DOR,ONDE DOR
17-07-2024_14-38-48_p0041_s140_b2_CONV--ZED-RGB.mpeg,140,PERNAS MEXER-PERNAS,PERNAS MEXER-PERNAS
22-02-2024_10-55-43_p0017_s170.6_b3_CONV--zed-rgb.mpeg,170.6,6,6
15-05-2024_16-11-14_p0032_s138_b2_CONV--ZED-RGB.mpeg,138,APERTAR,APERTAR
27-03-2024_16-15-04_p0015_s39_b1_CONV--ZED-RGB.mpeg,39,MORDER,MORDER
29-02-2024_13-43-10_p0010_s14_b1_CONV--zed-rgb.mpeg,14,DOR PERNA ATRÁS,DOR PERNA ATRÁS
25-03-2024_16-15-45_p0020_sP06.2_b2_CONV--ZED-RGB.mpeg,P6.2,COMO DOR,COMO DOR
28-02-2024_16-27-28_p0011_s113_b2_CONV--zed-rgb.mpeg,113,DOR PONTADA,DOR PONTADA
26-03-2024_16-19-02_p0022_s239_b4_CONV--ZED-RGB.mpeg,239,VÍCIO BEBER ÁLCOOL,VÍCIO BEBER ÁLCOOL
27-05-2024_16-39-27_p0032_s21_b1_CONV--ZED-RGB.mpeg,21,EVACUAR-ESPALHAR,EVACUAR-ESPALHAR
23-05-2024_15-00-29_p0035_sP11.3_b3_CONV--ZED-RGB.mpeg,P11.3,NO-DECORRER-DO-TEMPO SENTIR DOR NO-TOTAL QUANTOS,NO-DECORRER-DO-TEMPO SENTIR DOR NO-TOTAL QUANTOS
16-04-2024_10-45-08_p0025_s256_b4_CONV--ZED-RGB.mpeg,256,ALERGIA AMENDOIM,ALERGIA AMENDOIM
24-07-2024_14-26-10_p0041_s47_b1_CONV--ZED-RGB.mpeg,47,XIXI SENTIR IGUAL QUENTE,XIXI SENTIR IGUAL QUENTE
20-05-2024_15-38-28_p0023_sP06.6_b2_CONV--ZED-RGB.mpeg,P6.6,DOR IGUAL SENTIR CHOQUE,DOR IGUAL SENTIR CHOQUE
16-07-2024_16-57-49_p0039_s278_b4_CONV--ZED-RGB.mpeg,278,UMA-DOSE TOMAR TODO-DIA,UMA-DOSE TOMAR TODO-DIA
25-03-2024_16-42-47_p0020_s148.24_b2_CONV--ZED-RGB.mpeg,148.24,X,X
19-06-2024_16-52-05_p0023_s80_b1_CONV--ZED-RGB.mpeg,80,SENTADO EM-PÉ,SENTADO EM-PÉ
20-05-2024_11-36-19_p0034_s37_b1_CONV--ZED-RGB.mpeg,37,VERMELHO SANGUE DOCE BAIXO-ALTO,VERMELHO SANGUE DOCE BAIXO-ALTO
19-07-2024_15-50-08_p0040_s71_b1_CONV--ZED-RGB.mpeg,71,2-HORA,2-HORA
03-05-2024_14-03-42_p0027_s92_b2_CONV--ZED-RGB.mpeg,92,DOR TESTA,DOR TESTA
26-03-2024_15-40-00_p0022_sP15.2_b3_CONV--ZED-RGB.mpeg,P15.2,TOSSE COMO,TOSSE COMO
15-05-2024_15-23-57_p0032_s88_b2_CONV--ZED-RGB.mpeg,88,NÃO,NÃO
18-06-2024_15-22-08_p0028_s132_b2_CONV--ZED-RGB.mpeg,132,NARIZ ESPIRRAR,NARIZ ESPIRRAR
27-05-2024_16-55-47_p0032_s59_b1_CONV--ZED-RGB.mpeg,59,TRAUMA,TRAUMA
07-05-2024_14-43-39_p0027_s283_b4_CONV--ZED-RGB.mpeg,283,UM COPO UMA-VEZ SEMANA,UM COPO UMA-VEZ SEMANA
26-04-2024_14-40-14_p0028_s23_b1_CONV--ZED-RGB.mpeg,23,TONTURA-ENJOO,TONTURA-ENJOO
29-04-2024_12-04-49_p0029_s153_b2_CONV--ZED-RGB.mpeg,153,REPETIR POR-FAVOR,REPETIR POR-FAVOR
15-05-2024_15-36-20_p0032_s107_b2_CONV--ZED-RGB.mpeg,107,DOR PROFUNDO,DOR PROFUNDO
08-04-2024_16-00-34_p0021_s146_b2_CONV--ZED-RGB.mpeg,146,REMÉDIO,REMÉDIO
08-06-2024_10-22-42_p0031_s11_b1_CONV--ZED-RGB.mpeg,11,DOR GARGANTA,DOR GARGANTA
13-03-2024_15-01-21_p0014_sP06.2_b2_CONV--zed-rgb.mpeg,P6.2,COMO DOR,COMO DOR
19-06-2024_16-21-00_p0023_s10_b1_CONV--ZED-RGB.mpeg,10,DOR BARRIGA,DOR BARRIGA
26-03-2024_15-42-48_p0022_s198_b3_CONV--ZED-RGB.mpeg,198,CATARRO COLA BRANCO,CATARRO COLA BRANCO
05-03-2024_10-43-08_p0014_s66_b1_CONV--zed-rgb.mpeg,66,VAGINA VERMELHO SANGRAR,VAGINA VERMELHO SANGRAR
20-05-2024_15-20-33_p0023_s97_b2_CONV--ZED-RGB.mpeg,97,DOR LADOS-BARRIGA,DOR LADOS-BARRIGA
22-04-2024_09-23-50_p0025_s175_b3_CONV--ZED-RGB.mpeg,175,DOIS SEMANA,DOIS SEMANA
23-05-2024_15-16-54_p0035_s198_b3_CONV--ZED-RGB.mpeg,198,CATARRO COLA BRANCO,CATARRO COLA BRANCO
10-05-2024_16-46-10_p0033_s60_b1_CONV--ZED-RGB.mpeg,60,AGREDIR,AGREDIR
17-06-2024_15-19-09_p0019_s129_b2_CONV--ZED-RGB.mpeg,129,LOCAIS LUZ-FORTE,LOCAIS LUZ-FORTE
22-02-2024_15-39-56_p0014_s184_b3_CONV--zed-rgb.mpeg,184,DOR BRAÇO-ESPALHAR,DOR BRAÇO-ESPALHAR
22-02-2024_15-49-47_p0014_sP17.1_b3_CONV--zed-rgb.mpeg,P17.1,VOCÊ JÁ VACINAR COVID-19,VOCÊ JÁ VACINAR COVID-19
22-01-2024_16-39-24_p9_s170.0--zed-rgb.mpeg,170.0,0,0
29-04-2024_15-18-30_p0024_s161_b3_CONV--ZED-RGB.mpeg,161,PLANO ANDAR FÍSICO PIOR NÃO,PLANO ANDAR FÍSICO PIOR NÃO
19-07-2024_15-50-28_p0040_s72_b1_CONV--ZED-RGB.mpeg,72,2-MÊS,2-MÊS
08-05-2024_10-05-27_p0030_s155_b2_CONV--ZED-RGB.mpeg,155,PARAR,PARAR
20-03-2024_15-21-43_p0015_s195_b3_CONV--ZED-RGB.mpeg,195,CATARRO COLA NENHUM,CATARRO COLA NENHUM
24-05-2024_19-10-52_p0031_s148.17_b2_CONV--ZED-RGB.mpeg,148.17,Q,Q
30-04-2024_13-47-06_p0024_s148.13_b2_CONV--ZED-RGB.mpeg,148.13,M,M
19-07-2024_14-22-27_p0040_s141_b2_CONV--ZED-RGB.mpeg,141,MEXER-PESCOÇO,MEXER-PESCOÇO
16-05-2024_14-46-53_p0034_s123_b2_CONV--ZED-RGB.mpeg,123,ZUMBIDO OUVIDO,ZUMBIDO OUVIDO
26-08-2024_15-35-15_p0019_s50_b1_CONV--ZED-RGB.mp4,50,TODA-HORA URINAR,TODA-HORA URINAR
26-04-2024_14-36-51_p0028_s15_b1_CONV--ZED-RGB.mpeg,15,DOR PÉ P-E,DOR PÉ P-E
03-05-2024_08-50-48_p0030_s61_b1_CONV--ZED-RGB.mpeg,61,PELE QUEIMAR,PELE QUEIMAR
02-05-2024_16-03-18_p0026_s256_b4_CONV--ZED-RGB.mpeg,256,ALERGIA AMENDOIM,ALERGIA AMENDOIM
13-03-2024_16-13-33_p0014_s271_b4_CONV--zed-rgb.mpeg,271,CHAMPANHE,CHAMPANHE
10-05-2024_10-08-29_p0030_s281_b4_CONV--ZED-RGB.mpeg,281,TAÇA TOMAR VINHO TODO-DIA,TAÇA TOMAR VINHO TODO-DIA
11-06-2024_14-26-24_p0035_s133_b2_CONV--ZED-RGB.mpeg,133,MASTIGAR,MASTIGAR
28-02-2024_16-16-41_p0011_s97_b2_CONV--zed-rgb.mpeg,97,DOR LADOS-BARRIGA,DOR LADOS-BARRIGA
09-05-2024_14-18-52_p0033_s90_b2_CONV--ZED-RGB.mpeg,90,DOR OUVIDO,DOR OUVIDO
22-02-2024_11-10-17_p0017_sP15.1_b3_CONV--zed-rgb.mpeg,P15.1,TER TOSSE,TER TOSSE
16-04-2024_10-36-24_p0025_s237_b4_CONV--ZED-RGB.mpeg,237,RINS FRACO,RINS FRACO
25-03-2024_16-16-39_p0020_s108_b2_CONV--ZED-RGB.mpeg,108,DOR LEVE,DOR LEVE
08-06-2024_10-51-27_p0031_s78_b1_CONV--ZED-RGB.mpeg,78,CALADO DEITADO,CALADO DEITADO
29-02-2024_13-59-36_p0010_s33_b1_CONV--zed-rgb.mpeg,33,COÇAR,COÇAR
02-05-2024_16-02-09_p0026_s253_b4_CONV--ZED-RGB.mpeg,253,ALERGIA O-V-O OVO,ALERGIA O-V-O OVO
30-04-2024_13-29-50_p0024_s125_b2_CONV--ZED-RGB.mpeg,125,COMER CATEGORIA ÁCIDO MAIS APIMENTADO,COMER CATEGORIA ÁCIDO MAIS APIMENTADO
25-03-2024_15-26-55_p0020_s210_b4_CONV--ZED-RGB.mpeg,210,MOLE,MOLE
08-05-2024_09-40-59_p0030_s111_b2_CONV--ZED-RGB.mpeg,111,DOR PESO,DOR PESO
07-03-2024_13-44-34_p0010_s91_b2_CONV--zed-rgb.mpeg,91,DOR LADO-CABEÇA LADO-CABEÇA,DOR LADO-CABEÇA LADO-CABEÇA
18-03-2024_11-19-41_p0013_s226_b4_CONV--ZED-RGB.mpeg,226,PRESSÃO ALTO,PRESSÃO ALTO
03-05-2024_19-00-35_p0031_s201_b3_CONV--ZED-RGB.mpeg,201,CATARRO COLA VERMELHO,CATARRO COLA VERMELHO
27-03-2024_15-23-38_p0015_sP08.1_b2_CONV--ZED-RGB.mpeg,P8.1,S-I FAZER COISAS SENTIR DOR PIORAR,S-I FAZER COISAS SENTIR DOR PIORAR
29-04-2024_15-37-18_p0024_s172_b3_CONV--ZED-RGB.mpeg,172,VÁRIAS-VEZES,VÁRIAS-VEZES
27-05-2024_15-53-07_p0032_s193_b3_CONV--ZED-RGB.mpeg,193,FICAR-EM-PÉ SENTAR DEITAR DOR PIORAR NÃO,FICAR-EM-PÉ SENTAR DEITAR DOR PIORAR NÃO
23-04-2024_11-45-55_p0024_s270_b4_CONV--ZED-RGB.mpeg,270,G-I-N,G-I-N
20-05-2024_12-34-56_p0034_s273_b4_CONV--ZED-RGB.mpeg,273,UM LATA UMA-VEZ SEMANA,UM LATA UMA-VEZ SEMANA
08-05-2024_09-28-28_p0030_s84_b2_CONV--ZED-RGB.mpeg,84,TRÊS-DIAS,TRÊS-DIAS
10-05-2024_09-05-20_p0030_s201_b3_CONV--ZED-RGB.mpeg,201,CATARRO COLA VERMELHO,CATARRO COLA VERMELHO
18-04-2024_15-29-28_p0026_s107_b2_CONV--ZED-RGB.mpeg,107,DOR PROFUNDO,DOR PROFUNDO
30-01-2024_15-03-17_p12_s148.13--zed-rgb.mpeg,148.13,M,M
29-02-2024_13-53-25_p0010_s29_b1_CONV--zed-rgb.mpeg,29,INCHAR,INCHAR
29-02-2024_14-13-24_p0010_s65_b1_CONV--zed-rgb.mpeg,65,NASCER VIVO,NASCER VIVO
07-05-2024_15-03-49_p0027_s34_b1_CONV--ZED-RGB.mpeg,34,FEBRE,FEBRE
15-05-2024_15-35-48_p0032_s106_b2_CONV--ZED-RGB.mpeg,106,DOR PULSAR,DOR PULSAR
25-03-2024_15-42-47_p0020_s245_b4_CONV--ZED-RGB.mpeg,245,ÁCARO ALERGIA,ÁCARO ALERGIA
30-01-2024_14-55-14_p12_s143--zed-rgb.mpeg,143,DEITAR,DEITAR
12-06-2024_16-59-56_p0038_s199_b3_CONV--ZED-RGB.mpeg,199,CATARRO COLA AMARELO,CATARRO COLA AMARELO
22-02-2024_14-04-29_p0018_s91_b2_CONV--zed-rgb.mpeg,91,DOR LADO-CABEÇA LADO-CABEÇA,DOR LADO-CABEÇA LADO-CABEÇA
08-05-2024_16-04-56_p0033_s191_b3_CONV--ZED-RGB.mpeg,191,MOMENTO APERTAR-BRAÇO DOR PIORAR NÃO,MOMENTO APERTAR-BRAÇO DOR PIORAR NÃO
20-05-2024_12-04-43_p0034_s218_b4_CONV--ZED-RGB.mpeg,218,FEZES-LÍQUIDAS ESCURO,FEZES-LÍQUIDAS ESCURO
03-05-2024_14-08-56_p0027_s110_b2_CONV--ZED-RGB.mpeg,110,DOR APERTAR,DOR APERTAR
16-04-2024_10-25-30_p0025_s220_b4_CONV--ZED-RGB.mpeg,220,TER M-U-C-O COLA,TER M-U-C-O COLA
26-02-2024_16-21-08_p0019_s281_b4_CONV--zed-rgb.mpeg,281,TAÇA TOMAR VINHO TODO-DIA,TAÇA TOMAR VINHO TODO-DIA
08-06-2024_10-31-10_p0031_s36_b1_CONV--ZED-RGB.mpeg,36,SUAR SUAR SUAR,SUAR SUAR SUAR
03-05-2024_08-31-44_p0030_s14_b1_CONV--ZED-RGB.mpeg,14,DOR PERNA ATRÁS,DOR PERNA ATRÁS
19-03-2024_15-01-09_p0022_s95_b2_CONV--ZED-RGB.mpeg,95,DOR OLHOS,DOR OLHOS
22-04-2024_09-21-26_p0025_s171_b3_CONV--ZED-RGB.mpeg,171,UMA-VEZ,UMA-VEZ
28-06-2024_14-09-03_p0035_s8_b1_CONV--ZED-RGB.mpeg,8,DOR COSTAS,DOR COSTAS
03-04-2024_16-02-26_p0023_s259_b4_CONV--ZED-RGB.mpeg,259,TER FUMAR SIM,TER FUMAR SIM
16-04-2024_10-43-19_p0025_s252_b4_CONV--ZED-RGB.mpeg,252,ALERGIA LEITE,ALERGIA LEITE
25-03-2024_15-57-23_p0020_s273_b4_CONV--ZED-RGB.mpeg,273,UM LATA UMA-VEZ SEMANA,UM LATA UMA-VEZ SEMANA
17-06-2024_15-39-26_p0019_s148.25_b2_CONV--ZED-RGB.mpeg,148.25,Y,Y
17-06-2024_15-14-22_p0019_s120_b2_CONV--ZED-RGB.mpeg,120,VER DOBRADO,VER DOBRADO
16-04-2024_10-51-05_p0025_s262_b4_CONV--ZED-RGB.mpeg,262,DOIS ANO,DOIS ANO
30-04-2024_13-09-52_p0024_s96_b2_CONV--ZED-RGB.mpeg,96,DOR MEIO-BARRIGA,DOR MEIO-BARRIGA
26-04-2024_15-09-27_p0028_s73_b1_CONV--ZED-RGB.mpeg,73,COMER,COMER
20-05-2024_12-17-18_p0034_s245_b4_CONV--ZED-RGB.mpeg,245,ÁCARO ALERGIA,ÁCARO ALERGIA
30-04-2024_13-43-55_p0024_s148.2_b2_CONV--ZED-RGB.mpeg,148.2,B,B
22-02-2024_11-56-28_p0017_s274_b4_CONV--zed-rgb.mpeg,274,DOIS LATAS DUAS-VEZES SEMANA,DOIS LATAS DUAS-VEZES SEMANA
22-02-2024_11-52-52_p0017_s263_b4_CONV--zed-rgb.mpeg,263,DEZ ANO,DEZ ANO
29-04-2024_12-01-22_p0029_s148.19_b2_CONV--ZED-RGB.mpeg,148.19,S,S
13-05-2024_15-50-27_p0028_s170.0_b3_CONV--ZED-RGB.mpeg,170.0,0,0
25-03-2024_16-41-16_p0020_s148.18_b2_CONV--ZED-RGB.mpeg,148.18,R,R
08-04-2024_15-30-50_p0021_s93_b2_CONV--ZED-RGB.mpeg,93,DOR NUCA,DOR NUCA
18-04-2024_15-22-47_p0026_s87_b2_CONV--ZED-RGB.mpeg,87,SIM,SIM
19-07-2024_15-39-09_p0040_s51_b1_CONV--ZED-RGB.mpeg,51,XIXI ESCURO,XIXI ESCURO
17-07-2024_14-53-25_p0041_s148.22_b2_CONV--ZED-RGB.mpeg,148.22,V,V
20-05-2024_12-39-48_p0034_s282_b4_CONV--ZED-RGB.mpeg,282,UM COPO CHEIO TODO-DIA,UM COPO CHEIO TODO-DIA
20-05-2024_15-40-51_p0023_s119_b2_CONV--ZED-RGB.mpeg,119,SENTIR MAL,SENTIR MAL
30-01-2024_15-07-36_p12_s148.23--zed-rgb.mpeg,148.23,W,W
19-06-2024_16-16-45_p0023_s2_b1_CONV--ZED-RGB.mpeg,2,CONFUSÃO,CONFUSÃO
16-07-2024_16-42-15_p0039_s258_b4_CONV--ZED-RGB.mpeg,258,ALERGIA NENHUM,ALERGIA NENHUM
10-05-2024_09-14-54_p0030_s243_b3_CONV--ZED-RGB.mpeg,243,NÃO TRAZER RECEITA REMÉDIO NENHUM,NÃO TRAZER RECEITA REMÉDIO NENHUM
17-06-2024_14-54-51_p0019_s93_b2_CONV--ZED-RGB.mpeg,93,DOR NUCA,DOR NUCA
11-06-2024_14-33-26_p0035_s147_b2_CONV--ZED-RGB.mpeg,147,JEJUM,JEJUM
26-03-2024_15-43-44_p0022_s200_b3_CONV--ZED-RGB.mpeg,200,CATARRO COLA VERDE,CATARRO COLA VERDE
11-05-2024_09-29-18_p0034_sP09.5_b3_CONV--ZED-RGB.mpeg,P9.5,DEITAR CALMA PIOR,DEITAR CALMA PIOR
09-05-2024_15-12-42_p0033_s148.20_b2_CONV--ZED-RGB.mpeg,148.20,T,T
19-03-2024_15-15-54_p0022_sP07_b2_CONV--ZED-RGB.mpeg,P7,SENTIR JUNTO ITENS MAIS TER,SENTIR JUNTO ITENS MAIS TER
24-07-2024_15-24-22_p0041_s268_b4_CONV--ZED-RGB.mpeg,268,UÍSQUE,UÍSQUE
24-04-2024_15-47-44_p0027_s181_b3_CONV--ZED-RGB.mpeg,181,PESCOÇO DOR ESPALHAR,PESCOÇO DOR ESPALHAR
26-08-2024_15-37-03_p0019_s54_b1_CONV--ZED-RGB.mp4,54,VERMELHO SANGRAR-BOCA,VERMELHO SANGRAR-BOCA
30-01-2024_15-03-30_p12_s148.14--zed-rgb.mpeg,148.14,N,N
29-04-2024_16-06-06_p0024_s204_b3_CONV--ZED-RGB.mpeg,204,DOIS VACINA,DOIS VACINA
26-03-2024_16-06-12_p0022_s212_b4_CONV--ZED-RGB.mpeg,212,FEZES-LÍQUIDAS,FEZES-LÍQUIDAS
22-02-2024_13-18-54_p0018_s2_b1_CONV--zed-rgb.mpeg,2,CONFUSÃO,CONFUSÃO
07-03-2024_14-01-32_p0010_s130_b2_CONV--zed-rgb.mpeg,130,CORPO ESFORÇAR,CORPO ESFORÇAR
23-05-2024_15-25-20_p0035_sP21.2_b3_CONV--ZED-RGB.mpeg,P21.2,USAR REMÉDIO,USAR REMÉDIO
06-05-2024_16-00-54_p0032_s266_b4_CONV--ZED-RGB.mpeg,266,DOSE ÁLCOOL,DOSE ÁLCOOL
13-03-2024_15-54-59_p0014_s231_b4_CONV--zed-rgb.mpeg,231,DEPRESSÃO,DEPRESSÃO
19-06-2024_09-59-07_p0036_s22_b1_CONV--ZED-RGB.mpeg,22,EVACUAR MOLE VERMELHO,EVACUAR MOLE VERMELHO
12-03-2024_14-12-31_p0022_s1_b1_CONV--zed-rgb.mpeg,1,CONFUSÃO-MENTAL PERCEPÇÃO ESQUECER,CONFUSÃO-MENTAL PERCEPÇÃO ESQUECER
20-05-2024_15-19-46_p0023_s95_b2_CONV--ZED-RGB.mpeg,95,DOR OLHOS,DOR OLHOS
22-02-2024_13-21-04_p0018_s11_b1_CONV--zed-rgb.mpeg,11,DOR GARGANTA,DOR GARGANTA
03-04-2024_16-07-19_p0023_s267_b4_CONV--ZED-RGB.mpeg,267,VODCA,VODCA
18-04-2024_15-40-25_p0026_s137_b2_CONV--ZED-RGB.mpeg,137,ESTRESSE,ESTRESSE
03-05-2024_19-04-02_p0031_sP17.3_b3_CONV--ZED-RGB.mpeg,P17.3,VOCÊ JÁ VACINAR GRIPE,VOCÊ JÁ VACINAR GRIPE
08-06-2024_10-44-02_p0031_s62_b1_CONV--ZED-RGB.mpeg,62,MATERIAL GRUPO CORTAR TAMBÉM OBJETO-FINO-LONGO FINCAR,MATERIAL GRUPO CORTAR TAMBÉM OBJETO-FINO-LONGO FINCAR
02-04-2024_15-18-55_p0021_s170.8_b3_CONV--ZED-RGB.mpeg,170.8,8,8
05-06-2024_15-34-54_p0037_s267_b4_CONV--ZED-RGB.mpeg,267,VODCA,VODCA
19-06-2024_16-50-01_p0023_s74_b1_CONV--ZED-RGB.mpeg,74,BEBER,BEBER
22-02-2024_15-31-34_p0014_s170.9_b3_CONV--zed-rgb.mpeg,170.9,9,9
20-05-2024_16-02-50_p0023_s148.4_b2_CONV--ZED-RGB.mpeg,148.4,D,D
16-05-2024_14-57-22_p0034_s135_b2_CONV--ZED-RGB.mpeg,135,ENGOLIR,ENGOLIR
16-04-2024_15-53-00_p0016_sP15.2_b3_CONV--ZED-RGB.mpeg,P15.2,TOSSE COMO,TOSSE COMO
02-05-2024_15-15-37_p0026_sP15.2_b3_CONV--ZED-RGB.mpeg,P15.2,TOSSE COMO,TOSSE COMO
19-03-2024_15-52-29_p0022_s150_b2_CONV--ZED-RGB.mpeg,150,ENTENDER,ENTENDER
28-06-2024_15-07-13_p0035_s212_b4_CONV--ZED-RGB.mpeg,212,FEZES-LÍQUIDAS,FEZES-LÍQUIDAS
23-04-2024_15-33-49_p0026_s74_b1_CONV--ZED-RGB.mpeg,74,BEBER,BEBER
29-04-2024_15-58-15_p0024_s195_b3_CONV--ZED-RGB.mpeg,195,CATARRO COLA NENHUM,CATARRO COLA NENHUM
28-02-2024_16-57-34_p0011_s148.16_b2_CONV--zed-rgb.mpeg,148.16,P,P
12-07-2024_14-56-45_p0040_s170.10_b3_CONV--ZED-RGB.mpeg,170.10,10,10
27-05-2024_15-59-32_p0032_sP15.4_b3_CONV--ZED-RGB.mpeg,P15.4,CATARRO COLA COR QUAL,CATARRO COLA COR QUAL
11-06-2024_14-24-18_p0035_s128_b2_CONV--ZED-RGB.mpeg,128,LOCAIS BARULHO,LOCAIS BARULHO
06-05-2024_15-59-39_p0032_sP24.2_b4_CONV--ZED-RGB.mpeg,P24.2,BEBIDA QUAL,BEBIDA QUAL
29-04-2024_17-02-58_p0024_s70_b1_CONV--ZED-RGB.mpeg,70,1-HORA,1-HORA
18-06-2024_15-25-13_p0028_s134_b2_CONV--ZED-RGB.mpeg,134,MASTIGAR,MASTIGAR
22-02-2024_11-41-21_p0017_s225_b4_CONV--zed-rgb.mpeg,225,ARRITMIA,ARRITMIA
24-07-2024_14-39-01_p0041_s78_b1_CONV--ZED-RGB.mpeg,78,CALADO DEITADO,CALADO DEITADO
18-03-2024_15-27-00_p0020_s29_b1_CONV--ZED-RGB.mpeg,29,INCHAR,INCHAR
24-05-2024_19-05-14_p0031_s148.4_b2_CONV--ZED-RGB.mpeg,148.4,D,D
22-02-2024_11-54-51_p0017_s268_b4_CONV--zed-rgb.mpeg,268,UÍSQUE,UÍSQUE
20-02-2024_16-58-57_p0015_s269_b4_CONV--zed-rgb.mpeg,269,CACHAÇA,CACHAÇA
12-03-2024_14-29-30_p0022_s34_b1_CONV--zed-rgb.mpeg,34,FEBRE,FEBRE
19-03-2024_14-58-58_p0022_s91_b2_CONV--ZED-RGB.mpeg,91,DOR LADO-CABEÇA LADO-CABEÇA,DOR LADO-CABEÇA LADO-CABEÇA
13-03-2024_16-08-58_p0014_s262_b4_CONV--zed-rgb.mpeg,262,DOIS ANO,DOIS ANO
22-04-2024_09-48-10_p0025_sP21.2_b3_CONV--ZED-RGB.mpeg,P21.2,USAR REMÉDIO,USAR REMÉDIO
03-05-2024_08-48-18_p0030_s54_b1_CONV--ZED-RGB.mpeg,54,VERMELHO SANGRAR-BOCA,VERMELHO SANGRAR-BOCA
08-05-2024_16-21-13_p0033_sP17.2_b3_CONV--ZED-RGB.mpeg,P17.2,QUANTOS VACINAR,QUANTOS VACINAR
24-04-2024_15-24-12_p0027_sP09.6_b3_CONV--ZED-RGB.mpeg,P9.6,SUBIR-ESCADA FÍSICO PIOR,SUBIR-ESCADA FÍSICO PIOR
28-02-2024_16-43-37_p0011_s131_b2_CONV--zed-rgb.mpeg,131,PERÍODO MENSTRUAR,PERÍODO MENSTRUAR
19-06-2024_16-42-54_p0023_s60_b1_CONV--ZED-RGB.mpeg,60,AGREDIR,AGREDIR
26-04-2024_15-01-13_p0028_s59_b1_CONV--ZED-RGB.mpeg,59,TRAUMA,TRAUMA
18-03-2024_11-40-50_p0013_s273_b4_CONV--ZED-RGB.mpeg,273,UM LATA UMA-VEZ SEMANA,UM LATA UMA-VEZ SEMANA
29-04-2024_16-24-35_p0024_s1_b1_CONV--ZED-RGB.mpeg,1,CONFUSÃO-MENTAL PERCEPÇÃO ESQUECER,CONFUSÃO-MENTAL PERCEPÇÃO ESQUECER
20-05-2024_11-48-19_p0034_s60_b1_CONV--ZED-RGB.mpeg,60,AGREDIR,AGREDIR
16-05-2024_15-09-26_p0034_s148.16_b2_CONV--ZED-RGB.mpeg,148.16,P,P
29-04-2024_17-05-51_p0024_s77_b1_CONV--ZED-RGB.mpeg,77,EXERCÍCIO-FÍSICO,EXERCÍCIO-FÍSICO
08-04-2024_17-01-14_p0021_s73_b1_CONV--ZED-RGB.mpeg,73,COMER,COMER
02-05-2024_15-22-20_p0026_s204_b3_CONV--ZED-RGB.mpeg,204,DOIS VACINA,DOIS VACINA
19-03-2024_15-46-49_p0022_s148.23_b2_CONV--ZED-RGB.mpeg,148.23,W,W
17-07-2024_14-49-24_p0041_s148.10_b2_CONV--ZED-RGB.mpeg,148.10,J,J
13-03-2024_15-54-37_p0014_s230_b4_CONV--zed-rgb.mpeg,230,DEPRESSÃO,DEPRESSÃO
08-05-2024_16-22-58_p0033_sP17.3_b3_CONV--ZED-RGB.mpeg,P17.3,VOCÊ JÁ VACINAR GRIPE,VOCÊ JÁ VACINAR GRIPE
27-05-2024_15-30-56_p0032_s170.9_b3_CONV--ZED-RGB.mpeg,170.9,9,9
16-07-2024_16-39-46_p0039_s251_b4_CONV--ZED-RGB.mpeg,251,ALERGIA GRUPO BORRACHA,ALERGIA GRUPO BORRACHA
02-05-2024_14-42-23_p0026_s159_b3_CONV--ZED-RGB.mpeg,159,SUBIR-MORRO CORPO PIOR NÃO,SUBIR-MORRO CORPO PIOR NÃO
30-04-2024_13-54-32_p0024_s157_b2_CONV--ZED-RGB.mpeg,157,CONTINUAR,CONTINUAR
29-04-2024_15-33-59_p0024_s170.8_b3_CONV--ZED-RGB.mpeg,170.8,8,8
18-03-2024_15-42-22_p0020_s66_b1_CONV--ZED-RGB.mpeg,66,VAGINA VERMELHO SANGRAR,VAGINA VERMELHO SANGRAR
20-05-2024_11-43-41_p0034_s51_b1_CONV--ZED-RGB.mpeg,51,XIXI ESCURO,XIXI ESCURO
20-05-2024_16-09-32_p0023_s149_b2_CONV--ZED-RGB.mpeg,149,DEVAGAR,DEVAGAR
20-02-2024_16-40-57_p0015_sP22.1_b4_CONV--zed-rgb.mpeg,P22.1,VOCÊ TER ALERGIA ENTÃO,VOCÊ TER ALERGIA ENTÃO
20-05-2024_16-10-19_p0023_s152_b2_CONV--ZED-RGB.mpeg,152,OBRIGADO,OBRIGADO
07-03-2024_14-11-17_p0010_s148.9_b2_CONV--zed-rgb.mpeg,148.9,I,I
23-05-2024_15-24-18_p0035_s241_b3_CONV--ZED-RGB.mpeg,241,TRAZER RECEITA REMÉDIO,TRAZER RECEITA REMÉDIO
20-05-2024_12-39-11_p0034_s281_b4_CONV--ZED-RGB.mpeg,281,TAÇA TOMAR VINHO TODO-DIA,TAÇA TOMAR VINHO TODO-DIA
23-04-2024_15-09-16_p0026_s20_b1_CONV--ZED-RGB.mpeg,20,TONTURA CAIR-PESSOA,TONTURA CAIR-PESSOA
19-06-2024_16-20-30_p0023_s9_b1_CONV--ZED-RGB.mpeg,9,DOR LOMBAR,DOR LOMBAR
02-04-2024_15-48-46_p0021_s200_b3_CONV--ZED-RGB.mpeg,200,CATARRO COLA VERDE,CATARRO COLA VERDE
16-05-2024_15-06-31_p0034_s148.8_b2_CONV--ZED-RGB.mpeg,148.8,H,H
27-03-2024_15-59-46_p0015_s5_b1_CONV--ZED-RGB.mpeg,5,CABEÇA DOR,CABEÇA DOR
18-04-2024_15-51-57_p0026_s148.26_b2_CONV--ZED-RGB.mpeg,148.26,Z,Z
12-03-2024_14-25-40_p0022_s23_b1_CONV--zed-rgb.mpeg,23,TONTURA-ENJOO,TONTURA-ENJOO
29-04-2024_11-40-47_p0029_sP06.4_b2_CONV--ZED-RGB.mpeg,P6.4,DOR IGUAL QUEIMAR,DOR IGUAL QUEIMAR
16-05-2024_14-21-19_p0034_s85_b2_CONV--ZED-RGB.mpeg,85,UM SEMANA,UM SEMANA
05-06-2024_15-14-26_p0037_s232_b4_CONV--ZED-RGB.mpeg,232,ANSIEDADE,ANSIEDADE
22-02-2024_14-33-34_p0018_s148.12_b2_CONV--zed-rgb.mpeg,148.12,L,L
16-04-2024_10-42-11_p0025_s249_b4_CONV--ZED-RGB.mpeg,249,ALERGIA GATO,ALERGIA GATO
30-01-2024_14-46-29_p12_s132--zed-rgb.mpeg,132,NARIZ ESPIRRAR,NARIZ ESPIRRAR
26-03-2024_16-13-20_p0022_s225_b4_CONV--ZED-RGB.mpeg,225,ARRITMIA,ARRITMIA
08-04-2024_17-00-29_p0021_s72_b1_CONV--ZED-RGB.mpeg,72,2-MÊS,2-MÊS
30-01-2024_14-45-30_p12_s128--zed-rgb.mpeg,128,LOCAIS BARULHO,LOCAIS BARULHO
03-05-2024_08-49-06_p0030_s56_b1_CONV--ZED-RGB.mpeg,56,VERMELHO FEZES,VERMELHO FEZES
19-06-2024_16-39-40_p0023_s51_b1_CONV--ZED-RGB.mpeg,51,XIXI ESCURO,XIXI ESCURO
08-05-2024_15-31-26_p0033_s170.6_b3_CONV--ZED-RGB.mpeg,170.6,6,6
26-03-2024_15-21-17_p0022_s177_b3_CONV--ZED-RGB.mpeg,177,UM ANO,UM ANO
05-06-2024_15-16-27_p0037_s237_b4_CONV--ZED-RGB.mpeg,237,RINS FRACO,RINS FRACO
19-06-2024_16-50-19_p0023_s75_b1_CONV--ZED-RGB.mpeg,75,TOSSIR,TOSSIR
24-05-2024_19-08-29_p0031_s148.9_b2_CONV--ZED-RGB.mpeg,148.9,I,I
16-05-2024_14-40-29_p0034_sP06.5_b2_CONV--ZED-RGB.mpeg,P6.5,DOR IGUAL FINCADA,DOR IGUAL FINCADA
10-05-2024_16-46-44_p0033_s62_b1_CONV--ZED-RGB.mpeg,62,MATERIAL GRUPO CORTAR TAMBÉM OBJETO-FINO-LONGO FINCAR,MATERIAL GRUPO CORTAR TAMBÉM OBJETO-FINO-LONGO FINCAR
19-06-2024_16-21-43_p0023_s12_b1_CONV--ZED-RGB.mpeg,12,DOR BRAÇO,DOR BRAÇO
31-01-2024_14-35-48_p13_s158--zed-rgb.mpeg,158,SUBIR-MORRO FÍSICO PIOR,SUBIR-MORRO FÍSICO PIOR
19-03-2024_15-19-56_p0022_s123_b2_CONV--ZED-RGB.mpeg,123,ZUMBIDO OUVIDO,ZUMBIDO OUVIDO
19-06-2024_09-55-41_p0036_s15_b1_CONV--ZED-RGB.mpeg,15,DOR PÉ P-E,DOR PÉ P-E
08-05-2024_15-14-10_p0033_sP09.3_b3_CONV--ZED-RGB.mpeg,P9.3,PLANO ANDAR FÍSICO PIOR,PLANO ANDAR FÍSICO PIOR
30-01-2024_11-15-30_p11_s46--zed-rgb.mpeg,46,PROBLEMA OUVIDOS,PROBLEMA OUVIDOS
25-03-2024_16-14-41_p0020_s103_b2_CONV--ZED-RGB.mpeg,103,DOR JOELHO-DIREITO JOELHO-ESQUERDO,DOR JOELHO-DIREITO JOELHO-ESQUERDO
19-07-2024_14-26-12_p0040_s147_b2_CONV--ZED-RGB.mpeg,147,JEJUM,JEJUM
26-08-2024_15-14-31_p0019_s1_b1_CONV--ZED-RGB.mp4,1,CONFUSÃO-MENTAL PERCEPÇÃO ESQUECER,CONFUSÃO-MENTAL PERCEPÇÃO ESQUECER
16-07-2024_16-28-51_p0039_s226_b4_CONV--ZED-RGB.mpeg,226,PRESSÃO ALTO,PRESSÃO ALTO
07-03-2024_14-12-23_p0010_s148.14_b2_CONV--zed-rgb.mpeg,148.14,N,N
23-04-2024_11-29-57_p0024_s240_b4_CONV--ZED-RGB.mpeg,240,VÍCIO FUMAR,VÍCIO FUMAR
03-05-2024_08-52-23_p0030_s63_b1_CONV--ZED-RGB.mpeg,63,TIRO FURAR-BARRIGA,TIRO FURAR-BARRIGA
08-05-2024_15-24-57_p0033_s169_b3_CONV--ZED-RGB.mpeg,169,REMÉDIO CURAR-NÃO,REMÉDIO CURAR-NÃO
07-05-2024_14-39-23_p0027_s277_b4_CONV--ZED-RGB.mpeg,277,DOIS GARRAFAS DUAS-VEZES SEMANA,DOIS GARRAFAS DUAS-VEZES SEMANA
05-06-2024_10-26-28_p0036_sP24.2_b4_CONV--ZED-RGB.mpeg,P24.2,BEBIDA QUAL,BEBIDA QUAL
26-03-2024_15-41-16_p0022_s195_b3_CONV--ZED-RGB.mpeg,195,CATARRO COLA NENHUM,CATARRO COLA NENHUM
29-04-2024_11-43-31_p0029_s120_b2_CONV--ZED-RGB.mpeg,120,VER DOBRADO,VER DOBRADO
05-06-2024_15-06-05_p0037_s218_b4_CONV--ZED-RGB.mpeg,218,FEZES-LÍQUIDAS ESCURO,FEZES-LÍQUIDAS ESCURO
12-03-2024_10-25-38_p0021_s230_b4_CONV--zed-rgb.mpeg,230,DEPRESSÃO,DEPRESSÃO
23-05-2024_14-48-10_p0035_s167_b3_CONV--ZED-RGB.mpeg,167,SUBIR-ESCADA CORPO PIOR NÃO,SUBIR-ESCADA CORPO PIOR NÃO
25-03-2024_16-20-26_p0020_sP06.3_b2_CONV--ZED-RGB.mpeg,P6.3,DOR IGUAL PESO,DOR IGUAL PESO
09-05-2024_14-50-08_p0033_s130_b2_CONV--ZED-RGB.mpeg,130,CORPO ESFORÇAR,CORPO ESFORÇAR
08-05-2024_16-27-37_p0033_s243_b3_CONV--ZED-RGB.mpeg,243,NÃO TRAZER RECEITA REMÉDIO NENHUM,NÃO TRAZER RECEITA REMÉDIO NENHUM
08-04-2024_16-17-48_p0021_s152_b2_CONV--ZED-RGB.mpeg,152,OBRIGADO,OBRIGADO
02-05-2024_14-56-28_p0026_s170.9_b3_CONV--ZED-RGB.mpeg,170.9,9,9
08-05-2024_10-05-06_p0030_s154_b2_CONV--ZED-RGB.mpeg,154,PARAR,PARAR
18-03-2024_11-50-55_p0013_s283_b4_CONV--ZED-RGB.mpeg,283,UM COPO UMA-VEZ SEMANA,UM COPO UMA-VEZ SEMANA
23-04-2024_11-26-57_p0024_s231_b4_CONV--ZED-RGB.mpeg,231,DEPRESSÃO,DEPRESSÃO
05-06-2024_10-07-40_p0036_s235_b4_CONV--ZED-RGB.mpeg,235,OBESIDADE,OBESIDADE
28-02-2024_16-48-32_p0011_s140_b2_CONV--zed-rgb.mpeg,140,PERNAS MEXER-PERNAS,PERNAS MEXER-PERNAS
29-02-2024_14-16-08_p0010_s70_b1_CONV--zed-rgb.mpeg,70,1-HORA,1-HORA
26-03-2024_16-37-41_p0022_s280_b4_CONV--ZED-RGB.mpeg,280,TAÇA TOMAR VINHO UMA-VEZ SEMANA,TAÇA TOMAR VINHO UMA-VEZ SEMANA
26-04-2024_14-35-40_p0028_s12_b1_CONV--ZED-RGB.mpeg,12,DOR BRAÇO,DOR BRAÇO
10-05-2024_15-36-43_p0033_s256_b4_CONV--ZED-RGB.mpeg,256,ALERGIA AMENDOIM,ALERGIA AMENDOIM
15-05-2024_15-55-01_p0032_s123_b2_CONV--ZED-RGB.mpeg,123,ZUMBIDO OUVIDO,ZUMBIDO OUVIDO
06-05-2024_15-17-30_p0032_s217_b4_CONV--ZED-RGB.mpeg,217,FEZES-LÍQUIDAS BRANCO,FEZES-LÍQUIDAS BRANCO
07-05-2024_14-18-42_p0027_s233_b4_CONV--ZED-RGB.mpeg,233,A-V-C,A-V-C
10-05-2024_09-03-29_p0030_s197_b3_CONV--ZED-RGB.mpeg,197,CATARRO COLA CLARO,CATARRO COLA CLARO
28-02-2024_16-46-20_p0011_s136_b2_CONV--zed-rgb.mpeg,136,ANDAR,ANDAR
26-04-2024_14-39-33_p0028_s21_b1_CONV--ZED-RGB.mpeg,21,EVACUAR-ESPALHAR,EVACUAR-ESPALHAR
18-03-2024_15-31-46_p0020_s45_b1_CONV--ZED-RGB.mpeg,45,PROBLEMA OLHOS,PROBLEMA OLHOS
29-04-2024_12-02-38_p0029_s148.24_b2_CONV--ZED-RGB.mpeg,148.24,X,X
20-05-2024_12-15-00_p0034_s237_b4_CONV--ZED-RGB.mpeg,237,RINS FRACO,RINS FRACO
29-02-2024_14-09-23_p0010_s56_b1_CONV--zed-rgb.mpeg,56,VERMELHO FEZES,VERMELHO FEZES
24-05-2024_18-32-10_p0031_s86_b2_CONV--ZED-RGB.mpeg,86,UM MÊS,UM MÊS
06-05-2024_15-24-34_p0032_sP18.5_b4_CONV--ZED-RGB.mpeg,P18.5,VOCÊ BARRIGA DOR ENTÃO,VOCÊ BARRIGA DOR ENTÃO
27-03-2024_16-10-40_p0015_s32_b1_CONV--ZED-RGB.mpeg,32,MANCHAS-PELE VERMELHO,MANCHAS-PELE VERMELHO
19-07-2024_14-32-56_p0040_s148.15_b2_CONV--ZED-RGB.mpeg,148.15,O,O
22-04-2024_09-40-42_p0025_s200_b3_CONV--ZED-RGB.mpeg,200,CATARRO COLA VERDE,CATARRO COLA VERDE
10-05-2024_15-39-23_p0033_s257_b4_CONV--ZED-RGB.mpeg,257,ALERGIA REMÉDIO NÃO-TER,ALERGIA REMÉDIO NÃO-TER
05-06-2024_15-05-43_p0037_s217_b4_CONV--ZED-RGB.mpeg,217,FEZES-LÍQUIDAS BRANCO,FEZES-LÍQUIDAS BRANCO
01-08-2024_16-44-11_p0042_s188_b3_CONV--ZED-RGB.mpeg,188,DOR PERNAS-ESPALHAR APONTAR-COXA,DOR PERNAS-ESPALHAR APONTAR-COXA
16-07-2024_16-37-24_p0039_s246_b4_CONV--ZED-RGB.mpeg,246,F-U-N-G-O-S SINAL FUNGO,F-U-N-G-O-S SINAL FUNGO
09-05-2024_14-23-39_p0033_s100_b2_CONV--ZED-RGB.mpeg,100,DOR VIRILHA,DOR VIRILHA
16-04-2024_15-55-50_p0016_s199_b3_CONV--ZED-RGB.mpeg,199,CATARRO COLA AMARELO,CATARRO COLA AMARELO
03-05-2024_14-09-10_p0027_s111_b2_CONV--ZED-RGB.mpeg,111,DOR PESO,DOR PESO
10-05-2024_15-25-42_p0033_s231_b4_CONV--ZED-RGB.mpeg,231,DEPRESSÃO,DEPRESSÃO
27-03-2024_15-44-15_p0015_s154_b2_CONV--ZED-RGB.mpeg,154,PARAR,PARAR
26-03-2024_15-48-09_p0022_sP17.4_b3_CONV--ZED-RGB.mpeg,P17.4,VOCÊ TRAZER CARTÃO-DE-VACINA,VOCÊ TRAZER CARTÃO-DE-VACINA
31-01-2024_14-51-56_p13_s170.9--zed-rgb.mpeg,170.9,9,9
05-06-2024_15-39-33_p0037_s277_b4_CONV--ZED-RGB.mpeg,277,DOIS GARRAFAS DUAS-VEZES SEMANA,DOIS GARRAFAS DUAS-VEZES SEMANA
03-05-2024_14-29-23_p0027_s151_b2_CONV--ZED-RGB.mpeg,151,OBRIGADO,OBRIGADO
22-02-2024_15-10-18_p0014_sP09.2_b3_CONV--zed-rgb.mpeg,P9.2,SUBIR-MORRO FÍSICO PIOR,SUBIR-MORRO FÍSICO PIOR
29-04-2024_11-51-27_p0029_s138_b2_CONV--ZED-RGB.mpeg,138,APERTAR,APERTAR
08-06-2024_10-25-49_p0031_s20_b1_CONV--ZED-RGB.mpeg,20,TONTURA CAIR-PESSOA,TONTURA CAIR-PESSOA
27-03-2024_15-04-01_p0015_s85_b2_CONV--ZED-RGB.mpeg,85,UM SEMANA,UM SEMANA
22-02-2024_11-06-34_p0017_s186_b3_CONV--zed-rgb.mpeg,186,COSTAS DOR ESPALHAR,COSTAS DOR ESPALHAR
11-05-2024_10-00-11_p0034_sP15.2_b3_CONV--ZED-RGB.mpeg,P15.2,TOSSE COMO,TOSSE COMO
24-07-2024_14-17-14_p0041_s27_b1_CONV--ZED-RGB.mpeg,27,CATARRO GRIPE,CATARRO GRIPE
18-06-2024_15-11-42_p0028_sP07_b2_CONV--ZED-RGB.mpeg,P7,SENTIR JUNTO ITENS MAIS TER,SENTIR JUNTO ITENS MAIS TER
16-04-2024_10-30-38_p0025_s225_b4_CONV--ZED-RGB.mpeg,225,ARRITMIA,ARRITMIA
20-05-2024_15-14-42_p0023_sP05_b2_CONV--ZED-RGB.mpeg,P5,POR-QUE PROCURAR VIR HOJE TER PIORAR,POR-QUE PROCURAR VIR HOJE TER PIORAR
28-06-2024_15-42-15_p0035_s266_b4_CONV--ZED-RGB.mpeg,266,DOSE ÁLCOOL,DOSE ÁLCOOL
22-02-2024_14-24-39_p0018_s134_b2_CONV--zed-rgb.mpeg,134,MASTIGAR,MASTIGAR
02-05-2024_15-51-42_p0026_s224_b4_CONV--ZED-RGB.mpeg,224,INFARTO,INFARTO
11-06-2024_14-31-23_p0035_s143_b2_CONV--ZED-RGB.mpeg,143,DEITAR,DEITAR
07-05-2024_14-12-44_p0027_s221_b4_CONV--ZED-RGB.mpeg,221,TER P-U-S MISTURAR AMARELO BRANCO MISTURAR,TER P-U-S MISTURAR AMARELO BRANCO MISTURAR
12-07-2024_14-56-29_p0040_s170.9_b3_CONV--ZED-RGB.mpeg,170.9,9,9
05-06-2024_10-04-24_p0036_s229_b4_CONV--ZED-RGB.mpeg,229,CÂNCER,CÂNCER
10-05-2024_16-27-29_p0033_s14_b1_CONV--ZED-RGB.mpeg,14,DOR PERNA ATRÁS,DOR PERNA ATRÁS
10-05-2024_16-16-23_p0033_s283_b4_CONV--ZED-RGB.mpeg,283,UM COPO UMA-VEZ SEMANA,UM COPO UMA-VEZ SEMANA
22-02-2024_11-35-50_p0017_sP18.3_b4_CONV--zed-rgb.mpeg,P18.3,COMO FEZES COMO,COMO FEZES COMO
21-02-2024_11-31-00_p0013_s8_b1_CONV--zed-rgb.mpeg,8,DOR COSTAS,DOR COSTAS
22-01-2024_17-20-01_p9_s201--zed-rgb.mpeg,201,CATARRO COLA VERMELHO,CATARRO COLA VERMELHO
03-05-2024_14-25-35_p0027_s148.13_b2_CONV--ZED-RGB.mpeg,148.13,M,M
20-05-2024_15-32-04_p0023_s106_b2_CONV--ZED-RGB.mpeg,106,DOR PULSAR,DOR PULSAR
08-05-2024_15-21-27_p0033_s166_b3_CONV--ZED-RGB.mpeg,166,SUBIR-ESCADA CORPO PIOR,SUBIR-ESCADA CORPO PIOR
24-04-2024_15-38-11_p0027_s171_b3_CONV--ZED-RGB.mpeg,171,UMA-VEZ,UMA-VEZ
30-01-2024_14-53-41_p12_s139--zed-rgb.mpeg,139,BRAÇO MEXER-BRAÇO,BRAÇO MEXER-BRAÇO
10-05-2024_16-46-21_p0033_s61_b1_CONV--ZED-RGB.mpeg,61,PELE QUEIMAR,PELE QUEIMAR
29-04-2024_11-57-42_p0029_s148.5_b2_CONV--ZED-RGB.mpeg,148.5,E,E
22-02-2024_11-51-00_p0017_sP22.3_b4_CONV--zed-rgb.mpeg,P22.3,QUAL MEDICAMENTO,QUAL MEDICAMENTO
03-05-2024_18-29-13_p0031_s166_b3_CONV--ZED-RGB.mpeg,166,SUBIR-ESCADA CORPO PIOR,SUBIR-ESCADA CORPO PIOR
08-05-2024_15-22-00_p0033_s167_b3_CONV--ZED-RGB.mpeg,167,SUBIR-ESCADA CORPO PIOR NÃO,SUBIR-ESCADA CORPO PIOR NÃO
22-02-2024_15-47-57_p0014_s198_b3_CONV--zed-rgb.mpeg,198,CATARRO COLA BRANCO,CATARRO COLA BRANCO
22-02-2024_14-31-57_p0018_s148.4_b2_CONV--zed-rgb.mpeg,148.4,D,D
24-05-2024_19-11-50_p0031_s148.20_b2_CONV--ZED-RGB.mpeg,148.20,T,T
16-05-2024_14-46-25_p0034_s122_b2_CONV--ZED-RGB.mpeg,122,TODA-HORA URINAR,TODA-HORA URINAR
19-06-2024_10-04-11_p0036_s33_b1_CONV--ZED-RGB.mpeg,33,COÇAR,COÇAR
18-06-2024_15-08-23_p0028_s115_b2_CONV--ZED-RGB.mpeg,115,DOR VERMELHO SANGRAR APERTAR,DOR VERMELHO SANGRAR APERTAR
27-05-2024_16-53-08_p0032_s52_b1_CONV--ZED-RGB.mpeg,52,XIXI ESPUMAR,XIXI ESPUMAR
11-05-2024_10-13-07_p0034_s244_b3_CONV--ZED-RGB.mpeg,244,NÃO USAR MEDICAMENTO NÃO,NÃO USAR MEDICAMENTO NÃO
28-02-2024_16-18-30_p0011_s100_b2_CONV--zed-rgb.mpeg,100,DOR VIRILHA,DOR VIRILHA
16-04-2024_15-43-25_p0016_s186_b3_CONV--ZED-RGB.mpeg,186,COSTAS DOR ESPALHAR,COSTAS DOR ESPALHAR
18-04-2024_10-22-58_p0025_s39_b1_CONV--ZED-RGB.mpeg,39,MORDER,MORDER
24-05-2024_18-49-49_p0031_s124_b2_CONV--ZED-RGB.mpeg,124,GASES,GASES
12-03-2024_10-53-54_p0021_s283_b4_CONV--zed-rgb.mpeg,283,UM COPO UMA-VEZ SEMANA,UM COPO UMA-VEZ SEMANA
08-08-2024_14-41-40_p0042_s89_b2_CONV--ZED-RGB.mpeg,89,DOR LADO-CABEÇA,DOR LADO-CABEÇA
20-02-2024_16-40-21_p0015_s240_b4_CONV--zed-rgb.mpeg,240,VÍCIO FUMAR,VÍCIO FUMAR
17-06-2024_15-05-17_p0019_s109_b2_CONV--ZED-RGB.mpeg,109,DOR MUITO-FORTE,DOR MUITO-FORTE
31-01-2024_14-54-49_p13_sP11.3--zed-rgb.mpeg,P11.3,NO-DECORRER-DO-TEMPO SENTIR DOR NO-TOTAL QUANTOS,NO-DECORRER-DO-TEMPO SENTIR DOR NO-TOTAL QUANTOS
05-03-2024_10-28-25_p0014_s23_b1_CONV--zed-rgb.mpeg,23,TONTURA-ENJOO,TONTURA-ENJOO
08-04-2024_15-23-49_p0021_s84_b2_CONV--ZED-RGB.mpeg,84,TRÊS-DIAS,TRÊS-DIAS
18-06-2024_16-35-26_p0028_s246_b4_CONV--ZED-RGB.mpeg,246,F-U-N-G-O-S SINAL FUNGO,F-U-N-G-O-S SINAL FUNGO
27-03-2024_15-43-22_p0015_s151_b2_CONV--ZED-RGB.mpeg,151,OBRIGADO,OBRIGADO
22-02-2024_13-21-31_p0018_s13_b1_CONV--zed-rgb.mpeg,13,DOR PERNA,DOR PERNA
18-04-2024_10-33-54_p0025_s65_b1_CONV--ZED-RGB.mpeg,65,NASCER VIVO,NASCER VIVO
03-05-2024_14-29-46_p0027_s153_b2_CONV--ZED-RGB.mpeg,153,REPETIR POR-FAVOR,REPETIR POR-FAVOR
08-05-2024_09-31-03_p0030_s89_b2_CONV--ZED-RGB.mpeg,89,DOR LADO-CABEÇA,DOR LADO-CABEÇA
30-01-2024_11-04-29_p11_s10--zed-rgb.mpeg,10,DOR BARRIGA,DOR BARRIGA
07-03-2024_13-56-33_p0010_s118_b2_CONV--zed-rgb.mpeg,118,OLHOS-LACRIMEJAR,OLHOS-LACRIMEJAR
16-05-2024_15-09-53_p0034_s148.17_b2_CONV--ZED-RGB.mpeg,148.17,Q,Q
16-05-2024_15-11-25_p0034_s148.21_b2_CONV--ZED-RGB.mpeg,148.21,U,U
09-05-2024_15-14-18_p0033_s148.24_b2_CONV--ZED-RGB.mpeg,148.24,X,X
24-05-2024_19-03-55_p0031_s148.1_b2_CONV--ZED-RGB.mpeg,148.1,A,A
20-05-2024_16-10-02_p0023_s151_b2_CONV--ZED-RGB.mpeg,151,OBRIGADO,OBRIGADO
22-01-2024_16-28-10_p9_s158--zed-rgb.mpeg,158,SUBIR-MORRO FÍSICO PIOR,SUBIR-MORRO FÍSICO PIOR
26-04-2024_14-36-24_p0028_s14_b1_CONV--ZED-RGB.mpeg,14,DOR PERNA ATRÁS,DOR PERNA ATRÁS
23-04-2024_11-27-40_p0024_s233_b4_CONV--ZED-RGB.mpeg,233,A-V-C,A-V-C
12-03-2024_10-33-05_p0021_s239_b4_CONV--zed-rgb.mpeg,239,VÍCIO BEBER ÁLCOOL,VÍCIO BEBER ÁLCOOL
09-05-2024_14-20-20_p0033_s93_b2_CONV--ZED-RGB.mpeg,93,DOR NUCA,DOR NUCA
23-05-2024_15-08-47_p0035_s188_b3_CONV--ZED-RGB.mpeg,188,DOR PERNAS-ESPALHAR APONTAR-COXA,DOR PERNAS-ESPALHAR APONTAR-COXA
26-03-2024_15-50-33_p0022_s241_b3_CONV--ZED-RGB.mpeg,241,TRAZER RECEITA REMÉDIO,TRAZER RECEITA REMÉDIO
11-06-2024_14-41-59_p0035_s148.23_b2_CONV--ZED-RGB.mpeg,148.23,W,W
08-05-2024_09-58-40_p0030_s148.9_b2_CONV--ZED-RGB.mpeg,148.9,I,I
28-06-2024_14-18-01_p0035_s32_b1_CONV--ZED-RGB.mpeg,32,MANCHAS-PELE VERMELHO,MANCHAS-PELE VERMELHO
19-07-2024_15-34-56_p0040_s44_b1_CONV--ZED-RGB.mpeg,44,PRESSÃO-ARTERIAL ALTO-BAIXO,PRESSÃO-ARTERIAL ALTO-BAIXO
18-04-2024_10-38-16_p0025_s73_b1_CONV--ZED-RGB.mpeg,73,COMER,COMER
18-06-2024_16-40-41_p0028_s255_b4_CONV--ZED-RGB.mpeg,255,ALERGIA CATEGORIA T-R-I-G-O FARINHA,ALERGIA CATEGORIA T-R-I-G-O FARINHA
28-06-2024_14-23-45_p0035_s47_b1_CONV--ZED-RGB.mpeg,47,XIXI SENTIR IGUAL QUENTE,XIXI SENTIR IGUAL QUENTE
19-06-2024_10-09-38_p0036_s44_b1_CONV--ZED-RGB.mpeg,44,PRESSÃO-ARTERIAL ALTO-BAIXO,PRESSÃO-ARTERIAL ALTO-BAIXO
18-06-2024_16-54-49_p0028_s273_b4_CONV--ZED-RGB.mpeg,273,UM LATA UMA-VEZ SEMANA,UM LATA UMA-VEZ SEMANA
02-05-2024_16-15-00_p0026_s273_b4_CONV--ZED-RGB.mpeg,273,UM LATA UMA-VEZ SEMANA,UM LATA UMA-VEZ SEMANA
19-06-2024_10-07-59_p0036_s40_b1_CONV--ZED-RGB.mpeg,40,CACHORRO MORDER,CACHORRO MORDER
17-06-2024_15-26-36_p0019_s142_b2_CONV--ZED-RGB.mpeg,142,MOVIMENTAR-CORPO DOR PIORAR,MOVIMENTAR-CORPO DOR PIORAR
20-03-2024_14-55-18_p0015_sP09.6_b3_CONV--ZED-RGB.mpeg,P9.6,SUBIR-ESCADA FÍSICO PIOR,SUBIR-ESCADA FÍSICO PIOR
26-02-2024_16-12-40_p0019_s267_b4_CONV--zed-rgb.mpeg,267,VODCA,VODCA
30-01-2024_14-14-31_p12_s88--zed-rgb.mpeg,88,NÃO,NÃO
10-05-2024_16-41-27_p0033_s44_b1_CONV--ZED-RGB.mpeg,44,PRESSÃO-ARTERIAL ALTO-BAIXO,PRESSÃO-ARTERIAL ALTO-BAIXO
22-02-2024_14-38-23_p0018_s148.26_b2_CONV--zed-rgb.mpeg,148.26,Z,Z
20-05-2024_12-08-21_p0034_sP19.1_b4_CONV--ZED-RGB.mpeg,P19.1,VOCÊ JÁ FAZER TRATAMENTO ALGUM DOENÇA ENTÃO,VOCÊ JÁ FAZER TRATAMENTO ALGUM DOENÇA ENTÃO
29-04-2024_11-56-26_p0029_s148.1_b2_CONV--ZED-RGB.mpeg,148.1,A,A
07-05-2024_15-05-44_p0027_s40_b1_CONV--ZED-RGB.mpeg,40,CACHORRO MORDER,CACHORRO MORDER
18-04-2024_15-29-43_p0026_s108_b2_CONV--ZED-RGB.mpeg,108,DOR LEVE,DOR LEVE
30-01-2024_15-06-41_p12_s148.19--zed-rgb.mpeg,148.19,S,S
07-03-2024_13-40-41_p0010_s84_b2_CONV--zed-rgb.mpeg,84,TRÊS-DIAS,TRÊS-DIAS
10-05-2024_09-09-27_p0030_s205_b3_CONV--ZED-RGB.mpeg,205,TRÊS VACINA,TRÊS VACINA
02-05-2024_15-03-03_p0026_sP11.5_b3_CONV--ZED-RGB.mpeg,P11.5,PERÍODO DOR TER AUMENTAR,PERÍODO DOR TER AUMENTAR
02-05-2024_14-58-13_p0026_s172_b3_CONV--ZED-RGB.mpeg,172,VÁRIAS-VEZES,VÁRIAS-VEZES
08-05-2024_16-28-24_p0033_sP21.2_b3_CONV--ZED-RGB.mpeg,P21.2,USAR REMÉDIO,USAR REMÉDIO
29-04-2024_16-41-04_p0024_s26_b1_CONV--ZED-RGB.mpeg,26,TOSSIR,TOSSIR
24-07-2024_14-27-46_p0041_s51_b1_CONV--ZED-RGB.mpeg,51,XIXI ESCURO,XIXI ESCURO
27-03-2024_15-21-57_p0015_s121_b2_CONV--ZED-RGB.mpeg,121,VER MANCHAS,VER MANCHAS
05-06-2024_10-21-16_p0036_sP22.3_b4_CONV--ZED-RGB.mpeg,P22.3,QUAL MEDICAMENTO,QUAL MEDICAMENTO
16-04-2024_15-37-29_p0016_s175_b3_CONV--ZED-RGB.mpeg,175,DOIS SEMANA,DOIS SEMANA
22-02-2024_15-29-12_p0014_s170.1_b3_CONV--zed-rgb.mpeg,170.1,1,1
08-05-2024_09-32-31_p0030_s93_b2_CONV--ZED-RGB.mpeg,93,DOR NUCA,DOR NUCA
28-06-2024_14-10-03_p0035_s11_b1_CONV--ZED-RGB.mpeg,11,DOR GARGANTA,DOR GARGANTA
08-05-2024_09-35-32_p0030_s97_b2_CONV--ZED-RGB.mpeg,97,DOR LADOS-BARRIGA,DOR LADOS-BARRIGA
30-04-2024_13-12-12_p0024_s101_b2_CONV--ZED-RGB.mpeg,101,DOR OMBROS,DOR OMBROS
03-05-2024_14-04-57_p0027_s97_b2_CONV--ZED-RGB.mpeg,97,DOR LADOS-BARRIGA,DOR LADOS-BARRIGA
22-04-2024_09-05-45_p0025_sP09.1_b3_CONV--ZED-RGB.mpeg,P9.1,PEITO DOR O-U FALTAR A-R INSPIRAR PIORAR MOMENTO FÍSICO ESFORÇAR,PEITO DOR O-U FALTAR A-R INSPIRAR PIORAR MOMENTO FÍSICO ESFORÇAR
28-02-2024_16-02-30_p0011_sP04_b2_CONV--zed-rgb.mpeg,P4,TEMPO QUAL HORAS-DURAÇÃO TEMPO,TEMPO QUAL HORAS-DURAÇÃO TEMPO
22-02-2024_14-03-47_p0018_sP06.1_b2_CONV--zed-rgb.mpeg,P6.1,ONDE DOR,ONDE DOR
02-04-2024_15-43-25_p0021_s194_b3_CONV--ZED-RGB.mpeg,194,TOSSE SECO,TOSSE SECO
29-04-2024_16-30-02_p0024_s12_b1_CONV--ZED-RGB.mpeg,12,DOR BRAÇO,DOR BRAÇO
30-04-2024_13-01-43_p0024_s83_b2_CONV--ZED-RGB.mpeg,83,UM-DIA,UM-DIA
11-06-2024_14-42-20_p0035_s148.24_b2_CONV--ZED-RGB.mpeg,148.24,X,X
15-05-2024_15-55-32_p0032_s124_b2_CONV--ZED-RGB.mpeg,124,GASES,GASES
02-04-2024_15-32-59_p0021_s182_b3_CONV--ZED-RGB.mpeg,182,QUEIXO DOR ESPALHAR,QUEIXO DOR ESPALHAR
29-04-2024_16-00-27_p0024_s198_b3_CONV--ZED-RGB.mpeg,198,CATARRO COLA BRANCO,CATARRO COLA BRANCO
16-07-2024_16-35-07_p0039_s238_b4_CONV--ZED-RGB.mpeg,238,SUAR TIREÓIDE DIMINUIR,SUAR TIREÓIDE DIMINUIR
05-06-2024_15-04-30_p0037_s214_b4_CONV--ZED-RGB.mpeg,214,FEZES-LÍQUIDAS BRILHANTE,FEZES-LÍQUIDAS BRILHANTE
02-04-2024_15-17-17_p0021_s170.3_b3_CONV--ZED-RGB.mpeg,170.3,3,3
18-06-2024_15-37-21_p0028_s148.13_b2_CONV--ZED-RGB.mpeg,148.13,M,M
22-04-2024_09-28-15_p0025_s181_b3_CONV--ZED-RGB.mpeg,181,PESCOÇO DOR ESPALHAR,PESCOÇO DOR ESPALHAR
19-06-2024_16-33-24_p0023_s38_b1_CONV--ZED-RGB.mpeg,38,TENTAR SUICIDAR,TENTAR SUICIDAR
20-02-2024_16-57-27_p0015_sP24.2_b4_CONV--zed-rgb.mpeg,P24.2,BEBIDA QUAL,BEBIDA QUAL
18-06-2024_15-19-54_p0028_s127_b2_CONV--ZED-RGB.mpeg,127,COMER COISAS ÓLEO,COMER COISAS ÓLEO
05-03-2024_10-46-24_p0014_s75_b1_CONV--zed-rgb.mpeg,75,TOSSIR,TOSSIR
27-05-2024_16-57-33_p0032_s63_b1_CONV--ZED-RGB.mpeg,63,TIRO FURAR-BARRIGA,TIRO FURAR-BARRIGA
17-07-2024_14-48-52_p0041_s148.8_b2_CONV--ZED-RGB.mpeg,148.8,H,H
18-03-2024_11-19-16_p0013_s225_b4_CONV--ZED-RGB.mpeg,225,ARRITMIA,ARRITMIA
11-06-2024_14-20-09_p0035_s122_b2_CONV--ZED-RGB.mpeg,122,TODA-HORA URINAR,TODA-HORA URINAR
08-04-2024_16-11-50_p0021_s148.14_b2_CONV--ZED-RGB.mpeg,148.14,N,N
19-06-2024_10-17-27_p0036_s60_b1_CONV--ZED-RGB.mpeg,60,AGREDIR,AGREDIR
02-05-2024_14-54-25_p0026_s170.3_b3_CONV--ZED-RGB.mpeg,170.3,3,3
08-05-2024_15-39-46_p0033_s176_b3_CONV--ZED-RGB.mpeg,176,TRÊS-MESES,TRÊS-MESES
26-03-2024_16-33-26_p0022_s270_b4_CONV--ZED-RGB.mpeg,270,G-I-N,G-I-N
30-04-2024_13-09-30_p0024_s95_b2_CONV--ZED-RGB.mpeg,95,DOR OLHOS,DOR OLHOS
02-05-2024_15-58-54_p0026_s245_b4_CONV--ZED-RGB.mpeg,245,ÁCARO ALERGIA,ÁCARO ALERGIA
20-02-2024_16-51-22_p0015_sP23.1_b4_CONV--zed-rgb.mpeg,P23.1,VOCÊ FUMAR,VOCÊ FUMAR
18-04-2024_10-36-38_p0025_s71_b1_CONV--ZED-RGB.mpeg,71,2-HORA,2-HORA
17-07-2024_14-50-18_p0041_s148.13_b2_CONV--ZED-RGB.mpeg,148.13,M,M
22-04-2024_09-10-10_p0025_sP09.4_b3_CONV--ZED-RGB.mpeg,P9.4,TOMAR-BANHO FÍSICO PIOR,TOMAR-BANHO FÍSICO PIOR
12-03-2024_10-24-08_p0021_s224_b4_CONV--zed-rgb.mpeg,224,INFARTO,INFARTO
27-05-2024_16-51-57_p0032_s49_b1_CONV--ZED-RGB.mpeg,49,XIXI POUCO,XIXI POUCO
19-03-2024_15-44-57_p0022_s148.18_b2_CONV--ZED-RGB.mpeg,148.18,R,R
20-05-2024_12-36-47_p0034_s277_b4_CONV--ZED-RGB.mpeg,277,DOIS GARRAFAS DUAS-VEZES SEMANA,DOIS GARRAFAS DUAS-VEZES SEMANA
12-03-2024_14-45-07_p0022_s69_b1_CONV--zed-rgb.mpeg,69,30 MINUTO,30 MINUTO
24-04-2024_15-26-44_p0027_sP09.7_b3_CONV--ZED-RGB.mpeg,P9.7,TOMAR-REMÉDIO AJUDAR CURAR PEITO DOR O-U FALTAR A-R ENTÃO,TOMAR-REMÉDIO AJUDAR CURAR PEITO DOR O-U FALTAR A-R ENTÃO
02-05-2024_15-52-21_p0026_s226_b4_CONV--ZED-RGB.mpeg,226,PRESSÃO ALTO,PRESSÃO ALTO
30-01-2024_11-08-24_p11_s23--zed-rgb.mpeg,23,TONTURA-ENJOO,TONTURA-ENJOO
13-03-2024_16-12-54_p0014_s269_b4_CONV--zed-rgb.mpeg,269,CACHAÇA,CACHAÇA
20-02-2024_16-43-12_p0015_s247_b4_CONV--zed-rgb.mpeg,247,ALERGIA FLOR PÓLEN,ALERGIA FLOR PÓLEN
19-06-2024_16-40-23_p0023_s53_b1_CONV--ZED-RGB.mpeg,53,XIXI VERMELHO,XIXI VERMELHO
12-06-2024_10-32-14_p0036_s151_b2_CONV--ZED-RGB.mpeg,151,OBRIGADO,OBRIGADO
25-03-2024_15-38-23_p0020_s230_b4_CONV--ZED-RGB.mpeg,230,DEPRESSÃO,DEPRESSÃO
22-02-2024_14-40-07_p0018_s157_b2_CONV--zed-rgb.mpeg,157,CONTINUAR,CONTINUAR
26-03-2024_16-18-18_p0022_s237_b4_CONV--ZED-RGB.mpeg,237,RINS FRACO,RINS FRACO
31-01-2024_14-53-02_p13_s171--zed-rgb.mpeg,171,UMA-VEZ,UMA-VEZ
03-05-2024_18-31-34_p0031_s169_b3_CONV--ZED-RGB.mpeg,169,REMÉDIO CURAR-NÃO,REMÉDIO CURAR-NÃO
03-04-2024_16-06-41_p0023_s265_b4_CONV--ZED-RGB.mpeg,265,VINHO,VINHO
26-02-2024_15-29-53_p0019_s214_b4_CONV--zed-rgb.mpeg,214,FEZES-LÍQUIDAS BRILHANTE,FEZES-LÍQUIDAS BRILHANTE
15-05-2024_15-24-26_p0032_sP06.1_b2_CONV--ZED-RGB.mpeg,P6.1,ONDE DOR,ONDE DOR
27-05-2024_16-05-55_p0032_s207_b3_CONV--ZED-RGB.mpeg,207,NÃO VACINAR GRIPE,NÃO VACINAR GRIPE
24-05-2024_18-58-28_p0031_s134_b2_CONV--ZED-RGB.mpeg,134,MASTIGAR,MASTIGAR
20-05-2024_15-41-53_p0023_s122_b2_CONV--ZED-RGB.mpeg,122,TODA-HORA URINAR,TODA-HORA URINAR
26-03-2024_16-27-58_p0022_s259_b4_CONV--ZED-RGB.mpeg,259,TER FUMAR SIM,TER FUMAR SIM
19-07-2024_14-36-34_p0040_s148.25_b2_CONV--ZED-RGB.mpeg,148.25,Y,Y
09-05-2024_14-43-30_p0033_s122_b2_CONV--ZED-RGB.mpeg,122,TODA-HORA URINAR,TODA-HORA URINAR
12-03-2024_10-42-26_p0021_sP23.1_b4_CONV--zed-rgb.mpeg,P23.1,VOCÊ FUMAR,VOCÊ FUMAR
30-01-2024_14-12-50_p12_s84--zed-rgb.mpeg,84,TRÊS-DIAS,TRÊS-DIAS
30-01-2024_11-28-53_p11_s77--zed-rgb.mpeg,77,EXERCÍCIO-FÍSICO,EXERCÍCIO-FÍSICO
28-06-2024_14-30-11_p0035_s59_b1_CONV--ZED-RGB.mpeg,59,TRAUMA,TRAUMA
22-02-2024_14-04-17_p0018_s90_b2_CONV--zed-rgb.mpeg,90,DOR OUVIDO,DOR OUVIDO
08-05-2024_09-30-33_p0030_s88_b2_CONV--ZED-RGB.mpeg,88,NÃO,NÃO
19-03-2024_15-44-22_p0022_s148.16_b2_CONV--ZED-RGB.mpeg,148.16,P,P
03-05-2024_08-41-22_p0030_s39_b1_CONV--ZED-RGB.mpeg,39,MORDER,MORDER
07-03-2024_13-57-36_p0010_s119_b2_CONV--zed-rgb.mpeg,119,SENTIR MAL,SENTIR MAL
19-07-2024_15-40-06_p0040_s53_b1_CONV--ZED-RGB.mpeg,53,XIXI VERMELHO,XIXI VERMELHO
22-02-2024_15-45-35_p0014_sP15.2_b3_CONV--zed-rgb.mpeg,P15.2,TOSSE COMO,TOSSE COMO
18-04-2024_15-52-43_p0026_s150_b2_CONV--ZED-RGB.mpeg,150,ENTENDER,ENTENDER
27-03-2024_15-35-43_p0015_s148.5_b2_CONV--ZED-RGB.mpeg,148.5,E,E
29-04-2024_15-47-11_p0024_s183_b3_CONV--ZED-RGB.mpeg,183,DOR ESPALHAR OMBRO,DOR ESPALHAR OMBRO
15-05-2024_16-25-04_p0032_s148.1_b2_CONV--ZED-RGB.mpeg,148.1,A,A
03-04-2024_15-36-02_p0023_s220_b4_CONV--ZED-RGB.mpeg,220,TER M-U-C-O COLA,TER M-U-C-O COLA
20-02-2024_16-16-47_p0015_s212_b4_CONV--zed-rgb.mpeg,212,FEZES-LÍQUIDAS,FEZES-LÍQUIDAS
24-01-2024_17-01-01_p10_s210--zed-rgb.mpeg,210,MOLE,MOLE
03-05-2024_08-33-23_p0030_s18_b1_CONV--ZED-RGB.mpeg,18,DIFÍCIL RESPIRAR,DIFÍCIL RESPIRAR
21-02-2024_15-43-12_p0016_s122_b2_CONV--zed-rgb.mpeg,122,TODA-HORA URINAR,TODA-HORA URINAR
17-07-2024_14-45-20_p0041_s157_b2_CONV--ZED-RGB.mpeg,157,CONTINUAR,CONTINUAR
07-05-2024_14-19-22_p0027_s235_b4_CONV--ZED-RGB.mpeg,235,OBESIDADE,OBESIDADE
24-04-2024_16-21-11_p0027_s241_b3_CONV--ZED-RGB.mpeg,241,TRAZER RECEITA REMÉDIO,TRAZER RECEITA REMÉDIO
19-07-2024_15-47-07_p0040_s66_b1_CONV--ZED-RGB.mpeg,66,VAGINA VERMELHO SANGRAR,VAGINA VERMELHO SANGRAR
20-05-2024_12-31-23_p0034_s266_b4_CONV--ZED-RGB.mpeg,266,DOSE ÁLCOOL,DOSE ÁLCOOL
23-05-2024_14-46-48_p0035_sP09.6_b3_CONV--ZED-RGB.mpeg,P9.6,SUBIR-ESCADA FÍSICO PIOR,SUBIR-ESCADA FÍSICO PIOR
29-04-2024_16-06-37_p0024_s205_b3_CONV--ZED-RGB.mpeg,205,TRÊS VACINA,TRÊS VACINA
08-06-2024_10-24-52_p0031_s17_b1_CONV--ZED-RGB.mpeg,17,CHIAR,CHIAR
19-03-2024_15-40-18_p0022_s148.3_b2_CONV--ZED-RGB.mpeg,148.3,C,C
29-02-2024_14-13-48_p0010_s66_b1_CONV--zed-rgb.mpeg,66,VAGINA VERMELHO SANGRAR,VAGINA VERMELHO SANGRAR
24-07-2024_14-17-59_p0041_s28_b1_CONV--ZED-RGB.mpeg,28,NARIZ-LADOS FECHAR,NARIZ-LADOS FECHAR
07-03-2024_13-59-03_p0010_s124_b2_CONV--zed-rgb.mpeg,124,GASES,GASES
18-04-2024_15-39-58_p0026_s135_b2_CONV--ZED-RGB.mpeg,135,ENGOLIR,ENGOLIR
22-02-2024_15-32-52_p0014_s172_b3_CONV--zed-rgb.mpeg,172,VÁRIAS-VEZES,VÁRIAS-VEZES
28-02-2024_16-41-46_p0011_s128_b2_CONV--zed-rgb.mpeg,128,LOCAIS BARULHO,LOCAIS BARULHO
02-04-2024_15-31-43_p0021_s181_b3_CONV--ZED-RGB.mpeg,181,PESCOÇO DOR ESPALHAR,PESCOÇO DOR ESPALHAR
23-05-2024_15-09-16_p0035_s189_b3_CONV--ZED-RGB.mpeg,189,DOR PERNAS-ESPALHAR APONTAR-PERNA,DOR PERNAS-ESPALHAR APONTAR-PERNA
07-05-2024_15-17-54_p0027_s72_b1_CONV--ZED-RGB.mpeg,72,2-MÊS,2-MÊS
02-05-2024_15-58-31_p0026_sP22.1_b4_CONV--ZED-RGB.mpeg,P22.1,VOCÊ TER ALERGIA ENTÃO,VOCÊ TER ALERGIA ENTÃO
24-05-2024_18-35-58_p0031_s93_b2_CONV--ZED-RGB.mpeg,93,DOR NUCA,DOR NUCA
27-05-2024_15-36-29_p0032_s177_b3_CONV--ZED-RGB.mpeg,177,UM ANO,UM ANO
18-03-2024_15-45-42_p0020_s76_b1_CONV--ZED-RGB.mpeg,76,LIMPAR CASA,LIMPAR CASA
20-05-2024_11-49-07_p0034_s62_b1_CONV--ZED-RGB.mpeg,62,MATERIAL GRUPO CORTAR TAMBÉM OBJETO-FINO-LONGO FINCAR,MATERIAL GRUPO CORTAR TAMBÉM OBJETO-FINO-LONGO FINCAR
19-07-2024_14-26-48_p0040_s148.1_b2_CONV--ZED-RGB.mpeg,148.1,A,A
11-06-2024_14-13-57_p0035_s114_b2_CONV--ZED-RGB.mpeg,114,DOR CHOQUE,DOR CHOQUE
22-02-2024_14-03-01_p0018_sP05_b2_CONV--zed-rgb.mpeg,P5,POR-QUE PROCURAR VIR HOJE TER PIORAR,POR-QUE PROCURAR VIR HOJE TER PIORAR
26-02-2024_16-01-10_p0019_s256_b4_CONV--zed-rgb.mpeg,256,ALERGIA AMENDOIM,ALERGIA AMENDOIM
30-01-2024_14-42-22_p12_s119--zed-rgb.mpeg,119,SENTIR MAL,SENTIR MAL
16-04-2024_15-18-52_p0016_s158_b3_CONV--ZED-RGB.mpeg,158,SUBIR-MORRO FÍSICO PIOR,SUBIR-MORRO FÍSICO PIOR
16-04-2024_10-49-03_p0025_sP23.1_b4_CONV--ZED-RGB.mpeg,P23.1,VOCÊ FUMAR,VOCÊ FUMAR
16-05-2024_14-51-31_p0034_s128_b2_CONV--ZED-RGB.mpeg,128,LOCAIS BARULHO,LOCAIS BARULHO
13-03-2024_15-58-00_p0014_s239_b4_CONV--zed-rgb.mpeg,239,VÍCIO BEBER ÁLCOOL,VÍCIO BEBER ÁLCOOL
19-06-2024_10-28-30_p0036_s77_b1_CONV--ZED-RGB.mpeg,77,EXERCÍCIO-FÍSICO,EXERCÍCIO-FÍSICO
03-05-2024_08-38-57_p0030_s33_b1_CONV--ZED-RGB.mpeg,33,COÇAR,COÇAR
28-02-2024_16-49-13_p0011_s141_b2_CONV--zed-rgb.mpeg,141,MEXER-PESCOÇO,MEXER-PESCOÇO
16-05-2024_14-19-27_p0034_s82_b2_CONV--ZED-RGB.mpeg,82,SEIS HORAS,SEIS HORAS
07-05-2024_14-08-53_p0027_s211_b4_CONV--ZED-RGB.mpeg,211,FRAGMENTOS MISTURAR MOLE,FRAGMENTOS MISTURAR MOLE
20-03-2024_15-23-32_p0015_s197_b3_CONV--ZED-RGB.mpeg,197,CATARRO COLA CLARO,CATARRO COLA CLARO
18-03-2024_11-18-39_p0013_s223_b4_CONV--ZED-RGB.mpeg,223,DIABETES,DIABETES
16-07-2024_16-52-12_p0039_s265_b4_CONV--ZED-RGB.mpeg,265,VINHO,VINHO
07-03-2024_14-16-00_p0010_s152_b2_CONV--zed-rgb.mpeg,152,OBRIGADO,OBRIGADO
11-06-2024_13-52-52_p0035_s82_b2_CONV--ZED-RGB.mpeg,82,SEIS HORAS,SEIS HORAS
28-06-2024_15-48-50_p0035_s280_b4_CONV--ZED-RGB.mpeg,280,TAÇA TOMAR VINHO UMA-VEZ SEMANA,TAÇA TOMAR VINHO UMA-VEZ SEMANA
23-05-2024_14-55-31_p0035_s170.7_b3_CONV--ZED-RGB.mpeg,170.7,7,7
19-03-2024_15-03-27_p0022_s99_b2_CONV--ZED-RGB.mpeg,99,DOR BAIXO-VENTRE,DOR BAIXO-VENTRE
05-03-2024_10-22-33_p0014_s4_b1_CONV--zed-rgb.mpeg,4,CONVULSÃO ENROLAR-LÍNGUA,CONVULSÃO ENROLAR-LÍNGUA
16-05-2024_14-59-31_p0034_s140_b2_CONV--ZED-RGB.mpeg,140,PERNAS MEXER-PERNAS,PERNAS MEXER-PERNAS
22-02-2024_14-38-38_p0018_s149_b2_CONV--zed-rgb.mpeg,149,DEVAGAR,DEVAGAR
25-03-2024_16-34-19_p0020_s143_b2_CONV--ZED-RGB.mpeg,143,DEITAR,DEITAR
24-05-2024_18-43-11_p0031_s112_b2_CONV--ZED-RGB.mpeg,112,DOR QUEIMAR,DOR QUEIMAR
26-03-2024_16-09-49_p0022_s221_b4_CONV--ZED-RGB.mpeg,221,TER P-U-S MISTURAR AMARELO BRANCO MISTURAR,TER P-U-S MISTURAR AMARELO BRANCO MISTURAR
20-02-2024_16-59-22_p0015_s271_b4_CONV--zed-rgb.mpeg,271,CHAMPANHE,CHAMPANHE
12-03-2024_10-35-52_p0021_s246_b4_CONV--zed-rgb.mpeg,246,F-U-N-G-O-S SINAL FUNGO,F-U-N-G-O-S SINAL FUNGO
23-04-2024_11-48-30_p0024_s276_b4_CONV--ZED-RGB.mpeg,276,GARRAFA UMA-VEZ SEMANA,GARRAFA UMA-VEZ SEMANA
10-05-2024_08-47-46_p0030_sP12_b3_CONV--ZED-RGB.mpeg,P12,DOR EXEMPLO AQUI LUGAR MESMO O-U ESPALHAR AQUI LUGARES ENTÃO,DOR EXEMPLO AQUI LUGAR MESMO O-U ESPALHAR AQUI LUGARES ENTÃO
22-01-2024_16-27-27_p9_sP09.2--zed-rgb.mpeg,P9.2,SUBIR-MORRO FÍSICO PIOR,SUBIR-MORRO FÍSICO PIOR
24-01-2024_17-21-26_p10_s247--zed-rgb.mpeg,247,ALERGIA FLOR PÓLEN,ALERGIA FLOR PÓLEN
28-02-2024_17-00-02_p0011_s148.24_b2_CONV--zed-rgb.mpeg,148.24,X,X
24-05-2024_18-40-20_p0031_s105_b2_CONV--ZED-RGB.mpeg,105,DOR TESTÍCULOS,DOR TESTÍCULOS
10-05-2024_15-28-00_p0033_s235_b4_CONV--ZED-RGB.mpeg,235,OBESIDADE,OBESIDADE
08-04-2024_16-04-25_p0021_s148.3_b2_CONV--ZED-RGB.mpeg,148.3,C,C
30-01-2024_11-11-50_p11_s33--zed-rgb.mpeg,33,COÇAR,COÇAR
05-03-2024_10-26-39_p0014_s17_b1_CONV--zed-rgb.mpeg,17,CHIAR,CHIAR
03-04-2024_15-39-46_p0023_s222_b4_CONV--ZED-RGB.mpeg,222,DOR-BARRIGA NENHUM,DOR-BARRIGA NENHUM
24-07-2024_14-10-18_p0041_s9_b1_CONV--ZED-RGB.mpeg,9,DOR LOMBAR,DOR LOMBAR
10-05-2024_15-32-24_p0033_s247_b4_CONV--ZED-RGB.mpeg,247,ALERGIA FLOR PÓLEN,ALERGIA FLOR PÓLEN
17-06-2024_15-16-37_p0019_sP08.1_b2_CONV--ZED-RGB.mpeg,P8.1,S-I FAZER COISAS SENTIR DOR PIORAR,S-I FAZER COISAS SENTIR DOR PIORAR
05-06-2024_15-36-20_p0037_s271_b4_CONV--ZED-RGB.mpeg,271,CHAMPANHE,CHAMPANHE
27-05-2024_15-17-19_p0032_s166_b3_CONV--ZED-RGB.mpeg,166,SUBIR-ESCADA CORPO PIOR,SUBIR-ESCADA CORPO PIOR
27-03-2024_15-28-32_p0015_s134_b2_CONV--ZED-RGB.mpeg,134,MASTIGAR,MASTIGAR
03-05-2024_08-58-53_p0030_s79_b1_CONV--ZED-RGB.mpeg,79,SENTADO,SENTADO
20-05-2024_11-34-52_p0034_s34_b1_CONV--ZED-RGB.mpeg,34,FEBRE,FEBRE
19-06-2024_10-28-06_p0036_s76_b1_CONV--ZED-RGB.mpeg,76,LIMPAR CASA,LIMPAR CASA
16-05-2024_14-44-24_p0034_s121_b2_CONV--ZED-RGB.mpeg,121,VER MANCHAS,VER MANCHAS
02-04-2024_15-31-02_p0021_s180_b3_CONV--ZED-RGB.mpeg,180,NUCA DOR ESPALHAR,NUCA DOR ESPALHAR
16-04-2024_10-41-19_p0025_s247_b4_CONV--ZED-RGB.mpeg,247,ALERGIA FLOR PÓLEN,ALERGIA FLOR PÓLEN
27-05-2024_16-41-21_p0032_s25_b1_CONV--ZED-RGB.mpeg,25,FEZES ESCURO,FEZES ESCURO
12-03-2024_10-38-26_p0021_s254_b4_CONV--zed-rgb.mpeg,254,ALERGIA COMER CATEGORIA ÁGUA-MAR,ALERGIA COMER CATEGORIA ÁGUA-MAR
19-06-2024_10-11-07_p0036_s47_b1_CONV--ZED-RGB.mpeg,47,XIXI SENTIR IGUAL QUENTE,XIXI SENTIR IGUAL QUENTE
10-05-2024_15-08-12_p0033_s214_b4_CONV--ZED-RGB.mpeg,214,FEZES-LÍQUIDAS BRILHANTE,FEZES-LÍQUIDAS BRILHANTE
25-03-2024_15-36-37_p0020_s227_b4_CONV--ZED-RGB.mpeg,227,ASMA,ASMA
29-04-2024_12-00-33_p0029_s148.16_b2_CONV--ZED-RGB.mpeg,148.16,P,P
19-03-2024_15-29-03_p0022_s137_b2_CONV--ZED-RGB.mpeg,137,ESTRESSE,ESTRESSE
19-06-2024_10-25-45_p0036_s72_b1_CONV--ZED-RGB.mpeg,72,2-MÊS,2-MÊS
30-01-2024_11-08-05_p11_s22--zed-rgb.mpeg,22,EVACUAR MOLE VERMELHO,EVACUAR MOLE VERMELHO
10-05-2024_15-19-42_p0033_s226_b4_CONV--ZED-RGB.mpeg,226,PRESSÃO ALTO,PRESSÃO ALTO
31-01-2024_14-50-39_p13_s170.3--zed-rgb.mpeg,170.3,3,3
06-05-2024_16-02-05_p0032_s267_b4_CONV--ZED-RGB.mpeg,267,VODCA,VODCA
11-05-2024_09-42-11_p0034_s171_b3_CONV--ZED-RGB.mpeg,171,UMA-VEZ,UMA-VEZ
08-05-2024_16-22-09_p0033_s205_b3_CONV--ZED-RGB.mpeg,205,TRÊS VACINA,TRÊS VACINA
03-05-2024_14-01-01_p0027_s86_b2_CONV--ZED-RGB.mpeg,86,UM MÊS,UM MÊS
05-06-2024_15-14-54_p0037_s233_b4_CONV--ZED-RGB.mpeg,233,A-V-C,A-V-C
08-04-2024_16-15-06_p0021_s148.21_b2_CONV--ZED-RGB.mpeg,148.21,U,U
03-04-2024_16-08-59_p0023_s272_b4_CONV--ZED-RGB.mpeg,272,UM LATA TODO-DIA,UM LATA TODO-DIA
22-02-2024_14-38-49_p0018_s150_b2_CONV--zed-rgb.mpeg,150,ENTENDER,ENTENDER
08-04-2024_15-49-11_p0021_s123_b2_CONV--ZED-RGB.mpeg,123,ZUMBIDO OUVIDO,ZUMBIDO OUVIDO
22-04-2024_09-35-50_p0025_s193_b3_CONV--ZED-RGB.mpeg,193,FICAR-EM-PÉ SENTAR DEITAR DOR PIORAR NÃO,FICAR-EM-PÉ SENTAR DEITAR DOR PIORAR NÃO
20-05-2024_15-31-32_p0023_sP06.2_b2_CONV--ZED-RGB.mpeg,P6.2,COMO DOR,COMO DOR
18-04-2024_10-08-21_p0025_s3_b1_CONV--ZED-RGB.mpeg,3,MUDAR COMPORTAMENTO,MUDAR COMPORTAMENTO
08-05-2024_09-57-27_p0030_s148.5_b2_CONV--ZED-RGB.mpeg,148.5,E,E
03-05-2024_18-33-58_p0031_s170.1_b3_CONV--ZED-RGB.mpeg,170.1,1,1
30-01-2024_14-33-47_p12_s111--zed-rgb.mpeg,111,DOR PESO,DOR PESO
24-07-2024_14-35-52_p0041_s70_b1_CONV--ZED-RGB.mpeg,70,1-HORA,1-HORA
10-05-2024_09-57-22_p0030_s259_b4_CONV--ZED-RGB.mpeg,259,TER FUMAR SIM,TER FUMAR SIM
02-05-2024_14-56-45_p0026_s170.10_b3_CONV--ZED-RGB.mpeg,170.10,10,10
28-06-2024_14-12-20_p0035_s17_b1_CONV--ZED-RGB.mpeg,17,CHIAR,CHIAR
26-08-2024_15-25-20_p0019_s28_b1_CONV--ZED-RGB.mp4,28,NARIZ-LADOS FECHAR,NARIZ-LADOS FECHAR
22-04-2024_09-09-09_p0025_s160_b3_CONV--ZED-RGB.mpeg,160,PLANO ANDAR CORPO PIOR,PLANO ANDAR CORPO PIOR
26-08-2024_15-16-02_p0019_s5_b1_CONV--ZED-RGB.mp4,5,CABEÇA DOR,CABEÇA DOR
11-05-2024_09-32-09_p0034_s167_b3_CONV--ZED-RGB.mpeg,167,SUBIR-ESCADA CORPO PIOR NÃO,SUBIR-ESCADA CORPO PIOR NÃO
23-05-2024_15-01-41_p0035_s176_b3_CONV--ZED-RGB.mpeg,176,TRÊS-MESES,TRÊS-MESES
25-03-2024_15-45-37_p0020_s249_b4_CONV--ZED-RGB.mpeg,249,ALERGIA GATO,ALERGIA GATO
15-05-2024_16-42-43_p0032_s148.7_b2_CONV--ZED-RGB.mpeg,148.7,G,G
25-03-2024_15-27-39_p0020_s212_b4_CONV--ZED-RGB.mpeg,212,FEZES-LÍQUIDAS,FEZES-LÍQUIDAS
09-05-2024_14-58-35_p0033_s143_b2_CONV--ZED-RGB.mpeg,143,DEITAR,DEITAR
08-04-2024_15-50-02_p0021_sP08.1_b2_CONV--ZED-RGB.mpeg,P8.1,S-I FAZER COISAS SENTIR DOR PIORAR,S-I FAZER COISAS SENTIR DOR PIORAR
08-05-2024_09-52-13_p0030_s139_b2_CONV--ZED-RGB.mpeg,139,BRAÇO MEXER-BRAÇO,BRAÇO MEXER-BRAÇO
27-05-2024_16-51-07_p0032_s47_b1_CONV--ZED-RGB.mpeg,47,XIXI SENTIR IGUAL QUENTE,XIXI SENTIR IGUAL QUENTE
24-01-2024_17-28-19_p10_s261--zed-rgb.mpeg,261,UM ANO,UM ANO
12-03-2024_10-32-19_p0021_s236_b4_CONV--zed-rgb.mpeg,236,FÍGADO INFLAMADO,FÍGADO INFLAMADO
27-03-2024_15-30-56_p0015_s141_b2_CONV--ZED-RGB.mpeg,141,MEXER-PESCOÇO,MEXER-PESCOÇO
23-04-2024_15-21-14_p0026_s44_b1_CONV--ZED-RGB.mpeg,44,PRESSÃO-ARTERIAL ALTO-BAIXO,PRESSÃO-ARTERIAL ALTO-BAIXO
03-05-2024_19-06-13_p0031_s241_b3_CONV--ZED-RGB.mpeg,241,TRAZER RECEITA REMÉDIO,TRAZER RECEITA REMÉDIO
02-05-2024_16-11-32_p0026_s265_b4_CONV--ZED-RGB.mpeg,265,VINHO,VINHO
10-05-2024_10-09-24_p0030_s283_b4_CONV--ZED-RGB.mpeg,283,UM COPO UMA-VEZ SEMANA,UM COPO UMA-VEZ SEMANA
18-03-2024_11-50-31_p0013_s282_b4_CONV--ZED-RGB.mpeg,282,UM COPO CHEIO TODO-DIA,UM COPO CHEIO TODO-DIA
30-04-2024_13-54-13_p0024_s156_b2_CONV--ZED-RGB.mpeg,156,NÃO-ENTENDER,NÃO-ENTENDER
10-05-2024_16-50-14_p0033_s71_b1_CONV--ZED-RGB.mpeg,71,2-HORA,2-HORA
17-07-2024_14-25-27_p0041_s113_b2_CONV--ZED-RGB.mpeg,113,DOR PONTADA,DOR PONTADA
20-05-2024_12-13-17_p0034_s233_b4_CONV--ZED-RGB.mpeg,233,A-V-C,A-V-C
20-05-2024_16-06-50_p0023_s148.17_b2_CONV--ZED-RGB.mpeg,148.17,Q,Q
29-04-2024_11-57-15_p0029_s148.3_b2_CONV--ZED-RGB.mpeg,148.3,C,C
18-06-2024_15-01-51_p0028_s101_b2_CONV--ZED-RGB.mpeg,101,DOR OMBROS,DOR OMBROS
27-05-2024_16-36-50_p0032_s18_b1_CONV--ZED-RGB.mpeg,18,DIFÍCIL RESPIRAR,DIFÍCIL RESPIRAR
20-05-2024_15-18-44_p0023_s92_b2_CONV--ZED-RGB.mpeg,92,DOR TESTA,DOR TESTA
22-02-2024_13-49-43_p0018_s73_b1_CONV--zed-rgb.mpeg,73,COMER,COMER
02-05-2024_14-54-10_p0026_s170.2_b3_CONV--ZED-RGB.mpeg,170.2,2,2
24-01-2024_17-26-53_p10_sP23.1--zed-rgb.mpeg,P23.1,VOCÊ FUMAR,VOCÊ FUMAR
07-03-2024_14-16-29_p0010_s155_b2_CONV--zed-rgb.mpeg,155,PARAR,PARAR
28-06-2024_14-36-53_p0035_s72_b1_CONV--ZED-RGB.mpeg,72,2-MÊS,2-MÊS
11-06-2024_14-37-44_p0035_s148.12_b2_CONV--ZED-RGB.mpeg,148.12,L,L
07-03-2024_13-49-31_p0010_s104_b2_CONV--zed-rgb.mpeg,104,DOR PERNA-DIREITA PERNA-ESQUERDA,DOR PERNA-DIREITA PERNA-ESQUERDA
17-06-2024_15-32-20_p0019_s148.6_b2_CONV--ZED-RGB.mpeg,148.6,F,F
27-05-2024_15-33-30_p0032_s173_b3_CONV--ZED-RGB.mpeg,173,SEMPRE SEMPRE,SEMPRE SEMPRE
19-06-2024_10-14-41_p0036_s54_b1_CONV--ZED-RGB.mpeg,54,VERMELHO SANGRAR-BOCA,VERMELHO SANGRAR-BOCA
16-07-2024_16-31-05_p0039_s232_b4_CONV--ZED-RGB.mpeg,232,ANSIEDADE,ANSIEDADE
10-05-2024_15-35-15_p0033_s253_b4_CONV--ZED-RGB.mpeg,253,ALERGIA O-V-O OVO,ALERGIA O-V-O OVO
22-02-2024_11-13-18_p0017_s200_b3_CONV--zed-rgb.mpeg,200,CATARRO COLA VERDE,CATARRO COLA VERDE
16-07-2024_16-19-24_p0039_s216_b4_CONV--ZED-RGB.mpeg,216,FEZES-LÍQUIDAS-EXPLODIR,FEZES-LÍQUIDAS-EXPLODIR
06-05-2024_15-57-51_p0032_s262_b4_CONV--ZED-RGB.mpeg,262,DOIS ANO,DOIS ANO
18-03-2024_11-26-37_p0013_s246_b4_CONV--ZED-RGB.mpeg,246,F-U-N-G-O-S SINAL FUNGO,F-U-N-G-O-S SINAL FUNGO
22-02-2024_14-34-12_p0018_s148.15_b2_CONV--zed-rgb.mpeg,148.15,O,O
29-04-2024_15-20-14_p0024_s163_b3_CONV--ZED-RGB.mpeg,163,TOMAR-BANHO CORPO PIOR NÃO,TOMAR-BANHO CORPO PIOR NÃO
20-05-2024_15-43-56_p0023_s125_b2_CONV--ZED-RGB.mpeg,125,COMER CATEGORIA ÁCIDO MAIS APIMENTADO,COMER CATEGORIA ÁCIDO MAIS APIMENTADO
18-04-2024_15-34-50_p0026_s120_b2_CONV--ZED-RGB.mpeg,120,VER DOBRADO,VER DOBRADO
25-03-2024_16-45-24_p0020_s156_b2_CONV--ZED-RGB.mpeg,156,NÃO-ENTENDER,NÃO-ENTENDER
07-05-2024_15-19-57_p0027_s77_b1_CONV--ZED-RGB.mpeg,77,EXERCÍCIO-FÍSICO,EXERCÍCIO-FÍSICO
20-05-2024_15-59-28_p0023_s147_b2_CONV--ZED-RGB.mpeg,147,JEJUM,JEJUM
22-02-2024_11-17-34_p0017_s207_b3_CONV--zed-rgb.mpeg,207,NÃO VACINAR GRIPE,NÃO VACINAR GRIPE
16-07-2024_16-21-25_p0039_s221_b4_CONV--ZED-RGB.mpeg,221,TER P-U-S MISTURAR AMARELO BRANCO MISTURAR,TER P-U-S MISTURAR AMARELO BRANCO MISTURAR
28-02-2024_17-05-30_p0011_s157_b2_CONV--zed-rgb.mpeg,157,CONTINUAR,CONTINUAR
16-07-2024_16-58-25_p0039_s279_b4_CONV--ZED-RGB.mpeg,279,DUAS-DOSES TOMAR DUAS-VEZES SEMANA,DUAS-DOSES TOMAR DUAS-VEZES SEMANA
21-02-2024_15-24-44_p0016_s100_b2_CONV--zed-rgb.mpeg,100,DOR VIRILHA,DOR VIRILHA
09-05-2024_14-25-12_p0033_s103_b2_CONV--ZED-RGB.mpeg,103,DOR JOELHO-DIREITO JOELHO-ESQUERDO,DOR JOELHO-DIREITO JOELHO-ESQUERDO
08-04-2024_16-30-53_p0021_s4_b1_CONV--ZED-RGB.mpeg,4,CONVULSÃO ENROLAR-LÍNGUA,CONVULSÃO ENROLAR-LÍNGUA
26-08-2024_15-46-40_p0019_s70_b1_CONV--ZED-RGB.mp4,70,1-HORA,1-HORA
30-04-2024_13-02-00_p0024_s84_b2_CONV--ZED-RGB.mpeg,84,TRÊS-DIAS,TRÊS-DIAS
10-05-2024_10-03-15_p0030_s270_b4_CONV--ZED-RGB.mpeg,270,G-I-N,G-I-N
07-05-2024_14-56-49_p0027_s13_b1_CONV--ZED-RGB.mpeg,13,DOR PERNA,DOR PERNA
18-06-2024_15-01-08_p0028_s99_b2_CONV--ZED-RGB.mpeg,99,DOR BAIXO-VENTRE,DOR BAIXO-VENTRE
09-05-2024_14-38-54_p0033_sP06.5_b2_CONV--ZED-RGB.mpeg,P6.5,DOR IGUAL FINCADA,DOR IGUAL FINCADA
13-03-2024_15-57-16_p0014_s237_b4_CONV--zed-rgb.mpeg,237,RINS FRACO,RINS FRACO
21-02-2024_15-26-19_p0016_sP06.2_b2_CONV--zed-rgb.mpeg,P6.2,COMO DOR,COMO DOR
28-06-2024_15-47-39_p0035_s278_b4_CONV--ZED-RGB.mpeg,278,UMA-DOSE TOMAR TODO-DIA,UMA-DOSE TOMAR TODO-DIA
26-08-2024_15-43-42_p0019_s64_b1_CONV--ZED-RGB.mp4,64,QUASE CABEÇA-SAIR NASCER,QUASE CABEÇA-SAIR NASCER
10-05-2024_16-51-22_p0033_s74_b1_CONV--ZED-RGB.mpeg,74,BEBER,BEBER
03-05-2024_08-35-50_p0030_s24_b1_CONV--ZED-RGB.mpeg,24,VOMITAR,VOMITAR
22-02-2024_15-32-32_p0014_s171_b3_CONV--zed-rgb.mpeg,171,UMA-VEZ,UMA-VEZ
21-02-2024_11-49-50_p0013_s48_b1_CONV--zed-rgb.mpeg,48,XIXI VAZAR,XIXI VAZAR
26-04-2024_15-13-31_p0028_s79_b1_CONV--ZED-RGB.mpeg,79,SENTADO,SENTADO
23-04-2024_11-14-14_p0024_sP18.3_b4_CONV--ZED-RGB.mpeg,P18.3,COMO FEZES COMO,COMO FEZES COMO
20-03-2024_15-05-33_p0015_s173_b3_CONV--ZED-RGB.mpeg,173,SEMPRE SEMPRE,SEMPRE SEMPRE
24-05-2024_18-57-33_p0031_s131_b2_CONV--ZED-RGB.mpeg,131,PERÍODO MENSTRUAR,PERÍODO MENSTRUAR
05-03-2024_10-45-05_p0014_s72_b1_CONV--zed-rgb.mpeg,72,2-MÊS,2-MÊS
07-03-2024_13-48-21_p0010_s100_b2_CONV--zed-rgb.mpeg,100,DOR VIRILHA,DOR VIRILHA
26-03-2024_15-47-47_p0022_s207_b3_CONV--ZED-RGB.mpeg,207,NÃO VACINAR GRIPE,NÃO VACINAR GRIPE
24-07-2024_14-22-14_p0041_s37_b1_CONV--ZED-RGB.mpeg,37,VERMELHO SANGUE DOCE BAIXO-ALTO,VERMELHO SANGUE DOCE BAIXO-ALTO
19-06-2024_16-41-52_p0023_s57_b1_CONV--ZED-RGB.mpeg,57,TONTEIRA,TONTEIRA
07-03-2024_14-10-42_p0010_s148.6_b2_CONV--zed-rgb.mpeg,148.6,F,F
24-05-2024_18-59-31_p0031_s137_b2_CONV--ZED-RGB.mpeg,137,ESTRESSE,ESTRESSE
20-05-2024_15-13-38_p0023_s84_b2_CONV--ZED-RGB.mpeg,84,TRÊS-DIAS,TRÊS-DIAS
25-03-2024_15-48-58_p0020_s258_b4_CONV--ZED-RGB.mpeg,258,ALERGIA NENHUM,ALERGIA NENHUM
17-07-2024_14-26-47_p0041_sP06.3_b2_CONV--ZED-RGB.mpeg,P6.3,DOR IGUAL PESO,DOR IGUAL PESO
29-04-2024_15-38-18_p0024_sP11.2_b3_CONV--ZED-RGB.mpeg,P11.2,SENTIR DOR OUTRAS-VEZES DIVERSAS-VEZES ENTÃO,SENTIR DOR OUTRAS-VEZES DIVERSAS-VEZES ENTÃO
12-06-2024_10-31-58_p0036_s150_b2_CONV--ZED-RGB.mpeg,150,ENTENDER,ENTENDER
22-01-2024_16-39-37_p9_s170.1--zed-rgb.mpeg,170.1,1,1
03-05-2024_08-54-30_p0030_s68_b1_CONV--ZED-RGB.mpeg,68,15 MINUTO,15 MINUTO
16-07-2024_16-55-31_p0039_s273_b4_CONV--ZED-RGB.mpeg,273,UM LATA UMA-VEZ SEMANA,UM LATA UMA-VEZ SEMANA
03-05-2024_08-30-02_p0030_s9_b1_CONV--ZED-RGB.mpeg,9,DOR LOMBAR,DOR LOMBAR
26-08-2024_15-38-25_p0019_s57_b1_CONV--ZED-RGB.mp4,57,TONTEIRA,TONTEIRA
17-07-2024_14-43-22_p0041_s151_b2_CONV--ZED-RGB.mpeg,151,OBRIGADO,OBRIGADO
17-07-2024_14-42-42_p0041_s149_b2_CONV--ZED-RGB.mpeg,149,DEVAGAR,DEVAGAR
03-05-2024_18-44-24_p0031_sP11.4_b3_CONV--ZED-RGB.mpeg,P11.4,AO-LONGO-DO-TEMPO DOR COMO AUMENTAR O-U DIMINUIR,AO-LONGO-DO-TEMPO DOR COMO AUMENTAR O-U DIMINUIR
11-05-2024_10-08-35_p0034_sP17.3_b3_CONV--ZED-RGB.mpeg,P17.3,VOCÊ JÁ VACINAR GRIPE,VOCÊ JÁ VACINAR GRIPE
15-05-2024_15-48-58_p0032_sP07_b2_CONV--ZED-RGB.mpeg,P7,SENTIR JUNTO ITENS MAIS TER,SENTIR JUNTO ITENS MAIS TER
30-01-2024_11-12-21_p11_s35--zed-rgb.mpeg,35,ARREPIAR FRIO,ARREPIAR FRIO
27-03-2024_16-32-59_p0015_s80_b1_CONV--ZED-RGB.mpeg,80,SENTADO EM-PÉ,SENTADO EM-PÉ
22-02-2024_13-51-06_p0018_s78_b1_CONV--zed-rgb.mpeg,78,CALADO DEITADO,CALADO DEITADO
19-03-2024_15-41-07_p0022_s148.6_b2_CONV--ZED-RGB.mpeg,148.6,F,F
19-07-2024_15-36-46_p0040_s48_b1_CONV--ZED-RGB.mpeg,48,XIXI VAZAR,XIXI VAZAR
28-06-2024_14-32-41_p0035_s65_b1_CONV--ZED-RGB.mpeg,65,NASCER VIVO,NASCER VIVO
03-05-2024_18-56-16_p0031_sP15.1_b3_CONV--ZED-RGB.mpeg,P15.1,TER TOSSE,TER TOSSE
26-08-2024_15-26-04_p0019_s30_b1_CONV--ZED-RGB.mp4,30,FERIR PELE,FERIR PELE
26-08-2024_15-37-35_p0019_s55_b1_CONV--ZED-RGB.mp4,55,VERMELHO NARIZ-SANGRAR GRIPE,VERMELHO NARIZ-SANGRAR GRIPE
08-04-2024_16-43-16_p0021_s30_b1_CONV--ZED-RGB.mpeg,30,FERIR PELE,FERIR PELE
29-04-2024_16-59-14_p0024_s64_b1_CONV--ZED-RGB.mpeg,64,QUASE CABEÇA-SAIR NASCER,QUASE CABEÇA-SAIR NASCER
29-04-2024_16-57-26_p0024_s62_b1_CONV--ZED-RGB.mpeg,62,MATERIAL GRUPO CORTAR TAMBÉM OBJETO-FINO-LONGO FINCAR,MATERIAL GRUPO CORTAR TAMBÉM OBJETO-FINO-LONGO FINCAR
02-05-2024_14-45-37_p0026_s163_b3_CONV--ZED-RGB.mpeg,163,TOMAR-BANHO CORPO PIOR NÃO,TOMAR-BANHO CORPO PIOR NÃO
08-06-2024_10-49-05_p0031_s73_b1_CONV--ZED-RGB.mpeg,73,COMER,COMER
07-03-2024_14-16-19_p0010_s154_b2_CONV--zed-rgb.mpeg,154,PARAR,PARAR
03-05-2024_14-06-52_p0027_s104_b2_CONV--ZED-RGB.mpeg,104,DOR PERNA-DIREITA PERNA-ESQUERDA,DOR PERNA-DIREITA PERNA-ESQUERDA
20-05-2024_12-12-24_p0034_s231_b4_CONV--ZED-RGB.mpeg,231,DEPRESSÃO,DEPRESSÃO
13-03-2024_15-03-48_p0014_s111_b2_CONV--zed-rgb.mpeg,111,DOR PESO,DOR PESO
09-05-2024_15-05-49_p0033_s148.4_b2_CONV--ZED-RGB.mpeg,148.4,D,D
05-06-2024_10-26-55_p0036_s264_b4_CONV--ZED-RGB.mpeg,264,CERVEJA,CERVEJA
18-04-2024_15-39-13_p0026_s132_b2_CONV--ZED-RGB.mpeg,132,NARIZ ESPIRRAR,NARIZ ESPIRRAR
27-05-2024_15-39-49_p0032_sP11.4_b3_CONV--ZED-RGB.mpeg,P11.4,AO-LONGO-DO-TEMPO DOR COMO AUMENTAR O-U DIMINUIR,AO-LONGO-DO-TEMPO DOR COMO AUMENTAR O-U DIMINUIR
05-03-2024_10-31-07_p0014_s28_b1_CONV--zed-rgb.mpeg,28,NARIZ-LADOS FECHAR,NARIZ-LADOS FECHAR
28-06-2024_14-37-57_p0035_s74_b1_CONV--ZED-RGB.mpeg,74,BEBER,BEBER
17-06-2024_15-29-10_p0019_s146_b2_CONV--ZED-RGB.mpeg,146,REMÉDIO,REMÉDIO
10-05-2024_09-14-32_p0030_s241_b3_CONV--ZED-RGB.mpeg,241,TRAZER RECEITA REMÉDIO,TRAZER RECEITA REMÉDIO
24-04-2024_15-27-24_p0027_s168_b3_CONV--ZED-RGB.mpeg,168,REMÉDIO CURAR,REMÉDIO CURAR
16-05-2024_14-57-50_p0034_s136_b2_CONV--ZED-RGB.mpeg,136,ANDAR,ANDAR
24-04-2024_15-35-49_p0027_s170.9_b3_CONV--ZED-RGB.mpeg,170.9,9,9
07-05-2024_14-30-50_p0027_s261_b4_CONV--ZED-RGB.mpeg,261,UM ANO,UM ANO
02-04-2024_14-59-30_p0021_sP09.1_b3_CONV--ZED-RGB.mpeg,P9.1,PEITO DOR O-U FALTAR A-R INSPIRAR PIORAR MOMENTO FÍSICO ESFORÇAR,PEITO DOR O-U FALTAR A-R INSPIRAR PIORAR MOMENTO FÍSICO ESFORÇAR
24-05-2024_18-49-30_p0031_s123_b2_CONV--ZED-RGB.mpeg,123,ZUMBIDO OUVIDO,ZUMBIDO OUVIDO
13-03-2024_15-06-54_p0014_sP06.5_b2_CONV--zed-rgb.mpeg,P6.5,DOR IGUAL FINCADA,DOR IGUAL FINCADA
10-05-2024_09-48-28_p0030_s239_b4_CONV--ZED-RGB.mpeg,239,VÍCIO BEBER ÁLCOOL,VÍCIO BEBER ÁLCOOL
22-02-2024_10-59-50_p0017_s171_b3_CONV--zed-rgb.mpeg,171,UMA-VEZ,UMA-VEZ
11-06-2024_14-13-34_p0035_s113_b2_CONV--ZED-RGB.mpeg,113,DOR PONTADA,DOR PONTADA
25-03-2024_16-09-19_p0020_s89_b2_CONV--ZED-RGB.mpeg,89,DOR LADO-CABEÇA,DOR LADO-CABEÇA
19-03-2024_15-26-32_p0022_s134_b2_CONV--ZED-RGB.mpeg,134,MASTIGAR,MASTIGAR
08-05-2024_09-38-40_p0030_s106_b2_CONV--ZED-RGB.mpeg,106,DOR PULSAR,DOR PULSAR
18-03-2024_15-33-05_p0020_s49_b1_CONV--ZED-RGB.mpeg,49,XIXI POUCO,XIXI POUCO
25-03-2024_16-43-52_p0020_s150_b2_CONV--ZED-RGB.mpeg,150,ENTENDER,ENTENDER
29-04-2024_16-52-42_p0024_s50_b1_CONV--ZED-RGB.mpeg,50,TODA-HORA URINAR,TODA-HORA URINAR
20-05-2024_12-23-32_p0034_s258_b4_CONV--ZED-RGB.mpeg,258,ALERGIA NENHUM,ALERGIA NENHUM
18-03-2024_15-46-26_p0020_s79_b1_CONV--ZED-RGB.mpeg,79,SENTADO,SENTADO
23-04-2024_11-12-52_p0024_sP18.1_b4_CONV--ZED-RGB.mpeg,P18.1,ENJOAR O-U VOMITAR,ENJOAR O-U VOMITAR
16-04-2024_15-39-27_p0016_sP11.5_b3_CONV--ZED-RGB.mpeg,P11.5,PERÍODO DOR TER AUMENTAR,PERÍODO DOR TER AUMENTAR
08-04-2024_16-38-46_p0021_s19_b1_CONV--ZED-RGB.mpeg,19,PALPITAÇÃO,PALPITAÇÃO
30-01-2024_11-14-21_p11_s42--zed-rgb.mpeg,42,COBRA PICAR,COBRA PICAR
08-06-2024_10-46-50_p0031_s68_b1_CONV--ZED-RGB.mpeg,68,15 MINUTO,15 MINUTO
21-02-2024_16-07-11_p0016_s148.13_b2_CONV--zed-rgb.mpeg,148.13,M,M
27-05-2024_15-10-58_p0032_s160_b3_CONV--ZED-RGB.mpeg,160,PLANO ANDAR CORPO PIOR,PLANO ANDAR CORPO PIOR
08-04-2024_15-48-49_p0021_s122_b2_CONV--ZED-RGB.mpeg,122,TODA-HORA URINAR,TODA-HORA URINAR
11-03-2024_15-42-26_p0020_s172_b3_CONV--zed-rgb.mpeg,172,VÁRIAS-VEZES,VÁRIAS-VEZES
08-06-2024_10-31-42_p0031_s37_b1_CONV--ZED-RGB.mpeg,37,VERMELHO SANGUE DOCE BAIXO-ALTO,VERMELHO SANGUE DOCE BAIXO-ALTO
07-05-2024_14-56-10_p0027_s11_b1_CONV--ZED-RGB.mpeg,11,DOR GARGANTA,DOR GARGANTA
29-04-2024_12-00-48_p0029_s148.17_b2_CONV--ZED-RGB.mpeg,148.17,Q,Q
11-03-2024_15-27-18_p0020_sP09.3_b3_CONV--zed-rgb.mpeg,P9.3,PLANO ANDAR FÍSICO PIOR,PLANO ANDAR FÍSICO PIOR
21-02-2024_11-50-04_p0013_s49_b1_CONV--zed-rgb.mpeg,49,XIXI POUCO,XIXI POUCO
11-06-2024_14-28-10_p0035_s137_b2_CONV--ZED-RGB.mpeg,137,ESTRESSE,ESTRESSE
28-06-2024_14-15-27_p0035_s25_b1_CONV--ZED-RGB.mpeg,25,FEZES ESCURO,FEZES ESCURO
22-02-2024_15-39-14_p0014_s182_b3_CONV--zed-rgb.mpeg,182,QUEIXO DOR ESPALHAR,QUEIXO DOR ESPALHAR
11-06-2024_13-58-01_p0035_s89_b2_CONV--ZED-RGB.mpeg,89,DOR LADO-CABEÇA,DOR LADO-CABEÇA
20-03-2024_15-08-09_p0015_s177_b3_CONV--ZED-RGB.mpeg,177,UM ANO,UM ANO
12-06-2024_10-31-05_p0036_s148.26_b2_CONV--ZED-RGB.mpeg,148.26,Z,Z
05-06-2024_10-23-39_p0036_s261_b4_CONV--ZED-RGB.mpeg,261,UM ANO,UM ANO
29-04-2024_15-32-38_p0024_s170.4_b3_CONV--ZED-RGB.mpeg,170.4,4,4
17-07-2024_14-29-22_p0041_s118_b2_CONV--ZED-RGB.mpeg,118,OLHOS-LACRIMEJAR,OLHOS-LACRIMEJAR
13-03-2024_15-27-41_p0014_s148.15_b2_CONV--zed-rgb.mpeg,148.15,O,O
08-05-2024_15-34-42_p0033_s171_b3_CONV--ZED-RGB.mpeg,171,UMA-VEZ,UMA-VEZ
08-06-2024_10-27-55_p0031_s26_b1_CONV--ZED-RGB.mpeg,26,TOSSIR,TOSSIR
07-05-2024_14-43-15_p0027_s282_b4_CONV--ZED-RGB.mpeg,282,UM COPO CHEIO TODO-DIA,UM COPO CHEIO TODO-DIA
30-04-2024_13-25-19_p0024_s120_b2_CONV--ZED-RGB.mpeg,120,VER DOBRADO,VER DOBRADO
11-05-2024_09-46-29_p0034_s177_b3_CONV--ZED-RGB.mpeg,177,UM ANO,UM ANO
12-03-2024_14-33-08_p0022_s44_b1_CONV--zed-rgb.mpeg,44,PRESSÃO-ARTERIAL ALTO-BAIXO,PRESSÃO-ARTERIAL ALTO-BAIXO
21-02-2024_11-29-09_p0013_s1_b1_CONV--zed-rgb.mpeg,1,CONFUSÃO-MENTAL PERCEPÇÃO ESQUECER,CONFUSÃO-MENTAL PERCEPÇÃO ESQUECER
26-08-2024_15-26-49_p0019_s32_b1_CONV--ZED-RGB.mp4,32,MANCHAS-PELE VERMELHO,MANCHAS-PELE VERMELHO
21-02-2024_15-56-13_p0016_s144_b2_CONV--zed-rgb.mpeg,144,ÁGUA FRIO COLOCAR-BRAÇO,ÁGUA FRIO COLOCAR-BRAÇO
18-04-2024_15-49-40_p0026_s148.17_b2_CONV--ZED-RGB.mpeg,148.17,Q,Q
29-04-2024_11-41-33_p0029_sP06.6_b2_CONV--ZED-RGB.mpeg,P6.6,DOR IGUAL SENTIR CHOQUE,DOR IGUAL SENTIR CHOQUE
22-04-2024_09-41-39_p0025_s202_b3_CONV--ZED-RGB.mpeg,202,CATARRO COLA SANGUE PONTOS,CATARRO COLA SANGUE PONTOS
05-06-2024_10-27-24_p0036_s265_b4_CONV--ZED-RGB.mpeg,265,VINHO,VINHO
02-05-2024_14-58-30_p0026_s173_b3_CONV--ZED-RGB.mpeg,173,SEMPRE SEMPRE,SEMPRE SEMPRE
08-05-2024_09-58-54_p0030_s148.10_b2_CONV--ZED-RGB.mpeg,148.10,J,J
30-01-2024_14-53-15_p12_s137--zed-rgb.mpeg,137,ESTRESSE,ESTRESSE
13-03-2024_15-51-28_p0014_s223_b4_CONV--zed-rgb.mpeg,223,DIABETES,DIABETES
26-02-2024_15-53-06_p0019_s245_b4_CONV--zed-rgb.mpeg,245,ÁCARO ALERGIA,ÁCARO ALERGIA
07-05-2024_15-01-35_p0027_s27_b1_CONV--ZED-RGB.mpeg,27,CATARRO GRIPE,CATARRO GRIPE
29-04-2024_15-31-09_p0024_s170.1_b3_CONV--ZED-RGB.mpeg,170.1,1,1
18-06-2024_16-52-13_p0028_s269_b4_CONV--ZED-RGB.mpeg,269,CACHAÇA,CACHAÇA
12-06-2024_17-05-45_p0038_s207_b3_CONV--ZED-RGB.mpeg,207,NÃO VACINAR GRIPE,NÃO VACINAR GRIPE
30-01-2024_14-39-18_p12_sP06.4--zed-rgb.mpeg,P6.4,DOR IGUAL QUEIMAR,DOR IGUAL QUEIMAR
26-02-2024_15-39-09_p0019_s225_b4_CONV--zed-rgb.mpeg,225,ARRITMIA,ARRITMIA
02-05-2024_15-06-40_p0026_s185_b3_CONV--ZED-RGB.mpeg,185,DOR BARRIGA-ESPALHAR BARRIGA,DOR BARRIGA-ESPALHAR BARRIGA
19-03-2024_14-53-57_p0022_s85_b2_CONV--ZED-RGB.mpeg,85,UM SEMANA,UM SEMANA
18-04-2024_10-21-30_p0025_s36_b1_CONV--ZED-RGB.mpeg,36,SUAR SUAR SUAR,SUAR SUAR SUAR
21-02-2024_15-45-41_p0016_s128_b2_CONV--zed-rgb.mpeg,128,LOCAIS BARULHO,LOCAIS BARULHO
19-03-2024_15-04-41_p0022_s101_b2_CONV--ZED-RGB.mpeg,101,DOR OMBROS,DOR OMBROS
21-02-2024_11-34-10_p0013_s18_b1_CONV--zed-rgb.mpeg,18,DIFÍCIL RESPIRAR,DIFÍCIL RESPIRAR
22-02-2024_10-55-10_p0017_s170.4_b3_CONV--zed-rgb.mpeg,170.4,4,4
11-06-2024_14-27-44_p0035_s136_b2_CONV--ZED-RGB.mpeg,136,ANDAR,ANDAR
07-03-2024_14-12-41_p0010_s148.16_b2_CONV--zed-rgb.mpeg,148.16,P,P
22-02-2024_14-03-35_p0018_s88_b2_CONV--zed-rgb.mpeg,88,NÃO,NÃO
06-05-2024_15-17-59_p0032_s218_b4_CONV--ZED-RGB.mpeg,218,FEZES-LÍQUIDAS ESCURO,FEZES-LÍQUIDAS ESCURO
28-06-2024_15-09-17_p0035_s216_b4_CONV--ZED-RGB.mpeg,216,FEZES-LÍQUIDAS-EXPLODIR,FEZES-LÍQUIDAS-EXPLODIR
02-05-2024_15-53-43_p0026_s230_b4_CONV--ZED-RGB.mpeg,230,DEPRESSÃO,DEPRESSÃO
20-05-2024_15-47-32_p0023_s129_b2_CONV--ZED-RGB.mpeg,129,LOCAIS LUZ-FORTE,LOCAIS LUZ-FORTE
13-03-2024_15-24-43_p0014_s148.5_b2_CONV--zed-rgb.mpeg,148.5,E,E
29-04-2024_11-44-10_p0029_s122_b2_CONV--ZED-RGB.mpeg,122,TODA-HORA URINAR,TODA-HORA URINAR
05-06-2024_15-14-01_p0037_s231_b4_CONV--ZED-RGB.mpeg,231,DEPRESSÃO,DEPRESSÃO
16-05-2024_15-04-09_p0034_s148.2_b2_CONV--ZED-RGB.mpeg,148.2,B,B
08-04-2024_16-44-49_p0021_s35_b1_CONV--ZED-RGB.mpeg,35,ARREPIAR FRIO,ARREPIAR FRIO
26-04-2024_15-11-43_p0028_s76_b1_CONV--ZED-RGB.mpeg,76,LIMPAR CASA,LIMPAR CASA
19-07-2024_14-32-41_p0040_s148.14_b2_CONV--ZED-RGB.mpeg,148.14,N,N
26-04-2024_15-10-27_p0028_s75_b1_CONV--ZED-RGB.mpeg,75,TOSSIR,TOSSIR
18-04-2024_10-28-20_p0025_s52_b1_CONV--ZED-RGB.mpeg,52,XIXI ESPUMAR,XIXI ESPUMAR
28-02-2024_16-53-34_p0011_s148.2_b2_CONV--zed-rgb.mpeg,148.2,B,B
28-06-2024_15-15-01_p0035_s223_b4_CONV--ZED-RGB.mpeg,223,DIABETES,DIABETES
11-06-2024_14-09-41_p0035_s107_b2_CONV--ZED-RGB.mpeg,107,DOR PROFUNDO,DOR PROFUNDO
26-04-2024_14-47-10_p0028_s35_b1_CONV--ZED-RGB.mpeg,35,ARREPIAR FRIO,ARREPIAR FRIO
16-05-2024_15-08-20_p0034_s148.13_b2_CONV--ZED-RGB.mpeg,148.13,M,M
08-05-2024_09-27-56_p0030_s82_b2_CONV--ZED-RGB.mpeg,82,SEIS HORAS,SEIS HORAS
08-05-2024_15-40-15_p0033_s177_b3_CONV--ZED-RGB.mpeg,177,UM ANO,UM ANO
03-04-2024_15-32-13_p0023_s211_b4_CONV--ZED-RGB.mpeg,211,FRAGMENTOS MISTURAR MOLE,FRAGMENTOS MISTURAR MOLE
08-04-2024_16-45-53_p0021_s38_b1_CONV--ZED-RGB.mpeg,38,TENTAR SUICIDAR,TENTAR SUICIDAR
22-02-2024_14-38-08_p0018_s148.25_b2_CONV--zed-rgb.mpeg,148.25,Y,Y
16-04-2024_10-57-48_p0025_s274_b4_CONV--ZED-RGB.mpeg,274,DOIS LATAS DUAS-VEZES SEMANA,DOIS LATAS DUAS-VEZES SEMANA
16-05-2024_14-44-00_p0034_s120_b2_CONV--ZED-RGB.mpeg,120,VER DOBRADO,VER DOBRADO
20-05-2024_16-04-05_p0023_s148.8_b2_CONV--ZED-RGB.mpeg,148.8,H,H
24-04-2024_15-21-54_p0027_sP09.5_b3_CONV--ZED-RGB.mpeg,P9.5,DEITAR CALMA PIOR,DEITAR CALMA PIOR
10-05-2024_16-32-17_p0033_s24_b1_CONV--ZED-RGB.mpeg,24,VOMITAR,VOMITAR
11-05-2024_09-57-44_p0034_s192_b3_CONV--ZED-RGB.mpeg,192,FICAR-EM-PÉ SENTAR DEITAR DOR PIORAR SIM,FICAR-EM-PÉ SENTAR DEITAR DOR PIORAR SIM
22-01-2024_16-54-02_p9_s181--zed-rgb.mpeg,181,PESCOÇO DOR ESPALHAR,PESCOÇO DOR ESPALHAR
18-06-2024_15-01-29_p0028_s100_b2_CONV--ZED-RGB.mpeg,100,DOR VIRILHA,DOR VIRILHA
11-06-2024_14-46-34_p0035_s157_b2_CONV--ZED-RGB.mpeg,157,CONTINUAR,CONTINUAR
12-03-2024_14-20-07_p0022_s10_b1_CONV--zed-rgb.mpeg,10,DOR BARRIGA,DOR BARRIGA
29-04-2024_15-19-09_p0024_sP09.4_b3_CONV--ZED-RGB.mpeg,P9.4,TOMAR-BANHO FÍSICO PIOR,TOMAR-BANHO FÍSICO PIOR
18-04-2024_15-30-16_p0026_s110_b2_CONV--ZED-RGB.mpeg,110,DOR APERTAR,DOR APERTAR
18-03-2024_11-34-52_p0013_sP23.2_b4_CONV--ZED-RGB.mpeg,P23.2,TOTAL TEMPO QUANTO,TOTAL TEMPO QUANTO
03-05-2024_14-11-34_p0027_sP06.3_b2_CONV--ZED-RGB.mpeg,P6.3,DOR IGUAL PESO,DOR IGUAL PESO
22-02-2024_14-09-17_p0018_s105_b2_CONV--zed-rgb.mpeg,105,DOR TESTÍCULOS,DOR TESTÍCULOS
18-03-2024_15-35-42_p0020_s57_b1_CONV--ZED-RGB.mpeg,57,TONTEIRA,TONTEIRA
11-06-2024_14-25-37_p0035_s131_b2_CONV--ZED-RGB.mpeg,131,PERÍODO MENSTRUAR,PERÍODO MENSTRUAR
16-05-2024_15-14-22_p0034_s150_b2_CONV--ZED-RGB.mpeg,150,ENTENDER,ENTENDER
22-02-2024_14-21-32_p0018_sP08.1_b2_CONV--zed-rgb.mpeg,P8.1,S-I FAZER COISAS SENTIR DOR PIORAR,S-I FAZER COISAS SENTIR DOR PIORAR
12-03-2024_10-45-12_p0021_s259_b4_CONV--zed-rgb.mpeg,259,TER FUMAR SIM,TER FUMAR SIM
17-07-2024_14-31-46_p0041_sP08.1_b2_CONV--ZED-RGB.mpeg,P8.1,S-I FAZER COISAS SENTIR DOR PIORAR,S-I FAZER COISAS SENTIR DOR PIORAR
20-02-2024_16-44-40_p0015_s251_b4_CONV--zed-rgb.mpeg,251,ALERGIA GRUPO BORRACHA,ALERGIA GRUPO BORRACHA
22-01-2024_16-39-47_p9_s170.2--zed-rgb.mpeg,170.2,2,2
10-05-2024_09-40-51_p0030_sP18.5_b4_CONV--ZED-RGB.mpeg,P18.5,VOCÊ BARRIGA DOR ENTÃO,VOCÊ BARRIGA DOR ENTÃO
20-03-2024_15-05-13_p0015_s172_b3_CONV--ZED-RGB.mpeg,172,VÁRIAS-VEZES,VÁRIAS-VEZES
18-03-2024_11-10-53_p0013_s211_b4_CONV--ZED-RGB.mpeg,211,FRAGMENTOS MISTURAR MOLE,FRAGMENTOS MISTURAR MOLE
08-06-2024_10-26-33_p0031_s22_b1_CONV--ZED-RGB.mpeg,22,EVACUAR MOLE VERMELHO,EVACUAR MOLE VERMELHO
10-05-2024_09-59-09_p0030_s263_b4_CONV--ZED-RGB.mpeg,263,DEZ ANO,DEZ ANO
11-06-2024_14-34-52_p0035_s148.3_b2_CONV--ZED-RGB.mpeg,148.3,C,C
09-05-2024_14-41-03_p0033_s118_b2_CONV--ZED-RGB.mpeg,118,OLHOS-LACRIMEJAR,OLHOS-LACRIMEJAR
13-03-2024_15-15-28_p0014_s130_b2_CONV--zed-rgb.mpeg,130,CORPO ESFORÇAR,CORPO ESFORÇAR
20-02-2024_17-03-35_p0015_s280_b4_CONV--zed-rgb.mpeg,280,TAÇA TOMAR VINHO UMA-VEZ SEMANA,TAÇA TOMAR VINHO UMA-VEZ SEMANA
10-05-2024_08-50-44_p0030_s184_b3_CONV--ZED-RGB.mpeg,184,DOR BRAÇO-ESPALHAR,DOR BRAÇO-ESPALHAR
07-03-2024_14-10-23_p0010_s148.4_b2_CONV--zed-rgb.mpeg,148.4,D,D
18-04-2024_15-53-33_p0026_s154_b2_CONV--ZED-RGB.mpeg,154,PARAR,PARAR
30-01-2024_14-43-38_p12_s124--zed-rgb.mpeg,124,GASES,GASES
22-04-2024_09-48-28_p0025_s242_b3_CONV--ZED-RGB.mpeg,242,EU USAR REMÉDIO,EU USAR REMÉDIO
07-05-2024_14-53-33_p0027_s3_b1_CONV--ZED-RGB.mpeg,3,MUDAR COMPORTAMENTO,MUDAR COMPORTAMENTO
26-08-2024_15-29-54_p0019_s38_b1_CONV--ZED-RGB.mp4,38,TENTAR SUICIDAR,TENTAR SUICIDAR
17-07-2024_14-41-09_p0041_s145_b2_CONV--ZED-RGB.mpeg,145,ÁGUA QUENTE COLOCAR-BRAÇO,ÁGUA QUENTE COLOCAR-BRAÇO
19-03-2024_15-33-11_p0022_s141_b2_CONV--ZED-RGB.mpeg,141,MEXER-PESCOÇO,MEXER-PESCOÇO
16-04-2024_15-34-40_p0016_s171_b3_CONV--ZED-RGB.mpeg,171,UMA-VEZ,UMA-VEZ
12-03-2024_10-36-36_p0021_s248_b4_CONV--zed-rgb.mpeg,248,ALERGIA CACHORRO,ALERGIA CACHORRO
18-04-2024_10-19-03_p0025_s29_b1_CONV--ZED-RGB.mpeg,29,INCHAR,INCHAR
07-05-2024_15-00-59_p0027_s25_b1_CONV--ZED-RGB.mpeg,25,FEZES ESCURO,FEZES ESCURO
10-05-2024_16-37-57_p0033_s37_b1_CONV--ZED-RGB.mpeg,37,VERMELHO SANGUE DOCE BAIXO-ALTO,VERMELHO SANGUE DOCE BAIXO-ALTO
26-03-2024_16-37-18_p0022_s279_b4_CONV--ZED-RGB.mpeg,279,DUAS-DOSES TOMAR DUAS-VEZES SEMANA,DUAS-DOSES TOMAR DUAS-VEZES SEMANA
12-07-2024_14-55-36_p0040_s170.6_b3_CONV--ZED-RGB.mpeg,170.6,6,6
25-03-2024_16-41-48_p0020_s148.20_b2_CONV--ZED-RGB.mpeg,148.20,T,T
20-03-2024_14-51-19_p0015_s161_b3_CONV--ZED-RGB.mpeg,161,PLANO ANDAR FÍSICO PIOR NÃO,PLANO ANDAR FÍSICO PIOR NÃO
15-05-2024_16-13-20_p0032_s141_b2_CONV--ZED-RGB.mpeg,141,MEXER-PESCOÇO,MEXER-PESCOÇO
08-05-2024_15-44-22_p0033_sP11.4_b3_CONV--ZED-RGB.mpeg,P11.4,AO-LONGO-DO-TEMPO DOR COMO AUMENTAR O-U DIMINUIR,AO-LONGO-DO-TEMPO DOR COMO AUMENTAR O-U DIMINUIR
30-01-2024_15-02-33_p12_s148.10--zed-rgb.mpeg,148.10,J,J
24-04-2024_16-02-25_p0027_sP15.4_b3_CONV--ZED-RGB.mpeg,P15.4,CATARRO COLA COR QUAL,CATARRO COLA COR QUAL
26-04-2024_14-39-54_p0028_s22_b1_CONV--ZED-RGB.mpeg,22,EVACUAR MOLE VERMELHO,EVACUAR MOLE VERMELHO
16-04-2024_15-21-33_p0016_sP09.4_b3_CONV--ZED-RGB.mpeg,P9.4,TOMAR-BANHO FÍSICO PIOR,TOMAR-BANHO FÍSICO PIOR
23-05-2024_14-47-34_p0035_s166_b3_CONV--ZED-RGB.mpeg,166,SUBIR-ESCADA CORPO PIOR,SUBIR-ESCADA CORPO PIOR
23-05-2024_15-23-56_p0035_sP21.1_b3_CONV--ZED-RGB.mpeg,P21.1,DOCUMENTO REMÉDIO VOCÊ TRAZER,DOCUMENTO REMÉDIO VOCÊ TRAZER
08-05-2024_16-17-45_p0033_s201_b3_CONV--ZED-RGB.mpeg,201,CATARRO COLA VERMELHO,CATARRO COLA VERMELHO
15-05-2024_16-47-31_p0032_s148.18_b2_CONV--ZED-RGB.mpeg,148.18,R,R
19-06-2024_16-35-38_p0023_s42_b1_CONV--ZED-RGB.mpeg,42,COBRA PICAR,COBRA PICAR
02-05-2024_16-18-17_p0026_s282_b4_CONV--ZED-RGB.mpeg,282,UM COPO CHEIO TODO-DIA,UM COPO CHEIO TODO-DIA
08-04-2024_16-12-57_p0021_s148.18_b2_CONV--ZED-RGB.mpeg,148.18,R,R
23-05-2024_15-06-55_p0035_s184_b3_CONV--ZED-RGB.mpeg,184,DOR BRAÇO-ESPALHAR,DOR BRAÇO-ESPALHAR
02-04-2024_15-15-45_p0021_s170.0_b3_CONV--ZED-RGB.mpeg,170.0,0,0
08-04-2024_16-17-29_p0021_s151_b2_CONV--ZED-RGB.mpeg,151,OBRIGADO,OBRIGADO
21-02-2024_11-54-45_p0013_s64_b1_CONV--zed-rgb.mpeg,64,QUASE CABEÇA-SAIR NASCER,QUASE CABEÇA-SAIR NASCER
13-03-2024_15-43-08_p0014_s215_b4_CONV--zed-rgb.mpeg,215,FEZES-LÍQUIDAS BORBULHAR,FEZES-LÍQUIDAS BORBULHAR
18-03-2024_11-29-24_p0013_s252_b4_CONV--ZED-RGB.mpeg,252,ALERGIA LEITE,ALERGIA LEITE
07-03-2024_13-43-07_p0010_s88_b2_CONV--zed-rgb.mpeg,88,NÃO,NÃO
03-05-2024_08-55-16_p0030_s70_b1_CONV--ZED-RGB.mpeg,70,1-HORA,1-HORA
28-06-2024_14-23-03_p0035_s45_b1_CONV--ZED-RGB.mpeg,45,PROBLEMA OLHOS,PROBLEMA OLHOS
22-04-2024_09-17-56_p0025_s170.1_b3_CONV--ZED-RGB.mpeg,170.1,1,1
11-05-2024_09-22-24_p0034_sP09.2_b3_CONV--ZED-RGB.mpeg,P9.2,SUBIR-MORRO FÍSICO PIOR,SUBIR-MORRO FÍSICO PIOR
29-02-2024_14-04-39_p0010_s46_b1_CONV--zed-rgb.mpeg,46,PROBLEMA OUVIDOS,PROBLEMA OUVIDOS
25-03-2024_15-57-43_p0020_s274_b4_CONV--ZED-RGB.mpeg,274,DOIS LATAS DUAS-VEZES SEMANA,DOIS LATAS DUAS-VEZES SEMANA
24-04-2024_15-43-07_p0027_s177_b3_CONV--ZED-RGB.mpeg,177,UM ANO,UM ANO
22-02-2024_15-22-12_p0014_s162_b3_CONV--zed-rgb.mpeg,162,TOMAR-BANHO CORPO PIOR,TOMAR-BANHO CORPO PIOR
21-02-2024_16-05-58_p0016_s148.5_b2_CONV--zed-rgb.mpeg,148.5,E,E
18-03-2024_11-12-37_p0013_s215_b4_CONV--ZED-RGB.mpeg,215,FEZES-LÍQUIDAS BORBULHAR,FEZES-LÍQUIDAS BORBULHAR
08-04-2024_16-39-44_p0021_s22_b1_CONV--ZED-RGB.mpeg,22,EVACUAR MOLE VERMELHO,EVACUAR MOLE VERMELHO
22-04-2024_09-13-39_p0025_s166_b3_CONV--ZED-RGB.mpeg,166,SUBIR-ESCADA CORPO PIOR,SUBIR-ESCADA CORPO PIOR
02-04-2024_15-16-59_p0021_s170.2_b3_CONV--ZED-RGB.mpeg,170.2,2,2
08-05-2024_09-32-51_p0030_s94_b2_CONV--ZED-RGB.mpeg,94,DOR OUVIDO-DIREITO OUVIDO-ESQUERDO,DOR OUVIDO-DIREITO OUVIDO-ESQUERDO
03-05-2024_14-16-18_p0027_s129_b2_CONV--ZED-RGB.mpeg,129,LOCAIS LUZ-FORTE,LOCAIS LUZ-FORTE
22-01-2024_17-40-26_p9_s243--zed-rgb.mpeg,243,NÃO TRAZER RECEITA REMÉDIO NENHUM,NÃO TRAZER RECEITA REMÉDIO NENHUM
25-03-2024_16-20-04_p0020_s116_b2_CONV--ZED-RGB.mpeg,116,DOR APERTAR PONTADA,DOR APERTAR PONTADA
22-01-2024_16-40-36_p9_s170.6--zed-rgb.mpeg,170.6,6,6
20-05-2024_11-52-30_p0034_s68_b1_CONV--ZED-RGB.mpeg,68,15 MINUTO,15 MINUTO
22-04-2024_09-39-04_p0025_sP15.4_b3_CONV--ZED-RGB.mpeg,P15.4,CATARRO COLA COR QUAL,CATARRO COLA COR QUAL
18-06-2024_15-44-14_p0028_s152_b2_CONV--ZED-RGB.mpeg,152,OBRIGADO,OBRIGADO
29-04-2024_17-00-04_p0024_s66_b1_CONV--ZED-RGB.mpeg,66,VAGINA VERMELHO SANGRAR,VAGINA VERMELHO SANGRAR
16-04-2024_10-33-37_p0025_s232_b4_CONV--ZED-RGB.mpeg,232,ANSIEDADE,ANSIEDADE
30-01-2024_15-12-23_p12_s156--zed-rgb.mpeg,156,NÃO-ENTENDER,NÃO-ENTENDER
23-04-2024_15-23-25_p0026_s50_b1_CONV--ZED-RGB.mpeg,50,TODA-HORA URINAR,TODA-HORA URINAR
28-06-2024_14-22-02_p0035_s43_b1_CONV--ZED-RGB.mpeg,43,ESCORPIÃO PICAR,ESCORPIÃO PICAR
13-03-2024_15-38-59_p0014_s209_b4_CONV--zed-rgb.mpeg,209,NENHUM VONTADE NADA VOMITAR,NENHUM VONTADE NADA VOMITAR
03-05-2024_14-16-34_p0027_s130_b2_CONV--ZED-RGB.mpeg,130,CORPO ESFORÇAR,CORPO ESFORÇAR
20-05-2024_12-05-32_p0034_s220_b4_CONV--ZED-RGB.mpeg,220,TER M-U-C-O COLA,TER M-U-C-O COLA
03-04-2024_15-58-31_p0023_s255_b4_CONV--ZED-RGB.mpeg,255,ALERGIA CATEGORIA T-R-I-G-O FARINHA,ALERGIA CATEGORIA T-R-I-G-O FARINHA
16-04-2024_15-54-02_p0016_s195_b3_CONV--ZED-RGB.mpeg,195,CATARRO COLA NENHUM,CATARRO COLA NENHUM
05-03-2024_10-42-50_p0014_s65_b1_CONV--zed-rgb.mpeg,65,NASCER VIVO,NASCER VIVO
21-02-2024_11-52-20_p0013_s57_b1_CONV--zed-rgb.mpeg,57,TONTEIRA,TONTEIRA
13-05-2024_16-24-28_p0028_s196_b3_CONV--ZED-RGB.mpeg,196,TOSSE CATARRO COLA,TOSSE CATARRO COLA
21-02-2024_15-57-47_p0016_s148.2_b2_CONV--zed-rgb.mpeg,148.2,B,B
13-03-2024_15-24-00_p0014_s148.3_b2_CONV--zed-rgb.mpeg,148.3,C,C
03-05-2024_08-47-19_p0030_s51_b1_CONV--ZED-RGB.mpeg,51,XIXI ESCURO,XIXI ESCURO
22-02-2024_13-47-24_p0018_s65_b1_CONV--zed-rgb.mpeg,65,NASCER VIVO,NASCER VIVO
05-06-2024_10-40-46_p0036_sP25.1_b4_CONV--ZED-RGB.mpeg,P25.1,FAZER JÁ CIRURGIA QUANTOS PASSADO S-I SIM QUAL,FAZER JÁ CIRURGIA QUANTOS PASSADO S-I SIM QUAL
08-04-2024_15-31-40_p0021_s95_b2_CONV--ZED-RGB.mpeg,95,DOR OLHOS,DOR OLHOS
13-03-2024_15-47-08_p0014_s218_b4_CONV--zed-rgb.mpeg,218,FEZES-LÍQUIDAS ESCURO,FEZES-LÍQUIDAS ESCURO
08-04-2024_16-42-57_p0021_s29_b1_CONV--ZED-RGB.mpeg,29,INCHAR,INCHAR
13-03-2024_15-32-00_p0014_s151_b2_CONV--zed-rgb.mpeg,151,OBRIGADO,OBRIGADO
01-08-2024_17-02-46_p0042_s241_b3_CONV--ZED-RGB.mpeg,241,TRAZER RECEITA REMÉDIO,TRAZER RECEITA REMÉDIO
13-03-2024_14-59-53_p0014_s104_b2_CONV--zed-rgb.mpeg,104,DOR PERNA-DIREITA PERNA-ESQUERDA,DOR PERNA-DIREITA PERNA-ESQUERDA
19-07-2024_15-51-23_p0040_s73_b1_CONV--ZED-RGB.mpeg,73,COMER,COMER
26-03-2024_15-05-02_p0022_s163_b3_CONV--ZED-RGB.mpeg,163,TOMAR-BANHO CORPO PIOR NÃO,TOMAR-BANHO CORPO PIOR NÃO
18-06-2024_15-38-23_p0028_s148.16_b2_CONV--ZED-RGB.mpeg,148.16,P,P
20-05-2024_11-32-30_p0034_s29_b1_CONV--ZED-RGB.mpeg,29,INCHAR,INCHAR
07-05-2024_15-08-31_p0027_s48_b1_CONV--ZED-RGB.mpeg,48,XIXI VAZAR,XIXI VAZAR
23-05-2024_15-20-20_p0035_sP17.2_b3_CONV--ZED-RGB.mpeg,P17.2,QUANTOS VACINAR,QUANTOS VACINAR
03-05-2024_14-20-20_p0027_s143_b2_CONV--ZED-RGB.mpeg,143,DEITAR,DEITAR
19-06-2024_10-00-50_p0036_s26_b1_CONV--ZED-RGB.mpeg,26,TOSSIR,TOSSIR
19-03-2024_15-53-08_p0022_s152_b2_CONV--ZED-RGB.mpeg,152,OBRIGADO,OBRIGADO
23-05-2024_14-43-17_p0035_sP09.4_b3_CONV--ZED-RGB.mpeg,P9.4,TOMAR-BANHO FÍSICO PIOR,TOMAR-BANHO FÍSICO PIOR
23-05-2024_15-24-45_p0035_s243_b3_CONV--ZED-RGB.mpeg,243,NÃO TRAZER RECEITA REMÉDIO NENHUM,NÃO TRAZER RECEITA REMÉDIO NENHUM
08-08-2024_14-42-48_p0042_s92_b2_CONV--ZED-RGB.mpeg,92,DOR TESTA,DOR TESTA
19-03-2024_15-46-31_p0022_s148.22_b2_CONV--ZED-RGB.mpeg,148.22,V,V
17-06-2024_15-18-12_p0019_s127_b2_CONV--ZED-RGB.mpeg,127,COMER COISAS ÓLEO,COMER COISAS ÓLEO
08-04-2024_15-53-07_p0021_s130_b2_CONV--ZED-RGB.mpeg,130,CORPO ESFORÇAR,CORPO ESFORÇAR
27-05-2024_15-30-36_p0032_s170.8_b3_CONV--ZED-RGB.mpeg,170.8,8,8
22-02-2024_14-07-25_p0018_s98_b2_CONV--zed-rgb.mpeg,98,DOR BEXIGA,DOR BEXIGA
16-04-2024_11-02-13_p0025_s282_b4_CONV--ZED-RGB.mpeg,282,UM COPO CHEIO TODO-DIA,UM COPO CHEIO TODO-DIA
30-01-2024_14-15-07_p12_s89--zed-rgb.mpeg,89,DOR LADO-CABEÇA,DOR LADO-CABEÇA
30-04-2024_13-33-44_p0024_s136_b2_CONV--ZED-RGB.mpeg,136,ANDAR,ANDAR
30-04-2024_13-20-27_p0024_sP06.3_b2_CONV--ZED-RGB.mpeg,P6.3,DOR IGUAL PESO,DOR IGUAL PESO
03-05-2024_14-30-00_p0027_s154_b2_CONV--ZED-RGB.mpeg,154,PARAR,PARAR
03-05-2024_08-30-23_p0030_s10_b1_CONV--ZED-RGB.mpeg,10,DOR BARRIGA,DOR BARRIGA
30-04-2024_13-17-07_p0024_s110_b2_CONV--ZED-RGB.mpeg,110,DOR APERTAR,DOR APERTAR
24-01-2024_17-16-57_p10_s239--zed-rgb.mpeg,239,VÍCIO BEBER ÁLCOOL,VÍCIO BEBER ÁLCOOL
19-06-2024_16-16-12_p0023_s1_b1_CONV--ZED-RGB.mpeg,1,CONFUSÃO-MENTAL PERCEPÇÃO ESQUECER,CONFUSÃO-MENTAL PERCEPÇÃO ESQUECER
27-05-2024_16-04-25_p0032_s204_b3_CONV--ZED-RGB.mpeg,204,DOIS VACINA,DOIS VACINA
10-05-2024_16-37-07_p0033_s34_b1_CONV--ZED-RGB.mpeg,34,FEBRE,FEBRE
19-06-2024_10-13-09_p0036_s51_b1_CONV--ZED-RGB.mpeg,51,XIXI ESCURO,XIXI ESCURO
22-02-2024_14-21-07_p0018_s124_b2_CONV--zed-rgb.mpeg,124,GASES,GASES
20-03-2024_15-03-48_p0015_s170.10_b3_CONV--ZED-RGB.mpeg,170.10,10,10
30-01-2024_14-38-14_p12_s116--zed-rgb.mpeg,116,DOR APERTAR PONTADA,DOR APERTAR PONTADA
24-05-2024_19-15-52_p0031_s156_b2_CONV--ZED-RGB.mpeg,156,NÃO-ENTENDER,NÃO-ENTENDER
08-04-2024_15-38-36_p0021_s105_b2_CONV--ZED-RGB.mpeg,105,DOR TESTÍCULOS,DOR TESTÍCULOS
29-04-2024_15-36-51_p0024_s171_b3_CONV--ZED-RGB.mpeg,171,UMA-VEZ,UMA-VEZ
29-04-2024_17-01-52_p0024_s69_b1_CONV--ZED-RGB.mpeg,69,30 MINUTO,30 MINUTO
26-03-2024_15-15-26_p0022_s170.7_b3_CONV--ZED-RGB.mpeg,170.7,7,7
30-01-2024_11-02-35_p11_s4--zed-rgb.mpeg,4,CONVULSÃO ENROLAR-LÍNGUA,CONVULSÃO ENROLAR-LÍNGUA
20-05-2024_16-07-41_p0023_s148.20_b2_CONV--ZED-RGB.mpeg,148.20,T,T
26-08-2024_15-15-41_p0019_s4_b1_CONV--ZED-RGB.mp4,4,CONVULSÃO ENROLAR-LÍNGUA,CONVULSÃO ENROLAR-LÍNGUA
02-04-2024_15-56-43_p0021_sP21.1_b3_CONV--ZED-RGB.mpeg,P21.1,DOCUMENTO REMÉDIO VOCÊ TRAZER,DOCUMENTO REMÉDIO VOCÊ TRAZER
06-05-2024_16-11-50_p0032_s283_b4_CONV--ZED-RGB.mpeg,283,UM COPO UMA-VEZ SEMANA,UM COPO UMA-VEZ SEMANA
05-06-2024_10-31-58_p0036_s272_b4_CONV--ZED-RGB.mpeg,272,UM LATA TODO-DIA,UM LATA TODO-DIA
21-02-2024_15-20-57_p0016_s91_b2_CONV--zed-rgb.mpeg,91,DOR LADO-CABEÇA LADO-CABEÇA,DOR LADO-CABEÇA LADO-CABEÇA
28-06-2024_15-43-47_p0035_s271_b4_CONV--ZED-RGB.mpeg,271,CHAMPANHE,CHAMPANHE
16-05-2024_15-06-08_p0034_s148.7_b2_CONV--ZED-RGB.mpeg,148.7,G,G
16-05-2024_15-13-59_p0034_s149_b2_CONV--ZED-RGB.mpeg,149,DEVAGAR,DEVAGAR
13-05-2024_15-35-32_p0028_s163_b3_CONV--ZED-RGB.mpeg,163,TOMAR-BANHO CORPO PIOR NÃO,TOMAR-BANHO CORPO PIOR NÃO
10-05-2024_09-15-21_p0030_sP21.2_b3_CONV--ZED-RGB.mpeg,P21.2,USAR REMÉDIO,USAR REMÉDIO
18-04-2024_15-49-53_p0026_s148.18_b2_CONV--ZED-RGB.mpeg,148.18,R,R
17-07-2024_14-36-18_p0041_s135_b2_CONV--ZED-RGB.mpeg,135,ENGOLIR,ENGOLIR
15-05-2024_16-08-35_p0032_s137_b2_CONV--ZED-RGB.mpeg,137,ESTRESSE,ESTRESSE
16-07-2024_16-41-54_p0039_s256_b4_CONV--ZED-RGB.mpeg,256,ALERGIA AMENDOIM,ALERGIA AMENDOIM
03-05-2024_08-50-29_p0030_s60_b1_CONV--ZED-RGB.mpeg,60,AGREDIR,AGREDIR
20-05-2024_11-51-05_p0034_s66_b1_CONV--ZED-RGB.mpeg,66,VAGINA VERMELHO SANGRAR,VAGINA VERMELHO SANGRAR
23-05-2024_14-56-10_p0035_s170.9_b3_CONV--ZED-RGB.mpeg,170.9,9,9
29-04-2024_11-28-26_p0029_s88_b2_CONV--ZED-RGB.mpeg,88,NÃO,NÃO
08-05-2024_10-02-02_p0030_s148.21_b2_CONV--ZED-RGB.mpeg,148.21,U,U
20-05-2024_12-16-21_p0034_s240_b4_CONV--ZED-RGB.mpeg,240,VÍCIO FUMAR,VÍCIO FUMAR
02-04-2024_15-43-02_p0021_sP15.2_b3_CONV--ZED-RGB.mpeg,P15.2,TOSSE COMO,TOSSE COMO
20-03-2024_15-02-11_p0015_s170.5_b3_CONV--ZED-RGB.mpeg,170.5,5,5
11-06-2024_14-39-53_p0035_s148.17_b2_CONV--ZED-RGB.mpeg,148.17,Q,Q
02-05-2024_15-25-25_p0026_s241_b3_CONV--ZED-RGB.mpeg,241,TRAZER RECEITA REMÉDIO,TRAZER RECEITA REMÉDIO
22-04-2024_09-48-47_p0025_s244_b3_CONV--ZED-RGB.mpeg,244,NÃO USAR MEDICAMENTO NÃO,NÃO USAR MEDICAMENTO NÃO
02-05-2024_15-04-33_p0026_s180_b3_CONV--ZED-RGB.mpeg,180,NUCA DOR ESPALHAR,NUCA DOR ESPALHAR
16-05-2024_14-49-46_p0034_s125_b2_CONV--ZED-RGB.mpeg,125,COMER CATEGORIA ÁCIDO MAIS APIMENTADO,COMER CATEGORIA ÁCIDO MAIS APIMENTADO
03-05-2024_14-19-30_p0027_s141_b2_CONV--ZED-RGB.mpeg,141,MEXER-PESCOÇO,MEXER-PESCOÇO
23-04-2024_15-18-03_p0026_s35_b1_CONV--ZED-RGB.mpeg,35,ARREPIAR FRIO,ARREPIAR FRIO
03-05-2024_18-39-38_p0031_s172_b3_CONV--ZED-RGB.mpeg,172,VÁRIAS-VEZES,VÁRIAS-VEZES
30-01-2024_15-02-51_p12_s148.11--zed-rgb.mpeg,148.11,K,K
27-05-2024_16-48-40_p0032_s41_b1_CONV--ZED-RGB.mpeg,41,GATO MORDER,GATO MORDER
22-02-2024_11-47-41_p0017_s249_b4_CONV--zed-rgb.mpeg,249,ALERGIA GATO,ALERGIA GATO
08-06-2024_10-45-47_p0031_s66_b1_CONV--ZED-RGB.mpeg,66,VAGINA VERMELHO SANGRAR,VAGINA VERMELHO SANGRAR
17-06-2024_16-00-38_p0019_s154_b2_CONV--ZED-RGB.mpeg,154,PARAR,PARAR
18-04-2024_10-34-13_p0025_s66_b1_CONV--ZED-RGB.mpeg,66,VAGINA VERMELHO SANGRAR,VAGINA VERMELHO SANGRAR
28-06-2024_14-29-11_p0035_s57_b1_CONV--ZED-RGB.mpeg,57,TONTEIRA,TONTEIRA
29-02-2024_14-18-37_p0010_s76_b1_CONV--zed-rgb.mpeg,76,LIMPAR CASA,LIMPAR CASA
18-03-2024_15-44-10_p0020_s71_b1_CONV--ZED-RGB.mpeg,71,2-HORA,2-HORA
17-07-2024_14-43-02_p0041_s150_b2_CONV--ZED-RGB.mpeg,150,ENTENDER,ENTENDER
16-04-2024_10-49-46_p0025_s260_b4_CONV--ZED-RGB.mpeg,260,NÃO FUMAR,NÃO FUMAR
29-04-2024_11-29-07_p0029_s89_b2_CONV--ZED-RGB.mpeg,89,DOR LADO-CABEÇA,DOR LADO-CABEÇA
18-06-2024_15-15-14_p0028_s121_b2_CONV--ZED-RGB.mpeg,121,VER MANCHAS,VER MANCHAS
15-05-2024_16-43-27_p0032_s148.9_b2_CONV--ZED-RGB.mpeg,148.9,I,I
22-01-2024_17-43-34_p9_s242--zed-rgb.mpeg,242,EU USAR REMÉDIO,EU USAR REMÉDIO
03-05-2024_18-55-01_p0031_s193_b3_CONV--ZED-RGB.mpeg,193,FICAR-EM-PÉ SENTAR DEITAR DOR PIORAR NÃO,FICAR-EM-PÉ SENTAR DEITAR DOR PIORAR NÃO
22-02-2024_10-58-55_p0017_s170.10_b3_CONV--zed-rgb.mpeg,170.10,10,10
10-05-2024_08-42-27_p0030_sP11.2_b3_CONV--ZED-RGB.mpeg,P11.2,SENTIR DOR OUTRAS-VEZES DIVERSAS-VEZES ENTÃO,SENTIR DOR OUTRAS-VEZES DIVERSAS-VEZES ENTÃO
18-04-2024_15-22-59_p0026_s88_b2_CONV--ZED-RGB.mpeg,88,NÃO,NÃO
19-03-2024_15-02-21_p0022_s97_b2_CONV--ZED-RGB.mpeg,97,DOR LADOS-BARRIGA,DOR LADOS-BARRIGA
16-04-2024_15-46-57_p0016_s188_b3_CONV--ZED-RGB.mpeg,188,DOR PERNAS-ESPALHAR APONTAR-COXA,DOR PERNAS-ESPALHAR APONTAR-COXA
22-02-2024_11-37-30_p0017_s215_b4_CONV--zed-rgb.mpeg,215,FEZES-LÍQUIDAS BORBULHAR,FEZES-LÍQUIDAS BORBULHAR
20-02-2024_16-15-18_p0015_s210_b4_CONV--zed-rgb.mpeg,210,MOLE,MOLE
10-05-2024_09-34-47_p0030_s211_b4_CONV--ZED-RGB.mpeg,211,FRAGMENTOS MISTURAR MOLE,FRAGMENTOS MISTURAR MOLE
12-03-2024_10-45-58_p0021_s261_b4_CONV--zed-rgb.mpeg,261,UM ANO,UM ANO
05-03-2024_10-33-16_p0014_s36_b1_CONV--zed-rgb.mpeg,36,SUAR SUAR SUAR,SUAR SUAR SUAR
22-04-2024_09-22-49_p0025_s174_b3_CONV--ZED-RGB.mpeg,174,TRÊS-VEZES DIA,TRÊS-VEZES DIA
25-03-2024_16-37-58_p0020_s148.7_b2_CONV--ZED-RGB.mpeg,148.7,G,G
07-05-2024_14-24-21_p0027_s251_b4_CONV--ZED-RGB.mpeg,251,ALERGIA GRUPO BORRACHA,ALERGIA GRUPO BORRACHA
10-05-2024_16-49-47_p0033_s69_b1_CONV--ZED-RGB.mpeg,69,30 MINUTO,30 MINUTO
22-04-2024_09-32-52_p0025_s190_b3_CONV--ZED-RGB.mpeg,190,SIM APERTAR-BRAÇO DOER,SIM APERTAR-BRAÇO DOER
22-02-2024_13-36-43_p0018_s45_b1_CONV--zed-rgb.mpeg,45,PROBLEMA OLHOS,PROBLEMA OLHOS
26-03-2024_15-40-53_p0022_sP15.3_b3_CONV--ZED-RGB.mpeg,P15.3,CATARRO TER OU TER-NÃO,CATARRO TER OU TER-NÃO
02-05-2024_15-57-06_p0026_s237_b4_CONV--ZED-RGB.mpeg,237,RINS FRACO,RINS FRACO
18-03-2024_15-20-03_p0020_s24_b1_CONV--ZED-RGB.mpeg,24,VOMITAR,VOMITAR
18-06-2024_15-37-43_p0028_s148.14_b2_CONV--ZED-RGB.mpeg,148.14,N,N
27-03-2024_16-24-59_p0015_s65_b1_CONV--ZED-RGB.mpeg,65,NASCER VIVO,NASCER VIVO
28-02-2024_16-12-47_p0011_s90_b2_CONV--zed-rgb.mpeg,90,DOR OUVIDO,DOR OUVIDO
24-07-2024_14-15-43_p0041_s23_b1_CONV--ZED-RGB.mpeg,23,TONTURA-ENJOO,TONTURA-ENJOO
15-05-2024_15-51-45_p0032_s118_b2_CONV--ZED-RGB.mpeg,118,OLHOS-LACRIMEJAR,OLHOS-LACRIMEJAR
22-02-2024_14-28-42_p0018_s143_b2_CONV--zed-rgb.mpeg,143,DEITAR,DEITAR
11-06-2024_14-05-58_p0035_s101_b2_CONV--ZED-RGB.mpeg,101,DOR OMBROS,DOR OMBROS
16-07-2024_16-51-35_p0039_sP24.2_b4_CONV--ZED-RGB.mpeg,P24.2,BEBIDA QUAL,BEBIDA QUAL
03-05-2024_18-57-39_p0031_s195_b3_CONV--ZED-RGB.mpeg,195,CATARRO COLA NENHUM,CATARRO COLA NENHUM
18-06-2024_16-41-36_p0028_s258_b4_CONV--ZED-RGB.mpeg,258,ALERGIA NENHUM,ALERGIA NENHUM
26-02-2024_15-56-28_p0019_s251_b4_CONV--zed-rgb.mpeg,251,ALERGIA GRUPO BORRACHA,ALERGIA GRUPO BORRACHA
13-03-2024_14-59-26_p0014_s103_b2_CONV--zed-rgb.mpeg,103,DOR JOELHO-DIREITO JOELHO-ESQUERDO,DOR JOELHO-DIREITO JOELHO-ESQUERDO
27-03-2024_15-38-20_p0015_s148.14_b2_CONV--ZED-RGB.mpeg,148.14,N,N
24-05-2024_19-13-51_p0031_s149_b2_CONV--ZED-RGB.mpeg,149,DEVAGAR,DEVAGAR
29-04-2024_15-17-53_p0024_s160_b3_CONV--ZED-RGB.mpeg,160,PLANO ANDAR CORPO PIOR,PLANO ANDAR CORPO PIOR
26-03-2024_16-29-40_p0022_s262_b4_CONV--ZED-RGB.mpeg,262,DOIS ANO,DOIS ANO
06-05-2024_15-31-05_p0032_s233_b4_CONV--ZED-RGB.mpeg,233,A-V-C,A-V-C
27-05-2024_15-50-44_p0032_s191_b3_CONV--ZED-RGB.mpeg,191,MOMENTO APERTAR-BRAÇO DOR PIORAR NÃO,MOMENTO APERTAR-BRAÇO DOR PIORAR NÃO
08-05-2024_16-28-51_p0033_s242_b3_CONV--ZED-RGB.mpeg,242,EU USAR REMÉDIO,EU USAR REMÉDIO
19-03-2024_15-08-15_p0022_s105_b2_CONV--ZED-RGB.mpeg,105,DOR TESTÍCULOS,DOR TESTÍCULOS
27-05-2024_16-41-42_p0032_s26_b1_CONV--ZED-RGB.mpeg,26,TOSSIR,TOSSIR
16-04-2024_15-21-55_p0016_s162_b3_CONV--ZED-RGB.mpeg,162,TOMAR-BANHO CORPO PIOR,TOMAR-BANHO CORPO PIOR
23-05-2024_14-54-18_p0035_s170.3_b3_CONV--ZED-RGB.mpeg,170.3,3,3
19-07-2024_15-43-58_p0040_s61_b1_CONV--ZED-RGB.mpeg,61,PELE QUEIMAR,PELE QUEIMAR
25-03-2024_15-44-56_p0020_s247_b4_CONV--ZED-RGB.mpeg,247,ALERGIA FLOR PÓLEN,ALERGIA FLOR PÓLEN
20-03-2024_15-07-49_p0015_s176_b3_CONV--ZED-RGB.mpeg,176,TRÊS-MESES,TRÊS-MESES
08-05-2024_09-29-54_p0030_sP05_b2_CONV--ZED-RGB.mpeg,P5,POR-QUE PROCURAR VIR HOJE TER PIORAR,POR-QUE PROCURAR VIR HOJE TER PIORAR
28-06-2024_14-40-31_p0035_s79_b1_CONV--ZED-RGB.mpeg,79,SENTADO,SENTADO
11-05-2024_09-52-32_p0034_s185_b3_CONV--ZED-RGB.mpeg,185,DOR BARRIGA-ESPALHAR BARRIGA,DOR BARRIGA-ESPALHAR BARRIGA
26-03-2024_15-46-21_p0022_s204_b3_CONV--ZED-RGB.mpeg,204,DOIS VACINA,DOIS VACINA
26-02-2024_15-49-44_p0019_s237_b4_CONV--zed-rgb.mpeg,237,RINS FRACO,RINS FRACO
22-02-2024_14-32-39_p0018_s148.8_b2_CONV--zed-rgb.mpeg,148.8,H,H
26-08-2024_15-20-44_p0019_s16_b1_CONV--ZED-RGB.mp4,16,RESPIRAR FALTAR,RESPIRAR FALTAR
22-04-2024_09-18-26_p0025_s170.3_b3_CONV--ZED-RGB.mpeg,170.3,3,3
16-07-2024_16-33-06_p0039_s237_b4_CONV--ZED-RGB.mpeg,237,RINS FRACO,RINS FRACO
08-04-2024_16-15-59_p0021_s148.24_b2_CONV--ZED-RGB.mpeg,148.24,X,X
05-06-2024_15-36-00_p0037_s270_b4_CONV--ZED-RGB.mpeg,270,G-I-N,G-I-N
27-05-2024_16-09-21_p0032_sP21.2_b3_CONV--ZED-RGB.mpeg,P21.2,USAR REMÉDIO,USAR REMÉDIO
16-07-2024_16-40-49_p0039_s254_b4_CONV--ZED-RGB.mpeg,254,ALERGIA COMER CATEGORIA ÁGUA-MAR,ALERGIA COMER CATEGORIA ÁGUA-MAR
10-05-2024_10-06-35_p0030_s277_b4_CONV--ZED-RGB.mpeg,277,DOIS GARRAFAS DUAS-VEZES SEMANA,DOIS GARRAFAS DUAS-VEZES SEMANA
08-06-2024_10-49-30_p0031_s74_b1_CONV--ZED-RGB.mpeg,74,BEBER,BEBER
11-06-2024_14-20-33_p0035_s123_b2_CONV--ZED-RGB.mpeg,123,ZUMBIDO OUVIDO,ZUMBIDO OUVIDO
07-05-2024_15-00-20_p0027_s23_b1_CONV--ZED-RGB.mpeg,23,TONTURA-ENJOO,TONTURA-ENJOO
27-05-2024_15-33-08_p0032_s172_b3_CONV--ZED-RGB.mpeg,172,VÁRIAS-VEZES,VÁRIAS-VEZES
22-02-2024_10-39-03_p0017_sP09.4_b3_CONV--zed-rgb.mpeg,P9.4,TOMAR-BANHO FÍSICO PIOR,TOMAR-BANHO FÍSICO PIOR
30-01-2024_15-07-49_p12_s148.24--zed-rgb.mpeg,148.24,X,X
16-07-2024_16-30-19_p0039_s230_b4_CONV--ZED-RGB.mpeg,230,DEPRESSÃO,DEPRESSÃO
18-04-2024_15-50-16_p0026_s148.19_b2_CONV--ZED-RGB.mpeg,148.19,S,S
03-04-2024_15-57-43_p0023_s254_b4_CONV--ZED-RGB.mpeg,254,ALERGIA COMER CATEGORIA ÁGUA-MAR,ALERGIA COMER CATEGORIA ÁGUA-MAR
11-05-2024_10-02-44_p0034_s197_b3_CONV--ZED-RGB.mpeg,197,CATARRO COLA CLARO,CATARRO COLA CLARO
20-05-2024_15-34-48_p0023_s112_b2_CONV--ZED-RGB.mpeg,112,DOR QUEIMAR,DOR QUEIMAR
30-01-2024_14-16-03_p12_s93--zed-rgb.mpeg,93,DOR NUCA,DOR NUCA
24-07-2024_14-29-41_p0041_s56_b1_CONV--ZED-RGB.mpeg,56,VERMELHO FEZES,VERMELHO FEZES
29-02-2024_14-10-29_p0010_s59_b1_CONV--zed-rgb.mpeg,59,TRAUMA,TRAUMA
25-03-2024_16-34-36_p0020_s144_b2_CONV--ZED-RGB.mpeg,144,ÁGUA FRIO COLOCAR-BRAÇO,ÁGUA FRIO COLOCAR-BRAÇO
21-02-2024_11-33-35_p0013_s16_b1_CONV--zed-rgb.mpeg,16,RESPIRAR FALTAR,RESPIRAR FALTAR
23-05-2024_15-12-39_p0035_s193_b3_CONV--ZED-RGB.mpeg,193,FICAR-EM-PÉ SENTAR DEITAR DOR PIORAR NÃO,FICAR-EM-PÉ SENTAR DEITAR DOR PIORAR NÃO
24-04-2024_15-35-00_p0027_s170.7_b3_CONV--ZED-RGB.mpeg,170.7,7,7
12-03-2024_10-25-12_p0021_s228_b4_CONV--zed-rgb.mpeg,228,AIDS,AIDS
24-04-2024_15-19-19_p0027_sP09.4_b3_CONV--ZED-RGB.mpeg,P9.4,TOMAR-BANHO FÍSICO PIOR,TOMAR-BANHO FÍSICO PIOR
26-03-2024_16-02-12_p0022_sP18.2_b4_CONV--ZED-RGB.mpeg,P18.2,VOCÊ FEZES MOLE,VOCÊ FEZES MOLE
24-05-2024_18-38-16_p0031_s99_b2_CONV--ZED-RGB.mpeg,99,DOR BAIXO-VENTRE,DOR BAIXO-VENTRE
29-04-2024_11-43-14_p0029_s119_b2_CONV--ZED-RGB.mpeg,119,SENTIR MAL,SENTIR MAL
15-05-2024_16-23-13_p0032_s146_b2_CONV--ZED-RGB.mpeg,146,REMÉDIO,REMÉDIO
29-04-2024_11-33-38_p0029_s99_b2_CONV--ZED-RGB.mpeg,99,DOR BAIXO-VENTRE,DOR BAIXO-VENTRE
17-06-2024_15-07-57_p0019_s113_b2_CONV--ZED-RGB.mpeg,113,DOR PONTADA,DOR PONTADA
22-02-2024_15-29-02_p0014_s170.0_b3_CONV--zed-rgb.mpeg,170.0,0,0
25-03-2024_15-54-51_p0020_s267_b4_CONV--ZED-RGB.mpeg,267,VODCA,VODCA
19-06-2024_10-01-17_p0036_s27_b1_CONV--ZED-RGB.mpeg,27,CATARRO GRIPE,CATARRO GRIPE
23-04-2024_11-42-46_p0024_s264_b4_CONV--ZED-RGB.mpeg,264,CERVEJA,CERVEJA
18-04-2024_15-51-19_p0026_s148.23_b2_CONV--ZED-RGB.mpeg,148.23,W,W
08-05-2024_10-03-22_p0030_s148.26_b2_CONV--ZED-RGB.mpeg,148.26,Z,Z
02-04-2024_15-34-39_p0021_s185_b3_CONV--ZED-RGB.mpeg,185,DOR BARRIGA-ESPALHAR BARRIGA,DOR BARRIGA-ESPALHAR BARRIGA
22-02-2024_13-34-42_p0018_s39_b1_CONV--zed-rgb.mpeg,39,MORDER,MORDER
11-03-2024_16-01-43_p0020_sP15.1_b3_CONV--zed-rgb.mpeg,P15.1,TER TOSSE,TER TOSSE
12-06-2024_10-28-56_p0036_s148.20_b2_CONV--ZED-RGB.mpeg,148.20,T,T
08-05-2024_09-55-03_p0030_s145_b2_CONV--ZED-RGB.mpeg,145,ÁGUA QUENTE COLOCAR-BRAÇO,ÁGUA QUENTE COLOCAR-BRAÇO
19-06-2024_16-40-44_p0023_s54_b1_CONV--ZED-RGB.mpeg,54,VERMELHO SANGRAR-BOCA,VERMELHO SANGRAR-BOCA
26-03-2024_16-11-16_p0022_sP18.5_b4_CONV--ZED-RGB.mpeg,P18.5,VOCÊ BARRIGA DOR ENTÃO,VOCÊ BARRIGA DOR ENTÃO
06-05-2024_15-37-25_p0032_s247_b4_CONV--ZED-RGB.mpeg,247,ALERGIA FLOR PÓLEN,ALERGIA FLOR PÓLEN
12-03-2024_14-19-41_p0022_s9_b1_CONV--zed-rgb.mpeg,9,DOR LOMBAR,DOR LOMBAR
19-06-2024_09-48-55_p0036_s2_b1_CONV--ZED-RGB.mpeg,2,CONFUSÃO,CONFUSÃO
26-02-2024_15-42-48_p0019_s230_b4_CONV--zed-rgb.mpeg,230,DEPRESSÃO,DEPRESSÃO
26-03-2024_16-15-51_p0022_s231_b4_CONV--ZED-RGB.mpeg,231,DEPRESSÃO,DEPRESSÃO
26-03-2024_15-38-33_p0022_s193_b3_CONV--ZED-RGB.mpeg,193,FICAR-EM-PÉ SENTAR DEITAR DOR PIORAR NÃO,FICAR-EM-PÉ SENTAR DEITAR DOR PIORAR NÃO
19-06-2024_16-32-15_p0023_s35_b1_CONV--ZED-RGB.mpeg,35,ARREPIAR FRIO,ARREPIAR FRIO
02-05-2024_16-03-38_p0026_s258_b4_CONV--ZED-RGB.mpeg,258,ALERGIA NENHUM,ALERGIA NENHUM
16-05-2024_14-59-04_p0034_s139_b2_CONV--ZED-RGB.mpeg,139,BRAÇO MEXER-BRAÇO,BRAÇO MEXER-BRAÇO
22-02-2024_15-45-19_p0014_sP15.1_b3_CONV--zed-rgb.mpeg,P15.1,TER TOSSE,TER TOSSE
20-05-2024_15-17-52_p0023_s90_b2_CONV--ZED-RGB.mpeg,90,DOR OUVIDO,DOR OUVIDO
19-07-2024_14-31-15_p0040_s148.9_b2_CONV--ZED-RGB.mpeg,148.9,I,I
28-06-2024_15-23-34_p0035_s246_b4_CONV--ZED-RGB.mpeg,246,F-U-N-G-O-S SINAL FUNGO,F-U-N-G-O-S SINAL FUNGO
17-07-2024_14-28-43_p0041_sP07_b2_CONV--ZED-RGB.mpeg,P7,SENTIR JUNTO ITENS MAIS TER,SENTIR JUNTO ITENS MAIS TER
07-03-2024_13-39-54_p0010_s82_b2_CONV--zed-rgb.mpeg,82,SEIS HORAS,SEIS HORAS
25-03-2024_16-10-40_p0020_s93_b2_CONV--ZED-RGB.mpeg,93,DOR NUCA,DOR NUCA
06-05-2024_15-29-26_p0032_s229_b4_CONV--ZED-RGB.mpeg,229,CÂNCER,CÂNCER
17-06-2024_14-52-41_p0019_sP06.1_b2_CONV--ZED-RGB.mpeg,P6.1,ONDE DOR,ONDE DOR
09-05-2024_14-18-00_p0033_s89_b2_CONV--ZED-RGB.mpeg,89,DOR LADO-CABEÇA,DOR LADO-CABEÇA
17-06-2024_14-53-34_p0019_s90_b2_CONV--ZED-RGB.mpeg,90,DOR OUVIDO,DOR OUVIDO
17-07-2024_14-52-24_p0041_s148.20_b2_CONV--ZED-RGB.mpeg,148.20,T,T
08-05-2024_16-07-10_p0033_sP13.2_b3_CONV--ZED-RGB.mpeg,P13.2,MOMENTO FICAR-EM-PÉ SENTAR DEITAR DOR PIORAR,MOMENTO FICAR-EM-PÉ SENTAR DEITAR DOR PIORAR
27-05-2024_17-02-06_p0032_s73_b1_CONV--ZED-RGB.mpeg,73,COMER,COMER
24-01-2024_17-04-03_p10_s218--zed-rgb.mpeg,218,FEZES-LÍQUIDAS ESCURO,FEZES-LÍQUIDAS ESCURO
30-04-2024_13-05-06_p0024_s88_b2_CONV--ZED-RGB.mpeg,88,NÃO,NÃO
08-04-2024_15-25-46_p0021_s87_b2_CONV--ZED-RGB.mpeg,87,SIM,SIM
05-03-2024_10-40-28_p0014_s59_b1_CONV--zed-rgb.mpeg,59,TRAUMA,TRAUMA
30-01-2024_15-06-28_p12_s148.18--zed-rgb.mpeg,148.18,R,R
30-01-2024_15-08-05_p12_s148.25--zed-rgb.mpeg,148.25,Y,Y
28-02-2024_16-44-00_p0011_s132_b2_CONV--zed-rgb.mpeg,132,NARIZ ESPIRRAR,NARIZ ESPIRRAR
08-05-2024_16-16-30_p0033_s199_b3_CONV--ZED-RGB.mpeg,199,CATARRO COLA AMARELO,CATARRO COLA AMARELO
16-04-2024_15-44-33_p0016_s188_b3_CONV--ZED-RGB.mpeg,188,DOR PERNAS-ESPALHAR APONTAR-COXA,DOR PERNAS-ESPALHAR APONTAR-COXA
11-06-2024_14-32-15_p0035_s145_b2_CONV--ZED-RGB.mpeg,145,ÁGUA QUENTE COLOCAR-BRAÇO,ÁGUA QUENTE COLOCAR-BRAÇO
05-03-2024_10-29-00_p0014_s25_b1_CONV--zed-rgb.mpeg,25,FEZES ESCURO,FEZES ESCURO
24-05-2024_19-02-00_p0031_s143_b2_CONV--ZED-RGB.mpeg,143,DEITAR,DEITAR
28-06-2024_15-08-22_p0035_s214_b4_CONV--ZED-RGB.mpeg,214,FEZES-LÍQUIDAS BRILHANTE,FEZES-LÍQUIDAS BRILHANTE
20-05-2024_11-21-51_p0034_s6_b1_CONV--ZED-RGB.mpeg,6,DOR PESCOÇO,DOR PESCOÇO
29-04-2024_11-59-13_p0029_s148.11_b2_CONV--ZED-RGB.mpeg,148.11,K,K
05-06-2024_15-24-37_p0037_s255_b4_CONV--ZED-RGB.mpeg,255,ALERGIA CATEGORIA T-R-I-G-O FARINHA,ALERGIA CATEGORIA T-R-I-G-O FARINHA
30-01-2024_11-29-31_p11_s79--zed-rgb.mpeg,79,SENTADO,SENTADO
29-04-2024_12-04-22_p0029_s152_b2_CONV--ZED-RGB.mpeg,152,OBRIGADO,OBRIGADO
09-05-2024_14-46-08_p0033_s125_b2_CONV--ZED-RGB.mpeg,125,COMER CATEGORIA ÁCIDO MAIS APIMENTADO,COMER CATEGORIA ÁCIDO MAIS APIMENTADO
12-03-2024_14-21-37_p0022_s14_b1_CONV--zed-rgb.mpeg,14,DOR PERNA ATRÁS,DOR PERNA ATRÁS
18-03-2024_11-35-47_p0013_s263_b4_CONV--ZED-RGB.mpeg,263,DEZ ANO,DEZ ANO
24-07-2024_14-08-36_p0041_s4_b1_CONV--ZED-RGB.mpeg,4,CONVULSÃO ENROLAR-LÍNGUA,CONVULSÃO ENROLAR-LÍNGUA
30-01-2024_14-33-31_p12_s110--zed-rgb.mpeg,110,DOR APERTAR,DOR APERTAR
18-03-2024_11-20-02_p0013_s227_b4_CONV--ZED-RGB.mpeg,227,ASMA,ASMA
28-06-2024_15-41-59_p0035_s265_b4_CONV--ZED-RGB.mpeg,265,VINHO,VINHO
10-05-2024_15-10-22_p0033_s219_b4_CONV--ZED-RGB.mpeg,219,FEZES-LÍQUIDAS RESTOS COMIDA,FEZES-LÍQUIDAS RESTOS COMIDA
16-05-2024_14-23-22_p0034_s87_b2_CONV--ZED-RGB.mpeg,87,SIM,SIM
30-04-2024_13-32-13_p0024_s132_b2_CONV--ZED-RGB.mpeg,132,NARIZ ESPIRRAR,NARIZ ESPIRRAR
10-05-2024_10-04-46_p0030_s273_b4_CONV--ZED-RGB.mpeg,273,UM LATA UMA-VEZ SEMANA,UM LATA UMA-VEZ SEMANA
11-06-2024_14-21-26_p0035_sP08.1_b2_CONV--ZED-RGB.mpeg,P8.1,S-I FAZER COISAS SENTIR DOR PIORAR,S-I FAZER COISAS SENTIR DOR PIORAR
20-05-2024_16-05-31_p0023_s148.12_b2_CONV--ZED-RGB.mpeg,148.12,L,L
26-03-2024_15-20-39_p0022_s175_b3_CONV--ZED-RGB.mpeg,175,DOIS SEMANA,DOIS SEMANA
18-06-2024_14-58-01_p0028_s91_b2_CONV--ZED-RGB.mpeg,91,DOR LADO-CABEÇA LADO-CABEÇA,DOR LADO-CABEÇA LADO-CABEÇA
22-02-2024_14-27-36_p0018_s141_b2_CONV--zed-rgb.mpeg,141,MEXER-PESCOÇO,MEXER-PESCOÇO
17-06-2024_15-39-04_p0019_s148.24_b2_CONV--ZED-RGB.mpeg,148.24,X,X
02-04-2024_15-35-04_p0021_s186_b3_CONV--ZED-RGB.mpeg,186,COSTAS DOR ESPALHAR,COSTAS DOR ESPALHAR
28-02-2024_16-29-20_p0011_s116_b2_CONV--zed-rgb.mpeg,116,DOR APERTAR PONTADA,DOR APERTAR PONTADA
24-05-2024_18-36-17_p0031_s94_b2_CONV--ZED-RGB.mpeg,94,DOR OUVIDO-DIREITO OUVIDO-ESQUERDO,DOR OUVIDO-DIREITO OUVIDO-ESQUERDO
08-06-2024_10-41-17_p0031_s60_b1_CONV--ZED-RGB.mpeg,60,AGREDIR,AGREDIR
02-05-2024_15-12-39_p0026_s192_b3_CONV--ZED-RGB.mpeg,192,FICAR-EM-PÉ SENTAR DEITAR DOR PIORAR SIM,FICAR-EM-PÉ SENTAR DEITAR DOR PIORAR SIM
17-06-2024_15-23-24_p0019_s137_b2_CONV--ZED-RGB.mpeg,137,ESTRESSE,ESTRESSE
05-06-2024_15-03-12_p0037_s212_b4_CONV--ZED-RGB.mpeg,212,FEZES-LÍQUIDAS,FEZES-LÍQUIDAS
09-05-2024_14-21-34_p0033_s96_b2_CONV--ZED-RGB.mpeg,96,DOR MEIO-BARRIGA,DOR MEIO-BARRIGA
28-06-2024_14-08-43_p0035_s7_b1_CONV--ZED-RGB.mpeg,7,DOR PEITO,DOR PEITO
08-05-2024_09-47-54_p0030_s125_b2_CONV--ZED-RGB.mpeg,125,COMER CATEGORIA ÁCIDO MAIS APIMENTADO,COMER CATEGORIA ÁCIDO MAIS APIMENTADO
28-02-2024_16-55-00_p0011_s148.7_b2_CONV--zed-rgb.mpeg,148.7,G,G
27-05-2024_16-44-12_p0032_s33_b1_CONV--ZED-RGB.mpeg,33,COÇAR,COÇAR
16-04-2024_10-55-14_p0025_s270_b4_CONV--ZED-RGB.mpeg,270,G-I-N,G-I-N
22-02-2024_11-42-04_p0017_s228_b4_CONV--zed-rgb.mpeg,228,AIDS,AIDS
03-05-2024_14-03-56_p0027_s93_b2_CONV--ZED-RGB.mpeg,93,DOR NUCA,DOR NUCA
27-03-2024_15-58-34_p0015_s2_b1_CONV--ZED-RGB.mpeg,2,CONFUSÃO,CONFUSÃO
20-05-2024_16-08-29_p0023_s148.23_b2_CONV--ZED-RGB.mpeg,148.23,W,W
23-05-2024_15-14-45_p0035_s194_b3_CONV--ZED-RGB.mpeg,194,TOSSE SECO,TOSSE SECO
24-05-2024_18-48-09_p0031_s119_b2_CONV--ZED-RGB.mpeg,119,SENTIR MAL,SENTIR MAL
13-03-2024_16-12-18_p0014_s267_b4_CONV--zed-rgb.mpeg,267,VODCA,VODCA
02-05-2024_16-05-18_p0026_sP23.1_b4_CONV--ZED-RGB.mpeg,P23.1,VOCÊ FUMAR,VOCÊ FUMAR
03-04-2024_16-06-05_p0023_sP24.2_b4_CONV--ZED-RGB.mpeg,P24.2,BEBIDA QUAL,BEBIDA QUAL
26-03-2024_16-36-32_p0022_s277_b4_CONV--ZED-RGB.mpeg,277,DOIS GARRAFAS DUAS-VEZES SEMANA,DOIS GARRAFAS DUAS-VEZES SEMANA
16-07-2024_16-43-23_p0039_s257_b4_CONV--ZED-RGB.mpeg,257,ALERGIA REMÉDIO NÃO-TER,ALERGIA REMÉDIO NÃO-TER
13-03-2024_14-55-38_p0014_s95_b2_CONV--zed-rgb.mpeg,95,DOR OLHOS,DOR OLHOS
13-05-2024_16-26-14_p0028_s199_b3_CONV--ZED-RGB.mpeg,199,CATARRO COLA AMARELO,CATARRO COLA AMARELO
26-08-2024_15-41-51_p0019_s60_b1_CONV--ZED-RGB.mp4,60,AGREDIR,AGREDIR
17-07-2024_14-22-34_p0041_s106_b2_CONV--ZED-RGB.mpeg,106,DOR PULSAR,DOR PULSAR
24-05-2024_18-45-32_p0031_sP06.4_b2_CONV--ZED-RGB.mpeg,P6.4,DOR IGUAL QUEIMAR,DOR IGUAL QUEIMAR
02-05-2024_14-53-28_p0026_s170.0_b3_CONV--ZED-RGB.mpeg,170.0,0,0
20-02-2024_16-23-08_p0015_sP18.5_b4_CONV--zed-rgb.mpeg,P18.5,VOCÊ BARRIGA DOR ENTÃO,VOCÊ BARRIGA DOR ENTÃO
13-03-2024_15-05-42_p0014_s116_b2_CONV--zed-rgb.mpeg,116,DOR APERTAR PONTADA,DOR APERTAR PONTADA
07-03-2024_14-14-11_p0010_s148.22_b2_CONV--zed-rgb.mpeg,148.22,V,V
16-04-2024_15-38-06_p0016_s177_b3_CONV--ZED-RGB.mpeg,177,UM ANO,UM ANO
07-03-2024_13-46-38_p0010_s96_b2_CONV--zed-rgb.mpeg,96,DOR MEIO-BARRIGA,DOR MEIO-BARRIGA
26-02-2024_15-55-04_p0019_s248_b4_CONV--zed-rgb.mpeg,248,ALERGIA CACHORRO,ALERGIA CACHORRO
30-01-2024_14-29-35_p12_s100--zed-rgb.mpeg,100,DOR VIRILHA,DOR VIRILHA
19-06-2024_09-54-40_p0036_s13_b1_CONV--ZED-RGB.mpeg,13,DOR PERNA,DOR PERNA
20-03-2024_15-23-54_p0015_s198_b3_CONV--ZED-RGB.mpeg,198,CATARRO COLA BRANCO,CATARRO COLA BRANCO
22-01-2024_16-49-29_p9_s175--zed-rgb.mpeg,175,DOIS SEMANA,DOIS SEMANA
18-06-2024_15-43-34_p0028_s150_b2_CONV--ZED-RGB.mpeg,150,ENTENDER,ENTENDER
16-04-2024_10-41-48_p0025_s248_b4_CONV--ZED-RGB.mpeg,248,ALERGIA CACHORRO,ALERGIA CACHORRO
22-04-2024_09-44-50_p0025_sP17.3_b3_CONV--ZED-RGB.mpeg,P17.3,VOCÊ JÁ VACINAR GRIPE,VOCÊ JÁ VACINAR GRIPE
26-03-2024_15-42-24_p0022_s197_b3_CONV--ZED-RGB.mpeg,197,CATARRO COLA CLARO,CATARRO COLA CLARO
28-02-2024_16-57-08_p0011_s148.14_b2_CONV--zed-rgb.mpeg,148.14,N,N
28-06-2024_15-14-25_p0035_sP19.1_b4_CONV--ZED-RGB.mpeg,P19.1,VOCÊ JÁ FAZER TRATAMENTO ALGUM DOENÇA ENTÃO,VOCÊ JÁ FAZER TRATAMENTO ALGUM DOENÇA ENTÃO
26-03-2024_15-14-51_p0022_s170.5_b3_CONV--ZED-RGB.mpeg,170.5,5,5
10-05-2024_16-33-37_p0033_s27_b1_CONV--ZED-RGB.mpeg,27,CATARRO GRIPE,CATARRO GRIPE
24-05-2024_19-11-29_p0031_s148.19_b2_CONV--ZED-RGB.mpeg,148.19,S,S
28-06-2024_15-19-42_p0035_s234_b4_CONV--ZED-RGB.mpeg,234,TOSSIR CATARRO VERMELHO,TOSSIR CATARRO VERMELHO
11-06-2024_14-14-23_p0035_s115_b2_CONV--ZED-RGB.mpeg,115,DOR VERMELHO SANGRAR APERTAR,DOR VERMELHO SANGRAR APERTAR
18-06-2024_16-10-08_p0028_s213_b4_CONV--ZED-RGB.mpeg,213,CLARO,CLARO
18-06-2024_16-28-56_p0028_s230_b4_CONV--ZED-RGB.mpeg,230,DEPRESSÃO,DEPRESSÃO
31-01-2024_14-39-18_p13_sP09.4--zed-rgb.mpeg,P9.4,TOMAR-BANHO FÍSICO PIOR,TOMAR-BANHO FÍSICO PIOR
16-04-2024_15-33-19_p0016_s170.9_b3_CONV--ZED-RGB.mpeg,170.9,9,9
26-02-2024_15-41-57_p0019_s228_b4_CONV--zed-rgb.mpeg,228,AIDS,AIDS
29-04-2024_15-42-42_p0024_sP11.4_b3_CONV--ZED-RGB.mpeg,P11.4,AO-LONGO-DO-TEMPO DOR COMO AUMENTAR O-U DIMINUIR,AO-LONGO-DO-TEMPO DOR COMO AUMENTAR O-U DIMINUIR
18-04-2024_10-35-55_p0025_s69_b1_CONV--ZED-RGB.mpeg,69,30 MINUTO,30 MINUTO
19-06-2024_09-57-13_p0036_s18_b1_CONV--ZED-RGB.mpeg,18,DIFÍCIL RESPIRAR,DIFÍCIL RESPIRAR
29-04-2024_11-47-02_p0029_s125_b2_CONV--ZED-RGB.mpeg,125,COMER CATEGORIA ÁCIDO MAIS APIMENTADO,COMER CATEGORIA ÁCIDO MAIS APIMENTADO
03-05-2024_14-16-49_p0027_s131_b2_CONV--ZED-RGB.mpeg,131,PERÍODO MENSTRUAR,PERÍODO MENSTRUAR
28-02-2024_16-11-07_p0011_s88_b2_CONV--zed-rgb.mpeg,88,NÃO,NÃO
18-03-2024_11-22-28_p0013_s234_b4_CONV--ZED-RGB.mpeg,234,TOSSIR CATARRO VERMELHO,TOSSIR CATARRO VERMELHO
18-06-2024_15-45-09_p0028_s155_b2_CONV--ZED-RGB.mpeg,155,PARAR,PARAR
22-02-2024_11-45-25_p0017_sP22.1_b4_CONV--zed-rgb.mpeg,P22.1,VOCÊ TER ALERGIA ENTÃO,VOCÊ TER ALERGIA ENTÃO
22-02-2024_11-12-33_p0017_s197_b3_CONV--zed-rgb.mpeg,197,CATARRO COLA CLARO,CATARRO COLA CLARO
29-04-2024_11-49-09_p0029_s131_b2_CONV--ZED-RGB.mpeg,131,PERÍODO MENSTRUAR,PERÍODO MENSTRUAR
08-04-2024_16-51-01_p0021_s53_b1_CONV--ZED-RGB.mpeg,53,XIXI VERMELHO,XIXI VERMELHO
27-03-2024_15-03-45_p0015_s84_b2_CONV--ZED-RGB.mpeg,84,TRÊS-DIAS,TRÊS-DIAS
06-05-2024_15-56-10_p0032_s259_b4_CONV--ZED-RGB.mpeg,259,TER FUMAR SIM,TER FUMAR SIM
15-05-2024_15-24-56_p0032_s89_b2_CONV--ZED-RGB.mpeg,89,DOR LADO-CABEÇA,DOR LADO-CABEÇA
19-03-2024_15-51-15_p0022_s148.25_b2_CONV--ZED-RGB.mpeg,148.25,Y,Y
11-06-2024_14-45-30_p0035_s154_b2_CONV--ZED-RGB.mpeg,154,PARAR,PARAR
21-02-2024_11-55-19_p0013_s66_b1_CONV--zed-rgb.mpeg,66,VAGINA VERMELHO SANGRAR,VAGINA VERMELHO SANGRAR
19-03-2024_15-39-24_p0022_s148.1_b2_CONV--ZED-RGB.mpeg,148.1,A,A
16-04-2024_15-18-23_p0016_sP09.2_b3_CONV--ZED-RGB.mpeg,P9.2,SUBIR-MORRO FÍSICO PIOR,SUBIR-MORRO FÍSICO PIOR
29-02-2024_14-05-33_p0010_s47_b1_CONV--zed-rgb.mpeg,47,XIXI SENTIR IGUAL QUENTE,XIXI SENTIR IGUAL QUENTE
16-04-2024_10-24-07_p0025_s217_b4_CONV--ZED-RGB.mpeg,217,FEZES-LÍQUIDAS BRANCO,FEZES-LÍQUIDAS BRANCO
20-05-2024_15-13-18_p0023_s83_b2_CONV--ZED-RGB.mpeg,83,UM-DIA,UM-DIA
12-06-2024_10-22-14_p0036_s148.14_b2_CONV--ZED-RGB.mpeg,148.14,N,N
02-05-2024_15-59-15_p0026_s246_b4_CONV--ZED-RGB.mpeg,246,F-U-N-G-O-S SINAL FUNGO,F-U-N-G-O-S SINAL FUNGO
08-04-2024_16-53-39_p0021_s61_b1_CONV--ZED-RGB.mpeg,61,PELE QUEIMAR,PELE QUEIMAR
30-04-2024_13-46-33_p0024_s148.11_b2_CONV--ZED-RGB.mpeg,148.11,K,K
10-05-2024_09-41-49_p0030_sP19.1_b4_CONV--ZED-RGB.mpeg,P19.1,VOCÊ JÁ FAZER TRATAMENTO ALGUM DOENÇA ENTÃO,VOCÊ JÁ FAZER TRATAMENTO ALGUM DOENÇA ENTÃO
24-04-2024_15-57-08_p0027_s193_b3_CONV--ZED-RGB.mpeg,193,FICAR-EM-PÉ SENTAR DEITAR DOR PIORAR NÃO,FICAR-EM-PÉ SENTAR DEITAR DOR PIORAR NÃO
08-04-2024_16-12-23_p0021_s148.16_b2_CONV--ZED-RGB.mpeg,148.16,P,P
16-04-2024_15-58-33_p0016_s203_b3_CONV--ZED-RGB.mpeg,203,NÃO VACINAR COVID-19,NÃO VACINAR COVID-19
12-03-2024_14-25-15_p0022_s22_b1_CONV--zed-rgb.mpeg,22,EVACUAR MOLE VERMELHO,EVACUAR MOLE VERMELHO
28-06-2024_14-36-10_p0035_s70_b1_CONV--ZED-RGB.mpeg,70,1-HORA,1-HORA
10-05-2024_09-58-44_p0030_s262_b4_CONV--ZED-RGB.mpeg,262,DOIS ANO,DOIS ANO
13-03-2024_15-21-20_p0014_s144_b2_CONV--zed-rgb.mpeg,144,ÁGUA FRIO COLOCAR-BRAÇO,ÁGUA FRIO COLOCAR-BRAÇO
05-03-2024_10-23-11_p0014_s6_b1_CONV--zed-rgb.mpeg,6,DOR PESCOÇO,DOR PESCOÇO
22-02-2024_13-35-55_p0018_s42_b1_CONV--zed-rgb.mpeg,42,COBRA PICAR,COBRA PICAR
08-05-2024_09-31-22_p0030_s90_b2_CONV--ZED-RGB.mpeg,90,DOR OUVIDO,DOR OUVIDO
06-05-2024_16-04-35_p0032_s271_b4_CONV--ZED-RGB.mpeg,271,CHAMPANHE,CHAMPANHE
24-01-2024_17-10-41_p10_s228--zed-rgb.mpeg,228,AIDS,AIDS
24-07-2024_14-20-19_p0041_s33_b1_CONV--ZED-RGB.mpeg,33,COÇAR,COÇAR
18-03-2024_11-18-57_p0013_s224_b4_CONV--ZED-RGB.mpeg,224,INFARTO,INFARTO
19-07-2024_14-27-30_p0040_s148.3_b2_CONV--ZED-RGB.mpeg,148.3,C,C
20-03-2024_15-29-48_p0015_s208_b3_CONV--ZED-RGB.mpeg,208,NÃO TRAZER CARTÃO-DE-VACINA NENHUM,NÃO TRAZER CARTÃO-DE-VACINA NENHUM
23-04-2024_15-10-54_p0026_s24_b1_CONV--ZED-RGB.mpeg,24,VOMITAR,VOMITAR
22-02-2024_11-41-50_p0017_s227_b4_CONV--zed-rgb.mpeg,227,ASMA,ASMA
28-02-2024_16-50-03_p0011_sP08.2_b2_CONV--zed-rgb.mpeg,P8.2,SENTIR DOR DEPOIS DESAPARECER ENTÃO,SENTIR DOR DEPOIS DESAPARECER ENTÃO
25-03-2024_16-18-38_p0020_s114_b2_CONV--ZED-RGB.mpeg,114,DOR CHOQUE,DOR CHOQUE
29-04-2024_15-50-01_p0024_s188_b3_CONV--ZED-RGB.mpeg,188,DOR PERNAS-ESPALHAR APONTAR-COXA,DOR PERNAS-ESPALHAR APONTAR-COXA
03-05-2024_18-42-54_p0031_s177_b3_CONV--ZED-RGB.mpeg,177,UM ANO,UM ANO
22-02-2024_14-31-20_p0018_s148.1_b2_CONV--zed-rgb.mpeg,148.1,A,A
28-06-2024_14-19-30_p0035_s36_b1_CONV--ZED-RGB.mpeg,36,SUAR SUAR SUAR,SUAR SUAR SUAR
21-02-2024_16-14-42_p0016_s156_b2_CONV--zed-rgb.mpeg,156,NÃO-ENTENDER,NÃO-ENTENDER
25-03-2024_16-20-48_p0020_sP06.4_b2_CONV--ZED-RGB.mpeg,P6.4,DOR IGUAL QUEIMAR,DOR IGUAL QUEIMAR
25-03-2024_16-22-58_p0020_s119_b2_CONV--ZED-RGB.mpeg,119,SENTIR MAL,SENTIR MAL
07-05-2024_14-36-53_p0027_s271_b4_CONV--ZED-RGB.mpeg,271,CHAMPANHE,CHAMPANHE
28-06-2024_14-19-12_p0035_s35_b1_CONV--ZED-RGB.mpeg,35,ARREPIAR FRIO,ARREPIAR FRIO
20-02-2024_16-48-32_p0015_s255_b4_CONV--zed-rgb.mpeg,255,ALERGIA CATEGORIA T-R-I-G-O FARINHA,ALERGIA CATEGORIA T-R-I-G-O FARINHA
26-08-2024_15-23-04_p0019_s22_b1_CONV--ZED-RGB.mp4,22,EVACUAR MOLE VERMELHO,EVACUAR MOLE VERMELHO
18-03-2024_15-14-39_p0020_s7_b1_CONV--ZED-RGB.mpeg,7,DOR PEITO,DOR PEITO
23-05-2024_14-44-17_p0035_s163_b3_CONV--ZED-RGB.mpeg,163,TOMAR-BANHO CORPO PIOR NÃO,TOMAR-BANHO CORPO PIOR NÃO
03-05-2024_14-14-16_p0027_s122_b2_CONV--ZED-RGB.mpeg,122,TODA-HORA URINAR,TODA-HORA URINAR
02-05-2024_16-12-49_p0026_s268_b4_CONV--ZED-RGB.mpeg,268,UÍSQUE,UÍSQUE
23-04-2024_15-26-13_p0026_s57_b1_CONV--ZED-RGB.mpeg,57,TONTEIRA,TONTEIRA
13-03-2024_14-58-14_p0014_s100_b2_CONV--zed-rgb.mpeg,100,DOR VIRILHA,DOR VIRILHA
22-04-2024_09-37-57_p0025_sP15.3_b3_CONV--ZED-RGB.mpeg,P15.3,CATARRO TER OU TER-NÃO,CATARRO TER OU TER-NÃO
31-01-2024_14-39-36_p13_s162--zed-rgb.mpeg,162,TOMAR-BANHO CORPO PIOR,TOMAR-BANHO CORPO PIOR
18-06-2024_15-03-50_p0028_sP06.2_b2_CONV--ZED-RGB.mpeg,P6.2,COMO DOR,COMO DOR
30-04-2024_13-33-03_p0024_s134_b2_CONV--ZED-RGB.mpeg,134,MASTIGAR,MASTIGAR
10-05-2024_16-21-50_p0033_s1_b1_CONV--ZED-RGB.mpeg,1,CONFUSÃO-MENTAL PERCEPÇÃO ESQUECER,CONFUSÃO-MENTAL PERCEPÇÃO ESQUECER
05-06-2024_10-30-04_p0036_s270_b4_CONV--ZED-RGB.mpeg,270,G-I-N,G-I-N
03-04-2024_15-52-52_p0023_sP22.1_b4_CONV--ZED-RGB.mpeg,P22.1,VOCÊ TER ALERGIA ENTÃO,VOCÊ TER ALERGIA ENTÃO
30-01-2024_11-22-13_p11_s59--zed-rgb.mpeg,59,TRAUMA,TRAUMA
16-05-2024_15-03-51_p0034_s148.1_b2_CONV--ZED-RGB.mpeg,148.1,A,A
12-03-2024_14-21-03_p0022_s13_b1_CONV--zed-rgb.mpeg,13,DOR PERNA,DOR PERNA
30-04-2024_13-17-32_p0024_s111_b2_CONV--ZED-RGB.mpeg,111,DOR PESO,DOR PESO
29-04-2024_11-30-38_p0029_s94_b2_CONV--ZED-RGB.mpeg,94,DOR OUVIDO-DIREITO OUVIDO-ESQUERDO,DOR OUVIDO-DIREITO OUVIDO-ESQUERDO
16-05-2024_15-16-09_p0034_s155_b2_CONV--ZED-RGB.mpeg,155,PARAR,PARAR
16-04-2024_10-48-44_p0025_sP22.3_b4_CONV--ZED-RGB.mpeg,P22.3,QUAL MEDICAMENTO,QUAL MEDICAMENTO
11-06-2024_14-23-03_p0035_s127_b2_CONV--ZED-RGB.mpeg,127,COMER COISAS ÓLEO,COMER COISAS ÓLEO
18-03-2024_11-24-16_p0013_s239_b4_CONV--ZED-RGB.mpeg,239,VÍCIO BEBER ÁLCOOL,VÍCIO BEBER ÁLCOOL
08-05-2024_09-28-14_p0030_s83_b2_CONV--ZED-RGB.mpeg,83,UM-DIA,UM-DIA
20-05-2024_15-53-35_p0023_s141_b2_CONV--ZED-RGB.mpeg,141,MEXER-PESCOÇO,MEXER-PESCOÇO
19-06-2024_09-56-09_p0036_s16_b1_CONV--ZED-RGB.mpeg,16,RESPIRAR FALTAR,RESPIRAR FALTAR
03-05-2024_08-27-53_p0030_s3_b1_CONV--ZED-RGB.mpeg,3,MUDAR COMPORTAMENTO,MUDAR COMPORTAMENTO
26-08-2024_15-42-16_p0019_s61_b1_CONV--ZED-RGB.mp4,61,PELE QUEIMAR,PELE QUEIMAR
30-04-2024_13-17-52_p0024_s112_b2_CONV--ZED-RGB.mpeg,112,DOR QUEIMAR,DOR QUEIMAR
16-05-2024_15-14-46_p0034_s151_b2_CONV--ZED-RGB.mpeg,151,OBRIGADO,OBRIGADO
18-06-2024_16-48-59_p0028_sP24.2_b4_CONV--ZED-RGB.mpeg,P24.2,BEBIDA QUAL,BEBIDA QUAL
05-06-2024_15-09-03_p0037_sP18.5_b4_CONV--ZED-RGB.mpeg,P18.5,VOCÊ BARRIGA DOR ENTÃO,VOCÊ BARRIGA DOR ENTÃO
30-01-2024_11-06-33_p11_s18--zed-rgb.mpeg,18,DIFÍCIL RESPIRAR,DIFÍCIL RESPIRAR
21-02-2024_15-33-06_p0016_sP06.4_b2_CONV--zed-rgb.mpeg,P6.4,DOR IGUAL QUEIMAR,DOR IGUAL QUEIMAR
24-07-2024_14-18-51_p0041_s29_b1_CONV--ZED-RGB.mpeg,29,INCHAR,INCHAR
08-04-2024_15-49-32_p0021_s124_b2_CONV--ZED-RGB.mpeg,124,GASES,GASES
24-01-2024_17-31-50_p10_s270--zed-rgb.mpeg,270,G-I-N,G-I-N
10-05-2024_08-51-47_p0030_s185_b3_CONV--ZED-RGB.mpeg,185,DOR BARRIGA-ESPALHAR BARRIGA,DOR BARRIGA-ESPALHAR BARRIGA
10-05-2024_15-06-49_p0033_s212_b4_CONV--ZED-RGB.mpeg,212,FEZES-LÍQUIDAS,FEZES-LÍQUIDAS
17-06-2024_14-50-03_p0019_s85_b2_CONV--ZED-RGB.mpeg,85,UM SEMANA,UM SEMANA
21-02-2024_11-51-17_p0013_s53_b1_CONV--zed-rgb.mpeg,53,XIXI VERMELHO,XIXI VERMELHO
21-02-2024_11-29-30_p0013_s2_b1_CONV--zed-rgb.mpeg,2,CONFUSÃO,CONFUSÃO
24-07-2024_15-23-42_p0041_s266_b4_CONV--ZED-RGB.mpeg,266,DOSE ÁLCOOL,DOSE ÁLCOOL
24-05-2024_19-12-08_p0031_s148.21_b2_CONV--ZED-RGB.mpeg,148.21,U,U
01-08-2024_16-36-41_p0042_s178_b3_CONV--ZED-RGB.mpeg,178,CINCO ANO,CINCO ANO
29-02-2024_13-49-46_p0010_s23_b1_CONV--zed-rgb.mpeg,23,TONTURA-ENJOO,TONTURA-ENJOO
22-02-2024_14-23-15_p0018_s130_b2_CONV--zed-rgb.mpeg,130,CORPO ESFORÇAR,CORPO ESFORÇAR
17-07-2024_14-22-15_p0041_sP06.2_b2_CONV--ZED-RGB.mpeg,P6.2,COMO DOR,COMO DOR
19-06-2024_16-51-45_p0023_s79_b1_CONV--ZED-RGB.mpeg,79,SENTADO,SENTADO
29-04-2024_17-00-31_p0024_s67_b1_CONV--ZED-RGB.mpeg,67,VOMITAR TER VERMELHO,VOMITAR TER VERMELHO
08-04-2024_16-41-41_p0021_s25_b1_CONV--ZED-RGB.mpeg,25,FEZES ESCURO,FEZES ESCURO
24-07-2024_14-31-07_p0041_s60_b1_CONV--ZED-RGB.mpeg,60,AGREDIR,AGREDIR
09-05-2024_14-54-31_p0033_s138_b2_CONV--ZED-RGB.mpeg,138,APERTAR,APERTAR
07-03-2024_14-01-57_p0010_s132_b2_CONV--zed-rgb.mpeg,132,NARIZ ESPIRRAR,NARIZ ESPIRRAR
10-05-2024_16-43-26_p0033_s52_b1_CONV--ZED-RGB.mpeg,52,XIXI ESPUMAR,XIXI ESPUMAR
29-02-2024_14-07-15_p0010_s51_b1_CONV--zed-rgb.mpeg,51,XIXI ESCURO,XIXI ESCURO
26-04-2024_14-40-35_p0028_s24_b1_CONV--ZED-RGB.mpeg,24,VOMITAR,VOMITAR
21-02-2024_15-56-01_p0016_s143_b2_CONV--zed-rgb.mpeg,143,DEITAR,DEITAR
27-03-2024_16-09-41_p0015_s29_b1_CONV--ZED-RGB.mpeg,29,INCHAR,INCHAR
22-02-2024_14-22-46_p0018_s128_b2_CONV--zed-rgb.mpeg,128,LOCAIS BARULHO,LOCAIS BARULHO
22-02-2024_14-10-59_p0018_s111_b2_CONV--zed-rgb.mpeg,111,DOR PESO,DOR PESO
02-04-2024_15-24-22_p0021_s173_b3_CONV--ZED-RGB.mpeg,173,SEMPRE SEMPRE,SEMPRE SEMPRE
29-04-2024_16-41-49_p0024_s27_b1_CONV--ZED-RGB.mpeg,27,CATARRO GRIPE,CATARRO GRIPE
20-05-2024_16-11-05_p0023_s154_b2_CONV--ZED-RGB.mpeg,154,PARAR,PARAR
29-02-2024_13-38-57_p0010_s6_b1_CONV--zed-rgb.mpeg,6,DOR PESCOÇO,DOR PESCOÇO
21-02-2024_15-42-59_p0016_s121_b2_CONV--zed-rgb.mpeg,121,VER MANCHAS,VER MANCHAS
23-05-2024_15-17-41_p0035_s200_b3_CONV--ZED-RGB.mpeg,200,CATARRO COLA VERDE,CATARRO COLA VERDE
08-06-2024_10-47-08_p0031_s69_b1_CONV--ZED-RGB.mpeg,69,30 MINUTO,30 MINUTO
10-05-2024_08-55-11_p0030_sP13.1_b3_CONV--ZED-RGB.mpeg,P13.1,MOMENTO EXEMPLO AQUI APERTAR VOCÊ SENTIR DOR PIORAR ENTÃO,MOMENTO EXEMPLO AQUI APERTAR VOCÊ SENTIR DOR PIORAR ENTÃO
27-03-2024_15-45-00_p0015_s156_b2_CONV--ZED-RGB.mpeg,156,NÃO-ENTENDER,NÃO-ENTENDER
11-05-2024_10-07-49_p0034_s205_b3_CONV--ZED-RGB.mpeg,205,TRÊS VACINA,TRÊS VACINA
22-04-2024_09-42-33_p0025_sP17.1_b3_CONV--ZED-RGB.mpeg,P17.1,VOCÊ JÁ VACINAR COVID-19,VOCÊ JÁ VACINAR COVID-19
28-06-2024_14-16-26_p0035_s28_b1_CONV--ZED-RGB.mpeg,28,NARIZ-LADOS FECHAR,NARIZ-LADOS FECHAR
29-04-2024_11-27-35_p0029_sP05_b2_CONV--ZED-RGB.mpeg,P5,POR-QUE PROCURAR VIR HOJE TER PIORAR,POR-QUE PROCURAR VIR HOJE TER PIORAR
31-01-2024_15-05-22_p13_s194--zed-rgb.mpeg,194,TOSSE SECO,TOSSE SECO
01-08-2024_16-36-24_p0042_s177_b3_CONV--ZED-RGB.mpeg,177,UM ANO,UM ANO
13-03-2024_14-54-45_p0014_s93_b2_CONV--zed-rgb.mpeg,93,DOR NUCA,DOR NUCA
05-06-2024_15-35-39_p0037_s269_b4_CONV--ZED-RGB.mpeg,269,CACHAÇA,CACHAÇA
12-06-2024_16-59-11_p0038_s197_b3_CONV--ZED-RGB.mpeg,197,CATARRO COLA CLARO,CATARRO COLA CLARO
21-02-2024_11-30-04_p0013_s4_b1_CONV--zed-rgb.mpeg,4,CONVULSÃO ENROLAR-LÍNGUA,CONVULSÃO ENROLAR-LÍNGUA
11-03-2024_16-04-14_p0020_s195_b3_CONV--zed-rgb.mpeg,195,CATARRO COLA NENHUM,CATARRO COLA NENHUM
27-05-2024_15-12-15_p0032_sP09.4_b3_CONV--ZED-RGB.mpeg,P9.4,TOMAR-BANHO FÍSICO PIOR,TOMAR-BANHO FÍSICO PIOR
10-05-2024_15-14-25_p0033_sP19.1_b4_CONV--ZED-RGB.mpeg,P19.1,VOCÊ JÁ FAZER TRATAMENTO ALGUM DOENÇA ENTÃO,VOCÊ JÁ FAZER TRATAMENTO ALGUM DOENÇA ENTÃO
12-03-2024_14-35-59_p0022_s49_b1_CONV--zed-rgb.mpeg,49,XIXI POUCO,XIXI POUCO
07-03-2024_14-05-48_p0010_s145_b2_CONV--zed-rgb.mpeg,145,ÁGUA QUENTE COLOCAR-BRAÇO,ÁGUA QUENTE COLOCAR-BRAÇO
07-05-2024_14-18-23_p0027_s232_b4_CONV--ZED-RGB.mpeg,232,ANSIEDADE,ANSIEDADE
10-05-2024_16-43-42_p0033_s53_b1_CONV--ZED-RGB.mpeg,53,XIXI VERMELHO,XIXI VERMELHO
18-04-2024_10-27-55_p0025_s51_b1_CONV--ZED-RGB.mpeg,51,XIXI ESCURO,XIXI ESCURO
28-06-2024_15-44-42_p0035_s273_b4_CONV--ZED-RGB.mpeg,273,UM LATA UMA-VEZ SEMANA,UM LATA UMA-VEZ SEMANA
26-02-2024_15-44-16_p0019_s233_b4_CONV--zed-rgb.mpeg,233,A-V-C,A-V-C
22-04-2024_09-24-27_p0025_s177_b3_CONV--ZED-RGB.mpeg,177,UM ANO,UM ANO
20-05-2024_12-22-27_p0034_s255_b4_CONV--ZED-RGB.mpeg,255,ALERGIA CATEGORIA T-R-I-G-O FARINHA,ALERGIA CATEGORIA T-R-I-G-O FARINHA
18-04-2024_10-33-06_p0025_s63_b1_CONV--ZED-RGB.mpeg,63,TIRO FURAR-BARRIGA,TIRO FURAR-BARRIGA
30-04-2024_13-46-50_p0024_s148.12_b2_CONV--ZED-RGB.mpeg,148.12,L,L
22-02-2024_15-31-17_p0014_s170.8_b3_CONV--zed-rgb.mpeg,170.8,8,8
22-02-2024_14-07-38_p0018_s99_b2_CONV--zed-rgb.mpeg,99,DOR BAIXO-VENTRE,DOR BAIXO-VENTRE
09-05-2024_14-53-43_p0033_s137_b2_CONV--ZED-RGB.mpeg,137,ESTRESSE,ESTRESSE
10-05-2024_09-57-04_p0030_sP23.1_b4_CONV--ZED-RGB.mpeg,P23.1,VOCÊ FUMAR,VOCÊ FUMAR
13-05-2024_15-34-45_p0028_sP09.4_b3_CONV--ZED-RGB.mpeg,P9.4,TOMAR-BANHO FÍSICO PIOR,TOMAR-BANHO FÍSICO PIOR
22-02-2024_10-37-27_p0017_s159_b3_CONV--zed-rgb.mpeg,159,SUBIR-MORRO CORPO PIOR NÃO,SUBIR-MORRO CORPO PIOR NÃO
13-03-2024_14-57-08_p0014_s99_b2_CONV--zed-rgb.mpeg,99,DOR BAIXO-VENTRE,DOR BAIXO-VENTRE
07-05-2024_15-09-51_p0027_s52_b1_CONV--ZED-RGB.mpeg,52,XIXI ESPUMAR,XIXI ESPUMAR
19-07-2024_14-36-52_p0040_s148.26_b2_CONV--ZED-RGB.mpeg,148.26,Z,Z
03-05-2024_08-39-57_p0030_s36_b1_CONV--ZED-RGB.mpeg,36,SUAR SUAR SUAR,SUAR SUAR SUAR
21-02-2024_16-07-57_p0016_s148.17_b2_CONV--zed-rgb.mpeg,148.17,Q,Q
20-03-2024_15-25-03_p0015_s201_b3_CONV--ZED-RGB.mpeg,201,CATARRO COLA VERMELHO,CATARRO COLA VERMELHO
17-07-2024_14-24-36_p0041_s111_b2_CONV--ZED-RGB.mpeg,111,DOR PESO,DOR PESO
26-08-2024_15-21-09_p0019_s17_b1_CONV--ZED-RGB.mp4,17,CHIAR,CHIAR
08-05-2024_16-22-34_p0033_s206_b3_CONV--ZED-RGB.mpeg,206,QUATRO VACINA,QUATRO VACINA
08-04-2024_15-24-28_p0021_s86_b2_CONV--ZED-RGB.mpeg,86,UM MÊS,UM MÊS
10-05-2024_16-36-53_p0033_s33_b1_CONV--ZED-RGB.mpeg,33,COÇAR,COÇAR
15-05-2024_16-11-48_p0032_s139_b2_CONV--ZED-RGB.mpeg,139,BRAÇO MEXER-BRAÇO,BRAÇO MEXER-BRAÇO
16-04-2024_10-19-27_p0025_sP18.3_b4_CONV--ZED-RGB.mpeg,P18.3,COMO FEZES COMO,COMO FEZES COMO
19-06-2024_16-19-27_p0023_s8_b1_CONV--ZED-RGB.mpeg,8,DOR COSTAS,DOR COSTAS
08-06-2024_10-23-19_p0031_s13_b1_CONV--ZED-RGB.mpeg,13,DOR PERNA,DOR PERNA
28-06-2024_14-35-03_p0035_s68_b1_CONV--ZED-RGB.mpeg,68,15 MINUTO,15 MINUTO
22-02-2024_13-50-17_p0018_s74_b1_CONV--zed-rgb.mpeg,74,BEBER,BEBER
08-05-2024_09-48-35_p0030_s127_b2_CONV--ZED-RGB.mpeg,127,COMER COISAS ÓLEO,COMER COISAS ÓLEO
08-04-2024_16-00-57_p0021_s147_b2_CONV--ZED-RGB.mpeg,147,JEJUM,JEJUM
10-05-2024_15-26-39_p0033_s233_b4_CONV--ZED-RGB.mpeg,233,A-V-C,A-V-C
13-03-2024_15-33-05_p0014_s155_b2_CONV--zed-rgb.mpeg,155,PARAR,PARAR
05-06-2024_15-04-11_p0037_s213_b4_CONV--ZED-RGB.mpeg,213,CLARO,CLARO
22-02-2024_15-46-44_p0014_s195_b3_CONV--zed-rgb.mpeg,195,CATARRO COLA NENHUM,CATARRO COLA NENHUM
24-07-2024_15-30-40_p0041_s281_b4_CONV--ZED-RGB.mpeg,281,TAÇA TOMAR VINHO TODO-DIA,TAÇA TOMAR VINHO TODO-DIA
16-07-2024_17-01-03_p0039_s283_b4_CONV--ZED-RGB.mpeg,283,UM COPO UMA-VEZ SEMANA,UM COPO UMA-VEZ SEMANA
02-05-2024_14-49-01_p0026_s167_b3_CONV--ZED-RGB.mpeg,167,SUBIR-ESCADA CORPO PIOR NÃO,SUBIR-ESCADA CORPO PIOR NÃO
03-04-2024_16-04-16_p0023_s261_b4_CONV--ZED-RGB.mpeg,261,UM ANO,UM ANO
08-05-2024_10-05-43_p0030_s156_b2_CONV--ZED-RGB.mpeg,156,NÃO-ENTENDER,NÃO-ENTENDER
08-05-2024_15-30-41_p0033_s170.4_b3_CONV--ZED-RGB.mpeg,170.4,4,4
29-04-2024_11-57-28_p0029_s148.4_b2_CONV--ZED-RGB.mpeg,148.4,D,D
28-06-2024_15-38-49_p0035_sP23.2_b4_CONV--ZED-RGB.mpeg,P23.2,TOTAL TEMPO QUANTO,TOTAL TEMPO QUANTO
03-05-2024_18-45-10_p0031_sP11.5_b3_CONV--ZED-RGB.mpeg,P11.5,PERÍODO DOR TER AUMENTAR,PERÍODO DOR TER AUMENTAR
16-05-2024_14-41-49_p0034_sP07_b2_CONV--ZED-RGB.mpeg,P7,SENTIR JUNTO ITENS MAIS TER,SENTIR JUNTO ITENS MAIS TER
16-05-2024_15-01-37_p0034_s143_b2_CONV--ZED-RGB.mpeg,143,DEITAR,DEITAR
08-05-2024_09-51-22_p0030_s136_b2_CONV--ZED-RGB.mpeg,136,ANDAR,ANDAR
03-05-2024_14-27-57_p0027_s148.23_b2_CONV--ZED-RGB.mpeg,148.23,W,W
30-04-2024_13-24-39_p0024_s119_b2_CONV--ZED-RGB.mpeg,119,SENTIR MAL,SENTIR MAL
07-05-2024_14-58-17_p0027_s17_b1_CONV--ZED-RGB.mpeg,17,CHIAR,CHIAR
17-06-2024_15-24-50_p0019_s140_b2_CONV--ZED-RGB.mpeg,140,PERNAS MEXER-PERNAS,PERNAS MEXER-PERNAS
05-06-2024_10-08-36_p0036_s237_b4_CONV--ZED-RGB.mpeg,237,RINS FRACO,RINS FRACO
18-06-2024_16-44-36_p0028_s259_b4_CONV--ZED-RGB.mpeg,259,TER FUMAR SIM,TER FUMAR SIM
05-06-2024_15-20-13_p0037_s247_b4_CONV--ZED-RGB.mpeg,247,ALERGIA FLOR PÓLEN,ALERGIA FLOR PÓLEN
22-02-2024_13-28-19_p0018_s29_b1_CONV--zed-rgb.mpeg,29,INCHAR,INCHAR
06-05-2024_15-40-00_p0032_s252_b4_CONV--ZED-RGB.mpeg,252,ALERGIA LEITE,ALERGIA LEITE
20-05-2024_12-28-08_p0034_s263_b4_CONV--ZED-RGB.mpeg,263,DEZ ANO,DEZ ANO
11-05-2024_10-06-09_p0034_sP17.1_b3_CONV--ZED-RGB.mpeg,P17.1,VOCÊ JÁ VACINAR COVID-19,VOCÊ JÁ VACINAR COVID-19
29-04-2024_15-38-50_p0024_s174_b3_CONV--ZED-RGB.mpeg,174,TRÊS-VEZES DIA,TRÊS-VEZES DIA
07-05-2024_14-21-54_p0027_s245_b4_CONV--ZED-RGB.mpeg,245,ÁCARO ALERGIA,ÁCARO ALERGIA
26-08-2024_15-27-38_p0019_s34_b1_CONV--ZED-RGB.mp4,34,FEBRE,FEBRE
17-06-2024_14-54-00_p0019_s91_b2_CONV--ZED-RGB.mpeg,91,DOR LADO-CABEÇA LADO-CABEÇA,DOR LADO-CABEÇA LADO-CABEÇA
17-07-2024_14-47-57_p0041_s148.6_b2_CONV--ZED-RGB.mpeg,148.6,F,F
17-06-2024_14-57-56_p0019_s99_b2_CONV--ZED-RGB.mpeg,99,DOR BAIXO-VENTRE,DOR BAIXO-VENTRE
28-02-2024_16-52-00_p0011_s146_b2_CONV--zed-rgb.mpeg,146,REMÉDIO,REMÉDIO
12-06-2024_16-57-31_p0038_s195_b3_CONV--ZED-RGB.mpeg,195,CATARRO COLA NENHUM,CATARRO COLA NENHUM
22-01-2024_16-41-57_p9_s170.10--zed-rgb.mpeg,170.10,10,10
28-06-2024_14-31-51_p0035_s63_b1_CONV--ZED-RGB.mpeg,63,TIRO FURAR-BARRIGA,TIRO FURAR-BARRIGA
19-07-2024_14-24-09_p0040_s143_b2_CONV--ZED-RGB.mpeg,143,DEITAR,DEITAR
03-05-2024_18-50-46_p0031_s188_b3_CONV--ZED-RGB.mpeg,188,DOR PERNAS-ESPALHAR APONTAR-COXA,DOR PERNAS-ESPALHAR APONTAR-COXA
18-04-2024_10-16-38_p0025_s23_b1_CONV--ZED-RGB.mpeg,23,TONTURA-ENJOO,TONTURA-ENJOO
27-05-2024_15-45-07_p0032_s186_b3_CONV--ZED-RGB.mpeg,186,COSTAS DOR ESPALHAR,COSTAS DOR ESPALHAR
27-03-2024_16-26-23_p0015_s68_b1_CONV--ZED-RGB.mpeg,68,15 MINUTO,15 MINUTO
10-05-2024_09-11-26_p0030_sP17.4_b3_CONV--ZED-RGB.mpeg,P17.4,VOCÊ TRAZER CARTÃO-DE-VACINA,VOCÊ TRAZER CARTÃO-DE-VACINA
16-07-2024_16-17-07_p0039_s210_b4_CONV--ZED-RGB.mpeg,210,MOLE,MOLE
28-02-2024_16-34-28_p0011_s121_b2_CONV--zed-rgb.mpeg,121,VER MANCHAS,VER MANCHAS
12-03-2024_10-33-19_p0021_s240_b4_CONV--zed-rgb.mpeg,240,VÍCIO FUMAR,VÍCIO FUMAR
12-03-2024_14-34-31_p0022_s47_b1_CONV--zed-rgb.mpeg,47,XIXI SENTIR IGUAL QUENTE,XIXI SENTIR IGUAL QUENTE
18-04-2024_15-28-39_p0026_sP06.2_b2_CONV--ZED-RGB.mpeg,P6.2,COMO DOR,COMO DOR
17-06-2024_14-52-22_p0019_s88_b2_CONV--ZED-RGB.mpeg,88,NÃO,NÃO
09-05-2024_15-09-22_p0033_s148.11_b2_CONV--ZED-RGB.mpeg,148.11,K,K
30-01-2024_11-26-09_p11_s70--zed-rgb.mpeg,70,1-HORA,1-HORA
06-05-2024_15-31-27_p0032_s234_b4_CONV--ZED-RGB.mpeg,234,TOSSIR CATARRO VERMELHO,TOSSIR CATARRO VERMELHO
21-02-2024_11-52-06_p0013_s56_b1_CONV--zed-rgb.mpeg,56,VERMELHO FEZES,VERMELHO FEZES
09-05-2024_14-41-30_p0033_s118_b2_CONV--ZED-RGB.mpeg,118,OLHOS-LACRIMEJAR,OLHOS-LACRIMEJAR
29-02-2024_14-06-08_p0010_s48_b1_CONV--zed-rgb.mpeg,48,XIXI VAZAR,XIXI VAZAR
02-04-2024_15-07-59_p0021_s166_b3_CONV--ZED-RGB.mpeg,166,SUBIR-ESCADA CORPO PIOR,SUBIR-ESCADA CORPO PIOR
08-05-2024_15-53-07_p0033_s185_b3_CONV--ZED-RGB.mpeg,185,DOR BARRIGA-ESPALHAR BARRIGA,DOR BARRIGA-ESPALHAR BARRIGA
08-05-2024_09-48-16_p0030_s126_b2_CONV--ZED-RGB.mpeg,126,BEBER ÁLCOOL,BEBER ÁLCOOL
22-02-2024_10-43-29_p0017_s167_b3_CONV--zed-rgb.mpeg,167,SUBIR-ESCADA CORPO PIOR NÃO,SUBIR-ESCADA CORPO PIOR NÃO
11-06-2024_14-01-27_p0035_s95_b2_CONV--ZED-RGB.mpeg,95,DOR OLHOS,DOR OLHOS
22-02-2024_15-30-05_p0014_s170.4_b3_CONV--zed-rgb.mpeg,170.4,4,4
10-05-2024_09-09-51_p0030_s206_b3_CONV--ZED-RGB.mpeg,206,QUATRO VACINA,QUATRO VACINA
08-05-2024_16-26-40_p0033_s241_b3_CONV--ZED-RGB.mpeg,241,TRAZER RECEITA REMÉDIO,TRAZER RECEITA REMÉDIO
22-02-2024_14-07-59_p0018_s100_b2_CONV--zed-rgb.mpeg,100,DOR VIRILHA,DOR VIRILHA
22-02-2024_14-20-17_p0018_s121_b2_CONV--zed-rgb.mpeg,121,VER MANCHAS,VER MANCHAS
15-05-2024_15-54-33_p0032_s122_b2_CONV--ZED-RGB.mpeg,122,TODA-HORA URINAR,TODA-HORA URINAR
11-05-2024_09-47-31_p0034_sP11.4_b3_CONV--ZED-RGB.mpeg,P11.4,AO-LONGO-DO-TEMPO DOR COMO AUMENTAR O-U DIMINUIR,AO-LONGO-DO-TEMPO DOR COMO AUMENTAR O-U DIMINUIR
26-03-2024_15-02-37_p0022_s160_b3_CONV--ZED-RGB.mpeg,160,PLANO ANDAR CORPO PIOR,PLANO ANDAR CORPO PIOR
16-05-2024_14-30-07_p0034_s101_b2_CONV--ZED-RGB.mpeg,101,DOR OMBROS,DOR OMBROS
30-04-2024_13-38-21_p0024_s142_b2_CONV--ZED-RGB.mpeg,142,MOVIMENTAR-CORPO DOR PIORAR,MOVIMENTAR-CORPO DOR PIORAR
19-03-2024_15-17-19_p0022_s119_b2_CONV--ZED-RGB.mpeg,119,SENTIR MAL,SENTIR MAL
20-05-2024_15-36-27_p0023_s116_b2_CONV--ZED-RGB.mpeg,116,DOR APERTAR PONTADA,DOR APERTAR PONTADA
28-06-2024_14-38-49_p0035_s77_b1_CONV--ZED-RGB.mpeg,77,EXERCÍCIO-FÍSICO,EXERCÍCIO-FÍSICO
20-05-2024_15-35-58_p0023_s115_b2_CONV--ZED-RGB.mpeg,115,DOR VERMELHO SANGRAR APERTAR,DOR VERMELHO SANGRAR APERTAR
13-05-2024_16-22-08_p0028_sP15.1_b3_CONV--ZED-RGB.mpeg,P15.1,TER TOSSE,TER TOSSE
03-05-2024_14-28-21_p0027_s148.25_b2_CONV--ZED-RGB.mpeg,148.25,Y,Y
18-06-2024_15-21-42_p0028_s131_b2_CONV--ZED-RGB.mpeg,131,PERÍODO MENSTRUAR,PERÍODO MENSTRUAR
20-05-2024_16-07-57_p0023_s148.21_b2_CONV--ZED-RGB.mpeg,148.21,U,U
13-05-2024_15-52-01_p0028_s170.4_b3_CONV--ZED-RGB.mpeg,170.4,4,4
28-02-2024_16-50-29_p0011_s143_b2_CONV--zed-rgb.mpeg,143,DEITAR,DEITAR
22-02-2024_13-48-22_p0018_s68_b1_CONV--zed-rgb.mpeg,68,15 MINUTO,15 MINUTO
24-04-2024_15-22-39_p0027_s164_b3_CONV--ZED-RGB.mpeg,164,DEITAR CALMA PIOR,DEITAR CALMA PIOR
07-05-2024_14-54-14_p0027_s5_b1_CONV--ZED-RGB.mpeg,5,CABEÇA DOR,CABEÇA DOR
20-02-2024_16-50-24_p0015_s257_b4_CONV--zed-rgb.mpeg,257,ALERGIA REMÉDIO NÃO-TER,ALERGIA REMÉDIO NÃO-TER
05-03-2024_10-46-38_p0014_s76_b1_CONV--zed-rgb.mpeg,76,LIMPAR CASA,LIMPAR CASA
26-04-2024_14-42-20_p0028_s28_b1_CONV--ZED-RGB.mpeg,28,NARIZ-LADOS FECHAR,NARIZ-LADOS FECHAR
26-03-2024_16-14-29_p0022_s228_b4_CONV--ZED-RGB.mpeg,228,AIDS,AIDS
24-04-2024_15-31-26_p0027_s170.0_b3_CONV--ZED-RGB.mpeg,170.0,0,0
26-04-2024_14-32-45_p0028_s5_b1_CONV--ZED-RGB.mpeg,5,CABEÇA DOR,CABEÇA DOR
08-04-2024_16-59-30_p0021_s69_b1_CONV--ZED-RGB.mpeg,69,30 MINUTO,30 MINUTO
08-04-2024_16-36-22_p0021_s12_b1_CONV--ZED-RGB.mpeg,12,DOR BRAÇO,DOR BRAÇO
28-06-2024_15-17-27_p0035_s230_b4_CONV--ZED-RGB.mpeg,230,DEPRESSÃO,DEPRESSÃO
19-06-2024_16-28-37_p0023_s25_b1_CONV--ZED-RGB.mpeg,25,FEZES ESCURO,FEZES ESCURO
26-02-2024_16-08-42_p0019_s264_b4_CONV--zed-rgb.mpeg,264,CERVEJA,CERVEJA
28-06-2024_15-19-24_p0035_s233_b4_CONV--ZED-RGB.mpeg,233,A-V-C,A-V-C
18-06-2024_16-58-31_p0028_s280_b4_CONV--ZED-RGB.mpeg,280,TAÇA TOMAR VINHO UMA-VEZ SEMANA,TAÇA TOMAR VINHO UMA-VEZ SEMANA
22-02-2024_14-04-56_p0018_s93_b2_CONV--zed-rgb.mpeg,93,DOR NUCA,DOR NUCA
24-01-2024_17-23-44_p10_s253--zed-rgb.mpeg,253,ALERGIA O-V-O OVO,ALERGIA O-V-O OVO
26-08-2024_15-47-56_p0019_sP03_b1_CONV--ZED-RGB.mp4,P3,COMO COMEÇAR QUE VOCÊ FAZER O-QUE,COMO COMEÇAR QUE VOCÊ FAZER O-QUE
23-05-2024_14-59-57_p0035_s174_b3_CONV--ZED-RGB.mpeg,174,TRÊS-VEZES DIA,TRÊS-VEZES DIA
27-03-2024_15-37-32_p0015_s148.11_b2_CONV--ZED-RGB.mpeg,148.11,K,K
05-03-2024_10-44-03_p0014_s68_b1_CONV--zed-rgb.mpeg,68,15 MINUTO,15 MINUTO
27-05-2024_16-40-00_p0032_s22_b1_CONV--ZED-RGB.mpeg,22,EVACUAR MOLE VERMELHO,EVACUAR MOLE VERMELHO
18-03-2024_11-13-29_p0013_s217_b4_CONV--ZED-RGB.mpeg,217,FEZES-LÍQUIDAS BRANCO,FEZES-LÍQUIDAS BRANCO
13-05-2024_16-34-11_p0028_sP17.3_b3_CONV--ZED-RGB.mpeg,P17.3,VOCÊ JÁ VACINAR GRIPE,VOCÊ JÁ VACINAR GRIPE
29-04-2024_16-50-36_p0024_s45_b1_CONV--ZED-RGB.mpeg,45,PROBLEMA OLHOS,PROBLEMA OLHOS
22-02-2024_14-10-16_p0018_s108_b2_CONV--zed-rgb.mpeg,108,DOR LEVE,DOR LEVE
25-03-2024_16-17-32_p0020_s111_b2_CONV--ZED-RGB.mpeg,111,DOR PESO,DOR PESO
28-06-2024_14-39-15_p0035_s78_b1_CONV--ZED-RGB.mpeg,78,CALADO DEITADO,CALADO DEITADO
24-05-2024_18-37-20_p0031_s97_b2_CONV--ZED-RGB.mpeg,97,DOR LADOS-BARRIGA,DOR LADOS-BARRIGA
18-06-2024_16-45-54_p0028_s261_b4_CONV--ZED-RGB.mpeg,261,UM ANO,UM ANO
11-06-2024_13-53-29_p0035_s83_b2_CONV--ZED-RGB.mpeg,83,UM-DIA,UM-DIA
08-05-2024_15-23-38_p0033_s168_b3_CONV--ZED-RGB.mpeg,168,REMÉDIO CURAR,REMÉDIO CURAR
08-04-2024_16-48-34_p0021_s46_b1_CONV--ZED-RGB.mpeg,46,PROBLEMA OUVIDOS,PROBLEMA OUVIDOS
11-05-2024_10-12-43_p0034_s242_b3_CONV--ZED-RGB.mpeg,242,EU USAR REMÉDIO,EU USAR REMÉDIO
18-06-2024_14-52-16_p0028_s85_b2_CONV--ZED-RGB.mpeg,85,UM SEMANA,UM SEMANA
11-05-2024_09-56-24_p0034_s191_b3_CONV--ZED-RGB.mpeg,191,MOMENTO APERTAR-BRAÇO DOR PIORAR NÃO,MOMENTO APERTAR-BRAÇO DOR PIORAR NÃO
15-05-2024_16-51-33_p0032_s149_b2_CONV--ZED-RGB.mpeg,149,DEVAGAR,DEVAGAR
09-05-2024_15-19-06_p0033_s155_b2_CONV--ZED-RGB.mpeg,155,PARAR,PARAR
23-04-2024_11-32-31_p0024_s248_b4_CONV--ZED-RGB.mpeg,248,ALERGIA CACHORRO,ALERGIA CACHORRO
18-06-2024_15-15-37_p0028_s122_b2_CONV--ZED-RGB.mpeg,122,TODA-HORA URINAR,TODA-HORA URINAR
09-05-2024_14-47-51_p0033_s127_b2_CONV--ZED-RGB.mpeg,127,COMER COISAS ÓLEO,COMER COISAS ÓLEO
26-03-2024_16-33-47_p0022_s271_b4_CONV--ZED-RGB.mpeg,271,CHAMPANHE,CHAMPANHE
24-01-2024_17-18-29_p10_s245--zed-rgb.mpeg,245,ÁCARO ALERGIA,ÁCARO ALERGIA
03-05-2024_14-22-21_p0027_s148.1_b2_CONV--ZED-RGB.mpeg,148.1,A,A
12-03-2024_10-47-16_p0021_sP24.2_b4_CONV--zed-rgb.mpeg,P24.2,BEBIDA QUAL,BEBIDA QUAL
30-01-2024_14-45-16_p12_s127--zed-rgb.mpeg,127,COMER COISAS ÓLEO,COMER COISAS ÓLEO
23-05-2024_14-46-10_p0035_s165_b3_CONV--ZED-RGB.mpeg,165,DEITAR CALMA PIOR NÃO,DEITAR CALMA PIOR NÃO
22-02-2024_15-51-12_p0014_sP17.3_b3_CONV--zed-rgb.mpeg,P17.3,VOCÊ JÁ VACINAR GRIPE,VOCÊ JÁ VACINAR GRIPE
10-05-2024_16-52-37_p0033_s79_b1_CONV--ZED-RGB.mpeg,79,SENTADO,SENTADO
22-02-2024_11-57-14_p0017_s277_b4_CONV--zed-rgb.mpeg,277,DOIS GARRAFAS DUAS-VEZES SEMANA,DOIS GARRAFAS DUAS-VEZES SEMANA
13-03-2024_14-51-26_p0014_sP06.1_b2_CONV--zed-rgb.mpeg,P6.1,ONDE DOR,ONDE DOR
26-02-2024_15-22-05_p0019_sP18.1_b4_CONV--zed-rgb.mpeg,P18.1,ENJOAR O-U VOMITAR,ENJOAR O-U VOMITAR
26-08-2024_15-24-52_p0019_s27_b1_CONV--ZED-RGB.mp4,27,CATARRO GRIPE,CATARRO GRIPE
30-01-2024_11-27-32_p11_s73--zed-rgb.mpeg,73,COMER,COMER
18-06-2024_16-11-40_p0028_s217_b4_CONV--ZED-RGB.mpeg,217,FEZES-LÍQUIDAS BRANCO,FEZES-LÍQUIDAS BRANCO
10-05-2024_09-02-43_p0030_s196_b3_CONV--ZED-RGB.mpeg,196,TOSSE CATARRO COLA,TOSSE CATARRO COLA
13-05-2024_15-51-48_p0028_s170.3_b3_CONV--ZED-RGB.mpeg,170.3,3,3
16-04-2024_11-01-44_p0025_s281_b4_CONV--ZED-RGB.mpeg,281,TAÇA TOMAR VINHO TODO-DIA,TAÇA TOMAR VINHO TODO-DIA
10-05-2024_09-04-18_p0030_s199_b3_CONV--ZED-RGB.mpeg,199,CATARRO COLA AMARELO,CATARRO COLA AMARELO
08-04-2024_16-03-41_p0021_s148.2_b2_CONV--ZED-RGB.mpeg,148.2,B,B
16-04-2024_15-32-09_p0016_s170.6_b3_CONV--ZED-RGB.mpeg,170.6,6,6
07-05-2024_14-57-35_p0027_s15_b1_CONV--ZED-RGB.mpeg,15,DOR PÉ P-E,DOR PÉ P-E
16-04-2024_10-16-59_p0025_s209_b4_CONV--ZED-RGB.mpeg,209,NENHUM VONTADE NADA VOMITAR,NENHUM VONTADE NADA VOMITAR
15-05-2024_16-06-38_p0032_s134_b2_CONV--ZED-RGB.mpeg,134,MASTIGAR,MASTIGAR
10-05-2024_09-33-54_p0030_s210_b4_CONV--ZED-RGB.mpeg,210,MOLE,MOLE
18-04-2024_15-31-26_p0026_s114_b2_CONV--ZED-RGB.mpeg,114,DOR CHOQUE,DOR CHOQUE
20-05-2024_15-58-36_p0023_s145_b2_CONV--ZED-RGB.mpeg,145,ÁGUA QUENTE COLOCAR-BRAÇO,ÁGUA QUENTE COLOCAR-BRAÇO
22-02-2024_14-25-22_p0018_s136_b2_CONV--zed-rgb.mpeg,136,ANDAR,ANDAR
29-04-2024_15-13-51_p0024_sP09.1_b3_CONV--ZED-RGB.mpeg,P9.1,PEITO DOR O-U FALTAR A-R INSPIRAR PIORAR MOMENTO FÍSICO ESFORÇAR,PEITO DOR O-U FALTAR A-R INSPIRAR PIORAR MOMENTO FÍSICO ESFORÇAR
03-05-2024_08-29-16_p0030_s7_b1_CONV--ZED-RGB.mpeg,7,DOR PEITO,DOR PEITO
25-03-2024_16-18-20_p0020_s113_b2_CONV--ZED-RGB.mpeg,113,DOR PONTADA,DOR PONTADA
30-04-2024_13-48-01_p0024_s148.16_b2_CONV--ZED-RGB.mpeg,148.16,P,P
20-02-2024_16-57-42_p0015_s264_b4_CONV--zed-rgb.mpeg,264,CERVEJA,CERVEJA
02-04-2024_15-41-14_p0021_s193_b3_CONV--ZED-RGB.mpeg,193,FICAR-EM-PÉ SENTAR DEITAR DOR PIORAR NÃO,FICAR-EM-PÉ SENTAR DEITAR DOR PIORAR NÃO
18-06-2024_14-51-39_p0028_s83_b2_CONV--ZED-RGB.mpeg,83,UM-DIA,UM-DIA
03-05-2024_18-21-03_p0031_sP09.1_b3_CONV--ZED-RGB.mpeg,P9.1,PEITO DOR O-U FALTAR A-R INSPIRAR PIORAR MOMENTO FÍSICO ESFORÇAR,PEITO DOR O-U FALTAR A-R INSPIRAR PIORAR MOMENTO FÍSICO ESFORÇAR
15-05-2024_15-14-26_p0032_s83_b2_CONV--ZED-RGB.mpeg,83,UM-DIA,UM-DIA
07-03-2024_14-03-59_p0010_s139_b2_CONV--zed-rgb.mpeg,139,BRAÇO MEXER-BRAÇO,BRAÇO MEXER-BRAÇO
13-03-2024_15-32-31_p0014_s153_b2_CONV--zed-rgb.mpeg,153,REPETIR POR-FAVOR,REPETIR POR-FAVOR
16-07-2024_16-25-57_p0039_s222_b4_CONV--ZED-RGB.mpeg,222,DOR-BARRIGA NENHUM,DOR-BARRIGA NENHUM
09-05-2024_14-59-32_p0033_s144_b2_CONV--ZED-RGB.mpeg,144,ÁGUA FRIO COLOCAR-BRAÇO,ÁGUA FRIO COLOCAR-BRAÇO
29-04-2024_11-49-49_p0029_s133_b2_CONV--ZED-RGB.mpeg,133,MASTIGAR,MASTIGAR
26-03-2024_16-13-47_p0022_s226_b4_CONV--ZED-RGB.mpeg,226,PRESSÃO ALTO,PRESSÃO ALTO
02-05-2024_14-50-25_p0026_s168_b3_CONV--ZED-RGB.mpeg,168,REMÉDIO CURAR,REMÉDIO CURAR
05-03-2024_10-30-50_p0014_s27_b1_CONV--zed-rgb.mpeg,27,CATARRO GRIPE,CATARRO GRIPE
05-06-2024_15-25-15_p0037_s256_b4_CONV--ZED-RGB.mpeg,256,ALERGIA AMENDOIM,ALERGIA AMENDOIM
22-02-2024_14-35-05_p0018_s148.19_b2_CONV--zed-rgb.mpeg,148.19,S,S
28-02-2024_16-56-36_p0011_s148.12_b2_CONV--zed-rgb.mpeg,148.12,L,L
05-06-2024_15-36-45_p0037_sP24.3_b4_CONV--ZED-RGB.mpeg,P24.3,QUANTOS BEBIDA,QUANTOS BEBIDA
16-04-2024_10-43-43_p0025_s253_b4_CONV--ZED-RGB.mpeg,253,ALERGIA O-V-O OVO,ALERGIA O-V-O OVO
03-05-2024_08-31-03_p0030_s12_b1_CONV--ZED-RGB.mpeg,12,DOR BRAÇO,DOR BRAÇO
18-04-2024_10-11-28_p0025_s11_b1_CONV--ZED-RGB.mpeg,11,DOR GARGANTA,DOR GARGANTA
17-06-2024_14-49-41_p0019_s84_b2_CONV--ZED-RGB.mpeg,84,TRÊS-DIAS,TRÊS-DIAS
28-06-2024_15-08-51_p0035_s215_b4_CONV--ZED-RGB.mpeg,215,FEZES-LÍQUIDAS BORBULHAR,FEZES-LÍQUIDAS BORBULHAR
28-02-2024_16-59-46_p0011_s148.23_b2_CONV--zed-rgb.mpeg,148.23,W,W
03-05-2024_14-00-32_p0027_s84_b2_CONV--ZED-RGB.mpeg,84,TRÊS-DIAS,TRÊS-DIAS
26-02-2024_16-05-24_p0019_sP23.2_b4_CONV--zed-rgb.mpeg,P23.2,TOTAL TEMPO QUANTO,TOTAL TEMPO QUANTO
08-05-2024_09-53-18_p0030_s142_b2_CONV--ZED-RGB.mpeg,142,MOVIMENTAR-CORPO DOR PIORAR,MOVIMENTAR-CORPO DOR PIORAR
13-05-2024_16-25-45_p0028_s198_b3_CONV--ZED-RGB.mpeg,198,CATARRO COLA BRANCO,CATARRO COLA BRANCO
30-04-2024_13-52-24_p0024_s150_b2_CONV--ZED-RGB.mpeg,150,ENTENDER,ENTENDER
22-02-2024_14-20-55_p0018_s123_b2_CONV--zed-rgb.mpeg,123,ZUMBIDO OUVIDO,ZUMBIDO OUVIDO
05-06-2024_15-13-33_p0037_s230_b4_CONV--ZED-RGB.mpeg,230,DEPRESSÃO,DEPRESSÃO
17-06-2024_15-39-44_p0019_s148.26_b2_CONV--ZED-RGB.mpeg,148.26,Z,Z
08-04-2024_15-56-58_p0021_s138_b2_CONV--ZED-RGB.mpeg,138,APERTAR,APERTAR
22-02-2024_11-42-32_p0017_s230_b4_CONV--zed-rgb.mpeg,230,DEPRESSÃO,DEPRESSÃO
02-05-2024_14-54-48_p0026_s170.4_b3_CONV--ZED-RGB.mpeg,170.4,4,4
08-04-2024_16-50-42_p0021_s52_b1_CONV--ZED-RGB.mpeg,52,XIXI ESPUMAR,XIXI ESPUMAR
20-05-2024_12-15-26_p0034_s238_b4_CONV--ZED-RGB.mpeg,238,SUAR TIREÓIDE DIMINUIR,SUAR TIREÓIDE DIMINUIR
28-06-2024_15-36-55_p0035_sP22.3_b4_CONV--ZED-RGB.mpeg,P22.3,QUAL MEDICAMENTO,QUAL MEDICAMENTO
22-01-2024_16-30-17_p9_sP09.4--zed-rgb.mpeg,P9.4,TOMAR-BANHO FÍSICO PIOR,TOMAR-BANHO FÍSICO PIOR
26-04-2024_14-43-02_p0028_s30_b1_CONV--ZED-RGB.mpeg,30,FERIR PELE,FERIR PELE
21-02-2024_12-03-52_p0013_s70_b1_CONV--zed-rgb.mpeg,70,1-HORA,1-HORA
02-04-2024_15-37-05_p0021_sP13.1_b3_CONV--ZED-RGB.mpeg,P13.1,MOMENTO EXEMPLO AQUI APERTAR VOCÊ SENTIR DOR PIORAR ENTÃO,MOMENTO EXEMPLO AQUI APERTAR VOCÊ SENTIR DOR PIORAR ENTÃO
29-04-2024_12-00-00_p0029_s148.14_b2_CONV--ZED-RGB.mpeg,148.14,N,N
26-08-2024_15-32-58_p0019_s45_b1_CONV--ZED-RGB.mp4,45,PROBLEMA OLHOS,PROBLEMA OLHOS
18-04-2024_15-39-32_p0026_s133_b2_CONV--ZED-RGB.mpeg,133,MASTIGAR,MASTIGAR
26-08-2024_15-47-03_p0019_s71_b1_CONV--ZED-RGB.mp4,71,2-HORA,2-HORA
13-05-2024_16-23-15_p0028_s194_b3_CONV--ZED-RGB.mpeg,194,TOSSE SECO,TOSSE SECO
27-03-2024_15-13-34_p0015_s106_b2_CONV--ZED-RGB.mpeg,106,DOR PULSAR,DOR PULSAR
02-05-2024_15-13-32_p0026_s193_b3_CONV--ZED-RGB.mpeg,193,FICAR-EM-PÉ SENTAR DEITAR DOR PIORAR NÃO,FICAR-EM-PÉ SENTAR DEITAR DOR PIORAR NÃO
05-06-2024_15-30-38_p0037_s262_b4_CONV--ZED-RGB.mpeg,262,DOIS ANO,DOIS ANO
16-07-2024_16-29-22_p0039_s227_b4_CONV--ZED-RGB.mpeg,227,ASMA,ASMA
16-05-2024_15-17-03_p0034_s157_b2_CONV--ZED-RGB.mpeg,157,CONTINUAR,CONTINUAR
26-03-2024_15-18-14_p0022_s173_b3_CONV--ZED-RGB.mpeg,173,SEMPRE SEMPRE,SEMPRE SEMPRE
08-05-2024_09-55-58_p0030_s147_b2_CONV--ZED-RGB.mpeg,147,JEJUM,JEJUM
19-03-2024_15-51-32_p0022_s148.26_b2_CONV--ZED-RGB.mpeg,148.26,Z,Z
12-03-2024_10-51-12_p0021_s276_b4_CONV--zed-rgb.mpeg,276,GARRAFA UMA-VEZ SEMANA,GARRAFA UMA-VEZ SEMANA
09-05-2024_14-22-08_p0033_s97_b2_CONV--ZED-RGB.mpeg,97,DOR LADOS-BARRIGA,DOR LADOS-BARRIGA
26-04-2024_14-57-26_p0028_s50_b1_CONV--ZED-RGB.mpeg,50,TODA-HORA URINAR,TODA-HORA URINAR
15-05-2024_15-47-50_p0032_sP06.6_b2_CONV--ZED-RGB.mpeg,P6.6,DOR IGUAL SENTIR CHOQUE,DOR IGUAL SENTIR CHOQUE
28-02-2024_16-45-44_p0011_s135_b2_CONV--zed-rgb.mpeg,135,ENGOLIR,ENGOLIR
21-02-2024_16-09-29_p0016_s148.23_b2_CONV--zed-rgb.mpeg,148.23,W,W
20-05-2024_11-25-48_p0034_s14_b1_CONV--ZED-RGB.mpeg,14,DOR PERNA ATRÁS,DOR PERNA ATRÁS
21-02-2024_16-13-59_p0016_s153_b2_CONV--zed-rgb.mpeg,153,REPETIR POR-FAVOR,REPETIR POR-FAVOR
02-04-2024_15-38-12_p0021_s191_b3_CONV--ZED-RGB.mpeg,191,MOMENTO APERTAR-BRAÇO DOR PIORAR NÃO,MOMENTO APERTAR-BRAÇO DOR PIORAR NÃO
18-04-2024_15-48-07_p0026_s148.13_b2_CONV--ZED-RGB.mpeg,148.13,M,M
28-02-2024_16-31-20_p0011_sP06.6_b2_CONV--zed-rgb.mpeg,P6.6,DOR IGUAL SENTIR CHOQUE,DOR IGUAL SENTIR CHOQUE
06-05-2024_15-30-40_p0032_s232_b4_CONV--ZED-RGB.mpeg,232,ANSIEDADE,ANSIEDADE
19-06-2024_16-31-40_p0023_s33_b1_CONV--ZED-RGB.mpeg,33,COÇAR,COÇAR
30-01-2024_11-17-13_p11_s52--zed-rgb.mpeg,52,XIXI ESPUMAR,XIXI ESPUMAR
19-06-2024_16-50-38_p0023_s76_b1_CONV--ZED-RGB.mpeg,76,LIMPAR CASA,LIMPAR CASA
29-04-2024_15-40-22_p0024_s176_b3_CONV--ZED-RGB.mpeg,176,TRÊS-MESES,TRÊS-MESES
10-05-2024_15-50-14_p0033_s271_b4_CONV--ZED-RGB.mpeg,271,CHAMPANHE,CHAMPANHE
11-06-2024_14-03-31_p0035_s99_b2_CONV--ZED-RGB.mpeg,99,DOR BAIXO-VENTRE,DOR BAIXO-VENTRE
23-05-2024_15-05-37_p0035_s181_b3_CONV--ZED-RGB.mpeg,181,PESCOÇO DOR ESPALHAR,PESCOÇO DOR ESPALHAR
24-04-2024_16-03-28_p0027_s198_b3_CONV--ZED-RGB.mpeg,198,CATARRO COLA BRANCO,CATARRO COLA BRANCO
08-04-2024_15-50-42_p0021_s125_b2_CONV--ZED-RGB.mpeg,125,COMER CATEGORIA ÁCIDO MAIS APIMENTADO,COMER CATEGORIA ÁCIDO MAIS APIMENTADO
16-05-2024_15-11-03_p0034_s148.20_b2_CONV--ZED-RGB.mpeg,148.20,T,T
20-02-2024_16-58-43_p0015_s268_b4_CONV--zed-rgb.mpeg,268,UÍSQUE,UÍSQUE
26-04-2024_14-31-41_p0028_s2_b1_CONV--ZED-RGB.mpeg,2,CONFUSÃO,CONFUSÃO
16-04-2024_15-24-06_p0016_s166_b3_CONV--ZED-RGB.mpeg,166,SUBIR-ESCADA CORPO PIOR,SUBIR-ESCADA CORPO PIOR
15-05-2024_15-29-12_p0032_s97_b2_CONV--ZED-RGB.mpeg,97,DOR LADOS-BARRIGA,DOR LADOS-BARRIGA
28-06-2024_15-22-27_p0035_sP22.1_b4_CONV--ZED-RGB.mpeg,P22.1,VOCÊ TER ALERGIA ENTÃO,VOCÊ TER ALERGIA ENTÃO
10-05-2024_15-05-33_p0033_s210_b4_CONV--ZED-RGB.mpeg,210,MOLE,MOLE
29-02-2024_14-00-03_p0010_s34_b1_CONV--zed-rgb.mpeg,34,FEBRE,FEBRE
19-06-2024_16-34-22_p0023_s41_b1_CONV--ZED-RGB.mpeg,41,GATO MORDER,GATO MORDER
08-04-2024_15-24-08_p0021_s85_b2_CONV--ZED-RGB.mpeg,85,UM SEMANA,UM SEMANA
22-02-2024_13-23-29_p0018_s20_b1_CONV--zed-rgb.mpeg,20,TONTURA CAIR-PESSOA,TONTURA CAIR-PESSOA
30-01-2024_15-00-54_p12_s148.3--zed-rgb.mpeg,148.3,C,C
18-06-2024_14-59-16_p0028_s94_b2_CONV--ZED-RGB.mpeg,94,DOR OUVIDO-DIREITO OUVIDO-ESQUERDO,DOR OUVIDO-DIREITO OUVIDO-ESQUERDO
25-03-2024_16-31-02_p0020_s135_b2_CONV--ZED-RGB.mpeg,135,ENGOLIR,ENGOLIR
27-03-2024_15-28-13_p0015_s133_b2_CONV--ZED-RGB.mpeg,133,MASTIGAR,MASTIGAR
13-03-2024_15-18-05_p0014_s137_b2_CONV--zed-rgb.mpeg,137,ESTRESSE,ESTRESSE
03-05-2024_14-28-33_p0027_s148.26_b2_CONV--ZED-RGB.mpeg,148.26,Z,Z
12-03-2024_10-47-53_p0021_s266_b4_CONV--zed-rgb.mpeg,266,DOSE ÁLCOOL,DOSE ÁLCOOL
23-05-2024_15-21-03_p0035_s205_b3_CONV--ZED-RGB.mpeg,205,TRÊS VACINA,TRÊS VACINA
01-08-2024_16-25-28_p0042_s169_b3_CONV--ZED-RGB.mpeg,169,REMÉDIO CURAR-NÃO,REMÉDIO CURAR-NÃO
08-06-2024_10-36-07_p0031_s47_b1_CONV--ZED-RGB.mpeg,47,XIXI SENTIR IGUAL QUENTE,XIXI SENTIR IGUAL QUENTE
09-05-2024_15-15-03_p0033_s148.26_b2_CONV--ZED-RGB.mpeg,148.26,Z,Z
18-04-2024_10-13-35_p0025_s16_b1_CONV--ZED-RGB.mpeg,16,RESPIRAR FALTAR,RESPIRAR FALTAR
29-04-2024_11-50-26_p0029_s135_b2_CONV--ZED-RGB.mpeg,135,ENGOLIR,ENGOLIR
12-03-2024_10-16-39_p0021_s213_b4_CONV--zed-rgb.mpeg,213,CLARO,CLARO
03-05-2024_18-28-12_p0031_s164_b3_CONV--ZED-RGB.mpeg,164,DEITAR CALMA PIOR,DEITAR CALMA PIOR
08-04-2024_15-26-04_p0021_s88_b2_CONV--ZED-RGB.mpeg,88,NÃO,NÃO
29-04-2024_11-42-54_p0029_s118_b2_CONV--ZED-RGB.mpeg,118,OLHOS-LACRIMEJAR,OLHOS-LACRIMEJAR
17-06-2024_15-18-41_p0019_s128_b2_CONV--ZED-RGB.mpeg,128,LOCAIS BARULHO,LOCAIS BARULHO
22-04-2024_09-10-45_p0025_s162_b3_CONV--ZED-RGB.mpeg,162,TOMAR-BANHO CORPO PIOR,TOMAR-BANHO CORPO PIOR
18-06-2024_16-59-38_p0028_s282_b4_CONV--ZED-RGB.mpeg,282,UM COPO CHEIO TODO-DIA,UM COPO CHEIO TODO-DIA
27-03-2024_15-38-05_p0015_s148.13_b2_CONV--ZED-RGB.mpeg,148.13,M,M
19-03-2024_15-11-28_p0022_s111_b2_CONV--ZED-RGB.mpeg,111,DOR PESO,DOR PESO
11-06-2024_14-35-29_p0035_s148.5_b2_CONV--ZED-RGB.mpeg,148.5,E,E
28-06-2024_14-21-18_p0035_s41_b1_CONV--ZED-RGB.mpeg,41,GATO MORDER,GATO MORDER
07-05-2024_15-20-16_p0027_s78_b1_CONV--ZED-RGB.mpeg,78,CALADO DEITADO,CALADO DEITADO
05-03-2024_10-28-42_p0014_s24_b1_CONV--zed-rgb.mpeg,24,VOMITAR,VOMITAR
15-05-2024_16-48-16_p0032_s148.20_b2_CONV--ZED-RGB.mpeg,148.20,T,T
08-05-2024_15-16-51_p0033_s162_b3_CONV--ZED-RGB.mpeg,162,TOMAR-BANHO CORPO PIOR,TOMAR-BANHO CORPO PIOR
05-06-2024_15-11-01_p0037_s223_b4_CONV--ZED-RGB.mpeg,223,DIABETES,DIABETES
24-07-2024_14-31-26_p0041_s61_b1_CONV--ZED-RGB.mpeg,61,PELE QUEIMAR,PELE QUEIMAR
20-05-2024_11-51-40_p0034_s67_b1_CONV--ZED-RGB.mpeg,67,VOMITAR TER VERMELHO,VOMITAR TER VERMELHO
02-04-2024_15-57-19_p0021_s241_b3_CONV--ZED-RGB.mpeg,241,TRAZER RECEITA REMÉDIO,TRAZER RECEITA REMÉDIO
18-06-2024_16-31-51_p0028_s235_b4_CONV--ZED-RGB.mpeg,235,OBESIDADE,OBESIDADE
22-02-2024_14-03-59_p0018_s89_b2_CONV--zed-rgb.mpeg,89,DOR LADO-CABEÇA,DOR LADO-CABEÇA
20-05-2024_12-32-16_p0034_s268_b4_CONV--ZED-RGB.mpeg,268,UÍSQUE,UÍSQUE
20-05-2024_15-50-58_p0023_s135_b2_CONV--ZED-RGB.mpeg,135,ENGOLIR,ENGOLIR
17-06-2024_16-00-10_p0019_s153_b2_CONV--ZED-RGB.mpeg,153,REPETIR POR-FAVOR,REPETIR POR-FAVOR
20-05-2024_15-45-46_p0023_s127_b2_CONV--ZED-RGB.mpeg,127,COMER COISAS ÓLEO,COMER COISAS ÓLEO
22-04-2024_09-41-18_p0025_s201_b3_CONV--ZED-RGB.mpeg,201,CATARRO COLA VERMELHO,CATARRO COLA VERMELHO
06-05-2024_15-28-15_p0032_s226_b4_CONV--ZED-RGB.mpeg,226,PRESSÃO ALTO,PRESSÃO ALTO
30-01-2024_11-06-18_p11_s17--zed-rgb.mpeg,17,CHIAR,CHIAR
21-02-2024_16-14-55_p0016_s157_b2_CONV--zed-rgb.mpeg,157,CONTINUAR,CONTINUAR
24-05-2024_19-12-43_p0031_s148.23_b2_CONV--ZED-RGB.mpeg,148.23,W,W
13-03-2024_15-25-00_p0014_s148.6_b2_CONV--zed-rgb.mpeg,148.6,F,F
03-05-2024_08-38-38_p0030_s32_b1_CONV--ZED-RGB.mpeg,32,MANCHAS-PELE VERMELHO,MANCHAS-PELE VERMELHO
17-06-2024_15-22-00_p0019_s134_b2_CONV--ZED-RGB.mpeg,134,MASTIGAR,MASTIGAR
24-04-2024_16-05-30_p0027_s202_b3_CONV--ZED-RGB.mpeg,202,CATARRO COLA SANGUE PONTOS,CATARRO COLA SANGUE PONTOS
03-05-2024_08-34-05_p0030_s20_b1_CONV--ZED-RGB.mpeg,20,TONTURA CAIR-PESSOA,TONTURA CAIR-PESSOA
29-02-2024_14-09-39_p0010_s57_b1_CONV--zed-rgb.mpeg,57,TONTEIRA,TONTEIRA
03-05-2024_18-47-51_p0031_s182_b3_CONV--ZED-RGB.mpeg,182,QUEIXO DOR ESPALHAR,QUEIXO DOR ESPALHAR
08-04-2024_17-02-30_p0021_s77_b1_CONV--ZED-RGB.mpeg,77,EXERCÍCIO-FÍSICO,EXERCÍCIO-FÍSICO
19-07-2024_14-33-23_p0040_s148.16_b2_CONV--ZED-RGB.mpeg,148.16,P,P
03-05-2024_18-39-19_p0031_s171_b3_CONV--ZED-RGB.mpeg,171,UMA-VEZ,UMA-VEZ
05-03-2024_10-47-07_p0014_s78_b1_CONV--zed-rgb.mpeg,78,CALADO DEITADO,CALADO DEITADO
17-07-2024_14-40-47_p0041_s144_b2_CONV--ZED-RGB.mpeg,144,ÁGUA FRIO COLOCAR-BRAÇO,ÁGUA FRIO COLOCAR-BRAÇO
10-05-2024_16-52-50_p0033_s80_b1_CONV--ZED-RGB.mpeg,80,SENTADO EM-PÉ,SENTADO EM-PÉ
26-03-2024_16-16-44_p0022_s233_b4_CONV--ZED-RGB.mpeg,233,A-V-C,A-V-C
16-05-2024_14-43-24_p0034_s119_b2_CONV--ZED-RGB.mpeg,119,SENTIR MAL,SENTIR MAL
13-03-2024_16-06-25_p0014_s257_b4_CONV--zed-rgb.mpeg,257,ALERGIA REMÉDIO NÃO-TER,ALERGIA REMÉDIO NÃO-TER
10-05-2024_09-47-01_p0030_s235_b4_CONV--ZED-RGB.mpeg,235,OBESIDADE,OBESIDADE
11-06-2024_14-35-48_p0035_s148.6_b2_CONV--ZED-RGB.mpeg,148.6,F,F
24-07-2024_14-29-14_p0041_s55_b1_CONV--ZED-RGB.mpeg,55,VERMELHO NARIZ-SANGRAR GRIPE,VERMELHO NARIZ-SANGRAR GRIPE
29-04-2024_15-17-16_p0024_sP09.3_b3_CONV--ZED-RGB.mpeg,P9.3,PLANO ANDAR FÍSICO PIOR,PLANO ANDAR FÍSICO PIOR
02-05-2024_14-47-36_p0026_s165_b3_CONV--ZED-RGB.mpeg,165,DEITAR CALMA PIOR NÃO,DEITAR CALMA PIOR NÃO
19-07-2024_15-55-05_p0040_s80_b1_CONV--ZED-RGB.mpeg,80,SENTADO EM-PÉ,SENTADO EM-PÉ
03-05-2024_08-38-18_p0030_s31_b1_CONV--ZED-RGB.mpeg,31,MANCHAS-PELE,MANCHAS-PELE
28-06-2024_15-27-00_p0035_s249_b4_CONV--ZED-RGB.mpeg,249,ALERGIA GATO,ALERGIA GATO
26-08-2024_15-38-04_p0019_s56_b1_CONV--ZED-RGB.mp4,56,VERMELHO FEZES,VERMELHO FEZES
22-02-2024_10-39-49_p0017_s162_b3_CONV--zed-rgb.mpeg,162,TOMAR-BANHO CORPO PIOR,TOMAR-BANHO CORPO PIOR
15-05-2024_16-49-58_p0032_s148.24_b2_CONV--ZED-RGB.mpeg,148.24,X,X
20-05-2024_11-35-23_p0034_s35_b1_CONV--ZED-RGB.mpeg,35,ARREPIAR FRIO,ARREPIAR FRIO
23-05-2024_14-41-51_p0035_s160_b3_CONV--ZED-RGB.mpeg,160,PLANO ANDAR CORPO PIOR,PLANO ANDAR CORPO PIOR
19-07-2024_15-46-06_p0040_s64_b1_CONV--ZED-RGB.mpeg,64,QUASE CABEÇA-SAIR NASCER,QUASE CABEÇA-SAIR NASCER
29-04-2024_16-49-48_p0024_s43_b1_CONV--ZED-RGB.mpeg,43,ESCORPIÃO PICAR,ESCORPIÃO PICAR
10-05-2024_16-25-37_p0033_s8_b1_CONV--ZED-RGB.mpeg,8,DOR COSTAS,DOR COSTAS
19-03-2024_15-20-21_p0022_s124_b2_CONV--ZED-RGB.mpeg,124,GASES,GASES
21-02-2024_11-51-32_p0013_s54_b1_CONV--zed-rgb.mpeg,54,VERMELHO SANGRAR-BOCA,VERMELHO SANGRAR-BOCA
28-06-2024_14-09-44_p0035_s10_b1_CONV--ZED-RGB.mpeg,10,DOR BARRIGA,DOR BARRIGA
17-06-2024_14-57-27_p0019_s98_b2_CONV--ZED-RGB.mpeg,98,DOR BEXIGA,DOR BEXIGA
26-08-2024_15-19-55_p0019_s14_b1_CONV--ZED-RGB.mp4,14,DOR PERNA ATRÁS,DOR PERNA ATRÁS
23-04-2024_14-58-49_p0026_s3_b1_CONV--ZED-RGB.mpeg,3,MUDAR COMPORTAMENTO,MUDAR COMPORTAMENTO
13-03-2024_14-55-11_p0014_s94_b2_CONV--zed-rgb.mpeg,94,DOR OUVIDO-DIREITO OUVIDO-ESQUERDO,DOR OUVIDO-DIREITO OUVIDO-ESQUERDO
12-03-2024_14-47-32_p0022_s76_b1_CONV--zed-rgb.mpeg,76,LIMPAR CASA,LIMPAR CASA
20-02-2024_16-26-38_p0015_s228_b4_CONV--zed-rgb.mpeg,228,AIDS,AIDS
22-01-2024_16-41-43_p9_s170.9--zed-rgb.mpeg,170.9,9,9
08-05-2024_16-20-09_p0033_sP17.1_b3_CONV--ZED-RGB.mpeg,P17.1,VOCÊ JÁ VACINAR COVID-19,VOCÊ JÁ VACINAR COVID-19
11-05-2024_10-11-22_p0034_s241_b3_CONV--ZED-RGB.mpeg,241,TRAZER RECEITA REMÉDIO,TRAZER RECEITA REMÉDIO
25-03-2024_16-30-46_p0020_s134_b2_CONV--ZED-RGB.mpeg,134,MASTIGAR,MASTIGAR
23-04-2024_11-43-03_p0024_s265_b4_CONV--ZED-RGB.mpeg,265,VINHO,VINHO
27-03-2024_15-29-15_p0015_s136_b2_CONV--ZED-RGB.mpeg,136,ANDAR,ANDAR
25-03-2024_15-47-54_p0020_s255_b4_CONV--ZED-RGB.mpeg,255,ALERGIA CATEGORIA T-R-I-G-O FARINHA,ALERGIA CATEGORIA T-R-I-G-O FARINHA
16-04-2024_10-21-52_p0025_s214_b4_CONV--ZED-RGB.mpeg,214,FEZES-LÍQUIDAS BRILHANTE,FEZES-LÍQUIDAS BRILHANTE
08-05-2024_15-19-25_p0033_s164_b3_CONV--ZED-RGB.mpeg,164,DEITAR CALMA PIOR,DEITAR CALMA PIOR
08-04-2024_15-29-13_p0021_s89_b2_CONV--ZED-RGB.mpeg,89,DOR LADO-CABEÇA,DOR LADO-CABEÇA
03-05-2024_18-58-44_p0031_s197_b3_CONV--ZED-RGB.mpeg,197,CATARRO COLA CLARO,CATARRO COLA CLARO
20-05-2024_15-59-08_p0023_s146_b2_CONV--ZED-RGB.mpeg,146,REMÉDIO,REMÉDIO
19-07-2024_14-30-18_p0040_s148.6_b2_CONV--ZED-RGB.mpeg,148.6,F,F
10-05-2024_09-48-52_p0030_s240_b4_CONV--ZED-RGB.mpeg,240,VÍCIO FUMAR,VÍCIO FUMAR
16-04-2024_15-59-28_p0016_s205_b3_CONV--ZED-RGB.mpeg,205,TRÊS VACINA,TRÊS VACINA
10-05-2024_16-25-48_p0033_s9_b1_CONV--ZED-RGB.mpeg,9,DOR LOMBAR,DOR LOMBAR
29-04-2024_15-31-37_p0024_s170.2_b3_CONV--ZED-RGB.mpeg,170.2,2,2
28-06-2024_14-08-21_p0035_s6_b1_CONV--ZED-RGB.mpeg,6,DOR PESCOÇO,DOR PESCOÇO
13-05-2024_16-36-32_p0028_sP20_b3_CONV--ZED-RGB.mpeg,P20,VOCÊ TER RELATÓRIO AO-LONGO-DO-TEMPO,VOCÊ TER RELATÓRIO AO-LONGO-DO-TEMPO
19-06-2024_09-58-44_p0036_s21_b1_CONV--ZED-RGB.mpeg,21,EVACUAR-ESPALHAR,EVACUAR-ESPALHAR
18-04-2024_15-46-56_p0026_s148.8_b2_CONV--ZED-RGB.mpeg,148.8,H,H
02-05-2024_16-13-04_p0026_s269_b4_CONV--ZED-RGB.mpeg,269,CACHAÇA,CACHAÇA
11-05-2024_10-03-08_p0034_s198_b3_CONV--ZED-RGB.mpeg,198,CATARRO COLA BRANCO,CATARRO COLA BRANCO
08-04-2024_16-29-34_p0021_s3_b1_CONV--ZED-RGB.mpeg,3,MUDAR COMPORTAMENTO,MUDAR COMPORTAMENTO
22-02-2024_15-35-57_p0014_sP11.4_b3_CONV--zed-rgb.mpeg,P11.4,AO-LONGO-DO-TEMPO DOR COMO AUMENTAR O-U DIMINUIR,AO-LONGO-DO-TEMPO DOR COMO AUMENTAR O-U DIMINUIR
12-03-2024_10-48-36_p0021_s269_b4_CONV--zed-rgb.mpeg,269,CACHAÇA,CACHAÇA
24-05-2024_19-10-16_p0031_s148.15_b2_CONV--ZED-RGB.mpeg,148.15,O,O
08-05-2024_10-03-39_p0030_s149_b2_CONV--ZED-RGB.mpeg,149,DEVAGAR,DEVAGAR
12-03-2024_10-31-44_p0021_s235_b4_CONV--zed-rgb.mpeg,235,OBESIDADE,OBESIDADE
05-03-2024_10-44-20_p0014_s69_b1_CONV--zed-rgb.mpeg,69,30 MINUTO,30 MINUTO
12-03-2024_14-42-34_p0022_s64_b1_CONV--zed-rgb.mpeg,64,QUASE CABEÇA-SAIR NASCER,QUASE CABEÇA-SAIR NASCER
24-07-2024_14-16-05_p0041_s24_b1_CONV--ZED-RGB.mpeg,24,VOMITAR,VOMITAR
29-04-2024_16-40-37_p0024_s25_b1_CONV--ZED-RGB.mpeg,25,FEZES ESCURO,FEZES ESCURO
03-05-2024_18-59-05_p0031_s198_b3_CONV--ZED-RGB.mpeg,198,CATARRO COLA BRANCO,CATARRO COLA BRANCO
18-06-2024_14-57-02_p0028_s89_b2_CONV--ZED-RGB.mpeg,89,DOR LADO-CABEÇA,DOR LADO-CABEÇA
12-03-2024_14-23-15_p0022_s18_b1_CONV--zed-rgb.mpeg,18,DIFÍCIL RESPIRAR,DIFÍCIL RESPIRAR
26-02-2024_15-42-29_p0019_s229_b4_CONV--zed-rgb.mpeg,229,CÂNCER,CÂNCER
12-03-2024_14-24-34_p0022_s20_b1_CONV--zed-rgb.mpeg,20,TONTURA CAIR-PESSOA,TONTURA CAIR-PESSOA
10-05-2024_15-09-06_p0033_s216_b4_CONV--ZED-RGB.mpeg,216,FEZES-LÍQUIDAS-EXPLODIR,FEZES-LÍQUIDAS-EXPLODIR
05-06-2024_09-46-31_p0036_s211_b4_CONV--ZED-RGB.mpeg,211,FRAGMENTOS MISTURAR MOLE,FRAGMENTOS MISTURAR MOLE
17-07-2024_14-21-56_p0041_s105_b2_CONV--ZED-RGB.mpeg,105,DOR TESTÍCULOS,DOR TESTÍCULOS
30-04-2024_13-42-15_p0024_s147_b2_CONV--ZED-RGB.mpeg,147,JEJUM,JEJUM
28-06-2024_15-50-17_p0035_s281_b4_CONV--ZED-RGB.mpeg,281,TAÇA TOMAR VINHO TODO-DIA,TAÇA TOMAR VINHO TODO-DIA
22-02-2024_11-04-47_p0017_s181_b3_CONV--zed-rgb.mpeg,181,PESCOÇO DOR ESPALHAR,PESCOÇO DOR ESPALHAR
20-05-2024_15-14-16_p0023_s86_b2_CONV--ZED-RGB.mpeg,86,UM MÊS,UM MÊS
12-03-2024_10-26-42_p0021_s234_b4_CONV--zed-rgb.mpeg,234,TOSSIR CATARRO VERMELHO,TOSSIR CATARRO VERMELHO
07-03-2024_14-15-02_p0010_s148.25_b2_CONV--zed-rgb.mpeg,148.25,Y,Y
19-03-2024_15-12-48_p0022_s114_b2_CONV--ZED-RGB.mpeg,114,DOR CHOQUE,DOR CHOQUE
24-01-2024_17-35-29_p10_s273--zed-rgb.mpeg,273,UM LATA UMA-VEZ SEMANA,UM LATA UMA-VEZ SEMANA
07-03-2024_14-11-27_p0010_s148.10_b2_CONV--zed-rgb.mpeg,148.10,J,J
08-04-2024_16-37-25_p0021_s15_b1_CONV--ZED-RGB.mpeg,15,DOR PÉ P-E,DOR PÉ P-E
16-05-2024_14-37-31_p0034_s114_b2_CONV--ZED-RGB.mpeg,114,DOR CHOQUE,DOR CHOQUE
13-03-2024_15-08-49_p0014_s119_b2_CONV--zed-rgb.mpeg,119,SENTIR MAL,SENTIR MAL
13-03-2024_16-11-56_p0014_s266_b4_CONV--zed-rgb.mpeg,266,DOSE ÁLCOOL,DOSE ÁLCOOL
07-03-2024_13-47-38_p0010_s98_b2_CONV--zed-rgb.mpeg,98,DOR BEXIGA,DOR BEXIGA
06-05-2024_15-43-11_p0032_s255_b4_CONV--ZED-RGB.mpeg,255,ALERGIA CATEGORIA T-R-I-G-O FARINHA,ALERGIA CATEGORIA T-R-I-G-O FARINHA
16-04-2024_15-23-45_p0016_sP09.6_b3_CONV--ZED-RGB.mpeg,P9.6,SUBIR-ESCADA FÍSICO PIOR,SUBIR-ESCADA FÍSICO PIOR
18-04-2024_15-53-44_p0026_s155_b2_CONV--ZED-RGB.mpeg,155,PARAR,PARAR
18-04-2024_15-20-49_p0026_s84_b2_CONV--ZED-RGB.mpeg,84,TRÊS-DIAS,TRÊS-DIAS
27-05-2024_16-43-09_p0032_s30_b1_CONV--ZED-RGB.mpeg,30,FERIR PELE,FERIR PELE
30-04-2024_13-52-45_p0024_s151_b2_CONV--ZED-RGB.mpeg,151,OBRIGADO,OBRIGADO
29-04-2024_11-33-22_p0029_s98_b2_CONV--ZED-RGB.mpeg,98,DOR BEXIGA,DOR BEXIGA
20-05-2024_15-40-22_p0023_s118_b2_CONV--ZED-RGB.mpeg,118,OLHOS-LACRIMEJAR,OLHOS-LACRIMEJAR
03-05-2024_08-37-35_p0030_s29_b1_CONV--ZED-RGB.mpeg,29,INCHAR,INCHAR
07-05-2024_15-04-05_p0027_s35_b1_CONV--ZED-RGB.mpeg,35,ARREPIAR FRIO,ARREPIAR FRIO
18-04-2024_15-40-11_p0026_s136_b2_CONV--ZED-RGB.mpeg,136,ANDAR,ANDAR
18-03-2024_11-23-09_p0013_s236_b4_CONV--ZED-RGB.mpeg,236,FÍGADO INFLAMADO,FÍGADO INFLAMADO
08-06-2024_10-22-07_p0031_s9_b1_CONV--ZED-RGB.mpeg,9,DOR LOMBAR,DOR LOMBAR
03-04-2024_15-42-50_p0023_s226_b4_CONV--ZED-RGB.mpeg,226,PRESSÃO ALTO,PRESSÃO ALTO
22-02-2024_11-34-43_p0017_sP18.1_b4_CONV--zed-rgb.mpeg,P18.1,ENJOAR O-U VOMITAR,ENJOAR O-U VOMITAR
18-03-2024_11-38-56_p0013_s269_b4_CONV--ZED-RGB.mpeg,269,CACHAÇA,CACHAÇA
18-04-2024_15-26-40_p0026_s99_b2_CONV--ZED-RGB.mpeg,99,DOR BAIXO-VENTRE,DOR BAIXO-VENTRE
03-05-2024_08-34-26_p0030_s21_b1_CONV--ZED-RGB.mpeg,21,EVACUAR-ESPALHAR,EVACUAR-ESPALHAR
07-03-2024_14-00-42_p0010_s127_b2_CONV--zed-rgb.mpeg,127,COMER COISAS ÓLEO,COMER COISAS ÓLEO
11-05-2024_10-10-45_p0034_sP21.1_b3_CONV--ZED-RGB.mpeg,P21.1,DOCUMENTO REMÉDIO VOCÊ TRAZER,DOCUMENTO REMÉDIO VOCÊ TRAZER
15-05-2024_16-03-03_p0032_s128_b2_CONV--ZED-RGB.mpeg,128,LOCAIS BARULHO,LOCAIS BARULHO
08-05-2024_15-13-35_p0033_s159_b3_CONV--ZED-RGB.mpeg,159,SUBIR-MORRO CORPO PIOR NÃO,SUBIR-MORRO CORPO PIOR NÃO
27-03-2024_16-29-07_p0015_s73_b1_CONV--ZED-RGB.mpeg,73,COMER,COMER
22-04-2024_09-47-23_p0025_s241_b3_CONV--ZED-RGB.mpeg,241,TRAZER RECEITA REMÉDIO,TRAZER RECEITA REMÉDIO
10-05-2024_16-39-54_p0033_s42_b1_CONV--ZED-RGB.mpeg,42,COBRA PICAR,COBRA PICAR
21-02-2024_12-03-19_p0013_s68_b1_CONV--zed-rgb.mpeg,68,15 MINUTO,15 MINUTO
03-05-2024_18-58-20_p0031_sP15.4_b3_CONV--ZED-RGB.mpeg,P15.4,CATARRO COLA COR QUAL,CATARRO COLA COR QUAL
17-06-2024_15-15-15_p0019_s122_b2_CONV--ZED-RGB.mpeg,122,TODA-HORA URINAR,TODA-HORA URINAR
08-05-2024_09-31-38_p0030_s91_b2_CONV--ZED-RGB.mpeg,91,DOR LADO-CABEÇA LADO-CABEÇA,DOR LADO-CABEÇA LADO-CABEÇA
02-04-2024_15-20-09_p0021_sP11.1_b3_CONV--ZED-RGB.mpeg,P11.1,SENTIR DOR DEPOIS SUMIR OUTRA-VEZ SENTIR DOR SUMIR VOLTAR SUMIR,SENTIR DOR DEPOIS SUMIR OUTRA-VEZ SENTIR DOR SUMIR VOLTAR SUMIR
03-05-2024_08-54-54_p0030_s69_b1_CONV--ZED-RGB.mpeg,69,30 MINUTO,30 MINUTO
19-06-2024_09-52-04_p0036_s8_b1_CONV--ZED-RGB.mpeg,8,DOR COSTAS,DOR COSTAS
26-08-2024_15-19-01_p0019_s12_b1_CONV--ZED-RGB.mp4,12,DOR BRAÇO,DOR BRAÇO
22-02-2024_13-24-02_p0018_s22_b1_CONV--zed-rgb.mpeg,22,EVACUAR MOLE VERMELHO,EVACUAR MOLE VERMELHO
18-03-2024_11-27-35_p0013_s248_b4_CONV--ZED-RGB.mpeg,248,ALERGIA CACHORRO,ALERGIA CACHORRO
24-01-2024_17-29-21_p10_sP23.3--zed-rgb.mpeg,P23.3,DURANTE-O-DIA FUMAR QUANTOS,DURANTE-O-DIA FUMAR QUANTOS
30-01-2024_11-12-38_p11_s36--zed-rgb.mpeg,36,SUAR SUAR SUAR,SUAR SUAR SUAR
26-08-2024_15-21-59_p0019_s19_b1_CONV--ZED-RGB.mp4,19,PALPITAÇÃO,PALPITAÇÃO
29-02-2024_13-48-01_p0010_s18_b1_CONV--zed-rgb.mpeg,18,DIFÍCIL RESPIRAR,DIFÍCIL RESPIRAR
07-05-2024_14-21-14_p0027_s240_b4_CONV--ZED-RGB.mpeg,240,VÍCIO FUMAR,VÍCIO FUMAR
22-04-2024_09-08-39_p0025_sP09.3_b3_CONV--ZED-RGB.mpeg,P9.3,PLANO ANDAR FÍSICO PIOR,PLANO ANDAR FÍSICO PIOR
30-01-2024_14-12-08_p12_sP04--zed-rgb.mpeg,P4,TEMPO QUAL HORAS-DURAÇÃO TEMPO,TEMPO QUAL HORAS-DURAÇÃO TEMPO
16-04-2024_10-47-59_p0025_s257_b4_CONV--ZED-RGB.mpeg,257,ALERGIA REMÉDIO NÃO-TER,ALERGIA REMÉDIO NÃO-TER
24-04-2024_15-48-24_p0027_s182_b3_CONV--ZED-RGB.mpeg,182,QUEIXO DOR ESPALHAR,QUEIXO DOR ESPALHAR
22-02-2024_15-44-22_p0014_s193_b3_CONV--zed-rgb.mpeg,193,FICAR-EM-PÉ SENTAR DEITAR DOR PIORAR NÃO,FICAR-EM-PÉ SENTAR DEITAR DOR PIORAR NÃO
15-05-2024_16-54-53_p0032_s156_b2_CONV--ZED-RGB.mpeg,156,NÃO-ENTENDER,NÃO-ENTENDER
26-02-2024_16-04-50_p0019_s260_b4_CONV--zed-rgb.mpeg,260,NÃO FUMAR,NÃO FUMAR
19-03-2024_14-56-17_p0022_s87_b2_CONV--ZED-RGB.mpeg,87,SIM,SIM
05-06-2024_09-42-19_p0036_s209_b4_CONV--ZED-RGB.mpeg,209,NENHUM VONTADE NADA VOMITAR,NENHUM VONTADE NADA VOMITAR
16-04-2024_15-38-22_p0016_s178_b3_CONV--ZED-RGB.mpeg,178,CINCO ANO,CINCO ANO
12-03-2024_14-40-58_p0022_s61_b1_CONV--zed-rgb.mpeg,61,PELE QUEIMAR,PELE QUEIMAR
21-02-2024_15-56-52_p0016_s147_b2_CONV--zed-rgb.mpeg,147,JEJUM,JEJUM
05-06-2024_15-45-27_p0037_s283_b4_CONV--ZED-RGB.mpeg,283,UM COPO UMA-VEZ SEMANA,UM COPO UMA-VEZ SEMANA
20-05-2024_12-33-19_p0034_s270_b4_CONV--ZED-RGB.mpeg,270,G-I-N,G-I-N
23-04-2024_15-29-52_p0026_s65_b1_CONV--ZED-RGB.mpeg,65,NASCER VIVO,NASCER VIVO
30-01-2024_11-18-05_p11_s55--zed-rgb.mpeg,55,VERMELHO NARIZ-SANGRAR GRIPE,VERMELHO NARIZ-SANGRAR GRIPE
22-02-2024_11-44-51_p0017_s239_b4_CONV--zed-rgb.mpeg,239,VÍCIO BEBER ÁLCOOL,VÍCIO BEBER ÁLCOOL
07-05-2024_15-19-37_p0027_s76_b1_CONV--ZED-RGB.mpeg,76,LIMPAR CASA,LIMPAR CASA
13-05-2024_16-22-40_p0028_sP15.2_b3_CONV--ZED-RGB.mpeg,P15.2,TOSSE COMO,TOSSE COMO
18-04-2024_10-26-17_p0025_s47_b1_CONV--ZED-RGB.mpeg,47,XIXI SENTIR IGUAL QUENTE,XIXI SENTIR IGUAL QUENTE
23-04-2024_15-08-03_p0026_s17_b1_CONV--ZED-RGB.mpeg,17,CHIAR,CHIAR
23-04-2024_11-25-38_p0024_s227_b4_CONV--ZED-RGB.mpeg,227,ASMA,ASMA
27-03-2024_16-08-06_p0015_s24_b1_CONV--ZED-RGB.mpeg,24,VOMITAR,VOMITAR
08-08-2024_14-41-22_p0042_sP06.1_b2_CONV--ZED-RGB.mpeg,P6.1,ONDE DOR,ONDE DOR
29-02-2024_13-50-53_p0010_s25_b1_CONV--zed-rgb.mpeg,25,FEZES ESCURO,FEZES ESCURO
06-05-2024_15-57-29_p0032_s261_b4_CONV--ZED-RGB.mpeg,261,UM ANO,UM ANO
08-05-2024_10-01-25_p0030_s148.19_b2_CONV--ZED-RGB.mpeg,148.19,S,S
21-02-2024_15-16-19_p0016_s82_b2_CONV--zed-rgb.mpeg,82,SEIS HORAS,SEIS HORAS
24-04-2024_15-33-33_p0027_s170.4_b3_CONV--ZED-RGB.mpeg,170.4,4,4
22-02-2024_14-05-35_p0018_s95_b2_CONV--zed-rgb.mpeg,95,DOR OLHOS,DOR OLHOS
24-04-2024_16-20-44_p0027_sP21.1_b3_CONV--ZED-RGB.mpeg,P21.1,DOCUMENTO REMÉDIO VOCÊ TRAZER,DOCUMENTO REMÉDIO VOCÊ TRAZER
25-03-2024_16-17-50_p0020_s112_b2_CONV--ZED-RGB.mpeg,112,DOR QUEIMAR,DOR QUEIMAR
27-03-2024_16-06-21_p0015_s19_b1_CONV--ZED-RGB.mpeg,19,PALPITAÇÃO,PALPITAÇÃO
21-02-2024_16-06-47_p0016_s148.11_b2_CONV--zed-rgb.mpeg,148.11,K,K
03-05-2024_14-22-59_p0027_s148.3_b2_CONV--ZED-RGB.mpeg,148.3,C,C
13-03-2024_15-58-45_p0014_sP22.1_b4_CONV--zed-rgb.mpeg,P22.1,VOCÊ TER ALERGIA ENTÃO,VOCÊ TER ALERGIA ENTÃO
17-07-2024_14-27-31_p0041_sP06.4_b2_CONV--ZED-RGB.mpeg,P6.4,DOR IGUAL QUEIMAR,DOR IGUAL QUEIMAR
22-02-2024_11-10-48_p0017_s194_b3_CONV--zed-rgb.mpeg,194,TOSSE SECO,TOSSE SECO
16-04-2024_10-31-53_p0025_s228_b4_CONV--ZED-RGB.mpeg,228,AIDS,AIDS
21-02-2024_11-31-54_p0013_s11_b1_CONV--zed-rgb.mpeg,11,DOR GARGANTA,DOR GARGANTA
26-04-2024_14-38-25_p0028_s18_b1_CONV--ZED-RGB.mpeg,18,DIFÍCIL RESPIRAR,DIFÍCIL RESPIRAR
30-01-2024_14-32-41_p12_s107--zed-rgb.mpeg,107,DOR PROFUNDO,DOR PROFUNDO
17-06-2024_15-16-02_p0019_s124_b2_CONV--ZED-RGB.mpeg,124,GASES,GASES
19-03-2024_15-12-20_p0022_s113_b2_CONV--ZED-RGB.mpeg,113,DOR PONTADA,DOR PONTADA
26-04-2024_15-04-19_p0028_s64_b1_CONV--ZED-RGB.mpeg,64,QUASE CABEÇA-SAIR NASCER,QUASE CABEÇA-SAIR NASCER
24-04-2024_16-01-13_p0027_s195_b3_CONV--ZED-RGB.mpeg,195,CATARRO COLA NENHUM,CATARRO COLA NENHUM
03-05-2024_14-18-59_p0027_s139_b2_CONV--ZED-RGB.mpeg,139,BRAÇO MEXER-BRAÇO,BRAÇO MEXER-BRAÇO
30-04-2024_13-47-43_p0024_s148.15_b2_CONV--ZED-RGB.mpeg,148.15,O,O
24-07-2024_14-24-26_p0041_s43_b1_CONV--ZED-RGB.mpeg,43,ESCORPIÃO PICAR,ESCORPIÃO PICAR
26-08-2024_15-49-45_p0019_s77_b1_CONV--ZED-RGB.mp4,77,EXERCÍCIO-FÍSICO,EXERCÍCIO-FÍSICO
03-05-2024_08-57-00_p0030_s73_b1_CONV--ZED-RGB.mpeg,73,COMER,COMER
08-05-2024_09-56-41_p0030_s148.2_b2_CONV--ZED-RGB.mpeg,148.2,B,B
17-06-2024_15-17-23_p0019_s125_b2_CONV--ZED-RGB.mpeg,125,COMER CATEGORIA ÁCIDO MAIS APIMENTADO,COMER CATEGORIA ÁCIDO MAIS APIMENTADO
20-05-2024_15-15-25_p0023_s87_b2_CONV--ZED-RGB.mpeg,87,SIM,SIM
27-03-2024_16-27-54_p0015_s72_b1_CONV--ZED-RGB.mpeg,72,2-MÊS,2-MÊS
20-05-2024_15-18-20_p0023_s91_b2_CONV--ZED-RGB.mpeg,91,DOR LADO-CABEÇA LADO-CABEÇA,DOR LADO-CABEÇA LADO-CABEÇA
15-05-2024_16-49-05_p0032_s148.22_b2_CONV--ZED-RGB.mpeg,148.22,V,V
18-03-2024_11-33-25_p0013_sP22.3_b4_CONV--ZED-RGB.mpeg,P22.3,QUAL MEDICAMENTO,QUAL MEDICAMENTO
22-02-2024_15-43-35_p0014_sP13.2_b3_CONV--zed-rgb.mpeg,P13.2,MOMENTO FICAR-EM-PÉ SENTAR DEITAR DOR PIORAR,MOMENTO FICAR-EM-PÉ SENTAR DEITAR DOR PIORAR
29-02-2024_13-40-16_p0010_s8_b1_CONV--zed-rgb.mpeg,8,DOR COSTAS,DOR COSTAS
06-05-2024_16-04-08_p0032_s270_b4_CONV--ZED-RGB.mpeg,270,G-I-N,G-I-N
03-04-2024_15-52-30_p0023_s240_b4_CONV--ZED-RGB.mpeg,240,VÍCIO FUMAR,VÍCIO FUMAR
20-02-2024_16-26-57_p0015_s229_b4_CONV--zed-rgb.mpeg,229,CÂNCER,CÂNCER
21-02-2024_15-25-27_p0016_s103_b2_CONV--zed-rgb.mpeg,103,DOR JOELHO-DIREITO JOELHO-ESQUERDO,DOR JOELHO-DIREITO JOELHO-ESQUERDO
03-04-2024_15-41-15_p0023_s224_b4_CONV--ZED-RGB.mpeg,224,INFARTO,INFARTO
17-06-2024_15-00-54_p0019_s105_b2_CONV--ZED-RGB.mpeg,105,DOR TESTÍCULOS,DOR TESTÍCULOS
22-04-2024_09-43-35_p0025_sP17.2_b3_CONV--ZED-RGB.mpeg,P17.2,QUANTOS VACINAR,QUANTOS VACINAR
VideoID,Sentence,Elan,Gloss
03-05-2024_08-49-46_p0030_s58_b1_CONV--ZED-RGB.mpeg,58,QUEBRAR QUEBRAR QUEBRAR,NOT FOUND IN EXCEL
19-06-2024_16-42-15_p0023_s58_b1_CONV--ZED-RGB.mpeg,58,QUEBRAR,NOT FOUND IN EXCEL
18-04-2024_10-30-57_p0025_s58_b1_CONV--ZED-RGB.mpeg,58,QUEBRAR-QUEBRAR-QUEBRAR,NOT FOUND IN EXCEL
28-06-2024_14-29-41_p0035_s58_b1_CONV--ZED-RGB.mpeg,58,QUEBRAR QUEBRAR QUEBRAR QUEBRAR,NOT FOUND IN EXCEL
30-01-2024_14-28-21_p12_s98.1--zed-rgb.mpeg,98.1,DOR BEXIGA,NOT FOUND IN EXCEL
20-05-2024_11-47-30_p0034_s58_b1_CONV--ZED-RGB.mpeg,58,QUEBRAR-QUEBRAR-QUEBRAR,NOT FOUND IN EXCEL
19-06-2024_10-16-37_p0036_s58_b1_CONV--ZED-RGB.mpeg,58,QUEBRAR,NOT FOUND IN EXCEL
18-03-2024_15-36-13_p0020_s58_b1_CONV--ZED-RGB.mpeg,58,QUEBRAR-QUEBRAR-QUEBRAR,NOT FOUND IN EXCEL
12-03-2024_14-40-03_p0022_s58_b1_CONV--zed-rgb.mpeg,58,QUEBRAR-QUEBRAR-QUEBRAR,NOT FOUND IN EXCEL
27-03-2024_16-21-56_p0015_s58_b1_CONV--ZED-RGB.mpeg,58,QUEBRARQUEBRARQUEBRAR,NOT FOUND IN EXCEL
27-05-2024_16-55-26_p0032_s58_b1_CONV--ZED-RGB.mpeg,58,QUEBRAR QUEBRAR QUEBRAR QUEBRAR,NOT FOUND IN EXCEL
08-04-2024_16-52-49_p0021_s58_b1_CONV--ZED-RGB.mpeg,58,QUEBRAR QUEBRAR QUEBRAR,NOT FOUND IN EXCEL
24-07-2024_14-30-27_p0041_s58_b1_CONV--ZED-RGB.mpeg,58,QUEBRAR QUEBRAR QUEBRAR,NOT FOUND IN EXCEL
10-05-2024_16-45-48_p0033_s58_b1_CONV--ZED-RGB.mpeg,58,QUEBRAR-QUEBRAR-QUEBRAR,NOT FOUND IN EXCEL
30-01-2024_14-16-17_p12_s94.3--zed-rgb.mpeg,94.3,DOR OUVIDO-DIREITO OUVIDIO-ESQUERDO,NOT FOUND IN EXCEL
07-05-2024_15-12-03_p0027_s58_b1_CONV--ZED-RGB.mpeg,58,QUEBRAR-QUEBRAR-QUEBRAR-QUEBRAR-QUEBRAR,NOT FOUND IN EXCEL
29-04-2024_16-56-02_p0024_s58_b1_CONV--ZED-RGB.mpeg,58,QUEBRAR QUEBRAR QUEBRAR QUEBRAR QUEBRAR,NOT FOUND IN EXCEL
22-02-2024_13-43-51_p0018_s58_b1_CONV--zed-rgb.mpeg,58,QUEBRAR QUEBRAR QUEBRAR QUEBRAR,NOT FOUND IN EXCEL
26-08-2024_15-38-52_p0019_s58_b1_CONV--ZED-RGB.mp4,58,TONTURA,NOT FOUND IN EXCEL
21-02-2024_11-52-34_p0013_s58_b1_CONV--zed-rgb.mpeg,58,QUEBRAR QUEBRAR QUEBRAR,NOT FOUND IN EXCEL
08-06-2024_10-40-36_p0031_s58_b1_CONV--ZED-RGB.mpeg,58,QUEBRAR QUEBRAR QUEBRAR,NOT FOUND IN EXCEL
05-03-2024_10-40-13_p0014_s58_b1_CONV--zed-rgb.mpeg,58,QUEBRAR QUEBRAR QUEBRAR QUEBRAR QUEBRAR QUEBRAR,NOT FOUND IN EXCEL
23-04-2024_15-26-38_p0026_s58_b1_CONV--ZED-RGB.mpeg,58,QUEBRAR QUEBRAR QUEBRAR,NOT FOUND IN EXCEL
26-04-2024_15-00-55_p0028_s58_b1_CONV--ZED-RGB.mpeg,58,QUEBRAR-QUEBRAR-QUEBRAR,NOT FOUND IN EXCEL
19-07-2024_15-42-28_p0040_s58_b1_CONV--ZED-RGB.mpeg,58,QUEBRAR QUEBRAR QUEBRAR,NOT FOUND IN EXCEL
26-08-2024_15-41-02_p0019_s58_b1_CONV--ZED-RGB.mp4,58,QUEBRAR-QUEBRAR-QUEBRAR-QUEBRAR-QUEBRAR,NOT FOUND IN EXCEL
29-02-2024_14-10-17_p0010_s58_b1_CONV--zed-rgb.mpeg,58,QUEBRAR QUEBRAR QUEBRAR QUEBRAR,NOT FOUND IN EXCEL
