VideoID,Datetime,Sentence,Gloss,time_1,time_2
03-05-2024_08-46-23_p0030_s48_b1,2024-05-03 08:46:23,48,XIXI VAZAR,2010,4880
29-02-2024_14-12-22_p0010_s63_b1,2024-02-29 14:12:22,63,TIRO FURAR-BARRIGA,1050,2750
23-04-2024_15-04-15_p0026_s10_b1,2024-04-23 15:04:15,10,DOR BARRIGA,2620,5140
25-03-2024_16-00-40_p0020_s281_b4,2024-03-25 16:00:40,281,TAÇA TOMAR VINHO TODO-DIA,2670,7290
05-06-2024_15-11-22_p0037_s224_b4,2024-06-05 15:11:22,224,INFARTO,1630,4280
25-03-2024_15-39-21_p0020_s233_b4,2024-03-25 15:39:21,233,A V C,2230,3260
18-06-2024_16-50-10_p0028_s264_b4,2024-06-18 16:50:10,264,CERVEJA,1720,3990
09-05-2024_15-07-55_p0033,2024-05-09 15:07:55,148.9,I,2230,4490
18-04-2024_10-32-01_p0025_s61_b1,2024-04-18 10:32:01,61,PELE QUEIMAR,1180,5570
08-04-2024_15-29-40_p0021_s90_b2,2024-04-08 15:29:40,90,DOR OUVIDO,2070,4620
24-07-2024_14-08-13_p0041_s3_b1,2024-07-24 14:08:13,3,MUDAR COMPORTAMENTO,2450,7100
10-05-2024_09-35-11_p0030_s212_b4,2024-05-10 09:35:11,212,FEZES-LÍQUIDAS,2430,5080
27-05-2024_16-32-15_p0032_s7_b1,2024-05-27 16:32:15,7,DOR PEITO,1720,5540
29-04-2024_16-10-27_p0024_s241_b3,2024-04-29 16:10:27,241,TRAZER RECEITA REMÉDIO,2570,6830
18-06-2024_16-08-53_p0028_s211_b4,2024-06-18 16:08:53,211,FRAGMENTOS MISTURAR MOLE,1810,5950
22-02-2024_13-26-53_p0018_s25_b1,2024-02-22 13:26:53,25,FEZES ESCURO,2540,4950
11-05-2024_09-44-10_p0034_s174_b3,2024-05-11 09:44:10,174,TRÊS-VEZES DIA,3150,6667
24-05-2024_18-35-13_p0031_s91_b2,2024-05-24 18:35:13,91,DOR LADO-CABEÇA LADO-CABEÇA,2190,6420
05-06-2024_10-33-06_p0036_s274_b4,2024-06-05 10:33:06,274,DOIS LATAS DUAS-VEZES SEMANA,2010,9230
17-07-2024_14-27-58_p0041,2024-07-17 14:27:58,P6.5,DOR IGUAL FINCADA,2550,6970
27-05-2024_16-44-37_p0032_s34_b1,2024-05-27 16:44:37,34,FEBRE,1580,4190
29-02-2024_13-41-27_p0010_s11_b1,2024-02-29 13:41:27,11,DOR GARGANTA,1230,4980
05-06-2024_10-12-33_p0036_s247_b4,2024-06-05 10:12:33,247,ALERGIA FLOR PÓLEN,1930,9520
31-01-2024_14-51-44_p13,2024-01-31 14:51:44,170.8,8,2080,4010
07-05-2024_15-12-21_p0027_s59_b1,2024-05-07 15:12:21,59,TRAUMA,1420,4640
07-05-2024_15-00-40_p0027_s24_b1,2024-05-07 15:00:40,24,VOMITAR,1700,4930
21-02-2024_16-09-49_p0016,2024-02-21 16:09:49,148.25,Y,1160,3870
23-05-2024_14-49-26_p0035_s168_b3,2024-05-23 14:49:26,168,REMÉDIO CURAR,2250,4140
02-05-2024_14-39-07_p0026,2024-05-02 14:39:07,P9.1,PEITO DOR O U FALTAR A R INSPIRAR PIORAR MOMENTO FÍSICO ESFORÇAR,1980,17240
10-05-2024_09-12-23_p0030_sP20_b3,2024-05-10 09:12:23,P20,VOCÊ TER RELATÓRIO AO-LONGO-DO-TEMPO,2360,7040
18-03-2024_11-31-43_p0013_s258_b4,2024-03-18 11:31:43,258,ALERGIA NENHUM,1280,5490
05-06-2024_09-52-51_p0036_s221_b4,2024-06-05 09:52:51,221,TER P U S MISTURAR AMARELO BRANCO MISTURAR,3070,11440
17-07-2024_14-30-48_p0041_s122_b2,2024-07-17 14:30:48,122,TODA-HORA URINAR,2530,6710
12-03-2024_10-36-19_p0021_s247_b4,2024-03-12 10:36:19,247,ALERGIA FLOR PÓLEN,2260,6890
30-01-2024_15-03-05_p12,2024-01-30 15:03:05,148.12,L,2850,4090
19-06-2024_09-50-42_p0036_s5_b1,2024-06-19 09:50:42,5,CABEÇA DOR,2240,5560
03-05-2024_14-26-10_p0027,2024-05-03 14:26:10,148.16,P,1510,4490
08-05-2024_09-56-59_p0030,2024-05-08 09:56:59,148.3,C,1950,2920
08-05-2024_10-01-47_p0030,2024-05-08 10:01:47,148.20,T,2390,3520
05-06-2024_09-59-13_p0036_s222_b4,2024-06-05 09:59:13,222,DOR-BARRIGA NENHUM,2810,6940
24-05-2024_19-08-09_p0031,2024-05-24 19:08:09,148.8,H,1770,4860
20-05-2024_15-53-08_p0023_s140_b2,2024-05-20 15:53:08,140,PERNAS MEXER-PERNAS,1710,6650
24-05-2024_18-55-52_p0031_s126_b2,2024-05-24 18:55:52,126,BEBER ÁLCOOL,680,4340
30-04-2024_13-49-34_p0024,2024-04-30 13:49:34,148.21,U,2600,3230
20-05-2024_11-57-16_p0034_s78_b1,2024-05-20 11:57:16,78,CALADO DEITADO,2370,6740
13-03-2024_15-16-37_p0014_s133_b2,2024-03-13 15:16:37,133,MASTIGAR,2930,6260
12-03-2024_14-43-30_p0022_s66_b1,2024-03-12 14:43:30,66,VAGINA VERMELHO SANGRAR,4990,10220
11-06-2024_14-10-29_p0035_s109_b2,2024-06-11 14:10:29,109,DOR MUITO-FORTE,2220,8910
07-03-2024_14-03-48_p0010_s138_b2,2024-03-07 14:03:48,138,APERTAR,1750,3270
26-04-2024_15-08-25_p0028_s71_b1,2024-04-26 15:08:25,71,2-HORA,1900,5870
31-01-2024_14-59-14_p13,2024-01-31 14:59:14,181,PESCOÇO DOR ESPALHAR,1620,6220
23-05-2024_15-14-24_p0035,2024-05-23 15:14:24,P15.2,TOSSE COMO,3120,5590
26-04-2024_15-06-57_p0028_s68_b1,2024-04-26 15:06:57,68,15 MINUTO,1970,6180
30-04-2024_13-12-39_p0024_s102_b2,2024-04-30 13:12:39,102,DOR BRAÇO-DIREITO BRAÇO-ESQUERDO,2010,7970
26-03-2024_15-07-42_p0022_s167_b3,2024-03-26 15:07:42,167,SUBIR-ESCADA CORPO PIOR NÃO,1780,8550
25-03-2024_16-28-50_p0020_s129_b2,2024-03-25 16:28:50,129,LOCAIS LUZ-FORTE,1520,7720
28-02-2024_16-37-57_p0011_s123_b2,2024-02-28 16:37:57,123,ZUMBIDO OUVIDO,2470,6950
19-03-2024_15-53-47_p0022_s154_b2,2024-03-19 15:53:47,154,PARAR,3420,5600
23-05-2024_15-10-55_p0035_s191_b3,2024-05-23 15:10:55,191,MOMENTO APERTAR-BRAÇO DOR PIORAR NÃO,2740,8760
10-05-2024_16-26-44_p0033_s11_b1,2024-05-10 16:26:44,11,DOR GARGANTA,1460,5890
25-03-2024_16-35-17_p0020_s146_b2,2024-03-25 16:35:17,146,REMÉDIO,1500,4340
02-04-2024_15-37-44_p0021_s190_b3,2024-04-02 15:37:44,190,SIM APERTAR-BRAÇO DOER,3140,8440
12-06-2024_10-20-27_p0036,2024-06-12 10:20:27,148.10,J,1530,4510
18-03-2024_11-37-40_p0013_s265_b4,2024-03-18 11:37:40,265,VINHO,1430,4410
28-06-2024_14-20-18_p0035_s38_b1,2024-06-28 14:20:18,38,TENTAR SUICIDAR,2060,4180
02-04-2024_15-02-33_p0021,2024-04-02 15:02:33,P9.3,PLANO ANDAR FÍSICO PIOR,2400,9210
24-07-2024_14-26-38_p0041_s48_b1,2024-07-24 14:26:38,48,XIXI VAZAR,2150,7600
28-06-2024_15-42-36_p0035_s267_b4,2024-06-28 15:42:36,267,VODCA,1140,4860
20-05-2024_16-06-31_p0023,2024-05-20 16:06:31,148.16,P,1120,3180
17-06-2024_15-29-31_p0019_s147_b2,2024-06-17 15:29:31,147,JEJUM,1800,5370
18-06-2024_15-08-52_p0028_s116_b2,2024-06-18 15:08:52,116,DOR APERTAR PONTADA,2600,5640
17-07-2024_14-50-35_p0041,2024-07-17 14:50:35,148.14,N,1210,4010
05-03-2024_10-43-49_p0014_sP02_b1,2024-03-05 10:43:49,P2,QUANDO COMEÇAR ENTÃO,3010,5850
28-02-2024_16-56-54_p0011,2024-02-28 16:56:54,148.13,M,1330,5600
30-01-2024_14-13-15_p12,2024-01-30 14:13:15,86,UM MÊS,2570,4370
18-03-2024_15-44-27_p0020_s72_b1,2024-03-18 15:44:27,72,2-MÊS,1420,5130
05-03-2024_10-25-22_p0014_s13_b1,2024-03-05 10:25:22,13,DOR PERNA,3000,7150
13-03-2024_15-25-46_p0014,2024-03-13 15:25:46,148.8,H,2030,3700
24-05-2024_18-56-39_p0031_s128_b2,2024-05-24 18:56:39,128,LOCAIS BARULHO,2020,5040
27-03-2024_15-36-23_p0015,2024-03-27 15:36:23,148.7,G,1660,4180
19-07-2024_15-34-22_p0040_s43_b1,2024-07-19 15:34:22,43,ESCORPIÃO PICAR,3230,6370
26-02-2024_15-50-51_p0019_s239_b4,2024-02-26 15:50:51,239,VÍCIO BEBER ÁLCOOL,2560,7570
06-05-2024_15-41-09_p0032_s254_b4,2024-05-06 15:41:09,254,ALERGIA COMER CATEGORIA ÁGUA-MAR,2850,9710
11-03-2024_15-49-21_p0020_s180_b3,2024-03-11 15:49:21,180,NUCA DOR ESPALHAR,1680,7920
07-03-2024_13-53-42_p0010,2024-03-07 13:53:42,P6.3,DOR IGUAL PESO,1260,3980
06-05-2024_15-55-46_p0032,2024-05-06 15:55:46,P23.1,VOCÊ FUMAR,2940,5980
26-03-2024_15-17-34_p0022_s171_b3,2024-03-26 15:17:34,171,UMA-VEZ,3040,5640
22-02-2024_14-05-10_p0018_s94_b2,2024-02-22 14:05:10,94,DOR OUVIDO-DIREITO OUVIDO-ESQUERDO,1380,6410
24-01-2024_17-42-49_p10,2024-01-24 17:42:49,282,UM COPO CHEIO TODO-DIA,2090,7000
20-03-2024_15-27-27_p0015_s204_b3,2024-03-20 15:27:27,204,DOIS VACINA,2550,4260
29-04-2024_16-02-01_p0024_s200_b3,2024-04-29 16:02:01,200,CATARRO COLA VERDE,2720,7640
30-04-2024_13-21-18_p0024,2024-04-30 13:21:18,P6.5,DOR IGUAL FINCADA,1930,6830
15-05-2024_15-16-48_p0032_sP05_b2,2024-05-15 15:16:48,P5,POR-QUE PROCURAR VIR HOJE TER PIORAR,2990,13770
28-06-2024_14-16-50_p0035_s29_b1,2024-06-28 14:16:50,29,INCHAR,2890,5510
18-03-2024_15-43-22_p0020_s68_b1,2024-03-18 15:43:22,68,15 MINUTO,1350,4030
25-03-2024_16-37-07_p0020,2024-03-25 16:37:07,148.4,D,1180,4390
17-06-2024_14-55-20_p0019_s94_b2,2024-06-17 14:55:20,94,DOR OUVIDO-DIREITO OUVIDO-ESQUERDO,2230,7210
07-05-2024_15-05-09_p0027_s38_b1,2024-05-07 15:05:09,38,TENTAR SUICIDAR,1460,5430
03-05-2024_14-27-21_p0027,2024-05-03 14:27:21,148.20,T,1400,4060
19-06-2024_10-03-10_p0036_s31_b1,2024-06-19 10:03:10,31,MANCHAS-PELE,3230,6690
03-04-2024_15-59-48_p0023_s258_b4,2024-04-03 15:59:48,258,ALERGIA NENHUM,2560,4630
25-03-2024_15-52-08_p0020_s261_b4,2024-03-25 15:52:08,261,UM ANO,1300,3160
19-06-2024_16-51-20_p0023_s78_b1,2024-06-19 16:51:20,78,CALADO DEITADO,1190,3780
21-02-2024_16-08-34_p0016,2024-02-21 16:08:34,148.20,T,1280,3940
08-05-2024_10-02-33_p0030,2024-05-08 10:02:33,148.23,W,2330,3590
13-03-2024_16-11-31_p0014_s265_b4,2024-03-13 16:11:31,265,VINHO,1600,3900
28-02-2024_16-58-07_p0011,2024-02-28 16:58:07,148.17,Q,1100,4480
05-06-2024_10-37-27_p0036_s280_b4,2024-06-05 10:37:27,280,TAÇA TOMAR VINHO UMA-VEZ SEMANA,1910,15290
19-03-2024_15-40-01_p0022,2024-03-19 15:40:01,148.2,B,1890,4290
16-05-2024_15-13-37_p0034,2024-05-16 15:13:37,148.26,Z,2960,5520
19-06-2024_10-29-48_p0036_s80_b1,2024-06-19 10:29:48,80,SENTADO EM-PÉ,1810,5740
23-04-2024_15-34-49_p0026_s77_b1,2024-04-23 15:34:49,77,EXERCÍCIO-FÍSICO,2850,4490
21-02-2024_15-40-27_p0016_s118_b2,2024-02-21 15:40:27,118,OLHOS-LACRIMEJAR,840,5290
08-06-2024_10-27-20_p0031_s24_b1,2024-06-08 10:27:20,24,VOMITAR,1890,3550
11-06-2024_14-43-41_p0035_s150_b2,2024-06-11 14:43:41,150,ENTENDER,2990,6390
21-02-2024_15-20-43_p0016_s90_b2,2024-02-21 15:20:43,90,DOR OUVIDO,1840,5280
26-03-2024_16-03-04_p0022,2024-03-26 16:03:04,P18.3,COMO FEZES COMO,800,4050
13-03-2024_15-12-37_p0014,2024-03-13 15:12:37,P8.1,S I FAZER COISAS SENTIR DOR PIORAR,3650,10430
03-05-2024_18-54-29_p0031_s192_b3,2024-05-03 18:54:29,192,FICAR-EM-PÉ SENTAR DEITAR DOR PIORAR SIM,2220,9870
24-01-2024_17-31-30_p10,2024-01-24 17:31:30,269,CACHAÇA,2320,3370
05-06-2024_10-36-24_p0036_s279_b4,2024-06-05 10:36:24,279,DUAS-DOSES TOMAR DUAS-VEZES SEMANA,2830,10340
30-04-2024_13-44-45_p0024,2024-04-30 13:44:45,148.5,E,2700,3440
08-05-2024_09-47-12_p0030_s124_b2,2024-05-08 09:47:12,124,GASES,1970,3370
18-03-2024_15-18-38_p0020_s19_b1,2024-03-18 15:18:38,19,PALPITAÇÃO,1340,4900
16-04-2024_15-56-40_p0016_s201_b3,2024-04-16 15:56:40,201,CATARRO COLA VERMELHO,1450,5610
28-02-2024_16-30-27_p0011,2024-02-28 16:30:27,P6.4,DOR IGUAL QUEIMAR,1470,8400
03-05-2024_14-02-11_p0027_s87_b2,2024-05-03 14:02:11,87,SIM,1770,4490
05-03-2024_10-23-27_p0014_s7_b1,2024-03-05 10:23:27,7,DOR PEITO,1640,4920
16-04-2024_10-53-08_p0025_s264_b4,2024-04-16 10:53:08,264,CERVEJA,2310,3040
19-03-2024_15-44-05_p0022,2024-03-19 15:44:05,148.15,O,1940,4390
18-06-2024_15-39-27_p0028,2024-06-18 15:39:27,148.18,R,2710,3670
20-05-2024_15-21-51_p0023_s100_b2,2024-05-20 15:21:51,100,DOR VIRILHA,1390,5090
02-05-2024_14-42-51_p0026,2024-05-02 14:42:51,P9.3,PLANO ANDAR FÍSICO PIOR,1940,8370
24-01-2024_17-15-49_p10,2024-01-24 17:15:49,235,OBESIDADE,2320,6280
17-07-2024_14-26-26_p0041_s116_b2,2024-07-17 14:26:26,116,DOR APERTAR PONTADA,1870,6370
30-04-2024_13-50-29_p0024,2024-04-30 13:50:29,148.24,X,2580,3810
10-05-2024_16-39-23_p0033_s40_b1,2024-05-10 16:39:23,40,CACHORRO MORDER,1290,4100
29-02-2024_13-48-48_p0010_s20_b1,2024-02-29 13:48:48,20,TONTURA CAIR-PESSOA,1780,5030
08-06-2024_10-32-57_p0031_s40_b1,2024-06-08 10:32:57,40,CACHORRO MORDER,2150,4530
19-07-2024_14-39-39_p0040_s155_b2,2024-07-19 14:39:39,155,PARAR,2020,4240
27-05-2024_16-30-45_p0032_s3_b1,2024-05-27 16:30:45,3,MUDAR COMPORTAMENTO,1690,5450
26-03-2024_15-37-03_p0022_s191_b3,2024-03-26 15:37:03,191,MOMENTO APERTAR-BRAÇO DOR PIORAR NÃO,1420,8230
10-05-2024_09-56-43_p0030,2024-05-10 09:56:43,P22.3,QUAL MEDICAMENTO,2380,5530
25-03-2024_16-12-50_p0020_s97_b2,2024-03-25 16:12:50,97,DOR LADOS-BARRIGA,1070,4590
10-05-2024_15-40-38_p0033,2024-05-10 15:40:38,P23.1,VOCÊ FUMAR,2210,3630
10-05-2024_15-43-50_p0033_s263_b4,2024-05-10 15:43:50,263,DEZ ANO,2320,3800
08-05-2024_09-33-09_p0030_s95_b2,2024-05-08 09:33:09,95,DOR OLHOS,1520,4120
02-05-2024_15-01-30_p0026_s177_b3,2024-05-02 15:01:30,177,UM ANO,1420,4120
18-04-2024_15-22-20_p0026_sP05_b2,2024-04-18 15:22:20,P5,POR-QUE PROCURAR VIR HOJE TER PIORAR,4000,14410
21-02-2024_15-55-45_p0016,2024-02-21 15:55:45,P8.2,SENTIR DOR DEPOIS DESAPARECER ENTÃO,2350,8010
24-04-2024_15-38-41_p0027_s172_b3,2024-04-24 15:38:41,172,VÁRIAS-VEZES,5340,7710
22-02-2024_14-29-22_p0018_s146_b2,2024-02-22 14:29:22,146,REMÉDIO,1370,4540
03-05-2024_18-34-57_p0031,2024-05-03 18:34:57,170.4,4,1710,4560
20-03-2024_15-11-06_p0015_s180_b3,2024-03-20 15:11:06,180,NUCA DOR ESPALHAR,2230,7050
25-03-2024_15-59-56_p0020_s280_b4,2024-03-25 15:59:56,280,TAÇA TOMAR VINHO UMA-VEZ SEMANA,1880,7830
02-05-2024_15-22-01_p0026,2024-05-02 15:22:01,P17.2,QUANTOS VACINAR,1100,4570
29-04-2024_12-01-05_p0029,2024-04-29 12:01:05,148.18,R,2540,4680
18-06-2024_15-27-00_p0028_s138_b2,2024-06-18 15:27:00,138,APERTAR,2380,4200
22-02-2024_11-56-57_p0017_s276_b4,2024-02-22 11:56:57,276,GARRAFA UMA-VEZ SEMANA,1830,6010
27-03-2024_15-27-36_p0015_s131_b2,2024-03-27 15:27:36,131,PERÍODO MENSTRUAR,1710,4960
23-05-2024_14-53-37_p0035,2024-05-23 14:53:37,170.1,1,2690,3760
10-05-2024_09-09-04_p0030_s204_b3,2024-05-10 09:09:04,204,DOIS VACINA,2430,4420
29-04-2024_11-38-49_p0029_s113_b2,2024-04-29 11:38:49,113,DOR PONTADA,2140,6070
02-04-2024_15-49-34_p0021_s202_b3,2024-04-02 15:49:34,202,CATARRO COLA SANGUE PONTOS,1270,8220
16-07-2024_16-53-06_p0039_s267_b4,2024-07-16 16:53:06,267,VODCA,2370,4980
18-06-2024_16-34-21_p0028,2024-06-18 16:34:21,P22.1,VOCÊ TER ALERGIA ENTÃO,1780,5930
18-03-2024_11-22-51_p0013_s235_b4,2024-03-18 11:22:51,235,OBESIDADE,1280,5110
22-04-2024_09-19-36_p0025,2024-04-22 09:19:36,170.7,7,1410,3570
13-03-2024_15-55-23_p0014_s232_b4,2024-03-13 15:55:23,232,ANSIEDADE,1910,7000
07-05-2024_14-30-29_p0027,2024-05-07 14:30:29,P23.2,TOTAL TEMPO QUANTO,2570,5300
27-03-2024_16-10-58_p0015_s33_b1,2024-03-27 16:10:58,33,COÇAR,1630,4390
18-06-2024_15-20-22_p0028_s128_b2,2024-06-18 15:20:22,128,LOCAIS BARULHO,1890,4970
24-05-2024_19-12-27_p0031,2024-05-24 19:12:27,148.22,V,1190,3940
27-03-2024_16-10-19_p0015_s31_b1,2024-03-27 16:10:19,31,MANCHAS-PELE,2610,5580
24-05-2024_18-31-50_p0031_s85_b2,2024-05-24 18:31:50,85,UM SEMANA,3310,5420
24-05-2024_18-57-16_p0031_s130_b2,2024-05-24 18:57:16,130,CORPO ESFORÇAR,1860,4510
24-07-2024_14-24-05_p0041_s42_b1,2024-07-24 14:24:05,42,COBRA PICAR,2220,5530
20-05-2024_15-19-25_p0023_s94_b2,2024-05-20 15:19:25,94,DOR OUVIDO-DIREITO OUVIDO-ESQUERDO,1450,5350
30-01-2024_11-16-23_p11,2024-01-30 11:16:23,49,XIXI POUCO,960,4490
16-04-2024_15-50-45_p0016_s192_b3,2024-04-16 15:50:45,192,FICAR-EM-PÉ SENTAR DEITAR DOR PIORAR SIM,1660,9820
26-03-2024_16-27-40_p0022,2024-03-26 16:27:40,P23.1,VOCÊ FUMAR,2120,4280
22-04-2024_09-11-13_p0025_s163_b3,2024-04-22 09:11:13,163,TOMAR-BANHO CORPO PIOR NÃO,2190,8760
03-04-2024_15-53-20_p0023_s245_b4,2024-04-03 15:53:20,245,ÁCARO ALERGIA,3620,6750
27-03-2024_15-22-49_p0015_s123_b2,2024-03-27 15:22:49,123,ZUMBIDO OUVIDO,2240,5890
24-05-2024_19-10-35_p0031,2024-05-24 19:10:35,148.16,P,2660,3920
24-04-2024_15-23-20_p0027_s165_b3,2024-04-24 15:23:20,165,DEITAR CALMA PIOR NÃO,5250,9380
02-04-2024_15-54-44_p0021,2024-04-02 15:54:44,P17.4,VOCÊ TRAZER CARTÃO-DE-VACINA,1540,7640
18-04-2024_10-12-16_p0025_s13_b1,2024-04-18 10:12:16,13,DOR PERNA,2760,7300
09-05-2024_14-20-43_p0033_s94_b2,2024-05-09 14:20:43,94,DOR OUVIDO-DIREITO OUVIDO-ESQUERDO,2640,7030
26-04-2024_15-00-18_p0028_s56_b1,2024-04-26 15:00:18,56,VERMELHO FEZES,1700,5130
05-06-2024_15-00-14_p0037,2024-06-05 15:00:14,P18.1,ENJOAR O U VOMITAR,1920,6420
02-05-2024_16-14-10_p0026_s271_b4,2024-05-02 16:14:10,271,CHAMPANHE,1080,3520
26-03-2024_15-40-21_p0022_s194_b3,2024-03-26 15:40:21,194,TOSSE SECO,1660,5250
17-07-2024_14-51-47_p0041,2024-07-17 14:51:47,148.18,R,1200,4430
20-05-2024_12-10-21_p0034_s226_b4,2024-05-20 12:10:21,226,PRESSÃO ALTO,2600,5410
21-02-2024_15-21-12_p0016_s92_b2,2024-02-21 15:21:12,92,DOR TESTA,1820,5830
05-06-2024_15-16-51_p0037_s238_b4,2024-06-05 15:16:51,238,SUAR TIREÓIDE DIMINUIR,1470,6080
27-05-2024_16-58-47_p0032_s66_b1,2024-05-27 16:58:47,66,VAGINA VERMELHO SANGRAR,1420,5810
03-05-2024_14-25-47_p0027,2024-05-03 14:25:47,148.14,N,1570,4410
18-04-2024_15-27-12_p0026_s101_b2,2024-04-18 15:27:12,101,DOR OMBROS,1490,5820
27-05-2024_16-42-25_p0032_s28_b1,2024-05-27 16:42:25,28,NARIZ-LADOS FECHAR,1960,5450
07-05-2024_15-11-14_p0027_s56_b1,2024-05-07 15:11:14,56,VERMELHO FEZES,1450,5440
27-05-2024_16-46-48_p0032_s40_b1,2024-05-27 16:46:48,40,CACHORRO MORDER,1520,4800
22-04-2024_09-13-15_p0025,2024-04-22 09:13:15,P9.6,SUBIR-ESCADA FÍSICO PIOR,1990,6720
12-03-2024_14-20-45_p0022_s12_b1,2024-03-12 14:20:45,12,DOR BRAÇO,2910,7360
16-04-2024_10-35-58_p0025_s236_b4,2024-04-16 10:35:58,236,FÍGADO INFLAMADO,1940,5330
02-04-2024_15-02-02_p0021_s159_b3,2024-04-02 15:02:02,159,SUBIR-MORRO CORPO PIOR NÃO,2990,8620
18-03-2024_15-33-21_p0020_s50_b1,2024-03-18 15:33:21,50,TODA-HORA URINAR,1270,5650
19-06-2024_10-08-49_p0036_s42_b1,2024-06-19 10:08:49,42,COBRA PICAR,2130,5690
09-05-2024_14-52-48_p0033_s135_b2,2024-05-09 14:52:48,135,ENGOLIR,2460,5350
28-02-2024_16-33-30_p0011_s119_b2,2024-02-28 16:33:30,119,SENTIR MAL,1340,6330
25-03-2024_16-16-04_p0020_s106_b2,2024-03-25 16:16:04,106,DOR PULSAR,1080,4450
22-01-2024_16-53-39_p9,2024-01-22 16:53:39,180,NUCA DOR ESPALHAR,6490,12220
11-06-2024_14-38-20_p0035,2024-06-11 14:38:20,148.13,M,2310,5110
17-07-2024_14-33-55_p0041_s129_b2,2024-07-17 14:33:55,129,LOCAIS LUZ-FORTE,4110,7160
28-02-2024_16-19-27_p0011_s101_b2,2024-02-28 16:19:27,101,DOR OMBROS,1880,7390
17-06-2024_15-59-06_p0019_s150_b2,2024-06-17 15:59:06,150,ENTENDER,1790,4890
10-05-2024_15-21-03_p0033_s229_b4,2024-05-10 15:21:03,229,CÂNCER,2520,3530
13-05-2024_16-32-23_p0028,2024-05-13 16:32:23,P17.2,QUANTOS VACINAR,2010,4630
27-05-2024_15-59-05_p0032_s196_b3,2024-05-27 15:59:05,196,TOSSE CATARRO COLA,1910,6950
29-02-2024_13-39-24_p0010_s7_b1,2024-02-29 13:39:24,7,DOR PEITO,1640,4210
29-04-2024_11-31-33_p0029_s97_b2,2024-04-29 11:31:33,97,DOR LADOS-BARRIGA,1940,5540
05-06-2024_15-30-10_p0037_s261_b4,2024-06-05 15:30:10,261,UM ANO,2150,4680
08-06-2024_10-35-29_p0031_s45_b1,2024-06-08 10:35:29,45,PROBLEMA OLHOS,1890,3930
10-05-2024_16-44-44_p0033_s55_b1,2024-05-10 16:44:44,55,VERMELHO NARIZ-SANGRAR GRIPE,2630,9050
10-05-2024_08-42-52_p0030_s174_b3,2024-05-10 08:42:52,174,TRÊS-VEZES DIA,2690,4570
20-05-2024_11-43-02_p0034_s50_b1,2024-05-20 11:43:02,50,TODA-HORA URINAR,2720,6530
17-07-2024_14-31-09_p0041_s123_b2,2024-07-17 14:31:09,123,ZUMBIDO OUVIDO,2470,5130
28-02-2024_16-59-33_p0011,2024-02-28 16:59:33,148.22,V,1030,4430
08-05-2024_15-32-16_p0033,2024-05-08 15:32:16,170.8,8,3250,4980
16-04-2024_10-37-59_p0025_s240_b4,2024-04-16 10:37:59,240,VÍCIO FUMAR,1710,4010
30-04-2024_13-01-25_p0024_s82_b2,2024-04-30 13:01:25,82,SEIS HORAS,1480,4270
26-04-2024_14-33-29_p0028_s7_b1,2024-04-26 14:33:29,7,DOR PEITO,1980,6230
19-07-2024_14-37-16_p0040_s149_b2,2024-07-19 14:37:16,149,DEVAGAR,2980,5190
24-01-2024_17-25-35_p10,2024-01-24 17:25:35,258,ALERGIA NENHUM,2450,6530
27-03-2024_16-29-43_p0015_s75_b1,2024-03-27 16:29:43,75,TOSSIR,1440,3650
16-05-2024_14-28-23_p0034_s97_b2,2024-05-16 14:28:23,97,DOR LADOS-BARRIGA,2510,6990
27-05-2024_16-08-07_p0032,2024-05-27 16:08:07,P21.1,DOCUMENTO REMÉDIO VOCÊ TRAZER,1970,6310
05-06-2024_15-04-51_p0037_s215_b4,2024-06-05 15:04:51,215,FEZES-LÍQUIDAS BORBULHAR,2050,5830
06-05-2024_15-24-59_p0032_s222_b4,2024-05-06 15:24:59,222,DOR-BARRIGA NENHUM,2750,7050
16-05-2024_15-04-52_p0034,2024-05-16 15:04:52,148.4,D,3310,5060
24-07-2024_14-20-50_p0041_s34_b1,2024-07-24 14:20:50,34,FEBRE,1680,4460
05-06-2024_10-32-34_p0036_s273_b4,2024-06-05 10:32:34,273,UM LATA UMA-VEZ SEMANA,1880,7580
19-06-2024_10-07-27_p0036_s39_b1,2024-06-19 10:07:27,39,MORDER,4870,7730
30-01-2024_15-07-09_p12,2024-01-30 15:07:09,148.21,U,3240,4680
17-06-2024_15-04-04_p0019_s108_b2,2024-06-17 15:04:04,108,DOR LEVE,2180,7190
30-04-2024_13-46-15_p0024,2024-04-30 13:46:15,148.10,J,2890,4170
18-03-2024_11-37-57_p0013_s266_b4,2024-03-18 11:37:57,266,DOSE ÁLCOOL,1270,5990
02-05-2024_16-01-16_p0026_s251_b4,2024-05-02 16:01:16,251,ALERGIA GRUPO BORRACHA,1540,6160
05-06-2024_15-02-46_p0037_s211_b4,2024-06-05 15:02:46,211,FRAGMENTOS MISTURAR MOLE,2490,7300
10-05-2024_16-09-44_p0033_s276_b4,2024-05-10 16:09:44,276,GARRAFA UMA-VEZ SEMANA,2320,4760
29-04-2024_11-42-04_p0029_sP07_b2,2024-04-29 11:42:04,P7,SENTIR JUNTO ITENS MAIS TER,3000,10090
22-02-2024_14-08-13_p0018_s101_b2,2024-02-22 14:08:13,101,DOR OMBROS,2860,8010
07-05-2024_14-57-11_p0027_s14_b1,2024-05-07 14:57:11,14,DOR PERNA ATRÁS,1730,7550
07-05-2024_15-19-20_p0027_s75_b1,2024-05-07 15:19:20,75,TOSSIR,2120,5000
22-02-2024_11-42-17_p0017_s229_b4,2024-02-22 11:42:17,229,CÂNCER,2070,3120
05-06-2024_10-35-58_p0036_s278_b4,2024-06-05 10:35:58,278,UMA-DOSE TOMAR TODO-DIA,1770,7420
15-05-2024_15-45-25_p0032,2024-05-15 15:45:25,P6.5,DOR IGUAL FINCADA,2560,9150
30-01-2024_14-53-29_p12,2024-01-30 14:53:29,138,APERTAR,2620,4220
08-04-2024_16-15-42_p0021,2024-04-08 16:15:42,148.23,W,1600,4230
25-03-2024_15-42-08_p0020_s240_b4,2024-03-25 15:42:08,240,VÍCIO FUMAR,1560,4120
22-02-2024_14-24-15_p0018_s133_b2,2024-02-22 14:24:15,133,MASTIGAR,1880,5730
17-06-2024_15-36-59_p0019,2024-06-17 15:36:59,148.19,S,1550,4090
19-07-2024_15-41-56_p0040_s57_b1,2024-07-19 15:41:56,57,TONTEIRA,2400,8800
12-03-2024_10-42-08_p0021,2024-03-12 10:42:08,P22.3,QUAL MEDICAMENTO,3540,5730
08-06-2024_10-29-09_p0031_s30_b1,2024-06-08 10:29:09,30,FERIR PELE,2170,4130
16-04-2024_15-32-57_p0016,2024-04-16 15:32:57,170.8,8,1150,4290
12-06-2024_17-13-19_p0038,2024-06-12 17:13:19,P9.1,PEITO DOR O U FALTAR A R INSPIRAR PIORAR MOMENTO FÍSICO ESFORÇAR,1300,11970
02-05-2024_15-56-48_p0026_s236_b4,2024-05-02 15:56:48,236,FÍGADO INFLAMADO,1320,4160
02-05-2024_15-15-16_p0026,2024-05-02 15:15:16,P15.1,TER TOSSE,1260,4340
19-07-2024_15-36-17_p0040_s47_b1,2024-07-19 15:36:17,47,XIXI SENTIR IGUAL QUENTE,2410,8990
18-04-2024_10-11-09_p0025_s10_b1,2024-04-18 10:11:09,10,DOR BARRIGA,1200,5180
26-03-2024_15-13-45_p0022,2024-03-26 15:13:45,170.1,1,2250,4090
17-07-2024_14-44-21_p0041_s154_b2,2024-07-17 14:44:21,154,PARAR,3400,5060
10-05-2024_10-02-34_p0030_s268_b4,2024-05-10 10:02:34,268,UÍSQUE,2160,4490
30-01-2024_11-04-59_p11,2024-01-30 11:04:59,12,DOR BRAÇO,950,5670
11-06-2024_14-31-47_p0035_s144_b2,2024-06-11 14:31:47,144,ÁGUA FRIO COLOCAR-BRAÇO,1960,7980
15-05-2024_16-18-06_p0032_s145_b2,2024-05-15 16:18:06,145,ÁGUA QUENTE COLOCAR-BRAÇO,2160,8270
18-04-2024_15-21-26_p0026_s85_b2,2024-04-18 15:21:26,85,UM SEMANA,1760,5320
02-04-2024_15-22-39_p0021_s171_b3,2024-04-02 15:22:39,171,UMA-VEZ,2660,5420
15-05-2024_16-14-59_p0032,2024-05-15 16:14:59,P8.2,SENTIR DOR DEPOIS DESAPARECER ENTÃO,4730,12180
12-03-2024_10-24-57_p0021_s227_b4,2024-03-12 10:24:57,227,ASMA,2240,5950
18-06-2024_15-27-49_p0028_s140_b2,2024-06-18 15:27:49,140,PERNAS MEXER-PERNAS,2720,5830
09-05-2024_14-15-49_p0033_sP05_b2,2024-05-09 14:15:49,P5,POR-QUE PROCURAR VIR HOJE TER PIORAR,4630,13700
10-05-2024_08-44-48_p0030_s177_b3,2024-05-10 08:44:48,177,UM ANO,2700,4930
03-05-2024_14-07-42_p0027_s106_b2,2024-05-03 14:07:42,106,DOR PULSAR,1550,5880
29-04-2024_16-50-59_p0024_s46_b1,2024-04-29 16:50:59,46,PROBLEMA OUVIDOS,3120,6870
19-06-2024_10-22-40_p0036_s67_b1,2024-06-19 10:22:40,67,VOMITAR TER VERMELHO,3570,7990
30-04-2024_13-53-54_p0024_s155_b2,2024-04-30 13:53:54,155,PARAR,2590,4110
17-07-2024_14-23-47_p0041_s109_b2,2024-07-17 14:23:47,109,DOR MUITO-FORTE,3300,7710
29-04-2024_11-30-19_p0029_s93_b2,2024-04-29 11:30:19,93,DOR NUCA,1980,5120
11-06-2024_14-16-46_p0035,2024-06-11 14:16:46,P6.6,DOR IGUAL SENTIR CHOQUE,1580,7880
29-02-2024_14-13-09_p0010_s64_b1,2024-02-29 14:13:09,64,QUASE CABEÇA-SAIR NASCER,1110,3790
11-06-2024_14-19-45_p0035_s121_b2,2024-06-11 14:19:45,121,VER MANCHAS,2790,6660
16-04-2024_10-54-35_p0025_s268_b4,2024-04-16 10:54:35,268,UÍSQUE,1920,3850
18-06-2024_15-10-30_p0028,2024-06-18 15:10:30,P6.5,DOR IGUAL FINCADA,2360,5380
26-03-2024_15-19-41_p0022_s174_b3,2024-03-26 15:19:41,174,TRÊS-VEZES DIA,1690,4680
20-05-2024_12-35-23_p0034_s274_b4,2024-05-20 12:35:23,274,DOIS LATAS DUAS-VEZES SEMANA,2390,6540
22-04-2024_09-39-58_p0025_s198_b3,2024-04-22 09:39:58,198,CATARRO COLA BRANCO,1670,5970
22-04-2024_09-47-46_p0025_s243_b3,2024-04-22 09:47:46,243,NÃO TRAZER RECEITA REMÉDIO NENHUM,1420,6630
19-07-2024_14-38-57_p0040_s153_b2,2024-07-19 14:38:57,153,REPETIR POR-FAVOR,3480,6390
19-06-2024_16-40-02_p0023_s52_b1,2024-06-19 16:40:02,52,XIXI ESPUMAR,1770,4810
25-03-2024_16-31-20_p0020_s136_b2,2024-03-25 16:31:20,136,ANDAR,1160,4430
26-03-2024_16-31-44_p0022_s265_b4,2024-03-26 16:31:44,265,VINHO,2630,4620
24-07-2024_14-39-50_p0041_s80_b1,2024-07-24 14:39:50,80,SENTADO EM-PÉ,1810,7560
23-04-2024_11-38-04_p0024,2024-04-23 11:38:04,P22.3,QUAL MEDICAMENTO,1770,4870
23-05-2024_15-25-37_p0035_s242_b3,2024-05-23 15:25:37,242,EU USAR REMÉDIO,2850,5120
29-04-2024_16-53-51_p0024_s53_b1,2024-04-29 16:53:51,53,XIXI VERMELHO,2170,6480
19-06-2024_10-06-21_p0036_s37_b1,2024-06-19 10:06:21,37,VERMELHO SANGUE DOCE BAIXO-ALTO,2190,9080
30-04-2024_13-07-01_p0024_s90_b2,2024-04-30 13:07:01,90,DOR OUVIDO,2000,4670
13-03-2024_15-39-58_p0014,2024-03-13 15:39:58,P18.3,COMO FEZES COMO,3020,6340
26-08-2024_15-25-40_p0019_s29_b1,2024-08-26 15:25:40,29,INCHAR,3680,6890
10-05-2024_16-10-37_p0033_s278_b4,2024-05-10 16:10:37,278,UMA-DOSE TOMAR TODO-DIA,2260,4520
29-04-2024_11-36-13_p0029,2024-04-29 11:36:13,P6.2,COMO DOR,2690,5540
20-05-2024_12-12-46_p0034_s232_b4,2024-05-20 12:12:46,232,ANSIEDADE,2830,6040
09-05-2024_14-55-18_p0033_s139_b2,2024-05-09 14:55:18,139,BRAÇO MEXER-BRAÇO,2440,5960
16-07-2024_16-36-14_p0039,2024-07-16 16:36:14,P22.1,VOCÊ TER ALERGIA ENTÃO,3430,8080
22-04-2024_09-19-06_p0025,2024-04-22 09:19:06,170.5,5,1600,3670
07-05-2024_14-54-53_p0027_s7_b1,2024-05-07 14:54:53,7,DOR PEITO,1530,5440
23-04-2024_15-03-52_p0026_s9_b1,2024-04-23 15:03:52,9,DOR LOMBAR,2200,4740
22-04-2024_09-38-41_p0025_s196_b3,2024-04-22 09:38:41,196,TOSSE CATARRO COLA,2270,6190
17-06-2024_14-55-56_p0019_s95_b2,2024-06-17 14:55:56,95,DOR OLHOS,3710,8300
08-04-2024_16-36-41_p0021_s13_b1,2024-04-08 16:36:41,13,DOR PERNA,1650,4850
20-05-2024_16-05-10_p0023,2024-05-20 16:05:10,148.11,K,1150,3060
16-04-2024_10-59-39_p0025_s277_b4,2024-04-16 10:59:39,277,DOIS GARRAFAS DUAS-VEZES SEMANA,2010,6440
18-06-2024_15-02-29_p0028_s103_b2,2024-06-18 15:02:29,103,DOR JOELHO-DIREITO JOELHO-ESQUERDO,2610,5480
11-06-2024_14-20-55_p0035_s124_b2,2024-06-11 14:20:55,124,GASES,2010,5640
27-05-2024_16-45-17_p0032_s36_b1,2024-05-27 16:45:17,36,SUAR SUAR SUAR,1780,5080
08-06-2024_10-25-12_p0031_s18_b1,2024-06-08 10:25:12,18,DIFÍCIL RESPIRAR,1870,4440
11-05-2024_10-12-17_p0034,2024-05-11 10:12:17,P21.2,USAR REMÉDIO,3030,5690
24-05-2024_19-16-09_p0031_s157_b2,2024-05-24 19:16:09,157,CONTINUAR,1700,3810
29-04-2024_16-29-09_p0024_s10_b1,2024-04-29 16:29:09,10,DOR BARRIGA,2870,7230
13-05-2024_15-57-20_p0028_s173_b3,2024-05-13 15:57:20,173,SEMPRE SEMPRE,2740,7260
17-06-2024_15-31-13_p0019,2024-06-17 15:31:13,148.3,C,1960,5110
20-05-2024_12-20-22_p0034_s251_b4,2024-05-20 12:20:22,251,ALERGIA GRUPO BORRACHA,1960,5650
12-06-2024_16-07-11_p0038,2024-06-12 16:07:11,P9.7,TOMAR-REMÉDIO AJUDAR CURAR PEITO DOR O U FALTAR A R ENTÃO,2460,11230
29-04-2024_11-59-45_p0029,2024-04-29 11:59:45,148.13,M,1660,3670
18-04-2024_10-22-35_p0025_s38_b1,2024-04-18 10:22:35,38,TENTAR SUICIDAR,3030,6860
18-03-2024_15-12-33_p0020_s1_b1,2024-03-18 15:12:33,1,CONFUSÃO-MENTAL PERCEPÇÃO ESQUECER,1410,6220
18-04-2024_15-43-47_p0026_s144_b2,2024-04-18 15:43:47,144,ÁGUA FRIO COLOCAR-BRAÇO,2430,8060
08-05-2024_15-39-19_p0033_s175_b3,2024-05-08 15:39:19,175,DOIS SEMANA,4880,7060
03-04-2024_16-10-56_p0023_s276_b4,2024-04-03 16:10:56,276,GARRAFA UMA-VEZ SEMANA,3180,5990
24-04-2024_15-12-46_p0027,2024-04-24 15:12:46,P9.2,SUBIR-MORRO FÍSICO PIOR,10550,15800
23-04-2024_15-24-24_p0026_s52_b1,2024-04-23 15:24:24,52,XIXI ESPUMAR,1920,4140
30-01-2024_11-05-14_p11,2024-01-30 11:05:14,13,DOR PERNA,940,6160
17-07-2024_14-49-44_p0041,2024-07-17 14:49:44,148.11,K,1370,4260
23-04-2024_15-35-54_p0026_s80_b1,2024-04-23 15:35:54,80,SENTADO EM-PÉ,2220,5130
29-02-2024_13-44-06_p0010_s16_b1,2024-02-29 13:44:06,16,RESPIRAR FALTAR,2120,4820
17-06-2024_15-03-30_p0019_s107_b2,2024-06-17 15:03:30,107,DOR PROFUNDO,3120,6990
10-05-2024_08-45-10_p0030_s178_b3,2024-05-10 08:45:10,178,CINCO ANO,2400,4370
20-05-2024_11-23-30_p0034_s9_b1,2024-05-20 11:23:30,9,DOR LOMBAR,2430,6850
19-07-2024_15-48-47_p0040_s68_b1,2024-07-19 15:48:47,68,15 MINUTO,3550,6830
10-05-2024_09-43-29_p0030_s226_b4,2024-05-10 09:43:29,226,PRESSÃO ALTO,2200,5630
30-01-2024_14-54-11_p12,2024-01-30 14:54:11,141,MEXER-PESCOÇO,3020,5420
24-01-2024_17-14-37_p10,2024-01-24 17:14:37,233,A V C,1850,3780
10-05-2024_09-15-41_p0030_s242_b3,2024-05-10 09:15:41,242,EU USAR REMÉDIO,3140,6120
10-05-2024_16-31-30_p0033_s23_b1,2024-05-10 16:31:30,23,TONTURA-ENJOO,3550,6420
19-07-2024_15-40-36_p0040_s54_b1,2024-07-19 15:40:36,54,VERMELHO SANGRAR-BOCA,1930,6540
23-05-2024_15-23-28_p0035_sP20_b3,2024-05-23 15:23:28,P20,VOCÊ TER RELATÓRIO AO-LONGO-DO-TEMPO,2680,7170
08-05-2024_09-38-57_p0030_s107_b2,2024-05-08 09:38:57,107,DOR PROFUNDO,1410,4150
11-05-2024_09-52-58_p0034_s186_b3,2024-05-11 09:52:58,186,COSTAS DOR ESPALHAR,3760,7510
17-06-2024_15-11-44_p0019,2024-06-17 15:11:44,P6.6,DOR IGUAL SENTIR CHOQUE,1450,6670
30-01-2024_11-17-31_p11,2024-01-30 11:17:31,53,XIXI VERMELHO,950,5920
16-04-2024_15-30-37_p0016,2024-04-16 15:30:37,170.0,0,1050,3860
20-05-2024_11-30-17_p0034_s24_b1,2024-05-20 11:30:17,24,VOMITAR,2480,4900
09-05-2024_14-29-02_p0033,2024-05-09 14:29:02,P6.2,COMO DOR,2360,5590
10-05-2024_16-25-25_p0033_s7_b1,2024-05-10 16:25:25,7,DOR PEITO,1370,4310
03-05-2024_18-53-55_p0031,2024-05-03 18:53:55,P13.2,MOMENTO FICAR-EM-PÉ SENTAR DEITAR DOR PIORAR,1840,11030
10-05-2024_08-58-00_p0030_s193_b3,2024-05-10 08:58:00,193,FICAR-EM-PÉ SENTAR DEITAR DOR PIORAR NÃO,3200,9130
27-05-2024_15-43-04_p0032_s182_b3,2024-05-27 15:43:04,182,QUEIXO DOR ESPALHAR,1640,8810
05-06-2024_15-17-19_p0037_s239_b4,2024-06-05 15:17:19,239,VÍCIO BEBER ÁLCOOL,1950,6860
17-06-2024_15-35-27_p0019,2024-06-17 15:35:27,148.15,O,1920,4700
03-05-2024_08-35-05_p0030_s22_b1,2024-05-03 08:35:05,22,EVACUAR MOLE VERMELHO,1870,5310
06-05-2024_15-16-17_p0032_s214_b4,2024-05-06 15:16:17,214,FEZES-LÍQUIDAS BRILHANTE,3000,6290
13-03-2024_15-16-58_p0014_s134_b2,2024-03-13 15:16:58,134,MASTIGAR,1970,5540
19-03-2024_15-42-17_p0022,2024-03-19 15:42:17,148.10,J,1610,4520
26-03-2024_16-09-01_p0022_s219_b4,2024-03-26 16:09:01,219,FEZES-LÍQUIDAS RESTOS COMIDA,2740,6790
25-03-2024_16-32-23_p0020_s139_b2,2024-03-25 16:32:23,139,BRAÇO MEXER-BRAÇO,1460,6260
11-05-2024_09-27-56_p0034_s162_b3,2024-05-11 09:27:56,162,TOMAR-BANHO CORPO PIOR,5550,9170
13-03-2024_15-47-55_p0014_s220_b4,2024-03-13 15:47:55,220,TER M U C O COLA,2650,6710
20-02-2024_16-48-57_p0015_s256_b4,2024-02-20 16:48:57,256,ALERGIA AMENDOIM,1320,5340
24-07-2024_15-28-30_p0041_s277_b4,2024-07-24 15:28:30,277,DOIS GARRAFAS DUAS-VEZES SEMANA,1720,7130
08-06-2024_10-38-42_p0031_s53_b1,2024-06-08 10:38:42,53,XIXI VERMELHO,1770,3770
23-04-2024_15-15-54_p0026_s31_b1,2024-04-23 15:15:54,31,MANCHAS-PELE,1980,3830
10-05-2024_09-49-13_p0030,2024-05-10 09:49:13,P22.1,VOCÊ TER ALERGIA ENTÃO,1950,6440
21-02-2024_15-26-46_p0016_s107_b2,2024-02-21 15:26:46,107,DOR PROFUNDO,2050,5970
21-02-2024_15-45-14_p0016_s126_b2,2024-02-21 15:45:14,126,BEBER ÁLCOOL,1120,5200
26-03-2024_15-44-04_p0022_s201_b3,2024-03-26 15:44:04,201,CATARRO COLA VERMELHO,1770,5800
18-06-2024_15-41-14_p0028,2024-06-18 15:41:14,148.22,V,2540,3580
18-04-2024_15-24-57_p0026_s94_b2,2024-04-18 15:24:57,94,DOR OUVIDO-DIREITO OUVIDO-ESQUERDO,1570,7110
25-03-2024_16-40-42_p0020,2024-03-25 16:40:42,148.16,P,1590,5420
03-05-2024_19-03-29_p0031_s205_b3,2024-05-03 19:03:29,205,TRÊS VACINA,1410,4580
11-06-2024_14-29-51_p0035_s141_b2,2024-06-11 14:29:51,141,MEXER-PESCOÇO,3360,7840
16-04-2024_15-49-17_p0016_s191_b3,2024-04-16 15:49:17,191,MOMENTO APERTAR-BRAÇO DOR PIORAR NÃO,1430,7520
29-02-2024_13-52-32_p0010_s28_b1,2024-02-29 13:52:32,28,NARIZ-LADOS FECHAR,2750,4580
10-05-2024_09-33-30_p0030,2024-05-10 09:33:30,P18.3,COMO FEZES COMO,2190,6340
11-06-2024_14-45-54_p0035_s155_b2,2024-06-11 14:45:54,155,PARAR,1960,4540
10-05-2024_15-19-59_p0033_s227_b4,2024-05-10 15:19:59,227,ASMA,2340,4150
08-04-2024_16-11-11_p0021,2024-04-08 16:11:11,148.13,M,1720,4100
10-05-2024_10-06-13_p0030_s276_b4,2024-05-10 10:06:13,276,GARRAFA UMA-VEZ SEMANA,2050,6630
21-02-2024_15-43-39_p0016_s124_b2,2024-02-21 15:43:39,124,GASES,1870,5640
22-02-2024_11-59-17_p0017_s282_b4,2024-02-22 11:59:17,282,UM COPO CHEIO TODO-DIA,2050,7370
02-04-2024_15-29-08_p0021,2024-04-02 15:29:08,P11.5,PERÍODO DOR TER AUMENTAR,2410,8170
19-03-2024_15-03-58_p0022_s100_b2,2024-03-19 15:03:58,100,DOR VIRILHA,2470,6790
17-06-2024_15-24-20_p0019_s139_b2,2024-06-17 15:24:20,139,BRAÇO MEXER-BRAÇO,1960,7020
08-06-2024_10-47-26_p0031_s70_b1,2024-06-08 10:47:26,70,1-HORA,1840,3530
25-03-2024_16-36-36_p0020,2024-03-25 16:36:36,148.2,B,1050,3840
16-04-2024_15-41-07_p0016_s180_b3,2024-04-16 15:41:07,180,NUCA DOR ESPALHAR,1240,5860
05-03-2024_10-23-58_p0014_s9_b1,2024-03-05 10:23:58,9,DOR LOMBAR,4520,8130
05-06-2024_10-19-28_p0036_s258_b4,2024-06-05 10:19:28,258,ALERGIA NENHUM,2380,7020
10-05-2024_16-29-11_p0033_s17_b1,2024-05-10 16:29:11,17,CHIAR,1260,5130
27-05-2024_16-06-20_p0032,2024-05-27 16:06:20,P17.4,VOCÊ TRAZER CARTÃO-DE-VACINA,1820,7500
11-03-2024_16-13-10_p0020,2024-03-11 16:13:10,P17.2,QUANTOS VACINAR,7410,10120
03-05-2024_18-56-55_p0031_s194_b3,2024-05-03 18:56:55,194,TOSSE SECO,1580,5330
13-05-2024_15-53-10_p0028,2024-05-13 15:53:10,170.9,9,1050,3710
22-02-2024_11-54-40_p0017_s267_b4,2024-02-22 11:54:40,267,VODCA,1660,3400
17-07-2024_14-36-58_p0041_s137_b2,2024-07-17 14:36:58,137,ESTRESSE,2710,4990
06-05-2024_15-18-24_p0032_s219_b4,2024-05-06 15:18:24,219,FEZES-LÍQUIDAS RESTOS COMIDA,2690,7990
26-08-2024_15-47-32_p0019_s72_b1,2024-08-26 15:47:32,72,2-MÊS,3000,5420
30-01-2024_14-32-57_p12,2024-01-30 14:32:57,108,DOR LEVE,2830,5870
03-05-2024_08-27-33_p0030_s2_b1,2024-05-03 08:27:33,2,CONFUSÃO,2140,3990
02-05-2024_16-12-10_p0026_s267_b4,2024-05-02 16:12:10,267,VODCA,1210,3840
24-04-2024_15-36-11_p0027,2024-04-24 15:36:11,170.10,10,4080,5560
17-06-2024_15-13-24_p0019_s118_b2,2024-06-17 15:13:24,118,OLHOS-LACRIMEJAR,2330,6700
05-03-2024_10-46-52_p0014_s77_b1,2024-03-05 10:46:52,77,EXERCÍCIO-FÍSICO,2150,5460
19-07-2024_14-27-11_p0040,2024-07-19 14:27:11,148.2,B,1130,2740
12-03-2024_14-39-46_p0022_s57_b1,2024-03-12 14:39:46,57,TONTEIRA,2170,7030
21-02-2024_16-08-23_p0016,2024-02-21 16:08:23,148.19,S,1330,3940
03-05-2024_19-03-10_p0031_s204_b3,2024-05-03 19:03:10,204,DOIS VACINA,1180,4550
03-05-2024_08-30-43_p0030_s11_b1,2024-05-03 08:30:43,11,DOR GARGANTA,1950,4760
06-05-2024_15-25-36_p0032,2024-05-06 15:25:36,P19.1,VOCÊ JÁ FAZER TRATAMENTO ALGUM DOENÇA ENTÃO,3570,12440
18-04-2024_10-40-54_p0025_s79_b1,2024-04-18 10:40:54,79,SENTADO,1890,5010
26-02-2024_15-37-07_p0019_s222_b4,2024-02-26 15:37:07,222,DOR-BARRIGA NENHUM,2220,5970
30-04-2024_13-45-04_p0024,2024-04-30 13:45:04,148.6,F,1550,2260
03-04-2024_16-04-50_p0023_s263_b4,2024-04-03 16:04:50,263,DEZ ANO,1460,3290
10-05-2024_08-57-28_p0030_s192_b3,2024-05-10 08:57:28,192,FICAR-EM-PÉ SENTAR DEITAR DOR PIORAR SIM,3170,9220
24-07-2024_14-23-04_p0041_s39_b1,2024-07-24 14:23:04,39,MORDER,1760,4770
19-03-2024_15-24-24_p0022_s130_b2,2024-03-19 15:24:24,130,CORPO ESFORÇAR,4880,9290
29-04-2024_11-58-11_p0029,2024-04-29 11:58:11,148.7,G,2100,3870
22-02-2024_11-48-26_p0017_s252_b4,2024-02-22 11:48:26,252,ALERGIA LEITE,3970,5800
08-05-2024_09-54-25_p0030_s143_b2,2024-05-08 09:54:25,143,DEITAR,2060,3810
25-03-2024_15-46-23_p0020_s251_b4,2024-03-25 15:46:23,251,ALERGIA GRUPO BORRACHA,1880,5180
17-07-2024_14-45-56_p0041,2024-07-17 14:45:56,148.1,A,2110,4570
31-01-2024_15-10-15_p13,2024-01-31 15:10:15,203,NÃO VACINAR COVID-19,1280,6330
20-05-2024_16-03-29_p0023,2024-05-20 16:03:29,148.6,F,1580,3290
31-01-2024_14-59-54_p13,2024-01-31 14:59:54,184,DOR BRAÇO-ESPALHAR,3520,6950
10-05-2024_15-43-27_p0033_s262_b4,2024-05-10 15:43:27,262,DOIS ANO,3040,4270
20-03-2024_15-08-52_p0015,2024-03-20 15:08:52,P11.4,AO-LONGO-DO-TEMPO DOR COMO AUMENTAR O U DIMINUIR,1810,12940
29-04-2024_11-38-10_p0029_s111_b2,2024-04-29 11:38:10,111,DOR PESO,1960,6000
26-03-2024_15-17-54_p0022_s172_b3,2024-03-26 15:17:54,172,VÁRIAS-VEZES,2600,5480
08-04-2024_16-37-46_p0021_s16_b1,2024-04-08 16:37:46,16,RESPIRAR FALTAR,1360,4460
29-02-2024_13-38-28_p0010_s5_b1,2024-02-29 13:38:28,5,CABEÇA DOR,5510,7510
06-05-2024_15-33-23_p0032_s236_b4,2024-05-06 15:33:23,236,FÍGADO INFLAMADO,2870,6110
12-06-2024_17-11-24_p0038_s244_b3,2024-06-12 17:11:24,244,NÃO USAR MEDICAMENTO NÃO,2370,4630
16-05-2024_15-07-37_p0034,2024-05-16 15:07:37,148.11,K,3040,5350
26-08-2024_15-32-15_p0019_s44_b1,2024-08-26 15:32:15,44,PRESSÃO-ARTERIAL ALTO-BAIXO,3040,7400
30-04-2024_13-41-27_p0024_s145_b2,2024-04-30 13:41:27,145,ÁGUA QUENTE COLOCAR-BRAÇO,3310,7040
30-04-2024_13-32-40_p0024_s133_b2,2024-04-30 13:32:40,133,MASTIGAR,3660,6620
16-04-2024_10-21-30_p0025_s213_b4,2024-04-16 10:21:30,213,CLARO,2300,3670
22-01-2024_17-18-50_p9,2024-01-22 17:18:50,199,CATARRO COLA AMARELO,3460,7970
27-05-2024_16-43-51_p0032_s32_b1,2024-05-27 16:43:51,32,MANCHAS-PELE VERMELHO,2150,4840
07-05-2024_14-53-15_p0027_s2_b1,2024-05-07 14:53:15,2,CONFUSÃO,1720,5080
20-05-2024_16-06-16_p0023,2024-05-20 16:06:16,148.15,O,1430,3180
22-04-2024_09-06-37_p0025,2024-04-22 09:06:37,P9.2,SUBIR-MORRO FÍSICO PIOR,1570,7080
28-02-2024_16-10-50_p0011_s87_b2,2024-02-28 16:10:50,87,SIM,1960,4860
22-02-2024_15-31-46_p0014,2024-02-22 15:31:46,170.10,10,1500,3190
07-03-2024_13-50-49_p0010_s107_b2,2024-03-07 13:50:49,107,DOR PROFUNDO,1340,3750
26-04-2024_15-12-53_p0028_s78_b1,2024-04-26 15:12:53,78,CALADO DEITADO,3790,7430
08-06-2024_10-28-49_p0031_s29_b1,2024-06-08 10:28:49,29,INCHAR,1840,3430
07-05-2024_14-29-14_p0027,2024-05-07 14:29:14,P22.3,QUAL MEDICAMENTO,2710,4390
16-05-2024_14-27-01_p0034_s94_b2,2024-05-16 14:27:01,94,DOR OUVIDO-DIREITO OUVIDO-ESQUERDO,2230,6740
08-04-2024_16-39-04_p0021_s20_b1,2024-04-08 16:39:04,20,TONTURA CAIR-PESSOA,1320,4960
07-03-2024_14-03-20_p0010_s136_b2,2024-03-07 14:03:20,136,ANDAR,1870,3510
21-02-2024_12-05-21_p0013_s74_b1,2024-02-21 12:05:21,74,BEBER,2950,4340
03-05-2024_14-05-30_p0027_s99_b2,2024-05-03 14:05:30,99,DOR BAIXO-VENTRE,1710,5230
28-06-2024_14-33-42_p0035_s66_b1,2024-06-28 14:33:42,66,VAGINA VERMELHO SANGRAR,4990,10090
12-06-2024_10-31-23_p0036_s149_b2,2024-06-12 10:31:23,149,DEVAGAR,2080,4160
16-07-2024_16-30-46_p0039_s231_b4,2024-07-16 16:30:46,231,DEPRESSÃO,1510,4880
28-06-2024_14-21-38_p0035_s42_b1,2024-06-28 14:21:38,42,COBRA PICAR,2070,4430
12-03-2024_10-37-27_p0021_s251_b4,2024-03-12 10:37:27,251,ALERGIA GRUPO BORRACHA,1530,5470
16-04-2024_16-02-04_p0016_s208_b3,2024-04-16 16:02:04,208,NÃO TRAZER CARTÃO-DE-VACINA NENHUM,1390,6390
18-03-2024_11-42-18_p0013_s277_b4,2024-03-18 11:42:18,277,DOIS GARRAFAS DUAS-VEZES SEMANA,1860,7600
20-05-2024_12-25-46_p0034,2024-05-20 12:25:46,P23.1,VOCÊ FUMAR,2360,4730
30-01-2024_11-02-48_p11,2024-01-30 11:02:48,5,CABEÇA DOR,930,5459
15-05-2024_16-25-49_p0032,2024-05-15 16:25:49,148.2,B,1710,4870
30-04-2024_13-46-00_p0024,2024-04-30 13:46:00,148.9,I,2160,2920
28-06-2024_15-35-00_p0035_s258_b4,2024-06-28 15:35:00,258,ALERGIA NENHUM,1600,5910
20-05-2024_12-19-08_p0034_s248_b4,2024-05-20 12:19:08,248,ALERGIA CACHORRO,2500,5760
08-04-2024_15-32-33_p0021_s97_b2,2024-04-08 15:32:33,97,DOR LADOS-BARRIGA,1660,6080
16-05-2024_14-36-39_p0034_s112_b2,2024-05-16 14:36:39,112,DOR QUEIMAR,2260,6050
17-07-2024_14-38-21_p0041_s139_b2,2024-07-17 14:38:21,139,BRAÇO MEXER-BRAÇO,2920,7920
24-04-2024_15-56-29_p0027_s192_b3,2024-04-24 15:56:29,192,FICAR-EM-PÉ SENTAR DEITAR DOR PIORAR SIM,4150,10680
25-03-2024_15-50-30_p0020,2024-03-25 15:50:30,P22.3,QUAL MEDICAMENTO,1770,3880
30-01-2024_14-14-20_p12,2024-01-30 14:14:20,87,SIM,1970,3040
22-02-2024_11-11-40_p0017_s195_b3,2024-02-22 11:11:40,195,CATARRO COLA NENHUM,1370,4900
16-04-2024_15-53-19_p0016_s194_b3,2024-04-16 15:53:19,194,TOSSE SECO,1550,5160
07-05-2024_14-37-53_p0027_s273_b4,2024-05-07 14:37:53,273,UM LATA UMA-VEZ SEMANA,2910,6290
29-04-2024_16-36-30_p0024_s18_b1,2024-04-29 16:36:30,18,DIFÍCIL RESPIRAR,2200,8110
08-04-2024_16-35-59_p0021_s11_b1,2024-04-08 16:35:59,11,DOR GARGANTA,2860,5990
26-08-2024_15-44-40_p0019_s66_b1,2024-08-26 15:44:40,66,VAGINA VERMELHO SANGRAR,4050,8430
21-02-2024_15-28-23_p0016_s113_b2,2024-02-21 15:28:23,113,DOR PONTADA,1580,6070
25-03-2024_15-56-16_p0020_s270_b4,2024-03-25 15:56:16,270,G-I-N,1880,3020
02-05-2024_15-51-58_p0026_s225_b4,2024-05-02 15:51:58,225,ARRITMIA,1420,6560
18-03-2024_11-21-46_p0013_s232_b4,2024-03-18 11:21:46,232,ANSIEDADE,1800,7400
18-06-2024_16-41-12_p0028_s256_b4,2024-06-18 16:41:12,256,ALERGIA AMENDOIM,1670,5710
28-06-2024_15-18-37_p0035_s231_b4,2024-06-28 15:18:37,231,DEPRESSÃO,1970,5130
30-01-2024_11-04-44_p11,2024-01-30 11:04:44,11,DOR GARGANTA,1320,6100
24-04-2024_15-59-09_p0027,2024-04-24 15:59:09,P15.2,TOSSE COMO,4210,7410
18-03-2024_11-35-30_p0013_s262_b4,2024-03-18 11:35:30,262,DOIS ANO,1150,4160
24-07-2024_14-07-53_p0041_s2_b1,2024-07-24 14:07:53,2,CONFUSÃO,2210,5930
05-03-2024_10-34-55_p0014_s41_b1,2024-03-05 10:34:55,41,GATO MORDER,1900,4740
02-04-2024_15-52-17_p0021_s204_b3,2024-04-02 15:52:17,204,DOIS VACINA,2040,5900
16-07-2024_16-56-07_p0039_s274_b4,2024-07-16 16:56:07,274,DOIS LATAS DUAS-VEZES SEMANA,3900,9230
16-04-2024_10-33-01_p0025_s231_b4,2024-04-16 10:33:01,231,DEPRESSÃO,1670,4630
11-05-2024_09-50-26_p0034_s181_b3,2024-05-11 09:50:26,181,PESCOÇO DOR ESPALHAR,3380,8570
16-05-2024_14-29-39_p0034_s100_b2,2024-05-16 14:29:39,100,DOR VIRILHA,1910,6300
06-05-2024_16-01-20_p0032_s267_b4,2024-05-06 16:01:20,267,VODCA,3220,6310
21-02-2024_11-54-31_p0013_s63_b1,2024-02-21 11:54:31,63,TIRO FURAR-BARRIGA,2290,4060
26-04-2024_14-45-47_p0028_s32_b1,2024-04-26 14:45:47,32,MANCHAS-PELE VERMELHO,3390,7630
17-07-2024_14-44-41_p0041_s155_b2,2024-07-17 14:44:41,155,PARAR,2870,5110
05-06-2024_15-41-27_p0037_s279_b4,2024-06-05 15:41:27,279,DUAS-DOSES TOMAR DUAS-VEZES SEMANA,2030,6460
28-06-2024_14-28-26_p0035_s55_b1,2024-06-28 14:28:26,55,VERMELHO NARIZ-SANGRAR GRIPE,1960,6430
29-04-2024_11-39-57_p0029_s116_b2,2024-04-29 11:39:57,116,DOR APERTAR PONTADA,2200,6880
03-05-2024_18-42-14_p0031_s175_b3,2024-05-03 18:42:14,175,DOIS SEMANA,1720,4690
18-04-2024_15-35-21_p0026_s122_b2,2024-04-18 15:35:21,122,TODA-HORA URINAR,1550,5550
16-04-2024_10-51-25_p0025_s263_b4,2024-04-16 10:51:25,263,DEZ ANO,3110,5490
07-05-2024_14-07-58_p0027_s210_b4,2024-05-07 14:07:58,210,MOLE,2270,3760
28-02-2024_16-47-42_p0011_s138_b2,2024-02-28 16:47:42,138,APERTAR,2700,7070
10-05-2024_16-42-28_p0033_s48_b1,2024-05-10 16:42:28,48,XIXI VAZAR,1680,5040
07-03-2024_14-13-16_p0010,2024-03-07 14:13:16,148.17,Q,1790,2480
25-03-2024_16-31-58_p0020_s138_b2,2024-03-25 16:31:58,138,APERTAR,1070,3980
19-07-2024_15-48-20_p0040_sP02_b1,2024-07-19 15:48:20,P2,QUANDO COMEÇAR ENTÃO,3630,7450
28-02-2024_16-17-06_p0011_s98_b2,2024-02-28 16:17:06,98,DOR BEXIGA,1410,6360
11-03-2024_16-19-34_p0020_s241_b3,2024-03-11 16:19:34,241,TRAZER RECEITA REMÉDIO,2770,6850
18-04-2024_10-19-46_p0025_s31_b1,2024-04-18 10:19:46,31,MANCHAS-PELE,1370,5400
03-05-2024_14-02-25_p0027_s88_b2,2024-05-03 14:02:25,88,NÃO,1980,4870
23-04-2024_14-58-22_p0026_s2_b1,2024-04-23 14:58:22,2,CONFUSÃO,2940,4730
22-02-2024_15-38-11_p0014_s180_b3,2024-02-22 15:38:11,180,NUCA DOR ESPALHAR,2290,7230
22-04-2024_09-20-48_p0025,2024-04-22 09:20:48,P11.1,SENTIR DOR DEPOIS SUMIR OUTRA-VEZ SENTIR DOR SUMIR VOLTAR SUMIR,1510,13260
25-03-2024_15-35-23_p0020_s224_b4,2024-03-25 15:35:23,224,INFARTO,2090,3730
20-03-2024_15-06-27_p0015_s174_b3,2024-03-20 15:06:27,174,TRÊS-VEZES DIA,2200,5270
24-04-2024_16-09-21_p0027_s206_b3,2024-04-24 16:09:21,206,QUATRO VACINA,3760,6790
26-08-2024_15-31-07_p0019_s41_b1,2024-08-26 15:31:07,41,GATO MORDER,2490,5040
18-04-2024_15-27-44_p0026_s103_b2,2024-04-18 15:27:44,103,DOR JOELHO-DIREITO JOELHO-ESQUERDO,1550,6630
11-05-2024_10-08-09_p0034_s206_b3,2024-05-11 10:08:09,206,QUATRO VACINA,3780,6000
10-05-2024_09-45-54_p0030_s232_b4,2024-05-10 09:45:54,232,ANSIEDADE,1790,6050
15-05-2024_15-36-55_p0032_s108_b2,2024-05-15 15:36:55,108,DOR LEVE,2310,9370
03-04-2024_15-52-06_p0023_s239_b4,2024-04-03 15:52:06,239,VÍCIO BEBER ÁLCOOL,2420,5550
26-03-2024_15-51-38_p0022_s242_b3,2024-03-26 15:51:38,242,EU USAR REMÉDIO,4250,7010
13-03-2024_15-11-24_p0014_s122_b2,2024-03-13 15:11:24,122,TODA-HORA URINAR,3890,6790
07-05-2024_14-59-40_p0027_s21_b1,2024-05-07 14:59:40,21,EVACUAR-ESPALHAR,1580,5330
23-04-2024_11-14-35_p0024_s210_b4,2024-04-23 11:14:35,210,MOLE,1640,3790
08-04-2024_16-41-25_p0021_s24_b1,2024-04-08 16:41:25,24,VOMITAR,1470,2920
08-04-2024_15-39-49_p0021_s106_b2,2024-04-08 15:39:49,106,DOR PULSAR,1570,4960
17-06-2024_15-17-49_p0019_s126_b2,2024-06-17 15:17:49,126,BEBER ÁLCOOL,2620,6450
24-07-2024_14-22-41_p0041_s38_b1,2024-07-24 14:22:41,38,TENTAR SUICIDAR,2430,6750
11-05-2024_10-09-02_p0034_s207_b3,2024-05-11 10:09:02,207,NÃO VACINAR GRIPE,3190,6500
23-04-2024_15-25-51_p0026_s56_b1,2024-04-23 15:25:51,56,VERMELHO FEZES,2490,4980
19-06-2024_10-27-19_p0036_s74_b1,2024-06-19 10:27:19,74,BEBER,1760,4060
11-05-2024_09-43-32_p0034,2024-05-11 09:43:32,P11.2,SENTIR DOR OUTRAS-VEZES DIVERSAS-VEZES ENTÃO,5660,9800
18-03-2024_11-17-47_p0013_s222_b4,2024-03-18 11:17:47,222,DOR-BARRIGA NENHUM,1790,6580
05-06-2024_15-37-09_p0037_s272_b4,2024-06-05 15:37:09,272,UM LATA TODO-DIA,1550,5190
22-02-2024_11-59-36_p0017_s283_b4,2024-02-22 11:59:36,283,UM COPO UMA-VEZ SEMANA,2230,6390
16-04-2024_15-38-47_p0016,2024-04-16 15:38:47,P11.4,AO-LONGO-DO-TEMPO DOR COMO AUMENTAR O U DIMINUIR,1730,13830
08-06-2024_10-26-54_p0031_s23_b1,2024-06-08 10:26:54,23,TONTURA-ENJOO,1640,3740
03-05-2024_14-18-32_p0027_s137_b2,2024-05-03 14:18:32,137,ESTRESSE,1560,4860
13-03-2024_15-14-10_p0014_s127_b2,2024-03-13 15:14:10,127,COMER COISAS ÓLEO,4570,8120
05-03-2024_10-27-13_p0014_s19_b1,2024-03-05 10:27:13,19,PALPITAÇÃO,2480,5000
21-02-2024_15-44-57_p0016_s125_b2,2024-02-21 15:44:57,125,COMER CATEGORIA ÁCIDO MAIS APIMENTADO,1510,9490
15-05-2024_15-23-31_p0032_s87_b2,2024-05-15 15:23:31,87,SIM,2230,5060
05-06-2024_10-20-49_p0036_s257_b4,2024-06-05 10:20:49,257,ALERGIA REMÉDIO NÃO-TER,2390,7160
17-06-2024_15-07-31_p0019_s112_b2,2024-06-17 15:07:31,112,DOR QUEIMAR,1980,6630
08-05-2024_09-51-39_p0030_s137_b2,2024-05-08 09:51:39,137,ESTRESSE,1920,3700
13-03-2024_15-23-37_p0014,2024-03-13 15:23:37,148.2,B,1640,2850
23-04-2024_11-27-56_p0024_s234_b4,2024-04-23 11:27:56,234,TOSSIR CATARRO VERMELHO,2020,6400
30-01-2024_14-58-15_p12,2024-01-30 14:58:15,148.1,A,2840,4170
18-03-2024_15-21-18_p0020_s28_b1,2024-03-18 15:21:18,28,NARIZ-LADOS FECHAR,980,5260
08-04-2024_16-06-45_p0021,2024-04-08 16:06:45,148.5,E,1860,4110
16-04-2024_10-20-28_p0025_s211_b4,2024-04-16 10:20:28,211,FRAGMENTOS MISTURAR MOLE,1910,6230
17-06-2024_15-14-48_p0019_s121_b2,2024-06-17 15:14:48,121,VER MANCHAS,2000,6140
28-06-2024_14-13-13_p0035_s19_b1,2024-06-28 14:13:13,19,PALPITAÇÃO,2110,3930
06-05-2024_15-09-06_p0032,2024-05-06 15:09:06,P18.1,ENJOAR O U VOMITAR,2570,9360
21-02-2024_15-17-05_p0016_s85_b2,2024-02-21 15:17:05,85,UM SEMANA,830,4020
30-01-2024_14-34-04_p12,2024-01-30 14:34:04,112,DOR QUEIMAR,2290,4700
22-02-2024_14-11-27_p0018_s113_b2,2024-02-22 14:11:27,113,DOR PONTADA,1520,7820
24-07-2024_15-29-44_p0041_s280_b4,2024-07-24 15:29:44,280,TAÇA TOMAR VINHO UMA-VEZ SEMANA,1770,11010
12-06-2024_17-00-18_p0038_s200_b3,2024-06-12 17:00:18,200,CATARRO COLA VERDE,1960,4870
22-02-2024_13-42-56_p0018_s57_b1,2024-02-22 13:42:56,57,TONTEIRA,2240,5500
18-04-2024_10-40-12_p0025_s77_b1,2024-04-18 10:40:12,77,EXERCÍCIO-FÍSICO,1680,5280
29-04-2024_11-37-51_p0029_s110_b2,2024-04-29 11:37:51,110,DOR APERTAR,1570,5450
23-04-2024_11-36-02_p0024_s256_b4,2024-04-23 11:36:02,256,ALERGIA AMENDOIM,1740,6190
08-06-2024_10-40-57_p0031_s59_b1,2024-06-08 10:40:57,59,TRAUMA,1500,3400
03-05-2024_08-46-42_p0030_s49_b1,2024-05-03 08:46:42,49,XIXI POUCO,2010,4240
25-03-2024_16-14-03_p0020_s101_b2,2024-03-25 16:14:03,101,DOR OMBROS,1220,4800
07-05-2024_14-16-30_p0027_s226_b4,2024-05-07 14:16:30,226,PRESSÃO ALTO,2020,4150
18-04-2024_10-14-37_p0025_s18_b1,2024-04-18 10:14:37,18,DIFÍCIL RESPIRAR,2250,7070
17-06-2024_15-06-16_p0019_s111_b2,2024-06-17 15:06:16,111,DOR PESO,2180,6210
24-01-2024_17-03-32_p10,2024-01-24 17:03:32,217,FEZES-LÍQUIDAS BRANCO,3210,6190
07-03-2024_13-42-04_p0010_s87_b2,2024-03-07 13:42:04,87,SIM,1610,3150
26-08-2024_15-34-51_p0019_s49_b1,2024-08-26 15:34:51,49,XIXI POUCO,3100,6510
03-05-2024_19-04-24_p0031_s207_b3,2024-05-03 19:04:24,207,NÃO VACINAR GRIPE,1390,5670
20-02-2024_16-19-06_p0015_s217_b4,2024-02-20 16:19:06,217,FEZES-LÍQUIDAS BRANCO,1780,5370
22-02-2024_13-59-23_p0018_s83_b2,2024-02-22 13:59:23,83,UM-DIA,1200,4440
29-04-2024_11-51-04_p0029_s137_b2,2024-04-29 11:51:04,137,ESTRESSE,1890,5060
19-06-2024_16-31-57_p0023_s34_b1,2024-06-19 16:31:57,34,FEBRE,1670,3810
03-04-2024_16-06-24_p0023_s264_b4,2024-04-03 16:06:24,264,CERVEJA,1690,2860
08-05-2024_09-31-58_p0030_s92_b2,2024-05-08 09:31:58,92,DOR TESTA,1950,4880
08-05-2024_16-18-32_p0033_s202_b3,2024-05-08 16:18:32,202,CATARRO COLA SANGUE PONTOS,2360,6290
12-03-2024_10-38-10_p0021_s253_b4,2024-03-12 10:38:10,253,ALERGIA O V O OVO,2320,5720
24-07-2024_14-08-55_p0041_s5_b1,2024-07-24 14:08:55,5,CABEÇA DOR,1940,6710
11-06-2024_14-11-24_p0035_s111_b2,2024-06-11 14:11:24,111,DOR PESO,2390,7710
13-03-2024_15-35-45_p0014_s156_b2,2024-03-13 15:35:45,156,NÃO-ENTENDER,1640,3660
11-06-2024_14-30-50_p0035,2024-06-11 14:30:50,P8.2,SENTIR DOR DEPOIS DESAPARECER ENTÃO,2850,10260
08-04-2024_16-53-04_p0021_s59_b1,2024-04-08 16:53:04,59,TRAUMA,1560,3390
05-06-2024_10-04-51_p0036_s230_b4,2024-06-05 10:04:51,230,DEPRESSÃO,2640,6160
24-05-2024_18-33-25_p0031_s87_b2,2024-05-24 18:33:25,87,SIM,2470,3710
12-03-2024_10-40-11_p0021_s258_b4,2024-03-12 10:40:11,258,ALERGIA NENHUM,2750,5140
11-06-2024_14-07-53_p0035_s105_b2,2024-06-11 14:07:53,105,DOR TESTÍCULOS,1940,6670
07-03-2024_14-03-35_p0010_s137_b2,2024-03-07 14:03:35,137,ESTRESSE,1030,2670
05-03-2024_10-24-35_p0014_s11_b1,2024-03-05 10:24:35,11,DOR GARGANTA,1400,6560
30-01-2024_11-18-36_p11,2024-01-30 11:18:36,57,TONTEIRA,920,6650
07-03-2024_13-54-13_p0010,2024-03-07 13:54:13,P6.5,DOR IGUAL FINCADA,1410,4230
11-06-2024_14-35-13_p0035,2024-06-11 14:35:13,148.4,D,980,3640
24-05-2024_18-47-50_p0031_s118_b2,2024-05-24 18:47:50,118,OLHOS-LACRIMEJAR,1800,5130
26-03-2024_15-01-04_p0022_s158_b3,2024-03-26 15:01:04,158,SUBIR-MORRO FÍSICO PIOR,2410,7610
29-04-2024_17-03-43_p0024_s72_b1,2024-04-29 17:03:43,72,2-MÊS,2130,4970
24-01-2024_17-10-01_p10,2024-01-24 17:10:01,226,PRESSÃO ALTO,3770,6500
13-03-2024_14-52-58_p0014_s89_b2,2024-03-13 14:52:58,89,DOR LADO-CABEÇA,2710,6040
08-05-2024_09-59-33_p0030,2024-05-08 09:59:33,148.12,L,2070,3170
12-03-2024_10-52-17_p0021_s279_b4,2024-03-12 10:52:17,279,DUAS-DOSES TOMAR DUAS-VEZES SEMANA,2170,6410
26-04-2024_15-08-42_p0028_s72_b1,2024-04-26 15:08:42,72,2-MÊS,2000,5430
19-06-2024_16-36-42_p0023_s45_b1,2024-06-19 16:36:42,45,PROBLEMA OLHOS,1960,4570
16-07-2024_16-43-44_p0039,2024-07-16 16:43:44,P22.3,QUAL MEDICAMENTO,3660,7080
22-02-2024_15-42-38_p0014_s190_b3,2024-02-22 15:42:38,190,SIM APERTAR-BRAÇO DOER,3830,7730
11-06-2024_14-34-11_p0035,2024-06-11 14:34:11,148.2,B,1470,3850
28-02-2024_17-05-10_p0011_s156_b2,2024-02-28 17:05:10,156,NÃO-ENTENDER,2090,5750
13-03-2024_15-23-06_p0014,2024-03-13 15:23:06,148.1,A,2130,3790
27-03-2024_15-38-37_p0015,2024-03-27 15:38:37,148.15,O,1140,3870
27-05-2024_15-42-35_p0032_s181_b3,2024-05-27 15:42:35,181,PESCOÇO DOR ESPALHAR,1720,8850
12-03-2024_14-22-56_p0022_s17_b1,2024-03-12 14:22:56,17,CHIAR,3150,8210
16-05-2024_14-18-43_p0034_sP04_b2,2024-05-16 14:18:43,P4,TEMPO QUAL HORAS-DURAÇÃO TEMPO,6020,10090
20-05-2024_15-13-58_p0023_s85_b2,2024-05-20 15:13:58,85,UM SEMANA,1320,3850
07-05-2024_14-55-31_p0027_s9_b1,2024-05-07 14:55:31,9,DOR LOMBAR,1800,6480
08-04-2024_16-57-53_p0021_s67_b1,2024-04-08 16:57:53,67,VOMITAR TER VERMELHO,1530,4590
20-02-2024_16-18-34_p0015_s215_b4,2024-02-20 16:18:34,215,FEZES-LÍQUIDAS BORBULHAR,1390,4970
15-05-2024_15-14-56_p0032_s84_b2,2024-05-15 15:14:56,84,TRÊS-DIAS,3420,6680
22-04-2024_09-20-06_p0025,2024-04-22 09:20:06,170.9,9,1260,3630
22-02-2024_14-20-42_p0018_s122_b2,2024-02-22 14:20:42,122,TODA-HORA URINAR,2220,6570
13-03-2024_14-50-45_p0014_s87_b2,2024-03-13 14:50:45,87,SIM,2040,3200
19-06-2024_16-47-09_p0023_s68_b1,2024-06-19 16:47:09,68,15 MINUTO,2470,4830
10-05-2024_09-54-21_p0030_s255_b4,2024-05-10 09:54:21,255,ALERGIA CATEGORIA T R I G O FARINHA,2240,8840
28-06-2024_15-39-31_p0035_s262_b4,2024-06-28 15:39:31,262,DOIS ANO,1240,4760
18-04-2024_10-31-18_p0025_s59_b1,2024-04-18 10:31:18,59,TRAUMA,2760,6430
08-06-2024_10-20-08_p0031_s4_b1,2024-06-08 10:20:08,4,CONVULSÃO ENROLAR-LÍNGUA,1860,3830
31-01-2024_14-59-28_p13,2024-01-31 14:59:28,182,QUEIXO DOR ESPALHAR,1630,6310
11-06-2024_13-54-19_p0035_s86_b2,2024-06-11 13:54:19,86,UM MÊS,2740,5330
29-04-2024_11-48-26_p0029_s129_b2,2024-04-29 11:48:26,129,LOCAIS LUZ-FORTE,1340,5600
07-03-2024_14-10-04_p0010,2024-03-07 14:10:04,148.2,B,1500,2500
02-05-2024_14-56-06_p0026,2024-05-02 14:56:06,170.8,8,2270,4850
30-04-2024_13-51-08_p0024,2024-04-30 13:51:08,148.26,Z,3490,4870
05-06-2024_10-38-19_p0036_s281_b4,2024-06-05 10:38:19,281,TAÇA TOMAR VINHO TODO-DIA,2320,12340
03-04-2024_15-49-20_p0023_s232_b4,2024-04-03 15:49:20,232,ANSIEDADE,2270,5670
22-04-2024_09-07-45_p0025_s158_b3,2024-04-22 09:07:45,158,SUBIR-MORRO FÍSICO PIOR,1810,7780
18-06-2024_16-08-27_p0028_s210_b4,2024-06-18 16:08:27,210,MOLE,2070,5080
12-03-2024_14-31-31_p0022_s40_b1,2024-03-12 14:31:31,40,CACHORRO MORDER,3140,6290
18-03-2024_11-13-57_p0013_s218_b4,2024-03-18 11:13:57,218,FEZES-LÍQUIDAS ESCURO,2460,7120
17-07-2024_14-30-03_p0041_s120_b2,2024-07-17 14:30:03,120,VER DOBRADO,2990,6170
12-03-2024_10-26-12_p0021_s232_b4,2024-03-12 10:26:12,232,ANSIEDADE,2160,6750
22-02-2024_15-46-13_p0014,2024-02-22 15:46:13,P15.3,CATARRO TER O U TER-NÃO,2100,5880
28-06-2024_15-39-10_p0035_s261_b4,2024-06-28 15:39:10,261,UM ANO,3980,6700
07-03-2024_13-45-50_p0010_s95_b2,2024-03-07 13:45:50,95,DOR OLHOS,1980,3670
22-02-2024_14-33-03_p0018,2024-02-22 14:33:03,148.10,J,990,3730
27-03-2024_16-10-00_p0015_s30_b1,2024-03-27 16:10:00,30,FERIR PELE,1400,4650
09-05-2024_14-33-24_p0033_s113_b2,2024-05-09 14:33:24,113,DOR PONTADA,2720,6310
05-06-2024_15-35-16_p0037_s268_b4,2024-06-05 15:35:16,268,UÍSQUE,1350,4170
19-03-2024_15-46-11_p0022,2024-03-19 15:46:11,148.21,U,1780,4430
25-03-2024_16-38-15_p0020,2024-03-25 16:38:15,148.8,H,1080,4700
22-02-2024_11-10-35_p0017,2024-02-22 11:10:35,P15.2,TOSSE COMO,2440,5050
19-07-2024_15-35-26_p0040_s45_b1,2024-07-19 15:35:26,45,PROBLEMA OLHOS,3690,6120
03-04-2024_15-35-36_p0023_s219_b4,2024-04-03 15:35:36,219,FEZES-LÍQUIDAS RESTOS COMIDA,2980,6360
27-03-2024_15-43-56_p0015_s153_b2,2024-03-27 15:43:56,153,REPETIR POR-FAVOR,1530,4960
26-04-2024_14-57-44_p0028_s51_b1,2024-04-26 14:57:44,51,XIXI ESCURO,4780,8850
12-06-2024_10-29-49_p0036,2024-06-12 10:29:49,148.23,W,3010,5440
11-06-2024_14-39-05_p0035,2024-06-11 14:39:05,148.15,O,1960,4640
22-02-2024_14-05-53_p0018_s96_b2,2024-02-22 14:05:53,96,DOR MEIO-BARRIGA,1070,6810
19-03-2024_15-01-56_p0022_s96_b2,2024-03-19 15:01:56,96,DOR MEIO-BARRIGA,3200,7670
18-04-2024_10-23-15_p0025_s40_b1,2024-04-18 10:23:15,40,CACHORRO MORDER,2150,5340
20-05-2024_11-37-53_p0034_s40_b1,2024-05-20 11:37:53,40,CACHORRO MORDER,2490,6170
31-01-2024_14-52-08_p13,2024-01-31 14:52:08,170.10,10,1750,3480
30-01-2024_11-18-22_p11,2024-01-30 11:18:22,56,VERMELHO FEZES,940,4980
08-05-2024_15-31-53_p0033,2024-05-08 15:31:53,170.7,7,2880,4320
06-05-2024_16-08-00_p0032_s277_b4,2024-05-06 16:08:00,277,DOIS GARRAFAS DUAS-VEZES SEMANA,3270,9600
11-05-2024_09-28-41_p0034_s163_b3,2024-05-11 09:28:41,163,TOMAR-BANHO CORPO PIOR NÃO,4880,9650
29-04-2024_12-01-37_p0029,2024-04-29 12:01:37,148.20,T,1890,3720
30-01-2024_15-01-37_p12,2024-01-30 15:01:37,148.6,F,3060,4450
11-03-2024_15-39-17_p0020,2024-03-11 15:39:17,170.6,6,1680,2980
11-06-2024_14-06-53_p0035_s103_b2,2024-06-11 14:06:53,103,DOR JOELHO-DIREITO JOELHO-ESQUERDO,2070,8970
12-06-2024_10-30-46_p0036,2024-06-12 10:30:46,148.25,Y,1490,3700
30-01-2024_14-38-47_p12,2024-01-30 14:38:47,P6.3,DOR IGUAL PESO,2270,5610
22-02-2024_15-38-31_p0014_s181_b3,2024-02-22 15:38:31,181,PESCOÇO DOR ESPALHAR,2950,8020
08-06-2024_10-50-52_p0031_s76_b1,2024-06-08 10:50:52,76,LIMPAR CASA,1500,3500
21-02-2024_15-56-40_p0016_s146_b2,2024-02-21 15:56:40,146,REMÉDIO,1280,4240
07-05-2024_14-25-05_p0027_s253_b4,2024-05-07 14:25:05,253,ALERGIA O V O OVO,1920,5120
28-02-2024_17-02-25_p0011_s150_b2,2024-02-28 17:02:25,150,ENTENDER,1780,5320
08-05-2024_15-20-47_p0033,2024-05-08 15:20:47,P9.6,SUBIR-ESCADA FÍSICO PIOR,6800,10870
12-03-2024_10-34-11_p0021_s245_b4,2024-03-12 10:34:11,245,ÁCARO ALERGIA,4000,8020
20-05-2024_11-23-55_p0034_s10_b1,2024-05-20 11:23:55,10,DOR BARRIGA,3070,6480
18-03-2024_15-27-43_p0020_s31_b1,2024-03-18 15:27:43,31,MANCHAS-PELE,1110,5860
16-05-2024_14-25-55_p0034_s92_b2,2024-05-16 14:25:55,92,DOR TESTA,2820,6330
16-05-2024_14-58-36_p0034_s138_b2,2024-05-16 14:58:36,138,APERTAR,4050,6090
02-04-2024_15-16-31_p0021,2024-04-02 15:16:31,170.1,1,4120,6460
18-06-2024_15-29-20_p0028_s142_b2,2024-06-18 15:29:20,142,MOVIMENTAR-CORPO DOR PIORAR,1860,5790
26-04-2024_14-34-12_p0028_s9_b1,2024-04-26 14:34:12,9,DOR LOMBAR,1610,5700
02-05-2024_15-19-34_p0026_s200_b3,2024-05-02 15:19:34,200,CATARRO COLA VERDE,1740,6340
15-05-2024_16-43-04_p0032,2024-05-15 16:43:04,148.8,H,1670,5520
02-05-2024_16-06-41_p0026_s262_b4,2024-05-02 16:06:41,262,DOIS ANO,1370,4110
18-04-2024_10-26-41_p0025_s48_b1,2024-04-18 10:26:41,48,XIXI VAZAR,1760,5810
12-03-2024_10-53-37_p0021_s282_b4,2024-03-12 10:53:37,282,UM COPO CHEIO TODO-DIA,2570,7210
20-05-2024_12-11-13_p0034_s228_b4,2024-05-20 12:11:13,228,AIDS,2150,4540
26-02-2024_16-20-36_p0019_s280_b4,2024-02-26 16:20:36,280,TAÇA TOMAR VINHO UMA-VEZ SEMANA,1750,11310
08-04-2024_16-08-41_p0021,2024-04-08 16:08:41,148.11,K,1690,3670
12-03-2024_14-16-28_p0022_s6_b1,2024-03-12 14:16:28,6,DOR PESCOÇO,3800,7560
05-06-2024_15-11-41_p0037_s225_b4,2024-06-05 15:11:41,225,ARRITMIA,1300,6020
11-06-2024_14-39-27_p0035,2024-06-11 14:39:27,148.16,P,1630,4410
28-02-2024_16-55-58_p0011,2024-02-28 16:55:58,148.10,J,1770,4730
07-05-2024_14-29-33_p0027,2024-05-07 14:29:33,P23.1,VOCÊ FUMAR,2470,4480
28-02-2024_16-37-22_p0011_s122_b2,2024-02-28 16:37:22,122,TODA-HORA URINAR,2660,7440
31-01-2024_15-10-43_p13,2024-01-31 15:10:43,204,DOIS VACINA,1130,4840
10-05-2024_16-35-35_p0033_s31_b1,2024-05-10 16:35:35,31,MANCHAS-PELE,1890,4530
26-02-2024_15-54-32_p0019_s247_b4,2024-02-26 15:54:32,247,ALERGIA FLOR PÓLEN,3230,8940
09-05-2024_14-12-48_p0033_s83_b2,2024-05-09 14:12:48,83,UM-DIA,2400,4910
05-06-2024_15-30-58_p0037_s263_b4,2024-06-05 15:30:58,263,DEZ ANO,1770,5250
07-05-2024_14-56-30_p0027_s12_b1,2024-05-07 14:56:30,12,DOR BRAÇO,1360,5480
16-04-2024_10-58-46_p0025_s276_b4,2024-04-16 10:58:46,276,GARRAFA UMA-VEZ SEMANA,2030,5040
19-07-2024_14-37-59_p0040_s151_b2,2024-07-19 14:37:59,151,OBRIGADO,3560,5890
08-05-2024_10-04-38_p0030_s153_b2,2024-05-08 10:04:38,153,REPETIR POR-FAVOR,1740,4220
26-03-2024_16-26-56_p0022_s257_b4,2024-03-26 16:26:56,257,ALERGIA REMÉDIO NÃO-TER,2270,5520
08-04-2024_15-41-49_p0021_s111_b2,2024-04-08 15:41:49,111,DOR PESO,2480,6280
11-05-2024_10-09-53_p0034_s208_b3,2024-05-11 10:09:53,208,NÃO TRAZER CARTÃO-DE-VACINA NENHUM,2870,7000
12-03-2024_10-15-55_p0021_s210_b4,2024-03-12 10:15:55,210,MOLE,2620,4890
18-03-2024_11-36-37_p0013,2024-03-18 11:36:37,P24.1,BEBIDA ÁLCOOL VOCÊ BEBER VOCÊ,1830,6820
21-02-2024_11-33-16_p0013_s15_b1,2024-02-21 11:33:16,15,DOR PÉ P E,2920,5820
18-04-2024_10-25-50_p0025_s46_b1,2024-04-18 10:25:50,46,PROBLEMA OUVIDOS,1340,4890
17-06-2024_15-34-28_p0019,2024-06-17 15:34:28,148.12,L,1910,4880
19-06-2024_10-21-55_p0036_s66_b1,2024-06-19 10:21:55,66,VAGINA VERMELHO SANGRAR,5920,10950
23-05-2024_15-22-20_p0035_s207_b3,2024-05-23 15:22:20,207,NÃO VACINAR GRIPE,1980,5670
21-02-2024_16-04-03_p0016,2024-02-21 16:04:03,148.7,G,1130,3700
28-06-2024_15-44-05_p0035,2024-06-28 15:44:05,P24.3,QUANTOS BEBIDA,1290,4530
15-05-2024_15-26-34_p0032_s92_b2,2024-05-15 15:26:34,92,DOR TESTA,2160,7320
29-04-2024_16-44-39_p0024_s32_b1,2024-04-29 16:44:39,32,MANCHAS-PELE VERMELHO,2130,7580
02-04-2024_15-50-03_p0021_sP16_b3,2024-04-02 15:50:03,P16,S I CORIZA NENHUM COMO TER SENTIR DOR URINAR,1800,10360
15-05-2024_15-53-20_p0032_s120_b2,2024-05-15 15:53:20,120,VER DOBRADO,2860,9340
13-03-2024_15-29-14_p0014,2024-03-13 15:29:14,148.21,U,1620,3040
13-03-2024_15-29-43_p0014,2024-03-13 15:29:43,148.23,W,1310,2980
16-04-2024_15-37-47_p0016_s176_b3,2024-04-16 15:37:47,176,TRÊS-MESES,1630,4900
18-04-2024_15-45-34_p0026,2024-04-18 15:45:34,148.1,A,2590,5180
29-04-2024_15-39-57_p0024_s175_b3,2024-04-29 15:39:57,175,DOIS SEMANA,3440,5880
27-05-2024_16-57-55_p0032_s64_b1,2024-05-27 16:57:55,64,QUASE CABEÇA-SAIR NASCER,2070,6680
22-02-2024_13-44-55_p0018_s61_b1,2024-02-22 13:44:55,61,PELE QUEIMAR,2550,5980
19-06-2024_16-46-21_p0023_s67_b1,2024-06-19 16:46:21,67,VOMITAR TER VERMELHO,2030,5280
10-05-2024_08-49-18_p0030_s181_b3,2024-05-10 08:49:18,181,PESCOÇO DOR ESPALHAR,2670,6260
29-04-2024_11-35-51_p0029_s105_b2,2024-04-29 11:35:51,105,DOR TESTÍCULOS,1780,6010
20-03-2024_14-48-11_p0015_s158_b3,2024-03-20 14:48:11,158,SUBIR-MORRO FÍSICO PIOR,5020,10000
26-08-2024_15-24-33_p0019_s26_b1,2024-08-26 15:24:33,26,TOSSIR,1830,4320
22-02-2024_14-13-52_p0018,2024-02-22 14:13:52,P6.5,DOR IGUAL FINCADA,1550,8450
18-04-2024_10-41-13_p0025_s80_b1,2024-04-18 10:41:13,80,SENTADO EM-PÉ,2110,6620
22-02-2024_15-22-30_p0014_s163_b3,2024-02-22 15:22:30,163,TOMAR-BANHO CORPO PIOR NÃO,4610,8840
26-04-2024_14-35-19_p0028_s11_b1,2024-04-26 14:35:19,11,DOR GARGANTA,2720,7250
20-02-2024_16-40-03_p0015_s239_b4,2024-02-20 16:40:03,239,VÍCIO BEBER ÁLCOOL,1320,7690
05-06-2024_15-38-00_p0037_s274_b4,2024-06-05 15:38:00,274,DOIS LATAS DUAS-VEZES SEMANA,1710,6330
13-03-2024_15-59-22_p0014_s245_b4,2024-03-13 15:59:22,245,ÁCARO ALERGIA,3210,7170
27-05-2024_16-54-36_p0032_s56_b1,2024-05-27 16:54:36,56,VERMELHO FEZES,2310,5680
13-03-2024_15-07-19_p0014,2024-03-13 15:07:19,P6.6,DOR IGUAL SENTIR CHOQUE,2630,7450
02-05-2024_14-57-16_p0026,2024-05-02 14:57:16,P11.1,SENTIR DOR DEPOIS SUMIR OUTRA-VEZ SENTIR DOR SUMIR VOLTAR SUMIR,2650,14070
29-04-2024_12-04-05_p0029_s151_b2,2024-04-29 12:04:05,151,OBRIGADO,1900,4280
07-05-2024_15-09-29_p0027_s51_b1,2024-05-07 15:09:29,51,XIXI ESCURO,1620,5440
21-02-2024_15-56-26_p0016_s145_b2,2024-02-21 15:56:26,145,ÁGUA QUENTE COLOCAR-BRAÇO,1310,6070
16-07-2024_16-20-24_p0039_s219_b4,2024-07-16 16:20:24,219,FEZES-LÍQUIDAS RESTOS COMIDA,2370,6790
02-05-2024_15-48-05_p0026_s219_b4,2024-05-02 15:48:05,219,FEZES-LÍQUIDAS RESTOS COMIDA,1430,4470
05-03-2024_10-23-44_p0014_s8_b1,2024-03-05 10:23:44,8,DOR COSTAS,2130,5170
16-04-2024_10-24-56_p0025_s219_b4,2024-04-16 10:24:56,219,FEZES-LÍQUIDAS RESTOS COMIDA,1340,4370
13-05-2024_15-51-22_p0028,2024-05-13 15:51:22,170.1,1,1110,3230
20-05-2024_16-06-02_p0023,2024-05-20 16:06:02,148.14,N,1340,3250
27-03-2024_15-37-14_p0015,2024-03-27 15:37:14,148.10,J,1470,4500
03-04-2024_15-40-57_p0023_s223_b4,2024-04-03 15:40:57,223,DIABETES,3350,4080
18-04-2024_10-17-36_p0025_s25_b1,2024-04-18 10:17:36,25,FEZES ESCURO,2400,6430
26-02-2024_15-46-39_p0019_s234_b4,2024-02-26 15:46:39,234,TOSSIR CATARRO VERMELHO,3720,8040
08-05-2024_15-51-42_p0033_s183_b3,2024-05-08 15:51:42,183,DOR ESPALHAR OMBRO,2710,7220
05-06-2024_15-09-32_p0037_s222_b4,2024-06-05 15:09:32,222,DOR-BARRIGA NENHUM,1780,5350
20-05-2024_15-37-18_p0023,2024-05-20 15:37:18,P6.4,DOR IGUAL QUEIMAR,1300,6820
06-05-2024_15-30-14_p0032_s231_b4,2024-05-06 15:30:14,231,DEPRESSÃO,3120,6490
08-04-2024_17-03-10_p0021_s79_b1,2024-04-08 17:03:10,79,SENTADO,1400,3050
11-06-2024_14-16-20_p0035,2024-06-11 14:16:20,P6.5,DOR IGUAL FINCADA,1880,7310
18-06-2024_15-07-18_p0028_s112_b2,2024-06-18 15:07:18,112,DOR QUEIMAR,2470,6140
16-04-2024_10-35-06_p0025_s234_b4,2024-04-16 10:35:06,234,TOSSIR CATARRO VERMELHO,1660,4660
03-05-2024_14-28-58_p0027_s149_b2,2024-05-03 14:28:58,149,DEVAGAR,1440,4250
20-05-2024_12-33-44_p0034_s271_b4,2024-05-20 12:33:44,271,CHAMPANHE,2500,5370
05-03-2024_10-46-10_p0014_s74_b1,2024-03-05 10:46:10,74,BEBER,1440,4740
06-05-2024_15-37-58_p0032_s248_b4,2024-05-06 15:37:58,248,ALERGIA CACHORRO,2150,6370
27-03-2024_15-44-33_p0015_s155_b2,2024-03-27 15:44:33,155,PARAR,1720,4710
22-02-2024_14-34-54_p0018,2024-02-22 14:34:54,148.18,R,900,4550
07-05-2024_14-09-53_p0027_s214_b4,2024-05-07 14:09:53,214,FEZES-LÍQUIDAS BRILHANTE,2250,5090
28-06-2024_14-12-43_p0035_s18_b1,2024-06-28 14:12:43,18,DIFÍCIL RESPIRAR,2020,6240
29-04-2024_17-06-12_p0024_s78_b1,2024-04-29 17:06:12,78,CALADO DEITADO,1990,5870
23-05-2024_15-01-14_p0035_s175_b3,2024-05-23 15:01:14,175,DOIS SEMANA,3730,5350
10-05-2024_08-41-10_p0030_s172_b3,2024-05-10 08:41:10,172,VÁRIAS-VEZES,2690,4590
08-05-2024_09-40-40_p0030_s110_b2,2024-05-08 09:40:40,110,DOR APERTAR,2350,5030
28-06-2024_15-28-03_p0035_s252_b4,2024-06-28 15:28:03,252,ALERGIA LEITE,1490,5830
03-05-2024_08-33-00_p0030_s17_b1,2024-05-03 08:33:00,17,CHIAR,2300,4390
03-05-2024_14-13-34_p0027_s119_b2,2024-05-03 14:13:34,119,SENTIR MAL,1510,4810
29-04-2024_16-27-39_p0024_s8_b1,2024-04-29 16:27:39,8,DOR COSTAS,1770,6230
23-04-2024_11-27-16_p0024_s232_b4,2024-04-23 11:27:16,232,ANSIEDADE,1630,6650
28-02-2024_16-13-35_p0011_s91_b2,2024-02-28 16:13:35,91,DOR LADO-CABEÇA LADO-CABEÇA,1730,10660
24-07-2024_14-32-49_p0041_s64_b1,2024-07-24 14:32:49,64,QUASE CABEÇA-SAIR NASCER,4740,9390
07-03-2024_13-40-17_p0010_s83_b2,2024-03-07 13:40:17,83,UM-DIA,2320,3760
23-04-2024_15-19-48_p0026_s40_b1,2024-04-23 15:19:48,40,CACHORRO MORDER,2080,4390
20-03-2024_14-53-35_p0015_s163_b3,2024-03-20 14:53:35,163,TOMAR-BANHO CORPO PIOR NÃO,5080,10020
12-03-2024_10-49-46_p0021,2024-03-12 10:49:46,P24.3,QUANTOS BEBIDA,3020,5720
11-06-2024_14-11-02_p0035_s110_b2,2024-06-11 14:11:02,110,DOR APERTAR,1720,6050
09-05-2024_15-17-21_p0033_s153_b2,2024-05-09 15:17:21,153,REPETIR POR-FAVOR,1980,5060
29-04-2024_11-28-10_p0029_s87_b2,2024-04-29 11:28:10,87,SIM,2510,4110
19-03-2024_14-57-46_p0022,2024-03-19 14:57:46,P6.1,ONDE DOR,3620,7070
18-06-2024_15-31-46_p0028_s145_b2,2024-06-18 15:31:46,145,ÁGUA QUENTE COLOCAR-BRAÇO,2140,6060
02-04-2024_15-58-33_p0021_s242_b3,2024-04-02 15:58:33,242,EU USAR REMÉDIO,1550,5120
27-03-2024_15-33-54_p0015_s147_b2,2024-03-27 15:33:54,147,JEJUM,1560,4520
16-05-2024_14-49-06_p0034,2024-05-16 14:49:06,P8.1,S I FAZER COISAS SENTIR DOR PIORAR,3480,10400
18-06-2024_15-40-41_p0028,2024-06-18 15:40:41,148.20,T,2060,3340
16-04-2024_16-01-18_p0016_s207_b3,2024-04-16 16:01:18,207,NÃO VACINAR GRIPE,1440,5100
28-02-2024_16-54-45_p0011,2024-02-28 16:54:45,148.6,F,1700,5820
05-06-2024_15-17-48_p0037_s240_b4,2024-06-05 15:17:48,240,VÍCIO FUMAR,1810,5710
11-05-2024_10-07-24_p0034_s204_b3,2024-05-11 10:07:24,204,DOIS VACINA,4170,7270
08-05-2024_15-46-13_p0033_sP12_b3,2024-05-08 15:46:13,P12,DOR EXEMPLO AQUI LUGAR MESMO O U ESPALHAR AQUI LUGARES ENTÃO,3800,13980
26-03-2024_16-31-26_p0022_s264_b4,2024-03-26 16:31:26,264,CERVEJA,1570,4530
28-06-2024_14-34-42_p0035_sP02_b1,2024-06-28 14:34:42,P2,QUANDO COMEÇAR ENTÃO,1900,4810
10-05-2024_09-42-17_p0030_s223_b4,2024-05-10 09:42:17,223,DIABETES,1970,4740
26-03-2024_16-15-12_p0022_s230_b4,2024-03-26 16:15:12,230,DEPRESSÃO,2460,4800
18-04-2024_10-25-26_p0025_s45_b1,2024-04-18 10:25:26,45,PROBLEMA OLHOS,1870,6450
15-05-2024_16-05-59_p0032_s133_b2,2024-05-15 16:05:59,133,MASTIGAR,3350,8260
10-05-2024_15-21-50_p0033_s230_b4,2024-05-10 15:21:50,230,DEPRESSÃO,2310,3540
03-05-2024_19-02-11_p0031,2024-05-03 19:02:11,P17.1,VOCÊ JÁ VACINAR COVID-19,1680,6550
24-07-2024_14-16-56_p0041_s26_b1,2024-07-24 14:16:56,26,TOSSIR,2080,4790
27-03-2024_16-32-33_p0015_s79_b1,2024-03-27 16:32:33,79,SENTADO,2010,5570
19-06-2024_16-44-38_p0023_s64_b1,2024-06-19 16:44:38,64,QUASE CABEÇA-SAIR NASCER,3940,7760
24-05-2024_18-38-55_p0031_s101_b2,2024-05-24 18:38:55,101,DOR OMBROS,1900,4810
08-04-2024_16-51-19_p0021_s54_b1,2024-04-08 16:51:19,54,VERMELHO SANGRAR-BOCA,3360,6150
03-05-2024_19-04-44_p0031,2024-05-03 19:04:44,P17.4,VOCÊ TRAZER CARTÃO-DE-VACINA,1630,6460
26-04-2024_14-42-03_p0028_s27_b1,2024-04-26 14:42:03,27,CATARRO GRIPE,1310,5560
26-08-2024_15-51-19_p0019_s81_b1,2024-08-26 15:51:19,81,NÃO-LEMBRAR,3780,6300
08-04-2024_15-59-21_p0021_s143_b2,2024-04-08 15:59:21,143,DEITAR,1960,4760
30-01-2024_14-31-51_p12,2024-01-30 14:31:51,105,DOR TESTÍCULOS,2530,5500
03-05-2024_19-03-45_p0031_s206_b3,2024-05-03 19:03:45,206,QUATRO VACINA,1380,4670
16-04-2024_10-22-47_p0025_s215_b4,2024-04-16 10:22:47,215,FEZES-LÍQUIDAS BORBULHAR,1740,4030
08-04-2024_15-31-16_p0021_s94_b2,2024-04-08 15:31:16,94,DOR OUVIDO-DIREITO OUVIDO-ESQUERDO,1640,5860
20-05-2024_16-11-21_p0023_s155_b2,2024-05-20 16:11:21,155,PARAR,1160,3340
07-05-2024_15-10-29_p0027_s54_b1,2024-05-07 15:10:29,54,VERMELHO SANGRAR-BOCA,1400,6130
19-07-2024_15-42-53_p0040_s59_b1,2024-07-19 15:42:53,59,TRAUMA,3540,5930
24-05-2024_18-45-56_p0031,2024-05-24 18:45:56,P6.5,DOR IGUAL FINCADA,2120,6940
08-04-2024_16-38-24_p0021_s18_b1,2024-04-08 16:38:24,18,DIFÍCIL RESPIRAR,1370,5320
23-05-2024_14-55-52_p0035,2024-05-23 14:55:52,170.8,8,1450,3100
27-03-2024_16-08-24_p0015_s25_b1,2024-03-27 16:08:24,25,FEZES ESCURO,1570,4890
22-02-2024_13-19-23_p0018_s4_b1,2024-02-22 13:19:23,4,CONVULSÃO ENROLAR-LÍNGUA,2000,4550
15-05-2024_16-45-24_p0032,2024-05-15 16:45:24,148.14,N,1510,5670
20-03-2024_15-00-07_p0015,2024-03-20 15:00:07,170.0,0,2760,3970
10-05-2024_16-51-58_p0033_s77_b1,2024-05-10 16:51:58,77,EXERCÍCIO-FÍSICO,1410,3720
10-05-2024_09-51-01_p0030_s248_b4,2024-05-10 09:51:01,248,ALERGIA CACHORRO,2290,5740
05-06-2024_09-47-06_p0036_s212_b4,2024-06-05 09:47:06,212,FEZES-LÍQUIDAS,5140,8310
19-06-2024_16-38-20_p0023_s48_b1,2024-06-19 16:38:20,48,XIXI VAZAR,2570,5890
20-05-2024_15-16-10_p0023_s88_b2,2024-05-20 15:16:10,88,NÃO,1410,3670
26-03-2024_16-05-41_p0022_s211_b4,2024-03-26 16:05:41,211,FRAGMENTOS MISTURAR MOLE,2690,6090
28-02-2024_16-24-25_p0011_s108_b2,2024-02-28 16:24:25,108,DOR LEVE,3800,9320
10-05-2024_16-24-00_p0033_s4_b1,2024-05-10 16:24:00,4,CONVULSÃO ENROLAR-LÍNGUA,1540,4550
18-03-2024_11-21-24_p0013_s231_b4,2024-03-18 11:21:24,231,DEPRESSÃO,2400,6110
30-01-2024_11-02-21_p11,2024-01-30 11:02:21,3,MUDAR COMPORTAMENTO,1380,5549
09-05-2024_14-19-24_p0033_s91_b2,2024-05-09 14:19:24,91,DOR LADO-CABEÇA LADO-CABEÇA,3050,8460
23-04-2024_15-03-05_p0026_s8_b1,2024-04-23 15:03:05,8,DOR COSTAS,2180,4430
26-02-2024_15-40-20_p0019_s227_b4,2024-02-26 15:40:20,227,ASMA,1840,6160
20-05-2024_11-53-30_p0034_s70_b1,2024-05-20 11:53:30,70,1-HORA,3320,6260
08-04-2024_15-26-26_p0021,2024-04-08 15:26:26,P6.1,ONDE DOR,1800,4790
03-05-2024_18-39-55_p0031_s173_b3,2024-05-03 18:39:55,173,SEMPRE SEMPRE,1500,5310
10-05-2024_16-33-24_p0033_s26_b1,2024-05-10 16:33:24,26,TOSSIR,1280,3300
16-07-2024_16-27-39_p0039_s223_b4,2024-07-16 16:27:39,223,DIABETES,2280,4430
24-07-2024_14-11-20_p0041_s12_b1,2024-07-24 14:11:20,12,DOR BRAÇO,1190,6900
27-03-2024_15-05-43_p0015_s88_b2,2024-03-27 15:05:43,88,NÃO,2110,3880
30-01-2024_11-23-57_p11,2024-01-30 11:23:57,64,QUASE CABEÇA-SAIR NASCER,1360,7010
24-07-2024_15-26-18_p0041_s272_b4,2024-07-24 15:26:18,272,UM LATA TODO-DIA,1500,5230
19-07-2024_15-43-34_p0040_s60_b1,2024-07-19 15:43:34,60,AGREDIR,3680,7510
18-04-2024_15-47-54_p0026,2024-04-18 15:47:54,148.12,L,1620,3920
26-02-2024_15-57-09_p0019_s252_b4,2024-02-26 15:57:09,252,ALERGIA LEITE,1660,5920
08-05-2024_15-10-59_p0033,2024-05-08 15:10:59,P9.1,PEITO DOR O U FALTAR A R INSPIRAR PIORAR MOMENTO FÍSICO ESFORÇAR,4850,18730
22-02-2024_14-33-24_p0018,2024-02-22 14:33:24,148.11,K,1790,4330
07-05-2024_15-06-37_p0027_s42_b1,2024-05-07 15:06:37,42,COBRA PICAR,1480,5160
06-05-2024_16-10-22_p0032_s281_b4,2024-05-06 16:10:22,281,TAÇA TOMAR VINHO TODO-DIA,2930,10800
19-03-2024_14-58-36_p0022_s90_b2,2024-03-19 14:58:36,90,DOR OUVIDO,1960,5560
22-02-2024_14-11-13_p0018_s112_b2,2024-02-22 14:11:13,112,DOR QUEIMAR,1280,7380
28-02-2024_16-14-38_p0011_s93_b2,2024-02-28 16:14:38,93,DOR NUCA,1310,6490
22-02-2024_14-39-10_p0018_s152_b2,2024-02-22 14:39:10,152,OBRIGADO,1750,4180
29-04-2024_15-16-41_p0024_s159_b3,2024-04-29 15:16:41,159,SUBIR-MORRO CORPO PIOR NÃO,2700,9800
19-06-2024_16-22-05_p0023_s13_b1,2024-06-19 16:22:05,13,DOR PERNA,2100,5900
29-02-2024_14-02-30_p0010_s39_b1,2024-02-29 14:02:30,39,MORDER,1260,3720
25-03-2024_16-31-40_p0020_s137_b2,2024-03-25 16:31:40,137,ESTRESSE,2330,5090
24-05-2024_18-34-27_p0031_s89_b2,2024-05-24 18:34:27,89,DOR LADO-CABEÇA,1620,4930
29-04-2024_15-47-45_p0024_s184_b3,2024-04-29 15:47:45,184,DOR BRAÇO-ESPALHAR,3290,7500
22-02-2024_14-17-39_p0018_s119_b2,2024-02-22 14:17:39,119,SENTIR MAL,980,4380
03-05-2024_18-37-02_p0031,2024-05-03 18:37:02,170.9,9,1420,4660
16-05-2024_14-25-00_p0034_s90_b2,2024-05-16 14:25:00,90,DOR OUVIDO,2600,5190
22-02-2024_14-13-32_p0018,2024-02-22 14:13:32,P6.4,DOR IGUAL QUEIMAR,570,7320
28-02-2024_16-58-21_p0011,2024-02-28 16:58:21,148.18,R,1210,3890
08-04-2024_15-42-59_p0021_s114_b2,2024-04-08 15:42:59,114,DOR CHOQUE,1750,4920
26-02-2024_16-14-46_p0019_s270_b4,2024-02-26 16:14:46,270,G-I-N,1800,3930
19-06-2024_09-52-29_p0036_s9_b1,2024-06-19 09:52:29,9,DOR LOMBAR,2180,6440
20-02-2024_16-13-07_p0015,2024-02-20 16:13:07,P18.1,ENJOAR O U VOMITAR,2290,7970
29-04-2024_15-46-44_p0024_s182_b3,2024-04-29 15:46:44,182,QUEIXO DOR ESPALHAR,3360,7790
18-06-2024_16-55-29_p0028_s274_b4,2024-06-18 16:55:29,274,DOIS LATAS DUAS-VEZES SEMANA,1900,7300
24-05-2024_18-56-58_p0031_s129_b2,2024-05-24 18:56:58,129,LOCAIS LUZ-FORTE,2170,4350
22-02-2024_15-48-31_p0014_s200_b3,2024-02-22 15:48:31,200,CATARRO COLA VERDE,3640,8100
08-04-2024_15-55-00_p0021_s134_b2,2024-04-08 15:55:00,134,MASTIGAR,1030,3630
22-02-2024_10-53-54_p0017,2024-02-22 10:53:54,170.3,3,1580,2750
20-05-2024_11-39-40_p0034_s44_b1,2024-05-20 11:39:40,44,PRESSÃO-ARTERIAL ALTO-BAIXO,2340,7210
19-07-2024_15-45-08_p0040_s63_b1,2024-07-19 15:45:08,63,TIRO FURAR-BARRIGA,4270,6920
05-06-2024_10-39-38_p0036_s283_b4,2024-06-05 10:39:38,283,UM COPO UMA-VEZ SEMANA,2030,9150
27-03-2024_16-09-21_p0015_s28_b1,2024-03-27 16:09:21,28,NARIZ-LADOS FECHAR,2770,5650
07-05-2024_14-34-00_p0027_s266_b4,2024-05-07 14:34:00,266,DOSE ÁLCOOL,2080,4310
16-04-2024_15-31-07_p0016,2024-04-16 15:31:07,170.2,2,1360,3740
03-04-2024_15-56-38_p0023_s251_b4,2024-04-03 15:56:38,251,ALERGIA GRUPO BORRACHA,2240,4990
27-05-2024_17-02-45_p0032_s75_b1,2024-05-27 17:02:45,75,TOSSIR,1500,3900
26-03-2024_15-21-47_p0022_s178_b3,2024-03-26 15:21:47,178,CINCO ANO,2730,6230
03-05-2024_14-29-35_p0027_s152_b2,2024-05-03 14:29:35,152,OBRIGADO,1490,4150
20-05-2024_15-50-39_p0023_s134_b2,2024-05-20 15:50:39,134,MASTIGAR,1230,4270
10-05-2024_16-38-38_p0033_s38_b1,2024-05-10 16:38:38,38,TENTAR SUICIDAR,1330,4520
13-05-2024_16-33-36_p0028_s205_b3,2024-05-13 16:33:36,205,TRÊS VACINA,1180,4090
24-05-2024_19-04-33_p0031,2024-05-24 19:04:33,148.2,B,2420,3990
07-05-2024_14-39-47_p0027_s278_b4,2024-05-07 14:39:47,278,UMA-DOSE TOMAR TODO-DIA,2240,5370
11-06-2024_14-27-01_p0035_s134_b2,2024-06-11 14:27:01,134,MASTIGAR,2390,5630
27-05-2024_15-55-54_p0032,2024-05-27 15:55:54,P15.2,TOSSE COMO,1790,6880
26-04-2024_14-32-02_p0028_s3_b1,2024-04-26 14:32:02,3,MUDAR COMPORTAMENTO,4200,7910
03-05-2024_14-26-30_p0027,2024-05-03 14:26:30,148.17,Q,1530,4450
16-05-2024_14-55-28_p0034_s131_b2,2024-05-16 14:55:28,131,PERÍODO MENSTRUAR,4270,6960
27-03-2024_15-13-15_p0015,2024-03-27 15:13:15,P6.2,COMO DOR,1670,5120
26-03-2024_16-24-59_p0022_s255_b4,2024-03-26 16:24:59,255,ALERGIA CATEGORIA T R I G O FARINHA,2370,8480
30-04-2024_13-43-38_p0024,2024-04-30 13:43:38,148.1,A,2090,2990
11-06-2024_13-59-53_p0035_s93_b2,2024-06-11 13:59:53,93,DOR NUCA,1270,4910
05-03-2024_10-35-54_p0014_s43_b1,2024-03-05 10:35:54,43,ESCORPIÃO PICAR,2420,5440
27-05-2024_16-56-30_p0032_s61_b1,2024-05-27 16:56:30,61,PELE QUEIMAR,1780,5320
02-05-2024_16-06-26_p0026_s261_b4,2024-05-02 16:06:26,261,UM ANO,1390,3750
26-04-2024_15-04-42_p0028_s65_b1,2024-04-26 15:04:42,65,NASCER VIVO,5170,9350
19-03-2024_15-18-29_p0022_s121_b2,2024-03-19 15:18:29,121,VER MANCHAS,5820,9660
26-03-2024_16-31-06_p0022,2024-03-26 16:31:06,P24.2,BEBIDA QUAL,3000,5310
20-03-2024_15-03-27_p0015,2024-03-20 15:03:27,170.9,9,2230,3260
18-03-2024_11-29-45_p0013_s253_b4,2024-03-18 11:29:45,253,ALERGIA O V O OVO,1640,6650
27-05-2024_16-46-28_p0032_s39_b1,2024-05-27 16:46:28,39,MORDER,1160,4270
19-03-2024_15-35-53_p0022_s145_b2,2024-03-19 15:35:53,145,ÁGUA QUENTE COLOCAR-BRAÇO,3670,9110
28-02-2024_16-55-12_p0011,2024-02-28 16:55:12,148.8,H,1370,4880
18-04-2024_10-15-54_p0025_s21_b1,2024-04-18 10:15:54,21,EVACUAR-ESPALHAR,1880,5190
28-06-2024_15-11-02_p0035_s220_b4,2024-06-28 15:11:02,220,TER M U C O COLA,1200,7820
10-05-2024_16-33-10_p0033_s25_b1,2024-05-10 16:33:10,25,FEZES ESCURO,1310,4150
07-05-2024_15-18-34_p0027_s73_b1,2024-05-07 15:18:34,73,COMER,1570,4220
21-02-2024_11-50-37_p0013_s51_b1,2024-02-21 11:50:37,51,XIXI ESCURO,2480,6050
19-06-2024_10-01-50_p0036_s28_b1,2024-06-19 10:01:50,28,NARIZ-LADOS FECHAR,2440,5790
24-07-2024_14-11-43_p0041_s13_b1,2024-07-24 14:11:43,13,DOR PERNA,2850,8180
05-06-2024_10-18-56_p0036_s256_b4,2024-06-05 10:18:56,256,ALERGIA AMENDOIM,2710,7370
22-02-2024_14-09-33_p0018,2024-02-22 14:09:33,P6.2,COMO DOR,1320,6400
25-03-2024_15-58-47_p0020_s277_b4,2024-03-25 15:58:47,277,DOIS GARRAFAS DUAS-VEZES SEMANA,1640,6140
19-07-2024_14-39-56_p0040_s156_b2,2024-07-19 14:39:56,156,NÃO-ENTENDER,3190,5500
18-04-2024_15-24-23_p0026_s92_b2,2024-04-18 15:24:23,92,DOR TESTA,1500,5860
19-03-2024_15-29-26_p0022_s138_b2,2024-03-19 15:29:26,138,APERTAR,4760,7210
23-04-2024_11-45-22_p0024_s268_b4,2024-04-23 11:45:22,268,UÍSQUE,2560,4300
03-04-2024_15-51-17_p0023_s237_b4,2024-04-03 15:51:17,237,RINS FRACO,2510,5510
19-06-2024_16-45-24_p0023_s66_b1,2024-06-19 16:45:24,66,VAGINA VERMELHO SANGRAR,2550,8340
02-05-2024_15-57-25_p0026_s238_b4,2024-05-02 15:57:25,238,SUAR TIREÓIDE DIMINUIR,1380,5340
18-06-2024_15-27-26_p0028_s139_b2,2024-06-18 15:27:26,139,BRAÇO MEXER-BRAÇO,1890,5260
28-06-2024_14-36-36_p0035_s71_b1,2024-06-28 14:36:36,71,2-HORA,1680,3480
01-08-2024_17-03-59_p0042_s242_b3,2024-08-01 17:03:59,242,EU USAR REMÉDIO,2680,5990
19-06-2024_10-18-01_p0036_s61_b1,2024-06-19 10:18:01,61,PELE QUEIMAR,2160,5920
07-05-2024_15-14-54_p0027_s64_b1,2024-05-07 15:14:54,64,QUASE CABEÇA-SAIR NASCER,1740,6700
03-05-2024_14-26-42_p0027,2024-05-03 14:26:42,148.18,R,1270,3890
26-04-2024_15-07-27_p0028_s69_b1,2024-04-26 15:07:27,69,30 MINUTO,4040,8140
26-03-2024_16-38-50_p0022_s282_b4,2024-03-26 16:38:50,282,UM COPO CHEIO TODO-DIA,3510,7850
19-06-2024_16-29-56_p0023_s28_b1,2024-06-19 16:29:56,28,NARIZ-LADOS FECHAR,2750,5390
24-05-2024_19-04-50_p0031,2024-05-24 19:04:50,148.3,C,1480,4000
12-03-2024_14-43-50_p0022_s67_b1,2024-03-12 14:43:50,67,VOMITAR TER VERMELHO,2750,7280
19-03-2024_15-11-03_p0022_s110_b2,2024-03-19 15:11:03,110,DOR APERTAR,2760,6930
08-06-2024_10-21-39_p0031_s8_b1,2024-06-08 10:21:39,8,DOR COSTAS,1790,4270
30-01-2024_14-15-35_p12,2024-01-30 14:15:35,91,DOR LADO-CABEÇA LADO-CABEÇA,2190,5590
18-03-2024_11-31-22_p0013_s256_b4,2024-03-18 11:31:22,256,ALERGIA AMENDOIM,1170,5940
24-05-2024_19-11-08_p0031,2024-05-24 19:11:08,148.18,R,1910,4040
19-03-2024_15-16-52_p0022_s118_b2,2024-03-19 15:16:52,118,OLHOS-LACRIMEJAR,3120,7290
06-05-2024_15-36-07_p0032_s245_b4,2024-05-06 15:36:07,245,ÁCARO ALERGIA,3440,7740
30-04-2024_13-49-11_p0024,2024-04-30 13:49:11,148.20,T,2760,4010
25-03-2024_15-39-00_p0020_s232_b4,2024-03-25 15:39:00,232,ANSIEDADE,1690,4400
11-06-2024_14-29-25_p0035_s140_b2,2024-06-11 14:29:25,140,PERNAS MEXER-PERNAS,2420,7890
02-05-2024_14-55-39_p0026,2024-05-02 14:55:39,170.7,7,1480,4290
12-06-2024_10-30-19_p0036,2024-06-12 10:30:19,148.24,X,1990,4390
17-06-2024_14-53-04_p0019_s89_b2,2024-06-17 14:53:04,89,DOR LADO-CABEÇA,2110,6510
08-05-2024_16-15-02_p0033,2024-05-08 16:15:02,P15.4,CATARRO COLA COR QUAL,2610,6620
22-02-2024_11-56-12_p0017_s273_b4,2024-02-22 11:56:12,273,UM LATA UMA-VEZ SEMANA,2880,6070
23-05-2024_15-11-27_p0035,2024-05-23 15:11:27,P13.2,MOMENTO FICAR-EM-PÉ SENTAR DEITAR DOR PIORAR,2900,10050
12-03-2024_10-16-52_p0021_s214_b4,2024-03-12 10:16:52,214,FEZES-LÍQUIDAS BRILHANTE,2420,5800
02-05-2024_14-55-07_p0026,2024-05-02 14:55:07,170.5,5,1690,3780
21-02-2024_16-07-46_p0016,2024-02-21 16:07:46,148.16,P,1230,4240
13-03-2024_16-02-32_p0014_s251_b4,2024-03-13 16:02:32,251,ALERGIA GRUPO BORRACHA,1690,6300
08-04-2024_15-40-11_p0021_s107_b2,2024-04-08 15:40:11,107,DOR PROFUNDO,1250,4440
01-08-2024_16-02-07_p0042_s162_b3,2024-08-01 16:02:07,162,TOMAR-BANHO CORPO PIOR,2720,8100
19-06-2024_10-23-45_p0036_s68_b1,2024-06-19 10:23:45,68,15 MINUTO,3270,6310
17-06-2024_15-22-58_p0019_s136_b2,2024-06-17 15:22:58,136,ANDAR,1880,6000
30-01-2024_11-25-28_p11,2024-01-30 11:25:28,P2,QUANDO COMEÇAR ENTÃO,980,4940
18-04-2024_15-45-47_p0026,2024-04-18 15:45:47,148.2,B,1760,3990
13-03-2024_14-58-39_p0014_s101_b2,2024-03-13 14:58:39,101,DOR OMBROS,2080,5330
12-03-2024_10-36-50_p0021_s249_b4,2024-03-12 10:36:50,249,ALERGIA GATO,1740,4570
23-05-2024_15-16-10_p0035,2024-05-23 15:16:10,P15.4,CATARRO COLA COR QUAL,2120,6840
08-05-2024_10-00-18_p0030,2024-05-08 10:00:18,148.15,O,2210,3590
02-04-2024_15-25-10_p0021,2024-04-02 15:25:10,P11.2,SENTIR DOR OUTRAS-VEZES DIVERSAS-VEZES ENTÃO,2240,8760
18-03-2024_11-21-06_p0013_s230_b4,2024-03-18 11:21:06,230,DEPRESSÃO,1160,4990
08-06-2024_10-36-31_p0031_s48_b1,2024-06-08 10:36:31,48,XIXI VAZAR,1730,4120
19-06-2024_16-51-00_p0023_s77_b1,2024-06-19 16:51:00,77,EXERCÍCIO-FÍSICO,1440,3540
29-02-2024_14-02-45_p0010_s40_b1,2024-02-29 14:02:45,40,CACHORRO MORDER,1480,3460
27-03-2024_16-30-46_p0015_s78_b1,2024-03-27 16:30:46,78,CALADO DEITADO,1980,6350
12-03-2024_14-25-57_p0022_s24_b1,2024-03-12 14:25:57,24,VOMITAR,3500,6380
02-04-2024_15-18-36_p0021,2024-04-02 15:18:36,170.7,7,2000,4700
03-05-2024_14-26-55_p0027,2024-05-03 14:26:55,148.19,S,1120,4090
02-05-2024_15-26-06_p0026,2024-05-02 15:26:06,P21.2,USAR REMÉDIO,1100,3890
21-02-2024_15-20-29_p0016_s89_b2,2024-02-21 15:20:29,89,DOR LADO-CABEÇA,1530,5280
18-03-2024_15-43-57_p0020_s70_b1,2024-03-18 15:43:57,70,1-HORA,2040,5500
18-06-2024_14-56-34_p0028,2024-06-18 14:56:34,P6.1,ONDE DOR,4270,6100
22-02-2024_14-32-08_p0018,2024-02-22 14:32:08,148.5,E,950,3410
27-03-2024_15-33-36_p0015_s146_b2,2024-03-27 15:33:36,146,REMÉDIO,2010,4630
28-06-2024_15-15-40_p0035_s225_b4,2024-06-28 15:15:40,225,ARRITMIA,1460,6700
18-03-2024_11-39-32_p0013_s271_b4,2024-03-18 11:39:32,271,CHAMPANHE,2210,5530
20-05-2024_12-09-21_p0034_s224_b4,2024-05-20 12:09:21,224,INFARTO,2820,4720
03-05-2024_14-02-54_p0027_s89_b2,2024-05-03 14:02:54,89,DOR LADO-CABEÇA,1900,6080
02-05-2024_15-00-34_p0026_s175_b3,2024-05-02 15:00:34,175,DOIS SEMANA,1550,4960
18-04-2024_15-41-24_p0026_s140_b2,2024-04-18 15:41:24,140,PERNAS MEXER-PERNAS,1340,5520
23-05-2024_14-51-07_p0035_sP10_b3,2024-05-23 14:51:07,P10,SOBRE DOR PERÍODO COMEÇA-EM-UM FRACO SEQUÊNCIA-CINCO MÉDIA ATÉ-DEZ EXTREMAMENTE-FORTE PERÍODO-TEMPO QUAL VOCÊ SENTIR QUAL ESSE-PERÍODO DOR EQUIVALER QUAL,2290,23880
27-03-2024_15-25-51_p0015_s127_b2,2024-03-27 15:25:51,127,COMER COISAS ÓLEO,1960,7270
05-06-2024_15-40-43_p0037_s278_b4,2024-06-05 15:40:43,278,UMA-DOSE TOMAR TODO-DIA,1840,6490
16-05-2024_15-06-51_p0034,2024-05-16 15:06:51,148.9,I,2600,4280
03-05-2024_18-46-56_p0031_s180_b3,2024-05-03 18:46:56,180,NUCA DOR ESPALHAR,1620,6800
22-02-2024_11-58-58_p0017_s281_b4,2024-02-22 11:58:58,281,TAÇA TOMAR VINHO TODO-DIA,1700,8310
08-05-2024_09-50-10_p0030_s132_b2,2024-05-08 09:50:10,132,NARIZ ESPIRRAR,1670,3670
03-04-2024_16-14-11_p0023_s281_b4,2024-04-03 16:14:11,281,TAÇA TOMAR VINHO TODO-DIA,3760,8610
13-03-2024_15-13-45_p0014_s126_b2,2024-03-13 15:13:45,126,BEBER ÁLCOOL,4460,7350
07-05-2024_14-19-49_p0027_s236_b4,2024-05-07 14:19:49,236,FÍGADO INFLAMADO,2220,4840
12-06-2024_10-21-06_p0036,2024-06-12 10:21:06,148.12,L,2360,4580
27-05-2024_15-52-33_p0032_s192_b3,2024-05-27 15:52:33,192,FICAR-EM-PÉ SENTAR DEITAR DOR PIORAR SIM,2360,10590
07-05-2024_15-02-30_p0027_s30_b1,2024-05-07 15:02:30,30,FERIR PELE,1620,5960
19-07-2024_15-44-26_p0040_s62_b1,2024-07-19 15:44:26,62,MATERIAL GRUPO CORTAR TAMBÉM OBJETO-FINO-LONGO FINCAR,2770,12290
28-06-2024_14-09-22_p0035_s9_b1,2024-06-28 14:09:22,9,DOR LOMBAR,1830,4930
26-04-2024_14-46-24_p0028_s33_b1,2024-04-26 14:46:24,33,COÇAR,4860,10140
23-05-2024_15-15-28_p0035_s195_b3,2024-05-23 15:15:28,195,CATARRO COLA NENHUM,2830,6030
18-03-2024_11-27-11_p0013_s247_b4,2024-03-18 11:27:11,247,ALERGIA FLOR PÓLEN,1610,7590
17-07-2024_14-53-49_p0041,2024-07-17 14:53:49,148.23,W,2350,5150
24-07-2024_15-28-55_p0041_s278_b4,2024-07-24 15:28:55,278,UMA-DOSE TOMAR TODO-DIA,2100,5960
08-06-2024_10-42-44_p0031_s61_b1,2024-06-08 10:42:44,61,PELE QUEIMAR,2250,3780
15-05-2024_16-42-17_p0032,2024-05-15 16:42:17,148.6,F,2290,5720
29-04-2024_11-28-41_p0029,2024-04-29 11:28:41,P6.1,ONDE DOR,2110,4880
29-02-2024_13-35-13_p0010_s2_b1,2024-02-29 13:35:13,2,CONFUSÃO,2150,3870
28-02-2024_16-59-05_p0011,2024-02-28 16:59:05,148.20,T,900,4280
21-02-2024_16-11-17_p0016_s152_b2,2024-02-21 16:11:17,152,OBRIGADO,1000,3810
23-04-2024_15-29-27_p0026_s64_b1,2024-04-23 15:29:27,64,QUASE CABEÇA-SAIR NASCER,4300,7030
21-02-2024_15-34-05_p0016,2024-02-21 15:34:05,P6.6,DOR IGUAL SENTIR CHOQUE,1650,7290
28-06-2024_15-43-31_p0035_s270_b4,2024-06-28 15:43:31,270,G-I-N,1400,4290
20-05-2024_15-42-52_p0023_s124_b2,2024-05-20 15:42:52,124,GASES,3430,6420
27-05-2024_16-49-06_p0032_s42_b1,2024-05-27 16:49:06,42,COBRA PICAR,2150,5060
20-02-2024_16-32-22_p0015_s231_b4,2024-02-20 16:32:22,231,DEPRESSÃO,1250,5090
28-06-2024_14-20-58_p0035_s40_b1,2024-06-28 14:20:58,40,CACHORRO MORDER,1860,4490
08-04-2024_15-23-29_p0021_s83_b2,2024-04-08 15:23:29,83,UM-DIA,3130,4960
15-05-2024_16-43-53_p0032,2024-05-15 16:43:53,148.10,J,2050,5930
26-03-2024_16-36-57_p0022_s278_b4,2024-03-26 16:36:57,278,UMA-DOSE TOMAR TODO-DIA,2120,5630
19-06-2024_10-00-06_p0036_s24_b1,2024-06-19 10:00:06,24,VOMITAR,1520,4990
24-04-2024_16-00-12_p0027_s194_b3,2024-04-24 16:00:12,194,TOSSE SECO,3230,6710
08-04-2024_16-17-11_p0021_s150_b2,2024-04-08 16:17:11,150,ENTENDER,1790,4220
18-04-2024_15-35-35_p0026_s123_b2,2024-04-18 15:35:35,123,ZUMBIDO OUVIDO,1980,5900
23-04-2024_11-33-26_p0024_s251_b4,2024-04-23 11:33:26,251,ALERGIA GRUPO BORRACHA,1550,6820
23-04-2024_15-05-38_p0026_s13_b1,2024-04-23 15:05:38,13,DOR PERNA,2960,5770
13-03-2024_15-26-17_p0014,2024-03-13 15:26:17,148.10,J,2890,4220
20-03-2024_15-24-42_p0015_s200_b3,2024-03-20 15:24:42,200,CATARRO COLA VERDE,1970,5660
15-05-2024_15-25-25_p0032_s90_b2,2024-05-15 15:25:25,90,DOR OUVIDO,2160,6900
10-05-2024_10-07-56_p0030_s280_b4,2024-05-10 10:07:56,280,TAÇA TOMAR VINHO UMA-VEZ SEMANA,2820,10940
03-04-2024_15-57-01_p0023_s252_b4,2024-04-03 15:57:01,252,ALERGIA LEITE,1430,3560
23-04-2024_11-19-29_p0024_s219_b4,2024-04-23 11:19:29,219,FEZES-LÍQUIDAS RESTOS COMIDA,2610,6850
11-06-2024_14-46-13_p0035_s156_b2,2024-06-11 14:46:13,156,NÃO-ENTENDER,2360,5550
07-03-2024_14-12-32_p0010,2024-03-07 14:12:32,148.15,O,1490,1910
30-04-2024_13-31-08_p0024_s129_b2,2024-04-30 13:31:08,129,LOCAIS LUZ-FORTE,1600,3990
28-02-2024_16-26-45_p0011_s112_b2,2024-02-28 16:26:45,112,DOR QUEIMAR,1240,6670
20-05-2024_11-24-49_p0034_s12_b1,2024-05-20 11:24:49,12,DOR BRAÇO,2600,6340
07-05-2024_14-15-05_p0027,2024-05-07 14:15:05,P19.1,VOCÊ JÁ FAZER TRATAMENTO ALGUM DOENÇA ENTÃO,2470,8420
09-05-2024_14-33-52_p0033_s114_b2,2024-05-09 14:33:52,114,DOR CHOQUE,2730,6330
23-05-2024_14-52-44_p0035,2024-05-23 14:52:44,170.0,0,3040,4089
03-05-2024_14-23-51_p0027,2024-05-03 14:23:51,148.6,F,1600,4380
08-05-2024_10-02-49_p0030,2024-05-08 10:02:49,148.24,X,1970,3510
09-05-2024_14-32-58_p0033_s112_b2,2024-05-09 14:32:58,112,DOR QUEIMAR,2820,6540
08-04-2024_16-14-47_p0021,2024-04-08 16:14:47,148.20,T,1600,4090
27-03-2024_15-36-59_p0015,2024-03-27 15:36:59,148.9,I,1320,3560
21-02-2024_12-05-53_p0013_s76_b1,2024-02-21 12:05:53,76,LIMPAR CASA,3330,6610
30-01-2024_11-03-08_p11,2024-01-30 11:03:08,6,DOR PESCOÇO,1740,6610
22-02-2024_14-33-44_p0018,2024-02-22 14:33:44,148.13,M,3480,5820
22-02-2024_13-50-41_p0018_s76_b1,2024-02-22 13:50:41,76,LIMPAR CASA,1800,4790
22-04-2024_09-46-53_p0025,2024-04-22 09:46:53,P21.1,DOCUMENTO REMÉDIO VOCÊ TRAZER,2230,6030
05-06-2024_15-19-30_p0037_s246_b4,2024-06-05 15:19:30,246,F U N G O S SINAL FUNGO,1680,11190
15-05-2024_16-02-21_p0032_s127_b2,2024-05-15 16:02:21,127,COMER COISAS ÓLEO,6080,10760
13-03-2024_15-56-10_p0014_s234_b4,2024-03-13 15:56:10,234,TOSSIR CATARRO VERMELHO,1720,5880
29-04-2024_11-44-46_p0029_s124_b2,2024-04-29 11:44:46,124,GASES,1730,5360
08-04-2024_16-59-50_p0021_s70_b1,2024-04-08 16:59:50,70,1-HORA,1380,3850
13-03-2024_15-26-38_p0014,2024-03-13 15:26:38,148.11,K,1530,3060
22-02-2024_13-50-29_p0018_s75_b1,2024-02-22 13:50:29,75,TOSSIR,2040,4550
30-01-2024_14-34-19_p12,2024-01-30 14:34:19,113,DOR PONTADA,1980,4870
29-04-2024_16-54-40_p0024_s55_b1,2024-04-29 16:54:40,55,VERMELHO NARIZ-SANGRAR GRIPE,2140,7510
21-02-2024_11-30-33_p0013_s6_b1,2024-02-21 11:30:33,6,DOR PESCOÇO,1850,4470
06-05-2024_15-29-05_p0032_s228_b4,2024-05-06 15:29:05,228,AIDS,2770,5000
07-05-2024_15-17-35_p0027_s71_b1,2024-05-07 15:17:35,71,2-HORA,1460,4850
17-06-2024_14-49-07_p0019_s83_b2,2024-06-17 14:49:07,83,UM-DIA,1960,5150
18-06-2024_15-41-34_p0028,2024-06-18 15:41:34,148.23,W,2250,3350
16-07-2024_16-45-17_p0039,2024-07-16 16:45:17,P23.2,TOTAL TEMPO QUANTO,2160,6020
26-02-2024_16-13-06_p0019_s268_b4,2024-02-26 16:13:06,268,UÍSQUE,6520,9100
17-07-2024_14-48-23_p0041,2024-07-17 14:48:23,148.7,G,1340,3560
02-05-2024_16-06-58_p0026_s263_b4,2024-05-02 16:06:58,263,DEZ ANO,1370,4590
20-05-2024_11-25-17_p0034_s13_b1,2024-05-20 11:25:17,13,DOR PERNA,2360,7250
19-03-2024_14-52-58_p0022_s82_b2,2024-03-19 14:52:58,82,SEIS HORAS,2170,4920
24-05-2024_19-09-04_p0031,2024-05-24 19:09:04,148.11,K,1830,4730
07-05-2024_14-26-31_p0027_s255_b4,2024-05-07 14:26:31,255,ALERGIA CATEGORIA T R I G O FARINHA,1880,7760
16-04-2024_10-56-55_p0025_s272_b4,2024-04-16 10:56:55,272,UM LATA TODO-DIA,1780,4300
10-05-2024_09-13-05_p0030,2024-05-10 09:13:05,P21.1,DOCUMENTO REMÉDIO VOCÊ TRAZER,2340,5320
10-05-2024_09-47-41_p0030_s237_b4,2024-05-10 09:47:41,237,RINS FRACO,2010,5530
26-02-2024_16-15-17_p0019,2024-02-26 16:15:17,P24.3,QUANTOS BEBIDA,3080,6480
07-05-2024_14-28-54_p0027_s257_b4,2024-05-07 14:28:54,257,ALERGIA REMÉDIO NÃO-TER,2280,4870
30-01-2024_14-56-23_p12,2024-01-30 14:56:23,147,JEJUM,3880,6090
16-04-2024_15-48-55_p0016_s190_b3,2024-04-16 15:48:55,190,SIM APERTAR-BRAÇO DOER,1540,6060
11-06-2024_14-42-39_p0035,2024-06-11 14:42:39,148.25,Y,1740,4810
30-01-2024_14-13-02_p12,2024-01-30 14:13:02,85,UM SEMANA,2570,3930
03-05-2024_18-41-36_p0031,2024-05-03 18:41:36,P11.3,NO-DECORRER-DO-TEMPO SENTIR DOR NO-TOTAL QUANTOS,2220,11790
26-03-2024_15-22-16_p0022,2024-03-26 15:22:16,P11.4,AO-LONGO-DO-TEMPO DOR COMO AUMENTAR O U DIMINUIR,2040,13180
29-04-2024_15-33-16_p0024,2024-04-29 15:33:16,170.6,6,3170,4480
16-04-2024_15-35-13_p0016_s173_b3,2024-04-16 15:35:13,173,SEMPRE SEMPRE,1440,5010
20-05-2024_12-17-52_p0034_s246_b4,2024-05-20 12:17:52,246,F U N G O S SINAL FUNGO,2160,9950
18-04-2024_10-07-57_p0025_s2_b1,2024-04-18 10:07:57,2,CONFUSÃO,1280,4430
05-06-2024_15-25-48_p0037_s258_b4,2024-06-05 15:25:48,258,ALERGIA NENHUM,2170,5250
03-04-2024_16-00-20_p0023,2024-04-03 16:00:20,P22.2,MOMENTO VOCÊ TOMAR-MEDICAMENTO SURGIR TER ALERGIA TER,3940,9050
16-05-2024_14-52-01_p0034_s129_b2,2024-05-16 14:52:01,129,LOCAIS LUZ-FORTE,4420,7340
22-02-2024_10-53-20_p0017,2024-02-22 10:53:20,170.0,0,1350,2320
27-05-2024_15-27-11_p0032,2024-05-27 15:27:11,170.0,0,4920,8200
27-03-2024_15-19-52_p0015_sP07_b2,2024-03-27 15:19:52,P7,SENTIR JUNTO ITENS MAIS TER,1770,9610
18-06-2024_16-34-48_p0028_s245_b4,2024-06-18 16:34:48,245,ÁCARO ALERGIA,1650,5860
23-05-2024_15-02-55_p0035,2024-05-23 15:02:55,P11.4,AO-LONGO-DO-TEMPO DOR COMO AUMENTAR O U DIMINUIR,2410,12370
17-07-2024_14-41-33_p0041_s146_b2,2024-07-17 14:41:33,146,REMÉDIO,2590,4090
17-06-2024_14-58-19_p0019_s100_b2,2024-06-17 14:58:19,100,DOR VIRILHA,2540,7380
15-05-2024_15-31-00_p0032_s99_b2,2024-05-15 15:31:00,99,DOR BAIXO-VENTRE,2240,8110
02-04-2024_15-27-11_p0021_s176_b3,2024-04-02 15:27:11,176,TRÊS-MESES,1690,5260
08-06-2024_10-29-54_p0031_s32_b1,2024-06-08 10:29:54,32,MANCHAS-PELE VERMELHO,1810,4100
20-05-2024_15-35-13_p0023_s113_b2,2024-05-20 15:35:13,113,DOR PONTADA,1500,6190
02-04-2024_15-29-56_p0021_sP12_b3,2024-04-02 15:29:56,P12,DOR EXEMPLO AQUI LUGAR MESMO O U ESPALHAR AQUI LUGARES ENTÃO,1310,13530
21-02-2024_11-37-20_p0013_s28_b1,2024-02-21 11:37:20,28,NARIZ-LADOS FECHAR,2680,5040
30-01-2024_11-25-42_p11,2024-01-30 11:25:42,68,15 MINUTO,1390,5340
24-04-2024_15-54-25_p0027_s190_b3,2024-04-24 15:54:25,190,SIM APERTAR-BRAÇO DOER,4120,7630
20-05-2024_11-31-54_p0034_s28_b1,2024-05-20 11:31:54,28,NARIZ-LADOS FECHAR,2630,6520
19-03-2024_15-53-26_p0022_s153_b2,2024-03-19 15:53:26,153,REPETIR POR-FAVOR,3090,5770
19-06-2024_16-46-45_p0023_sP02_b1,2024-06-19 16:46:45,P2,QUANDO COMEÇAR ENTÃO,2700,5780
08-04-2024_16-47-47_p0021_s44_b1,2024-04-08 16:47:47,44,PRESSÃO-ARTERIAL ALTO-BAIXO,2020,4320
29-04-2024_12-05-24_p0029_s155_b2,2024-04-29 12:05:24,155,PARAR,1770,4270
08-05-2024_15-28-56_p0033,2024-05-08 15:28:56,170.4,4,3060,4550
16-05-2024_14-29-15_p0034_s99_b2,2024-05-16 14:29:15,99,DOR BAIXO-VENTRE,2090,6720
17-06-2024_15-33-49_p0019,2024-06-17 15:33:49,148.10,J,1910,4630
30-01-2024_14-52-58_p12,2024-01-30 14:52:58,136,ANDAR,1870,4770
18-04-2024_10-27-31_p0025_s50_b1,2024-04-18 10:27:31,50,TODA-HORA URINAR,2060,6570
20-05-2024_12-02-09_p0034_s212_b4,2024-05-20 12:02:09,212,FEZES-LÍQUIDAS,2850,5350
25-03-2024_16-11-36_p0020_s96_b2,2024-03-25 16:11:36,96,DOR MEIO-BARRIGA,1360,5240
16-05-2024_14-56-30_p0034_s133_b2,2024-05-16 14:56:30,133,MASTIGAR,3180,6620
23-04-2024_11-39-39_p0024_s259_b4,2024-04-23 11:39:39,259,TER FUMAR SIM,1510,5160
03-05-2024_08-52-49_p0030_s64_b1,2024-05-03 08:52:49,64,QUASE CABEÇA-SAIR NASCER,1840,5580
08-08-2024_14-42-23_p0042_s91_b2,2024-08-08 14:42:23,91,DOR LADO-CABEÇA LADO-CABEÇA,1770,6790
22-02-2024_11-55-28_p0017_s271_b4,2024-02-22 11:55:28,271,CHAMPANHE,1660,4340
09-05-2024_14-37-57_p0033,2024-05-09 14:37:57,P6.3,DOR IGUAL PESO,2590,6620
06-05-2024_16-08-34_p0032_s278_b4,2024-05-06 16:08:34,278,UMA-DOSE TOMAR TODO-DIA,2840,7290
12-03-2024_10-23-11_p0021,2024-03-12 10:23:11,P19.1,VOCÊ JÁ FAZER TRATAMENTO ALGUM DOENÇA ENTÃO,3100,11810
09-05-2024_14-16-33_p0033_s87_b2,2024-05-09 14:16:33,87,SIM,4560,7010
28-02-2024_16-14-04_p0011_s92_b2,2024-02-28 16:14:04,92,DOR TESTA,2210,7300
09-05-2024_15-06-57_p0033,2024-05-09 15:06:57,148.7,G,1890,3910
26-02-2024_15-33-54_p0019_s218_b4,2024-02-26 15:33:54,218,FEZES-LÍQUIDAS ESCURO,2280,5770
09-05-2024_14-13-53_p0033_s86_b2,2024-05-09 14:13:53,86,UM MÊS,2620,5530
03-04-2024_16-13-28_p0023_s280_b4,2024-04-03 16:13:28,280,TAÇA TOMAR VINHO UMA-VEZ SEMANA,2300,10530
27-05-2024_15-16-52_p0032,2024-05-27 15:16:52,P9.6,SUBIR-ESCADA FÍSICO PIOR,2030,8030
25-03-2024_16-42-33_p0020,2024-03-25 16:42:33,148.23,W,1130,3240
20-02-2024_16-49-12_p0015_s258_b4,2024-02-20 16:49:12,258,ALERGIA NENHUM,2020,6150
29-04-2024_12-03-30_p0029_s149_b2,2024-04-29 12:03:30,149,DEVAGAR,1810,4410
03-05-2024_08-29-36_p0030_s8_b1,2024-05-03 08:29:36,8,DOR COSTAS,2900,4970
08-06-2024_10-33-46_p0031_s41_b1,2024-06-08 10:33:46,41,GATO MORDER,1990,3610
22-01-2024_17-12-47_p9,2024-01-22 17:12:47,P15.2,TOSSE COMO,4430,8880
30-01-2024_14-32-12_p12,2024-01-30 14:32:12,P6.2,COMO DOR,2570,5180
28-02-2024_16-58-32_p0011,2024-02-28 16:58:32,148.19,S,810,5080
18-06-2024_16-50-51_p0028_s266_b4,2024-06-18 16:50:51,266,DOSE ÁLCOOL,1850,5120
22-02-2024_13-44-04_p0018_s59_b1,2024-02-22 13:44:04,59,TRAUMA,2520,4580
22-02-2024_15-50-57_p0014_s206_b3,2024-02-22 15:50:57,206,QUATRO VACINA,2160,5190
30-01-2024_15-08-17_p12,2024-01-30 15:08:17,148.26,Z,2740,5540
03-05-2024_14-30-35_p0027_s157_b2,2024-05-03 14:30:35,157,CONTINUAR,1290,3960
28-06-2024_15-39-49_p0035_s263_b4,2024-06-28 15:39:49,263,DEZ ANO,1940,5570
19-03-2024_15-45-14_p0022,2024-03-19 15:45:14,148.19,S,1820,4760
12-03-2024_14-44-31_p0022_sP02_b1,2024-03-12 14:44:31,P2,QUANDO COMEÇAR ENTÃO,2790,7080
22-04-2024_09-32-19_p0025,2024-04-22 09:32:19,P13.1,MOMENTO EXEMPLO AQUI APERTAR VOCÊ SENTIR DOR PIORAR ENTÃO,1720,10740
08-04-2024_17-02-49_p0021_s78_b1,2024-04-08 17:02:49,78,CALADO DEITADO,1540,4440
27-05-2024_16-30-22_p0032_s2_b1,2024-05-27 16:30:22,2,CONFUSÃO,1510,4620
30-01-2024_11-28-29_p11,2024-01-30 11:28:29,76,LIMPAR CASA,950,5460
08-05-2024_09-39-56_p0030_s108_b2,2024-05-08 09:39:56,108,DOR LEVE,1740,4330
02-04-2024_15-05-38_p0021_s163_b3,2024-04-02 15:05:38,163,TOMAR-BANHO CORPO PIOR NÃO,4320,9480
18-04-2024_10-39-49_p0025_s76_b1,2024-04-18 10:39:49,76,LIMPAR CASA,2180,6410
19-03-2024_14-55-42_p0022_sP05_b2,2024-03-19 14:55:42,P5,POR-QUE PROCURAR VIR HOJE TER PIORAR,1520,11010
18-06-2024_14-58-27_p0028_s92_b2,2024-06-18 14:58:27,92,DOR TESTA,1390,3700
17-06-2024_15-31-58_p0019,2024-06-17 15:31:58,148.5,E,1910,4780
12-03-2024_14-33-53_p0022_s45_b1,2024-03-12 14:33:53,45,PROBLEMA OLHOS,2350,5460
05-06-2024_15-44-23_p0037_s281_b4,2024-06-05 15:44:23,281,TAÇA TOMAR VINHO TODO-DIA,3080,9790
20-05-2024_12-11-35_p0034_s229_b4,2024-05-20 12:11:35,229,CÂNCER,2220,5430
19-07-2024_15-37-49_p0040_s50_b1,2024-07-19 15:37:49,50,TODA-HORA URINAR,2650,6500
16-04-2024_15-54-44_p0016,2024-04-16 15:54:44,P15.4,CATARRO COLA COR QUAL,1420,6720
05-06-2024_09-45-59_p0036_s210_b4,2024-06-05 09:45:59,210,MOLE,3690,6940
16-07-2024_16-59-08_p0039_s280_b4,2024-07-16 16:59:08,280,TAÇA TOMAR VINHO UMA-VEZ SEMANA,1880,11820
22-02-2024_13-29-58_p0018_s35_b1,2024-02-22 13:29:58,35,ARREPIAR FRIO,2190,5360
16-04-2024_10-38-22_p0025,2024-04-16 10:38:22,P22.1,VOCÊ TER ALERGIA ENTÃO,1800,5490
21-02-2024_11-33-51_p0013_s17_b1,2024-02-21 11:33:51,17,CHIAR,3450,6610
07-05-2024_14-31-25_p0027_s263_b4,2024-05-07 14:31:25,263,DEZ ANO,2490,4850
13-03-2024_16-10-34_p0014,2024-03-13 16:10:34,P24.2,BEBIDA QUAL,2950,5540
21-02-2024_15-32-47_p0016,2024-02-21 15:32:47,P6.3,DOR IGUAL PESO,1430,6290
29-04-2024_11-38-29_p0029_s112_b2,2024-04-29 11:38:29,112,DOR QUEIMAR,1970,5830
16-05-2024_14-31-56_p0034_s105_b2,2024-05-16 14:31:56,105,DOR TESTÍCULOS,4820,8710
06-05-2024_16-04-58_p0032,2024-05-06 16:04:58,P24.3,QUANTOS BEBIDA,5010,8140
12-03-2024_14-46-17_p0022_sP03_b1,2024-03-12 14:46:17,P3,COMO COMEÇAR QUE VOCÊ FAZER O-QUE,3300,10210
24-01-2024_17-35-14_p10,2024-01-24 17:35:14,272,UM LATA TODO-DIA,3380,6690
07-03-2024_14-13-50_p0010,2024-03-07 14:13:50,148.20,T,1540,2060
25-03-2024_16-06-34_p0020_s82_b2,2024-03-25 16:06:34,82,SEIS HORAS,1120,4280
11-06-2024_14-45-08_p0035_s153_b2,2024-06-11 14:45:08,153,REPETIR POR-FAVOR,1690,5430
02-04-2024_15-45-24_p0021,2024-04-02 15:45:24,P15.4,CATARRO COLA COR QUAL,2080,7610
18-03-2024_15-30-25_p0020_s40_b1,2024-03-18 15:30:25,40,CACHORRO MORDER,1150,4380
07-05-2024_15-15-37_p0027_s66_b1,2024-05-07 15:15:37,66,VAGINA VERMELHO SANGRAR,1940,7440
13-05-2024_16-17-38_p0028,2024-05-13 16:17:38,P13.2,MOMENTO FICAR-EM-PÉ SENTAR DEITAR DOR PIORAR,2180,8700
19-06-2024_16-48-04_p0023_s70_b1,2024-06-19 16:48:04,70,1-HORA,2400,6010
18-03-2024_11-15-01_p0013_s220_b4,2024-03-18 11:15:01,220,TER M U C O COLA,1730,7030
29-04-2024_16-03-09_p0024_s202_b3,2024-04-29 16:03:09,202,CATARRO COLA SANGUE PONTOS,3210,10830
18-04-2024_15-32-00_p0026_s116_b2,2024-04-18 15:32:00,116,DOR APERTAR PONTADA,1890,7920
24-07-2024_14-19-12_p0041_s30_b1,2024-07-24 14:19:12,30,FERIR PELE,1670,6250
26-02-2024_16-15-54_p0019_s273_b4,2024-02-26 16:15:54,273,UM LATA UMA-VEZ SEMANA,4600,9670
13-03-2024_15-48-22_p0014_s221_b4,2024-03-13 15:48:22,221,TER P U S MISTURAR AMARELO BRANCO MISTURAR,2560,9020
24-01-2024_17-16-21_p10,2024-01-24 17:16:21,237,RINS FRACO,1780,5540
23-05-2024_14-39-00_p0035,2024-05-23 14:39:00,P9.2,SUBIR-MORRO FÍSICO PIOR,3390,8500
12-06-2024_10-20-44_p0036,2024-06-12 10:20:44,148.11,K,2020,4130
16-07-2024_16-53-43_p0039_s269_b4,2024-07-16 16:53:43,269,CACHAÇA,1320,4440
20-05-2024_16-11-54_p0023_s157_b2,2024-05-20 16:11:54,157,CONTINUAR,1010,3370
29-04-2024_16-27-13_p0024_s7_b1,2024-04-29 16:27:13,7,DOR PEITO,2380,6850
11-05-2024_09-25-46_p0034_s160_b3,2024-05-11 09:25:46,160,PLANO ANDAR CORPO PIOR,3130,8610
20-05-2024_12-02-31_p0034_s213_b4,2024-05-20 12:02:31,213,CLARO,2730,4200
05-06-2024_10-03-35_p0036_s227_b4,2024-06-05 10:03:35,227,ASMA,1610,5310
16-07-2024_16-30-03_p0039_s229_b4,2024-07-16 16:30:03,229,CÂNCER,1620,4160
26-02-2024_15-34-47_p0019_s220_b4,2024-02-26 15:34:47,220,TER M U C O COLA,3070,7350
13-03-2024_15-30-43_p0014,2024-03-13 15:30:43,148.25,Y,1870,3110
28-06-2024_14-07-53_p0035_s5_b1,2024-06-28 14:07:53,5,CABEÇA DOR,3060,5430
28-02-2024_16-55-29_p0011,2024-02-28 16:55:29,148.9,I,950,4050
10-05-2024_15-29-47_p0033_s239_b4,2024-05-10 15:29:47,239,VÍCIO BEBER ÁLCOOL,3080,5750
08-05-2024_09-35-51_p0030_s98_b2,2024-05-08 09:35:51,98,DOR BEXIGA,1810,4600
24-01-2024_17-25-19_p10,2024-01-24 17:25:19,256,ALERGIA AMENDOIM,2510,5720
21-02-2024_15-24-27_p0016_s99_b2,2024-02-21 15:24:27,99,DOR BAIXO-VENTRE,1710,6150
27-05-2024_16-53-30_p0032_s53_b1,2024-05-27 16:53:30,53,XIXI VERMELHO,1570,4430
16-04-2024_10-34-06_p0025_s233_b4,2024-04-16 10:34:06,233,A V C,2420,4280
13-03-2024_16-07-14_p0014,2024-03-13 16:07:14,P23.1,VOCÊ FUMAR,1690,4210
07-05-2024_14-19-02_p0027_s234_b4,2024-05-07 14:19:02,234,TOSSIR CATARRO VERMELHO,1790,5060
27-05-2024_16-08-29_p0032_s241_b3,2024-05-27 16:08:29,241,TRAZER RECEITA REMÉDIO,1670,6490
21-02-2024_15-54-40_p0016_s139_b2,2024-02-21 15:54:40,139,BRAÇO MEXER-BRAÇO,2940,7400
11-06-2024_14-15-53_p0035,2024-06-11 14:15:53,P6.4,DOR IGUAL QUEIMAR,2520,7590
23-05-2024_15-18-01_p0035_s201_b3,2024-05-23 15:18:01,201,CATARRO COLA VERMELHO,1820,4840
13-03-2024_16-18-16_p0014_s281_b4,2024-03-13 16:18:16,281,TAÇA TOMAR VINHO TODO-DIA,2020,9600
08-05-2024_09-52-30_p0030_s140_b2,2024-05-08 09:52:30,140,PERNAS MEXER-PERNAS,2120,5310
08-05-2024_09-48-52_p0030_s128_b2,2024-05-08 09:48:52,128,LOCAIS BARULHO,2680,4890
02-05-2024_14-39-59_p0026,2024-05-02 14:39:59,P9.2,SUBIR-MORRO FÍSICO PIOR,4320,10600
24-01-2024_16-59-11_p10,2024-01-24 16:59:11,P18.1,ENJOAR O U VOMITAR,3750,8250
30-01-2024_15-02-19_p12,2024-01-30 15:02:19,148.9,I,3450,4170
03-05-2024_18-22-34_p0031_s159_b3,2024-05-03 18:22:34,159,SUBIR-MORRO CORPO PIOR NÃO,2070,6410
11-05-2024_09-46-54_p0034_s178_b3,2024-05-11 09:46:54,178,CINCO ANO,3960,7400
18-04-2024_15-48-39_p0026,2024-04-18 15:48:39,148.15,O,2630,4740
02-04-2024_15-17-37_p0021,2024-04-02 15:17:37,170.4,4,2020,4600
11-03-2024_15-51-38_p0020_s185_b3,2024-03-11 15:51:38,185,DOR BARRIGA-ESPALHAR BARRIGA,7280,9790
05-06-2024_10-34-38_p0036_s276_b4,2024-06-05 10:34:38,276,GARRAFA UMA-VEZ SEMANA,1850,8470
11-03-2024_15-37-54_p0020,2024-03-11 15:37:54,170.2,2,1640,2750
18-04-2024_15-51-04_p0026,2024-04-18 15:51:04,148.22,V,2450,4710
26-02-2024_16-14-22_p0019_s269_b4,2024-02-26 16:14:22,269,CACHAÇA,1690,4170
02-05-2024_16-10-54_p0026,2024-05-02 16:10:54,P24.2,BEBIDA QUAL,2650,5210
29-04-2024_16-53-04_p0024_s51_b1,2024-04-29 16:53:04,51,XIXI ESCURO,2010,5660
22-02-2024_15-24-30_p0014,2024-02-22 15:24:30,P9.6,SUBIR-ESCADA FÍSICO PIOR,4680,9280
08-06-2024_10-36-53_p0031_s49_b1,2024-06-08 10:36:53,49,XIXI POUCO,1800,3390
18-04-2024_15-53-08_p0026_s152_b2,2024-04-18 15:53:08,152,OBRIGADO,1670,4020
20-05-2024_15-51-35_p0023_s137_b2,2024-05-20 15:51:35,137,ESTRESSE,1420,4400
21-02-2024_15-53-50_p0016_s136_b2,2024-02-21 15:53:50,136,ANDAR,1380,4650
09-05-2024_15-04-56_p0033,2024-05-09 15:04:56,148.2,B,2240,4320
08-04-2024_15-58-29_p0021_s142_b2,2024-04-08 15:58:29,142,MOVIMENTAR-CORPO DOR PIORAR,2270,6910
03-04-2024_16-00-58_p0023_s257_b4,2024-04-03 16:00:58,257,ALERGIA REMÉDIO NÃO-TER,2930,5350
26-03-2024_16-17-41_p0022_s236_b4,2024-03-26 16:17:41,236,FÍGADO INFLAMADO,2050,4740
29-02-2024_13-51-51_p0010_s27_b1,2024-02-29 13:51:51,27,CATARRO GRIPE,1200,4470
23-05-2024_14-40-27_p0035_s159_b3,2024-05-23 14:40:27,159,SUBIR-MORRO CORPO PIOR NÃO,1940,7540
17-07-2024_14-51-07_p0041,2024-07-17 14:51:07,148.16,P,1690,4730
29-02-2024_14-00-33_p0010_s35_b1,2024-02-29 14:00:33,35,ARREPIAR FRIO,2030,4980
13-03-2024_16-05-28_p0014_s258_b4,2024-03-13 16:05:28,258,ALERGIA NENHUM,1610,5610
05-06-2024_15-33-00_p0037_s265_b4,2024-06-05 15:33:00,265,VINHO,1600,4070
07-05-2024_14-17-27_p0027_s229_b4,2024-05-07 14:17:27,229,CÂNCER,2570,4430
13-05-2024_15-38-41_p0028,2024-05-13 15:38:41,P9.6,SUBIR-ESCADA FÍSICO PIOR,5310,10960
09-05-2024_15-08-18_p0033,2024-05-09 15:08:18,148.10,J,2240,4890
21-02-2024_12-03-37_p0013_s69_b1,2024-02-21 12:03:37,69,30 MINUTO,3810,6490
13-05-2024_16-31-31_p0028,2024-05-13 16:31:31,P17.1,VOCÊ JÁ VACINAR COVID-19,1540,5900
29-04-2024_11-54-46_p0029_s146_b2,2024-04-29 11:54:46,146,REMÉDIO,1750,4330
13-03-2024_16-09-18_p0014_s263_b4,2024-03-13 16:09:18,263,DEZ ANO,1780,5950
06-05-2024_16-00-32_p0032_s265_b4,2024-05-06 16:00:32,265,VINHO,2870,5590
27-05-2024_16-52-40_p0032_s51_b1,2024-05-27 16:52:40,51,XIXI ESCURO,2030,4930
30-01-2024_14-42-53_p12,2024-01-30 14:42:53,121,VER MANCHAS,2930,5710
16-05-2024_14-33-33_p0034_s107_b2,2024-05-16 14:33:33,107,DOR PROFUNDO,3670,7570
22-02-2024_13-48-47_p0018_s70_b1,2024-02-22 13:48:47,70,1-HORA,1790,4070
18-06-2024_15-36-00_p0028,2024-06-18 15:36:00,148.9,I,2160,3140
15-05-2024_16-01-49_p0032_s126_b2,2024-05-15 16:01:49,126,BEBER ÁLCOOL,4260,8870
19-06-2024_16-22-30_p0023_s14_b1,2024-06-19 16:22:30,14,DOR PERNA ATRÁS,2510,8340
18-06-2024_15-09-22_p0028,2024-06-18 15:09:22,P6.3,DOR IGUAL PESO,1800,5320
21-02-2024_12-06-08_p0013_s77_b1,2024-02-21 12:06:08,77,EXERCÍCIO-FÍSICO,2730,4770
18-06-2024_16-27-15_p0028_s225_b4,2024-06-18 16:27:15,225,ARRITMIA,1840,5970
12-06-2024_17-05-23_p0038,2024-06-12 17:05:23,P17.3,VOCÊ JÁ VACINAR GRIPE,2646,5785
26-03-2024_16-35-23_p0022_s274_b4,2024-03-26 16:35:23,274,DOIS LATAS DUAS-VEZES SEMANA,3030,7400
16-04-2024_10-50-28_p0025_s261_b4,2024-04-16 10:50:28,261,UM ANO,1670,3640
12-03-2024_10-53-19_p0021_s281_b4,2024-03-12 10:53:19,281,TAÇA TOMAR VINHO TODO-DIA,2120,8900
18-04-2024_10-32-25_p0025_s62_b1,2024-04-18 10:32:25,62,MATERIAL GRUPO CORTAR TAMBÉM OBJETO-FINO-LONGO FINCAR,2150,12120
02-04-2024_15-22-09_p0021_s171_b3,2024-04-02 15:22:09,171,UMA-VEZ,2640,6320
16-05-2024_15-08-42_p0034,2024-05-16 15:08:42,148.14,N,2880,4550
08-06-2024_10-37-43_p0031_s51_b1,2024-06-08 10:37:43,51,XIXI ESCURO,1440,3540
26-02-2024_16-19-03_p0019_s278_b4,2024-02-26 16:19:03,278,UMA-DOSE TOMAR TODO-DIA,1970,6130
27-03-2024_16-30-17_p0015_s77_b1,2024-03-27 16:30:17,77,EXERCÍCIO-FÍSICO,1390,4580
28-02-2024_16-21-20_p0011_s104_b2,2024-02-28 16:21:20,104,DOR PERNA-DIREITA PERNA-ESQUERDA,1350,8290
07-05-2024_14-14-08_p0027,2024-05-07 14:14:08,P18.5,VOCÊ BARRIGA DOR ENTÃO,2490,5750
26-04-2024_15-08-00_p0028_s70_b1,2024-04-26 15:08:00,70,1-HORA,4010,8590
18-04-2024_10-20-08_p0025_s32_b1,2024-04-18 10:20:08,32,MANCHAS-PELE VERMELHO,1200,4900
03-05-2024_08-53-10_p0030_s65_b1,2024-05-03 08:53:10,65,NASCER VIVO,2080,4810
19-03-2024_15-42-37_p0022,2024-03-19 15:42:37,148.11,K,1670,4360
26-03-2024_15-12-41_p0022,2024-03-26 15:12:41,170.1,1,2030,3790
16-07-2024_16-40-05_p0039_s252_b4,2024-07-16 16:40:05,252,ALERGIA LEITE,3240,7040
20-05-2024_11-33-39_p0034_s31_b1,2024-05-20 11:33:39,31,MANCHAS-PELE,2200,5040
15-05-2024_16-50-22_p0032,2024-05-15 16:50:22,148.25,Y,2180,6650
18-06-2024_15-11-03_p0028,2024-06-18 15:11:03,P6.6,DOR IGUAL SENTIR CHOQUE,1670,5470
08-06-2024_10-45-23_p0031_s65_b1,2024-06-08 10:45:23,65,NASCER VIVO,2190,4610
24-05-2024_19-08-46_p0031,2024-05-24 19:08:46,148.10,J,1790,4390
24-01-2024_17-30-39_p10,2024-01-24 17:30:39,265,VINHO,2390,3900
11-06-2024_14-14-57_p0035_s116_b2,2024-06-11 14:14:57,116,DOR APERTAR PONTADA,2380,8280
13-03-2024_15-50-15_p0014_s222_b4,2024-03-13 15:50:15,222,DOR-BARRIGA NENHUM,2270,6700
07-03-2024_13-47-51_p0010_s99_b2,2024-03-07 13:47:51,99,DOR BAIXO-VENTRE,1130,3190
10-05-2024_15-48-50_p0033_s268_b4,2024-05-10 15:48:50,268,UÍSQUE,1840,3180
11-05-2024_09-22-57_p0034_s158_b3,2024-05-11 09:22:57,158,SUBIR-MORRO FÍSICO PIOR,4190,8940
29-04-2024_15-34-19_p0024,2024-04-29 15:34:19,170.9,9,2800,4110
19-06-2024_16-48-25_p0023_s71_b1,2024-06-19 16:48:25,71,2-HORA,2100,4880
06-05-2024_15-56-37_p0032_s260_b4,2024-05-06 15:56:37,260,NÃO FUMAR,2810,6420
13-05-2024_15-52-28_p0028,2024-05-13 15:52:28,170.6,6,1060,3330
10-05-2024_15-05-11_p0033,2024-05-10 15:05:11,P18.3,COMO FEZES COMO,2480,4350
24-05-2024_19-14-44_p0031_s152_b2,2024-05-24 19:14:44,152,OBRIGADO,1960,3580
10-05-2024_09-07-14_p0030,2024-05-10 09:07:14,P17.1,VOCÊ JÁ VACINAR COVID-19,2210,6280
19-06-2024_09-57-46_p0036_s19_b1,2024-06-19 09:57:46,19,PALPITAÇÃO,1810,4520
19-07-2024_15-54-22_p0040_s79_b1,2024-07-19 15:54:22,79,SENTADO,4600,7480
08-06-2024_10-32-40_p0031_s39_b1,2024-06-08 10:32:40,39,MORDER,1420,3440
17-07-2024_14-39-29_p0041_s142_b2,2024-07-17 14:39:29,142,MOVIMENTAR-CORPO DOR PIORAR,2680,6990
21-02-2024_11-40-03_p0013_s34_b1,2024-02-21 11:40:03,34,FEBRE,3890,5440
03-05-2024_08-28-55_p0030_s6_b1,2024-05-03 08:28:55,6,DOR PESCOÇO,2060,4090
09-05-2024_14-57-33_p0033_s142_b2,2024-05-09 14:57:33,142,MOVIMENTAR-CORPO DOR PIORAR,2700,9110
12-06-2024_10-20-09_p0036,2024-06-12 10:20:09,148.9,I,1820,4030
21-02-2024_16-03-50_p0016,2024-02-21 16:03:50,148.6,F,1950,4580
27-05-2024_17-03-05_p0032_s76_b1,2024-05-27 17:03:05,76,LIMPAR CASA,1790,4890
19-06-2024_10-26-53_p0036_s73_b1,2024-06-19 10:26:53,73,COMER,2870,5130
05-06-2024_15-15-17_p0037_s234_b4,2024-06-05 15:15:17,234,TOSSIR CATARRO VERMELHO,1500,5660
09-05-2024_15-19-26_p0033_s156_b2,2024-05-09 15:19:26,156,NÃO-ENTENDER,1970,4260
03-05-2024_14-23-38_p0027,2024-05-03 14:23:38,148.5,E,1710,4250
28-06-2024_15-17-11_p0035_s229_b4,2024-06-28 15:17:11,229,CÂNCER,270,3390
27-05-2024_16-56-52_p0032_s62_b1,2024-05-27 16:56:52,62,MATERIAL GRUPO CORTAR TAMBÉM OBJETO-FINO-LONGO FINCAR,2630,11220
21-02-2024_15-21-27_p0016_s93_b2,2024-02-21 15:21:27,93,DOR NUCA,1390,5700
19-06-2024_16-49-45_p0023_s73_b1,2024-06-19 16:49:45,73,COMER,1820,3880
21-02-2024_15-19-58_p0016_s88_b2,2024-02-21 15:19:58,88,NÃO,1870,4290
19-07-2024_15-46-39_p0040_s65_b1,2024-07-19 15:46:39,65,NASCER VIVO,4380,8160
18-06-2024_15-21-10_p0028_s130_b2,2024-06-18 15:21:10,130,CORPO ESFORÇAR,1940,4830
02-05-2024_15-23-58_p0026,2024-05-02 15:23:58,P17.4,VOCÊ TRAZER CARTÃO-DE-VACINA,1330,5750
18-03-2024_11-50-02_p0013_s281_b4,2024-03-18 11:50:02,281,TAÇA TOMAR VINHO TODO-DIA,1610,9700
03-05-2024_14-27-43_p0027,2024-05-03 14:27:43,148.22,V,1110,3990
27-03-2024_15-30-09_p0015_s139_b2,2024-03-27 15:30:09,139,BRAÇO MEXER-BRAÇO,2300,7620
18-03-2024_11-23-34_p0013_s237_b4,2024-03-18 11:23:34,237,RINS FRACO,1280,5320
24-01-2024_17-02-00_p10,2024-01-24 17:02:00,213,CLARO,3260,6170
02-05-2024_15-18-14_p0026_s197_b3,2024-05-02 15:18:14,197,CATARRO COLA CLARO,2610,7900
07-03-2024_14-02-09_p0010_s133_b2,2024-03-07 14:02:09,133,MASTIGAR,1800,3970
10-05-2024_10-07-00_p0030_s278_b4,2024-05-10 10:07:00,278,UMA-DOSE TOMAR TODO-DIA,2530,6470
11-05-2024_09-34-08_p0034_s169_b3,2024-05-11 09:34:08,169,REMÉDIO CURAR-NÃO,2510,4480
13-03-2024_15-32-16_p0014_s152_b2,2024-03-13 15:32:16,152,OBRIGADO,2090,3910
16-04-2024_10-23-42_p0025_s216_b4,2024-04-16 10:23:42,216,FEZES-LÍQUIDAS-EXPLODIR,1560,3710
24-01-2024_17-27-35_p10,2024-01-24 17:27:35,260,NÃO FUMAR,3000,4630
24-05-2024_18-34-53_p0031_s90_b2,2024-05-24 18:34:53,90,DOR OUVIDO,1450,4900
20-05-2024_16-05-46_p0023,2024-05-20 16:05:46,148.13,M,1240,3170
24-07-2024_14-12-09_p0041_s14_b1,2024-07-24 14:12:09,14,DOR PERNA ATRÁS,1740,7910
08-04-2024_15-52-05_p0021_s128_b2,2024-04-08 15:52:05,128,LOCAIS BARULHO,2640,6000
24-05-2024_18-48-27_p0031_s120_b2,2024-05-24 18:48:27,120,VER DOBRADO,2310,5080
17-07-2024_14-39-10_p0041_s141_b2,2024-07-17 14:39:10,141,MEXER-PESCOÇO,2300,5430
03-05-2024_18-57-17_p0031,2024-05-03 18:57:17,P15.3,CATARRO TER O U TER-NÃO,1560,6200
20-05-2024_11-59-42_p0034_s209_b4,2024-05-20 11:59:42,209,NENHUM VONTADE NADA VOMITAR,3260,7180
28-06-2024_14-33-11_p0035_s66_b1,2024-06-28 14:33:11,66,VAGINA VERMELHO SANGRAR,1670,5260
22-02-2024_11-41-36_p0017_s226_b4,2024-02-22 11:41:36,226,PRESSÃO ALTO,1430,3840
05-06-2024_10-03-07_p0036_s226_b4,2024-06-05 10:03:07,226,PRESSÃO ALTO,2790,6960
12-03-2024_14-29-03_p0022_s33_b1,2024-03-12 14:29:03,33,COÇAR,3990,8210
22-04-2024_09-19-21_p0025,2024-04-22 09:19:21,170.6,6,1410,3490
29-04-2024_11-58-57_p0029,2024-04-29 11:58:57,148.10,J,2110,4230
05-03-2024_10-25-04_p0014_s12_b1,2024-03-05 10:25:04,12,DOR BRAÇO,4310,7460
12-03-2024_10-49-31_p0021_s271_b4,2024-03-12 10:49:31,271,CHAMPANHE,1750,3290
07-03-2024_13-52-59_p0010_s114_b2,2024-03-07 13:52:59,114,DOR CHOQUE,1150,3340
16-04-2024_15-41-51_p0016_s182_b3,2024-04-16 15:41:51,182,QUEIXO DOR ESPALHAR,1260,6300
19-03-2024_14-58-12_p0022_s89_b2,2024-03-19 14:58:12,89,DOR LADO-CABEÇA,2360,6670
10-05-2024_09-52-09_p0030_s251_b4,2024-05-10 09:52:09,251,ALERGIA GRUPO BORRACHA,2480,6500
25-03-2024_15-25-53_p0020,2024-03-25 15:25:53,P18.3,COMO FEZES COMO,3080,5840
17-07-2024_14-45-00_p0041_s156_b2,2024-07-17 14:45:00,156,NÃO-ENTENDER,2450,5030
22-02-2024_11-12-47_p0017_s198_b3,2024-02-22 11:12:47,198,CATARRO COLA BRANCO,2220,5360
25-03-2024_16-11-19_p0020_s95_b2,2024-03-25 16:11:19,95,DOR OLHOS,1200,4680
25-03-2024_15-36-59_p0020_s228_b4,2024-03-25 15:36:59,228,AIDS,2280,3690
18-06-2024_16-27-39_p0028_s226_b4,2024-06-18 16:27:39,226,PRESSÃO ALTO,300,2420
16-04-2024_15-54-22_p0016_s196_b3,2024-04-16 15:54:22,196,TOSSE CATARRO COLA,1420,6360
20-05-2024_15-42-29_p0023_s123_b2,2024-05-20 15:42:29,123,ZUMBIDO OUVIDO,2270,6390
06-05-2024_15-38-21_p0032_s249_b4,2024-05-06 15:38:21,249,ALERGIA GATO,2850,6460
10-05-2024_09-04-39_p0030_s200_b3,2024-05-10 09:04:39,200,CATARRO COLA VERDE,3020,6200
11-03-2024_15-26-33_p0020_s159_b3,2024-03-11 15:26:33,159,SUBIR-MORRO CORPO PIOR NÃO,3010,6610
20-05-2024_15-44-26_p0023_s126_b2,2024-05-20 15:44:26,126,BEBER ÁLCOOL,1880,5130
18-06-2024_15-22-32_p0028_s133_b2,2024-06-18 15:22:32,133,MASTIGAR,1540,4780
19-06-2024_16-48-45_p0023_s72_b1,2024-06-19 16:48:45,72,2-MÊS,1540,3880
16-07-2024_16-59-55_p0039_s281_b4,2024-07-16 16:59:55,281,TAÇA TOMAR VINHO TODO-DIA,2170,9820
22-01-2024_16-33-19_p9,2024-01-22 16:33:19,P9.6,SUBIR-ESCADA FÍSICO PIOR,4990,12470
28-06-2024_15-03-59_p0035,2024-06-28 15:03:59,P18.1,ENJOAR O U VOMITAR,2370,8250
11-06-2024_13-55-27_p0035_sP05_b2,2024-06-11 13:55:27,P5,POR-QUE PROCURAR VIR HOJE TER PIORAR,2710,12320
24-04-2024_16-08-54_p0027_s205_b3,2024-04-24 16:08:54,205,TRÊS VACINA,4000,7170
26-02-2024_15-27-02_p0019_s213_b4,2024-02-26 15:27:02,213,CLARO,3240,4990
20-05-2024_16-09-17_p0023,2024-05-20 16:09:17,148.26,Z,1280,3760
03-05-2024_14-08-11_p0027_s108_b2,2024-05-03 14:08:11,108,DOR LEVE,1550,6090
13-03-2024_14-53-46_p0014_s91_b2,2024-03-13 14:53:46,91,DOR LADO-CABEÇA LADO-CABEÇA,2350,7030
26-08-2024_15-31-51_p0019_s43_b1,2024-08-26 15:31:51,43,ESCORPIÃO PICAR,2960,5710
07-03-2024_14-10-32_p0010,2024-03-07 14:10:32,148.5,E,1250,2300
13-03-2024_15-19-13_p0014_s140_b2,2024-03-13 15:19:13,140,PERNAS MEXER-PERNAS,3400,7930
18-06-2024_15-00-24_p0028_s97_b2,2024-06-18 15:00:24,97,DOR LADOS-BARRIGA,2070,4480
08-04-2024_16-33-31_p0021_s9_b1,2024-04-08 16:33:31,9,DOR LOMBAR,1580,4190
03-05-2024_18-28-53_p0031,2024-05-03 18:28:53,P9.6,SUBIR-ESCADA FÍSICO PIOR,1710,5800
23-04-2024_15-24-45_p0026_s53_b1,2024-04-23 15:24:45,53,XIXI VERMELHO,1700,4010
10-05-2024_16-31-16_p0033_s22_b1,2024-05-10 16:31:16,22,EVACUAR MOLE VERMELHO,1400,5090
28-06-2024_15-37-28_p0035,2024-06-28 15:37:28,P23.1,VOCÊ FUMAR,2200,5760
28-06-2024_15-13-32_p0035_s222_b4,2024-06-28 15:13:32,222,DOR-BARRIGA NENHUM,3250,7830
13-05-2024_15-53-24_p0028,2024-05-13 15:53:24,170.10,10,1030,4090
26-04-2024_14-33-52_p0028_s8_b1,2024-04-26 14:33:52,8,DOR COSTAS,2300,6850
20-05-2024_12-26-32_p0034_s260_b4,2024-05-20 12:26:32,260,NÃO FUMAR,3070,6230
10-05-2024_08-50-15_p0030_s183_b3,2024-05-10 08:50:15,183,DOR ESPALHAR OMBRO,3170,6410
16-04-2024_15-41-29_p0016_s181_b3,2024-04-16 15:41:29,181,PESCOÇO DOR ESPALHAR,1260,5840
28-06-2024_14-31-11_p0035_s62_b1,2024-06-28 14:31:11,62,MATERIAL GRUPO CORTAR TAMBÉM OBJETO-FINO-LONGO FINCAR,2670,11070
22-02-2024_11-45-07_p0017_s240_b4,2024-02-22 11:45:07,240,VÍCIO FUMAR,1680,3970
22-02-2024_11-04-29_p0017_s180_b3,2024-02-22 11:04:29,180,NUCA DOR ESPALHAR,1910,6390
03-05-2024_08-31-23_p0030_s13_b1,2024-05-03 08:31:23,13,DOR PERNA,2060,5350
18-06-2024_15-24-49_p0028_s133_b2,2024-06-18 15:24:49,133,MASTIGAR,2020,4590
28-02-2024_16-27-53_p0011_s114_b2,2024-02-28 16:27:53,114,DOR CHOQUE,1640,7650
26-04-2024_14-46-52_p0028_s34_b1,2024-04-26 14:46:52,34,FEBRE,2440,5490
18-04-2024_10-10-04_p0025_s7_b1,2024-04-18 10:10:04,7,DOR PEITO,2150,6110
07-03-2024_13-40-55_p0010_s85_b2,2024-03-07 13:40:55,85,UM SEMANA,1900,3800
26-08-2024_15-48-24_p0019_s73_b1,2024-08-26 15:48:24,73,COMER,1920,4440
11-06-2024_14-41-16_p0035,2024-06-11 14:41:16,148.21,U,2070,5820
08-05-2024_10-00-02_p0030,2024-05-08 10:00:02,148.14,N,2240,3840
19-07-2024_15-33-37_p0040_s41_b1,2024-07-19 15:33:37,41,GATO MORDER,1820,5030
08-06-2024_10-30-12_p0031_s33_b1,2024-06-08 10:30:12,33,COÇAR,2300,4690
12-06-2024_16-31-44_p0038,2024-06-12 16:31:44,P11.2,SENTIR DOR OUTRAS-VEZES DIVERSAS-VEZES ENTÃO,5630,11150
13-05-2024_16-02-06_p0028_s178_b3,2024-05-13 16:02:06,178,CINCO ANO,1150,4350
24-07-2024_15-24-03_p0041_s267_b4,2024-07-24 15:24:03,267,VODCA,1600,4010
20-02-2024_16-26-25_p0015_s227_b4,2024-02-20 16:26:25,227,ASMA,930,5680
03-04-2024_16-12-30_p0023_s279_b4,2024-04-03 16:12:30,279,DUAS-DOSES TOMAR DUAS-VEZES SEMANA,3530,7880
06-05-2024_15-11-18_p0032_s209_b4,2024-05-06 15:11:18,209,NENHUM VONTADE NADA VOMITAR,2390,7940
29-04-2024_15-57-13_p0024_s194_b3,2024-04-29 15:57:13,194,TOSSE SECO,2280,6240
10-05-2024_16-29-26_p0033_s18_b1,2024-05-10 16:29:26,18,DIFÍCIL RESPIRAR,1520,6200
30-04-2024_13-15-26_p0024_s106_b2,2024-04-30 13:15:26,106,DOR PULSAR,2800,7190
03-05-2024_14-25-10_p0027,2024-05-03 14:25:10,148.11,K,1770,4420
24-01-2024_17-02-51_p10,2024-01-24 17:02:51,215,FEZES-LÍQUIDAS BORBULHAR,5090,8390
29-02-2024_14-11-31_p0010_s61_b1,2024-02-29 14:11:31,61,PELE QUEIMAR,1390,3510
16-05-2024_14-34-01_p0034_s108_b2,2024-05-16 14:34:01,108,DOR LEVE,2240,7220
19-03-2024_14-53-18_p0022_s83_b2,2024-03-19 14:53:18,83,UM-DIA,2160,3910
08-06-2024_10-27-37_p0031_s25_b1,2024-06-08 10:27:37,25,FEZES ESCURO,1800,3710
19-06-2024_10-02-14_p0036_s29_b1,2024-06-19 10:02:14,29,INCHAR,2770,5590
22-04-2024_09-21-46_p0025_s172_b3,2024-04-22 09:21:46,172,VÁRIAS-VEZES,2010,4390
16-04-2024_10-57-18_p0025_s273_b4,2024-04-16 10:57:18,273,UM LATA UMA-VEZ SEMANA,2480,5950
28-06-2024_15-44-22_p0035_s272_b4,2024-06-28 15:44:22,272,UM LATA TODO-DIA,1310,5860
16-07-2024_16-40-27_p0039_s253_b4,2024-07-16 16:40:27,253,ALERGIA O V O OVO,2900,7100
24-04-2024_15-34-36_p0027,2024-04-24 15:34:36,170.6,6,3240,4500
28-06-2024_14-37-40_p0035_s73_b1,2024-06-28 14:37:40,73,COMER,1540,3090
28-06-2024_14-17-41_p0035_s31_b1,2024-06-28 14:17:41,31,MANCHAS-PELE,2240,4370
16-07-2024_16-20-06_p0039_s218_b4,2024-07-16 16:20:06,218,FEZES-LÍQUIDAS ESCURO,1750,5320
10-05-2024_15-31-29_p0033_s245_b4,2024-05-10 15:31:29,245,ÁCARO ALERGIA,2540,5240
05-06-2024_09-48-00_p0036_s214_b4,2024-06-05 09:48:00,214,FEZES-LÍQUIDAS BRILHANTE,2280,6740
26-03-2024_15-06-45_p0022,2024-03-26 15:06:45,P9.6,SUBIR-ESCADA FÍSICO PIOR,2320,8700
21-02-2024_15-24-12_p0016_s98_b2,2024-02-21 15:24:12,98,DOR BEXIGA,1810,5720
20-05-2024_15-41-09_p0023_s120_b2,2024-05-20 15:41:09,120,VER DOBRADO,1920,5480
29-02-2024_13-40-44_p0010_s9_b1,2024-02-29 13:40:44,9,DOR LOMBAR,1540,4090
12-03-2024_14-26-55_p0022_s27_b1,2024-03-12 14:26:55,27,CATARRO GRIPE,4320,8000
18-06-2024_15-25-36_p0028_s135_b2,2024-06-18 15:25:36,135,ENGOLIR,1960,4960
30-01-2024_11-10-14_p11,2024-01-30 11:10:14,28,NARIZ-LADOS FECHAR,930,5460
05-06-2024_10-28-40_p0036_s267_b4,2024-06-05 10:28:40,267,VODCA,3310,5790
25-03-2024_15-40-20_p0020_s236_b4,2024-03-25 15:40:20,236,FÍGADO INFLAMADO,2110,4950
27-05-2024_15-32-47_p0032_s171_b3,2024-05-27 15:32:47,171,UMA-VEZ,2040,5630
18-04-2024_15-40-44_p0026_s138_b2,2024-04-18 15:40:44,138,APERTAR,3050,6470
24-04-2024_16-07-25_p0027_s203_b3,2024-04-24 16:07:25,203,NÃO VACINAR COVID-19,3800,7670
12-03-2024_14-39-21_p0022_s56_b1,2024-03-12 14:39:21,56,VERMELHO FEZES,1900,5540
21-02-2024_15-39-30_p0016_sP07_b2,2024-02-21 15:39:30,P7,SENTIR JUNTO ITENS MAIS TER,2390,10130
18-03-2024_11-41-13_p0013_s274_b4,2024-03-18 11:41:13,274,DOIS LATAS DUAS-VEZES SEMANA,2320,7810
20-03-2024_15-19-33_p0015,2024-03-20 15:19:33,P15.2,TOSSE COMO,2630,5540
08-05-2024_16-13-04_p0033,2024-05-08 16:13:04,P15.3,CATARRO TER O U TER-NÃO,3170,6460
26-08-2024_15-46-20_p0019_s69_b1,2024-08-26 15:46:20,69,30 MINUTO,1540,4890
22-02-2024_13-19-06_p0018_s3_b1,2024-02-22 13:19:06,3,MUDAR COMPORTAMENTO,6170,8460
13-03-2024_16-06-53_p0014,2024-03-13 16:06:53,P22.3,QUAL MEDICAMENTO,2430,5080
29-04-2024_16-55-05_p0024_s56_b1,2024-04-29 16:55:05,56,VERMELHO FEZES,1990,6450
05-06-2024_15-28-06_p0037,2024-06-05 15:28:06,P22.3,QUAL MEDICAMENTO,1680,4880
10-05-2024_15-11-58_p0033_s221_b4,2024-05-10 15:11:58,221,TER P U S MISTURAR AMARELO BRANCO MISTURAR,2860,8310
03-04-2024_16-11-18_p0023_s277_b4,2024-04-03 16:11:18,277,DOIS GARRAFAS DUAS-VEZES SEMANA,3550,8050
20-03-2024_15-19-13_p0015,2024-03-20 15:19:13,P15.1,TER TOSSE,2650,4550
29-04-2024_16-25-48_p0024_s4_b1,2024-04-29 16:25:48,4,CONVULSÃO ENROLAR-LÍNGUA,2230,6580
26-03-2024_16-25-27_p0022_s256_b4,2024-03-26 16:25:27,256,ALERGIA AMENDOIM,2540,5730
25-03-2024_16-29-25_p0020_s130_b2,2024-03-25 16:29:25,130,CORPO ESFORÇAR,1140,7010
30-04-2024_13-45-38_p0024,2024-04-30 13:45:38,148.8,H,2640,3430
18-03-2024_11-25-31_p0013_s245_b4,2024-03-18 11:25:31,245,ÁCARO ALERGIA,1660,7140
24-05-2024_19-02-45_p0031_s145_b2,2024-05-24 19:02:45,145,ÁGUA QUENTE COLOCAR-BRAÇO,1600,5970
22-02-2024_11-55-05_p0017_s269_b4,2024-02-22 11:55:05,269,CACHAÇA,1030,3060
08-04-2024_17-01-50_p0021_s75_b1,2024-04-08 17:01:50,75,TOSSIR,1530,3480
07-03-2024_14-04-25_p0010_s141_b2,2024-03-07 14:04:25,141,MEXER-PESCOÇO,1890,3840
28-02-2024_16-53-16_p0011,2024-02-28 16:53:16,148.1,A,1680,5030
08-05-2024_15-43-23_p0033_s178_b3,2024-05-08 15:43:23,178,CINCO ANO,3070,5710
08-06-2024_10-48-06_p0031_s72_b1,2024-06-08 10:48:06,72,2-MÊS,1910,4000
03-05-2024_08-57-17_p0030_s74_b1,2024-05-03 08:57:17,74,BEBER,2230,3840
22-02-2024_15-50-18_p0014,2024-02-22 15:50:18,P17.2,QUANTOS VACINAR,2710,5720
24-07-2024_14-37-23_p0041_s73_b1,2024-07-24 14:37:23,73,COMER,1430,4820
12-06-2024_10-33-06_p0036_s154_b2,2024-06-12 10:33:06,154,PARAR,1970,3830
07-05-2024_14-10-59_p0027_s217_b4,2024-05-07 14:10:59,217,FEZES-LÍQUIDAS BRANCO,2830,5650
08-06-2024_10-25-33_p0031_s19_b1,2024-06-08 10:25:33,19,PALPITAÇÃO,1780,3000
17-07-2024_14-23-12_p0041_s108_b2,2024-07-17 14:23:12,108,DOR LEVE,1500,6380
08-04-2024_16-31-32_p0021_s6_b1,2024-04-08 16:31:32,6,DOR PESCOÇO,1620,4270
26-04-2024_14-52-22_p0028_s41_b1,2024-04-26 14:52:22,41,GATO MORDER,2100,5440
05-06-2024_10-08-06_p0036_s236_b4,2024-06-05 10:08:06,236,FÍGADO INFLAMADO,2570,6860
13-03-2024_16-15-09_p0014_s274_b4,2024-03-13 16:15:09,274,DOIS LATAS DUAS-VEZES SEMANA,2880,8000
02-05-2024_14-59-33_p0026_s174_b3,2024-05-02 14:59:33,174,TRÊS-VEZES DIA,1230,5120
26-03-2024_15-48-31_p0022_s208_b3,2024-03-26 15:48:31,208,NÃO TRAZER CARTÃO-DE-VACINA NENHUM,1540,7080
12-03-2024_14-22-34_p0022_s16_b1,2024-03-12 14:22:34,16,RESPIRAR FALTAR,2940,8150
18-06-2024_15-32-10_p0028_s146_b2,2024-06-18 15:32:10,146,REMÉDIO,2160,3950
19-06-2024_10-10-12_p0036_s45_b1,2024-06-19 10:10:12,45,PROBLEMA OLHOS,2290,5990
27-05-2024_15-31-16_p0032,2024-05-27 15:31:16,170.10,10,1980,6950
26-08-2024_15-33-26_p0019_s46_b1,2024-08-26 15:33:26,46,PROBLEMA OUVIDOS,3260,6590
17-07-2024_14-42-15_p0041_s147_b2,2024-07-17 14:42:15,147,JEJUM,3220,5260
23-04-2024_11-25-56_p0024_s228_b4,2024-04-23 11:25:56,228,AIDS,1840,4320
19-06-2024_10-25-23_p0036_s71_b1,2024-06-19 10:25:23,71,2-HORA,1940,4930
21-02-2024_16-08-46_p0016,2024-02-21 16:08:46,148.21,U,1320,3850
23-04-2024_11-17-36_p0024_s215_b4,2024-04-23 11:17:36,215,FEZES-LÍQUIDAS BORBULHAR,5690,9230
21-02-2024_16-10-50_p0016_s151_b2,2024-02-21 16:10:50,151,OBRIGADO,2660,5360
24-07-2024_14-38-42_p0041_s77_b1,2024-07-24 14:38:42,77,EXERCÍCIO-FÍSICO,1580,5140
17-06-2024_15-26-11_p0019_s141_b2,2024-06-17 15:26:11,141,MEXER-PESCOÇO,1860,6200
24-07-2024_14-19-34_p0041_s31_b1,2024-07-24 14:19:34,31,MANCHAS-PELE,1640,4870
20-05-2024_12-36-19_p0034_s276_b4,2024-05-20 12:36:19,276,GARRAFA UMA-VEZ SEMANA,2780,6170
03-05-2024_14-00-46_p0027_s85_b2,2024-05-03 14:00:46,85,UM SEMANA,1770,5120
29-02-2024_14-04-27_p0010_s45_b1,2024-02-29 14:04:27,45,PROBLEMA OLHOS,1150,2670
19-06-2024_10-18-52_p0036_s62_b1,2024-06-19 10:18:52,62,MATERIAL GRUPO CORTAR TAMBÉM OBJETO-FINO-LONGO FINCAR,1720,10840
18-06-2024_16-59-07_p0028_s281_b4,2024-06-18 16:59:07,281,TAÇA TOMAR VINHO TODO-DIA,1620,7600
19-07-2024_14-19-13_p0040_s134_b2,2024-07-19 14:19:13,134,MASTIGAR,3570,6480
07-03-2024_13-58-08_p0010_s121_b2,2024-03-07 13:58:08,121,VER MANCHAS,1240,4910
22-02-2024_13-26-20_p0018_s23_b1,2024-02-22 13:26:20,23,TONTURA-ENJOO,2040,5350
21-02-2024_11-48-52_p0013_s46_b1,2024-02-21 11:48:52,46,PROBLEMA OUVIDOS,2420,4710
24-07-2024_14-28-30_p0041_s53_b1,2024-07-24 14:28:30,53,XIXI VERMELHO,1860,6320
21-02-2024_15-25-44_p0016_s104_b2,2024-02-21 15:25:44,104,DOR PERNA-DIREITA PERNA-ESQUERDA,1460,6620
27-03-2024_16-25-20_p0015_s66_b1,2024-03-27 16:25:20,66,VAGINA VERMELHO SANGRAR,1750,5890
27-05-2024_17-00-00_p0032_s68_b1,2024-05-27 17:00:00,68,15 MINUTO,2180,5130
03-05-2024_08-58-14_p0030_s77_b1,2024-05-03 08:58:14,77,EXERCÍCIO-FÍSICO,2350,4570
03-05-2024_08-44-42_p0030_s44_b1,2024-05-03 08:44:42,44,PRESSÃO-ARTERIAL ALTO-BAIXO,1900,4940
10-05-2024_15-28-33_p0033_s236_b4,2024-05-10 15:28:33,236,FÍGADO INFLAMADO,2260,4020
30-01-2024_11-23-37_p11,2024-01-30 11:23:37,63,TIRO FURAR-BARRIGA,1830,5060
23-04-2024_11-42-28_p0024,2024-04-23 11:42:28,P24.2,BEBIDA QUAL,2080,4090
27-05-2024_16-32-40_p0032_s8_b1,2024-05-27 16:32:40,8,DOR COSTAS,2060,4960
29-04-2024_12-05-56_p0029_s157_b2,2024-04-29 12:05:56,157,CONTINUAR,1790,3960
18-04-2024_15-38-27_p0026_s129_b2,2024-04-18 15:38:27,129,LOCAIS LUZ-FORTE,2430,6050
29-02-2024_13-42-07_p0010_s12_b1,2024-02-29 13:42:07,12,DOR BRAÇO,2300,4740
26-03-2024_16-34-39_p0022_s272_b4,2024-03-26 16:34:39,272,UM LATA TODO-DIA,2260,5630
20-03-2024_15-15-03_p0015_s189_b3,2024-03-20 15:15:03,189,DOR PERNAS-ESPALHAR APONTAR-PERNA,2000,6330
13-03-2024_15-29-58_p0014,2024-03-13 15:29:58,148.24,X,1500,3230
08-04-2024_15-33-39_p0021_s98_b2,2024-04-08 15:33:39,98,DOR BEXIGA,2020,5310
20-05-2024_11-46-41_p0034_s56_b1,2024-05-20 11:46:41,56,VERMELHO FEZES,2420,5940
06-05-2024_15-42-41_p0032_s255_b4,2024-05-06 15:42:41,255,ALERGIA CATEGORIA T R I G O FARINHA,3720,10010
28-06-2024_14-18-53_p0035_s34_b1,2024-06-28 14:18:53,34,FEBRE,1830,3300
26-04-2024_14-39-08_p0028_s20_b1,2024-04-26 14:39:08,20,TONTURA CAIR-PESSOA,5160,9230
13-03-2024_16-07-58_p0014_s260_b4,2024-03-13 16:07:58,260,NÃO FUMAR,2610,5340
05-06-2024_10-27-44_p0036_s266_b4,2024-06-05 10:27:44,266,DOSE ÁLCOOL,2040,5670
07-05-2024_14-30-09_p0027_s260_b4,2024-05-07 14:30:09,260,NÃO FUMAR,1830,3730
16-07-2024_16-29-43_p0039_s228_b4,2024-07-16 16:29:43,228,AIDS,1990,4350
24-07-2024_14-14-49_p0041_s21_b1,2024-07-24 14:14:49,21,EVACUAR-ESPALHAR,2910,7300
08-05-2024_09-51-04_p0030_s135_b2,2024-05-08 09:51:04,135,ENGOLIR,1530,3570
25-03-2024_16-36-19_p0020,2024-03-25 16:36:19,148.1,A,1540,4460
30-04-2024_13-24-14_p0024_s118_b2,2024-04-30 13:24:14,118,OLHOS-LACRIMEJAR,3870,6990
05-06-2024_09-52-05_p0036_s220_b4,2024-06-05 09:52:05,220,TER M U C O COLA,1780,7940
05-06-2024_10-15-19_p0036_s252_b4,2024-06-05 10:15:19,252,ALERGIA LEITE,2950,7760
20-02-2024_16-19-21_p0015_s218_b4,2024-02-20 16:19:21,218,FEZES-LÍQUIDAS ESCURO,2590,6650
11-03-2024_15-38-52_p0020,2024-03-11 15:38:52,170.4,4,1810,2870
13-03-2024_15-16-14_p0014_s132_b2,2024-03-13 15:16:14,132,NARIZ ESPIRRAR,3950,6100
24-05-2024_18-49-07_p0031_s122_b2,2024-05-24 18:49:07,122,TODA-HORA URINAR,2020,4940
22-02-2024_15-53-05_p0014_s208_b3,2024-02-22 15:53:05,208,NÃO TRAZER CARTÃO-DE-VACINA NENHUM,2170,6830
06-05-2024_16-09-00_p0032_s279_b4,2024-05-06 16:09:00,279,DUAS-DOSES TOMAR DUAS-VEZES SEMANA,3290,9490
23-04-2024_15-35-32_p0026_s79_b1,2024-04-23 15:35:32,79,SENTADO,2240,3950
11-06-2024_14-24-40_p0035_s129_b2,2024-06-11 14:24:40,129,LOCAIS LUZ-FORTE,2780,6930
27-05-2024_16-40-57_p0032_s24_b1,2024-05-27 16:40:57,24,VOMITAR,1700,5830
09-05-2024_14-45-31_p0033,2024-05-09 14:45:31,P8.1,S I FAZER COISAS SENTIR DOR PIORAR,3180,10630
24-05-2024_19-07-53_p0031,2024-05-24 19:07:53,148.7,G,1730,3660
07-05-2024_15-01-18_p0027_s26_b1,2024-05-07 15:01:18,26,TOSSIR,1600,4370
19-07-2024_14-23-10_p0040_s142_b2,2024-07-19 14:23:10,142,MOVIMENTAR-CORPO DOR PIORAR,2430,8360
07-05-2024_15-02-49_p0027_s31_b1,2024-05-07 15:02:49,31,MANCHAS-PELE,1800,5450
29-02-2024_14-07-44_p0010_s52_b1,2024-02-29 14:07:44,52,XIXI ESPUMAR,1340,3570
18-06-2024_15-06-54_p0028_s111_b2,2024-06-18 15:06:54,111,DOR PESO,1250,3730
06-05-2024_15-57-02_p0032,2024-05-06 15:57:02,P23.2,TOTAL TEMPO QUANTO,3330,7590
25-03-2024_16-43-35_p0020_s149_b2,2024-03-25 16:43:35,149,DEVAGAR,1150,4240
08-06-2024_10-44-35_p0031_s63_b1,2024-06-08 10:44:35,63,TIRO FURAR-BARRIGA,1370,3290
18-06-2024_16-39-31_p0028_s253_b4,2024-06-18 16:39:31,253,ALERGIA O V O OVO,2230,6150
29-04-2024_16-56-23_p0024_s59_b1,2024-04-29 16:56:23,59,TRAUMA,1740,4190
27-05-2024_15-13-10_p0032_s163_b3,2024-05-27 15:13:10,163,TOMAR-BANHO CORPO PIOR NÃO,2180,8870
08-04-2024_15-42-13_p0021_s112_b2,2024-04-08 15:42:13,112,DOR QUEIMAR,1730,5360
08-05-2024_15-32-41_p0033,2024-05-08 15:32:41,170.9,9,2800,4160
03-05-2024_14-14-45_p0027_s124_b2,2024-05-03 14:14:45,124,GASES,1400,5420
22-01-2024_17-19-35_p9,2024-01-22 17:19:35,200,CATARRO COLA VERDE,4890,9860
05-06-2024_10-22-47_p0036_s260_b4,2024-06-05 10:22:47,260,NÃO FUMAR,3730,7650
28-02-2024_16-15-52_p0011_s96_b2,2024-02-28 16:15:52,96,DOR MEIO-BARRIGA,1640,7720
16-07-2024_16-51-56_p0039_s264_b4,2024-07-16 16:51:56,264,CERVEJA,1780,3940
24-04-2024_16-02-57_p0027_s197_b3,2024-04-24 16:02:57,197,CATARRO COLA CLARO,3700,8730
19-06-2024_09-50-08_p0036_s4_b1,2024-06-19 09:50:08,4,CONVULSÃO ENROLAR-LÍNGUA,1520,5030
10-05-2024_15-15-28_p0033_s223_b4,2024-05-10 15:15:28,223,DIABETES,3220,4190
30-04-2024_13-29-23_p0024,2024-04-30 13:29:23,P8.1,S I FAZER COISAS SENTIR DOR PIORAR,2240,7590
03-05-2024_14-27-32_p0027,2024-05-03 14:27:32,148.21,U,1210,3970
27-03-2024_16-29-26_p0015_s74_b1,2024-03-27 16:29:26,74,BEBER,1100,3740
21-02-2024_16-14-10_p0016_s154_b2,2024-02-21 16:14:10,154,PARAR,1300,3450
26-04-2024_15-09-50_p0028_s74_b1,2024-04-26 15:09:50,74,BEBER,2840,6640
19-06-2024_10-15-12_p0036_s55_b1,2024-06-19 10:15:12,55,VERMELHO NARIZ-SANGRAR GRIPE,3410,9740
18-04-2024_15-24-38_p0026_s93_b2,2024-04-18 15:24:38,93,DOR NUCA,1770,4980
03-04-2024_15-33-41_p0023_s215_b4,2024-04-03 15:33:41,215,FEZES-LÍQUIDAS BORBULHAR,2780,4400
18-04-2024_15-26-56_p0026_s100_b2,2024-04-18 15:26:56,100,DOR VIRILHA,1780,5910
08-04-2024_16-06-25_p0021,2024-04-08 16:06:25,148.4,D,2510,4900
26-03-2024_15-03-06_p0022_s161_b3,2024-03-26 15:03:06,161,PLANO ANDAR FÍSICO PIOR NÃO,1880,9160
11-05-2024_09-33-24_p0034_s168_b3,2024-05-11 09:33:24,168,REMÉDIO CURAR,3190,6350
27-05-2024_16-35-06_p0032_s14_b1,2024-05-27 16:35:06,14,DOR PERNA ATRÁS,1680,7160
20-02-2024_16-25-11_p0015_s223_b4,2024-02-20 16:25:11,223,DIABETES,1230,4310
08-04-2024_16-18-59_p0021_s155_b2,2024-04-08 16:18:59,155,PARAR,1650,4580
18-04-2024_10-37-20_p0025_sP03_b1,2024-04-18 10:37:20,P3,COMO COMEÇAR QUE VOCÊ FAZER O-QUE,1310,7780
16-04-2024_10-54-15_p0025_s267_b4,2024-04-16 10:54:15,267,VODCA,1870,3260
29-02-2024_14-19-34_p0010_s79_b1,2024-02-29 14:19:34,79,SENTADO,1190,2330
24-07-2024_15-31-12_p0041_s282_b4,2024-07-24 15:31:12,282,UM COPO CHEIO TODO-DIA,2670,7840
21-02-2024_11-30-48_p0013_s7_b1,2024-02-21 11:30:48,7,DOR PEITO,2160,4300
29-04-2024_16-51-52_p0024_s48_b1,2024-04-29 16:51:52,48,XIXI VAZAR,2260,6630
26-03-2024_16-36-07_p0022_s276_b4,2024-03-26 16:36:07,276,GARRAFA UMA-VEZ SEMANA,3270,7100
13-03-2024_15-51-49_p0014_s224_b4,2024-03-13 15:51:49,224,INFARTO,2430,4790
08-06-2024_10-18-57_p0031_s1_b1,2024-06-08 10:18:57,1,CONFUSÃO-MENTAL PERCEPÇÃO ESQUECER,1970,5280
24-04-2024_16-18-05_p0027,2024-04-24 16:18:05,P17.3,VOCÊ JÁ VACINAR GRIPE,3070,8540
08-04-2024_16-16-16_p0021,2024-04-08 16:16:16,148.25,Y,1580,3870
17-07-2024_14-24-14_p0041_s110_b2,2024-07-17 14:24:14,110,DOR APERTAR,1990,6160
28-06-2024_15-34-07_p0035_s255_b4,2024-06-28 15:34:07,255,ALERGIA CATEGORIA T R I G O FARINHA,1680,8830
18-06-2024_15-05-48_p0028_s109_b2,2024-06-18 15:05:48,109,DOR MUITO-FORTE,1590,4860
02-05-2024_15-56-27_p0026_s235_b4,2024-05-02 15:56:27,235,OBESIDADE,2230,4950
11-03-2024_15-50-29_p0020_s182_b3,2024-03-11 15:50:29,182,QUEIXO DOR ESPALHAR,1740,6100
12-07-2024_14-55-56_p0040,2024-07-12 14:55:56,170.7,7,970,3680
24-07-2024_15-22-49_p0041,2024-07-24 15:22:49,P24.2,BEBIDA QUAL,2650,4890
29-04-2024_16-49-01_p0024_s41_b1,2024-04-29 16:49:01,41,GATO MORDER,2290,6190
26-03-2024_15-20-06_p0022,2024-03-26 15:20:06,P11.3,NO-DECORRER-DO-TEMPO SENTIR DOR NO-TOTAL QUANTOS,2260,10880
07-05-2024_14-23-12_p0027_s248_b4,2024-05-07 14:23:12,248,ALERGIA CACHORRO,1910,4370
19-06-2024_10-17-02_p0036_s59_b1,2024-06-19 10:17:02,59,TRAUMA,3460,6140
20-03-2024_15-09-42_p0015,2024-03-20 15:09:42,P11.5,PERÍODO DOR TER AUMENTAR,2180,7060
20-05-2024_11-47-52_p0034_s59_b1,2024-05-20 11:47:52,59,TRAUMA,3100,6490
31-01-2024_14-59-01_p13,2024-01-31 14:59:01,180,NUCA DOR ESPALHAR,2220,6300
20-05-2024_11-42-30_p0034_s49_b1,2024-05-20 11:42:30,49,XIXI POUCO,2340,6610
22-02-2024_15-35-17_p0014_s177_b3,2024-02-22 15:35:17,177,UM ANO,1320,4260
31-01-2024_15-10-54_p13,2024-01-31 15:10:54,205,TRÊS VACINA,1210,4310
26-04-2024_14-57-06_p0028_s49_b1,2024-04-26 14:57:06,49,XIXI POUCO,3350,7330
10-05-2024_15-43-01_p0033_s261_b4,2024-05-10 15:43:01,261,UM ANO,2140,3790
18-03-2024_11-34-13_p0013_s259_b4,2024-03-18 11:34:13,259,TER FUMAR SIM,1370,6150
23-04-2024_11-15-49_p0024_s211_b4,2024-04-23 11:15:49,211,FRAGMENTOS MISTURAR MOLE,2450,6970
20-05-2024_16-03-04_p0023,2024-05-20 16:03:04,148.5,E,1610,3090
29-04-2024_16-40-11_p0024_s24_b1,2024-04-29 16:40:11,24,VOMITAR,3160,7270
13-03-2024_15-24-27_p0014,2024-03-13 15:24:27,148.4,D,1610,3590
24-04-2024_16-18-38_p0027_s207_b3,2024-04-24 16:18:38,207,NÃO VACINAR GRIPE,4470,8160
08-05-2024_09-52-55_p0030_s141_b2,2024-05-08 09:52:55,141,MEXER-PESCOÇO,1900,4100
20-05-2024_11-47-05_p0034_s57_b1,2024-05-20 11:47:05,57,TONTEIRA,2130,5660
30-04-2024_13-09-04_p0024_s94_b2,2024-04-30 13:09:04,94,DOR OUVIDO-DIREITO OUVIDO-ESQUERDO,3050,6620
18-03-2024_11-25-04_p0013,2024-03-18 11:25:04,P22.1,VOCÊ TER ALERGIA ENTÃO,1760,6100
19-07-2024_14-32-07_p0040,2024-07-19 14:32:07,148.12,L,1630,3240
18-06-2024_15-44-53_p0028_s154_b2,2024-06-18 15:44:53,154,PARAR,1790,3080
28-06-2024_15-37-59_p0035_s259_b4,2024-06-28 15:37:59,259,TER FUMAR SIM,1410,5860
16-07-2024_16-53-24_p0039_s268_b4,2024-07-16 16:53:24,268,UÍSQUE,3010,5410
19-03-2024_15-35-25_p0022_s144_b2,2024-03-19 15:35:25,144,ÁGUA FRIO COLOCAR-BRAÇO,3380,8170
10-05-2024_09-47-21_p0030_s236_b4,2024-05-10 09:47:21,236,FÍGADO INFLAMADO,1940,5240
28-06-2024_15-11-28_p0035_s221_b4,2024-06-28 15:11:28,221,TER P U S MISTURAR AMARELO BRANCO MISTURAR,2120,8690
18-04-2024_10-36-59_p0025_s72_b1,2024-04-18 10:36:59,72,2-MÊS,2600,5520
11-05-2024_10-11-48_p0034_s243_b3,2024-05-11 10:11:48,243,NÃO TRAZER RECEITA REMÉDIO NENHUM,3730,8780
30-01-2024_14-31-08_p12,2024-01-30 14:31:08,103,DOR JOELHO-DIREITO JOELHO-ESQUERDO,1850,5890
23-04-2024_15-27-47_p0026_s61_b1,2024-04-23 15:27:47,61,PELE QUEIMAR,2270,4870
18-04-2024_15-51-32_p0026,2024-04-18 15:51:32,148.24,X,2540,4520
18-06-2024_17-00-01_p0028_s283_b4,2024-06-18 17:00:01,283,UM COPO UMA-VEZ SEMANA,1680,6320
24-07-2024_14-14-06_p0041_s19_b1,2024-07-24 14:14:06,19,PALPITAÇÃO,1860,5160
25-03-2024_16-30-31_p0020_s133_b2,2024-03-25 16:30:31,133,MASTIGAR,870,4050
07-05-2024_14-34-18_p0027_s267_b4,2024-05-07 14:34:18,267,VODCA,1980,3370
26-02-2024_16-08-04_p0019,2024-02-26 16:08:04,P24.1,BEBIDA ÁLCOOL VOCÊ BEBER VOCÊ,2300,7200
23-04-2024_15-20-27_p0026_s42_b1,2024-04-23 15:20:27,42,COBRA PICAR,2830,4600
03-05-2024_08-56-09_p0030_sP03_b1,2024-05-03 08:56:09,P3,COMO COMEÇAR QUE VOCÊ FAZER O-QUE,1680,6630
25-03-2024_15-54-01_p0020_s264_b4,2024-03-25 15:54:01,264,CERVEJA,1950,4150
16-05-2024_14-58-14_p0034_s137_b2,2024-05-16 14:58:14,137,ESTRESSE,2710,5270
11-06-2024_13-58-24_p0035_s90_b2,2024-06-11 13:58:24,90,DOR OUVIDO,1910,5040
12-03-2024_10-49-11_p0021_s270_b4,2024-03-12 10:49:11,270,G-I-N,1580,3510
08-05-2024_15-28-29_p0033,2024-05-08 15:28:29,170.3,3,2990,4490
17-07-2024_14-47-29_p0041,2024-07-17 14:47:29,148.5,E,1500,4320
12-03-2024_14-42-50_p0022_s65_b1,2024-03-12 14:42:50,65,NASCER VIVO,2470,6030
07-03-2024_13-45-03_p0010_s93_b2,2024-03-07 13:45:03,93,DOR NUCA,1450,3840
25-03-2024_15-55-10_p0020_s268_b4,2024-03-25 15:55:10,268,UÍSQUE,1450,2200
29-04-2024_11-43-51_p0029_s121_b2,2024-04-29 11:43:51,121,VER MANCHAS,1640,5310
22-02-2024_14-37-23_p0018,2024-02-22 14:37:23,148.23,W,1790,4100
03-05-2024_08-55-52_p0030_s72_b1,2024-05-03 08:55:52,72,2-MÊS,2120,3910
23-04-2024_11-29-34_p0024_s239_b4,2024-04-23 11:29:34,239,VÍCIO BEBER ÁLCOOL,2030,6860
16-04-2024_15-32-42_p0016,2024-04-16 15:32:42,170.7,7,1210,3740
19-06-2024_10-27-43_p0036_s75_b1,2024-06-19 10:27:43,75,TOSSIR,1990,4630
10-05-2024_09-11-50_p0030_s208_b3,2024-05-10 09:11:50,208,NÃO TRAZER CARTÃO-DE-VACINA NENHUM,2710,7080
25-03-2024_16-23-56_p0020_s122_b2,2024-03-25 16:23:56,122,TODA-HORA URINAR,1670,6110
07-03-2024_14-14-31_p0010,2024-03-07 14:14:31,148.23,W,1530,2220
27-03-2024_15-33-12_p0015_s145_b2,2024-03-27 15:33:12,145,ÁGUA QUENTE COLOCAR-BRAÇO,1780,6800
24-07-2024_15-24-43_p0041_s269_b4,2024-07-24 15:24:43,269,CACHAÇA,2370,4510
24-05-2024_18-45-11_p0031,2024-05-24 18:45:11,P6.3,DOR IGUAL PESO,1560,5630
16-07-2024_16-18-45_p0039_s214_b4,2024-07-16 16:18:45,214,FEZES-LÍQUIDAS BRILHANTE,1720,4990
18-03-2024_11-20-49_p0013_s229_b4,2024-03-18 11:20:49,229,CÂNCER,1200,4440
10-05-2024_16-10-15_p0033_s277_b4,2024-05-10 16:10:15,277,DOIS GARRAFAS DUAS-VEZES SEMANA,1870,5460
26-03-2024_15-43-10_p0022_s199_b3,2024-03-26 15:43:10,199,CATARRO COLA AMARELO,2160,6700
07-05-2024_14-15-52_p0027_s224_b4,2024-05-07 14:15:52,224,INFARTO,2380,4110
17-07-2024_14-34-58_p0041_s132_b2,2024-07-17 14:34:58,132,NARIZ ESPIRRAR,2900,5120
26-02-2024_16-03-20_p0019_s257_b4,2024-02-26 16:03:20,257,ALERGIA REMÉDIO NÃO-TER,6170,9900
27-05-2024_16-34-18_p0032_s12_b1,2024-05-27 16:34:18,12,DOR BRAÇO,1800,5850
20-03-2024_14-50-53_p0015_s160_b3,2024-03-20 14:50:53,160,PLANO ANDAR CORPO PIOR,2320,8240
12-03-2024_14-28-00_p0022_s30_b1,2024-03-12 14:28:00,30,FERIR PELE,4160,7700
10-05-2024_16-43-54_p0033_s54_b1,2024-05-10 16:43:54,54,VERMELHO SANGRAR-BOCA,1610,5110
08-05-2024_09-49-35_p0030_s130_b2,2024-05-08 09:49:35,130,CORPO ESFORÇAR,2010,4350
07-05-2024_14-12-16_p0027_s220_b4,2024-05-07 14:12:16,220,TER M U C O COLA,2640,6550
29-04-2024_16-42-42_p0024_s29_b1,2024-04-29 16:42:42,29,INCHAR,2100,5070
05-03-2024_10-33-01_p0014_s35_b1,2024-03-05 10:33:01,35,ARREPIAR FRIO,2350,5100
07-05-2024_15-10-51_p0027_s55_b1,2024-05-07 15:10:51,55,VERMELHO NARIZ-SANGRAR GRIPE,1640,7520
22-02-2024_14-31-32_p0018,2024-02-22 14:31:32,148.2,B,1350,3780
05-06-2024_10-16-09_p0036_s254_b4,2024-06-05 10:16:09,254,ALERGIA COMER CATEGORIA ÁGUA-MAR,3370,12500
27-05-2024_15-36-07_p0032_s176_b3,2024-05-27 15:36:07,176,TRÊS-MESES,1710,5920
30-04-2024_13-47-24_p0024,2024-04-30 13:47:24,148.14,N,1980,3130
22-02-2024_11-46-43_p0017_s246_b4,2024-02-22 11:46:43,246,F U N G O S SINAL FUNGO,2050,11460
10-05-2024_09-03-06_p0030,2024-05-10 09:03:06,P15.4,CATARRO COLA COR QUAL,2020,5710
20-05-2024_12-09-44_p0034_s225_b4,2024-05-20 12:09:44,225,ARRITMIA,2900,8940
07-05-2024_14-17-47_p0027_s230_b4,2024-05-07 14:17:47,230,DEPRESSÃO,2520,4710
18-06-2024_16-56-35_p0028_s277_b4,2024-06-18 16:56:35,277,DOIS GARRAFAS DUAS-VEZES SEMANA,1530,6150
27-05-2024_15-10-12_p0032,2024-05-27 15:10:12,P9.3,PLANO ANDAR FÍSICO PIOR,2240,9360
08-04-2024_15-24-54_p0021_sP05_b2,2024-04-08 15:24:54,P5,POR-QUE PROCURAR VIR HOJE TER PIORAR,2920,13810
16-05-2024_14-31-00_p0034_s103_b2,2024-05-16 14:31:00,103,DOR JOELHO-DIREITO JOELHO-ESQUERDO,2480,7960
08-05-2024_16-12-33_p0033_s194_b3,2024-05-08 16:12:33,194,TOSSE SECO,5500,7630
21-02-2024_11-40-16_p0013_s35_b1,2024-02-21 11:40:16,35,ARREPIAR FRIO,2840,5260
27-03-2024_15-39-55_p0015,2024-03-27 15:39:55,148.19,S,1500,4680
20-05-2024_15-37-42_p0023,2024-05-20 15:37:42,P6.5,DOR IGUAL FINCADA,1400,7100
03-05-2024_14-24-28_p0027,2024-05-03 14:24:28,148.8,H,2450,5240
12-03-2024_14-15-45_p0022_s4_b1,2024-03-12 14:15:45,4,CONVULSÃO ENROLAR-LÍNGUA,1890,5330
28-06-2024_14-19-49_p0035_s37_b1,2024-06-28 14:19:49,37,VERMELHO SANGUE DOCE BAIXO-ALTO,2040,7370
29-04-2024_11-52-44_p0029_s142_b2,2024-04-29 11:52:44,142,MOVIMENTAR-CORPO DOR PIORAR,2120,7260
24-07-2024_14-34-20_p0041_s67_b1,2024-07-24 14:34:20,67,VOMITAR TER VERMELHO,3290,8610
03-05-2024_08-51-52_p0030_s62_b1,2024-05-03 08:51:52,62,MATERIAL GRUPO CORTAR TAMBÉM OBJETO-FINO-LONGO FINCAR,1980,8810
06-05-2024_16-09-37_p0032_s280_b4,2024-05-06 16:09:37,280,TAÇA TOMAR VINHO UMA-VEZ SEMANA,3040,13560
19-07-2024_14-33-39_p0040,2024-07-19 14:33:39,148.17,Q,1840,3610
25-03-2024_16-38-47_p0020,2024-03-25 16:38:47,148.10,J,1270,4610
10-05-2024_16-37-19_p0033_s35_b1,2024-05-10 16:37:19,35,ARREPIAR FRIO,1480,4560
12-03-2024_10-26-28_p0021_s233_b4,2024-03-12 10:26:28,233,A V C,2550,5440
03-04-2024_15-31-49_p0023_s210_b4,2024-04-03 15:31:49,210,MOLE,3820,5090
25-03-2024_15-27-58_p0020_s213_b4,2024-03-25 15:27:58,213,CLARO,2380,4010
16-05-2024_14-24-34_p0034_s89_b2,2024-05-16 14:24:34,89,DOR LADO-CABEÇA,2670,6380
07-03-2024_14-00-11_p0010_s125_b2,2024-03-07 14:00:11,125,COMER CATEGORIA ÁCIDO MAIS APIMENTADO,2570,7060
20-05-2024_12-03-25_p0034_s215_b4,2024-05-20 12:03:25,215,FEZES-LÍQUIDAS BORBULHAR,2440,6250
20-03-2024_15-16-06_p0015_s190_b3,2024-03-20 15:16:06,190,SIM APERTAR-BRAÇO DOER,3060,6850
03-05-2024_14-20-32_p0027_s144_b2,2024-05-03 14:20:32,144,ÁGUA FRIO COLOCAR-BRAÇO,1090,6670
18-04-2024_10-20-28_p0025_s33_b1,2024-04-18 10:20:28,33,COÇAR,1550,5870
18-04-2024_15-26-03_p0026_s97_b2,2024-04-18 15:26:03,97,DOR LADOS-BARRIGA,1900,7610
30-01-2024_14-45-58_p12,2024-01-30 14:45:58,130,CORPO ESFORÇAR,2640,5620
02-04-2024_15-49-10_p0021_s201_b3,2024-04-02 15:49:10,201,CATARRO COLA VERMELHO,1910,6550
18-04-2024_15-29-00_p0026_s106_b2,2024-04-18 15:29:00,106,DOR PULSAR,1540,5480
27-03-2024_15-21-36_p0015_s120_b2,2024-03-27 15:21:36,120,VER DOBRADO,1790,5790
27-03-2024_15-06-01_p0015,2024-03-27 15:06:01,P6.1,ONDE DOR,2040,4850
22-02-2024_10-53-31_p0017,2024-02-22 10:53:31,170.1,1,1710,3110
21-02-2024_16-10-00_p0016,2024-02-21 16:10:00,148.26,Z,1380,4200
16-04-2024_15-34-02_p0016,2024-04-16 15:34:02,P11.1,SENTIR DOR DEPOIS SUMIR OUTRA-VEZ SENTIR DOR SUMIR VOLTAR SUMIR,2070,13510
20-05-2024_12-18-37_p0034_s247_b4,2024-05-20 12:18:37,247,ALERGIA FLOR PÓLEN,2730,6610
26-08-2024_15-45-38_p0019_sP02_b1,2024-08-26 15:45:38,P2,QUANDO COMEÇAR ENTÃO,3680,6490
05-06-2024_09-50-52_p0036_s218_b4,2024-06-05 09:50:52,218,FEZES-LÍQUIDAS ESCURO,2440,6740
10-05-2024_16-25-12_p0033_s6_b1,2024-05-10 16:25:12,6,DOR PESCOÇO,1620,4820
03-04-2024_15-55-06_p0023_s248_b4,2024-04-03 15:55:06,248,ALERGIA CACHORRO,2390,3910
29-04-2024_11-57-01_p0029,2024-04-29 11:57:01,148.2,B,1800,3630
24-07-2024_14-21-34_p0041_s35_b1,2024-07-24 14:21:34,35,ARREPIAR FRIO,1710,5050
11-05-2024_09-48-15_p0034,2024-05-11 09:48:15,P11.5,PERÍODO DOR TER AUMENTAR,2890,8450
11-06-2024_14-43-19_p0035_s149_b2,2024-06-11 14:43:19,149,DEVAGAR,1640,4730
28-06-2024_15-42-59_p0035_s268_b4,2024-06-28 15:42:59,268,UÍSQUE,980,4300
24-07-2024_14-15-14_p0041_s22_b1,2024-07-24 14:15:14,22,EVACUAR MOLE VERMELHO,1630,6190
26-08-2024_15-28-19_p0019_s35_b1,2024-08-26 15:28:19,35,ARREPIAR FRIO,2750,5860
13-03-2024_15-18-26_p0014_s138_b2,2024-03-13 15:18:26,138,APERTAR,2390,6190
29-04-2024_11-39-18_p0029_s114_b2,2024-04-29 11:39:18,114,DOR CHOQUE,2220,5390
16-07-2024_16-19-41_p0039_s217_b4,2024-07-16 16:19:41,217,FEZES-LÍQUIDAS BRANCO,2560,6130
13-03-2024_15-53-34_p0014_s227_b4,2024-03-13 15:53:34,227,ASMA,1330,5770
23-05-2024_15-19-57_p0035_s203_b3,2024-05-23 15:19:57,203,NÃO VACINAR COVID-19,2690,5390
27-03-2024_16-05-36_p0015_s17_b1,2024-03-27 16:05:36,17,CHIAR,1580,5950
03-05-2024_18-47-26_p0031_s181_b3,2024-05-03 18:47:26,181,PESCOÇO DOR ESPALHAR,2300,7700
26-02-2024_15-55-24_p0019_s249_b4,2024-02-26 15:55:24,249,ALERGIA GATO,2520,5900
15-05-2024_15-53-54_p0032_s121_b2,2024-05-15 15:53:54,121,VER MANCHAS,2770,9380
02-04-2024_15-58-12_p0021,2024-04-02 15:58:12,P21.2,USAR REMÉDIO,1610,5170
28-06-2024_14-14-47_p0035_s23_b1,2024-06-28 14:14:47,23,TONTURA-ENJOO,1780,4550
09-05-2024_14-11-13_p0033_sP04_b2,2024-05-09 14:11:13,P4,TEMPO QUAL HORAS-DURAÇÃO TEMPO,8340,13160
21-02-2024_15-26-03_p0016_s105_b2,2024-02-21 15:26:03,105,DOR TESTÍCULOS,2130,6410
02-04-2024_15-00-58_p0021,2024-04-02 15:00:58,P9.2,SUBIR-MORRO FÍSICO PIOR,3230,10000
26-03-2024_15-35-16_p0022_s189_b3,2024-03-26 15:35:16,189,DOR PERNAS-ESPALHAR APONTAR-PERNA,2550,7480
05-06-2024_10-23-58_p0036_s262_b4,2024-06-05 10:23:58,262,DOIS ANO,2190,5370
13-05-2024_15-30-46_p0028_s158_b3,2024-05-13 15:30:46,158,SUBIR-MORRO FÍSICO PIOR,2710,7860
10-05-2024_16-12-41_p0033_s281_b4,2024-05-10 16:12:41,281,TAÇA TOMAR VINHO TODO-DIA,2540,8310
02-05-2024_14-58-49_p0026,2024-05-02 14:58:49,P11.2,SENTIR DOR OUTRAS-VEZES DIVERSAS-VEZES ENTÃO,2290,9860
15-05-2024_15-39-24_p0032_s112_b2,2024-05-15 15:39:24,112,DOR QUEIMAR,2120,8660
17-06-2024_15-37-45_p0019,2024-06-17 15:37:45,148.21,U,2080,4000
08-05-2024_09-27-34_p0030_sP04_b2,2024-05-08 09:27:34,P4,TEMPO QUAL HORAS-DURAÇÃO TEMPO,1800,5270
10-05-2024_16-42-41_p0033_s49_b1,2024-05-10 16:42:41,49,XIXI POUCO,2450,5480
27-03-2024_15-32-27_p0015_s143_b2,2024-03-27 15:32:27,143,DEITAR,1580,4630
20-05-2024_12-03-00_p0034_s214_b4,2024-05-20 12:03:00,214,FEZES-LÍQUIDAS BRILHANTE,2390,5400
18-03-2024_15-13-05_p0020_s2_b1,2024-03-18 15:13:05,2,CONFUSÃO,1840,5370
02-04-2024_15-51-51_p0021,2024-04-02 15:51:51,P17.2,QUANTOS VACINAR,1780,5900
08-05-2024_09-55-40_p0030_s146_b2,2024-05-08 09:55:40,146,REMÉDIO,2670,4330
18-06-2024_16-33-26_p0028_s239_b4,2024-06-18 16:33:26,239,VÍCIO BEBER ÁLCOOL,1790,6640
09-05-2024_15-11-08_p0033,2024-05-09 15:11:08,148.16,P,1890,4500
12-03-2024_14-20-27_p0022_s11_b1,2024-03-12 14:20:27,11,DOR GARGANTA,2260,6870
22-02-2024_11-54-04_p0017_s264_b4,2024-02-22 11:54:04,264,CERVEJA,1430,3460
26-03-2024_15-47-01_p0022_s206_b3,2024-03-26 15:47:01,206,QUATRO VACINA,1960,4870
05-06-2024_10-13-38_p0036_s249_b4,2024-06-05 10:13:38,249,ALERGIA GATO,2460,6760
31-01-2024_15-11-17_p13,2024-01-31 15:11:17,206,QUATRO VACINA,1590,4980
03-05-2024_08-54-11_p0030_sP02_b1,2024-05-03 08:54:11,P2,QUANDO COMEÇAR ENTÃO,2290,4670
02-04-2024_15-53-59_p0021,2024-04-02 15:53:59,P17.3,VOCÊ JÁ VACINAR GRIPE,1620,6320
18-03-2024_11-06-34_p0013_s209_b4,2024-03-18 11:06:34,209,NENHUM VONTADE NADA VOMITAR,2190,7870
27-03-2024_15-37-49_p0015,2024-03-27 15:37:49,148.12,L,1570,4130
10-05-2024_16-05-02_p0033,2024-05-10 16:05:02,P24.3,QUANTOS BEBIDA,5200,7290
10-05-2024_16-41-56_p0033_s46_b1,2024-05-10 16:41:56,46,PROBLEMA OUVIDOS,1420,4070
26-02-2024_15-38-33_p0019_s223_b4,2024-02-26 15:38:33,223,DIABETES,2010,4520
27-03-2024_15-42-22_p0015,2024-03-27 15:42:22,148.26,Z,1560,5130
22-02-2024_15-51-28_p0014_s207_b3,2024-02-22 15:51:28,207,NÃO VACINAR GRIPE,2930,6970
11-03-2024_16-10-16_p0020_s201_b3,2024-03-11 16:10:16,201,CATARRO COLA VERMELHO,2660,5490
18-06-2024_16-37-25_p0028_s249_b4,2024-06-18 16:37:25,249,ALERGIA GATO,1410,5080
18-04-2024_10-10-25_p0025_s8_b1,2024-04-18 10:10:25,8,DOR COSTAS,2490,6740
22-02-2024_14-26-49_p0018_s138_b2,2024-02-22 14:26:49,138,APERTAR,2710,6710
07-05-2024_15-12-39_p0027_s60_b1,2024-05-07 15:12:39,60,AGREDIR,1670,5200
08-06-2024_10-29-35_p0031_s31_b1,2024-06-08 10:29:35,31,MANCHAS-PELE,2150,3970
28-06-2024_15-09-45_p0035_s217_b4,2024-06-28 15:09:45,217,FEZES-LÍQUIDAS BRANCO,2430,6670
07-05-2024_14-22-51_p0027_s247_b4,2024-05-07 14:22:51,247,ALERGIA FLOR PÓLEN,1730,5750
18-04-2024_10-34-39_p0025_s67_b1,2024-04-18 10:34:39,67,VOMITAR TER VERMELHO,2630,7380
30-04-2024_13-40-17_p0024_s143_b2,2024-04-30 13:40:17,143,DEITAR,2750,4300
10-05-2024_15-07-50_p0033_s213_b4,2024-05-10 15:07:50,213,CLARO,2550,3740
28-06-2024_15-20-31_p0035_s236_b4,2024-06-28 15:20:31,236,FÍGADO INFLAMADO,1280,5580
24-01-2024_17-32-07_p10,2024-01-24 17:32:07,271,CHAMPANHE,2160,4270
23-05-2024_14-42-26_p0035_s161_b3,2024-05-23 14:42:26,161,PLANO ANDAR FÍSICO PIOR NÃO,4000,10670
24-07-2024_14-19-53_p0041_s32_b1,2024-07-24 14:19:53,32,MANCHAS-PELE VERMELHO,2590,7090
05-03-2024_10-28-10_p0014_s22_b1,2024-03-05 10:28:10,22,EVACUAR MOLE VERMELHO,2060,6260
29-04-2024_16-07-02_p0024_s206_b3,2024-04-29 16:07:02,206,QUATRO VACINA,3210,6630
21-02-2024_15-48-11_p0016_s133_b2,2024-02-21 15:48:11,133,MASTIGAR,1550,5450
12-03-2024_14-38-28_p0022_s53_b1,2024-03-12 14:38:28,53,XIXI VERMELHO,1380,5340
22-01-2024_17-12-21_p9,2024-01-22 17:12:21,P15.1,TER TOSSE,2850,7340
16-05-2024_15-03-24_p0034_s147_b2,2024-05-16 15:03:24,147,JEJUM,4470,6920
11-06-2024_14-44-47_p0035_s152_b2,2024-06-11 14:44:47,152,OBRIGADO,2650,5580
26-02-2024_16-06-39_p0019_s263_b4,2024-02-26 16:06:39,263,DEZ ANO,1530,5040
11-05-2024_09-55-16_p0034,2024-05-11 09:55:16,P13.1,MOMENTO EXEMPLO AQUI APERTAR VOCÊ SENTIR DOR PIORAR ENTÃO,2710,11290
16-07-2024_16-21-00_p0039_s220_b4,2024-07-16 16:21:00,220,TER M U C O COLA,1710,6540
02-04-2024_15-08-31_p0021_s167_b3,2024-04-02 15:08:31,167,SUBIR-ESCADA CORPO PIOR NÃO,2570,7950
23-05-2024_14-57-12_p0035,2024-05-23 14:57:12,P11.1,SENTIR DOR DEPOIS SUMIR OUTRA-VEZ SENTIR DOR SUMIR VOLTAR SUMIR,2280,12720
22-02-2024_13-29-42_p0018_s34_b1,2024-02-22 13:29:42,34,FEBRE,5020,7700
25-03-2024_16-16-21_p0020_s107_b2,2024-03-25 16:16:21,107,DOR PROFUNDO,1140,4730
02-05-2024_14-50-44_p0026_s169_b3,2024-05-02 14:50:44,169,REMÉDIO CURAR-NÃO,1600,5690
10-05-2024_09-49-35_p0030_s245_b4,2024-05-10 09:49:35,245,ÁCARO ALERGIA,2460,6630
03-05-2024_14-18-19_p0027_s136_b2,2024-05-03 14:18:19,136,ANDAR,1250,4450
20-03-2024_15-07-22_p0015_s175_b3,2024-03-20 15:07:22,175,DOIS SEMANA,4970,7600
18-04-2024_15-34-17_p0026_s118_b2,2024-04-18 15:34:17,118,OLHOS-LACRIMEJAR,1660,5820
10-05-2024_16-30-38_p0033_s21_b1,2024-05-10 16:30:38,21,EVACUAR-ESPALHAR,1450,4160
13-05-2024_16-24-06_p0028_s195_b3,2024-05-13 16:24:06,195,CATARRO COLA NENHUM,1840,5910
31-01-2024_14-46-33_p13,2024-01-31 14:46:33,170.0,0,6770,8770
22-02-2024_14-25-34_p0018_s137_b2,2024-02-22 14:25:34,137,ESTRESSE,1340,5130
08-04-2024_16-07-58_p0021,2024-04-08 16:07:58,148.9,I,1560,4010
16-04-2024_16-00-34_p0016_s206_b3,2024-04-16 16:00:34,206,QUATRO VACINA,1510,4260
19-03-2024_15-52-11_p0022_s149_b2,2024-03-19 15:52:11,149,DEVAGAR,2530,4790
08-04-2024_16-14-26_p0021,2024-04-08 16:14:26,148.19,S,1560,4170
22-02-2024_13-51-20_p0018_s79_b1,2024-02-22 13:51:20,79,SENTADO,2760,5330
25-03-2024_16-13-45_p0020_s100_b2,2024-03-25 16:13:45,100,DOR VIRILHA,1460,4850
24-01-2024_17-26-38_p10,2024-01-24 17:26:38,P22.3,QUAL MEDICAMENTO,2020,4090
16-04-2024_15-49-59_p0016,2024-04-16 15:49:59,P13.2,MOMENTO FICAR-EM-PÉ SENTAR DEITAR DOR PIORAR,1880,11000
15-05-2024_16-04-57_p0032_s131_b2,2024-05-15 16:04:57,131,PERÍODO MENSTRUAR,2780,8680
30-01-2024_11-05-29_p11,2024-01-30 11:05:29,14,DOR PERNA ATRÁS,900,7300
08-04-2024_16-44-32_p0021_s34_b1,2024-04-08 16:44:32,34,FEBRE,1740,3480
26-03-2024_16-24-28_p0022_s254_b4,2024-03-26 16:24:28,254,ALERGIA COMER CATEGORIA ÁGUA-MAR,2530,8520
17-07-2024_14-28-21_p0041,2024-07-17 14:28:21,P6.6,DOR IGUAL SENTIR CHOQUE,2260,7140
23-05-2024_15-06-01_p0035_s182_b3,2024-05-23 15:06:01,182,QUEIXO DOR ESPALHAR,1830,6060
02-04-2024_15-44-32_p0021_s195_b3,2024-04-02 15:44:32,195,CATARRO COLA NENHUM,1820,6730
08-05-2024_10-01-08_p0030,2024-05-08 10:01:08,148.18,R,2380,3830
03-05-2024_08-36-57_p0030_s27_b1,2024-05-03 08:36:57,27,CATARRO GRIPE,2560,5200
24-04-2024_15-44-04_p0027,2024-04-24 15:44:04,P11.4,AO-LONGO-DO-TEMPO DOR COMO AUMENTAR O U DIMINUIR,10970,21660
29-04-2024_11-58-27_p0029,2024-04-29 11:58:27,148.8,H,1780,3890
07-03-2024_14-06-16_p0010_s147_b2,2024-03-07 14:06:16,147,JEJUM,2080,3670
20-05-2024_11-37-23_p0034_s39_b1,2024-05-20 11:37:23,39,MORDER,2650,5710
08-04-2024_16-43-36_p0021_s31_b1,2024-04-08 16:43:36,31,MANCHAS-PELE,2080,3430
03-05-2024_08-49-25_p0030_s57_b1,2024-05-03 08:49:25,57,TONTEIRA,2360,5050
07-05-2024_14-09-36_p0027_s213_b4,2024-05-07 14:09:36,213,CLARO,2190,3820
08-04-2024_15-30-26_p0021_s92_b2,2024-04-08 15:30:26,92,DOR TESTA,1770,5440
08-04-2024_16-37-02_p0021_s14_b1,2024-04-08 16:37:02,14,DOR PERNA ATRÁS,1500,5770
23-05-2024_14-58-50_p0035_s173_b3,2024-05-23 14:58:50,173,SEMPRE SEMPRE,3950,6890
27-03-2024_15-40-36_p0015,2024-03-27 15:40:36,148.21,U,1730,4370
29-04-2024_12-05-08_p0029_s154_b2,2024-04-29 12:05:08,154,PARAR,2110,4110
11-06-2024_13-59-15_p0035_s92_b2,2024-06-11 13:59:15,92,DOR TESTA,1730,5250
08-05-2024_15-52-21_p0033_s184_b3,2024-05-08 15:52:21,184,DOR BRAÇO-ESPALHAR,4180,6850
29-02-2024_13-49-29_p0010_s22_b1,2024-02-29 13:49:29,22,EVACUAR MOLE VERMELHO,1820,5440
18-06-2024_14-54-34_p0028_s88_b2,2024-06-18 14:54:34,88,NÃO,2260,3590
17-06-2024_15-38-05_p0019,2024-06-17 15:38:05,148.22,V,2490,4860
07-05-2024_15-04-25_p0027_s36_b1,2024-05-07 15:04:25,36,SUAR SUAR SUAR,1220,5640
17-07-2024_14-52-05_p0041,2024-07-17 14:52:05,148.19,S,1580,4650
16-04-2024_10-54-56_p0025_s269_b4,2024-04-16 10:54:56,269,CACHAÇA,1770,3130
16-04-2024_11-00-06_p0025_s278_b4,2024-04-16 11:00:06,278,UMA-DOSE TOMAR TODO-DIA,2320,5540
08-04-2024_15-59-43_p0021_s144_b2,2024-04-08 15:59:43,144,ÁGUA FRIO COLOCAR-BRAÇO,2130,6550
13-03-2024_16-03-43_p0014_s254_b4,2024-03-13 16:03:43,254,ALERGIA COMER CATEGORIA ÁGUA-MAR,1900,8030
15-05-2024_15-31-32_p0032_s100_b2,2024-05-15 15:31:32,100,DOR VIRILHA,2080,7540
19-07-2024_14-20-48_p0040_s138_b2,2024-07-19 14:20:48,138,APERTAR,5300,8590
29-04-2024_12-02-54_p0029,2024-04-29 12:02:54,148.25,Y,1610,4000
30-04-2024_13-18-36_p0024_s113_b2,2024-04-30 13:18:36,113,DOR PONTADA,2020,6260
16-04-2024_10-21-02_p0025_s212_b4,2024-04-16 10:21:02,212,FEZES-LÍQUIDAS,1250,3950
22-02-2024_15-20-16_p0014_s160_b3,2024-02-22 15:20:16,160,PLANO ANDAR CORPO PIOR,2160,7400
07-05-2024_14-59-20_p0027_s20_b1,2024-05-07 14:59:20,20,TONTURA CAIR-PESSOA,1890,6010
08-05-2024_09-51-55_p0030_s138_b2,2024-05-08 09:51:55,138,APERTAR,2090,3610
03-05-2024_08-36-08_p0030_s25_b1,2024-05-03 08:36:08,25,FEZES ESCURO,2100,4620
10-05-2024_15-40-17_p0033,2024-05-10 15:40:17,P22.3,QUAL MEDICAMENTO,1970,3760
10-05-2024_16-42-09_p0033_s47_b1,2024-05-10 16:42:09,47,XIXI SENTIR IGUAL QUENTE,2560,8110
02-04-2024_15-25-38_p0021_s174_b3,2024-04-02 15:25:38,174,TRÊS-VEZES DIA,2210,5320
19-06-2024_16-36-19_p0023_s44_b1,2024-06-19 16:36:19,44,PRESSÃO-ARTERIAL ALTO-BAIXO,2140,6540
13-03-2024_15-02-36_p0014_s108_b2,2024-03-13 15:02:36,108,DOR LEVE,2110,7690
24-07-2024_14-23-41_p0041_s41_b1,2024-07-24 14:23:41,41,GATO MORDER,1400,5010
19-07-2024_14-37-35_p0040_s150_b2,2024-07-19 14:37:35,150,ENTENDER,2700,4900
22-02-2024_13-35-13_p0018_s40_b1,2024-02-22 13:35:13,40,CACHORRO MORDER,2130,4740
12-06-2024_17-08-22_p0038,2024-06-12 17:08:22,P21.1,DOCUMENTO REMÉDIO VOCÊ TRAZER,1610,4150
16-04-2024_10-31-28_p0025_s227_b4,2024-04-16 10:31:28,227,ASMA,1750,4750
24-07-2024_14-36-32_p0041_s72_b1,2024-07-24 14:36:32,72,2-MÊS,1970,4960
05-03-2024_10-39-54_p0014_s57_b1,2024-03-05 10:39:54,57,TONTEIRA,1970,5800
17-07-2024_14-49-09_p0041,2024-07-17 14:49:09,148.9,I,1360,4090
11-03-2024_16-08-21_p0020_s200_b3,2024-03-11 16:08:21,200,CATARRO COLA VERDE,1900,5540
07-05-2024_14-20-09_p0027_s237_b4,2024-05-07 14:20:09,237,RINS FRACO,1860,4680
22-02-2024_14-03-24_p0018_s87_b2,2024-02-22 14:03:24,87,SIM,1700,3660
08-04-2024_16-07-39_p0021,2024-04-08 16:07:39,148.8,H,1520,4070
08-06-2024_10-44-57_p0031_s64_b1,2024-06-08 10:44:57,64,QUASE CABEÇA-SAIR NASCER,2210,4700
13-05-2024_16-14-59_p0028_s189_b3,2024-05-13 16:14:59,189,DOR PERNAS-ESPALHAR APONTAR-PERNA,1800,6810
03-04-2024_16-09-30_p0023_s273_b4,2024-04-03 16:09:30,273,UM LATA UMA-VEZ SEMANA,2860,6670
29-04-2024_16-39-18_p0024_s22_b1,2024-04-29 16:39:18,22,EVACUAR MOLE VERMELHO,2830,8030
11-03-2024_15-39-03_p0020,2024-03-11 15:39:03,170.5,5,1740,2730
02-05-2024_14-43-18_p0026_s160_b3,2024-05-02 14:43:18,160,PLANO ANDAR CORPO PIOR,2680,9290
19-03-2024_14-52-17_p0022_sP04_b2,2024-03-19 14:52:17,P4,TEMPO QUAL HORAS-DURAÇÃO TEMPO,5610,9640
07-05-2024_14-57-56_p0027_s16_b1,2024-05-07 14:57:56,16,RESPIRAR FALTAR,1510,6050
20-05-2024_11-59-13_p0034,2024-05-20 11:59:13,P18.1,ENJOAR O U VOMITAR,2670,7090
02-04-2024_15-18-17_p0021,2024-04-02 15:18:17,170.6,6,2070,4610
29-02-2024_13-35-57_p0010_s4_b1,2024-02-29 13:35:57,4,CONVULSÃO ENROLAR-LÍNGUA,2190,4770
29-04-2024_17-01-25_p0024_s68_b1,2024-04-29 17:01:25,68,15 MINUTO,2920,6630
23-05-2024_15-20-41_p0035_s204_b3,2024-05-23 15:20:41,204,DOIS VACINA,3920,6190
10-05-2024_15-47-49_p0033_s265_b4,2024-05-10 15:47:49,265,VINHO,2320,3620
13-03-2024_15-49-47_p0014,2024-03-13 15:49:47,P18.5,VOCÊ BARRIGA DOR ENTÃO,2570,7280
20-05-2024_11-20-23_p0034_s3_b1,2024-05-20 11:20:23,3,MUDAR COMPORTAMENTO,3090,6720
31-01-2024_14-38-28_p13,2024-01-31 14:38:28,160,PLANO ANDAR CORPO PIOR,2600,8860
26-03-2024_16-12-04_p0022,2024-03-26 16:12:04,P19.1,VOCÊ JÁ FAZER TRATAMENTO ALGUM DOENÇA ENTÃO,3730,11940
07-03-2024_14-00-29_p0010_s126_b2,2024-03-07 14:00:29,126,BEBER ÁLCOOL,1640,3970
18-06-2024_15-45-26_p0028_s156_b2,2024-06-18 15:45:26,156,NÃO-ENTENDER,1990,3430
19-03-2024_15-02-56_p0022_s98_b2,2024-03-19 15:02:56,98,DOR BEXIGA,2900,7170
08-06-2024_10-48-34_p0031_sP03_b1,2024-06-08 10:48:34,P3,COMO COMEÇAR QUE VOCÊ FAZER O-QUE,2350,6850
30-01-2024_11-01-47_p11,2024-01-30 11:01:47,2,CONFUSÃO,1350,4989
23-04-2024_15-33-28_p0026_s73_b1,2024-04-23 15:33:28,73,COMER,1800,2930
17-06-2024_14-52-01_p0019_s87_b2,2024-06-17 14:52:01,87,SIM,2230,5510
18-03-2024_15-30-39_p0020_s41_b1,2024-03-18 15:30:39,41,GATO MORDER,1580,4650
19-03-2024_14-59-27_p0022_s92_b2,2024-03-19 14:59:27,92,DOR TESTA,1970,6580
17-07-2024_14-36-39_p0041_s136_b2,2024-07-17 14:36:39,136,ANDAR,2710,5380
25-03-2024_16-09-04_p0020,2024-03-25 16:09:04,P6.1,ONDE DOR,1050,4090
18-03-2024_15-45-16_p0020_s74_b1,2024-03-18 15:45:16,74,BEBER,1100,3790
24-07-2024_15-25-49_p0041,2024-07-24 15:25:49,P24.3,QUANTOS BEBIDA,1720,5470
08-05-2024_15-35-14_p0033_s172_b3,2024-05-08 15:35:14,172,VÁRIAS-VEZES,4640,7150
26-03-2024_15-12-26_p0022,2024-03-26 15:12:26,170.0,0,2260,4010
27-05-2024_17-01-22_p0032_s72_b1,2024-05-27 17:01:22,72,2-MÊS,1980,4870
29-04-2024_15-32-00_p0024,2024-04-29 15:32:00,170.3,3,2380,3630
22-02-2024_10-38-38_p0017_s161_b3,2024-02-22 10:38:38,161,PLANO ANDAR FÍSICO PIOR NÃO,4600,11420
13-03-2024_15-30-58_p0014,2024-03-13 15:30:58,148.26,Z,1510,3020
28-06-2024_15-13-10_p0035,2024-06-28 15:13:10,P18.5,VOCÊ BARRIGA DOR ENTÃO,1630,6750
24-05-2024_18-41-03_p0031_s106_b2,2024-05-24 18:41:03,106,DOR PULSAR,2280,5280
18-06-2024_15-37-01_p0028,2024-06-18 15:37:01,148.12,L,2580,3860
29-02-2024_13-41-08_p0010_s10_b1,2024-02-29 13:41:08,10,DOR BARRIGA,1180,4510
17-06-2024_15-37-21_p0019,2024-06-17 15:37:21,148.20,T,1790,4350
13-03-2024_14-53-21_p0014_s90_b2,2024-03-13 14:53:21,90,DOR OUVIDO,3390,6190
08-05-2024_10-04-10_p0030_s151_b2,2024-05-08 10:04:10,151,OBRIGADO,1640,2880
19-07-2024_15-52-21_p0040_s75_b1,2024-07-19 15:52:21,75,TOSSIR,2480,5290
07-03-2024_14-16-09_p0010_s153_b2,2024-03-07 14:16:09,153,REPETIR POR-FAVOR,1000,3160
27-03-2024_15-43-02_p0015_s150_b2,2024-03-27 15:43:02,150,ENTENDER,1530,5400
10-05-2024_16-39-34_p0033_s41_b1,2024-05-10 16:39:34,41,GATO MORDER,1360,4500
16-04-2024_16-07-12_p0016_s243_b3,2024-04-16 16:07:12,243,NÃO TRAZER RECEITA REMÉDIO NENHUM,1500,6850
30-04-2024_13-11-40_p0024_s100_b2,2024-04-30 13:11:40,100,DOR VIRILHA,2940,6680
09-05-2024_14-52-01_p0033_s133_b2,2024-05-09 14:52:01,133,MASTIGAR,2760,5290
16-07-2024_16-55-10_p0039_s272_b4,2024-07-16 16:55:10,272,UM LATA TODO-DIA,2530,6260
30-01-2024_11-14-37_p11,2024-01-30 11:14:37,43,ESCORPIÃO PICAR,920,5540
18-04-2024_15-41-38_p0026_s141_b2,2024-04-18 15:41:38,141,MEXER-PESCOÇO,1900,5370
08-06-2024_10-19-41_p0031_s3_b1,2024-06-08 10:19:41,3,MUDAR COMPORTAMENTO,1840,4060
05-03-2024_10-42-01_p0014_s63_b1,2024-03-05 10:42:01,63,TIRO FURAR-BARRIGA,5270,6660
05-06-2024_09-49-38_p0036_s216_b4,2024-06-05 09:49:38,216,FEZES-LÍQUIDAS-EXPLODIR,2470,6300
17-06-2024_15-15-42_p0019_s123_b2,2024-06-17 15:15:42,123,ZUMBIDO OUVIDO,2060,6010
28-02-2024_16-22-25_p0011,2024-02-28 16:22:25,P6.2,COMO DOR,1020,6630
18-04-2024_15-47-40_p0026,2024-04-18 15:47:40,148.11,K,1570,3520
29-04-2024_11-37-12_p0029_s108_b2,2024-04-29 11:37:12,108,DOR LEVE,1820,5740
07-05-2024_14-11-54_p0027_s219_b4,2024-05-07 14:11:54,219,FEZES-LÍQUIDAS RESTOS COMIDA,2580,5740
19-03-2024_15-54-49_p0022_s157_b2,2024-03-19 15:54:49,157,CONTINUAR,2980,5270
26-03-2024_16-14-46_p0022_s229_b4,2024-03-26 16:14:46,229,CÂNCER,2020,3480
23-04-2024_15-16-28_p0026_s32_b1,2024-04-23 15:16:28,32,MANCHAS-PELE VERMELHO,2110,5390
01-08-2024_16-35-18_p0042_s175_b3,2024-08-01 16:35:18,175,DOIS SEMANA,1720,4270
18-06-2024_15-42-47_p0028,2024-06-18 15:42:47,148.26,Z,2350,4030
02-04-2024_15-19-32_p0021,2024-04-02 15:19:32,170.10,10,1800,4430
20-05-2024_11-28-07_p0034_s19_b1,2024-05-20 11:28:07,19,PALPITAÇÃO,3170,6400
08-04-2024_16-16-35_p0021,2024-04-08 16:16:35,148.26,Z,1630,4340
30-01-2024_14-15-50_p12,2024-01-30 14:15:50,92,DOR TESTA,2250,4820
08-06-2024_10-30-31_p0031_s34_b1,2024-06-08 10:30:31,34,FEBRE,1800,2740
29-04-2024_12-00-19_p0029,2024-04-29 12:00:19,148.15,O,1950,3890
08-05-2024_09-36-49_p0030_s101_b2,2024-05-08 09:36:49,101,DOR OMBROS,2090,4480
05-06-2024_10-15-44_p0036_s253_b4,2024-06-05 10:15:44,253,ALERGIA O V O OVO,1390,7150
03-05-2024_14-17-44_p0027_s134_b2,2024-05-03 14:17:44,134,MASTIGAR,2130,5930
10-05-2024_08-49-47_p0030_s182_b3,2024-05-10 08:49:47,182,QUEIXO DOR ESPALHAR,3050,6410
23-04-2024_15-34-07_p0026_s75_b1,2024-04-23 15:34:07,75,TOSSIR,2000,3380
11-06-2024_14-10-05_p0035_s108_b2,2024-06-11 14:10:05,108,DOR LEVE,1750,6880
30-04-2024_13-27-41_p0024_s124_b2,2024-04-30 13:27:41,124,GASES,2430,4560
28-06-2024_15-38-20_p0035_s260_b4,2024-06-28 15:38:20,260,NÃO FUMAR,3000,7040
27-03-2024_16-11-33_p0015_s35_b1,2024-03-27 16:11:33,35,ARREPIAR FRIO,1510,4720
11-05-2024_09-42-39_p0034_s172_b3,2024-05-11 09:42:39,172,VÁRIAS-VEZES,5410,7500
22-02-2024_11-40-35_p0017,2024-02-22 11:40:35,P19.1,VOCÊ JÁ FAZER TRATAMENTO ALGUM DOENÇA ENTÃO,2860,10770
18-06-2024_15-02-09_p0028_s102_b2,2024-06-18 15:02:09,102,DOR BRAÇO-DIREITO BRAÇO-ESQUERDO,1910,4930
20-05-2024_12-38-05_p0034_s279_b4,2024-05-20 12:38:05,279,DUAS-DOSES TOMAR DUAS-VEZES SEMANA,2640,7140
18-06-2024_16-28-38_p0028_s229_b4,2024-06-18 16:28:38,229,CÂNCER,1590,4200
07-05-2024_14-55-52_p0027_s10_b1,2024-05-07 14:55:52,10,DOR BARRIGA,1590,5530
26-02-2024_15-43-28_p0019_s232_b4,2024-02-26 15:43:28,232,ANSIEDADE,2570,6850
03-04-2024_15-32-35_p0023_s212_b4,2024-04-03 15:32:35,212,FEZES-LÍQUIDAS,2590,4160
26-03-2024_16-27-18_p0022,2024-03-26 16:27:18,P22.3,QUAL MEDICAMENTO,4160,6850
27-03-2024_16-18-00_p0015_s47_b1,2024-03-27 16:18:00,47,XIXI SENTIR IGUAL QUENTE,1860,7940
10-05-2024_15-37-01_p0033_s258_b4,2024-05-10 15:37:01,258,ALERGIA NENHUM,2760,4220
23-04-2024_15-31-54_p0026_s70_b1,2024-04-23 15:31:54,70,1-HORA,1620,3730
11-05-2024_09-44-44_p0034,2024-05-11 09:44:44,P11.3,NO-DECORRER-DO-TEMPO SENTIR DOR NO-TOTAL QUANTOS,3220,12150
11-06-2024_13-57-00_p0035_s88_b2,2024-06-11 13:57:00,88,NÃO,2950,4900
05-06-2024_10-10-12_p0036_s240_b4,2024-06-05 10:10:12,240,VÍCIO FUMAR,2190,6160
05-06-2024_15-32-39_p0037_s264_b4,2024-06-05 15:32:39,264,CERVEJA,1750,4190
28-06-2024_14-17-12_p0035_s30_b1,2024-06-28 14:17:12,30,FERIR PELE,2010,5230
10-05-2024_16-41-44_p0033_s45_b1,2024-05-10 16:41:44,45,PROBLEMA OLHOS,1520,4620
23-04-2024_15-11-14_p0026_s25_b1,2024-04-23 15:11:14,25,FEZES ESCURO,3040,4770
27-05-2024_15-58-41_p0032_s195_b3,2024-05-27 15:58:41,195,CATARRO COLA NENHUM,1450,6370
20-02-2024_16-54-27_p0015,2024-02-20 16:54:27,P23.2,TOTAL TEMPO QUANTO,1500,6890
16-04-2024_10-42-56_p0025_s251_b4,2024-04-16 10:42:56,251,ALERGIA GRUPO BORRACHA,1890,5030
07-05-2024_14-22-12_p0027_s246_b4,2024-05-07 14:22:12,246,F U N G O S SINAL FUNGO,2410,11710
17-07-2024_14-50-01_p0041,2024-07-17 14:50:01,148.12,L,1890,4330
13-03-2024_15-25-20_p0014,2024-03-13 15:25:20,148.7,G,1860,4030
25-03-2024_15-54-32_p0020_s266_b4,2024-03-25 15:54:32,266,DOSE ÁLCOOL,1730,4240
22-02-2024_11-52-25_p0017_s261_b4,2024-02-22 11:52:25,261,UM ANO,1690,3990
28-06-2024_15-27-41_p0035_s251_b4,2024-06-28 15:27:41,251,ALERGIA GRUPO BORRACHA,1130,6430
19-07-2024_14-18-16_p0040_s133_b2,2024-07-19 14:18:16,133,MASTIGAR,2940,8040
07-03-2024_13-56-00_p0010_sP07_b2,2024-03-07 13:56:00,P7,SENTIR JUNTO ITENS MAIS TER,1870,8220
12-03-2024_10-24-23_p0021_s225_b4,2024-03-12 10:24:23,225,ARRITMIA,1900,7690
03-05-2024_18-52-44_p0031_s191_b3,2024-05-03 18:52:44,191,MOMENTO APERTAR-BRAÇO DOR PIORAR NÃO,1720,7710
13-03-2024_15-10-53_p0014_s121_b2,2024-03-13 15:10:53,121,VER MANCHAS,4750,8040
06-05-2024_16-05-56_p0032_s273_b4,2024-05-06 16:05:56,273,UM LATA UMA-VEZ SEMANA,3480,8160
25-03-2024_15-28-37_p0020_s215_b4,2024-03-25 15:28:37,215,FEZES-LÍQUIDAS BORBULHAR,1590,4520
05-03-2024_10-42-22_p0014_s64_b1,2024-03-05 10:42:22,64,QUASE CABEÇA-SAIR NASCER,4790,8290
26-03-2024_15-39-42_p0022,2024-03-26 15:39:42,P15.1,TER TOSSE,1580,4840
22-02-2024_11-13-03_p0017_s199_b3,2024-02-22 11:13:03,199,CATARRO COLA AMARELO,3120,5820
29-02-2024_14-16-52_p0010_s71_b1,2024-02-29 14:16:52,71,2-HORA,920,2280
22-02-2024_13-47-37_p0018_s66_b1,2024-02-22 13:47:37,66,VAGINA VERMELHO SANGRAR,2970,7440
28-06-2024_15-34-34_p0035_s256_b4,2024-06-28 15:34:34,256,ALERGIA AMENDOIM,1500,6930
18-06-2024_16-23-42_p0028_s224_b4,2024-06-18 16:23:42,224,INFARTO,1290,3570
22-04-2024_09-33-42_p0025,2024-04-22 09:33:42,P13.2,MOMENTO FICAR-EM-PÉ SENTAR DEITAR DOR PIORAR,1840,9870
16-05-2024_15-09-01_p0034,2024-05-16 15:09:01,148.15,O,3210,5020
19-06-2024_10-20-44_p0036_s65_b1,2024-06-19 10:20:44,65,NASCER VIVO,3840,8690
07-05-2024_15-07-33_p0027_s45_b1,2024-05-07 15:07:33,45,PROBLEMA OLHOS,1690,5840
20-05-2024_12-31-51_p0034_s267_b4,2024-05-20 12:31:51,267,VODCA,2450,4500
20-05-2024_11-34-04_p0034_s32_b1,2024-05-20 11:34:04,32,MANCHAS-PELE VERMELHO,2120,5860
05-06-2024_10-29-23_p0036_s269_b4,2024-06-05 10:29:23,269,CACHAÇA,2160,4730
15-05-2024_16-53-35_p0032_s153_b2,2024-05-15 16:53:35,153,REPETIR POR-FAVOR,1930,6870
20-05-2024_15-30-34_p0023_s104_b2,2024-05-20 15:30:34,104,DOR PERNA-DIREITA PERNA-ESQUERDA,1500,6420
13-05-2024_15-36-33_p0028,2024-05-13 15:36:33,P9.5,DEITAR CALMA PIOR,1590,5960
07-03-2024_13-45-16_p0010_s94_b2,2024-03-07 13:45:16,94,DOR OUVIDO-DIREITO OUVIDO-ESQUERDO,1370,5030
18-03-2024_11-38-38_p0013_s268_b4,2024-03-18 11:38:38,268,UÍSQUE,1450,4860
09-05-2024_14-19-56_p0033_s92_b2,2024-05-09 14:19:56,92,DOR TESTA,2550,5940
15-05-2024_16-46-54_p0032,2024-05-15 16:46:54,148.17,Q,5960,9470
29-04-2024_15-40-47_p0024_s177_b3,2024-04-29 15:40:47,177,UM ANO,3070,4930
24-04-2024_15-33-11_p0027,2024-04-24 15:33:11,170.3,3,3180,4490
16-07-2024_16-46-28_p0039_s263_b4,2024-07-16 16:46:28,263,DEZ ANO,2020,5650
22-02-2024_14-29-07_p0018_s145_b2,2024-02-22 14:29:07,145,ÁGUA QUENTE COLOCAR-BRAÇO,1340,6580
19-07-2024_14-19-37_p0040_s135_b2,2024-07-19 14:19:37,135,ENGOLIR,4040,6940
27-03-2024_15-27-16_p0015_s130_b2,2024-03-27 15:27:16,130,CORPO ESFORÇAR,1530,5760
05-03-2024_10-36-26_p0014_s45_b1,2024-03-05 10:36:26,45,PROBLEMA OLHOS,2950,7530
06-05-2024_15-35-08_p0032_s240_b4,2024-05-06 15:35:08,240,VÍCIO FUMAR,2590,6240
22-02-2024_15-35-03_p0014_s176_b3,2024-02-22 15:35:03,176,TRÊS-MESES,2500,4890
24-07-2024_14-21-52_p0041_s36_b1,2024-07-24 14:21:52,36,SUAR SUAR SUAR,1690,6160
30-01-2024_11-26-35_p11,2024-01-30 11:26:35,72,2-MÊS,950,4530
18-04-2024_15-53-56_p0026_s156_b2,2024-04-18 15:53:56,156,NÃO-ENTENDER,1830,4530
24-01-2024_17-31-17_p10,2024-01-24 17:31:17,268,UÍSQUE,2270,4080
12-03-2024_10-15-14_p0021,2024-03-12 10:15:14,P18.2,VOCÊ FEZES MOLE,2610,5840
16-04-2024_15-31-37_p0016,2024-04-16 15:31:37,170.4,4,1580,3950
18-06-2024_16-45-26_p0028,2024-06-18 16:45:26,P23.2,TOTAL TEMPO QUANTO,2150,5800
10-05-2024_09-33-06_p0030,2024-05-10 09:33:06,P18.2,VOCÊ FEZES MOLE,2080,6520
13-03-2024_15-06-31_p0014,2024-03-13 15:06:31,P6.4,DOR IGUAL QUEIMAR,1920,6780
26-08-2024_15-14-55_p0019_s2_b1,2024-08-26 15:14:55,2,CONFUSÃO,3240,5920
08-05-2024_09-37-24_p0030_s103_b2,2024-05-08 09:37:24,103,DOR JOELHO-DIREITO JOELHO-ESQUERDO,1820,5460
26-08-2024_15-06-22_p0019_s1_b1,2024-08-26 15:06:22,1,CONFUSÃO-MENTAL PERCEPÇÃO ESQUECER,3570,8240
09-05-2024_15-12-16_p0033,2024-05-09 15:12:16,148.19,S,2270,4520
03-05-2024_19-00-54_p0031_s202_b3,2024-05-03 19:00:54,202,CATARRO COLA SANGUE PONTOS,1640,7870
19-06-2024_10-10-39_p0036_s46_b1,2024-06-19 10:10:39,46,PROBLEMA OUVIDOS,2000,5410
13-03-2024_16-00-59_p0014_s248_b4,2024-03-13 16:00:59,248,ALERGIA CACHORRO,1630,5130
24-05-2024_18-37-48_p0031_s98_b2,2024-05-24 18:37:48,98,DOR BEXIGA,1840,4950
24-05-2024_18-39-36_p0031_s103_b2,2024-05-24 18:39:36,103,DOR JOELHO-DIREITO JOELHO-ESQUERDO,1720,6120
05-03-2024_10-35-37_p0014_s42_b1,2024-03-05 10:35:37,42,COBRA PICAR,3190,6350
18-03-2024_11-38-20_p0013_s267_b4,2024-03-18 11:38:20,267,VODCA,1780,4840
30-04-2024_13-53-02_p0024_s152_b2,2024-04-30 13:53:02,152,OBRIGADO,2140,3360
07-05-2024_15-08-51_p0027_s49_b1,2024-05-07 15:08:51,49,XIXI POUCO,1580,5550
26-03-2024_15-47-20_p0022,2024-03-26 15:47:20,P17.3,VOCÊ JÁ VACINAR GRIPE,4110,8410
25-03-2024_15-35-07_p0020_s223_b4,2024-03-25 15:35:07,223,DIABETES,1510,3300
18-06-2024_16-13-38_p0028_s220_b4,2024-06-18 16:13:38,220,TER M U C O COLA,1330,6620
30-04-2024_13-16-21_p0024_s108_b2,2024-04-30 13:16:21,108,DOR LEVE,2650,6220
08-05-2024_16-11-01_p0033,2024-05-08 16:11:01,P15.1,TER TOSSE,2940,5350
28-06-2024_15-21-16_p0035_s238_b4,2024-06-28 15:21:16,238,SUAR TIREÓIDE DIMINUIR,1170,5480
10-05-2024_09-58-01_p0030,2024-05-10 09:58:01,P23.2,TOTAL TEMPO QUANTO,2150,5940
23-05-2024_15-03-32_p0035,2024-05-23 15:03:32,P11.5,PERÍODO DOR TER AUMENTAR,2370,7400
29-04-2024_16-49-24_p0024_s42_b1,2024-04-29 16:49:24,42,COBRA PICAR,2210,6110
24-05-2024_18-56-17_p0031_s127_b2,2024-05-24 18:56:17,127,COMER COISAS ÓLEO,2330,6680
11-05-2024_09-57-06_p0034,2024-05-11 09:57:06,P13.2,MOMENTO FICAR-EM-PÉ SENTAR DEITAR DOR PIORAR,2620,9930
20-02-2024_16-57-56_p0015_s265_b4,2024-02-20 16:57:56,265,VINHO,1740,4800
16-05-2024_15-04-31_p0034,2024-05-16 15:04:31,148.3,C,2930,4760
26-03-2024_16-23-14_p0022_s251_b4,2024-03-26 16:23:14,251,ALERGIA GRUPO BORRACHA,1660,5460
07-05-2024_14-26-57_p0027_s256_b4,2024-05-07 14:26:57,256,ALERGIA AMENDOIM,1800,4710
31-01-2024_14-55-09_p13,2024-01-31 14:55:09,175,DOIS SEMANA,1920,4620
11-06-2024_14-19-18_p0035_s120_b2,2024-06-11 14:19:18,120,VER DOBRADO,2610,7220
22-02-2024_10-38-15_p0017_s160_b3,2024-02-22 10:38:15,160,PLANO ANDAR CORPO PIOR,2060,8330
05-06-2024_15-37-31_p0037_s273_b4,2024-06-05 15:37:31,273,UM LATA UMA-VEZ SEMANA,1740,6190
12-03-2024_14-38-42_p0022_s54_b1,2024-03-12 14:38:42,54,VERMELHO SANGRAR-BOCA,2580,6630
03-05-2024_14-30-12_p0027_s155_b2,2024-05-03 14:30:12,155,PARAR,1390,3940
03-04-2024_16-03-28_p0023_s260_b4,2024-04-03 16:03:28,260,NÃO FUMAR,3040,4830
22-02-2024_13-37-05_p0018_s46_b1,2024-02-22 13:37:05,46,PROBLEMA OUVIDOS,3010,6220
07-03-2024_14-04-13_p0010_s140_b2,2024-03-07 14:04:13,140,PERNAS MEXER-PERNAS,1450,3880
20-05-2024_12-08-57_p0034_s223_b4,2024-05-20 12:08:57,223,DIABETES,2870,5090
25-03-2024_16-38-32_p0020,2024-03-25 16:38:32,148.9,I,1160,3880
29-04-2024_11-36-32_p0029_s106_b2,2024-04-29 11:36:32,106,DOR PULSAR,1880,5640
07-05-2024_14-34-58_p0027_s269_b4,2024-05-07 14:34:58,269,CACHAÇA,2020,3600
16-04-2024_10-44-34_p0025_s255_b4,2024-04-16 10:44:34,255,ALERGIA CATEGORIA T R I G O FARINHA,1900,8880
28-02-2024_16-48-09_p0011_s139_b2,2024-02-28 16:48:09,139,BRAÇO MEXER-BRAÇO,2010,8350
10-05-2024_15-36-01_p0033_s255_b4,2024-05-10 15:36:01,255,ALERGIA CATEGORIA T R I G O FARINHA,2480,6640
30-01-2024_11-15-50_p11,2024-01-30 11:15:50,47,XIXI SENTIR IGUAL QUENTE,1750,7900
21-02-2024_11-37-02_p0013_s27_b1,2024-02-21 11:37:02,27,CATARRO GRIPE,2840,6180
16-04-2024_15-52-38_p0016,2024-04-16 15:52:38,P15.1,TER TOSSE,1480,5080
28-06-2024_14-24-38_p0035_s49_b1,2024-06-28 14:24:38,49,XIXI POUCO,1610,4890
28-02-2024_16-12-25_p0011_s89_b2,2024-02-28 16:12:25,89,DOR LADO-CABEÇA,2030,7530
18-06-2024_16-36-57_p0028_s248_b4,2024-06-18 16:36:57,248,ALERGIA CACHORRO,1350,4530
10-05-2024_09-43-56_p0030_s227_b4,2024-05-10 09:43:56,227,ASMA,2140,6180
24-04-2024_15-49-31_p0027_s184_b3,2024-04-24 15:49:31,184,DOR BRAÇO-ESPALHAR,4030,7710
30-01-2024_11-16-55_p11,2024-01-30 11:16:55,51,XIXI ESCURO,1070,5120
27-05-2024_15-40-30_p0032,2024-05-27 15:40:30,P11.5,PERÍODO DOR TER AUMENTAR,1660,7770
27-03-2024_15-40-16_p0015,2024-03-27 15:40:16,148.20,T,1580,5220
08-05-2024_16-07-49_p0033_s192_b3,2024-05-08 16:07:49,192,FICAR-EM-PÉ SENTAR DEITAR DOR PIORAR SIM,2990,9430
13-03-2024_16-02-56_p0014_s252_b4,2024-03-13 16:02:56,252,ALERGIA LEITE,2580,7040
11-06-2024_13-56-22_p0035_s87_b2,2024-06-11 13:56:22,87,SIM,2370,4050
26-04-2024_14-35-00_p0028_s10_b1,2024-04-26 14:35:00,10,DOR BARRIGA,2630,6560
26-04-2024_15-13-49_p0028_s80_b1,2024-04-26 15:13:49,80,SENTADO EM-PÉ,1990,5600
10-05-2024_16-36-40_p0033_s32_b1,2024-05-10 16:36:40,32,MANCHAS-PELE VERMELHO,1340,4160
24-04-2024_15-43-36_p0027_s178_b3,2024-04-24 15:43:36,178,CINCO ANO,4400,7260
26-08-2024_15-16-31_p0019_s6_b1,2024-08-26 15:16:31,6,DOR PESCOÇO,3130,5950
03-05-2024_18-22-11_p0031_s158_b3,2024-05-03 18:22:11,158,SUBIR-MORRO FÍSICO PIOR,2610,6280
30-04-2024_13-13-35_p0024_s104_b2,2024-04-30 13:13:35,104,DOR PERNA-DIREITA PERNA-ESQUERDA,2700,7290
19-06-2024_16-28-19_p0023_s24_b1,2024-06-19 16:28:19,24,VOMITAR,1720,4190
30-01-2024_14-14-51_p12,2024-01-30 14:14:51,P6.1,ONDE DOR,3070,4700
07-05-2024_14-38-19_p0027_s274_b4,2024-05-07 14:38:19,274,DOIS LATAS DUAS-VEZES SEMANA,1870,5670
26-03-2024_16-14-06_p0022_s227_b4,2024-03-26 16:14:06,227,ASMA,2110,5750
26-03-2024_15-16-07_p0022,2024-03-26 15:16:07,170.9,9,2350,5500
10-05-2024_09-44-39_p0030_s229_b4,2024-05-10 09:44:39,229,CÂNCER,2190,4330
20-05-2024_12-00-50_p0034,2024-05-20 12:00:50,P18.3,COMO FEZES COMO,2680,6640
18-06-2024_15-40-18_p0028,2024-06-18 15:40:18,148.19,S,4430,5650
08-05-2024_15-16-15_p0033,2024-05-08 15:16:15,P9.4,TOMAR-BANHO FÍSICO PIOR,2780,6630
22-02-2024_13-40-58_p0018_s53_b1,2024-02-22 13:40:58,53,XIXI VERMELHO,2980,6080
23-05-2024_15-02-28_p0035_s178_b3,2024-05-23 15:02:28,178,CINCO ANO,2870,4910
16-07-2024_16-44-31_p0039_s259_b4,2024-07-16 16:44:31,259,TER FUMAR SIM,5240,7780
03-05-2024_08-47-40_p0030_s52_b1,2024-05-03 08:47:40,52,XIXI ESPUMAR,1900,4840
27-03-2024_16-21-36_p0015_s57_b1,2024-03-27 16:21:36,57,TONTEIRA,2110,5840
27-05-2024_15-29-37_p0032,2024-05-27 15:29:37,170.5,5,1830,5010
12-06-2024_10-21-23_p0036,2024-06-12 10:21:23,148.13,M,1590,4180
24-04-2024_15-25-00_p0027_s166_b3,2024-04-24 15:25:00,166,SUBIR-ESCADA CORPO PIOR,7740,12310
10-05-2024_15-47-12_p0033_s264_b4,2024-05-10 15:47:12,264,CERVEJA,3130,4270
08-04-2024_17-00-09_p0021_s71_b1,2024-04-08 17:00:09,71,2-HORA,2070,4550
26-02-2024_15-25-09_p0019_s210_b4,2024-02-26 15:25:09,210,MOLE,4080,6260
21-02-2024_16-07-35_p0016,2024-02-21 16:07:35,148.15,O,1260,3490
08-06-2024_10-47-46_p0031_s71_b1,2024-06-08 10:47:46,71,2-HORA,1650,3020
20-03-2024_15-28-48_p0015_s207_b3,2024-03-20 15:28:48,207,NÃO VACINAR GRIPE,3060,6200
11-06-2024_14-25-13_p0035_s130_b2,2024-06-11 14:25:13,130,CORPO ESFORÇAR,2380,6320
16-05-2024_15-02-29_p0034_s145_b2,2024-05-16 15:02:29,145,ÁGUA QUENTE COLOCAR-BRAÇO,3700,9160
05-03-2024_10-45-55_p0014_s73_b1,2024-03-05 10:45:55,73,COMER,1490,3230
20-03-2024_14-51-52_p0015,2024-03-20 14:51:52,P9.4,TOMAR-BANHO FÍSICO PIOR,2220,6300
08-06-2024_10-20-35_p0031_s5_b1,2024-06-08 10:20:35,5,CABEÇA DOR,1900,3810
21-02-2024_11-29-49_p0013_s3_b1,2024-02-21 11:29:49,3,MUDAR COMPORTAMENTO,1850,4200
22-02-2024_11-44-20_p0017_s237_b4,2024-02-22 11:44:20,237,RINS FRACO,2140,4260
03-05-2024_14-04-28_p0027_s95_b2,2024-05-03 14:04:28,95,DOR OLHOS,1590,5480
05-06-2024_15-28-27_p0037,2024-06-05 15:28:27,P23.1,VOCÊ FUMAR,1910,5380
11-05-2024_09-48-55_p0034_sP12_b3,2024-05-11 09:48:55,P12,DOR EXEMPLO AQUI LUGAR MESMO O U ESPALHAR AQUI LUGARES ENTÃO,3190,13670
28-06-2024_14-06-43_p0035_s2_b1,2024-06-28 14:06:43,2,CONFUSÃO,1450,3070
18-03-2024_11-41-57_p0013_s276_b4,2024-03-18 11:41:57,276,GARRAFA UMA-VEZ SEMANA,1710,6410
27-05-2024_17-03-28_p0032_s77_b1,2024-05-27 17:03:28,77,EXERCÍCIO-FÍSICO,1350,4580
08-05-2024_09-58-08_p0030,2024-05-08 09:58:08,148.7,G,2040,3250
13-03-2024_14-56-47_p0014_s98_b2,2024-03-13 14:56:47,98,DOR BEXIGA,2500,5580
27-05-2024_16-42-02_p0032_s27_b1,2024-05-27 16:42:02,27,CATARRO GRIPE,2140,5650
22-02-2024_14-39-44_p0018_s155_b2,2024-02-22 14:39:44,155,PARAR,1340,3900
26-04-2024_15-05-12_p0028_s66_b1,2024-04-26 15:05:12,66,VAGINA VERMELHO SANGRAR,1940,8090
22-02-2024_13-20-34_p0018_s9_b1,2024-02-22 13:20:34,9,DOR LOMBAR,2520,6320
08-04-2024_15-40-35_p0021_s108_b2,2024-04-08 15:40:35,108,DOR LEVE,1720,6480
29-04-2024_11-50-42_p0029_s136_b2,2024-04-29 11:50:42,136,ANDAR,1650,4390
29-04-2024_11-48-02_p0029_s128_b2,2024-04-29 11:48:02,128,LOCAIS BARULHO,1940,5910
29-04-2024_15-52-15_p0024_s191_b3,2024-04-29 15:52:15,191,MOMENTO APERTAR-BRAÇO DOR PIORAR NÃO,3350,9560
26-02-2024_16-04-01_p0019,2024-02-26 16:04:01,P23.1,VOCÊ FUMAR,1460,5090
24-05-2024_18-34-01_p0031,2024-05-24 18:34:01,P6.1,ONDE DOR,2400,5260
10-05-2024_08-54-02_p0030_s188_b3,2024-05-10 08:54:02,188,DOR PERNAS-ESPALHAR APONTAR-COXA,2870,7290
22-02-2024_11-47-29_p0017_s248_b4,2024-02-22 11:47:29,248,ALERGIA CACHORRO,2240,4150
26-02-2024_15-36-44_p0019,2024-02-26 15:36:44,P18.5,VOCÊ BARRIGA DOR ENTÃO,4520,9210
18-03-2024_11-05-45_p0013,2024-03-18 11:05:45,P18.1,ENJOAR O U VOMITAR,1740,8110
08-05-2024_15-27-44_p0033,2024-05-08 15:27:44,170.1,1,2900,4040
16-05-2024_15-15-29_p0034_s153_b2,2024-05-16 15:15:29,153,REPETIR POR-FAVOR,2450,5330
10-05-2024_15-48-34_p0033_s267_b4,2024-05-10 15:48:34,267,VODCA,2130,3420
30-01-2024_14-45-00_p12,2024-01-30 14:45:00,126,BEBER ÁLCOOL,1890,4190
23-04-2024_15-20-07_p0026_s41_b1,2024-04-23 15:20:07,41,GATO MORDER,2810,4550
03-05-2024_18-27-53_p0031,2024-05-03 18:27:53,P9.5,DEITAR CALMA PIOR,1470,5470
28-06-2024_15-16-10_p0035_s226_b4,2024-06-28 15:16:10,226,PRESSÃO ALTO,2460,6180
19-03-2024_15-36-24_p0022_s146_b2,2024-03-19 15:36:24,146,REMÉDIO,3570,5950
20-03-2024_14-55-51_p0015_s166_b3,2024-03-20 14:55:51,166,SUBIR-ESCADA CORPO PIOR,3030,8290
11-06-2024_14-36-06_p0035,2024-06-11 14:36:06,148.7,G,1620,4890
08-04-2024_16-44-13_p0021_s33_b1,2024-04-08 16:44:13,33,COÇAR,1550,4570
02-05-2024_15-57-44_p0026_s239_b4,2024-05-02 15:57:44,239,VÍCIO BEBER ÁLCOOL,1520,6550
07-03-2024_13-48-53_p0010_s102_b2,2024-03-07 13:48:53,102,DOR BRAÇO-DIREITO BRAÇO-ESQUERDO,1380,5260
18-06-2024_16-53-01_p0028_s271_b4,2024-06-18 16:53:01,271,CHAMPANHE,1760,4300
05-06-2024_15-18-49_p0037_s245_b4,2024-06-05 15:18:49,245,ÁCARO ALERGIA,1550,5900
18-06-2024_15-36-19_p0028,2024-06-18 15:36:19,148.10,J,2400,3740
03-05-2024_18-35-39_p0031,2024-05-03 18:35:39,170.6,6,1260,4520
19-03-2024_15-13-43_p0022_s116_b2,2024-03-19 15:13:43,116,DOR APERTAR PONTADA,1830,7460
11-06-2024_14-37-03_p0035,2024-06-11 14:37:03,148.10,J,1850,4960
26-04-2024_14-31-15_p0028_s1_b1,2024-04-26 14:31:15,1,CONFUSÃO-MENTAL PERCEPÇÃO ESQUECER,2950,8610
16-05-2024_15-15-08_p0034_s152_b2,2024-05-16 15:15:08,152,OBRIGADO,2290,4310
29-02-2024_14-18-52_p0010_s77_b1,2024-02-29 14:18:52,77,EXERCÍCIO-FÍSICO,920,2620
28-06-2024_14-27-08_p0035_s54_b1,2024-06-28 14:27:08,54,VERMELHO SANGRAR-BOCA,4020,7000
05-03-2024_10-26-03_p0014_s15_b1,2024-03-05 10:26:03,15,DOR PÉ P E,3070,6710
19-03-2024_15-26-07_p0022_s133_b2,2024-03-19 15:26:07,133,MASTIGAR,2950,6890
26-04-2024_14-35-59_p0028_s13_b1,2024-04-26 14:35:59,13,DOR PERNA,3980,9020
23-04-2024_11-28-36_p0024_s236_b4,2024-04-23 11:28:36,236,FÍGADO INFLAMADO,1920,5120
03-05-2024_18-51-47_p0031,2024-05-03 18:51:47,P13.1,MOMENTO EXEMPLO AQUI APERTAR VOCÊ SENTIR DOR PIORAR ENTÃO,1640,11450
13-03-2024_15-27-25_p0014,2024-03-13 15:27:25,148.14,N,1730,3240
24-07-2024_14-30-47_p0041_s59_b1,2024-07-24 14:30:47,59,TRAUMA,1730,4870
12-03-2024_14-34-10_p0022_s46_b1,2024-03-12 14:34:10,46,PROBLEMA OUVIDOS,1930,4920
15-05-2024_15-35-17_p0032,2024-05-15 15:35:17,P6.2,COMO DOR,2350,8110
16-04-2024_15-30-51_p0016,2024-04-16 15:30:51,170.1,1,1040,3630
12-03-2024_14-38-03_p0022_s52_b1,2024-03-12 14:38:03,52,XIXI ESPUMAR,2830,7170
27-05-2024_17-04-12_p0032_s79_b1,2024-05-27 17:04:12,79,SENTADO,1770,4110
18-04-2024_10-08-46_p0025_s4_b1,2024-04-18 10:08:46,4,CONVULSÃO ENROLAR-LÍNGUA,2410,5610
23-04-2024_15-09-38_p0026_s21_b1,2024-04-23 15:09:38,21,EVACUAR-ESPALHAR,2190,4560
02-04-2024_15-01-33_p0021_s158_b3,2024-04-02 15:01:33,158,SUBIR-MORRO FÍSICO PIOR,2930,8480
06-05-2024_15-53-09_p0032_s258_b4,2024-05-06 15:53:09,258,ALERGIA NENHUM,3810,7790
27-05-2024_15-20-45_p0032_s168_b3,2024-05-27 15:20:45,168,REMÉDIO CURAR,1800,5730
27-05-2024_15-28-44_p0032,2024-05-27 15:28:44,170.2,2,1500,3760
30-04-2024_13-52-02_p0024_s149_b2,2024-04-30 13:52:02,149,DEVAGAR,2250,3830
09-05-2024_14-23-14_p0033_s99_b2,2024-05-09 14:23:14,99,DOR BAIXO-VENTRE,2510,5900
22-02-2024_14-39-00_p0018_s151_b2,2024-02-22 14:39:00,151,OBRIGADO,1310,3490
18-04-2024_15-32-21_p0026,2024-04-18 15:32:21,P6.3,DOR IGUAL PESO,1780,7410
29-04-2024_16-56-40_p0024_s60_b1,2024-04-29 16:56:40,60,AGREDIR,1950,4810
03-05-2024_14-15-51_p0027_s127_b2,2024-05-03 14:15:51,127,COMER COISAS ÓLEO,1280,6130
12-03-2024_10-48-23_p0021_s268_b4,2024-03-12 10:48:23,268,UÍSQUE,2620,4210
20-05-2024_16-02-34_p0023,2024-05-20 16:02:34,148.3,C,1480,2900
16-07-2024_16-38-13_p0039_s247_b4,2024-07-16 16:38:13,247,ALERGIA FLOR PÓLEN,2580,8260
20-02-2024_17-02-51_p0015_s279_b4,2024-02-20 17:02:51,279,DUAS-DOSES TOMAR DUAS-VEZES SEMANA,1740,7340
18-04-2024_15-38-12_p0026_s128_b2,2024-04-18 15:38:12,128,LOCAIS BARULHO,1700,5140
08-06-2024_10-28-12_p0031_s27_b1,2024-06-08 10:28:12,27,CATARRO GRIPE,1700,3470
29-04-2024_17-04-47_p0024_s74_b1,2024-04-29 17:04:47,74,BEBER,1830,4570
11-03-2024_15-33-43_p0020,2024-03-11 15:33:43,P9.7,TOMAR-REMÉDIO AJUDAR CURAR PEITO DOR O U FALTAR A R ENTÃO,2430,9950
12-03-2024_14-37-23_p0022_s51_b1,2024-03-12 14:37:23,51,XIXI ESCURO,2690,6660
05-06-2024_15-13-10_p0037_s229_b4,2024-06-05 15:13:10,229,CÂNCER,1500,4360
08-05-2024_09-38-04_p0030_s105_b2,2024-05-08 09:38:04,105,DOR TESTÍCULOS,1560,5140
28-02-2024_16-43-13_p0011_s130_b2,2024-02-28 16:43:13,130,CORPO ESFORÇAR,2680,7690
18-04-2024_10-35-07_p0025_sP02_b1,2024-04-18 10:35:07,P2,QUANDO COMEÇAR ENTÃO,1990,6150
15-05-2024_16-53-05_p0032_s152_b2,2024-05-15 16:53:05,152,OBRIGADO,2720,7260
18-03-2024_11-39-51_p0013,2024-03-18 11:39:51,P24.3,QUANTOS BEBIDA,1750,5330
02-04-2024_15-27-33_p0021_s177_b3,2024-04-02 15:27:33,177,UM ANO,1660,4840
18-06-2024_16-23-19_p0028_s223_b4,2024-06-18 16:23:19,223,DIABETES,1540,4630
08-05-2024_09-36-30_p0030_s100_b2,2024-05-08 09:36:30,100,DOR VIRILHA,1780,4680
20-05-2024_11-27-36_p0034_s18_b1,2024-05-20 11:27:36,18,DIFÍCIL RESPIRAR,2420,7620
20-05-2024_12-27-24_p0034_s261_b4,2024-05-20 12:27:24,261,UM ANO,2990,4460
13-03-2024_15-42-20_p0014_s213_b4,2024-03-13 15:42:20,213,CLARO,3080,5120
07-05-2024_14-23-43_p0027_s249_b4,2024-05-07 14:23:43,249,ALERGIA GATO,2550,5220
26-04-2024_14-51-39_p0028_s39_b1,2024-04-26 14:51:39,39,MORDER,3430,6560
30-01-2024_14-53-57_p12,2024-01-30 14:53:57,140,PERNAS MEXER-PERNAS,2720,5410
18-03-2024_11-30-53_p0013_s255_b4,2024-03-18 11:30:53,255,ALERGIA CATEGORIA T R I G O FARINHA,2650,9530
31-01-2024_14-43-27_p13,2024-01-31 14:43:27,167,SUBIR-ESCADA CORPO PIOR NÃO,2110,7980
26-08-2024_15-17-16_p0019_s8_b1,2024-08-26 15:17:16,8,DOR COSTAS,2600,5500
30-04-2024_13-37-13_p0024_s139_b2,2024-04-30 13:37:13,139,BRAÇO MEXER-BRAÇO,2880,6640
18-04-2024_10-17-13_p0025_s24_b1,2024-04-18 10:17:13,24,VOMITAR,3870,7290
28-02-2024_16-54-31_p0011,2024-02-28 16:54:31,148.5,E,980,3800
18-04-2024_15-25-14_p0026_s95_b2,2024-04-18 15:25:14,95,DOR OLHOS,2130,5710
30-04-2024_13-08-38_p0024_s93_b2,2024-04-30 13:08:38,93,DOR NUCA,2030,5550
13-03-2024_15-53-56_p0014_s228_b4,2024-03-13 15:53:56,228,AIDS,1580,4030
23-04-2024_11-26-22_p0024_s229_b4,2024-04-23 11:26:22,229,CÂNCER,1540,4190
18-06-2024_15-28-58_p0028_s141_b2,2024-06-18 15:28:58,141,MEXER-PESCOÇO,2400,4530
10-05-2024_10-00-46_p0030_s264_b4,2024-05-10 10:00:46,264,CERVEJA,1870,4670
18-04-2024_15-39-46_p0026_s134_b2,2024-04-18 15:39:46,134,MASTIGAR,1590,4600
25-03-2024_16-44-21_p0020_s152_b2,2024-03-25 16:44:21,152,OBRIGADO,1380,3720
22-02-2024_11-48-13_p0017_s251_b4,2024-02-22 11:48:13,251,ALERGIA GRUPO BORRACHA,2280,4970
25-03-2024_16-17-15_p0020_s110_b2,2024-03-25 16:17:15,110,DOR APERTAR,1110,4440
16-04-2024_10-32-17_p0025_s229_b4,2024-04-16 10:32:17,229,CÂNCER,1360,3120
24-01-2024_17-30-50_p10,2024-01-24 17:30:50,266,DOSE ÁLCOOL,2400,4900
02-05-2024_15-23-17_p0026,2024-05-02 15:23:17,P17.3,VOCÊ JÁ VACINAR GRIPE,1300,6330
17-07-2024_14-51-30_p0041,2024-07-17 14:51:30,148.17,Q,1320,4910
26-02-2024_15-26-14_p0019_s212_b4,2024-02-26 15:26:14,212,FEZES-LÍQUIDAS,3060,6090
22-02-2024_14-10-46_p0018_s110_b2,2024-02-22 14:10:46,110,DOR APERTAR,1390,6250
22-02-2024_11-49-47_p0017_s258_b4,2024-02-22 11:49:47,258,ALERGIA NENHUM,1610,4380
02-04-2024_15-36-01_p0021_s188_b3,2024-04-02 15:36:01,188,DOR PERNAS-ESPALHAR APONTAR-COXA,2060,7790
31-01-2024_14-51-32_p13,2024-01-31 14:51:32,170.7,7,1700,3810
12-06-2024_10-22-43_p0036,2024-06-12 10:22:43,148.15,O,2040,4450
24-07-2024_14-23-23_p0041_s40_b1,2024-07-24 14:23:23,40,CACHORRO MORDER,1510,5120
03-05-2024_08-47-59_p0030_s53_b1,2024-05-03 08:47:59,53,XIXI VERMELHO,1780,4530
13-05-2024_15-52-57_p0028,2024-05-13 15:52:57,170.8,8,1000,3370
19-03-2024_15-45-51_p0022,2024-03-19 15:45:51,148.20,T,2640,5370
26-08-2024_15-20-22_p0019_s15_b1,2024-08-26 15:20:22,15,DOR PÉ P E,2340,5800
10-05-2024_08-46-45_p0030,2024-05-10 08:46:45,P11.5,PERÍODO DOR TER AUMENTAR,2440,6320
18-03-2024_11-28-00_p0013_s249_b4,2024-03-18 11:28:00,249,ALERGIA GATO,2260,6730
08-05-2024_15-53-36_p0033_s186_b3,2024-05-08 15:53:36,186,COSTAS DOR ESPALHAR,3670,7440
08-04-2024_16-15-25_p0021,2024-04-08 16:15:25,148.22,V,1360,3570
19-06-2024_10-04-49_p0036_s34_b1,2024-06-19 10:04:49,34,FEBRE,2030,4240
16-07-2024_16-19-03_p0039_s215_b4,2024-07-16 16:19:03,215,FEZES-LÍQUIDAS BORBULHAR,2060,6080
05-06-2024_15-06-42_p0037_s219_b4,2024-06-05 15:06:42,219,FEZES-LÍQUIDAS RESTOS COMIDA,1800,5990
28-02-2024_16-31-45_p0011_sP07_b2,2024-02-28 16:31:45,P7,SENTIR JUNTO ITENS MAIS TER,1680,9740
23-05-2024_15-05-12_p0035_s180_b3,2024-05-23 15:05:12,180,NUCA DOR ESPALHAR,2040,6660
24-04-2024_16-06-09_p0027_sP16_b3,2024-04-24 16:06:09,P16,S I CORIZA NENHUM COMO TER SENTIR DOR URINAR,4150,12000
08-04-2024_17-03-29_p0021_s80_b1,2024-04-08 17:03:29,80,SENTADO EM-PÉ,1560,4510
29-04-2024_15-34-40_p0024,2024-04-29 15:34:40,170.10,10,2580,4050
10-05-2024_16-52-11_p0033_s78_b1,2024-05-10 16:52:11,78,CALADO DEITADO,1670,4920
05-03-2024_10-38-53_p0014_s53_b1,2024-03-05 10:38:53,53,XIXI VERMELHO,1430,5840
23-05-2024_15-06-26_p0035_s183_b3,2024-05-23 15:06:26,183,DOR ESPALHAR OMBRO,2810,7390
08-05-2024_15-11-59_p0033,2024-05-08 15:11:59,P9.2,SUBIR-MORRO FÍSICO PIOR,6240,11710
11-06-2024_14-02-50_p0035_s98_b2,2024-06-11 14:02:50,98,DOR BEXIGA,1790,5380
21-02-2024_11-38-19_p0013_s30_b1,2024-02-21 11:38:19,30,FERIR PELE,3640,7240
26-03-2024_15-14-16_p0022,2024-03-26 15:14:16,170.3,3,2080,4580
18-06-2024_15-43-11_p0028_s149_b2,2024-06-18 15:43:11,149,DEVAGAR,2740,3980
27-05-2024_16-34-42_p0032_s13_b1,2024-05-27 16:34:42,13,DOR PERNA,2180,5690
25-03-2024_16-07-18_p0020_s85_b2,2024-03-25 16:07:18,85,UM SEMANA,1060,3970
29-04-2024_11-23-40_p0029_s82_b2,2024-04-29 11:23:40,82,SEIS HORAS,1860,4430
21-02-2024_11-53-28_p0013_s61_b1,2024-02-21 11:53:28,61,PELE QUEIMAR,3500,7920
24-07-2024_14-27-26_p0041_s50_b1,2024-07-24 14:27:26,50,TODA-HORA URINAR,1520,5180
28-02-2024_17-00-16_p0011,2024-02-28 17:00:16,148.25,Y,1260,4490
28-06-2024_14-30-48_p0035_s61_b1,2024-06-28 14:30:48,61,PELE QUEIMAR,1480,4570
10-05-2024_10-04-23_p0030_s272_b4,2024-05-10 10:04:23,272,UM LATA TODO-DIA,2070,6110
22-04-2024_09-37-18_p0025,2024-04-22 09:37:18,P15.2,TOSSE COMO,1960,5050
28-06-2024_15-15-22_p0035_s224_b4,2024-06-28 15:15:22,224,INFARTO,1320,4440
13-03-2024_14-59-01_p0014_s102_b2,2024-03-13 14:59:01,102,DOR BRAÇO-DIREITO BRAÇO-ESQUERDO,2280,6740
29-04-2024_11-54-25_p0029_s145_b2,2024-04-29 11:54:25,145,ÁGUA QUENTE COLOCAR-BRAÇO,1680,6300
19-03-2024_15-28-39_p0022_s136_b2,2024-03-19 15:28:39,136,ANDAR,4530,7010
26-03-2024_15-25-19_p0022_s181_b3,2024-03-26 15:25:19,181,PESCOÇO DOR ESPALHAR,2420,8350
07-05-2024_14-27-17_p0027_s258_b4,2024-05-07 14:27:17,258,ALERGIA NENHUM,1920,4510
13-03-2024_15-04-56_p0014_s114_b2,2024-03-13 15:04:56,114,DOR CHOQUE,1830,4560
19-06-2024_16-37-58_p0023_s47_b1,2024-06-19 16:37:58,47,XIXI SENTIR IGUAL QUENTE,1840,6760
08-05-2024_15-54-41_p0033_s188_b3,2024-05-08 15:54:41,188,DOR PERNAS-ESPALHAR APONTAR-COXA,4800,9660
22-02-2024_15-51-52_p0014,2024-02-22 15:51:52,P17.4,VOCÊ TRAZER CARTÃO-DE-VACINA,2670,6340
10-05-2024_16-51-10_p0033_s73_b1,2024-05-10 16:51:10,73,COMER,1420,3550
08-05-2024_09-46-37_p0030_s122_b2,2024-05-08 09:46:37,122,TODA-HORA URINAR,1850,4360
24-04-2024_15-21-12_p0027_s163_b3,2024-04-24 15:21:12,163,TOMAR-BANHO CORPO PIOR NÃO,7960,12770
17-06-2024_15-05-50_p0019_s110_b2,2024-06-17 15:05:50,110,DOR APERTAR,1800,6070
26-02-2024_16-17-50_p0019_s276_b4,2024-02-26 16:17:50,276,GARRAFA UMA-VEZ SEMANA,2630,6260
03-05-2024_08-42-19_p0030_s42_b1,2024-05-03 08:42:19,42,COBRA PICAR,2160,4820
20-02-2024_16-38-29_p0015_s234_b4,2024-02-20 16:38:29,234,TOSSIR CATARRO VERMELHO,1730,6450
26-08-2024_15-49-04_p0019_s75_b1,2024-08-26 15:49:04,75,TOSSIR,2630,4900
27-03-2024_16-22-14_p0015_s59_b1,2024-03-27 16:22:14,59,TRAUMA,1790,4650
30-01-2024_14-39-55_p12,2024-01-30 14:39:55,P6.5,DOR IGUAL FINCADA,2660,6390
26-02-2024_15-59-08_p0019_s253_b4,2024-02-26 15:59:08,253,ALERGIA O V O OVO,2350,6680
19-06-2024_16-24-33_p0023_s17_b1,2024-06-19 16:24:33,17,CHIAR,2800,7170
31-01-2024_14-34-52_p13,2024-01-31 14:34:52,P9.2,SUBIR-MORRO FÍSICO PIOR,5466,10866
07-03-2024_14-03-00_p0010_s135_b2,2024-03-07 14:03:00,135,ENGOLIR,1690,3990
25-03-2024_15-50-48_p0020,2024-03-25 15:50:48,P23.1,VOCÊ FUMAR,1830,3360
22-02-2024_11-05-03_p0017_s182_b3,2024-02-22 11:05:03,182,QUEIXO DOR ESPALHAR,2940,6820
15-05-2024_16-12-28_p0032_s140_b2,2024-05-15 16:12:28,140,PERNAS MEXER-PERNAS,4020,10470
08-05-2024_15-15-18_p0033_s161_b3,2024-05-08 15:15:18,161,PLANO ANDAR FÍSICO PIOR NÃO,4320,11020
23-04-2024_11-19-52_p0024_s220_b4,2024-04-23 11:19:52,220,TER M U C O COLA,1620,6720
19-06-2024_16-24-56_p0023_s18_b1,2024-06-19 16:24:56,18,DIFÍCIL RESPIRAR,2460,6880
19-06-2024_10-05-20_p0036_s35_b1,2024-06-19 10:05:20,35,ARREPIAR FRIO,2200,5720
16-05-2024_15-11-46_p0034,2024-05-16 15:11:46,148.22,V,2300,4500
11-05-2024_09-51-34_p0034_s183_b3,2024-05-11 09:51:34,183,DOR ESPALHAR OMBRO,2750,8280
02-05-2024_16-14-24_p0026,2024-05-02 16:14:24,P24.3,QUANTOS BEBIDA,1140,3900
22-01-2024_16-40-14_p9,2024-01-22 16:40:14,170.4,4,2110,4360
09-05-2024_15-06-13_p0033,2024-05-09 15:06:13,148.5,E,2260,4400
28-06-2024_15-21-37_p0035_s239_b4,2024-06-28 15:21:37,239,VÍCIO BEBER ÁLCOOL,1320,7000
12-03-2024_14-48-13_p0022_s78_b1,2024-03-12 14:48:13,78,CALADO DEITADO,1640,5440
29-04-2024_11-36-53_p0029_s107_b2,2024-04-29 11:36:53,107,DOR PROFUNDO,2080,5190
10-05-2024_09-42-59_p0030_s225_b4,2024-05-10 09:42:59,225,ARRITMIA,2260,8860
15-05-2024_15-44-48_p0032,2024-05-15 15:44:48,P6.4,DOR IGUAL QUEIMAR,2900,9340
03-05-2024_18-29-34_p0031_s167_b3,2024-05-03 18:29:34,167,SUBIR-ESCADA CORPO PIOR NÃO,1260,5680
03-04-2024_15-35-15_p0023_s218_b4,2024-04-03 15:35:15,218,FEZES-LÍQUIDAS ESCURO,2390,4660
12-03-2024_10-45-27_p0021_s260_b4,2024-03-12 10:45:27,260,NÃO FUMAR,2840,5020
26-03-2024_16-25-47_p0022_s258_b4,2024-03-26 16:25:47,258,ALERGIA NENHUM,2830,5260
08-04-2024_16-46-32_p0021_s40_b1,2024-04-08 16:46:32,40,CACHORRO MORDER,2220,5400
03-05-2024_19-02-33_p0031_s203_b3,2024-05-03 19:02:33,203,NÃO VACINAR COVID-19,1290,5190
11-06-2024_13-57-33_p0035,2024-06-11 13:57:33,P6.1,ONDE DOR,1690,5460
24-04-2024_15-42-42_p0027_s176_b3,2024-04-24 15:42:42,176,TRÊS-MESES,3840,6640
22-02-2024_14-39-55_p0018_s156_b2,2024-02-22 14:39:55,156,NÃO-ENTENDER,1330,4770
02-05-2024_15-45-30_p0026_s210_b4,2024-05-02 15:45:30,210,MOLE,1210,3480
30-01-2024_11-26-22_p11,2024-01-30 11:26:22,71,2-HORA,950,3760
28-02-2024_16-52-34_p0011_s147_b2,2024-02-28 16:52:34,147,JEJUM,1340,5070
19-07-2024_15-39-39_p0040_s52_b1,2024-07-19 15:39:39,52,XIXI ESPUMAR,4620,8540
02-04-2024_15-54-22_p0021_s207_b3,2024-04-02 15:54:22,207,NÃO VACINAR GRIPE,1560,5750
03-04-2024_15-44-01_p0023_s229_b4,2024-04-03 15:44:01,229,CÂNCER,2050,3320
10-05-2024_16-27-06_p0033_s12_b1,2024-05-10 16:27:06,12,DOR BRAÇO,1310,4650
17-07-2024_14-54-41_p0041,2024-07-17 14:54:41,148.26,Z,2550,5200
28-06-2024_14-22-23_p0035_s44_b1,2024-06-28 14:22:23,44,PRESSÃO-ARTERIAL ALTO-BAIXO,2580,6180
22-02-2024_11-54-26_p0017_s266_b4,2024-02-22 11:54:26,266,DOSE ÁLCOOL,2400,5320
09-05-2024_15-05-30_p0033,2024-05-09 15:05:30,148.3,C,2160,4280
18-03-2024_11-34-34_p0013_s260_b4,2024-03-18 11:34:34,260,NÃO FUMAR,1850,5450
16-04-2024_15-20-50_p0016_s161_b3,2024-04-16 15:20:50,161,PLANO ANDAR FÍSICO PIOR NÃO,2340,10310
22-02-2024_13-47-07_p0018_s64_b1,2024-02-22 13:47:07,64,QUASE CABEÇA-SAIR NASCER,5680,9200
21-02-2024_12-06-35_p0013_s79_b1,2024-02-21 12:06:35,79,SENTADO,3370,4630
30-01-2024_11-08-49_p11,2024-01-30 11:08:49,24,VOMITAR,5600,9520
25-03-2024_16-08-50_p0020_s88_b2,2024-03-25 16:08:50,88,NÃO,1480,3580
22-04-2024_09-18-44_p0025,2024-04-22 09:18:44,170.4,4,1000,3080
03-05-2024_19-05-04_p0031_s208_b3,2024-05-03 19:05:04,208,NÃO TRAZER CARTÃO-DE-VACINA NENHUM,1530,7400
20-05-2024_11-39-08_p0034_s43_b1,2024-05-20 11:39:08,43,ESCORPIÃO PICAR,2620,5770
10-05-2024_09-45-11_p0030_s230_b4,2024-05-10 09:45:11,230,DEPRESSÃO,2650,5170
09-05-2024_14-56-52_p0033_s141_b2,2024-05-09 14:56:52,141,MEXER-PESCOÇO,2240,5460
24-07-2024_14-10-59_p0041_s11_b1,2024-07-24 14:10:59,11,DOR GARGANTA,1300,6230
30-04-2024_13-48-54_p0024,2024-04-30 13:48:54,148.19,S,2650,3440
26-04-2024_14-37-24_p0028_s16_b1,2024-04-26 14:37:24,16,RESPIRAR FALTAR,5970,10270
13-03-2024_15-08-30_p0014_s118_b2,2024-03-13 15:08:30,118,OLHOS-LACRIMEJAR,2210,5570
16-04-2024_15-19-42_p0016,2024-04-16 15:19:42,P9.3,PLANO ANDAR FÍSICO PIOR,2100,8920
13-05-2024_15-56-42_p0028_s172_b3,2024-05-13 15:56:42,172,VÁRIAS-VEZES,4260,8450
08-05-2024_09-30-46_p0030,2024-05-08 09:30:46,P6.1,ONDE DOR,1890,4330
29-04-2024_11-52-24_p0029_s141_b2,2024-04-29 11:52:24,141,MEXER-PESCOÇO,1650,5300
12-03-2024_14-45-27_p0022_s70_b1,2024-03-12 14:45:27,70,1-HORA,2350,5730
10-05-2024_09-38-38_p0030_s220_b4,2024-05-10 09:38:38,220,TER M U C O COLA,1970,6900
20-05-2024_12-30-38_p0034_s264_b4,2024-05-20 12:30:38,264,CERVEJA,2420,4210
26-03-2024_16-17-02_p0022_s234_b4,2024-03-26 16:17:02,234,TOSSIR CATARRO VERMELHO,2090,5990
22-02-2024_13-20-50_p0018_s10_b1,2024-02-22 13:20:50,10,DOR BARRIGA,2600,6180
07-05-2024_14-37-32_p0027_s272_b4,2024-05-07 14:37:32,272,UM LATA TODO-DIA,2210,5020
26-03-2024_15-36-28_p0022_s190_b3,2024-03-26 15:36:28,190,SIM APERTAR-BRAÇO DOER,1840,6080
30-04-2024_13-10-14_p0024_s97_b2,2024-04-30 13:10:14,97,DOR LADOS-BARRIGA,2590,5690
28-02-2024_16-57-19_p0011,2024-02-28 16:57:19,148.15,O,1280,4490
27-05-2024_15-14-40_p0032_s165_b3,2024-05-27 15:14:40,165,DEITAR CALMA PIOR NÃO,5500,11870
11-06-2024_14-22-05_p0035_s125_b2,2024-06-11 14:22:05,125,COMER CATEGORIA ÁCIDO MAIS APIMENTADO,2800,9850
22-04-2024_09-14-01_p0025_s167_b3,2024-04-22 09:14:01,167,SUBIR-ESCADA CORPO PIOR NÃO,1580,7740
19-06-2024_16-17-12_p0023_s3_b1,2024-06-19 16:17:12,3,MUDAR COMPORTAMENTO,3240,6290
22-02-2024_11-36-45_p0017_s213_b4,2024-02-22 11:36:45,213,CLARO,1940,3220
18-04-2024_10-27-02_p0025_s49_b1,2024-04-18 10:27:02,49,XIXI POUCO,1500,5590
13-03-2024_14-55-59_p0014_s96_b2,2024-03-13 14:55:59,96,DOR MEIO-BARRIGA,3340,6970
30-04-2024_13-13-10_p0024_s103_b2,2024-04-30 13:13:10,103,DOR JOELHO-DIREITO JOELHO-ESQUERDO,2280,7150
18-06-2024_16-38-58_p0028_s252_b4,2024-06-18 16:38:58,252,ALERGIA LEITE,1790,5370
08-04-2024_16-07-22_p0021,2024-04-08 16:07:22,148.7,G,1580,4000
17-06-2024_15-32-42_p0019,2024-06-17 15:32:42,148.7,G,1970,5180
29-04-2024_15-48-13_p0024_s185_b3,2024-04-29 15:48:13,185,DOR BARRIGA-ESPALHAR BARRIGA,3320,8090
08-05-2024_09-57-13_p0030,2024-05-08 09:57:13,148.4,D,2070,3260
29-04-2024_17-02-17_p0024_s70_b1,2024-04-29 17:02:17,70,1-HORA,3270,6580
10-05-2024_15-26-18_p0033_s232_b4,2024-05-10 15:26:18,232,ANSIEDADE,2470,5100
18-04-2024_15-31-10_p0026_s113_b2,2024-04-18 15:31:10,113,DOR PONTADA,1400,5520
23-04-2024_15-07-38_p0026_s16_b1,2024-04-23 15:07:38,16,RESPIRAR FALTAR,2750,6290
13-05-2024_15-35-07_p0028_s162_b3,2024-05-13 15:35:07,162,TOMAR-BANHO CORPO PIOR,3520,8450
19-07-2024_14-34-46_p0040,2024-07-19 14:34:46,148.21,U,1540,3350
05-06-2024_10-05-57_p0036_s232_b4,2024-06-05 10:05:57,232,ANSIEDADE,1890,5930
09-05-2024_15-13-05_p0033,2024-05-09 15:13:05,148.21,U,2590,4950
28-02-2024_16-51-23_p0011_s145_b2,2024-02-28 16:51:23,145,ÁGUA QUENTE COLOCAR-BRAÇO,1670,9080
24-04-2024_15-20-26_p0027_s162_b3,2024-04-24 15:20:26,162,TOMAR-BANHO CORPO PIOR,6240,10320
08-04-2024_15-51-19_p0021_s126_b2,2024-04-08 15:51:19,126,BEBER ÁLCOOL,1610,5030
19-03-2024_15-00-12_p0022_s93_b2,2024-03-19 15:00:12,93,DOR NUCA,2790,6890
20-05-2024_11-31-04_p0034_s26_b1,2024-05-20 11:31:04,26,TOSSIR,2650,5510
22-02-2024_10-41-57_p0017,2024-02-22 10:41:57,P9.6,SUBIR-ESCADA FÍSICO PIOR,6620,11970
08-05-2024_15-17-54_p0033_s163_b3,2024-05-08 15:17:54,163,TOMAR-BANHO CORPO PIOR NÃO,5980,10730
18-03-2024_15-45-02_p0020_s73_b1,2024-03-18 15:45:02,73,COMER,1240,3990
07-05-2024_14-34-40_p0027_s268_b4,2024-05-07 14:34:40,268,UÍSQUE,2470,4120
16-05-2024_14-22-08_p0034_sP05_b2,2024-05-16 14:22:08,P5,POR-QUE PROCURAR VIR HOJE TER PIORAR,4010,13630
26-03-2024_16-33-04_p0022_s269_b4,2024-03-26 16:33:04,269,CACHAÇA,3770,6120
22-04-2024_09-24-45_p0025_s178_b3,2024-04-22 09:24:45,178,CINCO ANO,2540,5630
18-03-2024_11-24-41_p0013_s240_b4,2024-03-18 11:24:41,240,VÍCIO FUMAR,2000,6380
24-04-2024_16-04-31_p0027_s200_b3,2024-04-24 16:04:31,200,CATARRO COLA VERDE,3910,8390
03-04-2024_15-33-21_p0023_s214_b4,2024-04-03 15:33:21,214,FEZES-LÍQUIDAS BRILHANTE,2830,4970
09-05-2024_14-22-45_p0033_s98_b2,2024-05-09 14:22:45,98,DOR BEXIGA,3230,6500
24-04-2024_16-08-27_p0027_s204_b3,2024-04-24 16:08:27,204,DOIS VACINA,3120,6550
20-05-2024_12-05-08_p0034_s219_b4,2024-05-20 12:05:08,219,FEZES-LÍQUIDAS RESTOS COMIDA,2780,6470
30-01-2024_14-32-27_p12,2024-01-30 14:32:27,106,DOR PULSAR,2270,5240
20-05-2024_12-40-18_p0034_s283_b4,2024-05-20 12:40:18,283,UM COPO UMA-VEZ SEMANA,2700,6820
20-05-2024_12-21-19_p0034_s253_b4,2024-05-20 12:21:19,253,ALERGIA O V O OVO,3200,7210
22-01-2024_16-46-38_p9,2024-01-22 16:46:38,171,UMA-VEZ,11010,14710
21-02-2024_15-23-38_p0016_s96_b2,2024-02-21 15:23:38,96,DOR MEIO-BARRIGA,1360,5800
20-05-2024_12-14-08_p0034_s235_b4,2024-05-20 12:14:08,235,OBESIDADE,2800,5810
13-03-2024_16-14-44_p0014_s273_b4,2024-03-13 16:14:44,273,UM LATA UMA-VEZ SEMANA,2170,6500
22-02-2024_11-51-30_p0017_s259_b4,2024-02-22 11:51:30,259,TER FUMAR SIM,4010,6390
23-04-2024_15-29-04_p0026_s63_b1,2024-04-23 15:29:04,63,TIRO FURAR-BARRIGA,2930,5000
18-04-2024_15-43-34_p0026_s143_b2,2024-04-18 15:43:34,143,DEITAR,2080,5110
22-02-2024_11-01-54_p0017_s175_b3,2024-02-22 11:01:54,175,DOIS SEMANA,2300,4530
03-05-2024_08-45-27_p0030_s46_b1,2024-05-03 08:45:27,46,PROBLEMA OUVIDOS,2480,4920
30-04-2024_13-15-06_p0024,2024-04-30 13:15:06,P6.2,COMO DOR,1820,5010
25-03-2024_15-40-03_p0020_s235_b4,2024-03-25 15:40:03,235,OBESIDADE,1950,4000
03-04-2024_15-29-59_p0023,2024-04-03 15:29:59,P18.1,ENJOAR O U VOMITAR,3880,8200
03-05-2024_14-11-51_p0027,2024-05-03 14:11:51,P6.4,DOR IGUAL QUEIMAR,1260,5950
24-07-2024_14-32-25_p0041_s63_b1,2024-07-24 14:32:25,63,TIRO FURAR-BARRIGA,3540,7290
15-05-2024_16-47-53_p0032,2024-05-15 16:47:53,148.19,S,1470,5230
08-04-2024_16-29-15_p0021_s2_b1,2024-04-08 16:29:15,2,CONFUSÃO,1780,3860
26-08-2024_15-48-43_p0019_s74_b1,2024-08-26 15:48:43,74,BEBER,2810,5110
21-02-2024_15-48-41_p0016_s134_b2,2024-02-21 15:48:41,134,MASTIGAR,1470,5170
13-05-2024_16-33-53_p0028_s206_b3,2024-05-13 16:33:53,206,QUATRO VACINA,1150,4300
29-04-2024_15-50-34_p0024_s189_b3,2024-04-29 15:50:34,189,DOR PERNAS-ESPALHAR APONTAR-PERNA,2840,8150
13-03-2024_14-49-48_p0014_s86_b2,2024-03-13 14:49:48,86,UM MÊS,2880,4660
24-05-2024_18-58-10_p0031_s133_b2,2024-05-24 18:58:10,133,MASTIGAR,1740,4430
21-02-2024_16-06-59_p0016,2024-02-21 16:06:59,148.12,L,1910,4370
11-03-2024_15-42-07_p0020_s171_b3,2024-03-11 15:42:07,171,UMA-VEZ,2610,5430
08-06-2024_10-23-48_p0031_s14_b1,2024-06-08 10:23:48,14,DOR PERNA ATRÁS,1800,4690
26-03-2024_16-28-23_p0022_s260_b4,2024-03-26 16:28:23,260,NÃO FUMAR,3790,5460
30-01-2024_14-30-35_p12,2024-01-30 14:30:35,101,DOR OMBROS,1940,5510
23-04-2024_15-32-34_p0026_s72_b1,2024-04-23 15:32:34,72,2-MÊS,1870,4300
11-03-2024_15-45-17_p0020_s177_b3,2024-03-11 15:45:17,177,UM ANO,2620,4730
08-06-2024_10-30-48_p0031_s35_b1,2024-06-08 10:30:48,35,ARREPIAR FRIO,1890,3780
16-04-2024_10-32-37_p0025_s230_b4,2024-04-16 10:32:37,230,DEPRESSÃO,1420,4420
17-07-2024_14-32-38_p0041_s126_b2,2024-07-17 14:32:38,126,BEBER ÁLCOOL,3600,6790
19-06-2024_16-47-37_p0023_s69_b1,2024-06-19 16:47:37,69,30 MINUTO,1940,4090
26-02-2024_15-47-54_p0019_s236_b4,2024-02-26 15:47:54,236,FÍGADO INFLAMADO,2640,5400
18-04-2024_15-23-36_p0026_s89_b2,2024-04-18 15:23:36,89,DOR LADO-CABEÇA,1160,5380
16-07-2024_16-36-42_p0039_s245_b4,2024-07-16 16:36:42,245,ÁCARO ALERGIA,3610,8120
08-05-2024_09-28-43_p0030_s85_b2,2024-05-08 09:28:43,85,UM SEMANA,1870,3430
28-06-2024_15-33-30_p0035_s254_b4,2024-06-28 15:33:30,254,ALERGIA COMER CATEGORIA ÁGUA-MAR,5470,12350
03-04-2024_15-54-40_p0023_s247_b4,2024-04-03 15:54:40,247,ALERGIA FLOR PÓLEN,2860,7000
18-03-2024_15-42-00_p0020_s65_b1,2024-03-18 15:42:00,65,NASCER VIVO,1470,6180
23-05-2024_14-58-27_p0035_s172_b3,2024-05-23 14:58:27,172,VÁRIAS-VEZES,3220,5140
10-05-2024_08-55-49_p0030_s190_b3,2024-05-10 08:55:49,190,SIM APERTAR-BRAÇO DOER,2250,6530
08-06-2024_10-39-53_p0031_s56_b1,2024-06-08 10:39:53,56,VERMELHO FEZES,1760,3620
08-05-2024_15-49-16_p0033_s182_b3,2024-05-08 15:49:16,182,QUEIXO DOR ESPALHAR,2760,7290
12-03-2024_10-52-55_p0021_s280_b4,2024-03-12 10:52:55,280,TAÇA TOMAR VINHO UMA-VEZ SEMANA,2620,10570
22-01-2024_16-55-07_p9,2024-01-22 16:55:07,182,QUEIXO DOR ESPALHAR,1620,6890
09-05-2024_14-13-08_p0033_s84_b2,2024-05-09 14:13:08,84,TRÊS-DIAS,3020,5390
22-02-2024_15-43-05_p0014_s191_b3,2024-02-22 15:43:05,191,MOMENTO APERTAR-BRAÇO DOR PIORAR NÃO,2080,8520
11-05-2024_10-03-36_p0034_s199_b3,2024-05-11 10:03:36,199,CATARRO COLA AMARELO,2970,6800
18-03-2024_11-18-09_p0013,2024-03-18 11:18:09,P19.1,VOCÊ JÁ FAZER TRATAMENTO ALGUM DOENÇA ENTÃO,1630,9880
16-05-2024_14-32-34_p0034,2024-05-16 14:32:34,P6.2,COMO DOR,3010,6680
28-02-2024_16-56-23_p0011,2024-02-28 16:56:23,148.11,K,1360,4110
24-05-2024_19-09-59_p0031,2024-05-24 19:09:59,148.14,N,1920,3380
07-05-2024_14-37-12_p0027,2024-05-07 14:37:12,P24.3,QUANTOS BEBIDA,2360,4290
26-08-2024_15-22-45_p0019_s21_b1,2024-08-26 15:22:45,21,EVACUAR-ESPALHAR,2620,4870
30-01-2024_15-00-41_p12,2024-01-30 15:00:41,148.2,B,3400,4040
29-04-2024_15-27-55_p0024_s169_b3,2024-04-29 15:27:55,169,REMÉDIO CURAR-NÃO,4760,9000
13-03-2024_14-51-00_p0014_s88_b2,2024-03-13 14:51:00,88,NÃO,2220,3830
30-01-2024_11-07-07_p11,2024-01-30 11:07:07,20,TONTURA CAIR-PESSOA,940,7370
07-03-2024_14-00-54_p0010_s128_b2,2024-03-07 14:00:54,128,LOCAIS BARULHO,2200,4550
07-05-2024_14-54-34_p0027_s6_b1,2024-05-07 14:54:34,6,DOR PESCOÇO,590,4680
03-05-2024_18-43-12_p0031_s178_b3,2024-05-03 18:43:12,178,CINCO ANO,1490,4840
06-05-2024_15-40-38_p0032_s253_b4,2024-05-06 15:40:38,253,ALERGIA O V O OVO,2850,7290
22-02-2024_13-20-20_p0018_s8_b1,2024-02-22 13:20:20,8,DOR COSTAS,2600,6600
26-03-2024_16-38-19_p0022_s281_b4,2024-03-26 16:38:19,281,TAÇA TOMAR VINHO TODO-DIA,2370,8970
21-02-2024_15-43-25_p0016_s123_b2,2024-02-21 15:43:25,123,ZUMBIDO OUVIDO,1140,5210
16-07-2024_16-57-03_p0039_s276_b4,2024-07-16 16:57:03,276,GARRAFA UMA-VEZ SEMANA,2130,6350
17-07-2024_14-37-59_p0041_s138_b2,2024-07-17 14:37:59,138,APERTAR,2820,5010
08-04-2024_16-48-06_p0021_s45_b1,2024-04-08 16:48:06,45,PROBLEMA OLHOS,1650,4370
19-06-2024_09-51-38_p0036_s7_b1,2024-06-19 09:51:38,7,DOR PEITO,1710,4730
20-05-2024_15-19-05_p0023_s93_b2,2024-05-20 15:19:05,93,DOR NUCA,1500,4950
16-04-2024_15-22-19_p0016_s163_b3,2024-04-16 15:22:19,163,TOMAR-BANHO CORPO PIOR NÃO,1620,6810
27-03-2024_15-35-21_p0015,2024-03-27 15:35:21,148.4,D,1760,4210
23-05-2024_15-02-04_p0035_s177_b3,2024-05-23 15:02:04,177,UM ANO,3770,6180
28-06-2024_14-23-26_p0035_s46_b1,2024-06-28 14:23:26,46,PROBLEMA OUVIDOS,1410,3520
26-03-2024_16-04-59_p0022,2024-03-26 16:04:59,P18.3,COMO FEZES COMO,2080,4690
26-08-2024_15-42-42_p0019_s62_b1,2024-08-26 15:42:42,62,MATERIAL GRUPO CORTAR TAMBÉM OBJETO-FINO-LONGO FINCAR,2360,9550
18-04-2024_15-20-16_p0026_s82_b2,2024-04-18 15:20:16,82,SEIS HORAS,2910,6290
17-07-2024_14-32-14_p0041_s125_b2,2024-07-17 14:32:14,125,COMER CATEGORIA ÁCIDO MAIS APIMENTADO,2380,7890
22-02-2024_15-30-29_p0014,2024-02-22 15:30:29,170.6,6,1830,4350
26-03-2024_15-04-36_p0022_s162_b3,2024-03-26 15:04:36,162,TOMAR-BANHO CORPO PIOR,3270,7990
22-04-2024_09-25-34_p0025,2024-04-22 09:25:34,P11.4,AO-LONGO-DO-TEMPO DOR COMO AUMENTAR O U DIMINUIR,1330,10670
27-03-2024_15-35-05_p0015,2024-03-27 15:35:05,148.3,C,1300,3600
03-05-2024_14-05-45_p0027_s100_b2,2024-05-03 14:05:45,100,DOR VIRILHA,1670,5560
20-05-2024_12-12-00_p0034_s230_b4,2024-05-20 12:12:00,230,DEPRESSÃO,2930,5860
28-06-2024_14-30-28_p0035_s60_b1,2024-06-28 14:30:28,60,AGREDIR,1770,3780
07-05-2024_14-15-33_p0027_s223_b4,2024-05-07 14:15:33,223,DIABETES,2470,3950
12-03-2024_14-46-41_p0022_s73_b1,2024-03-12 14:46:41,73,COMER,4460,6950
20-05-2024_11-49-51_p0034_s63_b1,2024-05-20 11:49:51,63,TIRO FURAR-BARRIGA,3310,6510
18-03-2024_11-37-03_p0013,2024-03-18 11:37:03,P24.2,BEBIDA QUAL,2390,5920
19-06-2024_16-39-18_p0023_s50_b1,2024-06-19 16:39:18,50,TODA-HORA URINAR,1720,4800
03-04-2024_16-08-24_p0023_s271_b4,2024-04-03 16:08:24,271,CHAMPANHE,2510,4210
05-03-2024_10-31-23_p0014_s29_b1,2024-03-05 10:31:23,29,INCHAR,4850,6200
08-05-2024_09-50-26_p0030_s133_b2,2024-05-08 09:50:26,133,MASTIGAR,1730,4350
03-04-2024_15-43-13_p0023_s227_b4,2024-04-03 15:43:13,227,ASMA,140,1990
25-03-2024_15-41-47_p0020_s239_b4,2024-03-25 15:41:47,239,VÍCIO BEBER ÁLCOOL,1990,5410
07-05-2024_15-20-35_p0027_s79_b1,2024-05-07 15:20:35,79,SENTADO,1570,4470
02-05-2024_15-58-07_p0026_s240_b4,2024-05-02 15:58:07,240,VÍCIO FUMAR,1380,4580
15-05-2024_15-15-58_p0032_s86_b2,2024-05-15 15:15:58,86,UM MÊS,2800,6190
21-02-2024_11-31-37_p0013_s10_b1,2024-02-21 11:31:37,10,DOR BARRIGA,2150,4750
02-05-2024_15-05-01_p0026_s181_b3,2024-05-02 15:05:01,181,PESCOÇO DOR ESPALHAR,1560,8360
18-06-2024_16-51-34_p0028_s267_b4,2024-06-18 16:51:34,267,VODCA,1610,4110
24-07-2024_14-12-57_p0041_s16_b1,2024-07-24 14:12:57,16,RESPIRAR FALTAR,1600,6920
03-04-2024_15-44-22_p0023_s230_b4,2024-04-03 15:44:22,230,DEPRESSÃO,1680,3280
26-04-2024_14-58-29_p0028_s52_b1,2024-04-26 14:58:29,52,XIXI ESPUMAR,5200,9310
08-05-2024_10-03-05_p0030,2024-05-08 10:03:05,148.25,Y,1890,3270
08-05-2024_15-33-02_p0033,2024-05-08 15:33:02,170.10,10,3400,5740
03-04-2024_15-40-19_p0023,2024-04-03 15:40:19,P19.1,VOCÊ JÁ FAZER TRATAMENTO ALGUM DOENÇA ENTÃO,3220,11350
03-05-2024_08-28-15_p0030_s4_b1,2024-05-03 08:28:15,4,CONVULSÃO ENROLAR-LÍNGUA,2000,4360
05-03-2024_10-25-45_p0014_s14_b1,2024-03-05 10:25:45,14,DOR PERNA ATRÁS,2200,7890
30-01-2024_11-27-44_p11,2024-01-30 11:27:44,74,BEBER,970,4120
29-04-2024_16-35-33_p0024_s16_b1,2024-04-29 16:35:33,16,RESPIRAR FALTAR,3620,8500
05-03-2024_10-32-43_p0014_s34_b1,2024-03-05 10:32:43,34,FEBRE,1700,3810
31-01-2024_14-50-28_p13,2024-01-31 14:50:28,170.2,2,3200,3990
20-05-2024_11-34-27_p0034_s33_b1,2024-05-20 11:34:27,33,COÇAR,2280,6830
17-07-2024_14-54-07_p0041,2024-07-17 14:54:07,148.24,X,1680,4810
05-06-2024_10-05-13_p0036_s231_b4,2024-06-05 10:05:13,231,DEPRESSÃO,2140,5210
22-02-2024_14-27-03_p0018_s139_b2,2024-02-22 14:27:03,139,BRAÇO MEXER-BRAÇO,4910,9760
24-05-2024_18-42-31_p0031_s110_b2,2024-05-24 18:42:31,110,DOR APERTAR,1740,5900
28-06-2024_14-14-01_p0035_s21_b1,2024-06-28 14:14:01,21,EVACUAR-ESPALHAR,1940,4680
23-04-2024_15-04-37_p0026_s11_b1,2024-04-23 15:04:37,11,DOR GARGANTA,2120,5690
11-06-2024_14-28-57_p0035_s139_b2,2024-06-11 14:28:57,139,BRAÇO MEXER-BRAÇO,1630,6590
21-02-2024_16-14-26_p0016_s155_b2,2024-02-21 16:14:26,155,PARAR,1760,4200
20-05-2024_16-07-08_p0023,2024-05-20 16:07:08,148.18,R,1380,3580
24-05-2024_18-39-14_p0031_s102_b2,2024-05-24 18:39:14,102,DOR BRAÇO-DIREITO BRAÇO-ESQUERDO,1980,6290
08-04-2024_15-54-41_p0021_s133_b2,2024-04-08 15:54:41,133,MASTIGAR,1720,4710
24-07-2024_14-12-35_p0041_s15_b1,2024-07-24 14:12:35,15,DOR PÉ P E,1910,6270
16-05-2024_14-36-02_p0034_s111_b2,2024-05-16 14:36:02,111,DOR PESO,2730,6120
11-05-2024_10-04-35_p0034_s201_b3,2024-05-11 10:04:35,201,CATARRO COLA VERMELHO,3150,5830
08-05-2024_15-20-01_p0033_s165_b3,2024-05-08 15:20:01,165,DEITAR CALMA PIOR NÃO,6780,10720
30-01-2024_15-01-24_p12,2024-01-30 15:01:24,148.5,E,3390,4500
22-01-2024_17-18-07_p9,2024-01-22 17:18:07,197,CATARRO COLA CLARO,2980,7730
16-05-2024_15-00-37_p0034_s142_b2,2024-05-16 15:00:37,142,MOVIMENTAR-CORPO DOR PIORAR,2670,7310
07-03-2024_14-13-26_p0010,2024-03-07 14:13:26,148.18,R,1250,3130
22-02-2024_11-52-11_p0017,2024-02-22 11:52:11,P23.2,TOTAL TEMPO QUANTO,1730,4750
29-04-2024_16-55-30_p0024_s57_b1,2024-04-29 16:55:30,57,TONTEIRA,2150,8770
09-05-2024_14-47-21_p0033_s126_b2,2024-05-09 14:47:21,126,BEBER ÁLCOOL,2740,6100
24-07-2024_15-23-25_p0041_s265_b4,2024-07-24 15:23:25,265,VINHO,1790,4040
26-03-2024_16-35-00_p0022_s273_b4,2024-03-26 16:35:00,273,UM LATA UMA-VEZ SEMANA,3200,6850
10-05-2024_15-46-51_p0033,2024-05-10 15:46:51,P24.2,BEBIDA QUAL,3370,4520
31-01-2024_14-51-00_p13,2024-01-31 14:51:00,170.5,5,2010,3490
31-01-2024_14-53-13_p13,2024-01-31 14:53:13,172,VÁRIAS-VEZES,1730,3450
26-04-2024_14-43-27_p0028_s31_b1,2024-04-26 14:43:27,31,MANCHAS-PELE,2870,6310
30-04-2024_13-37-37_p0024_s140_b2,2024-04-30 13:37:37,140,PERNAS MEXER-PERNAS,2560,6160
08-05-2024_15-18-47_p0033,2024-05-08 15:18:47,P9.5,DEITAR CALMA PIOR,5940,9620
30-01-2024_15-10-39_p12,2024-01-30 15:10:39,153,REPETIR POR-FAVOR,2290,5550
08-05-2024_09-37-45_p0030_s104_b2,2024-05-08 09:37:45,104,DOR PERNA-DIREITA PERNA-ESQUERDA,1490,5230
21-02-2024_15-26-32_p0016_s106_b2,2024-02-21 15:26:32,106,DOR PULSAR,1660,5830
07-03-2024_13-51-59_p0010_s111_b2,2024-03-07 13:51:59,111,DOR PESO,1260,3720
24-05-2024_18-59-49_p0031_s138_b2,2024-05-24 18:59:49,138,APERTAR,1750,4320
27-05-2024_16-54-59_p0032_s57_b1,2024-05-27 16:54:59,57,TONTEIRA,2000,5160
26-04-2024_14-41-22_p0028_s25_b1,2024-04-26 14:41:22,25,FEZES ESCURO,2650,6470
21-02-2024_12-02-56_p0013_sP02_b1,2024-02-21 12:02:56,P2,QUANDO COMEÇAR ENTÃO,9640,12760
25-03-2024_15-23-53_p0020,2024-03-25 15:23:53,P18.1,ENJOAR O U VOMITAR,1450,5450
20-05-2024_12-21-44_p0034_s254_b4,2024-05-20 12:21:44,254,ALERGIA COMER CATEGORIA ÁGUA-MAR,2700,8010
26-08-2024_15-30-21_p0019_s39_b1,2024-08-26 15:30:21,39,MORDER,3170,5640
24-01-2024_17-21-48_p10,2024-01-24 17:21:48,248,ALERGIA CACHORRO,2750,5580
16-04-2024_15-40-07_p0016_sP12_b3,2024-04-16 15:40:07,P12,DOR EXEMPLO AQUI LUGAR MESMO O U ESPALHAR AQUI LUGARES ENTÃO,1820,13070
17-07-2024_14-26-03_p0041_s115_b2,2024-07-17 14:26:03,115,DOR VERMELHO SANGRAR APERTAR,2090,6980
26-08-2024_15-30-42_p0019_s40_b1,2024-08-26 15:30:42,40,CACHORRO MORDER,3380,6390
22-02-2024_11-36-32_p0017_s212_b4,2024-02-22 11:36:32,212,FEZES-LÍQUIDAS,1620,3950
16-05-2024_14-25-23_p0034_s91_b2,2024-05-16 14:25:23,91,DOR LADO-CABEÇA LADO-CABEÇA,2550,7420
16-04-2024_15-55-28_p0016_s198_b3,2024-04-16 15:55:28,198,CATARRO COLA BRANCO,1650,6230
05-06-2024_10-39-04_p0036_s282_b4,2024-06-05 10:39:04,282,UM COPO CHEIO TODO-DIA,2250,9670
03-05-2024_14-24-54_p0027,2024-05-03 14:24:54,148.10,J,1530,4360
12-06-2024_16-54-36_p0038_s194_b3,2024-06-12 16:54:36,194,TOSSE SECO,2800,5830
23-04-2024_15-21-36_p0026_s45_b1,2024-04-23 15:21:36,45,PROBLEMA OLHOS,2700,4470
05-06-2024_15-29-18_p0037_s260_b4,2024-06-05 15:29:18,260,NÃO FUMAR,1910,5050
03-04-2024_15-55-25_p0023_s249_b4,2024-04-03 15:55:25,249,ALERGIA GATO,2150,4240
22-02-2024_14-39-33_p0018_s154_b2,2024-02-22 14:39:33,154,PARAR,1320,3820
18-04-2024_15-26-23_p0026_s98_b2,2024-04-18 15:26:23,98,DOR BEXIGA,1290,5460
12-03-2024_14-27-36_p0022_s29_b1,2024-03-12 14:27:36,29,INCHAR,3170,6470
26-03-2024_16-11-39_p0022_s222_b4,2024-03-26 16:11:39,222,DOR-BARRIGA NENHUM,3020,6740
29-02-2024_14-08-42_p0010_s54_b1,2024-02-29 14:08:42,54,VERMELHO SANGRAR-BOCA,1150,3300
22-02-2024_15-33-51_p0014_s174_b3,2024-02-22 15:33:51,174,TRÊS-VEZES DIA,2870,5440
16-04-2024_15-48-20_p0016,2024-04-16 15:48:20,P13.1,MOMENTO EXEMPLO AQUI APERTAR VOCÊ SENTIR DOR PIORAR ENTÃO,1960,11680
16-07-2024_16-44-11_p0039,2024-07-16 16:44:11,P23.1,VOCÊ FUMAR,2090,4800
11-05-2024_09-50-58_p0034_s182_b3,2024-05-11 09:50:58,182,QUEIXO DOR ESPALHAR,2820,7690
19-03-2024_15-41-24_p0022,2024-03-19 15:41:24,148.7,G,1520,4160
05-06-2024_10-21-44_p0036,2024-06-05 10:21:44,P23.1,VOCÊ FUMAR,2160,5480
20-05-2024_12-10-47_p0034_s227_b4,2024-05-20 12:10:47,227,ASMA,2280,6470
12-06-2024_10-34-14_p0036_s157_b2,2024-06-12 10:34:14,157,CONTINUAR,2420,4900
18-04-2024_15-52-28_p0026_s149_b2,2024-04-18 15:52:28,149,DEVAGAR,1560,4340
07-03-2024_13-41-07_p0010_s86_b2,2024-03-07 13:41:07,86,UM MÊS,1780,3700
21-02-2024_15-55-10_p0016_s141_b2,2024-02-21 15:55:10,141,MEXER-PESCOÇO,1950,5320
13-03-2024_15-17-41_p0014_s136_b2,2024-03-13 15:17:41,136,ANDAR,2370,5440
18-04-2024_10-28-43_p0025_s53_b1,2024-04-18 10:28:43,53,XIXI VERMELHO,1400,5360
19-06-2024_16-41-06_p0023_s55_b1,2024-06-19 16:41:06,55,VERMELHO NARIZ-SANGRAR GRIPE,1630,6120
26-04-2024_14-59-20_p0028_s54_b1,2024-04-26 14:59:20,54,VERMELHO SANGRAR-BOCA,2810,6990
02-05-2024_14-48-34_p0026_s166_b3,2024-05-02 14:48:34,166,SUBIR-ESCADA CORPO PIOR,1790,8290
19-03-2024_15-43-29_p0022,2024-03-19 15:43:29,148.13,M,1460,4510
18-06-2024_16-11-59_p0028_s218_b4,2024-06-18 16:11:59,218,FEZES-LÍQUIDAS ESCURO,2020,5570
24-05-2024_19-13-17_p0031,2024-05-24 19:13:17,148.25,Y,1630,4240
13-05-2024_15-39-48_p0028_s167_b3,2024-05-13 15:39:48,167,SUBIR-ESCADA CORPO PIOR NÃO,1850,6960
07-05-2024_15-16-56_p0027_s69_b1,2024-05-07 15:16:56,69,30 MINUTO,1560,5280
28-06-2024_15-43-15_p0035_s269_b4,2024-06-28 15:43:15,269,CACHAÇA,1060,4190
24-05-2024_18-33-42_p0031_s88_b2,2024-05-24 18:33:42,88,NÃO,2190,3740
29-04-2024_11-52-04_p0029_s140_b2,2024-04-29 11:52:04,140,PERNAS MEXER-PERNAS,1580,5850
22-02-2024_10-55-22_p0017,2024-02-22 10:55:22,170.5,5,2260,4060
05-03-2024_10-34-25_p0014_s39_b1,2024-03-05 10:34:25,39,MORDER,3520,5580
20-03-2024_14-47-36_p0015,2024-03-20 14:47:36,P9.2,SUBIR-MORRO FÍSICO PIOR,5310,11290
30-04-2024_13-48-36_p0024,2024-04-30 13:48:36,148.18,R,2980,3640
11-03-2024_15-26-14_p0020_s158_b3,2024-03-11 15:26:14,158,SUBIR-MORRO FÍSICO PIOR,2110,6850
23-05-2024_15-15-04_p0035,2024-05-23 15:15:04,P15.3,CATARRO TER O U TER-NÃO,2690,6510
13-03-2024_15-40-23_p0014_s210_b4,2024-03-13 15:40:23,210,MOLE,2370,4990
18-04-2024_15-53-20_p0026_s153_b2,2024-04-18 15:53:20,153,REPETIR POR-FAVOR,1720,5210
16-07-2024_16-35-30_p0039_s239_b4,2024-07-16 16:35:30,239,VÍCIO BEBER ÁLCOOL,1410,5890
27-05-2024_16-05-08_p0032_s206_b3,2024-05-27 16:05:08,206,QUATRO VACINA,1610,5760
08-04-2024_15-42-35_p0021_s113_b2,2024-04-08 15:42:35,113,DOR PONTADA,1840,6010
02-05-2024_14-48-08_p0026,2024-05-02 14:48:08,P9.6,SUBIR-ESCADA FÍSICO PIOR,1700,7230
20-05-2024_15-21-28_p0023_s99_b2,2024-05-20 15:21:28,99,DOR BAIXO-VENTRE,1540,5390
17-06-2024_15-36-34_p0019,2024-06-17 15:36:34,148.18,R,2040,4300
30-04-2024_13-36-51_p0024_s138_b2,2024-04-30 13:36:51,138,APERTAR,2700,4530
19-03-2024_15-06-09_p0022_s104_b2,2024-03-19 15:06:09,104,DOR PERNA-DIREITA PERNA-ESQUERDA,2640,8110
20-02-2024_16-17-00_p0015_s213_b4,2024-02-20 16:17:00,213,CLARO,1260,4730
28-06-2024_15-06-23_p0035_s210_b4,2024-06-28 15:06:23,210,MOLE,2050,5390
13-03-2024_15-03-26_p0014_s110_b2,2024-03-13 15:03:26,110,DOR APERTAR,2380,5760
15-05-2024_16-03-36_p0032_s129_b2,2024-05-15 16:03:36,129,LOCAIS LUZ-FORTE,2700,8060
09-05-2024_14-13-32_p0033_s85_b2,2024-05-09 14:13:32,85,UM SEMANA,2750,5620
28-06-2024_15-41-43_p0035_s264_b4,2024-06-28 15:41:43,264,CERVEJA,1370,4480
07-03-2024_13-53-58_p0010,2024-03-07 13:53:58,P6.4,DOR IGUAL QUEIMAR,1200,4390
26-03-2024_16-23-35_p0022_s252_b4,2024-03-26 16:23:35,252,ALERGIA LEITE,3540,6230
12-03-2024_14-44-50_p0022_s68_b1,2024-03-12 14:44:50,68,15 MINUTO,2020,5800
09-05-2024_14-12-19_p0033_s82_b2,2024-05-09 14:12:19,82,SEIS HORAS,3700,7060
20-05-2024_15-49-17_p0023_s133_b2,2024-05-20 15:49:17,133,MASTIGAR,3240,7680
23-05-2024_15-17-21_p0035_s199_b3,2024-05-23 15:17:21,199,CATARRO COLA AMARELO,2270,5680
18-06-2024_15-34-07_p0028,2024-06-18 15:34:07,148.4,D,2590,4140
28-06-2024_14-25-38_p0035_s52_b1,2024-06-28 14:25:38,52,XIXI ESPUMAR,1670,4630
23-04-2024_11-24-38_p0024_s225_b4,2024-04-23 11:24:38,225,ARRITMIA,2970,7310
03-05-2024_14-12-43_p0027_sP07_b2,2024-05-03 14:12:43,P7,SENTIR JUNTO ITENS MAIS TER,4160,12400
08-04-2024_16-03-21_p0021,2024-04-08 16:03:21,148.1,A,1920,4130
27-03-2024_15-45-21_p0015_s157_b2,2024-03-27 15:45:21,157,CONTINUAR,1310,4230
18-03-2024_15-31-12_p0020_s43_b1,2024-03-18 15:31:12,43,ESCORPIÃO PICAR,1470,5150
21-02-2024_15-33-34_p0016,2024-02-21 15:33:34,P6.5,DOR IGUAL FINCADA,1770,6550
07-03-2024_13-52-26_p0010_s113_b2,2024-03-07 13:52:26,113,DOR PONTADA,1220,4170
16-04-2024_15-58-01_p0016,2024-04-16 15:58:01,P17.1,VOCÊ JÁ VACINAR COVID-19,1180,5670
08-04-2024_15-54-21_p0021_s132_b2,2024-04-08 15:54:21,132,NARIZ ESPIRRAR,2230,4960
18-06-2024_15-08-05_p0028_s114_b2,2024-06-18 15:08:05,114,DOR CHOQUE,2330,4370
27-03-2024_15-59-23_p0015_s4_b1,2024-03-27 15:59:23,4,CONVULSÃO ENROLAR-LÍNGUA,1670,4970
18-04-2024_15-32-43_p0026,2024-04-18 15:32:43,P6.4,DOR IGUAL QUEIMAR,1830,7020
29-04-2024_11-25-54_p0029_s85_b2,2024-04-29 11:25:54,85,UM SEMANA,2290,4870
13-03-2024_16-11-06_p0014_s264_b4,2024-03-13 16:11:06,264,CERVEJA,1620,3880
16-07-2024_16-32-11_p0039_s235_b4,2024-07-16 16:32:11,235,OBESIDADE,2080,5390
22-02-2024_15-50-45_p0014_s205_b3,2024-02-22 15:50:45,205,TRÊS VACINA,1450,4600
03-04-2024_16-06-59_p0023_s266_b4,2024-04-03 16:06:59,266,DOSE ÁLCOOL,2220,4790
13-03-2024_16-13-55_p0014,2024-03-13 16:13:55,P24.3,QUANTOS BEBIDA,1390,4660
22-02-2024_15-24-57_p0014_s166_b3,2024-02-22 15:24:57,166,SUBIR-ESCADA CORPO PIOR,3050,6910
05-06-2024_10-02-35_p0036_s225_b4,2024-06-05 10:02:35,225,ARRITMIA,2060,8040
18-03-2024_11-12-10_p0013_s214_b4,2024-03-18 11:12:10,214,FEZES-LÍQUIDAS BRILHANTE,1860,6390
18-06-2024_15-00-03_p0028_s96_b2,2024-06-18 15:00:03,96,DOR MEIO-BARRIGA,2350,4570
03-05-2024_14-28-09_p0027,2024-05-03 14:28:09,148.24,X,1500,4100
28-02-2024_16-30-47_p0011,2024-02-28 16:30:47,P6.5,DOR IGUAL FINCADA,1960,8700
13-03-2024_15-53-04_p0014_s226_b4,2024-03-13 15:53:04,226,PRESSÃO ALTO,4430,7790
27-03-2024_15-39-32_p0015,2024-03-27 15:39:32,148.18,R,1530,4870
16-04-2024_15-20-23_p0016_s160_b3,2024-04-16 15:20:23,160,PLANO ANDAR CORPO PIOR,2030,8670
21-02-2024_16-10-39_p0016_s150_b2,2024-02-21 16:10:39,150,ENTENDER,1120,4460
15-05-2024_15-30-26_p0032_s98_b2,2024-05-15 15:30:26,98,DOR BEXIGA,2930,8510
22-02-2024_16-06-30_p0014_s243_b3,2024-02-22 16:06:30,243,NÃO TRAZER RECEITA REMÉDIO NENHUM,4060,9210
18-06-2024_15-26-01_p0028_s136_b2,2024-06-18 15:26:01,136,ANDAR,2200,5700
29-02-2024_14-03-03_p0010_s41_b1,2024-02-29 14:03:03,41,GATO MORDER,1300,3810
25-03-2024_16-26-47_p0020_s126_b2,2024-03-25 16:26:47,126,BEBER ÁLCOOL,1390,5380
23-04-2024_15-21-56_p0026_s46_b1,2024-04-23 15:21:56,46,PROBLEMA OUVIDOS,2510,4510
03-05-2024_14-18-00_p0027_s135_b2,2024-05-03 14:18:00,135,ENGOLIR,1560,5550
23-05-2024_15-21-55_p0035,2024-05-23 15:21:55,P17.3,VOCÊ JÁ VACINAR GRIPE,2550,7750
27-05-2024_16-00-00_p0032_s197_b3,2024-05-27 16:00:00,197,CATARRO COLA CLARO,1430,7150
26-03-2024_15-46-42_p0022_s205_b3,2024-03-26 15:46:42,205,TRÊS VACINA,2150,4820
30-01-2024_14-27-42_p12,2024-01-30 14:27:42,96,DOR MEIO-BARRIGA,1780,4680
20-05-2024_11-50-16_p0034_s64_b1,2024-05-20 11:50:16,64,QUASE CABEÇA-SAIR NASCER,2800,6860
09-05-2024_14-39-22_p0033,2024-05-09 14:39:22,P6.6,DOR IGUAL SENTIR CHOQUE,2660,8330
29-04-2024_11-59-31_p0029,2024-04-29 11:59:31,148.12,L,1680,3750
22-02-2024_13-23-43_p0018_s21_b1,2024-02-22 13:23:43,21,EVACUAR-ESPALHAR,4240,6970
24-04-2024_16-05-01_p0027_s201_b3,2024-04-24 16:05:01,201,CATARRO COLA VERMELHO,3990,8150
13-03-2024_15-42-42_p0014_s214_b4,2024-03-13 15:42:42,214,FEZES-LÍQUIDAS BRILHANTE,2520,5670
30-01-2024_15-06-53_p12,2024-01-30 15:06:53,148.20,T,3330,4820
26-03-2024_15-51-21_p0022,2024-03-26 15:51:21,P21.2,USAR REMÉDIO,1750,4650
11-06-2024_14-27-22_p0035_s135_b2,2024-06-11 14:27:22,135,ENGOLIR,2740,5910
17-06-2024_14-56-26_p0019_s96_b2,2024-06-17 14:56:26,96,DOR MEIO-BARRIGA,1850,7030
16-07-2024_17-00-28_p0039_s282_b4,2024-07-16 17:00:28,282,UM COPO CHEIO TODO-DIA,3770,9050
22-01-2024_16-40-58_p9,2024-01-22 16:40:58,170.8,8,1700,4500
20-05-2024_15-29-08_p0023_s101_b2,2024-05-20 15:29:08,101,DOR OMBROS,2090,5440
16-07-2024_16-52-41_p0039_s266_b4,2024-07-16 16:52:41,266,DOSE ÁLCOOL,4430,7870
25-03-2024_16-44-55_p0020_s154_b2,2024-03-25 16:44:55,154,PARAR,1100,3250
24-07-2024_14-25-18_p0041_s45_b1,2024-07-24 14:25:18,45,PROBLEMA OLHOS,2030,6230
18-06-2024_16-09-17_p0028_s212_b4,2024-06-18 16:09:17,212,FEZES-LÍQUIDAS,1580,5110
23-04-2024_15-13-29_p0026_s27_b1,2024-04-23 15:13:29,27,CATARRO GRIPE,1850,4500
02-04-2024_15-42-33_p0021,2024-04-02 15:42:33,P15.1,TER TOSSE,2710,6250
24-04-2024_16-01-53_p0027_s196_b3,2024-04-24 16:01:53,196,TOSSE CATARRO COLA,4120,8430
27-05-2024_17-00-41_p0032_s70_b1,2024-05-27 17:00:41,70,1-HORA,2040,4450
02-05-2024_15-05-28_p0026_s182_b3,2024-05-02 15:05:28,182,QUEIXO DOR ESPALHAR,2650,7000
07-05-2024_14-10-15_p0027_s215_b4,2024-05-07 14:10:15,215,FEZES-LÍQUIDAS BORBULHAR,2460,5290
27-03-2024_15-21-17_p0015_s119_b2,2024-03-27 15:21:17,119,SENTIR MAL,1460,4930
18-03-2024_15-15-12_p0020_s8_b1,2024-03-18 15:15:12,8,DOR COSTAS,1450,5170
29-04-2024_12-02-07_p0029,2024-04-29 12:02:07,148.22,V,1910,3710
28-06-2024_15-04-33_p0035_s209_b4,2024-06-28 15:04:33,209,NENHUM VONTADE NADA VOMITAR,2230,8660
25-03-2024_16-42-19_p0020,2024-03-25 16:42:19,148.22,V,1040,3450
06-05-2024_15-29-49_p0032_s230_b4,2024-05-06 15:29:49,230,DEPRESSÃO,3310,6510
22-04-2024_09-33-16_p0025_s191_b3,2024-04-22 09:33:16,191,MOMENTO APERTAR-BRAÇO DOR PIORAR NÃO,1390,8150
11-06-2024_14-40-33_p0035,2024-06-11 14:40:33,148.19,S,1600,5590
20-05-2024_11-29-51_p0034_s23_b1,2024-05-20 11:29:51,23,TONTURA-ENJOO,2520,6450
03-05-2024_08-58-35_p0030_s78_b1,2024-05-03 08:58:35,78,CALADO DEITADO,2220,4700
26-04-2024_14-51-15_p0028_s38_b1,2024-04-26 14:51:15,38,TENTAR SUICIDAR,4000,8600
07-05-2024_14-26-04_p0027_s254_b4,2024-05-07 14:26:04,254,ALERGIA COMER CATEGORIA ÁGUA-MAR,2470,7860
26-02-2024_16-18-15_p0019_s277_b4,2024-02-26 16:18:15,277,DOIS GARRAFAS DUAS-VEZES SEMANA,2180,7570
11-05-2024_09-27-01_p0034,2024-05-11 09:27:01,P9.4,TOMAR-BANHO FÍSICO PIOR,4240,8730
19-06-2024_16-37-35_p0023_s46_b1,2024-06-19 16:37:35,46,PROBLEMA OUVIDOS,2410,5160
13-03-2024_15-58-23_p0014_s240_b4,2024-03-13 15:58:23,240,VÍCIO FUMAR,1950,5410
11-05-2024_10-00-35_p0034_s194_b3,2024-05-11 10:00:35,194,TOSSE SECO,2900,5760
07-05-2024_15-17-14_p0027_s70_b1,2024-05-07 15:17:14,70,1-HORA,1590,4990
24-01-2024_17-28-03_p10,2024-01-24 17:28:03,P23.2,TOTAL TEMPO QUANTO,3310,6880
30-04-2024_13-45-21_p0024,2024-04-30 13:45:21,148.7,G,2240,3100
13-05-2024_16-13-19_p0028_s186_b3,2024-05-13 16:13:19,186,COSTAS DOR ESPALHAR,1390,5540
18-04-2024_10-07-30_p0025_s1_b1,2024-04-18 10:07:30,1,CONFUSÃO-MENTAL PERCEPÇÃO ESQUECER,3140,8620
26-08-2024_15-22-19_p0019_s20_b1,2024-08-26 15:22:19,20,TONTURA CAIR-PESSOA,3620,7400
22-01-2024_17-39-30_p9,2024-01-22 17:39:30,241,TRAZER RECEITA REMÉDIO,3830,10410
15-05-2024_16-44-15_p0032,2024-05-15 16:44:15,148.11,K,2090,6800
08-04-2024_16-19-34_p0021_s157_b2,2024-04-08 16:19:34,157,CONTINUAR,1920,4940
11-06-2024_14-01-49_p0035_s96_b2,2024-06-11 14:01:49,96,DOR MEIO-BARRIGA,1750,5320
27-03-2024_15-25-21_p0015_s126_b2,2024-03-27 15:25:21,126,BEBER ÁLCOOL,1830,5640
15-05-2024_16-41-35_p0032,2024-05-15 16:41:35,148.5,E,5560,9680
18-04-2024_15-45-58_p0026,2024-04-18 15:45:58,148.3,C,1750,3790
06-05-2024_16-05-31_p0032_s272_b4,2024-05-06 16:05:31,272,UM LATA TODO-DIA,2800,6810
20-05-2024_11-41-08_p0034_s46_b1,2024-05-20 11:41:08,46,PROBLEMA OUVIDOS,2030,5740
21-02-2024_15-17-16_p0016_s86_b2,2024-02-21 15:17:16,86,UM MÊS,1810,4570
24-07-2024_14-09-17_p0041_s6_b1,2024-07-24 14:09:17,6,DOR PESCOÇO,2040,6710
08-05-2024_09-37-05_p0030_s102_b2,2024-05-08 09:37:05,102,DOR BRAÇO-DIREITO BRAÇO-ESQUERDO,2060,5590
16-07-2024_16-28-25_p0039_s225_b4,2024-07-16 16:28:25,225,ARRITMIA,2060,8230
18-06-2024_16-30-17_p0028_s233_b4,2024-06-18 16:30:17,233,A V C,1620,4820
20-05-2024_12-31-00_p0034_s265_b4,2024-05-20 12:31:00,265,VINHO,2950,5240
18-06-2024_16-52-43_p0028_s270_b4,2024-06-18 16:52:43,270,G-I-N,1560,3940
19-03-2024_15-41-42_p0022,2024-03-19 15:41:42,148.8,H,1640,4330
12-06-2024_10-28-18_p0036,2024-06-12 10:28:18,148.18,R,2910,5000
16-07-2024_16-15-11_p0039,2024-07-16 16:15:11,P18.2,VOCÊ FEZES MOLE,4710,7730
11-06-2024_14-18-54_p0035_s119_b2,2024-06-11 14:18:54,119,SENTIR MAL,2170,6860
22-02-2024_10-57-38_p0017,2024-02-22 10:57:38,170.9,9,1820,3930
18-04-2024_10-23-45_p0025_s41_b1,2024-04-18 10:23:45,41,GATO MORDER,2170,5840
05-06-2024_10-06-54_p0036_s234_b4,2024-06-05 10:06:54,234,TOSSIR CATARRO VERMELHO,4030,9540
13-05-2024_16-37-51_p0028_s243_b3,2024-05-13 16:37:51,243,NÃO TRAZER RECEITA REMÉDIO NENHUM,1640,5710
18-04-2024_15-52-55_p0026_s151_b2,2024-04-18 15:52:55,151,OBRIGADO,1990,4890
02-04-2024_15-46-18_p0021_s198_b3,2024-04-02 15:46:18,198,CATARRO COLA BRANCO,1970,6530
31-01-2024_14-50-14_p13,2024-01-31 14:50:14,170.1,1,1980,3810
08-04-2024_16-46-52_p0021_s41_b1,2024-04-08 16:46:52,41,GATO MORDER,1190,4250
26-03-2024_16-21-52_p0022_s247_b4,2024-03-26 16:21:52,247,ALERGIA FLOR PÓLEN,3020,7630
22-02-2024_14-37-13_p0018,2024-02-22 14:37:13,148.22,V,1390,3220
22-02-2024_13-19-35_p0018_s5_b1,2024-02-22 13:19:35,5,CABEÇA DOR,3450,6190
10-05-2024_10-02-16_p0030_s267_b4,2024-05-10 10:02:16,267,VODCA,1960,4690
27-05-2024_16-36-01_p0032_s16_b1,2024-05-27 16:36:01,16,RESPIRAR FALTAR,2260,6080
27-05-2024_15-34-35_p0032_s174_b3,2024-05-27 15:34:35,174,TRÊS-VEZES DIA,2160,6600
24-05-2024_18-41-42_p0031_s108_b2,2024-05-24 18:41:42,108,DOR LEVE,1860,6840
23-05-2024_14-41-10_p0035,2024-05-23 14:41:10,P9.3,PLANO ANDAR FÍSICO PIOR,1540,7050
29-04-2024_17-06-34_p0024_s79_b1,2024-04-29 17:06:34,79,SENTADO,2120,4970
10-05-2024_16-28-34_p0033_s15_b1,2024-05-10 16:28:34,15,DOR PÉ P E,1230,4830
20-05-2024_11-58-05_p0034_s80_b1,2024-05-20 11:58:05,80,SENTADO EM-PÉ,2120,6040
10-05-2024_15-13-34_p0033,2024-05-10 15:13:34,P18.5,VOCÊ BARRIGA DOR ENTÃO,2230,5830
08-05-2024_09-41-34_p0030_s113_b2,2024-05-08 09:41:34,113,DOR PONTADA,1850,4760
26-08-2024_15-36-31_p0019_s53_b1,2024-08-26 15:36:31,53,XIXI VERMELHO,5350,8740
11-06-2024_14-28-32_p0035_s138_b2,2024-06-11 14:28:32,138,APERTAR,2230,6890
22-04-2024_09-43-52_p0025_s204_b3,2024-04-22 09:43:52,204,DOIS VACINA,1930,4120
11-05-2024_09-59-49_p0034,2024-05-11 09:59:49,P15.1,TER TOSSE,2690,5440
31-01-2024_14-40-08_p13,2024-01-31 14:40:08,163,TOMAR-BANHO CORPO PIOR NÃO,2000,7860
07-05-2024_15-15-17_p0027_s65_b1,2024-05-07 15:15:17,65,NASCER VIVO,1480,5090
18-06-2024_15-10-04_p0028,2024-06-18 15:10:04,P6.4,DOR IGUAL QUEIMAR,1650,4880
08-05-2024_16-21-41_p0033_s204_b3,2024-05-08 16:21:41,204,DOIS VACINA,4350,6890
27-03-2024_15-36-40_p0015,2024-03-27 15:36:40,148.8,H,1210,5170
10-05-2024_16-33-49_p0033_s28_b1,2024-05-10 16:33:49,28,NARIZ-LADOS FECHAR,1920,5340
08-04-2024_16-59-12_p0021_s68_b1,2024-04-08 16:59:12,68,15 MINUTO,1790,4540
03-05-2024_18-37-20_p0031,2024-05-03 18:37:20,170.10,10,1120,3950
15-05-2024_16-45-52_p0032,2024-05-15 16:45:52,148.15,O,4390,7800
08-04-2024_16-30-18_p0021_s3_b1,2024-04-08 16:30:18,3,MUDAR COMPORTAMENTO,7550,9880
13-03-2024_15-54-15_p0014_s229_b4,2024-03-13 15:54:15,229,CÂNCER,1470,4440
16-07-2024_16-45-41_p0039_s261_b4,2024-07-16 16:45:41,261,UM ANO,2760,5430
26-04-2024_14-59-52_p0028_s55_b1,2024-04-26 14:59:52,55,VERMELHO NARIZ-SANGRAR GRIPE,4320,10250
03-05-2024_14-15-19_p0027_s125_b2,2024-05-03 14:15:19,125,COMER CATEGORIA ÁCIDO MAIS APIMENTADO,1730,7980
02-04-2024_15-50-40_p0021,2024-04-02 15:50:40,P17.1,VOCÊ JÁ VACINAR COVID-19,1980,8710
22-02-2024_14-13-13_p0018,2024-02-22 14:13:13,P6.3,DOR IGUAL PESO,1960,8960
18-04-2024_10-36-16_p0025_s70_b1,2024-04-18 10:36:16,70,1-HORA,2530,5710
07-03-2024_14-14-52_p0010,2024-03-07 14:14:52,148.24,X,2160,3460
17-06-2024_15-13-56_p0019_s119_b2,2024-06-17 15:13:56,119,SENTIR MAL,1640,5250
26-02-2024_16-08-26_p0019,2024-02-26 16:08:26,P24.2,BEBIDA QUAL,1750,5120
29-04-2024_16-54-16_p0024_s54_b1,2024-04-29 16:54:16,54,VERMELHO SANGRAR-BOCA,2090,6410
27-05-2024_16-44-58_p0032_s35_b1,2024-05-27 16:44:58,35,ARREPIAR FRIO,1730,4620
18-03-2024_11-20-31_p0013_s228_b4,2024-03-18 11:20:31,228,AIDS,1770,4880
12-06-2024_16-52-12_p0038_s193_b3,2024-06-12 16:52:12,193,FICAR-EM-PÉ SENTAR DEITAR DOR PIORAR NÃO,3260,8780
24-05-2024_18-38-35_p0031_s100_b2,2024-05-24 18:38:35,100,DOR VIRILHA,1780,4970
06-05-2024_15-54-53_p0032_s257_b4,2024-05-06 15:54:53,257,ALERGIA REMÉDIO NÃO-TER,4280,8040
21-02-2024_16-06-34_p0016,2024-02-21 16:06:34,148.10,J,1290,4260
09-05-2024_14-32-20_p0033_s111_b2,2024-05-09 14:32:20,111,DOR PESO,3080,6910
20-05-2024_15-57-41_p0023_s143_b2,2024-05-20 15:57:41,143,DEITAR,2350,4450
27-03-2024_16-26-59_p0015_s70_b1,2024-03-27 16:26:59,70,1-HORA,2030,4400
16-05-2024_15-07-59_p0034,2024-05-16 15:07:59,148.12,L,2560,4220
11-05-2024_10-00-59_p0034,2024-05-11 10:00:59,P15.3,CATARRO TER O U TER-NÃO,2270,6470
09-05-2024_14-48-38_p0033_s128_b2,2024-05-09 14:48:38,128,LOCAIS BARULHO,2360,5940
09-05-2024_15-00-47_p0033_s145_b2,2024-05-09 15:00:47,145,ÁGUA QUENTE COLOCAR-BRAÇO,3910,8460
08-05-2024_16-17-13_p0033_s200_b3,2024-05-08 16:17:13,200,CATARRO COLA VERDE,2160,5540
02-05-2024_15-21-42_p0026_s203_b3,2024-05-02 15:21:42,203,NÃO VACINAR COVID-19,1130,4880
09-05-2024_15-09-42_p0033,2024-05-09 15:09:42,148.12,L,2260,4430
10-05-2024_08-56-19_p0030_s191_b3,2024-05-10 08:56:19,191,MOMENTO APERTAR-BRAÇO DOR PIORAR NÃO,2930,7320
08-06-2024_10-34-45_p0031_s43_b1,2024-06-08 10:34:45,43,ESCORPIÃO PICAR,1960,3400
28-02-2024_16-51-01_p0011_s144_b2,2024-02-28 16:51:01,144,ÁGUA FRIO COLOCAR-BRAÇO,1060,7240
22-04-2024_09-38-19_p0025_s195_b3,2024-04-22 09:38:19,195,CATARRO COLA NENHUM,1640,5980
27-05-2024_16-56-09_p0032_s60_b1,2024-05-27 16:56:09,60,AGREDIR,1390,4150
02-05-2024_15-06-18_p0026_s184_b3,2024-05-02 15:06:18,184,DOR BRAÇO-ESPALHAR,1830,6170
27-05-2024_16-50-34_p0032_s46_b1,2024-05-27 16:50:34,46,PROBLEMA OUVIDOS,2150,5150
08-04-2024_16-07-03_p0021,2024-04-08 16:07:03,148.6,F,1520,4400
11-06-2024_13-54-01_p0035_s85_b2,2024-06-11 13:54:01,85,UM SEMANA,2190,4700
18-04-2024_10-10-47_p0025_s9_b1,2024-04-18 10:10:47,9,DOR LOMBAR,1360,5390
22-02-2024_11-43-29_p0017_s233_b4,2024-02-22 11:43:29,233,A V C,1360,3080
03-04-2024_15-59-27_p0023_s256_b4,2024-04-03 15:59:27,256,ALERGIA AMENDOIM,1990,4920
19-06-2024_10-29-28_p0036_s79_b1,2024-06-19 10:29:28,79,SENTADO,2180,4940
10-05-2024_16-51-45_p0033_s76_b1,2024-05-10 16:51:45,76,LIMPAR CASA,1530,4540
25-03-2024_16-40-05_p0020,2024-03-25 16:40:05,148.14,N,1120,4020
29-04-2024_11-29-41_p0029_s91_b2,2024-04-29 11:29:41,91,DOR LADO-CABEÇA LADO-CABEÇA,1960,6400
28-06-2024_14-34-18_p0035_s67_b1,2024-06-28 14:34:18,67,VOMITAR TER VERMELHO,2050,5900
12-03-2024_10-23-56_p0021_s223_b4,2024-03-12 10:23:56,223,DIABETES,1840,4360
27-03-2024_16-24-35_p0015_s64_b1,2024-03-27 16:24:35,64,QUASE CABEÇA-SAIR NASCER,2320,6670
08-06-2024_10-51-08_p0031_s77_b1,2024-06-08 10:51:08,77,EXERCÍCIO-FÍSICO,1420,3380
17-07-2024_14-25-46_p0041_s114_b2,2024-07-17 14:25:46,114,DOR CHOQUE,2090,5280
09-05-2024_14-56-22_p0033_s140_b2,2024-05-09 14:56:22,140,PERNAS MEXER-PERNAS,3890,6760
24-07-2024_14-33-41_p0041_s66_b1,2024-07-24 14:33:41,66,VAGINA VERMELHO SANGRAR,2940,8970
20-05-2024_15-51-18_p0023_s136_b2,2024-05-20 15:51:18,136,ANDAR,1410,4050
10-05-2024_15-49-57_p0033_s270_b4,2024-05-10 15:49:57,270,G-I-N,2070,3710
02-04-2024_15-46-41_p0021_s199_b3,2024-04-02 15:46:41,199,CATARRO COLA AMARELO,2200,6940
08-04-2024_16-16-53_p0021_s149_b2,2024-04-08 16:16:53,149,DEVAGAR,1530,3820
10-05-2024_16-49-59_p0033_s70_b1,2024-05-10 16:49:59,70,1-HORA,1470,4550
16-05-2024_14-26-24_p0034_s93_b2,2024-05-16 14:26:24,93,DOR NUCA,4900,8770
25-03-2024_16-43-02_p0020,2024-03-25 16:43:02,148.25,Y,1210,3980
16-07-2024_16-27-56_p0039_s224_b4,2024-07-16 16:27:56,224,INFARTO,2610,5080
18-06-2024_15-41-58_p0028,2024-06-18 15:41:58,148.24,X,2270,3730
17-07-2024_14-50-50_p0041,2024-07-17 14:50:50,148.15,O,1380,4180
08-05-2024_09-42-33_p0030_s116_b2,2024-05-08 09:42:33,116,DOR APERTAR PONTADA,1980,5530
27-05-2024_15-50-14_p0032_s190_b3,2024-05-27 15:50:14,190,SIM APERTAR-BRAÇO DOER,2380,7590
22-04-2024_09-45-14_p0025_s207_b3,2024-04-22 09:45:14,207,NÃO VACINAR GRIPE,1880,4990
28-02-2024_17-04-32_p0011_s155_b2,2024-02-28 17:04:32,155,PARAR,1750,4750
26-03-2024_16-09-25_p0022_s220_b4,2024-03-26 16:09:25,220,TER M U C O COLA,2640,7180
29-04-2024_16-02-32_p0024_s201_b3,2024-04-29 16:02:32,201,CATARRO COLA VERMELHO,2820,7660
18-04-2024_10-29-04_p0025_s54_b1,2024-04-18 10:29:04,54,VERMELHO SANGRAR-BOCA,2610,7320
05-06-2024_09-47-36_p0036_s213_b4,2024-06-05 09:47:36,213,CLARO,2320,5610
03-05-2024_08-40-58_p0030_s38_b1,2024-05-03 08:40:58,38,TENTAR SUICIDAR,2150,4770
18-03-2024_15-46-41_p0020_s80_b1,2024-03-18 15:46:41,80,SENTADO EM-PÉ,1080,6150
22-02-2024_13-40-35_p0018_s52_b1,2024-02-22 13:40:35,52,XIXI ESPUMAR,2050,6130
20-05-2024_15-12-53_p0023_s82_b2,2024-05-20 15:12:53,82,SEIS HORAS,3520,6210
25-03-2024_16-44-07_p0020_s151_b2,2024-03-25 16:44:07,151,OBRIGADO,1220,3740
15-05-2024_16-54-27_p0032_s155_b2,2024-05-15 16:54:27,155,PARAR,1640,6480
19-06-2024_09-58-16_p0036_s20_b1,2024-06-19 09:58:16,20,TONTURA CAIR-PESSOA,2790,7010
18-06-2024_15-07-44_p0028_s113_b2,2024-06-18 15:07:44,113,DOR PONTADA,1850,5040
27-03-2024_15-38-55_p0015,2024-03-27 15:38:55,148.16,P,1330,4610
06-05-2024_15-33-47_p0032_s237_b4,2024-05-06 15:33:47,237,RINS FRACO,2670,7050
28-02-2024_17-03-13_p0011_s152_b2,2024-02-28 17:03:13,152,OBRIGADO,1160,3900
09-05-2024_14-44-18_p0033_s123_b2,2024-05-09 14:44:18,123,ZUMBIDO OUVIDO,2510,5410
17-07-2024_14-46-48_p0041,2024-07-17 14:46:48,148.4,D,2400,4840
18-04-2024_15-35-52_p0026_s124_b2,2024-04-18 15:35:52,124,GASES,1680,4940
21-02-2024_11-49-30_p0013_s47_b1,2024-02-21 11:49:30,47,XIXI SENTIR IGUAL QUENTE,2910,7970
22-02-2024_14-36-46_p0018,2024-02-22 14:36:46,148.20,T,6670,9190
28-06-2024_14-10-48_p0035_s13_b1,2024-06-28 14:10:48,13,DOR PERNA,1640,4930
08-06-2024_10-39-04_p0031_s54_b1,2024-06-08 10:39:04,54,VERMELHO SANGRAR-BOCA,1960,3860
19-06-2024_16-33-43_p0023_s39_b1,2024-06-19 16:33:43,39,MORDER,2190,4680
03-05-2024_19-00-15_p0031_s200_b3,2024-05-03 19:00:15,200,CATARRO COLA VERDE,1640,6020
19-06-2024_10-03-34_p0036_s32_b1,2024-06-19 10:03:34,32,MANCHAS-PELE VERMELHO,3510,7580
22-02-2024_13-48-35_p0018_s69_b1,2024-02-22 13:48:35,69,30 MINUTO,2270,5030
13-03-2024_16-17-37_p0014_s280_b4,2024-03-13 16:17:37,280,TAÇA TOMAR VINHO UMA-VEZ SEMANA,2480,12140
15-05-2024_16-14-00_p0032_s142_b2,2024-05-15 16:14:00,142,MOVIMENTAR-CORPO DOR PIORAR,3820,11000
29-04-2024_11-30-53_p0029_s95_b2,2024-04-29 11:30:53,95,DOR OLHOS,2010,4710
08-04-2024_15-48-26_p0021_s121_b2,2024-04-08 15:48:26,121,VER MANCHAS,2070,5960
07-05-2024_15-18-50_p0027_s74_b1,2024-05-07 15:18:50,74,BEBER,1450,4510
18-06-2024_15-26-23_p0028_s137_b2,2024-06-18 15:26:23,137,ESTRESSE,2240,4330
23-04-2024_14-59-30_p0026_s5_b1,2024-04-23 14:59:30,5,CABEÇA DOR,2350,4570
13-03-2024_15-17-18_p0014_s135_b2,2024-03-13 15:17:18,135,ENGOLIR,4040,5920
19-06-2024_09-54-13_p0036_s12_b1,2024-06-19 09:54:13,12,DOR BRAÇO,1680,6610
29-04-2024_15-45-56_p0024_s181_b3,2024-04-29 15:45:56,181,PESCOÇO DOR ESPALHAR,2780,7230
08-04-2024_15-35-39_p0021_s99_b2,2024-04-08 15:35:39,99,DOR BAIXO-VENTRE,2970,6490
27-03-2024_15-26-25_p0015_s128_b2,2024-03-27 15:26:25,128,LOCAIS BARULHO,2400,6330
20-05-2024_16-08-13_p0023,2024-05-20 16:08:13,148.22,V,1070,3230
05-06-2024_15-32-22_p0037,2024-06-05 15:32:22,P24.2,BEBIDA QUAL,1490,3940
24-01-2024_17-10-56_p10,2024-01-24 17:10:56,229,CÂNCER,1390,4230
21-02-2024_15-16-49_p0016_s84_b2,2024-02-21 15:16:49,84,TRÊS-DIAS,1770,4620
12-03-2024_14-34-51_p0022_s48_b1,2024-03-12 14:34:51,48,XIXI VAZAR,1840,5670
29-04-2024_12-03-49_p0029_s150_b2,2024-04-29 12:03:49,150,ENTENDER,1830,4300
08-04-2024_15-36-04_p0021_s100_b2,2024-04-08 15:36:04,100,DOR VIRILHA,1610,5020
19-03-2024_15-54-09_p0022_s155_b2,2024-03-19 15:54:09,155,PARAR,2300,4510
24-05-2024_19-15-20_p0031_s154_b2,2024-05-24 19:15:20,154,PARAR,1600,3760
19-07-2024_15-53-15_p0040_s76_b1,2024-07-19 15:53:15,76,LIMPAR CASA,1880,4980
26-02-2024_16-05-52_p0019_s261_b4,2024-02-26 16:05:52,261,UM ANO,3900,6740
26-02-2024_16-03-43_p0019,2024-02-26 16:03:43,P22.3,QUAL MEDICAMENTO,1840,5050
15-05-2024_16-24-07_p0032_s147_b2,2024-05-15 16:24:07,147,JEJUM,4390,7700
07-03-2024_14-11-02_p0010,2024-03-07 14:11:02,148.8,H,1340,2170
18-04-2024_15-25-31_p0026_s96_b2,2024-04-18 15:25:31,96,DOR MEIO-BARRIGA,2070,7220
30-01-2024_11-15-09_p11,2024-01-30 11:15:09,45,PROBLEMA OLHOS,1120,5090
07-03-2024_13-51-03_p0010_s108_b2,2024-03-07 13:51:03,108,DOR LEVE,1350,4790
03-05-2024_14-06-36_p0027_s103_b2,2024-05-03 14:06:36,103,DOR JOELHO-DIREITO JOELHO-ESQUERDO,1890,6520
28-06-2024_15-16-54_p0035_s228_b4,2024-06-28 15:16:54,228,AIDS,1380,4740
08-05-2024_10-05-59_p0030_s157_b2,2024-05-08 10:05:59,157,CONTINUAR,2060,3410
20-03-2024_15-11-58_p0015_s182_b3,2024-03-20 15:11:58,182,QUEIXO DOR ESPALHAR,1820,6840
18-06-2024_15-06-17_p0028_s110_b2,2024-06-18 15:06:17,110,DOR APERTAR,2270,5100
03-05-2024_14-00-14_p0027_s83_b2,2024-05-03 14:00:14,83,UM-DIA,2300,5230
02-04-2024_15-23-06_p0021_s172_b3,2024-04-02 15:23:06,172,VÁRIAS-VEZES,1720,5330
12-03-2024_14-41-25_p0022_s62_b1,2024-03-12 14:41:25,62,MATERIAL GRUPO CORTAR TAMBÉM OBJETO-FINO-LONGO FINCAR,2600,12880
02-04-2024_15-33-54_p0021_s184_b3,2024-04-02 15:33:54,184,DOR BRAÇO-ESPALHAR,2560,7150
10-05-2024_15-08-44_p0033_s215_b4,2024-05-10 15:08:44,215,FEZES-LÍQUIDAS BORBULHAR,2500,4090
20-05-2024_11-26-46_p0034_s16_b1,2024-05-20 11:26:46,16,RESPIRAR FALTAR,2720,7720
25-03-2024_15-47-30_p0020_s254_b4,2024-03-25 15:47:30,254,ALERGIA COMER CATEGORIA ÁGUA-MAR,2030,6660
26-02-2024_16-08-56_p0019_s265_b4,2024-02-26 16:08:56,265,VINHO,1730,4820
25-03-2024_15-28-15_p0020_s214_b4,2024-03-25 15:28:15,214,FEZES-LÍQUIDAS BRILHANTE,2350,6200
16-05-2024_15-03-02_p0034_s146_b2,2024-05-16 15:03:02,146,REMÉDIO,3320,4600
20-03-2024_15-01-39_p0015,2024-03-20 15:01:39,170.3,3,2390,3200
08-04-2024_15-55-16_p0021_s135_b2,2024-04-08 15:55:16,135,ENGOLIR,2150,5270
30-01-2024_15-12-40_p12,2024-01-30 15:12:40,157,CONTINUAR,2670,4230
25-03-2024_16-37-43_p0020,2024-03-25 16:37:43,148.6,F,1350,4040
22-02-2024_11-02-56_p0017,2024-02-22 11:02:56,P11.4,AO-LONGO-DO-TEMPO DOR COMO AUMENTAR O U DIMINUIR,2300,12490
12-03-2024_10-37-56_p0021_s252_b4,2024-03-12 10:37:56,252,ALERGIA LEITE,2380,5560
22-02-2024_15-50-03_p0014_s203_b3,2024-02-22 15:50:03,203,NÃO VACINAR COVID-19,2310,6090
26-03-2024_16-23-57_p0022_s253_b4,2024-03-26 16:23:57,253,ALERGIA O V O OVO,3070,6150
13-05-2024_15-30-11_p0028,2024-05-13 15:30:11,P9.2,SUBIR-MORRO FÍSICO PIOR,5100,11460
09-05-2024_15-14-41_p0033,2024-05-09 15:14:41,148.25,Y,2580,4700
22-02-2024_14-39-21_p0018_s153_b2,2024-02-22 14:39:21,153,REPETIR POR-FAVOR,1300,4490
23-05-2024_15-07-46_p0035_s186_b3,2024-05-23 15:07:46,186,COSTAS DOR ESPALHAR,1690,5850
08-06-2024_10-34-22_p0031_s42_b1,2024-06-08 10:34:22,42,COBRA PICAR,2060,3760
03-05-2024_14-19-14_p0027_s140_b2,2024-05-03 14:19:14,140,PERNAS MEXER-PERNAS,1730,6980
21-02-2024_15-27-56_p0016_s111_b2,2024-02-21 15:27:56,111,DOR PESO,1930,6360
11-05-2024_09-23-35_p0034_s159_b3,2024-05-11 09:23:35,159,SUBIR-MORRO CORPO PIOR NÃO,3150,9150
13-03-2024_15-28-58_p0014,2024-03-13 15:28:58,148.20,T,1200,3240
15-05-2024_15-44-10_p0032,2024-05-15 15:44:10,P6.3,DOR IGUAL PESO,2840,8310
18-03-2024_11-33-00_p0013_s257_b4,2024-03-18 11:33:00,257,ALERGIA REMÉDIO NÃO-TER,1530,6580
12-03-2024_10-46-39_p0021,2024-03-12 10:46:39,P23.3,DURANTE-O-DIA FUMAR QUANTOS,2220,7060
05-03-2024_10-41-30_p0014_s62_b1,2024-03-05 10:41:30,62,MATERIAL GRUPO CORTAR TAMBÉM OBJETO-FINO-LONGO FINCAR,2830,12010
18-06-2024_16-22-43_p0028,2024-06-18 16:22:43,P19.1,VOCÊ JÁ FAZER TRATAMENTO ALGUM DOENÇA ENTÃO,1010,9510
20-05-2024_16-10-39_p0023_s153_b2,2024-05-20 16:10:39,153,REPETIR POR-FAVOR,3360,6700
10-05-2024_09-58-24_p0030_s261_b4,2024-05-10 09:58:24,261,UM ANO,2840,5050
07-03-2024_13-44-49_p0010_s92_b2,2024-03-07 13:44:49,92,DOR TESTA,1890,3960
10-05-2024_16-43-14_p0033_s51_b1,2024-05-10 16:43:14,51,XIXI ESCURO,1760,4840
03-05-2024_14-17-26_p0027_s133_b2,2024-05-03 14:17:26,133,MASTIGAR,1740,5060
18-06-2024_15-42-19_p0028,2024-06-18 15:42:19,148.25,Y,2050,3470
20-05-2024_15-38-57_p0023_sP07_b2,2024-05-20 15:38:57,P7,SENTIR JUNTO ITENS MAIS TER,4420,11270
30-04-2024_13-02-16_p0024_s85_b2,2024-04-30 13:02:16,85,UM SEMANA,2190,3880
11-05-2024_09-30-15_p0034_s165_b3,2024-05-11 09:30:15,165,DEITAR CALMA PIOR NÃO,3000,7750
03-05-2024_08-37-58_p0030_s30_b1,2024-05-03 08:37:58,30,FERIR PELE,1740,5050
30-01-2024_14-27-07_p12,2024-01-30 14:27:07,95,DOR OLHOS,1800,3870
17-07-2024_14-43-58_p0041_s153_b2,2024-07-17 14:43:58,153,REPETIR POR-FAVOR,4010,6720
24-04-2024_15-32-50_p0027,2024-04-24 15:32:50,170.2,2,3570,4570
08-05-2024_09-49-53_p0030_s131_b2,2024-05-08 09:49:53,131,PERÍODO MENSTRUAR,2560,4650
23-04-2024_11-50-55_p0024_s282_b4,2024-04-23 11:50:55,282,UM COPO CHEIO TODO-DIA,1900,6130
07-05-2024_14-36-30_p0027_s270_b4,2024-05-07 14:36:30,270,G-I-N,1980,3770
10-05-2024_09-08-13_p0030,2024-05-10 09:08:13,P17.2,QUANTOS VACINAR,2410,5110
11-05-2024_10-07-01_p0034,2024-05-11 10:07:01,P17.2,QUANTOS VACINAR,3220,6690
22-02-2024_13-36-09_p0018_s43_b1,2024-02-22 13:36:09,43,ESCORPIÃO PICAR,2250,4950
30-01-2024_15-01-11_p12,2024-01-30 15:01:11,148.4,D,2540,3600
22-02-2024_15-47-05_p0014_s196_b3,2024-02-22 15:47:05,196,TOSSE CATARRO COLA,2520,6160
28-06-2024_14-10-29_p0035_s12_b1,2024-06-28 14:10:29,12,DOR BRAÇO,1910,4530
12-03-2024_14-18-53_p0022_s8_b1,2024-03-12 14:18:53,8,DOR COSTAS,3390,6600
18-06-2024_15-35-39_p0028,2024-06-18 15:35:39,148.8,H,2310,3760
07-05-2024_14-08-21_p0027_s211_b4,2024-05-07 14:08:21,211,FRAGMENTOS MISTURAR MOLE,2390,5410
16-05-2024_14-37-04_p0034_s113_b2,2024-05-16 14:37:04,113,DOR PONTADA,1940,5780
10-05-2024_16-13-08_p0033_s282_b4,2024-05-10 16:13:08,282,UM COPO CHEIO TODO-DIA,3140,6750
27-05-2024_16-33-54_p0032_s11_b1,2024-05-27 16:33:54,11,DOR GARGANTA,1570,5210
03-04-2024_15-50-07_p0023_s234_b4,2024-04-03 15:50:07,234,TOSSIR CATARRO VERMELHO,2560,4900
22-02-2024_14-34-24_p0018,2024-02-22 14:34:24,148.16,P,1360,4090
13-03-2024_15-04-10_p0014_s112_b2,2024-03-13 15:04:10,112,DOR QUEIMAR,2140,6200
29-04-2024_17-03-20_p0024_s71_b1,2024-04-29 17:03:20,71,2-HORA,2110,5220
28-02-2024_16-23-27_p0011_s107_b2,2024-02-28 16:23:27,107,DOR PROFUNDO,1740,7040
02-04-2024_15-28-25_p0021,2024-04-02 15:28:25,P11.4,AO-LONGO-DO-TEMPO DOR COMO AUMENTAR O U DIMINUIR,2410,13800
10-05-2024_09-45-34_p0030_s231_b4,2024-05-10 09:45:34,231,DEPRESSÃO,2040,4940
15-05-2024_16-46-24_p0032,2024-05-15 16:46:24,148.16,P,3000,6940
26-08-2024_15-44-15_p0019_s65_b1,2024-08-26 15:44:15,65,NASCER VIVO,3640,6610
07-05-2024_14-10-36_p0027_s216_b4,2024-05-07 14:10:36,216,FEZES-LÍQUIDAS-EXPLODIR,2350,3920
16-05-2024_14-23-48_p0034_s88_b2,2024-05-16 14:23:48,88,NÃO,2240,3510
16-05-2024_15-07-14_p0034,2024-05-16 15:07:14,148.10,J,2820,4840
07-05-2024_15-10-10_p0027_s53_b1,2024-05-07 15:10:10,53,XIXI VERMELHO,1370,5140
24-07-2024_14-28-07_p0041_s52_b1,2024-07-24 14:28:07,52,XIXI ESPUMAR,2120,6820
27-05-2024_16-38-40_p0032_s19_b1,2024-05-27 16:38:40,19,PALPITAÇÃO,2030,5220
16-05-2024_14-33-05_p0034_s106_b2,2024-05-16 14:33:05,106,DOR PULSAR,1830,6620
24-04-2024_15-42-10_p0027_s175_b3,2024-04-24 15:42:10,175,DOIS SEMANA,4710,7240
08-06-2024_10-52-04_p0031_s80_b1,2024-06-08 10:52:04,80,SENTADO EM-PÉ,1820,4020
16-05-2024_14-31-30_p0034_s104_b2,2024-05-16 14:31:30,104,DOR PERNA-DIREITA PERNA-ESQUERDA,1830,6260
26-03-2024_16-07-41_p0022_s215_b4,2024-03-26 16:07:41,215,FEZES-LÍQUIDAS BORBULHAR,1830,5080
22-02-2024_15-34-48_p0014_s175_b3,2024-02-22 15:34:48,175,DOIS SEMANA,2690,6360
17-07-2024_14-46-17_p0041,2024-07-17 14:46:17,148.2,B,1570,3740
24-05-2024_18-44-47_p0031_s116_b2,2024-05-24 18:44:47,116,DOR APERTAR PONTADA,1580,7660
30-01-2024_11-17-47_p11,2024-01-30 11:17:47,54,VERMELHO SANGRAR-BOCA,990,5300
11-03-2024_15-37-37_p0020,2024-03-11 15:37:37,170.1,1,1600,2230
30-04-2024_13-08-10_p0024_s92_b2,2024-04-30 13:08:10,92,DOR TESTA,2650,5920
16-05-2024_14-27-55_p0034_s96_b2,2024-05-16 14:27:55,96,DOR MEIO-BARRIGA,3530,7810
28-02-2024_16-15-04_p0011_s94_b2,2024-02-28 16:15:04,94,DOR OUVIDO-DIREITO OUVIDO-ESQUERDO,3310,9100
07-03-2024_14-01-46_p0010_s131_b2,2024-03-07 14:01:46,131,PERÍODO MENSTRUAR,1680,3350
19-06-2024_16-44-12_p0023_s63_b1,2024-06-19 16:44:12,63,TIRO FURAR-BARRIGA,3960,6590
22-02-2024_11-49-34_p0017_s256_b4,2024-02-22 11:49:34,256,ALERGIA AMENDOIM,1420,3890
23-04-2024_15-13-56_p0026_s28_b1,2024-04-23 15:13:56,28,NARIZ-LADOS FECHAR,2050,4600
27-05-2024_16-05-30_p0032,2024-05-27 16:05:30,P17.3,VOCÊ JÁ VACINAR GRIPE,1660,7150
21-02-2024_11-31-18_p0013_s9_b1,2024-02-21 11:31:18,9,DOR LOMBAR,2210,5370
10-05-2024_09-35-53_p0030_s213_b4,2024-05-10 09:35:53,213,CLARO,2390,5220
20-02-2024_16-27-13_p0015_s230_b4,2024-02-20 16:27:13,230,DEPRESSÃO,1530,5850
26-03-2024_15-24-53_p0022_s180_b3,2024-03-26 15:24:53,180,NUCA DOR ESPALHAR,2230,7620
03-05-2024_08-45-06_p0030_s45_b1,2024-05-03 08:45:06,45,PROBLEMA OLHOS,1980,4380
15-05-2024_15-52-47_p0032_s119_b2,2024-05-15 15:52:47,119,SENTIR MAL,2430,6880
21-02-2024_16-08-12_p0016,2024-02-21 16:08:12,148.18,R,1350,4470
02-05-2024_15-52-38_p0026_s227_b4,2024-05-02 15:52:38,227,ASMA,1500,5670
18-06-2024_15-34-56_p0028,2024-06-18 15:34:56,148.6,F,2490,4210
09-05-2024_14-24-08_p0033_s101_b2,2024-05-09 14:24:08,101,DOR OMBROS,2900,6090
18-04-2024_15-51-45_p0026,2024-04-18 15:51:45,148.25,Y,1880,3420
08-05-2024_10-03-54_p0030_s150_b2,2024-05-08 10:03:54,150,ENTENDER,1760,3520
26-08-2024_15-16-55_p0019_s7_b1,2024-08-26 15:16:55,7,DOR PEITO,2300,5190
16-04-2024_16-07-57_p0016_s242_b3,2024-04-16 16:07:57,242,EU USAR REMÉDIO,1660,5180
26-08-2024_15-33-50_p0019_s47_b1,2024-08-26 15:33:50,47,XIXI SENTIR IGUAL QUENTE,2830,7830
21-02-2024_15-28-10_p0016_s112_b2,2024-02-21 15:28:10,112,DOR QUEIMAR,1940,6570
02-05-2024_16-11-15_p0026_s264_b4,2024-05-02 16:11:15,264,CERVEJA,1090,3690
18-06-2024_15-40-58_p0028,2024-06-18 15:40:58,148.21,U,2420,3110
05-06-2024_10-09-40_p0036_s239_b4,2024-06-05 10:09:40,239,VÍCIO BEBER ÁLCOOL,3380,8790
17-06-2024_15-11-21_p0019,2024-06-17 15:11:21,P6.5,DOR IGUAL FINCADA,2000,6800
30-04-2024_13-14-01_p0024_s105_b2,2024-04-30 13:14:01,105,DOR TESTÍCULOS,2430,5240
03-05-2024_14-03-10_p0027_s90_b2,2024-05-03 14:03:10,90,DOR OUVIDO,1670,5220
23-04-2024_11-37-41_p0024_s257_b4,2024-04-23 11:37:41,257,ALERGIA REMÉDIO NÃO-TER,1960,6390
11-06-2024_14-42-58_p0035,2024-06-11 14:42:58,148.26,Z,1740,4910
19-07-2024_14-30-41_p0040,2024-07-19 14:30:41,148.7,G,1420,3290
21-02-2024_11-32-19_p0013_s12_b1,2024-02-21 11:32:19,12,DOR BRAÇO,2500,5120
13-03-2024_15-26-53_p0014,2024-03-13 15:26:53,148.12,L,1270,2870
25-03-2024_16-41-34_p0020,2024-03-25 16:41:34,148.19,S,1050,3800
05-03-2024_10-39-08_p0014_s54_b1,2024-03-05 10:39:08,54,VERMELHO SANGRAR-BOCA,1940,4770
03-05-2024_18-42-34_p0031_s176_b3,2024-05-03 18:42:34,176,TRÊS-MESES,1400,5030
26-03-2024_16-08-41_p0022_s218_b4,2024-03-26 16:08:41,218,FEZES-LÍQUIDAS ESCURO,2360,5590
24-05-2024_19-00-55_p0031_s141_b2,2024-05-24 19:00:55,141,MEXER-PESCOÇO,2050,4980
22-02-2024_11-53-50_p0017,2024-02-22 11:53:50,P24.2,BEBIDA QUAL,3130,4480
18-04-2024_10-16-14_p0025_s22_b1,2024-04-18 10:16:14,22,EVACUAR MOLE VERMELHO,2410,7080
12-03-2024_14-45-59_p0022_s72_b1,2024-03-12 14:45:59,72,2-MÊS,2870,5890
24-07-2024_15-27-10_p0041_s274_b4,2024-07-24 15:27:10,274,DOIS LATAS DUAS-VEZES SEMANA,1850,8200
20-05-2024_16-04-35_p0023,2024-05-20 16:04:35,148.9,I,3160,4870
08-05-2024_15-37-14_p0033,2024-05-08 15:37:14,P11.2,SENTIR DOR OUTRAS-VEZES DIVERSAS-VEZES ENTÃO,4950,9920
23-04-2024_11-17-18_p0024_s214_b4,2024-04-23 11:17:18,214,FEZES-LÍQUIDAS BRILHANTE,2480,5270
03-05-2024_18-33-40_p0031,2024-05-03 18:33:40,170.0,0,1740,3930
28-02-2024_16-10-13_p0011_sP05_b2,2024-02-28 16:10:13,P5,POR-QUE PROCURAR VIR HOJE TER PIORAR,2530,12720
26-04-2024_14-37-56_p0028_s17_b1,2024-04-26 14:37:56,17,CHIAR,3220,8150
26-02-2024_15-32-10_p0019_s215_b4,2024-02-26 15:32:10,215,FEZES-LÍQUIDAS BORBULHAR,3470,6990
27-05-2024_15-42-05_p0032_s180_b3,2024-05-27 15:42:05,180,NUCA DOR ESPALHAR,1640,8640
08-05-2024_16-11-28_p0033,2024-05-08 16:11:28,P15.2,TOSSE COMO,3610,5800
27-03-2024_15-43-38_p0015_s152_b2,2024-03-27 15:43:38,152,OBRIGADO,1230,4310
20-05-2024_12-01-19_p0034_s210_b4,2024-05-20 12:01:19,210,MOLE,3300,5660
19-06-2024_16-29-13_p0023_s27_b1,2024-06-19 16:29:13,27,CATARRO GRIPE,2130,6750
08-04-2024_16-08-20_p0021,2024-04-08 16:08:20,148.10,J,1600,4040
12-03-2024_10-14-11_p0021,2024-03-12 10:14:11,P18.1,ENJOAR O U VOMITAR,3200,8860
19-07-2024_14-32-23_p0040,2024-07-19 14:32:23,148.13,M,2590,4290
02-04-2024_15-07-28_p0021,2024-04-02 15:07:28,P9.6,SUBIR-ESCADA FÍSICO PIOR,3180,9040
11-03-2024_15-42-42_p0020_s173_b3,2024-03-11 15:42:42,173,SEMPRE SEMPRE,2530,6320
12-03-2024_14-18-05_p0022_s7_b1,2024-03-12 14:18:05,7,DOR PEITO,2150,5880
05-03-2024_10-26-54_p0014_s18_b1,2024-03-05 10:26:54,18,DIFÍCIL RESPIRAR,3740,8000
28-02-2024_16-21-49_p0011_s105_b2,2024-02-28 16:21:49,105,DOR TESTÍCULOS,730,6340
19-07-2024_15-37-13_p0040_s49_b1,2024-07-19 15:37:13,49,XIXI POUCO,5800,9680
08-05-2024_15-28-04_p0033,2024-05-08 15:28:04,170.2,2,3490,4720
21-02-2024_12-04-04_p0013_s71_b1,2024-02-21 12:04:04,71,2-HORA,2630,4960
22-02-2024_13-22-40_p0018_s17_b1,2024-02-22 13:22:40,17,CHIAR,5650,8470
10-05-2024_09-08-41_p0030,2024-05-10 09:08:41,P17.2,QUANTOS VACINAR,2590,4650
24-05-2024_19-09-23_p0031,2024-05-24 19:09:23,148.12,L,1860,3520
20-05-2024_11-20-01_p0034_s2_b1,2024-05-20 11:20:01,2,CONFUSÃO,1780,4530
08-05-2024_09-59-48_p0030,2024-05-08 09:59:48,148.13,M,2150,3460
03-05-2024_08-40-27_p0030_s37_b1,2024-05-03 08:40:27,37,VERMELHO SANGUE DOCE BAIXO-ALTO,2240,5540
11-03-2024_15-24-46_p0020,2024-03-11 15:24:46,P9.2,SUBIR-MORRO FÍSICO PIOR,5880,10350
16-05-2024_14-39-28_p0034,2024-05-16 14:39:28,P6.3,DOR IGUAL PESO,1690,6310
19-06-2024_09-49-34_p0036_s3_b1,2024-06-19 09:49:34,3,MUDAR COMPORTAMENTO,3830,7700
02-05-2024_15-47-14_p0026_s216_b4,2024-05-02 15:47:14,216,FEZES-LÍQUIDAS-EXPLODIR,1190,3620
03-05-2024_14-30-24_p0027_s156_b2,2024-05-03 14:30:24,156,NÃO-ENTENDER,1270,4300
20-03-2024_15-28-06_p0015_s206_b3,2024-03-20 15:28:06,206,QUATRO VACINA,2060,3890
20-05-2024_12-14-33_p0034_s236_b4,2024-05-20 12:14:33,236,FÍGADO INFLAMADO,2430,5430
07-05-2024_14-55-12_p0027_s8_b1,2024-05-07 14:55:12,8,DOR COSTAS,1520,5650
27-05-2024_16-01-42_p0032_s201_b3,2024-05-27 16:01:42,201,CATARRO COLA VERMELHO,1410,6100
23-04-2024_15-31-15_p0026_s68_b1,2024-04-23 15:31:15,68,15 MINUTO,2470,4710
02-05-2024_15-15-56_p0026_s194_b3,2024-05-02 15:15:56,194,TOSSE SECO,1610,4690
03-05-2024_14-25-58_p0027,2024-05-03 14:25:58,148.15,O,1350,4080
20-02-2024_17-02-34_p0015_s278_b4,2024-02-20 17:02:34,278,UMA-DOSE TOMAR TODO-DIA,1110,5700
17-06-2024_15-02-43_p0019_s106_b2,2024-06-17 15:02:43,106,DOR PULSAR,2370,7010
21-02-2024_15-57-10_p0016,2024-02-21 15:57:10,148.1,A,1240,5080
07-03-2024_14-05-08_p0010_s143_b2,2024-03-07 14:05:08,143,DEITAR,1280,3260
11-06-2024_14-22-39_p0035_s126_b2,2024-06-11 14:22:39,126,BEBER ÁLCOOL,2430,6170
09-05-2024_14-42-35_p0033_s120_b2,2024-05-09 14:42:35,120,VER DOBRADO,2490,5750
24-04-2024_15-14-35_p0027_s159_b3,2024-04-24 15:14:35,159,SUBIR-MORRO CORPO PIOR NÃO,8940,14770
12-03-2024_10-52-02_p0021_s278_b4,2024-03-12 10:52:02,278,UMA-DOSE TOMAR TODO-DIA,2330,5780
10-05-2024_16-50-26_p0033_s72_b1,2024-05-10 16:50:26,72,2-MÊS,1290,3920
16-05-2024_14-47-48_p0034_s124_b2,2024-05-16 14:47:48,124,GASES,3490,5640
25-03-2024_16-45-38_p0020_s157_b2,2024-03-25 16:45:38,157,CONTINUAR,870,3860
29-04-2024_11-44-29_p0029_s123_b2,2024-04-29 11:44:29,123,ZUMBIDO OUVIDO,1950,4940
25-03-2024_15-37-18_p0020_s229_b4,2024-03-25 15:37:18,229,CÂNCER,1880,3880
13-05-2024_16-12-02_p0028_s184_b3,2024-05-13 16:12:02,184,DOR BRAÇO-ESPALHAR,1420,6230
18-06-2024_16-32-11_p0028_s236_b4,2024-06-18 16:32:11,236,FÍGADO INFLAMADO,1770,5060
16-04-2024_10-50-07_p0025,2024-04-16 10:50:07,P23.2,TOTAL TEMPO QUANTO,1800,4640
16-05-2024_14-55-55_p0034_s132_b2,2024-05-16 14:55:55,132,NARIZ ESPIRRAR,4930,6870
11-05-2024_09-30-54_p0034,2024-05-11 09:30:54,P9.6,SUBIR-ESCADA FÍSICO PIOR,6400,11800
16-04-2024_10-29-03_p0025,2024-04-16 10:29:03,P19.1,VOCÊ JÁ FAZER TRATAMENTO ALGUM DOENÇA ENTÃO,3270,11580
28-06-2024_15-07-55_p0035_s213_b4,2024-06-28 15:07:55,213,CLARO,2570,5400
12-06-2024_16-53-51_p0038,2024-06-12 16:53:51,P15.1,TER TOSSE,3200,5420
24-07-2024_14-14-26_p0041_s20_b1,2024-07-24 14:14:26,20,TONTURA CAIR-PESSOA,2900,6850
22-02-2024_10-40-40_p0017_s163_b3,2024-02-22 10:40:40,163,TOMAR-BANHO CORPO PIOR NÃO,5000,10230
03-05-2024_14-22-42_p0027,2024-05-03 14:22:42,148.2,B,780,3360
11-05-2024_09-59-05_p0034_sP14_b3,2024-05-11 09:59:05,P14,TER DOR FEBRE CALAFRIOS ESPIRRAR O U SECREÇÃO-NASAL COLA,3090,13700
10-05-2024_09-55-11_p0030_s258_b4,2024-05-10 09:55:11,258,ALERGIA NENHUM,1980,5680
27-03-2024_15-26-47_p0015_s129_b2,2024-03-27 15:26:47,129,LOCAIS LUZ-FORTE,3950,8010
09-05-2024_14-31-43_p0033_s110_b2,2024-05-09 14:31:43,110,DOR APERTAR,3120,6850
03-04-2024_16-10-13_p0023_s274_b4,2024-04-03 16:10:13,274,DOIS LATAS DUAS-VEZES SEMANA,2080,6160
22-02-2024_13-18-38_p0018_s1_b1,2024-02-22 13:18:38,1,CONFUSÃO-MENTAL PERCEPÇÃO ESQUECER,2940,6990
19-06-2024_16-17-39_p0023_s4_b1,2024-06-19 16:17:39,4,CONVULSÃO ENROLAR-LÍNGUA,2730,5570
22-04-2024_09-37-00_p0025,2024-04-22 09:37:00,P15.1,TER TOSSE,1640,4600
03-05-2024_19-07-03_p0031,2024-05-03 19:07:03,P21.2,USAR REMÉDIO,1600,4820
17-07-2024_14-30-24_p0041_s121_b2,2024-07-17 14:30:24,121,VER MANCHAS,3000,7510
24-07-2024_14-24-45_p0041_s44_b1,2024-07-24 14:24:45,44,PRESSÃO-ARTERIAL ALTO-BAIXO,1680,6350
31-01-2024_14-37-34_p13,2024-01-31 14:37:34,P9.3,PLANO ANDAR FÍSICO PIOR,1320,7980
25-03-2024_16-27-26_p0020_s128_b2,2024-03-25 16:27:26,128,LOCAIS BARULHO,1120,6510
26-08-2024_15-34-20_p0019_s48_b1,2024-08-26 15:34:20,48,XIXI VAZAR,5070,8270
02-05-2024_15-54-59_p0026_s232_b4,2024-05-02 15:54:59,232,ANSIEDADE,1590,5570
10-05-2024_15-30-16_p0033_s240_b4,2024-05-10 15:30:16,240,VÍCIO FUMAR,4020,5940
11-05-2024_10-02-13_p0034,2024-05-11 10:02:13,P15.4,CATARRO COLA COR QUAL,2910,7400
19-06-2024_10-09-11_p0036_s43_b1,2024-06-19 10:09:11,43,ESCORPIÃO PICAR,1950,5600
22-02-2024_11-54-15_p0017_s265_b4,2024-02-22 11:54:15,265,VINHO,1470,3300
06-05-2024_16-06-26_p0032_s274_b4,2024-05-06 16:06:26,274,DOIS LATAS DUAS-VEZES SEMANA,3460,9810
13-03-2024_16-16-21_p0014_s277_b4,2024-03-13 16:16:21,277,DOIS GARRAFAS DUAS-VEZES SEMANA,1880,6630
28-06-2024_15-47-07_p0035_s277_b4,2024-06-28 15:47:07,277,DOIS GARRAFAS DUAS-VEZES SEMANA,1300,6920
23-04-2024_11-23-18_p0024_s223_b4,2024-04-23 11:23:18,223,DIABETES,1860,4000
29-02-2024_14-08-27_p0010_s53_b1,2024-02-29 14:08:27,53,XIXI VERMELHO,1290,2910
28-06-2024_15-21-58_p0035_s240_b4,2024-06-28 15:21:58,240,VÍCIO FUMAR,1430,5460
10-05-2024_10-01-38_p0030_s266_b4,2024-05-10 10:01:38,266,DOSE ÁLCOOL,2220,6360
20-03-2024_15-00-24_p0015,2024-03-20 15:00:24,170.1,1,2650,3520
27-05-2024_15-28-27_p0032,2024-05-27 15:28:27,170.1,1,1500,3800
12-03-2024_14-14-31_p0022_s2_b1,2024-03-12 14:14:31,2,CONFUSÃO,2190,5410
16-04-2024_10-27-51_p0025,2024-04-16 10:27:51,P18.5,VOCÊ BARRIGA DOR ENTÃO,1860,5320
18-06-2024_15-39-06_p0028,2024-06-18 15:39:06,148.17,Q,2090,3220
20-05-2024_11-41-57_p0034_s48_b1,2024-05-20 11:41:57,48,XIXI VAZAR,2750,6930
21-02-2024_15-54-27_p0016_s138_b2,2024-02-21 15:54:27,138,APERTAR,1360,4880
20-05-2024_12-01-43_p0034_s211_b4,2024-05-20 12:01:43,211,FRAGMENTOS MISTURAR MOLE,3150,6860
30-01-2024_14-29-20_p12,2024-01-30 14:29:20,99,DOR BAIXO-VENTRE,1850,5120
23-04-2024_15-14-18_p0026_s29_b1,2024-04-23 15:14:18,29,INCHAR,3020,4470
10-05-2024_08-48-49_p0030_s180_b3,2024-05-10 08:48:49,180,NUCA DOR ESPALHAR,3180,6350
10-05-2024_09-05-42_p0030_s202_b3,2024-05-10 09:05:42,202,CATARRO COLA SANGUE PONTOS,3280,7840
24-07-2024_15-26-38_p0041_s273_b4,2024-07-24 15:26:38,273,UM LATA UMA-VEZ SEMANA,2560,6710
06-05-2024_15-22-20_p0032_s221_b4,2024-05-06 15:22:20,221,TER P U S MISTURAR AMARELO BRANCO MISTURAR,10970,17700
30-01-2024_11-24-19_p11,2024-01-30 11:24:19,65,NASCER VIVO,1340,5950
08-06-2024_10-41-46_p0031_s61_b1,2024-06-08 10:41:46,61,PELE QUEIMAR,1940,3710
26-02-2024_16-15-36_p0019_s272_b4,2024-02-26 16:15:36,272,UM LATA TODO-DIA,3460,7020
19-06-2024_10-06-55_p0036_s38_b1,2024-06-19 10:06:55,38,TENTAR SUICIDAR,4380,8290
26-03-2024_16-22-17_p0022_s248_b4,2024-03-26 16:22:17,248,ALERGIA CACHORRO,2010,4590
22-02-2024_11-38-58_p0017_s221_b4,2024-02-22 11:38:58,221,TER P U S MISTURAR AMARELO BRANCO MISTURAR,2750,8240
09-05-2024_14-30-00_p0033_s107_b2,2024-05-09 14:30:00,107,DOR PROFUNDO,2800,6750
18-06-2024_15-45-48_p0028_s157_b2,2024-06-18 15:45:48,157,CONTINUAR,2320,4020
20-05-2024_15-36-54_p0023,2024-05-20 15:36:54,P6.3,DOR IGUAL PESO,1820,7060
10-05-2024_16-23-27_p0033_s3_b1,2024-05-10 16:23:27,3,MUDAR COMPORTAMENTO,1950,5700
19-07-2024_15-47-45_p0040_s67_b1,2024-07-19 15:47:45,67,VOMITAR TER VERMELHO,5140,9740
21-02-2024_15-45-28_p0016_s127_b2,2024-02-21 15:45:28,127,COMER COISAS ÓLEO,1300,5790
10-05-2024_15-18-45_p0033_s225_b4,2024-05-10 15:18:45,225,ARRITMIA,1640,4300
20-03-2024_15-27-04_p0015,2024-03-20 15:27:04,P17.2,QUANTOS VACINAR,3560,5920
06-05-2024_15-28-40_p0032_s227_b4,2024-05-06 15:28:40,227,ASMA,3200,6620
26-03-2024_16-32-02_p0022_s266_b4,2024-03-26 16:32:02,266,DOSE ÁLCOOL,2670,5910
12-03-2024_10-41-51_p0021_s257_b4,2024-03-12 10:41:51,257,ALERGIA REMÉDIO NÃO-TER,1910,5270
09-05-2024_14-45-06_p0033_s124_b2,2024-05-09 14:45:06,124,GASES,3000,5460
11-06-2024_13-53-44_p0035_s84_b2,2024-06-11 13:53:44,84,TRÊS-DIAS,1160,3540
19-06-2024_09-53-08_p0036_s10_b1,2024-06-19 09:53:08,10,DOR BARRIGA,2020,5830
03-05-2024_14-12-08_p0027,2024-05-03 14:12:08,P6.5,DOR IGUAL FINCADA,1230,6730
08-04-2024_16-32-10_p0021_s8_b1,2024-04-08 16:32:10,8,DOR COSTAS,1850,4320
13-05-2024_16-34-29_p0028_s207_b3,2024-05-13 16:34:29,207,NÃO VACINAR GRIPE,1920,5250
23-05-2024_14-55-11_p0035,2024-05-23 14:55:11,170.6,6,1700,3170
10-05-2024_16-40-38_p0033_s43_b1,2024-05-10 16:40:38,43,ESCORPIÃO PICAR,1880,4450
10-05-2024_16-11-30_p0033_s280_b4,2024-05-10 16:11:30,280,TAÇA TOMAR VINHO UMA-VEZ SEMANA,3120,10570
09-05-2024_14-30-34_p0033_s108_b2,2024-05-09 14:30:34,108,DOR LEVE,2480,5990
27-03-2024_16-19-51_p0015_s52_b1,2024-03-27 16:19:51,52,XIXI ESPUMAR,1650,4660
27-05-2024_17-02-25_p0032_s74_b1,2024-05-27 17:02:25,74,BEBER,1920,3700
18-04-2024_15-33-19_p0026,2024-04-18 15:33:19,P6.6,DOR IGUAL SENTIR CHOQUE,2390,8410
08-06-2024_10-21-18_p0031_s7_b1,2024-06-08 10:21:18,7,DOR PEITO,1650,4140
09-05-2024_15-16-56_p0033_s152_b2,2024-05-09 15:16:56,152,OBRIGADO,1940,4490
28-06-2024_14-07-04_p0035_s3_b1,2024-06-28 14:07:04,3,MUDAR COMPORTAMENTO,2990,5900
22-04-2024_09-24-08_p0025_s176_b3,2024-04-22 09:24:08,176,TRÊS-MESES,1710,4910
23-04-2024_15-25-06_p0026_s54_b1,2024-04-23 15:25:06,54,VERMELHO SANGRAR-BOCA,2010,4510
10-05-2024_15-49-23_p0033_s269_b4,2024-05-10 15:49:23,269,CACHAÇA,1790,2810
24-07-2024_14-35-31_p0041_s69_b1,2024-07-24 14:35:31,69,30 MINUTO,1990,6090
21-02-2024_16-06-24_p0016,2024-02-21 16:06:24,148.9,I,1180,3420
30-01-2024_11-10-46_p11,2024-01-30 11:10:46,29,INCHAR,1350,4970
20-05-2024_15-58-09_p0023_s144_b2,2024-05-20 15:58:09,144,ÁGUA FRIO COLOCAR-BRAÇO,1600,7870
20-02-2024_17-04-15_p0015_s281_b4,2024-02-20 17:04:15,281,TAÇA TOMAR VINHO TODO-DIA,1990,10980
09-05-2024_15-13-27_p0033,2024-05-09 15:13:27,148.22,V,2460,4850
28-06-2024_14-14-22_p0035_s22_b1,2024-06-28 14:14:22,22,EVACUAR MOLE VERMELHO,2430,6120
19-03-2024_15-42-00_p0022,2024-03-19 15:42:00,148.9,I,1640,3730
20-05-2024_12-23-03_p0034_s256_b4,2024-05-20 12:23:03,256,ALERGIA AMENDOIM,3210,6470
08-05-2024_09-49-11_p0030_s129_b2,2024-05-08 09:49:11,129,LOCAIS LUZ-FORTE,1790,3710
07-03-2024_14-12-04_p0010,2024-03-07 14:12:04,148.12,L,1460,2040
20-05-2024_11-52-59_p0034_s69_b1,2024-05-20 11:52:59,69,30 MINUTO,2880,6630
15-05-2024_15-27-05_p0032_s93_b2,2024-05-15 15:27:05,93,DOR NUCA,2400,7320
08-05-2024_15-42-59_p0033_s177_b3,2024-05-08 15:42:59,177,UM ANO,3140,5630
26-03-2024_15-27-23_p0022_s186_b3,2024-03-26 15:27:23,186,COSTAS DOR ESPALHAR,1670,7110
26-03-2024_15-22-56_p0022,2024-03-26 15:22:56,P11.5,PERÍODO DOR TER AUMENTAR,1560,7300
09-05-2024_15-17-53_p0033_s154_b2,2024-05-09 15:17:53,154,PARAR,2090,4220
27-03-2024_16-07-47_p0015_s23_b1,2024-03-27 16:07:47,23,TONTURA-ENJOO,1360,5160
11-05-2024_10-01-22_p0034_s195_b3,2024-05-11 10:01:22,195,CATARRO COLA NENHUM,3520,6670
22-02-2024_14-37-58_p0018,2024-02-22 14:37:58,148.24,X,1290,4100
24-07-2024_14-39-24_p0041_s79_b1,2024-07-24 14:39:24,79,SENTADO,5320,8300
03-05-2024_14-21-02_p0027_s146_b2,2024-05-03 14:21:02,146,REMÉDIO,1140,3850
22-02-2024_11-43-54_p0017_s235_b4,2024-02-22 11:43:54,235,OBESIDADE,2220,4160
24-05-2024_18-30-44_p0031_s82_b2,2024-05-24 18:30:44,82,SEIS HORAS,3550,6620
16-07-2024_16-31-32_p0039_s233_b4,2024-07-16 16:31:32,233,A V C,2100,4820
16-04-2024_15-33-35_p0016,2024-04-16 15:33:35,170.10,10,1250,4030
07-03-2024_14-12-14_p0010,2024-03-07 14:12:14,148.13,M,1410,2140
16-04-2024_16-05-50_p0016_s241_b3,2024-04-16 16:05:50,241,TRAZER RECEITA REMÉDIO,1270,5330
08-04-2024_15-57-19_p0021_s139_b2,2024-04-08 15:57:19,139,BRAÇO MEXER-BRAÇO,1600,5480
18-06-2024_15-20-48_p0028_s129_b2,2024-06-18 15:20:48,129,LOCAIS LUZ-FORTE,2240,4310
02-05-2024_14-46-36_p0026_s164_b3,2024-05-02 14:46:36,164,DEITAR CALMA PIOR,1900,6520
27-03-2024_15-29-50_p0015_s138_b2,2024-03-27 15:29:50,138,APERTAR,1550,4940
03-05-2024_18-36-20_p0031,2024-05-03 18:36:20,170.7,7,1500,4470
05-03-2024_10-36-08_p0014_s44_b1,2024-03-05 10:36:08,44,PRESSÃO-ARTERIAL ALTO-BAIXO,1620,8010
26-08-2024_15-23-51_p0019_s24_b1,2024-08-26 15:23:51,24,VOMITAR,2860,5450
07-05-2024_14-39-02_p0027_s276_b4,2024-05-07 14:39:02,276,GARRAFA UMA-VEZ SEMANA,2170,5510
11-05-2024_09-52-03_p0034_s184_b3,2024-05-11 09:52:03,184,DOR BRAÇO-ESPALHAR,4640,8430
03-05-2024_14-04-42_p0027_s96_b2,2024-05-03 14:04:42,96,DOR MEIO-BARRIGA,1400,5180
30-04-2024_13-31-52_p0024_s131_b2,2024-04-30 13:31:52,131,PERÍODO MENSTRUAR,2830,5630
25-03-2024_15-54-17_p0020_s265_b4,2024-03-25 15:54:17,265,VINHO,1820,3470
27-05-2024_16-33-31_p0032_s10_b1,2024-05-27 16:33:31,10,DOR BARRIGA,1260,4960
11-03-2024_16-06-23_p0020_s198_b3,2024-03-11 16:06:23,198,CATARRO COLA BRANCO,5530,9130
24-05-2024_19-09-41_p0031,2024-05-24 19:09:41,148.13,M,2180,4200
23-04-2024_11-28-18_p0024_s235_b4,2024-04-23 11:28:18,235,OBESIDADE,1740,5290
06-05-2024_15-34-40_p0032_s239_b4,2024-05-06 15:34:40,239,VÍCIO BEBER ÁLCOOL,3170,7550
23-04-2024_15-26-58_p0026_s59_b1,2024-04-23 15:26:58,59,TRAUMA,2060,3850
19-06-2024_10-20-06_p0036_s64_b1,2024-06-19 10:20:06,64,QUASE CABEÇA-SAIR NASCER,4660,9310
19-07-2024_14-30-04_p0040,2024-07-19 14:30:04,148.5,E,1500,3350
21-02-2024_11-36-10_p0013_s24_b1,2024-02-21 11:36:10,24,VOMITAR,2650,4190
20-05-2024_11-56-27_p0034_s76_b1,2024-05-20 11:56:27,76,LIMPAR CASA,2550,6760
24-07-2024_15-31-39_p0041_s283_b4,2024-07-24 15:31:39,283,UM COPO UMA-VEZ SEMANA,1880,7520
13-03-2024_16-12-38_p0014_s268_b4,2024-03-13 16:12:38,268,UÍSQUE,1210,4360
12-06-2024_16-54-14_p0038,2024-06-12 16:54:14,P15.2,TOSSE COMO,3100,6220
18-04-2024_10-20-48_p0025_s34_b1,2024-04-18 10:20:48,34,FEBRE,2740,5780
08-04-2024_16-48-55_p0021_s47_b1,2024-04-08 16:48:55,47,XIXI SENTIR IGUAL QUENTE,1820,6160
16-04-2024_10-53-27_p0025_s265_b4,2024-04-16 10:53:27,265,VINHO,3050,4520
09-05-2024_15-11-32_p0033,2024-05-09 15:11:32,148.17,Q,2280,5000
18-04-2024_10-13-11_p0025_s15_b1,2024-04-18 10:13:11,15,DOR PÉ P E,2590,7110
19-03-2024_15-05-40_p0022_s103_b2,2024-03-19 15:05:40,103,DOR JOELHO-DIREITO JOELHO-ESQUERDO,2130,9070
03-05-2024_08-42-42_p0030_s43_b1,2024-05-03 08:42:42,43,ESCORPIÃO PICAR,1650,4120
25-03-2024_15-48-20_p0020_s256_b4,2024-03-25 15:48:20,256,ALERGIA AMENDOIM,1780,4660
08-04-2024_16-08-59_p0021,2024-04-08 16:08:59,148.12,L,1870,4140
12-03-2024_10-16-26_p0021_s212_b4,2024-03-12 10:16:26,212,FEZES-LÍQUIDAS,2810,4440
02-05-2024_15-16-54_p0026_s195_b3,2024-05-02 15:16:54,195,CATARRO COLA NENHUM,1800,6860
03-05-2024_18-48-41_p0031_s184_b3,2024-05-03 18:48:41,184,DOR BRAÇO-ESPALHAR,1990,7170
10-05-2024_15-28-59_p0033_s237_b4,2024-05-10 15:28:59,237,RINS FRACO,2450,4200
19-03-2024_15-50-55_p0022,2024-03-19 15:50:55,148.24,X,1820,4120
27-03-2024_16-15-23_p0015_s40_b1,2024-03-27 16:15:23,40,CACHORRO MORDER,1570,4320
31-01-2024_15-10-02_p13,2024-01-31 15:10:02,P17.1,VOCÊ JÁ VACINAR COVID-19,1320,6210
16-04-2024_15-37-05_p0016,2024-04-16 15:37:05,P11.3,NO-DECORRER-DO-TEMPO SENTIR DOR NO-TOTAL QUANTOS,1090,7620
20-03-2024_15-02-52_p0015,2024-03-20 15:02:52,170.7,7,2860,3940
20-05-2024_11-21-00_p0034_s4_b1,2024-05-20 11:21:00,4,CONVULSÃO ENROLAR-LÍNGUA,2650,6290
22-02-2024_15-40-46_p0014_s186_b3,2024-02-22 15:40:46,186,COSTAS DOR ESPALHAR,3130,7680
12-03-2024_14-27-12_p0022_s28_b1,2024-03-12 14:27:12,28,NARIZ-LADOS FECHAR,2720,6150
16-04-2024_15-56-11_p0016_s200_b3,2024-04-16 15:56:11,200,CATARRO COLA VERDE,1280,6140
18-06-2024_14-58-54_p0028_s93_b2,2024-06-18 14:58:54,93,DOR NUCA,1790,3860
08-04-2024_16-18-28_p0021_s154_b2,2024-04-08 16:18:28,154,PARAR,1530,3610
23-05-2024_15-18-25_p0035_s202_b3,2024-05-23 15:18:25,202,CATARRO COLA SANGUE PONTOS,2050,7320
20-05-2024_12-37-18_p0034_s278_b4,2024-05-20 12:37:18,278,UMA-DOSE TOMAR TODO-DIA,2860,5960
22-02-2024_10-53-43_p0017,2024-02-22 10:53:43,170.2,2,1870,3170
16-05-2024_14-56-59_p0034_s134_b2,2024-05-16 14:56:59,134,MASTIGAR,3540,5960
07-03-2024_13-44-18_p0010_s90_b2,2024-03-07 13:44:18,90,DOR OUVIDO,1540,3430
19-07-2024_15-49-32_p0040_s70_b1,2024-07-19 15:49:32,70,1-HORA,3810,6660
18-04-2024_10-25-01_p0025_s44_b1,2024-04-18 10:25:01,44,PRESSÃO-ARTERIAL ALTO-BAIXO,1570,7030
08-05-2024_16-08-39_p0033_s193_b3,2024-05-08 16:08:39,193,FICAR-EM-PÉ SENTAR DEITAR DOR PIORAR NÃO,2420,8070
19-06-2024_10-24-26_p0036_s69_b1,2024-06-19 10:24:26,69,30 MINUTO,4680,7990
16-04-2024_10-53-48_p0025_s266_b4,2024-04-16 10:53:48,266,DOSE ÁLCOOL,3090,5420
26-02-2024_15-43-07_p0019_s231_b4,2024-02-26 15:43:07,231,DEPRESSÃO,2570,5350
03-05-2024_18-36-37_p0031,2024-05-03 18:36:37,170.8,8,1550,4450
30-01-2024_14-52-39_p12,2024-01-30 14:52:39,135,ENGOLIR,4630,7280
06-05-2024_15-26-58_p0032_s224_b4,2024-05-06 15:26:58,224,INFARTO,4120,6420
03-04-2024_15-34-23_p0023_s217_b4,2024-04-03 15:34:23,217,FEZES-LÍQUIDAS BRANCO,3650,6330
05-06-2024_15-03-50_p0037_s212_b4,2024-06-05 15:03:50,212,FEZES-LÍQUIDAS,2020,4730
02-05-2024_14-57-58_p0026_s171_b3,2024-05-02 14:57:58,171,UMA-VEZ,1470,3710
18-06-2024_15-44-32_p0028_s153_b2,2024-06-18 15:44:32,153,REPETIR POR-FAVOR,1970,4110
08-06-2024_10-22-25_p0031_s10_b1,2024-06-08 10:22:25,10,DOR BARRIGA,1350,3620
24-01-2024_17-31-04_p10,2024-01-24 17:31:04,267,VODCA,3940,5820
08-05-2024_16-14-35_p0033_s196_b3,2024-05-08 16:14:35,196,TOSSE CATARRO COLA,3110,6440
21-02-2024_11-30-19_p0013_s5_b1,2024-02-21 11:30:19,5,CABEÇA DOR,2190,4900
18-04-2024_15-24-06_p0026_s91_b2,2024-04-18 15:24:06,91,DOR LADO-CABEÇA LADO-CABEÇA,2290,6830
29-04-2024_11-29-24_p0029_s90_b2,2024-04-29 11:29:24,90,DOR OUVIDO,2780,5330
26-08-2024_15-21-36_p0019_s18_b1,2024-08-26 15:21:36,18,DIFÍCIL RESPIRAR,2890,6500
19-06-2024_16-43-38_p0023_s62_b1,2024-06-19 16:43:38,62,MATERIAL GRUPO CORTAR TAMBÉM OBJETO-FINO-LONGO FINCAR,2200,9680
24-04-2024_15-54-53_p0027_s191_b3,2024-04-24 15:54:53,191,MOMENTO APERTAR-BRAÇO DOR PIORAR NÃO,4630,10890
10-05-2024_15-16-26_p0033_s225_b4,2024-05-10 15:16:26,225,ARRITMIA,2450,3230
29-04-2024_16-29-34_p0024_s11_b1,2024-04-29 16:29:34,11,DOR GARGANTA,2920,8180
10-05-2024_16-30-02_p0033_s19_b1,2024-05-10 16:30:02,19,PALPITAÇÃO,1740,4190
11-06-2024_14-08-22_p0035,2024-06-11 14:08:22,P6.2,COMO DOR,2120,6490
22-02-2024_13-59-34_p0018_s84_b2,2024-02-22 13:59:34,84,TRÊS-DIAS,1320,4570
22-02-2024_14-29-33_p0018_s147_b2,2024-02-22 14:29:33,147,JEJUM,1760,5200
29-04-2024_11-58-42_p0029,2024-04-29 11:58:42,148.9,I,2040,3660
17-06-2024_15-28-09_p0019_s144_b2,2024-06-17 15:28:09,144,ÁGUA FRIO COLOCAR-BRAÇO,1920,7060
22-04-2024_09-28-38_p0025_s182_b3,2024-04-22 09:28:38,182,QUEIXO DOR ESPALHAR,1470,6790
12-03-2024_10-17-07_p0021_s215_b4,2024-03-12 10:17:07,215,FEZES-LÍQUIDAS BORBULHAR,1970,5880
16-05-2024_15-05-23_p0034,2024-05-16 15:05:23,148.5,E,2820,4330
29-04-2024_17-05-28_p0024_s76_b1,2024-04-29 17:05:28,76,LIMPAR CASA,2260,6150
23-05-2024_14-54-54_p0035,2024-05-23 14:54:54,170.5,5,1780,2730
13-03-2024_15-19-40_p0014_s141_b2,2024-03-13 15:19:40,141,MEXER-PESCOÇO,2500,6180
07-03-2024_13-56-20_p0010_s117_b2,2024-03-07 13:56:20,117,SUAR SUAR SUAR,1680,4290
08-05-2024_15-57-30_p0033_s190_b3,2024-05-08 15:57:30,190,SIM APERTAR-BRAÇO DOER,6620,9280
15-05-2024_15-28-40_p0032_s96_b2,2024-05-15 15:28:40,96,DOR MEIO-BARRIGA,2590,8480
27-03-2024_16-09-01_p0015_s27_b1,2024-03-27 16:09:01,27,CATARRO GRIPE,1440,4910
12-03-2024_14-26-22_p0022_s25_b1,2024-03-12 14:26:22,25,FEZES ESCURO,2950,6820
25-03-2024_16-44-37_p0020_s153_b2,2024-03-25 16:44:37,153,REPETIR POR-FAVOR,1010,4350
28-06-2024_15-45-56_p0035_s274_b4,2024-06-28 15:45:56,274,DOIS LATAS DUAS-VEZES SEMANA,1280,6920
21-02-2024_15-47-28_p0016_s132_b2,2024-02-21 15:47:28,132,NARIZ ESPIRRAR,1390,5470
22-02-2024_11-37-58_p0017_s217_b4,2024-02-22 11:37:58,217,FEZES-LÍQUIDAS BRANCO,1600,5100
25-03-2024_15-51-06_p0020_s259_b4,2024-03-25 15:51:06,259,TER FUMAR SIM,1410,4280
03-05-2024_14-25-23_p0027,2024-05-03 14:25:23,148.12,L,1440,4210
11-05-2024_09-43-06_p0034_s173_b3,2024-05-11 09:43:06,173,SEMPRE SEMPRE,4420,6950
06-05-2024_15-27-49_p0032_s225_b4,2024-05-06 15:27:49,225,ARRITMIA,3060,5550
10-05-2024_15-16-07_p0033_s224_b4,2024-05-10 15:16:07,224,INFARTO,2490,3320
30-01-2024_11-21-54_p11,2024-01-30 11:21:54,58.2,QUEBRAR QUEBRAR QUEBRAR FÍSICO,1320,5780
05-06-2024_10-24-18_p0036_s263_b4,2024-06-05 10:24:18,263,DEZ ANO,1800,5440
19-03-2024_15-09-40_p0022_s107_b2,2024-03-19 15:09:40,107,DOR PROFUNDO,2780,6760
08-05-2024_09-28-57_p0030_s86_b2,2024-05-08 09:28:57,86,UM MÊS,1890,3800
20-02-2024_16-47-22_p0015_s254_b4,2024-02-20 16:47:22,254,ALERGIA COMER CATEGORIA ÁGUA-MAR,2140,9430
24-01-2024_17-43-05_p10,2024-01-24 17:43:05,283,UM COPO UMA-VEZ SEMANA,2010,5840
19-06-2024_10-13-34_p0036_s52_b1,2024-06-19 10:13:34,52,XIXI ESPUMAR,3970,8410
08-05-2024_09-45-55_p0030_s120_b2,2024-05-08 09:45:55,120,VER DOBRADO,2150,4670
31-01-2024_14-42-18_p13,2024-01-31 14:42:18,P9.6,SUBIR-ESCADA FÍSICO PIOR,2060,6320
30-01-2024_15-03-41_p12,2024-01-30 15:03:41,148.15,O,2510,3930
19-06-2024_09-56-40_p0036_s17_b1,2024-06-19 09:56:40,17,CHIAR,1620,6800
19-03-2024_14-57-19_p0022_s88_b2,2024-03-19 14:57:19,88,NÃO,1450,3030
24-04-2024_15-36-51_p0027,2024-04-24 15:36:51,P11.1,SENTIR DOR DEPOIS SUMIR OUTRA-VEZ SENTIR DOR SUMIR VOLTAR SUMIR,17900,28760
05-06-2024_10-06-26_p0036_s233_b4,2024-06-05 10:06:26,233,A V C,3800,6470
10-05-2024_08-46-11_p0030,2024-05-10 08:46:11,P11.4,AO-LONGO-DO-TEMPO DOR COMO AUMENTAR O U DIMINUIR,2510,10520
22-02-2024_15-47-42_p0014_s197_b3,2024-02-22 15:47:42,197,CATARRO COLA CLARO,4630,8880
19-06-2024_16-21-24_p0023_s11_b1,2024-06-19 16:21:24,11,DOR GARGANTA,1910,5080
18-06-2024_15-38-01_p0028,2024-06-18 15:38:01,148.15,O,2610,3770
28-06-2024_15-26-07_p0035_s247_b4,2024-06-28 15:26:07,247,ALERGIA FLOR PÓLEN,1110,6820
12-06-2024_17-05-06_p0038_s206_b3,2024-06-12 17:05:06,206,QUATRO VACINA,2120,4030
25-03-2024_16-24-34_p0020_s124_b2,2024-03-25 16:24:34,124,GASES,1310,4920
08-04-2024_16-42-20_p0021_s27_b1,2024-04-08 16:42:20,27,CATARRO GRIPE,1410,3900
15-05-2024_15-42-00_p0032_s116_b2,2024-05-15 15:42:00,116,DOR APERTAR PONTADA,2190,9680
15-05-2024_16-54-02_p0032_s154_b2,2024-05-15 16:54:02,154,PARAR,1300,5260
26-03-2024_15-02-02_p0022,2024-03-26 15:02:02,P9.3,PLANO ANDAR FÍSICO PIOR,2910,9180
24-05-2024_18-36-58_p0031_s96_b2,2024-05-24 18:36:58,96,DOR MEIO-BARRIGA,2160,5200
09-05-2024_15-03-47_p0033_s147_b2,2024-05-09 15:03:47,147,JEJUM,2210,5390
07-03-2024_14-15-25_p0010_s149_b2,2024-03-07 14:15:25,149,DEVAGAR,1610,3420
02-05-2024_15-47-31_p0026_s217_b4,2024-05-02 15:47:31,217,FEZES-LÍQUIDAS BRANCO,1300,4250
18-06-2024_16-32-36_p0028_s237_b4,2024-06-18 16:32:36,237,RINS FRACO,1670,5300
18-06-2024_15-34-30_p0028,2024-06-18 15:34:30,148.5,E,1960,3630
02-05-2024_15-54-01_p0026_s231_b4,2024-05-02 15:54:01,231,DEPRESSÃO,1540,4490
19-03-2024_15-52-49_p0022_s151_b2,2024-03-19 15:52:49,151,OBRIGADO,2570,4850
06-05-2024_15-32-25_p0032_s236_b4,2024-05-06 15:32:25,236,FÍGADO INFLAMADO,3650,7080
16-07-2024_16-57-23_p0039_s277_b4,2024-07-16 16:57:23,277,DOIS GARRAFAS DUAS-VEZES SEMANA,2360,7810
18-03-2024_15-41-27_p0020_s63_b1,2024-03-18 15:41:27,63,TIRO FURAR-BARRIGA,1300,5130
16-04-2024_15-58-52_p0016,2024-04-16 15:58:52,P17.2,QUANTOS VACINAR,1120,4560
24-05-2024_19-15-02_p0031_s153_b2,2024-05-24 19:15:02,153,REPETIR POR-FAVOR,1620,4900
18-06-2024_15-32-57_p0028,2024-06-18 15:32:57,148.1,A,2480,3560
20-05-2024_11-24-21_p0034_s11_b1,2024-05-20 11:24:21,11,DOR GARGANTA,2630,7290
19-06-2024_16-23-05_p0023_s15_b1,2024-06-19 16:23:05,15,DOR PÉ P E,2980,6370
10-05-2024_16-47-53_p0033_s64_b1,2024-05-10 16:47:53,64,QUASE CABEÇA-SAIR NASCER,2770,6430
10-05-2024_09-46-40_p0030_s234_b4,2024-05-10 09:46:40,234,TOSSIR CATARRO VERMELHO,2030,5870
29-02-2024_13-35-28_p0010_s3_b1,2024-02-29 13:35:28,3,MUDAR COMPORTAMENTO,2590,4850
26-03-2024_15-50-12_p0022,2024-03-26 15:50:12,P21.1,DOCUMENTO REMÉDIO VOCÊ TRAZER,2340,6100
09-05-2024_15-07-26_p0033,2024-05-09 15:07:26,148.8,H,1890,4380
19-06-2024_16-43-15_p0023_s61_b1,2024-06-19 16:43:15,61,PELE QUEIMAR,2080,5220
17-07-2024_14-35-36_p0041_s134_b2,2024-07-17 14:35:36,134,MASTIGAR,2040,5040
20-05-2024_11-26-18_p0034_s15_b1,2024-05-20 11:26:18,15,DOR PÉ P E,2950,7540
28-02-2024_17-02-07_p0011_s149_b2,2024-02-28 17:02:07,149,DEVAGAR,1800,5130
08-05-2024_09-45-03_p0030_s117_b2,2024-05-08 09:45:03,117,SUAR SUAR SUAR,1850,4120
10-05-2024_10-05-28_p0030_s274_b4,2024-05-10 10:05:28,274,DOIS LATAS DUAS-VEZES SEMANA,2800,7930
20-05-2024_15-35-39_p0023_s114_b2,2024-05-20 15:35:39,114,DOR CHOQUE,1360,4860
15-05-2024_15-25-55_p0032_s91_b2,2024-05-15 15:25:55,91,DOR LADO-CABEÇA LADO-CABEÇA,3050,10410
11-03-2024_16-12-11_p0020,2024-03-11 16:12:11,P17.1,VOCÊ JÁ VACINAR COVID-19,2230,6670
22-02-2024_11-35-14_p0017_s209_b4,2024-02-22 11:35:14,209,NENHUM VONTADE NADA VOMITAR,1780,6670
19-06-2024_09-53-48_p0036_s11_b1,2024-06-19 09:53:48,11,DOR GARGANTA,1700,5350
22-02-2024_11-42-55_p0017_s231_b4,2024-02-22 11:42:55,231,DEPRESSÃO,2620,5490
25-03-2024_16-45-09_p0020_s155_b2,2024-03-25 16:45:09,155,PARAR,1050,3510
07-05-2024_14-33-26_p0027_s264_b4,2024-05-07 14:33:26,264,CERVEJA,1950,3400
30-04-2024_13-50-08_p0024,2024-04-30 13:50:08,148.23,W,2780,3820
27-03-2024_15-29-33_p0015_s137_b2,2024-03-27 15:29:33,137,ESTRESSE,1410,4760
08-06-2024_10-26-08_p0031_s21_b1,2024-06-08 10:26:08,21,EVACUAR-ESPALHAR,1850,3680
05-06-2024_10-13-10_p0036_s248_b4,2024-06-05 10:13:10,248,ALERGIA CACHORRO,2450,6670
20-05-2024_11-45-57_p0034_s55_b1,2024-05-20 11:45:57,55,VERMELHO NARIZ-SANGRAR GRIPE,2770,8390
29-04-2024_11-31-13_p0029_s96_b2,2024-04-29 11:31:13,96,DOR MEIO-BARRIGA,2010,5410
10-05-2024_16-28-46_p0033_s16_b1,2024-05-10 16:28:46,16,RESPIRAR FALTAR,2780,6510
23-05-2024_14-39-36_p0035_s158_b3,2024-05-23 14:39:36,158,SUBIR-MORRO FÍSICO PIOR,3850,8280
16-05-2024_15-10-39_p0034,2024-05-16 15:10:39,148.19,S,2680,4790
02-04-2024_15-26-49_p0021_s175_b3,2024-04-02 15:26:49,175,DOIS SEMANA,2670,6340
03-05-2024_14-07-57_p0027_s107_b2,2024-05-03 14:07:57,107,DOR PROFUNDO,1420,5300
20-02-2024_16-39-34_p0015_s237_b4,2024-02-20 16:39:34,237,RINS FRACO,1250,5340
23-04-2024_15-17-24_p0026_s33_b1,2024-04-23 15:17:24,33,COÇAR,1880,4080
10-05-2024_16-22-13_p0033_s2_b1,2024-05-10 16:22:13,2,CONFUSÃO,3200,5700
11-06-2024_14-40-13_p0035,2024-06-11 14:40:13,148.18,R,2170,5180
20-05-2024_16-07-24_p0023,2024-05-20 16:07:24,148.19,S,1360,3580
27-03-2024_15-42-41_p0015_s149_b2,2024-03-27 15:42:41,149,DEVAGAR,1680,4810
19-06-2024_16-36-01_p0023_s43_b1,2024-06-19 16:36:01,43,ESCORPIÃO PICAR,1720,4110
19-07-2024_14-34-11_p0040,2024-07-19 14:34:11,148.19,S,2030,3870
10-05-2024_09-57-42_p0030_s260_b4,2024-05-10 09:57:42,260,NÃO FUMAR,1730,4870
13-03-2024_15-18-49_p0014_s139_b2,2024-03-13 15:18:49,139,BRAÇO MEXER-BRAÇO,2580,6660
29-04-2024_16-37-55_p0024_s21_b1,2024-04-29 16:37:55,21,EVACUAR-ESPALHAR,2610,6440
12-03-2024_14-47-02_p0022_s74_b1,2024-03-12 14:47:02,74,BEBER,1940,4190
24-05-2024_18-48-48_p0031_s121_b2,2024-05-24 18:48:48,121,VER MANCHAS,2580,5110
30-04-2024_13-41-56_p0024_s146_b2,2024-04-30 13:41:56,146,REMÉDIO,2150,4170
26-03-2024_15-16-26_p0022,2024-03-26 15:16:26,170.10,10,2120,5280
18-06-2024_16-51-53_p0028_s268_b4,2024-06-18 16:51:53,268,UÍSQUE,1710,4180
23-04-2024_15-09-58_p0026_s22_b1,2024-04-23 15:09:58,22,EVACUAR MOLE VERMELHO,2470,5940
18-04-2024_10-14-01_p0025_s17_b1,2024-04-18 10:14:01,17,CHIAR,1050,6890
18-03-2024_11-42-52_p0013_s278_b4,2024-03-18 11:42:52,278,UMA-DOSE TOMAR TODO-DIA,1710,5650
07-03-2024_13-50-12_p0010,2024-03-07 13:50:12,P6.2,COMO DOR,1260,3760
24-05-2024_19-03-23_p0031_s147_b2,2024-05-24 19:03:23,147,JEJUM,1410,4050
22-02-2024_14-31-42_p0018,2024-02-22 14:31:42,148.3,C,1250,3810
03-05-2024_18-26-27_p0031_s161_b3,2024-05-03 18:26:27,161,PLANO ANDAR FÍSICO PIOR NÃO,1530,7830
24-04-2024_16-06-50_p0027,2024-04-24 16:06:50,P17.1,VOCÊ JÁ VACINAR COVID-19,4870,9050
20-03-2024_15-01-54_p0015,2024-03-20 15:01:54,170.4,4,2340,3170
29-04-2024_11-54-05_p0029_s144_b2,2024-04-29 11:54:05,144,ÁGUA FRIO COLOCAR-BRAÇO,1550,5910
09-05-2024_14-52-28_p0033_s134_b2,2024-05-09 14:52:28,134,MASTIGAR,2300,4900
26-03-2024_15-14-33_p0022,2024-03-26 15:14:33,170.4,4,2140,5170
13-03-2024_15-28-43_p0014,2024-03-13 15:28:43,148.19,S,1510,3420
08-04-2024_16-56-50_p0021_s65_b1,2024-04-08 16:56:50,65,NASCER VIVO,1790,4840
12-03-2024_10-47-41_p0021_s265_b4,2024-03-12 10:47:41,265,VINHO,2650,3510
13-03-2024_15-06-08_p0014,2024-03-13 15:06:08,P6.3,DOR IGUAL PESO,2030,6130
05-06-2024_10-14-49_p0036_s251_b4,2024-06-05 10:14:49,251,ALERGIA GRUPO BORRACHA,1970,7000
05-06-2024_10-22-20_p0036_s259_b4,2024-06-05 10:22:20,259,TER FUMAR SIM,2260,6110
28-02-2024_17-03-45_p0011_s153_b2,2024-02-28 17:03:45,153,REPETIR POR-FAVOR,800,4460
08-05-2024_10-04-23_p0030_s152_b2,2024-05-08 10:04:23,152,OBRIGADO,1980,3130
08-06-2024_10-19-23_p0031_s2_b1,2024-06-08 10:19:23,2,CONFUSÃO,1830,3200
30-04-2024_13-44-10_p0024,2024-04-30 13:44:10,148.3,C,2650,3240
05-03-2024_10-47-39_p0014_s80_b1,2024-03-05 10:47:39,80,SENTADO EM-PÉ,3770,7630
02-05-2024_15-43-06_p0026,2024-05-02 15:43:06,P18.1,ENJOAR O U VOMITAR,1880,8120
11-05-2024_09-29-45_p0034_s164_b3,2024-05-11 09:29:45,164,DEITAR CALMA PIOR,3380,7250
20-05-2024_12-34-31_p0034_s272_b4,2024-05-20 12:34:31,272,UM LATA TODO-DIA,2210,6110
07-05-2024_15-12-58_p0027_s61_b1,2024-05-07 15:12:58,61,PELE QUEIMAR,1140,5030
10-05-2024_15-13-57_p0033_s222_b4,2024-05-10 15:13:57,222,DOR-BARRIGA NENHUM,2880,4510
29-04-2024_11-55-02_p0029_s147_b2,2024-04-29 11:55:02,147,JEJUM,1670,4260
30-04-2024_13-53-20_p0024_s153_b2,2024-04-30 13:53:20,153,REPETIR POR-FAVOR,2320,4110
24-05-2024_19-15-37_p0031_s155_b2,2024-05-24 19:15:37,155,PARAR,1690,3600
18-04-2024_15-46-31_p0026,2024-04-18 15:46:31,148.6,F,2160,4370
18-06-2024_15-32-29_p0028_s147_b2,2024-06-18 15:32:29,147,JEJUM,1970,4190
11-06-2024_13-58-47_p0035_s91_b2,2024-06-11 13:58:47,91,DOR LADO-CABEÇA LADO-CABEÇA,1270,6630
18-03-2024_11-11-38_p0013_s213_b4,2024-03-18 11:11:38,213,CLARO,1300,4240
24-04-2024_15-35-26_p0027,2024-04-24 15:35:26,170.8,8,3150,4930
28-06-2024_15-18-57_p0035_s232_b4,2024-06-28 15:18:57,232,ANSIEDADE,1970,8600
31-01-2024_15-11-34_p13,2024-01-31 15:11:34,P17.3,VOCÊ JÁ VACINAR GRIPE,1540,6800
02-04-2024_15-53-24_p0021_s206_b3,2024-04-02 15:53:24,206,QUATRO VACINA,2680,6020
23-04-2024_11-34-35_p0024_s253_b4,2024-04-23 11:34:35,253,ALERGIA O V O OVO,1730,5850
19-03-2024_15-28-15_p0022_s135_b2,2024-03-19 15:28:15,135,ENGOLIR,4090,7290
10-05-2024_09-55-44_p0030,2024-05-10 09:55:44,P22.2,MOMENTO VOCÊ TOMAR-MEDICAMENTO SURGIR TER ALERGIA TER,2500,8600
24-07-2024_14-09-59_p0041_s8_b1,2024-07-24 14:09:59,8,DOR COSTAS,1560,5450
13-03-2024_16-00-32_p0014_s247_b4,2024-03-13 16:00:32,247,ALERGIA FLOR PÓLEN,2000,8050
31-01-2024_14-36-10_p13,2024-01-31 14:36:10,159,SUBIR-MORRO CORPO PIOR NÃO,2150,8900
16-07-2024_16-46-07_p0039_s262_b4,2024-07-16 16:46:07,262,DOIS ANO,2300,5270
23-05-2024_14-54-36_p0035,2024-05-23 14:54:36,170.4,4,1630,2630
29-04-2024_11-35-31_p0029_s104_b2,2024-04-29 11:35:31,104,DOR PERNA-DIREITA PERNA-ESQUERDA,2420,6110
10-05-2024_08-52-51_p0030_s186_b3,2024-05-10 08:52:51,186,COSTAS DOR ESPALHAR,3250,6220
20-03-2024_15-13-43_p0015_s186_b3,2024-03-20 15:13:43,186,COSTAS DOR ESPALHAR,2640,6910
20-05-2024_11-53-55_p0034_s71_b1,2024-05-20 11:53:55,71,2-HORA,2160,5160
02-05-2024_16-00-19_p0026_s248_b4,2024-05-02 16:00:19,248,ALERGIA CACHORRO,1440,5060
26-03-2024_16-20-15_p0022_s245_b4,2024-03-26 16:20:15,245,ÁCARO ALERGIA,4390,7570
22-02-2024_13-20-02_p0018_s7_b1,2024-02-22 13:20:02,7,DOR PEITO,2570,5570
19-07-2024_14-20-26_p0040_s137_b2,2024-07-19 14:20:26,137,ESTRESSE,2230,5780
26-08-2024_15-31-27_p0019_s42_b1,2024-08-26 15:31:27,42,COBRA PICAR,3240,5940
30-01-2024_14-46-15_p12,2024-01-30 14:46:15,131,PERÍODO MENSTRUAR,2620,4780
28-06-2024_15-10-06_p0035_s218_b4,2024-06-28 15:10:06,218,FEZES-LÍQUIDAS ESCURO,1210,5490
22-02-2024_14-25-08_p0018_s135_b2,2024-02-22 14:25:08,135,ENGOLIR,3570,7340
18-03-2024_11-14-29_p0013_s219_b4,2024-03-18 11:14:29,219,FEZES-LÍQUIDAS RESTOS COMIDA,1940,7690
03-05-2024_18-56-35_p0031,2024-05-03 18:56:35,P15.2,TOSSE COMO,1780,5830
08-04-2024_16-38-05_p0021_s17_b1,2024-04-08 16:38:05,17,CHIAR,1580,4500
28-06-2024_15-28-24_p0035_s253_b4,2024-06-28 15:28:24,253,ALERGIA O V O OVO,1420,6790
26-03-2024_15-45-40_p0022_s203_b3,2024-03-26 15:45:40,203,NÃO VACINAR COVID-19,1510,5530
16-07-2024_16-41-20_p0039_s255_b4,2024-07-16 16:41:20,255,ALERGIA CATEGORIA T R I G O FARINHA,2110,8890
03-05-2024_08-48-43_p0030_s55_b1,2024-05-03 08:48:43,55,VERMELHO NARIZ-SANGRAR GRIPE,2360,6570
22-02-2024_15-48-47_p0014_s201_b3,2024-02-22 15:48:47,201,CATARRO COLA VERMELHO,2570,6790
08-04-2024_16-19-17_p0021_s156_b2,2024-04-08 16:19:17,156,NÃO-ENTENDER,1470,4030
08-04-2024_16-43-54_p0021_s32_b1,2024-04-08 16:43:54,32,MANCHAS-PELE VERMELHO,1660,3960
15-05-2024_15-58-32_p0032,2024-05-15 15:58:32,P8.1,S I FAZER COISAS SENTIR DOR PIORAR,5870,14490
13-05-2024_15-58-43_p0028_s174_b3,2024-05-13 15:58:43,174,TRÊS-VEZES DIA,1260,4650
29-04-2024_16-11-22_p0024,2024-04-29 16:11:22,P21.2,USAR REMÉDIO,2330,5310
18-06-2024_15-35-18_p0028,2024-06-18 15:35:18,148.7,G,1810,2880
20-05-2024_12-05-57_p0034_s221_b4,2024-05-20 12:05:57,221,TER P U S MISTURAR AMARELO BRANCO MISTURAR,1670,8620
11-05-2024_09-49-58_p0034_s180_b3,2024-05-11 09:49:58,180,NUCA DOR ESPALHAR,2650,8390
24-07-2024_14-34-48_p0041_sP02_b1,2024-07-24 14:34:48,P2,QUANDO COMEÇAR ENTÃO,1850,6690
03-05-2024_18-34-41_p0031,2024-05-03 18:34:41,170.3,3,1520,4410
07-05-2024_15-14-29_p0027_s63_b1,2024-05-07 15:14:29,63,TIRO FURAR-BARRIGA,1510,4310
19-07-2024_14-27-46_p0040,2024-07-19 14:27:46,148.4,D,1330,2940
11-06-2024_14-17-35_p0035_sP07_b2,2024-06-11 14:17:35,P7,SENTIR JUNTO ITENS MAIS TER,1380,8620
19-07-2024_14-38-33_p0040_s152_b2,2024-07-19 14:38:33,152,OBRIGADO,5130,6930
19-07-2024_14-39-19_p0040_s154_b2,2024-07-19 14:39:19,154,PARAR,3370,5230
10-05-2024_09-51-24_p0030_s249_b4,2024-05-10 09:51:24,249,ALERGIA GATO,2140,5390
16-05-2024_14-39-59_p0034,2024-05-16 14:39:59,P6.4,DOR IGUAL QUEIMAR,3030,6990
08-05-2024_15-48-28_p0033_s181_b3,2024-05-08 15:48:28,181,PESCOÇO DOR ESPALHAR,7520,11970
06-05-2024_15-15-34_p0032_s212_b4,2024-05-06 15:15:34,212,FEZES-LÍQUIDAS,3010,5470
29-04-2024_12-02-22_p0029,2024-04-29 12:02:22,148.23,W,1940,4050
20-03-2024_15-03-10_p0015,2024-03-20 15:03:10,170.8,8,2550,3530
11-05-2024_09-55-51_p0034_s190_b3,2024-05-11 09:55:51,190,SIM APERTAR-BRAÇO DOER,4020,8260
03-05-2024_14-05-59_p0027_s101_b2,2024-05-03 14:05:59,101,DOR OMBROS,1190,5280
25-03-2024_16-23-15_p0020_s120_b2,2024-03-25 16:23:15,120,VER DOBRADO,1620,6540
08-04-2024_16-57-11_p0021_s66_b1,2024-04-08 16:57:11,66,VAGINA VERMELHO SANGRAR,2190,5580
26-04-2024_14-58-54_p0028_s53_b1,2024-04-26 14:58:54,53,XIXI VERMELHO,6240,9900
24-05-2024_19-02-16_p0031_s144_b2,2024-05-24 19:02:16,144,ÁGUA FRIO COLOCAR-BRAÇO,2920,6700
22-01-2024_16-47-13_p9,2024-01-22 16:47:13,172,VÁRIAS-VEZES,0,1980
22-02-2024_15-35-29_p0014_s178_b3,2024-02-22 15:35:29,178,CINCO ANO,2000,6170
07-03-2024_14-10-14_p0010,2024-03-07 14:10:14,148.3,C,1350,2080
24-05-2024_18-57-52_p0031_s132_b2,2024-05-24 18:57:52,132,NARIZ ESPIRRAR,1570,4530
18-03-2024_11-29-00_p0013_s251_b4,2024-03-18 11:29:00,251,ALERGIA GRUPO BORRACHA,1840,7260
02-05-2024_15-48-43_p0026_s221_b4,2024-05-02 15:48:43,221,TER P U S MISTURAR AMARELO BRANCO MISTURAR,1380,7960
02-04-2024_15-04-42_p0021,2024-04-02 15:04:42,P9.4,TOMAR-BANHO FÍSICO PIOR,2870,7710
02-05-2024_15-19-56_p0026_s201_b3,2024-05-02 15:19:56,201,CATARRO COLA VERMELHO,1380,5570
20-05-2024_12-04-16_p0034_s217_b4,2024-05-20 12:04:16,217,FEZES-LÍQUIDAS BRANCO,3290,6890
27-03-2024_15-05-26_p0015_s87_b2,2024-03-27 15:05:26,87,SIM,2090,3890
24-04-2024_16-22-06_p0027,2024-04-24 16:22:06,P21.2,USAR REMÉDIO,3120,6080
19-06-2024_16-45-04_p0023_s65_b1,2024-06-19 16:45:04,65,NASCER VIVO,2240,5440
10-05-2024_16-34-01_p0033_s29_b1,2024-05-10 16:34:01,29,INCHAR,1510,4010
05-03-2024_10-21-53_p0014_s2_b1,2024-03-05 10:21:53,2,CONFUSÃO,2970,5650
26-08-2024_15-29-25_p0019_s37_b1,2024-08-26 15:29:25,37,VERMELHO SANGUE DOCE BAIXO-ALTO,2900,8390
26-03-2024_16-17-22_p0022_s235_b4,2024-03-26 16:17:22,235,OBESIDADE,2330,4830
08-04-2024_16-28-52_p0021_s1_b1,2024-04-08 16:28:52,1,CONFUSÃO-MENTAL PERCEPÇÃO ESQUECER,1970,6070
18-04-2024_10-21-10_p0025_s35_b1,2024-04-18 10:21:10,35,ARREPIAR FRIO,2040,5420
25-03-2024_16-35-33_p0020_s147_b2,2024-03-25 16:35:33,147,JEJUM,1290,4680
08-05-2024_09-58-23_p0030,2024-05-08 09:58:23,148.8,H,2290,3680
24-07-2024_15-25-25_p0041_s271_b4,2024-07-24 15:25:25,271,CHAMPANHE,1810,4240
05-06-2024_15-01-53_p0037_s210_b4,2024-06-05 15:01:53,210,MOLE,2020,4830
03-04-2024_15-42-19_p0023_s225_b4,2024-04-03 15:42:19,225,ARRITMIA,2730,8000
19-06-2024_16-42-37_p0023_s59_b1,2024-06-19 16:42:37,59,TRAUMA,2170,4220
05-03-2024_10-41-03_p0014_s61_b1,2024-03-05 10:41:03,61,PELE QUEIMAR,2390,5540
22-02-2024_15-50-32_p0014_s204_b3,2024-02-22 15:50:32,204,DOIS VACINA,2660,6390
03-05-2024_14-07-26_p0027,2024-05-03 14:07:26,P6.2,COMO DOR,2140,6100
20-05-2024_11-30-40_p0034_s25_b1,2024-05-20 11:30:40,25,FEZES ESCURO,2510,5950
08-04-2024_16-52-29_p0021_s57_b1,2024-04-08 16:52:29,57,TONTEIRA,1540,4300
30-04-2024_13-48-18_p0024,2024-04-30 13:48:18,148.17,Q,2760,4260
23-04-2024_15-20-52_p0026_s43_b1,2024-04-23 15:20:52,43,ESCORPIÃO PICAR,2910,4140
08-04-2024_15-36-34_p0021_s101_b2,2024-04-08 15:36:34,101,DOR OMBROS,1930,5760
22-02-2024_11-43-14_p0017_s232_b4,2024-02-22 11:43:14,232,ANSIEDADE,1720,5780
16-07-2024_16-54-48_p0039,2024-07-16 16:54:48,P24.3,QUANTOS BEBIDA,3150,6770
02-05-2024_16-16-43_p0026_s278_b4,2024-05-02 16:16:43,278,UMA-DOSE TOMAR TODO-DIA,960,4860
20-05-2024_16-00-22_p0023,2024-05-20 16:00:22,148.1,A,1640,3710
03-05-2024_18-21-43_p0031,2024-05-03 18:21:43,P9.2,SUBIR-MORRO FÍSICO PIOR,2700,6980
15-05-2024_15-27-32_p0032_s94_b2,2024-05-15 15:27:32,94,DOR OUVIDO-DIREITO OUVIDO-ESQUERDO,3190,9950
19-06-2024_10-15-48_p0036_s56_b1,2024-06-19 10:15:48,56,VERMELHO FEZES,2620,6530
13-03-2024_15-29-28_p0014,2024-03-13 15:29:28,148.22,V,1540,2930
18-04-2024_15-54-09_p0026_s157_b2,2024-04-18 15:54:09,157,CONTINUAR,1770,4410
23-04-2024_11-41-17_p0024_s263_b4,2024-04-23 11:41:17,263,DEZ ANO,1140,3760
03-05-2024_18-48-17_p0031_s183_b3,2024-05-03 18:48:17,183,DOR ESPALHAR OMBRO,1710,7720
23-04-2024_11-26-38_p0024_s230_b4,2024-04-23 11:26:38,230,DEPRESSÃO,1470,5200
22-02-2024_14-22-32_p0018_s127_b2,2024-02-22 14:22:32,127,COMER COISAS ÓLEO,1600,6690
17-06-2024_15-34-50_p0019,2024-06-17 15:34:50,148.13,M,1790,4720
02-05-2024_14-55-23_p0026,2024-05-02 14:55:23,170.6,6,1430,3950
05-06-2024_09-48-58_p0036_s215_b4,2024-06-05 09:48:58,215,FEZES-LÍQUIDAS BORBULHAR,2210,7540
13-03-2024_16-08-40_p0014_s261_b4,2024-03-13 16:08:40,261,UM ANO,1920,4440
10-05-2024_15-32-50_p0033_s248_b4,2024-05-10 15:32:50,248,ALERGIA CACHORRO,3260,4770
26-02-2024_15-39-28_p0019_s226_b4,2024-02-26 15:39:28,226,PRESSÃO ALTO,2760,5720
18-04-2024_15-46-44_p0026,2024-04-18 15:46:44,148.7,G,2060,4340
21-02-2024_11-43-40_p0013_s41_b1,2024-02-21 11:43:40,41,GATO MORDER,3030,5110
07-05-2024_14-09-14_p0027_s212_b4,2024-05-07 14:09:14,212,FEZES-LÍQUIDAS,2670,4490
19-06-2024_16-30-45_p0023_s30_b1,2024-06-19 16:30:45,30,FERIR PELE,2020,5080
03-05-2024_08-33-45_p0030_s19_b1,2024-05-03 08:33:45,19,PALPITAÇÃO,2430,3940
19-06-2024_16-27-10_p0023_s21_b1,2024-06-19 16:27:10,21,EVACUAR-ESPALHAR,2840,5590
29-04-2024_16-30-29_p0024_s13_b1,2024-04-29 16:30:29,13,DOR PERNA,2180,7590
16-07-2024_16-26-19_p0039,2024-07-16 16:26:19,P19.1,VOCÊ JÁ FAZER TRATAMENTO ALGUM DOENÇA ENTÃO,3310,12170
18-06-2024_16-06-21_p0028,2024-06-18 16:06:21,P18.1,ENJOAR O U VOMITAR,2030,6900
13-05-2024_16-38-32_p0028_s242_b3,2024-05-13 16:38:32,242,EU USAR REMÉDIO,1170,4320
18-06-2024_15-36-41_p0028,2024-06-18 15:36:41,148.11,K,2410,3920
08-06-2024_10-40-12_p0031_s57_b1,2024-06-08 10:40:12,57,TONTEIRA,1810,3430
27-05-2024_16-42-49_p0032_s29_b1,2024-05-27 16:42:49,29,INCHAR,2160,4460
06-05-2024_15-52-43_p0032_s256_b4,2024-05-06 15:52:43,256,ALERGIA AMENDOIM,2280,5820
02-05-2024_16-14-40_p0026_s272_b4,2024-05-02 16:14:40,272,UM LATA TODO-DIA,1170,4460
02-05-2024_15-48-21_p0026_s220_b4,2024-05-02 15:48:21,220,TER M U C O COLA,1180,5820
20-05-2024_11-55-39_p0034_s74_b1,2024-05-20 11:55:39,74,BEBER,2680,5160
27-05-2024_17-03-49_p0032_s78_b1,2024-05-27 17:03:49,78,CALADO DEITADO,2000,4830
17-06-2024_15-35-46_p0019,2024-06-17 15:35:46,148.16,P,2800,5360
02-05-2024_14-53-48_p0026,2024-05-02 14:53:48,170.1,1,1370,3660
28-02-2024_16-59-17_p0011,2024-02-28 16:59:17,148.21,U,930,4110
30-01-2024_15-09-10_p12,2024-01-30 15:09:10,150,ENTENDER,3800,6150
29-04-2024_16-46-37_p0024_s35_b1,2024-04-29 16:46:37,35,ARREPIAR FRIO,2000,4750
24-04-2024_15-58-39_p0027,2024-04-24 15:58:39,P15.1,TER TOSSE,3760,6790
24-04-2024_15-32-19_p0027,2024-04-24 15:32:19,170.1,1,4140,6560
28-06-2024_15-16-32_p0035_s227_b4,2024-06-28 15:16:32,227,ASMA,1320,6490
25-03-2024_15-29-34_p0020_s218_b4,2024-03-25 15:29:34,218,FEZES-LÍQUIDAS ESCURO,1550,4350
11-05-2024_10-04-02_p0034_s200_b3,2024-05-11 10:04:02,200,CATARRO COLA VERDE,3770,7310
13-03-2024_16-08-20_p0014,2024-03-13 16:08:20,P23.2,TOTAL TEMPO QUANTO,1810,5470
31-01-2024_15-13-37_p13,2024-01-31 15:13:37,243,NÃO TRAZER RECEITA REMÉDIO NENHUM,900,6570
22-02-2024_15-39-32_p0014_s183_b3,2024-02-22 15:39:32,183,DOR ESPALHAR OMBRO,1900,7720
27-05-2024_16-00-26_p0032_s198_b3,2024-05-27 16:00:26,198,CATARRO COLA BRANCO,1640,7580
24-05-2024_18-41-22_p0031_s107_b2,2024-05-24 18:41:22,107,DOR PROFUNDO,1300,5340
20-05-2024_11-23-05_p0034_s8_b1,2024-05-20 11:23:05,8,DOR COSTAS,2920,6300
26-04-2024_14-33-07_p0028_s6_b1,2024-04-26 14:33:07,6,DOR PESCOÇO,3730,7690
09-05-2024_14-27-07_p0033,2024-05-09 14:27:07,P6.2,COMO DOR,2830,6320
16-04-2024_10-22-21_p0025_s214_b4,2024-04-16 10:22:21,214,FEZES-LÍQUIDAS BRILHANTE,2080,4340
12-03-2024_14-32-07_p0022_s41_b1,2024-03-12 14:32:07,41,GATO MORDER,2450,5420
21-02-2024_15-27-01_p0016_s108_b2,2024-02-21 15:27:01,108,DOR LEVE,2150,6240
17-06-2024_15-30-49_p0019,2024-06-17 15:30:49,148.2,B,1860,4240
16-05-2024_14-38-40_p0034_s116_b2,2024-05-16 14:38:40,116,DOR APERTAR PONTADA,2300,7270
26-04-2024_14-32-25_p0028_s4_b1,2024-04-26 14:32:25,4,CONVULSÃO ENROLAR-LÍNGUA,2510,6320
23-05-2024_14-53-55_p0035,2024-05-23 14:53:55,170.2,2,1840,2490
19-03-2024_15-08-48_p0022,2024-03-19 15:08:48,P6.2,COMO DOR,2900,6440
22-04-2024_09-18-12_p0025,2024-04-22 09:18:12,170.2,2,1390,3460
26-03-2024_15-07-13_p0022_s166_b3,2024-03-26 15:07:13,166,SUBIR-ESCADA CORPO PIOR,3380,9190
13-05-2024_15-57-44_p0028,2024-05-13 15:57:44,P11.2,SENTIR DOR OUTRAS-VEZES DIVERSAS-VEZES ENTÃO,4100,10360
17-07-2024_14-22-53_p0041_s107_b2,2024-07-17 14:22:53,107,DOR PROFUNDO,1720,5450
20-05-2024_12-19-33_p0034_s249_b4,2024-05-20 12:19:33,249,ALERGIA GATO,2860,6900
18-03-2024_15-43-44_p0020_s69_b1,2024-03-18 15:43:44,69,30 MINUTO,1270,4140
28-06-2024_14-38-15_p0035_s75_b1,2024-06-28 14:38:15,75,TOSSIR,1250,2710
12-03-2024_14-29-45_p0022_s35_b1,2024-03-12 14:29:45,35,ARREPIAR FRIO,2310,5580
08-05-2024_10-00-52_p0030,2024-05-08 10:00:52,148.17,Q,2050,3350
28-06-2024_15-20-06_p0035_s235_b4,2024-06-28 15:20:06,235,OBESIDADE,1150,4310
03-04-2024_15-31-02_p0023,2024-04-03 15:31:02,P18.2,VOCÊ FEZES MOLE,2980,6200
13-03-2024_15-26-02_p0014,2024-03-13 15:26:02,148.9,I,2370,3430
19-06-2024_16-18-33_p0023_s6_b1,2024-06-19 16:18:33,6,DOR PESCOÇO,2250,5500
28-02-2024_16-44-39_p0011_s133_b2,2024-02-28 16:44:39,133,MASTIGAR,1730,6510
27-03-2024_15-02-30_p0015_s83_b2,2024-03-27 15:02:30,83,UM-DIA,2080,4990
08-06-2024_10-32-12_p0031_s38_b1,2024-06-08 10:32:12,38,TENTAR SUICIDAR,1650,3660
05-06-2024_10-09-08_p0036_s238_b4,2024-06-05 10:09:08,238,SUAR TIREÓIDE DIMINUIR,2390,7810
05-06-2024_15-07-04_p0037_s220_b4,2024-06-05 15:07:04,220,TER M U C O COLA,1940,6320
29-04-2024_11-50-09_p0029_s134_b2,2024-04-29 11:50:09,134,MASTIGAR,1540,4920
10-05-2024_16-38-56_p0033_s39_b1,2024-05-10 16:38:56,39,MORDER,1800,4190
27-05-2024_16-51-35_p0032_s48_b1,2024-05-27 16:51:35,48,XIXI VAZAR,1930,5000
24-01-2024_17-10-19_p10,2024-01-24 17:10:19,227,ASMA,2500,4850
16-04-2024_10-24-31_p0025_s218_b4,2024-04-16 10:24:31,218,FEZES-LÍQUIDAS ESCURO,1850,3860
10-05-2024_08-59-41_p0030,2024-05-10 08:59:41,P15.1,TER TOSSE,3300,5920
13-03-2024_15-56-32_p0014_s235_b4,2024-03-13 15:56:32,235,OBESIDADE,1660,4910
26-08-2024_15-46-02_p0019_s68_b1,2024-08-26 15:46:02,68,15 MINUTO,2160,4560
18-06-2024_14-51-00_p0028_s82_b2,2024-06-18 14:51:00,82,SEIS HORAS,3280,5750
16-05-2024_15-00-04_p0034_s141_b2,2024-05-16 15:00:04,141,MEXER-PESCOÇO,3800,6590
26-03-2024_15-46-01_p0022,2024-03-26 15:46:01,P17.2,QUANTOS VACINAR,2400,5990
24-04-2024_15-46-59_p0027_s180_b3,2024-04-24 15:46:59,180,NUCA DOR ESPALHAR,4310,9470
16-04-2024_10-45-31_p0025_s258_b4,2024-04-16 10:45:31,258,ALERGIA NENHUM,1800,4640
07-05-2024_15-07-53_p0027_s46_b1,2024-05-07 15:07:53,46,PROBLEMA OUVIDOS,1660,5340
16-07-2024_16-17-49_p0039_s212_b4,2024-07-16 16:17:49,212,FEZES-LÍQUIDAS,2590,5330
24-07-2024_14-25-47_p0041_s46_b1,2024-07-24 14:25:47,46,PROBLEMA OUVIDOS,1990,6590
23-04-2024_15-32-12_p0026_s71_b1,2024-04-23 15:32:12,71,2-HORA,1870,3400
26-02-2024_16-06-23_p0019_s262_b4,2024-02-26 16:06:23,262,DOIS ANO,2300,5070
09-05-2024_15-16-13_p0033_s150_b2,2024-05-09 15:16:13,150,ENTENDER,2060,4780
27-05-2024_15-29-18_p0032,2024-05-27 15:29:18,170.4,4,1870,4850
07-03-2024_13-49-19_p0010_s103_b2,2024-03-07 13:49:19,103,DOR JOELHO-DIREITO JOELHO-ESQUERDO,1280,3850
18-04-2024_10-12-40_p0025_s14_b1,2024-04-18 10:12:40,14,DOR PERNA ATRÁS,2580,8250
24-07-2024_14-13-20_p0041_s17_b1,2024-07-24 14:13:20,17,CHIAR,1840,6870
18-06-2024_14-57-40_p0028_s90_b2,2024-06-18 14:57:40,90,DOR OUVIDO,2100,3920
24-05-2024_18-58-48_p0031_s135_b2,2024-05-24 18:58:48,135,ENGOLIR,2040,5020
08-04-2024_16-31-14_p0021_s5_b1,2024-04-08 16:31:14,5,CABEÇA DOR,2020,3960
03-05-2024_08-39-36_p0030_s35_b1,2024-05-03 08:39:36,35,ARREPIAR FRIO,2680,4770
11-06-2024_14-15-25_p0035,2024-06-11 14:15:25,P6.3,DOR IGUAL PESO,3120,8140
05-06-2024_09-58-37_p0036,2024-06-05 09:58:37,P18.5,VOCÊ BARRIGA DOR ENTÃO,2780,9670
10-05-2024_09-53-42_p0030_s254_b4,2024-05-10 09:53:42,254,ALERGIA COMER CATEGORIA ÁGUA-MAR,2760,8570
29-04-2024_16-45-08_p0024_s33_b1,2024-04-29 16:45:08,33,COÇAR,1670,5200
26-03-2024_14-59-43_p0022,2024-03-26 14:59:43,P9.2,SUBIR-MORRO FÍSICO PIOR,2150,8010
21-02-2024_15-20-15_p0016,2024-02-21 15:20:15,P6.1,ONDE DOR,1670,4710
05-03-2024_10-44-36_p0014_s70_b1,2024-03-05 10:44:36,70,1-HORA,4040,6220
17-06-2024_15-33-24_p0019,2024-06-17 15:33:24,148.9,I,1490,4250
28-06-2024_15-51-26_p0035_s283_b4,2024-06-28 15:51:26,283,UM COPO UMA-VEZ SEMANA,1520,7310
29-04-2024_16-53-27_p0024_s52_b1,2024-04-29 16:53:27,52,XIXI ESPUMAR,2320,6980
10-05-2024_15-42-19_p0033_s260_b4,2024-05-10 15:42:19,260,NÃO FUMAR,2640,4070
05-06-2024_09-51-28_p0036_s219_b4,2024-06-05 09:51:28,219,FEZES-LÍQUIDAS RESTOS COMIDA,1810,6740
20-05-2024_15-47-54_p0023_s130_b2,2024-05-20 15:47:54,130,CORPO ESFORÇAR,2070,6900
26-02-2024_15-47-13_p0019_s235_b4,2024-02-26 15:47:13,235,OBESIDADE,4040,6980
10-05-2024_09-44-21_p0030_s228_b4,2024-05-10 09:44:21,228,AIDS,1850,4470
21-02-2024_16-10-26_p0016_s149_b2,2024-02-21 16:10:26,149,DEVAGAR,1390,4360
19-03-2024_15-35-01_p0022_s143_b2,2024-03-19 15:35:01,143,DEITAR,4850,7480
02-05-2024_16-17-00_p0026_s279_b4,2024-05-02 16:17:00,279,DUAS-DOSES TOMAR DUAS-VEZES SEMANA,1100,6320
16-05-2024_14-40-57_p0034,2024-05-16 14:40:57,P6.6,DOR IGUAL SENTIR CHOQUE,2360,7170
10-05-2024_16-05-42_p0033_s272_b4,2024-05-10 16:05:42,272,UM LATA TODO-DIA,2560,5150
13-03-2024_15-11-50_p0014_s123_b2,2024-03-13 15:11:50,123,ZUMBIDO OUVIDO,3590,6300
11-03-2024_16-02-28_p0020_s194_b3,2024-03-11 16:02:28,194,TOSSE SECO,2070,4670
25-03-2024_16-39-06_p0020,2024-03-25 16:39:06,148.11,K,1040,3930
13-03-2024_15-55-49_p0014_s233_b4,2024-03-13 15:55:49,233,A V C,2880,5480
28-06-2024_14-25-18_p0035_s51_b1,2024-06-28 14:25:18,51,XIXI ESCURO,1790,4270
28-02-2024_16-22-46_p0011_s106_b2,2024-02-28 16:22:46,106,DOR PULSAR,1010,7610
05-03-2024_10-22-09_p0014_s3_b1,2024-03-05 10:22:09,3,MUDAR COMPORTAMENTO,6120,8870
19-07-2024_14-34-30_p0040,2024-07-19 14:34:30,148.20,T,1870,3910
18-04-2024_15-30-29_p0026_s111_b2,2024-04-18 15:30:29,111,DOR PESO,1650,5590
16-07-2024_16-14-37_p0039_s209_b4,2024-07-16 16:14:37,209,NENHUM VONTADE NADA VOMITAR,1700,5770
26-08-2024_15-27-57_p0019_s35_b1,2024-08-26 15:27:57,35,ARREPIAR FRIO,2900,5960
18-04-2024_15-33-42_p0026_sP07_b2,2024-04-18 15:33:42,P7,SENTIR JUNTO ITENS MAIS TER,2080,9730
19-07-2024_15-33-15_p0040_s40_b1,2024-07-19 15:33:15,40,CACHORRO MORDER,1830,5650
08-04-2024_15-48-04_p0021_s120_b2,2024-04-08 15:48:04,120,VER DOBRADO,1830,5670
25-03-2024_15-51-24_p0020_s260_b4,2024-03-25 15:51:24,260,NÃO FUMAR,1500,3570
25-03-2024_16-08-36_p0020_s87_b2,2024-03-25 16:08:36,87,SIM,1180,3540
20-03-2024_15-19-57_p0015_s194_b3,2024-03-20 15:19:57,194,TOSSE SECO,2400,4780
10-05-2024_15-33-24_p0033_s249_b4,2024-05-10 15:33:24,249,ALERGIA GATO,2210,3750
29-02-2024_14-04-13_p0010_s44_b1,2024-02-29 14:04:13,44,PRESSÃO-ARTERIAL ALTO-BAIXO,1370,4360
31-01-2024_14-50-49_p13,2024-01-31 14:50:49,170.4,4,2130,4030
22-02-2024_15-59-31_p0014_s241_b3,2024-02-22 15:59:31,241,TRAZER RECEITA REMÉDIO,3750,7720
15-05-2024_15-34-37_p0032_s105_b2,2024-05-15 15:34:37,105,DOR TESTÍCULOS,2760,10130
11-03-2024_15-39-46_p0020,2024-03-11 15:39:46,170.8,8,1350,3050
27-05-2024_16-40-32_p0032_s23_b1,2024-05-27 16:40:32,23,TONTURA-ENJOO,2080,4360
30-04-2024_13-37-59_p0024_s141_b2,2024-04-30 13:37:59,141,MEXER-PESCOÇO,1740,4610
29-02-2024_13-50-22_p0010_s24_b1,2024-02-29 13:50:22,24,VOMITAR,2220,3770
24-05-2024_19-03-07_p0031_s146_b2,2024-05-24 19:03:07,146,REMÉDIO,1380,4160
07-03-2024_14-15-49_p0010_s151_b2,2024-03-07 14:15:49,151,OBRIGADO,1220,2560
17-06-2024_15-10-40_p0019,2024-06-17 15:10:40,P6.3,DOR IGUAL PESO,1540,6380
28-02-2024_16-53-52_p0011,2024-02-28 16:53:52,148.3,C,4460,7320
03-05-2024_14-20-47_p0027_s145_b2,2024-05-03 14:20:47,145,ÁGUA QUENTE COLOCAR-BRAÇO,1630,6570
08-05-2024_09-57-41_p0030,2024-05-08 09:57:41,148.6,F,1910,2980
03-05-2024_18-58-00_p0031_s196_b3,2024-05-03 18:58:00,196,TOSSE CATARRO COLA,1630,5870
03-05-2024_14-10-26_p0027_s113_b2,2024-05-03 14:10:26,113,DOR PONTADA,1750,5760
26-03-2024_15-34-45_p0022_s188_b3,2024-03-26 15:34:45,188,DOR PERNAS-ESPALHAR APONTAR-COXA,1740,7030
19-06-2024_10-00-27_p0036_s25_b1,2024-06-19 10:00:27,25,FEZES ESCURO,2150,5840
22-02-2024_13-41-55_p0018_s55_b1,2024-02-22 13:41:55,55,VERMELHO NARIZ-SANGRAR GRIPE,2540,6410
20-05-2024_11-27-12_p0034_s17_b1,2024-05-20 11:27:12,17,CHIAR,2090,5430
18-06-2024_16-19-13_p0028,2024-06-18 16:19:13,P18.5,VOCÊ BARRIGA DOR ENTÃO,1880,7050
16-04-2024_10-38-48_p0025_s245_b4,2024-04-16 10:38:48,245,ÁCARO ALERGIA,2870,6240
28-06-2024_14-06-16_p0035_s1_b1,2024-06-28 14:06:16,1,CONFUSÃO-MENTAL PERCEPÇÃO ESQUECER,2670,6350
26-08-2024_15-23-28_p0019_s23_b1,2024-08-26 15:23:28,23,TONTURA-ENJOO,2000,5750
05-03-2024_10-34-41_p0014_s40_b1,2024-03-05 10:34:41,40,CACHORRO MORDER,2340,5050
20-03-2024_15-00-41_p0015,2024-03-20 15:00:41,170.2,2,1980,3080
19-06-2024_10-12-17_p0036_s49_b1,2024-06-19 10:12:17,49,XIXI POUCO,2720,6780
24-04-2024_15-45-08_p0027,2024-04-24 15:45:08,P11.5,PERÍODO DOR TER AUMENTAR,3800,9420
24-07-2024_14-13-42_p0041_s18_b1,2024-07-24 14:13:42,18,DIFÍCIL RESPIRAR,1820,6980
29-04-2024_16-59-40_p0024_s65_b1,2024-04-29 16:59:40,65,NASCER VIVO,2020,6360
21-02-2024_15-32-16_p0016_s116_b2,2024-02-21 15:32:16,116,DOR APERTAR PONTADA,1550,6590
20-05-2024_11-57-42_p0034_s79_b1,2024-05-20 11:57:42,79,SENTADO,2710,5580
26-03-2024_16-30-43_p0022,2024-03-26 16:30:43,P24.1,BEBIDA ÁLCOOL VOCÊ BEBER VOCÊ,2450,6900
20-05-2024_11-35-49_p0034_s36_b1,2024-05-20 11:35:49,36,SUAR SUAR SUAR,2390,5780
16-07-2024_16-16-31_p0039,2024-07-16 16:16:31,P18.3,COMO FEZES COMO,1660,5120
25-03-2024_16-10-19_p0020_s92_b2,2024-03-25 16:10:19,92,DOR TESTA,1120,4850
28-02-2024_16-54-13_p0011,2024-02-28 16:54:13,148.4,D,2610,5300
16-07-2024_16-35-51_p0039_s240_b4,2024-07-16 16:35:51,240,VÍCIO FUMAR,2080,5090
16-05-2024_15-15-50_p0034_s154_b2,2024-05-16 15:15:50,154,PARAR,2650,4400
07-05-2024_14-33-43_p0027_s265_b4,2024-05-07 14:33:43,265,VINHO,2040,3650
26-02-2024_16-09-10_p0019_s266_b4,2024-02-26 16:09:10,266,DOSE ÁLCOOL,2200,5890
25-03-2024_16-39-39_p0020,2024-03-25 16:39:39,148.13,M,1220,4860
17-07-2024_14-24-55_p0041_s112_b2,2024-07-17 14:24:55,112,DOR QUEIMAR,2740,6690
11-05-2024_10-05-03_p0034_s202_b3,2024-05-11 10:05:03,202,CATARRO COLA SANGUE PONTOS,3450,8880
19-03-2024_15-32-12_p0022_s139_b2,2024-03-19 15:32:12,139,BRAÇO MEXER-BRAÇO,2680,7120
17-07-2024_14-40-29_p0041_s143_b2,2024-07-17 14:40:29,143,DEITAR,3590,5360
24-01-2024_17-22-03_p10,2024-01-24 17:22:03,249,ALERGIA GATO,3220,5950
16-05-2024_14-50-18_p0034_s126_b2,2024-05-16 14:50:18,126,BEBER ÁLCOOL,5470,7270
13-05-2024_15-52-14_p0028,2024-05-13 15:52:14,170.5,5,1120,3580
08-04-2024_15-43-43_p0021_s116_b2,2024-04-08 15:43:43,116,DOR APERTAR PONTADA,1560,6070
17-07-2024_14-34-39_p0041_s131_b2,2024-07-17 14:34:39,131,PERÍODO MENSTRUAR,3270,5700
08-05-2024_10-02-17_p0030,2024-05-08 10:02:17,148.22,V,1970,3410
22-04-2024_09-35-20_p0025_s192_b3,2024-04-22 09:35:20,192,FICAR-EM-PÉ SENTAR DEITAR DOR PIORAR SIM,1500,8820
07-03-2024_14-18-52_p0010_s157_b2,2024-03-07 14:18:52,157,CONTINUAR,1460,2850
24-07-2024_14-37-42_p0041_s74_b1,2024-07-24 14:37:42,74,BEBER,2070,5040
18-03-2024_15-30-12_p0020_s39_b1,2024-03-18 15:30:12,39,MORDER,1310,4460
29-04-2024_11-33-56_p0029_s100_b2,2024-04-29 11:33:56,100,DOR VIRILHA,1770,5030
05-06-2024_15-44-58_p0037_s282_b4,2024-06-05 15:44:58,282,UM COPO CHEIO TODO-DIA,1420,6880
18-04-2024_15-47-23_p0026,2024-04-18 15:47:23,148.10,J,1650,4310
12-03-2024_10-15-32_p0021,2024-03-12 10:15:32,P18.3,COMO FEZES COMO,2470,5810
22-02-2024_11-38-44_p0017_s220_b4,2024-02-22 11:38:44,220,TER M U C O COLA,1650,5670
19-03-2024_15-19-28_p0022_s122_b2,2024-03-19 15:19:28,122,TODA-HORA URINAR,5230,8930
12-03-2024_14-48-29_p0022_s79_b1,2024-03-12 14:48:29,79,SENTADO,6290,8760
20-05-2024_11-45-30_p0034_s54_b1,2024-05-20 11:45:30,54,VERMELHO SANGRAR-BOCA,2670,6680
11-05-2024_09-25-07_p0034,2024-05-11 09:25:07,P9.3,PLANO ANDAR FÍSICO PIOR,3300,8160
13-03-2024_15-46-30_p0014_s217_b4,2024-03-13 15:46:30,217,FEZES-LÍQUIDAS BRANCO,2700,5750
26-03-2024_15-20-59_p0022_s176_b3,2024-03-26 15:20:59,176,TRÊS-MESES,1760,5250
10-05-2024_09-52-42_p0030_s252_b4,2024-05-10 09:52:42,252,ALERGIA LEITE,1890,5520
23-05-2024_14-59-21_p0035,2024-05-23 14:59:21,P11.2,SENTIR DOR OUTRAS-VEZES DIVERSAS-VEZES ENTÃO,4340,9760
27-05-2024_15-29-00_p0032,2024-05-27 15:29:00,170.3,3,1630,4330
23-05-2024_15-23-05_p0035_s208_b3,2024-05-23 15:23:05,208,NÃO TRAZER CARTÃO-DE-VACINA NENHUM,1940,6570
30-04-2024_13-04-24_p0024_s87_b2,2024-04-30 13:04:24,87,SIM,2340,3500
29-04-2024_12-03-09_p0029,2024-04-29 12:03:09,148.26,Z,1990,4580
18-04-2024_10-29-57_p0025_s56_b1,2024-04-18 10:29:57,56,VERMELHO FEZES,1830,5650
18-04-2024_10-09-44_p0025_s6_b1,2024-04-18 10:09:44,6,DOR PESCOÇO,1290,5580
20-05-2024_11-56-01_p0034_s75_b1,2024-05-20 11:56:01,75,TOSSIR,2990,6070
23-05-2024_15-13-23_p0035_sP14_b3,2024-05-23 15:13:23,P14,TER DOR FEBRE CALAFRIOS ESPIRRAR O U SECREÇÃO-NASAL COLA,2640,13590
27-05-2024_15-12-42_p0032_s162_b3,2024-05-27 15:12:42,162,TOMAR-BANHO CORPO PIOR,2070,7500
28-06-2024_14-11-09_p0035_s14_b1,2024-06-28 14:11:09,14,DOR PERNA ATRÁS,1700,7440
23-04-2024_11-40-57_p0024_s262_b4,2024-04-23 11:40:57,262,DOIS ANO,3290,5840
05-06-2024_10-03-55_p0036_s228_b4,2024-06-05 10:03:55,228,AIDS,2310,5190
07-05-2024_14-04-02_p0027,2024-05-07 14:04:02,P18.1,ENJOAR O U VOMITAR,2290,6210
19-06-2024_10-29-03_p0036_s78_b1,2024-06-19 10:29:03,78,CALADO DEITADO,1980,5670
29-04-2024_11-51-45_p0029_s139_b2,2024-04-29 11:51:45,139,BRAÇO MEXER-BRAÇO,1710,5770
15-05-2024_16-51-09_p0032,2024-05-15 16:51:09,148.26,Z,1950,6700
20-03-2024_15-22-47_p0015_s196_b3,2024-03-20 15:22:47,196,TOSSE CATARRO COLA,2710,5980
26-08-2024_15-41-30_p0019_s59_b1,2024-08-26 15:41:30,59,TRAUMA,3290,6050
29-04-2024_16-39-46_p0024_s23_b1,2024-04-29 16:39:46,23,TONTURA-ENJOO,2550,6660
08-05-2024_15-14-43_p0033_s160_b3,2024-05-08 15:14:43,160,PLANO ANDAR CORPO PIOR,3790,8950
24-05-2024_18-59-15_p0031_s136_b2,2024-05-24 18:59:15,136,ANDAR,1830,4150
16-07-2024_16-54-23_p0039_s271_b4,2024-07-16 16:54:23,271,CHAMPANHE,3570,6310
28-06-2024_14-38-32_p0035_s76_b1,2024-06-28 14:38:32,76,LIMPAR CASA,1500,3620
19-06-2024_16-32-58_p0023_s37_b1,2024-06-19 16:32:58,37,VERMELHO SANGUE DOCE BAIXO-ALTO,2230,7860
29-04-2024_16-37-23_p0024_s20_b1,2024-04-29 16:37:23,20,TONTURA CAIR-PESSOA,3250,9280
07-03-2024_13-44-02_p0010_s89_b2,2024-03-07 13:44:02,89,DOR LADO-CABEÇA,1930,5090
08-05-2024_10-00-34_p0030,2024-05-08 10:00:34,148.16,P,2180,3580
26-08-2024_15-35-37_p0019_s51_b1,2024-08-26 15:35:37,51,XIXI ESCURO,3580,6850
24-01-2024_17-22-44_p10,2024-01-24 17:22:44,251,ALERGIA GRUPO BORRACHA,2820,6430
26-03-2024_15-37-30_p0022,2024-03-26 15:37:30,P13.2,MOMENTO FICAR-EM-PÉ SENTAR DEITAR DOR PIORAR,2030,10960
19-03-2024_15-14-59_p0022,2024-03-19 15:14:59,P6.5,DOR IGUAL FINCADA,2790,8530
05-06-2024_10-29-03_p0036_s268_b4,2024-06-05 10:29:03,268,UÍSQUE,2010,4670
10-05-2024_09-03-53_p0030_s198_b3,2024-05-10 09:03:53,198,CATARRO COLA BRANCO,3330,6450
08-05-2024_09-46-19_p0030_s121_b2,2024-05-08 09:46:19,121,VER MANCHAS,1900,4310
20-03-2024_15-11-33_p0015_s181_b3,2024-03-20 15:11:33,181,PESCOÇO DOR ESPALHAR,2690,7900
16-04-2024_10-52-45_p0025,2024-04-16 10:52:45,P24.2,BEBIDA QUAL,2420,4580
29-04-2024_17-06-55_p0024_s80_b1,2024-04-29 17:06:55,80,SENTADO EM-PÉ,2370,6010
05-06-2024_10-23-12_p0036,2024-06-05 10:23:12,P23.2,TOTAL TEMPO QUANTO,2600,6860
19-07-2024_14-25-34_p0040_s146_b2,2024-07-19 14:25:34,146,REMÉDIO,3320,5670
23-05-2024_14-49-50_p0035_s169_b3,2024-05-23 14:49:50,169,REMÉDIO CURAR-NÃO,2510,5310
06-05-2024_15-39-32_p0032_s251_b4,2024-05-06 15:39:32,251,ALERGIA GRUPO BORRACHA,2710,8360
08-04-2024_16-50-25_p0021_s51_b1,2024-04-08 16:50:25,51,XIXI ESCURO,2260,3960
18-04-2024_10-30-17_p0025_s57_b1,2024-04-18 10:30:17,57,TONTEIRA,3240,12720
17-06-2024_14-50-27_p0019_s86_b2,2024-06-17 14:50:27,86,UM MÊS,2780,5990
30-04-2024_13-50-46_p0024,2024-04-30 13:50:46,148.25,Y,2940,4140
20-05-2024_11-38-43_p0034_s42_b1,2024-05-20 11:38:43,42,COBRA PICAR,2400,6110
16-05-2024_14-50-46_p0034_s127_b2,2024-05-16 14:50:46,127,COMER COISAS ÓLEO,4640,8050
18-04-2024_15-30-45_p0026_s112_b2,2024-04-18 15:30:45,112,DOR QUEIMAR,1590,5490
19-03-2024_15-14-35_p0022,2024-03-19 15:14:35,P6.4,DOR IGUAL QUEIMAR,1890,7310
23-05-2024_15-14-01_p0035,2024-05-23 15:14:01,P15.1,TER TOSSE,4250,6850
31-01-2024_15-13-55_p13,2024-01-31 15:13:55,P21.2,USAR REMÉDIO,1240,4650
20-02-2024_16-42-09_p0015_s246_b4,2024-02-20 16:42:09,246,F U N G O S SINAL FUNGO,2430,12220
17-06-2024_14-58-48_p0019_s101_b2,2024-06-17 14:58:48,101,DOR OMBROS,2010,6470
30-04-2024_13-10-49_p0024_s98_b2,2024-04-30 13:10:49,98,DOR BEXIGA,2380,6150
03-05-2024_14-02-39_p0027,2024-05-03 14:02:39,P6.1,ONDE DOR,1880,5510
29-04-2024_11-34-13_p0029_s101_b2,2024-04-29 11:34:13,101,DOR OMBROS,2160,5310
22-02-2024_10-57-19_p0017,2024-02-22 10:57:19,170.8,8,2000,4050
07-05-2024_15-06-02_p0027_s41_b1,2024-05-07 15:06:02,41,GATO MORDER,1720,5390
22-01-2024_16-40-47_p9,2024-01-22 16:40:47,170.7,7,1380,3990
13-03-2024_15-22-31_p0014_s147_b2,2024-03-13 15:22:31,147,JEJUM,1590,4030
03-05-2024_08-41-59_p0030_s41_b1,2024-05-03 08:41:59,41,GATO MORDER,2170,4280
23-04-2024_15-19-09_p0026_s38_b1,2024-04-23 15:19:09,38,TENTAR SUICIDAR,2180,4400
18-04-2024_15-36-59_p0026_s126_b2,2024-04-18 15:36:59,126,BEBER ÁLCOOL,1250,4150
11-03-2024_15-39-29_p0020,2024-03-11 15:39:29,170.7,7,1970,3310
17-06-2024_15-40-04_p0019_s149_b2,2024-06-17 15:40:04,149,DEVAGAR,1900,5370
07-05-2024_15-16-02_p0027_s67_b1,2024-05-07 15:16:02,67,VOMITAR TER VERMELHO,1610,5960
02-04-2024_15-36-27_p0021_s189_b3,2024-04-02 15:36:27,189,DOR PERNAS-ESPALHAR APONTAR-PERNA,2490,8490
11-06-2024_14-38-42_p0035,2024-06-11 14:38:42,148.14,N,1230,3770
18-04-2024_15-28-20_p0026_s105_b2,2024-04-18 15:28:20,105,DOR TESTÍCULOS,1520,7040
05-03-2024_10-36-42_p0014_s46_b1,2024-03-05 10:36:42,46,PROBLEMA OUVIDOS,2690,5870
22-01-2024_17-18-29_p9,2024-01-22 17:18:29,198,CATARRO COLA BRANCO,2720,7820
22-02-2024_11-51-50_p0017_s260_b4,2024-02-22 11:51:50,260,NÃO FUMAR,1660,4350
12-06-2024_10-32-48_p0036_s153_b2,2024-06-12 10:32:48,153,REPETIR POR-FAVOR,1940,4990
20-05-2024_15-41-32_p0023_s121_b2,2024-05-20 15:41:32,121,VER MANCHAS,1620,5270
10-05-2024_15-20-20_p0033_s228_b4,2024-05-10 15:20:20,228,AIDS,2410,3250
18-03-2024_15-28-13_p0020_s32_b1,2024-03-18 15:28:13,32,MANCHAS-PELE VERMELHO,2220,6840
13-05-2024_16-29-48_p0028_s201_b3,2024-05-13 16:29:48,201,CATARRO COLA VERMELHO,1980,5410
12-06-2024_10-29-13_p0036,2024-06-12 10:29:13,148.21,U,1250,3840
26-08-2024_15-49-25_p0019_s76_b1,2024-08-26 15:49:25,76,LIMPAR CASA,2140,5220
19-07-2024_14-30-57_p0040,2024-07-19 14:30:57,148.8,H,1660,3950
09-05-2024_14-42-11_p0033_s119_b2,2024-05-09 14:42:11,119,SENTIR MAL,2490,5640
22-02-2024_15-41-28_p0014_s188_b3,2024-02-22 15:41:28,188,DOR PERNAS-ESPALHAR APONTAR-COXA,2820,8940
10-05-2024_10-03-40_p0030_s271_b4,2024-05-10 10:03:40,271,CHAMPANHE,2080,4580
12-03-2024_10-25-25_p0021_s229_b4,2024-03-12 10:25:25,229,CÂNCER,1910,4040
20-05-2024_16-09-01_p0023,2024-05-20 16:09:01,148.25,Y,1570,3870
30-01-2024_11-22-43_p11,2024-01-30 11:22:43,61,PELE QUEIMAR,910,5220
15-05-2024_16-07-15_p0032_s135_b2,2024-05-15 16:07:15,135,ENGOLIR,2680,7650
24-04-2024_15-13-52_p0027_s158_b3,2024-04-24 15:13:52,158,SUBIR-MORRO FÍSICO PIOR,5870,9910
22-04-2024_09-44-30_p0025_s206_b3,2024-04-22 09:44:30,206,QUATRO VACINA,2110,4510
22-02-2024_14-32-28_p0018,2024-02-22 14:32:28,148.7,G,850,3620
06-05-2024_15-58-13_p0032_s263_b4,2024-05-06 15:58:13,263,DEZ ANO,2630,5890
23-05-2024_15-11-59_p0035_s192_b3,2024-05-23 15:11:59,192,FICAR-EM-PÉ SENTAR DEITAR DOR PIORAR SIM,6050,12590
27-03-2024_16-18-29_p0015_s48_b1,2024-03-27 16:18:29,48,XIXI VAZAR,1750,5170
05-03-2024_10-22-56_p0014_s5_b1,2024-03-05 10:22:56,5,CABEÇA DOR,3560,6500
02-05-2024_16-01-46_p0026_s252_b4,2024-05-02 16:01:46,252,ALERGIA LEITE,1360,5430
17-06-2024_15-19-32_p0019_s130_b2,2024-06-17 15:19:32,130,CORPO ESFORÇAR,2550,7950
19-03-2024_14-54-48_p0022_s86_b2,2024-03-19 14:54:48,86,UM MÊS,2680,5180
22-04-2024_09-44-10_p0025_s205_b3,2024-04-22 09:44:10,205,TRÊS VACINA,2810,5470
30-01-2024_11-04-07_p11,2024-01-30 11:04:07,9,DOR LOMBAR,1320,7020
13-03-2024_15-41-59_p0014_s212_b4,2024-03-13 15:41:59,212,FEZES-LÍQUIDAS,2550,5180
13-05-2024_16-14-24_p0028_s188_b3,2024-05-13 16:14:24,188,DOR PERNAS-ESPALHAR APONTAR-COXA,1700,6480
18-06-2024_15-04-10_p0028_s106_b2,2024-06-18 15:04:10,106,DOR PULSAR,2020,4840
18-04-2024_15-38-43_p0026_s130_b2,2024-04-18 15:38:43,130,CORPO ESFORÇAR,1360,4840
25-03-2024_15-41-05_p0020_s237_b4,2024-03-25 15:41:05,237,RINS FRACO,1450,5080
29-04-2024_16-36-57_p0024_s19_b1,2024-04-29 16:36:57,19,PALPITAÇÃO,2470,6720
13-03-2024_16-16-46_p0014_s278_b4,2024-03-13 16:16:46,278,UMA-DOSE TOMAR TODO-DIA,1490,6390
26-04-2024_14-42-43_p0028_s29_b1,2024-04-26 14:42:43,29,INCHAR,2430,5230
29-04-2024_15-33-39_p0024,2024-04-29 15:33:39,170.7,7,2240,3450
08-04-2024_15-56-31_p0021_s137_b2,2024-04-08 15:56:31,137,ESTRESSE,4680,7840
23-04-2024_15-23-46_p0026_s51_b1,2024-04-23 15:23:46,51,XIXI ESCURO,1950,4340
18-04-2024_10-39-05_p0025_s75_b1,2024-04-18 10:39:05,75,TOSSIR,2460,5260
10-05-2024_15-29-18_p0033_s238_b4,2024-05-10 15:29:18,238,SUAR TIREÓIDE DIMINUIR,2610,5470
30-01-2024_11-13-40_p11,2024-01-30 11:13:40,40,CACHORRO MORDER,1110,5430
23-04-2024_11-40-37_p0024_s261_b4,2024-04-23 11:40:37,261,UM ANO,2250,4360
12-06-2024_17-09-40_p0038_s243_b3,2024-06-12 17:09:40,243,NÃO TRAZER RECEITA REMÉDIO NENHUM,2840,6510
08-05-2024_09-36-12_p0030_s99_b2,2024-05-08 09:36:12,99,DOR BAIXO-VENTRE,1570,4800
20-05-2024_11-45-07_p0034_s53_b1,2024-05-20 11:45:07,53,XIXI VERMELHO,2310,5650
28-06-2024_15-46-42_p0035_s276_b4,2024-06-28 15:46:42,276,GARRAFA UMA-VEZ SEMANA,1670,6590
07-05-2024_14-17-08_p0027_s228_b4,2024-05-07 14:17:08,228,AIDS,2350,4080
27-03-2024_16-20-33_p0015_s54_b1,2024-03-27 16:20:33,54,VERMELHO SANGRAR-BOCA,1690,5560
02-04-2024_15-40-42_p0021_s192_b3,2024-04-02 15:40:42,192,FICAR-EM-PÉ SENTAR DEITAR DOR PIORAR SIM,2230,9940
11-05-2024_09-20-40_p0034,2024-05-11 09:20:40,P9.1,PEITO DOR O U FALTAR A R INSPIRAR PIORAR MOMENTO FÍSICO ESFORÇAR,3540,17440
16-04-2024_16-00-59_p0016,2024-04-16 16:00:59,P17.3,VOCÊ JÁ VACINAR GRIPE,1190,5310
18-04-2024_10-15-11_p0025_s19_b1,2024-04-18 10:15:11,19,PALPITAÇÃO,1420,5090
26-02-2024_16-00-43_p0019_s255_b4,2024-02-26 16:00:43,255,ALERGIA CATEGORIA T R I G O FARINHA,2620,10040
18-03-2024_11-40-15_p0013_s272_b4,2024-03-18 11:40:15,272,UM LATA TODO-DIA,1550,5310
21-02-2024_15-42-37_p0016_s119_b2,2024-02-21 15:42:37,119,SENTIR MAL,1430,4810
30-04-2024_13-06-19_p0024,2024-04-30 13:06:19,P6.1,ONDE DOR,1910,4750
13-03-2024_14-56-23_p0014_s97_b2,2024-03-13 14:56:23,97,DOR LADOS-BARRIGA,2830,6640
10-05-2024_15-03-47_p0033,2024-05-10 15:03:47,P18.1,ENJOAR O U VOMITAR,2040,6910
17-07-2024_14-54-24_p0041,2024-07-17 14:54:24,148.25,Y,1740,4580
20-05-2024_16-08-46_p0023,2024-05-20 16:08:46,148.24,X,1040,3610
05-06-2024_15-00-44_p0037_s209_b4,2024-06-05 15:00:44,209,NENHUM VONTADE NADA VOMITAR,1490,6100
26-04-2024_14-55-29_p0028_s47_b1,2024-04-26 14:55:29,47,XIXI SENTIR IGUAL QUENTE,3150,9880
23-04-2024_11-49-40_p0024_s279_b4,2024-04-23 11:49:40,279,DUAS-DOSES TOMAR DUAS-VEZES SEMANA,1590,5840
16-04-2024_10-19-53_p0025_s210_b4,2024-04-16 10:19:53,210,MOLE,1360,4290
24-01-2024_17-23-28_p10,2024-01-24 17:23:28,252,ALERGIA LEITE,2910,5420
27-05-2024_16-46-06_p0032_s38_b1,2024-05-27 16:46:06,38,TENTAR SUICIDAR,2000,5170
03-04-2024_15-48-52_p0023_s231_b4,2024-04-03 15:48:52,231,DEPRESSÃO,0,2500
24-05-2024_19-00-32_p0031_s140_b2,2024-05-24 19:00:32,140,PERNAS MEXER-PERNAS,2900,6400
19-07-2024_14-25-00_p0040_s145_b2,2024-07-19 14:25:00,145,ÁGUA QUENTE COLOCAR-BRAÇO,3320,9400
19-03-2024_15-43-47_p0022,2024-03-19 15:43:47,148.14,N,1510,4460
24-01-2024_17-17-13_p10,2024-01-24 17:17:13,240,VÍCIO FUMAR,2640,5480
09-05-2024_15-10-03_p0033,2024-05-09 15:10:03,148.13,M,1930,4170
31-01-2024_15-05-08_p13,2024-01-31 15:05:08,P15.2,TOSSE COMO,1190,5370
13-05-2024_15-51-36_p0028,2024-05-13 15:51:36,170.2,2,1130,3190
18-04-2024_15-48-26_p0026,2024-04-18 15:48:26,148.14,N,2410,4750
21-02-2024_15-18-28_p0016_s87_b2,2024-02-21 15:18:28,87,SIM,2150,4220
11-03-2024_15-43-39_p0020_s174_b3,2024-03-11 15:43:39,174,TRÊS-VEZES DIA,4290,6860
22-02-2024_10-37-54_p0017,2024-02-22 10:37:54,P9.3,PLANO ANDAR FÍSICO PIOR,2510,8910
08-05-2024_09-33-24_p0030_s96_b2,2024-05-08 09:33:24,96,DOR MEIO-BARRIGA,1970,4720
27-05-2024_15-58-11_p0032,2024-05-27 15:58:11,P15.3,CATARRO TER O U TER-NÃO,1760,9060
18-03-2024_11-30-27_p0013_s254_b4,2024-03-18 11:30:27,254,ALERGIA COMER CATEGORIA ÁGUA-MAR,1470,8220
16-04-2024_15-59-11_p0016_s204_b3,2024-04-16 15:59:11,204,DOIS VACINA,1300,4140
26-04-2024_14-53-23_p0028_s44_b1,2024-04-26 14:53:23,44,PRESSÃO-ARTERIAL ALTO-BAIXO,2380,7100
05-03-2024_10-44-51_p0014_s71_b1,2024-03-05 10:44:51,71,2-HORA,2810,5230
16-04-2024_10-29-56_p0025_s223_b4,2024-04-16 10:29:56,223,DIABETES,1590,3150
29-04-2024_15-25-10_p0024_s166_b3,2024-04-29 15:25:10,166,SUBIR-ESCADA CORPO PIOR,3610,11060
16-07-2024_16-31-50_p0039_s234_b4,2024-07-16 16:31:50,234,TOSSIR CATARRO VERMELHO,2050,6150
16-04-2024_15-47-27_p0016_s189_b3,2024-04-16 15:47:27,189,DOR PERNAS-ESPALHAR APONTAR-PERNA,1310,6340
27-05-2024_15-51-33_p0032,2024-05-27 15:51:33,P13.2,MOMENTO FICAR-EM-PÉ SENTAR DEITAR DOR PIORAR,2970,11710
20-05-2024_15-32-38_p0023_s107_b2,2024-05-20 15:32:38,107,DOR PROFUNDO,1770,5710
16-04-2024_15-34-56_p0016_s172_b3,2024-04-16 15:34:56,172,VÁRIAS-VEZES,1380,4340
07-05-2024_14-59-59_p0027_s22_b1,2024-05-07 14:59:59,22,EVACUAR MOLE VERMELHO,2210,6680
18-04-2024_15-44-06_p0026_s145_b2,2024-04-18 15:44:06,145,ÁGUA QUENTE COLOCAR-BRAÇO,2400,8430
28-02-2024_16-25-18_p0011_s110_b2,2024-02-28 16:25:18,110,DOR APERTAR,4950,9670
13-05-2024_16-32-51_p0028_s204_b3,2024-05-13 16:32:51,204,DOIS VACINA,1320,4360
19-06-2024_16-34-02_p0023_s40_b1,2024-06-19 16:34:02,40,CACHORRO MORDER,2410,5030
03-05-2024_14-24-03_p0027,2024-05-03 14:24:03,148.7,G,1490,4360
13-03-2024_16-03-19_p0014_s253_b4,2024-03-13 16:03:19,253,ALERGIA O V O OVO,2140,6310
17-07-2024_14-52-56_p0041,2024-07-17 14:52:56,148.21,U,1640,4230
08-04-2024_15-47-42_p0021_s119_b2,2024-04-08 15:47:42,119,SENTIR MAL,1930,4860
29-02-2024_13-47-19_p0010_s17_b1,2024-02-29 13:47:19,17,CHIAR,1970,4270
20-05-2024_11-22-18_p0034_s7_b1,2024-05-20 11:22:18,7,DOR PEITO,3300,6500
12-03-2024_14-14-49_p0022_s3_b1,2024-03-12 14:14:49,3,MUDAR COMPORTAMENTO,4220,8280
31-01-2024_15-11-48_p13,2024-01-31 15:11:48,207,NÃO VACINAR GRIPE,1080,6610
15-05-2024_16-40-41_p0032,2024-05-15 16:40:41,148.3,C,1650,5000
24-05-2024_19-06-29_p0031,2024-05-24 19:06:29,148.6,F,3820,6420
21-02-2024_15-58-02_p0016,2024-02-21 15:58:02,148.3,C,1950,4300
19-06-2024_16-28-54_p0023_s26_b1,2024-06-19 16:28:54,26,TOSSIR,1970,4280
02-05-2024_16-16-02_p0026_s276_b4,2024-05-02 16:16:02,276,GARRAFA UMA-VEZ SEMANA,1220,5590
30-01-2024_11-09-42_p11,2024-01-30 11:09:42,27,CATARRO GRIPE,1020,5360
21-02-2024_15-47-00_p0016_s130_b2,2024-02-21 15:47:00,130,CORPO ESFORÇAR,1930,6500
07-05-2024_14-18-05_p0027_s231_b4,2024-05-07 14:18:05,231,DEPRESSÃO,2110,3850
06-05-2024_15-15-55_p0032_s213_b4,2024-05-06 15:15:55,213,CLARO,2870,5270
23-05-2024_15-22-41_p0035,2024-05-23 15:22:41,P17.4,VOCÊ TRAZER CARTÃO-DE-VACINA,3010,6510
19-06-2024_16-31-23_p0023_s32_b1,2024-06-19 16:31:23,32,MANCHAS-PELE VERMELHO,1710,4770
30-01-2024_15-06-11_p12,2024-01-30 15:06:11,148.17,Q,3620,4630
21-02-2024_11-43-25_p0013_s40_b1,2024-02-21 11:43:25,40,CACHORRO MORDER,3680,6350
21-02-2024_16-09-39_p0016,2024-02-21 16:09:39,148.24,X,1280,3770
27-05-2024_16-01-17_p0032_s200_b3,2024-05-27 16:01:17,200,CATARRO COLA VERDE,1540,7310
22-04-2024_09-23-13_p0025,2024-04-22 09:23:13,P11.3,NO-DECORRER-DO-TEMPO SENTIR DOR NO-TOTAL QUANTOS,2910,11150
17-06-2024_15-08-19_p0019_s114_b2,2024-06-17 15:08:19,114,DOR CHOQUE,2370,5820
03-04-2024_15-43-36_p0023_s228_b4,2024-04-03 15:43:36,228,AIDS,2460,3900
16-04-2024_10-28-17_p0025_s222_b4,2024-04-16 10:28:17,222,DOR-BARRIGA NENHUM,1230,4610
27-05-2024_16-09-41_p0032_s242_b3,2024-05-27 16:09:41,242,EU USAR REMÉDIO,1700,6500
08-05-2024_09-50-44_p0030_s134_b2,2024-05-08 09:50:44,134,MASTIGAR,2230,4580
16-04-2024_10-31-06_p0025_s226_b4,2024-04-16 10:31:06,226,PRESSÃO ALTO,1410,3550
28-02-2024_16-15-29_p0011_s95_b2,2024-02-28 16:15:29,95,DOR OLHOS,1520,6510
16-04-2024_10-35-35_p0025_s235_b4,2024-04-16 10:35:35,235,OBESIDADE,1360,3670
30-01-2024_11-01-21_p11,2024-01-30 11:01:21,1,CONFUSÃO-MENTAL PERCEPÇÃO ESQUECER,2930,8970
02-04-2024_15-53-02_p0021_s205_b3,2024-04-02 15:53:02,205,TRÊS VACINA,1510,5480
26-03-2024_16-22-36_p0022_s249_b4,2024-03-26 16:22:36,249,ALERGIA GATO,1910,5080
13-03-2024_15-13-16_p0014_s125_b2,2024-03-13 15:13:16,125,COMER CATEGORIA ÁCIDO MAIS APIMENTADO,1910,8560
20-05-2024_11-38-16_p0034_s41_b1,2024-05-20 11:38:16,41,GATO MORDER,2630,6710
18-06-2024_16-33-53_p0028_s240_b4,2024-06-18 16:33:53,240,VÍCIO FUMAR,1560,5190
08-06-2024_10-49-51_p0031_s75_b1,2024-06-08 10:49:51,75,TOSSIR,1510,3170
25-03-2024_15-33-32_p0020,2024-03-25 15:33:32,P18.5,VOCÊ BARRIGA DOR ENTÃO,3320,6940
22-04-2024_09-37-37_p0025_s194_b3,2024-04-22 09:37:37,194,TOSSE SECO,1870,4570
31-01-2024_15-04-46_p13,2024-01-31 15:04:46,P15.1,TER TOSSE,4240,8440
24-04-2024_16-04-00_p0027_s199_b3,2024-04-24 16:04:00,199,CATARRO COLA AMARELO,4010,8310
18-03-2024_11-22-10_p0013_s233_b4,2024-03-18 11:22:10,233,A V C,1730,4860
08-05-2024_09-41-52_p0030_s114_b2,2024-05-08 09:41:52,114,DOR CHOQUE,2210,4570
23-04-2024_15-22-45_p0026_s48_b1,2024-04-23 15:22:45,48,XIXI VAZAR,2360,5010
18-06-2024_15-16-10_p0028_s123_b2,2024-06-18 15:16:10,123,ZUMBIDO OUVIDO,2280,4710
24-01-2024_17-42-27_p10,2024-01-24 17:42:27,281,TAÇA TOMAR VINHO TODO-DIA,3380,9080
17-06-2024_15-23-46_p0019_s138_b2,2024-06-17 15:23:46,138,APERTAR,4340,7990
21-02-2024_16-04-15_p0016,2024-02-21 16:04:15,148.8,H,1160,3390
16-04-2024_16-01-41_p0016,2024-04-16 16:01:41,P17.4,VOCÊ TRAZER CARTÃO-DE-VACINA,1390,5680
22-02-2024_14-34-01_p0018,2024-02-22 14:34:01,148.14,N,1380,4120
13-03-2024_16-15-58_p0014_s276_b4,2024-03-13 16:15:58,276,GARRAFA UMA-VEZ SEMANA,2110,6370
22-02-2024_14-32-50_p0018,2024-02-22 14:32:50,148.9,I,1300,3970
02-04-2024_15-19-13_p0021,2024-04-02 15:19:13,170.9,9,1920,4640
26-08-2024_15-15-17_p0019_s3_b1,2024-08-26 15:15:17,3,MUDAR COMPORTAMENTO,3000,6500
23-04-2024_14-59-10_p0026_s4_b1,2024-04-23 14:59:10,4,CONVULSÃO ENROLAR-LÍNGUA,2030,4410
18-04-2024_10-15-31_p0025_s20_b1,2024-04-18 10:15:31,20,TONTURA CAIR-PESSOA,2780,6960
20-05-2024_16-09-48_p0023_s150_b2,2024-05-20 16:09:48,150,ENTENDER,950,3360
18-04-2024_15-46-19_p0026,2024-04-18 15:46:19,148.5,E,2000,4300
18-06-2024_15-00-48_p0028_s98_b2,2024-06-18 15:00:48,98,DOR BEXIGA,1840,4480
24-04-2024_15-39-24_p0027_s173_b3,2024-04-24 15:39:24,173,SEMPRE SEMPRE,4170,7130
19-03-2024_15-32-44_p0022_s140_b2,2024-03-19 15:32:44,140,PERNAS MEXER-PERNAS,3630,8000
12-06-2024_10-29-29_p0036,2024-06-12 10:29:29,148.22,V,3080,5370
16-04-2024_15-36-45_p0016_s174_b3,2024-04-16 15:36:45,174,TRÊS-VEZES DIA,1320,4470
11-06-2024_14-30-18_p0035_s142_b2,2024-06-11 14:30:18,142,MOVIMENTAR-CORPO DOR PIORAR,2320,8390
25-03-2024_16-34-56_p0020_s145_b2,2024-03-25 16:34:56,145,ÁGUA QUENTE COLOCAR-BRAÇO,1180,5980
20-05-2024_15-34-22_p0023_s111_b2,2024-05-20 15:34:22,111,DOR PESO,1480,5850
07-05-2024_14-20-54_p0027_s239_b4,2024-05-07 14:20:54,239,VÍCIO BEBER ÁLCOOL,1990,5000
15-05-2024_16-52-25_p0032_s151_b2,2024-05-15 16:52:25,151,OBRIGADO,1670,5680
22-02-2024_15-29-53_p0014,2024-02-22 15:29:53,170.3,3,2370,4020
05-03-2024_10-39-40_p0014_s56_b1,2024-03-05 10:39:40,56,VERMELHO FEZES,2110,4770
05-06-2024_15-15-41_p0037_s235_b4,2024-06-05 15:15:41,235,OBESIDADE,1680,4870
26-08-2024_15-50-29_p0019_s79_b1,2024-08-26 15:50:29,79,SENTADO,3910,6270
29-02-2024_14-17-56_p0010_s73_b1,2024-02-29 14:17:56,73,COMER,1580,2700
29-02-2024_13-48-32_p0010_s19_b1,2024-02-29 13:48:32,19,PALPITAÇÃO,1910,3670
31-01-2024_14-42-37_p13,2024-01-31 14:42:37,166,SUBIR-ESCADA CORPO PIOR,990,6790
12-03-2024_10-22-51_p0021_s222_b4,2024-03-12 10:22:51,222,DOR-BARRIGA NENHUM,1810,5820
22-02-2024_15-48-16_p0014_s199_b3,2024-02-22 15:48:16,199,CATARRO COLA AMARELO,3580,7530
03-05-2024_19-05-53_p0031,2024-05-03 19:05:53,P21.1,DOCUMENTO REMÉDIO VOCÊ TRAZER,1870,5850
13-05-2024_15-55-48_p0028_s171_b3,2024-05-13 15:55:48,171,UMA-VEZ,1560,4140
26-08-2024_15-17-43_p0019_s9_b1,2024-08-26 15:17:43,9,DOR LOMBAR,2160,6200
16-05-2024_14-21-41_p0034_s86_b2,2024-05-16 14:21:41,86,UM MÊS,2370,4380
15-05-2024_16-49-27_p0032,2024-05-15 16:49:27,148.23,W,2030,7120
22-02-2024_14-28-52_p0018_s144_b2,2024-02-22 14:28:52,144,ÁGUA FRIO COLOCAR-BRAÇO,2040,7470
30-04-2024_13-11-15_p0024_s99_b2,2024-04-30 13:11:15,99,DOR BAIXO-VENTRE,2320,6510
19-06-2024_10-24-58_p0036_s70_b1,2024-06-19 10:24:58,70,1-HORA,2810,5960
22-02-2024_15-33-07_p0014_s173_b3,2024-02-22 15:33:07,173,SEMPRE SEMPRE,2910,7020
28-06-2024_14-20-36_p0035_s39_b1,2024-06-28 14:20:36,39,MORDER,2310,4310
27-05-2024_15-30-17_p0032,2024-05-27 15:30:17,170.7,7,1320,5010
12-03-2024_14-23-32_p0022_s19_b1,2024-03-12 14:23:32,19,PALPITAÇÃO,4960,8770
22-02-2024_11-52-37_p0017_s262_b4,2024-02-22 11:52:37,262,DOIS ANO,1380,4340
02-05-2024_15-01-02_p0026_s176_b3,2024-05-02 15:01:02,176,TRÊS-MESES,1520,5040
18-04-2024_10-38-45_p0025_s74_b1,2024-04-18 10:38:45,74,BEBER,2950,5310
28-02-2024_16-47-01_p0011_s137_b2,2024-02-28 16:47:01,137,ESTRESSE,2070,5910
13-05-2024_15-39-22_p0028_s166_b3,2024-05-13 15:39:22,166,SUBIR-ESCADA CORPO PIOR,2470,7970
27-05-2024_16-00-52_p0032_s199_b3,2024-05-27 16:00:52,199,CATARRO COLA AMARELO,1810,6990
12-03-2024_10-47-30_p0021_s264_b4,2024-03-12 10:47:30,264,CERVEJA,1550,3180
02-05-2024_15-17-28_p0026_s196_b3,2024-05-02 15:17:28,196,TOSSE CATARRO COLA,1880,6590
30-01-2024_14-31-30_p12,2024-01-30 14:31:30,104,DOR PERNA-DIREITA PERNA-ESQUERDA,1860,5640
18-04-2024_15-50-32_p0026,2024-04-18 15:50:32,148.20,T,2030,4480
23-05-2024_15-19-18_p0035,2024-05-23 15:19:18,P17.1,VOCÊ JÁ VACINAR COVID-19,2910,6890
27-05-2024_15-17-49_p0032_s167_b3,2024-05-27 15:17:49,167,SUBIR-ESCADA CORPO PIOR NÃO,2030,8820
18-04-2024_15-37-13_p0026_s127_b2,2024-04-18 15:37:13,127,COMER COISAS ÓLEO,1800,5690
09-05-2024_15-10-26_p0033,2024-05-09 15:10:26,148.14,N,2400,4810
19-07-2024_15-33-59_p0040_s42_b1,2024-07-19 15:33:59,42,COBRA PICAR,2780,6360
13-05-2024_16-01-28_p0028_s176_b3,2024-05-13 16:01:28,176,TRÊS-MESES,1860,5650
19-03-2024_15-14-10_p0022,2024-03-19 15:14:10,P6.3,DOR IGUAL PESO,2190,7570
13-03-2024_16-07-32_p0014_s259_b4,2024-03-13 16:07:32,259,TER FUMAR SIM,4470,7430
18-06-2024_16-40-08_p0028_s254_b4,2024-06-18 16:40:08,254,ALERGIA COMER CATEGORIA ÁGUA-MAR,1770,7740
20-02-2024_16-51-04_p0015,2024-02-20 16:51:04,P22.3,QUAL MEDICAMENTO,1550,5010
13-03-2024_15-22-16_p0014_s146_b2,2024-03-13 15:22:16,146,REMÉDIO,1370,3560
10-05-2024_15-09-26_p0033_s217_b4,2024-05-10 15:09:26,217,FEZES-LÍQUIDAS BRANCO,2280,4140
07-05-2024_14-16-48_p0027_s227_b4,2024-05-07 14:16:48,227,ASMA,2040,5180
24-07-2024_15-23-08_p0041_s264_b4,2024-07-24 15:23:08,264,CERVEJA,1850,3900
30-01-2024_11-13-54_p11,2024-01-30 11:13:54,41,GATO MORDER,930,5380
18-03-2024_11-35-14_p0013_s261_b4,2024-03-18 11:35:14,261,UM ANO,1320,4310
03-05-2024_08-50-06_p0030_s59_b1,2024-05-03 08:50:06,59,TRAUMA,2040,3890
28-02-2024_16-45-22_p0011_s134_b2,2024-02-28 16:45:22,134,MASTIGAR,1730,6560
05-06-2024_15-12-25_p0037_s227_b4,2024-06-05 15:12:25,227,ASMA,1560,4550
24-05-2024_19-13-34_p0031,2024-05-24 19:13:34,148.26,Z,1810,4310
23-04-2024_15-10-30_p0026_s23_b1,2024-04-23 15:10:30,23,TONTURA-ENJOO,2090,4200
12-06-2024_10-28-39_p0036,2024-06-12 10:28:39,148.19,S,1190,3900
10-05-2024_16-30-19_p0033_s20_b1,2024-05-10 16:30:19,20,TONTURA CAIR-PESSOA,1370,4610
19-03-2024_15-21-55_p0022_s125_b2,2024-03-19 15:21:55,125,COMER CATEGORIA ÁCIDO MAIS APIMENTADO,2600,9580
20-03-2024_15-32-08_p0015,2024-03-20 15:32:08,P21.2,USAR REMÉDIO,2050,4420
08-05-2024_16-15-39_p0033_s197_b3,2024-05-08 16:15:39,197,CATARRO COLA CLARO,2070,5770
31-01-2024_14-51-18_p13,2024-01-31 14:51:18,170.6,6,1770,3670
25-03-2024_15-57-06_p0020_s272_b4,2024-03-25 15:57:06,272,UM LATA TODO-DIA,1890,4370
22-02-2024_11-40-57_p0017_s223_b4,2024-02-22 11:40:57,223,DIABETES,2350,3560
05-06-2024_10-26-01_p0036,2024-06-05 10:26:01,P24.1,BEBIDA ÁLCOOL VOCÊ BEBER VOCÊ,1700,8440
27-03-2024_15-42-04_p0015,2024-03-27 15:42:04,148.25,Y,1830,4670
11-06-2024_14-36-25_p0035,2024-06-11 14:36:25,148.8,H,1390,4850
18-06-2024_16-28-21_p0028_s228_b4,2024-06-18 16:28:21,228,AIDS,2150,4090
02-04-2024_15-45-00_p0021_s196_b3,2024-04-02 15:45:00,196,TOSSE CATARRO COLA,2090,6170
13-03-2024_15-39-31_p0014,2024-03-13 15:39:31,P18.2,VOCÊ FEZES MOLE,3410,6890
28-06-2024_15-50-56_p0035_s282_b4,2024-06-28 15:50:56,282,UM COPO CHEIO TODO-DIA,2010,8600
18-03-2024_11-10-30_p0013_s210_b4,2024-03-18 11:10:30,210,MOLE,1420,4030
16-04-2024_15-57-02_p0016_s202_b3,2024-04-16 15:57:02,202,CATARRO COLA SANGUE PONTOS,1180,7190
21-02-2024_15-28-39_p0016_s114_b2,2024-02-21 15:28:39,114,DOR CHOQUE,2130,5820
13-03-2024_15-52-14_p0014_s225_b4,2024-03-13 15:52:14,225,ARRITMIA,1980,8220
28-02-2024_17-02-58_p0011_s151_b2,2024-02-28 17:02:58,151,OBRIGADO,1470,4060
22-04-2024_09-26-53_p0025_sP12_b3,2024-04-22 09:26:53,P12,DOR EXEMPLO AQUI LUGAR MESMO O U ESPALHAR AQUI LUGARES ENTÃO,1450,12490
26-02-2024_15-38-53_p0019_s224_b4,2024-02-26 15:38:53,224,INFARTO,2510,4970
11-06-2024_14-00-13_p0035_s94_b2,2024-06-11 14:00:13,94,DOR OUVIDO-DIREITO OUVIDO-ESQUERDO,1730,6270
24-04-2024_15-34-15_p0027,2024-04-24 15:34:15,170.5,5,3150,4460
30-04-2024_13-49-50_p0024,2024-04-30 13:49:50,148.22,V,3030,3540
27-05-2024_16-45-39_p0032_s37_b1,2024-05-27 16:45:39,37,VERMELHO SANGUE DOCE BAIXO-ALTO,2360,7290
08-05-2024_16-13-37_p0033_s195_b3,2024-05-08 16:13:37,195,CATARRO COLA NENHUM,4310,7560
07-03-2024_14-09-17_p0010,2024-03-07 14:09:17,148.1,A,4500,5380
27-05-2024_16-49-49_p0032_s44_b1,2024-05-27 16:49:49,44,PRESSÃO-ARTERIAL ALTO-BAIXO,1980,5200
13-03-2024_15-28-12_p0014,2024-03-13 15:28:12,148.17,Q,1580,3240
22-02-2024_14-37-02_p0018,2024-02-22 14:37:02,148.21,U,1340,3790
19-03-2024_15-43-08_p0022,2024-03-19 15:43:08,148.12,L,1750,4220
12-03-2024_14-45-43_p0022_s71_b1,2024-03-12 14:45:43,71,2-HORA,2330,5530
25-03-2024_15-38-40_p0020_s231_b4,2024-03-25 15:38:40,231,DEPRESSÃO,2240,4280
10-05-2024_09-39-08_p0030_s221_b4,2024-05-10 09:39:08,221,TER P U S MISTURAR AMARELO BRANCO MISTURAR,2080,10020
17-06-2024_15-28-39_p0019_s145_b2,2024-06-17 15:28:39,145,ÁGUA QUENTE COLOCAR-BRAÇO,3120,8770
08-05-2024_15-27-10_p0033,2024-05-08 15:27:10,170.0,0,9280,10110
16-04-2024_11-02-38_p0025_s283_b4,2024-04-16 11:02:38,283,UM COPO UMA-VEZ SEMANA,2030,5320
06-05-2024_15-36-45_p0032_s246_b4,2024-05-06 15:36:45,246,F U N G O S SINAL FUNGO,2720,12310
03-04-2024_15-50-27_p0023_s235_b4,2024-04-03 15:50:27,235,OBESIDADE,1710,3430
12-03-2024_10-39-21_p0021_s255_b4,2024-03-12 10:39:21,255,ALERGIA CATEGORIA T R I G O FARINHA,2160,8370
08-05-2024_09-59-11_p0030,2024-05-08 09:59:11,148.11,K,2200,3520
24-01-2024_17-30-13_p10,2024-01-24 17:30:13,P24.2,BEBIDA QUAL,2750,5010
02-05-2024_15-53-02_p0026_s228_b4,2024-05-02 15:53:02,228,AIDS,1240,3860
07-03-2024_14-11-48_p0010,2024-03-07 14:11:48,148.11,K,1550,2380
13-05-2024_15-52-41_p0028,2024-05-13 15:52:41,170.7,7,1100,4300
23-05-2024_15-16-33_p0035_s197_b3,2024-05-23 15:16:33,197,CATARRO COLA CLARO,2100,5730
25-03-2024_16-42-04_p0020,2024-03-25 16:42:04,148.21,U,1140,4060
08-05-2024_09-46-57_p0030_s123_b2,2024-05-08 09:46:57,123,ZUMBIDO OUVIDO,1500,3600
25-03-2024_15-56-32_p0020_s271_b4,2024-03-25 15:56:32,271,CHAMPANHE,2020,3420
10-05-2024_09-16-03_p0030_s244_b3,2024-05-10 09:16:03,244,NÃO USAR MEDICAMENTO NÃO,2050,5380
29-04-2024_15-59-58_p0024_s197_b3,2024-04-29 15:59:58,197,CATARRO COLA CLARO,2430,7590
07-05-2024_15-03-08_p0027_s32_b1,2024-05-07 15:03:08,32,MANCHAS-PELE VERMELHO,1310,5500
23-04-2024_11-45-38_p0024_s269_b4,2024-04-23 11:45:38,269,CACHAÇA,1380,3290
25-03-2024_16-07-33_p0020_s86_b2,2024-03-25 16:07:33,86,UM MÊS,1080,4060
03-05-2024_14-24-42_p0027,2024-05-03 14:24:42,148.9,I,1510,4200
28-06-2024_15-23-08_p0035_s245_b4,2024-06-28 15:23:08,245,ÁCARO ALERGIA,3850,8540
30-04-2024_13-33-21_p0024_s135_b2,2024-04-30 13:33:21,135,ENGOLIR,2270,4990
26-08-2024_15-24-12_p0019_s25_b1,2024-08-26 15:24:12,25,FEZES ESCURO,2220,5170
30-01-2024_14-12-36_p12,2024-01-30 14:12:36,83,UM-DIA,1680,2820
28-02-2024_16-33-11_p0011_s118_b2,2024-02-28 16:33:11,118,OLHOS-LACRIMEJAR,2330,7120
24-07-2024_15-29-18_p0041_s279_b4,2024-07-24 15:29:18,279,DUAS-DOSES TOMAR DUAS-VEZES SEMANA,2350,7260
25-03-2024_16-41-01_p0020,2024-03-25 16:41:01,148.17,Q,1230,4220
21-02-2024_11-39-46_p0013_s33_b1,2024-02-21 11:39:46,33,COÇAR,3860,7280
07-03-2024_13-51-30_p0010_s110_b2,2024-03-07 13:51:30,110,DOR APERTAR,1670,4080
09-05-2024_15-19-48_p0033_s157_b2,2024-05-09 15:19:48,157,CONTINUAR,2480,4820
18-04-2024_15-35-04_p0026_s121_b2,2024-04-18 15:35:04,121,VER MANCHAS,2210,5220
31-01-2024_14-53-26_p13,2024-01-31 14:53:26,173,SEMPRE SEMPRE,1920,5020
20-05-2024_15-31-02_p0023_s105_b2,2024-05-20 15:31:02,105,DOR TESTÍCULOS,1260,5780
19-06-2024_10-16-17_p0036_s57_b1,2024-06-19 10:16:17,57,TONTEIRA,1590,5210
26-08-2024_15-18-38_p0019_s11_b1,2024-08-26 15:18:38,11,DOR GARGANTA,2520,6460
08-05-2024_09-30-18_p0030_s87_b2,2024-05-08 09:30:18,87,SIM,1680,3240
29-04-2024_11-40-26_p0029,2024-04-29 11:40:26,P6.3,DOR IGUAL PESO,1710,6360
16-05-2024_14-24-10_p0034,2024-05-16 14:24:10,P6.1,ONDE DOR,2460,5550
16-05-2024_15-05-44_p0034,2024-05-16 15:05:44,148.6,F,3540,5430
27-03-2024_16-22-52_p0015_s61_b1,2024-03-27 16:22:52,61,PELE QUEIMAR,1820,5410
07-03-2024_13-58-49_p0010_s123_b2,2024-03-07 13:58:49,123,ZUMBIDO OUVIDO,2970,4580
18-03-2024_11-33-55_p0013,2024-03-18 11:33:55,P23.1,VOCÊ FUMAR,1420,4680
26-02-2024_15-51-45_p0019_s240_b4,2024-02-26 15:51:45,240,VÍCIO FUMAR,1740,5160
08-04-2024_16-12-40_p0021,2024-04-08 16:12:40,148.17,Q,1580,3820
18-04-2024_15-33-02_p0026,2024-04-18 15:33:02,P6.5,DOR IGUAL FINCADA,1910,7430
19-03-2024_15-11-54_p0022_s112_b2,2024-03-19 15:11:54,112,DOR QUEIMAR,2240,6800
20-05-2024_12-03-55_p0034_s216_b4,2024-05-20 12:03:55,216,FEZES-LÍQUIDAS-EXPLODIR,2780,5120
08-05-2024_09-38-24_p0030,2024-05-08 09:38:24,P6.2,COMO DOR,1290,3770
12-03-2024_10-39-53_p0021_s256_b4,2024-03-12 10:39:53,256,ALERGIA AMENDOIM,2190,4760
09-05-2024_14-49-42_p0033_s129_b2,2024-05-09 14:49:42,129,LOCAIS LUZ-FORTE,2440,5740
16-07-2024_16-34-47_p0039_s237_b4,2024-07-16 16:34:47,237,RINS FRACO,1420,5370
17-06-2024_14-54-27_p0019_s92_b2,2024-06-17 14:54:27,92,DOR TESTA,2570,6790
10-05-2024_09-46-19_p0030_s233_b4,2024-05-10 09:46:19,233,A V C,2130,5140
02-05-2024_15-11-51_p0026,2024-05-02 15:11:51,P13.2,MOMENTO FICAR-EM-PÉ SENTAR DEITAR DOR PIORAR,1700,10320
13-03-2024_15-36-02_p0014_s157_b2,2024-03-13 15:36:02,157,CONTINUAR,2000,4020
02-05-2024_15-46-06_p0026_s212_b4,2024-05-02 15:46:06,212,FEZES-LÍQUIDAS,1030,3770
18-04-2024_15-23-51_p0026_s90_b2,2024-04-18 15:23:51,90,DOR OUVIDO,1530,4720
19-03-2024_15-54-27_p0022_s156_b2,2024-03-19 15:54:27,156,NÃO-ENTENDER,2840,5700
28-02-2024_16-38-33_p0011_s124_b2,2024-02-28 16:38:33,124,GASES,3820,8450
06-05-2024_15-16-42_p0032_s215_b4,2024-05-06 15:16:42,215,FEZES-LÍQUIDAS BORBULHAR,3010,6870
02-05-2024_15-55-20_p0026_s233_b4,2024-05-02 15:55:20,233,A V C,1640,4190
25-03-2024_15-36-00_p0020_s226_b4,2024-03-25 15:36:00,226,PRESSÃO ALTO,1670,4020
10-05-2024_15-27-39_p0033_s234_b4,2024-05-10 15:27:39,234,TOSSIR CATARRO VERMELHO,2550,5490
30-01-2024_14-43-23_p12,2024-01-30 14:43:23,123,ZUMBIDO OUVIDO,3950,6380
16-05-2024_15-13-03_p0034,2024-05-16 15:13:03,148.25,Y,3130,5090
19-03-2024_15-24-55_p0022_s131_b2,2024-03-19 15:24:55,131,PERÍODO MENSTRUAR,4300,7080
22-02-2024_15-30-41_p0014,2024-02-22 15:30:41,170.7,7,2340,4800
30-04-2024_13-02-34_p0024_s86_b2,2024-04-30 13:02:34,86,UM MÊS,2320,4050
16-05-2024_15-12-11_p0034,2024-05-16 15:12:11,148.23,W,3860,5610
17-06-2024_15-31-36_p0019,2024-06-17 15:31:36,148.4,D,1550,4460
08-04-2024_17-02-10_p0021_s76_b1,2024-04-08 17:02:10,76,LIMPAR CASA,1460,4070
29-04-2024_15-24-34_p0024,2024-04-29 15:24:34,P9.6,SUBIR-ESCADA FÍSICO PIOR,3800,9580
26-04-2024_14-53-03_p0028_s43_b1,2024-04-26 14:53:03,43,ESCORPIÃO PICAR,2610,6680
19-03-2024_15-23-21_p0022_s128_b2,2024-03-19 15:23:21,128,LOCAIS BARULHO,5740,8530
17-06-2024_15-11-01_p0019,2024-06-17 15:11:01,P6.4,DOR IGUAL QUEIMAR,1670,5750
21-02-2024_11-43-01_p0013_s39_b1,2024-02-21 11:43:01,39,MORDER,2820,5110
10-05-2024_16-46-00_p0033_s59_b1,2024-05-10 16:46:00,59,TRAUMA,1420,3890
28-06-2024_14-18-33_p0035_s33_b1,2024-06-28 14:18:33,33,COÇAR,2060,4540
19-07-2024_14-40-18_p0040_s157_b2,2024-07-19 14:40:18,157,CONTINUAR,3060,5380
27-05-2024_15-29-56_p0032,2024-05-27 15:29:56,170.6,6,1590,5360
09-05-2024_15-06-32_p0033,2024-05-09 15:06:32,148.6,F,2670,4830
27-03-2024_16-15-46_p0015_s41_b1,2024-03-27 16:15:46,41,GATO MORDER,2200,5650
22-02-2024_14-32-18_p0018,2024-02-22 14:32:18,148.6,F,910,3470
10-05-2024_15-34-51_p0033_s252_b4,2024-05-10 15:34:51,252,ALERGIA LEITE,2340,4150
22-02-2024_16-07-06_p0014_s242_b3,2024-02-22 16:07:06,242,EU USAR REMÉDIO,3470,6850
20-05-2024_15-20-57_p0023_s98_b2,2024-05-20 15:20:57,98,DOR BEXIGA,1660,4270
07-05-2024_14-14-33_p0027_s222_b4,2024-05-07 14:14:33,222,DOR-BARRIGA NENHUM,2520,5330
26-02-2024_15-52-39_p0019,2024-02-26 15:52:39,P22.1,VOCÊ TER ALERGIA ENTÃO,1820,7260
13-03-2024_15-28-28_p0014,2024-03-13 15:28:28,148.18,R,1500,3260
09-05-2024_14-38-24_p0033,2024-05-09 14:38:24,P6.4,DOR IGUAL QUEIMAR,2450,6810
07-03-2024_13-43-36_p0010,2024-03-07 13:43:36,P6.1,ONDE DOR,1990,3870
24-05-2024_18-43-55_p0031_s114_b2,2024-05-24 18:43:55,114,DOR CHOQUE,2450,6040
19-03-2024_15-22-26_p0022_s126_b2,2024-03-19 15:22:26,126,BEBER ÁLCOOL,4450,8000
03-04-2024_15-38-49_p0023,2024-04-03 15:38:49,P18.5,VOCÊ BARRIGA DOR ENTÃO,2460,6310
17-07-2024_14-32-59_p0041_s127_b2,2024-07-17 14:32:59,127,COMER COISAS ÓLEO,3570,6750
27-05-2024_15-44-00_p0032_s184_b3,2024-05-27 15:44:00,184,DOR BRAÇO-ESPALHAR,1700,6940
11-06-2024_14-11-52_p0035_s112_b2,2024-06-11 14:11:52,112,DOR QUEIMAR,2100,6660
25-03-2024_16-43-18_p0020,2024-03-25 16:43:18,148.26,Z,2230,4420
20-05-2024_11-29-21_p0034_s22_b1,2024-05-20 11:29:21,22,EVACUAR MOLE VERMELHO,2480,6970
18-03-2024_15-45-29_p0020_s75_b1,2024-03-18 15:45:29,75,TOSSIR,960,3000
18-06-2024_15-19-27_p0028_s126_b2,2024-06-18 15:19:27,126,BEBER ÁLCOOL,1970,4590
05-06-2024_15-05-17_p0037_s216_b4,2024-06-05 15:05:17,216,FEZES-LÍQUIDAS-EXPLODIR,1940,4280
16-07-2024_16-38-58_p0039_s249_b4,2024-07-16 16:38:58,249,ALERGIA GATO,2790,6500
08-06-2024_10-51-47_p0031_s79_b1,2024-06-08 10:51:47,79,SENTADO,2000,3190
16-04-2024_15-42-44_p0016_s184_b3,2024-04-16 15:42:44,184,DOR BRAÇO-ESPALHAR,1210,5840
18-04-2024_15-41-05_p0026_s139_b2,2024-04-18 15:41:05,139,BRAÇO MEXER-BRAÇO,2440,7300
13-05-2024_16-01-48_p0028_s177_b3,2024-05-13 16:01:48,177,UM ANO,1480,4600
08-08-2024_14-42-03_p0042_s90_b2,2024-08-08 14:42:03,90,DOR OUVIDO,1790,4830
10-05-2024_09-37-32_p0030_s217_b4,2024-05-10 09:37:32,217,FEZES-LÍQUIDAS BRANCO,2150,5670
08-04-2024_16-54-45_p0021_s62_b1,2024-04-08 16:54:45,62,MATERIAL GRUPO CORTAR TAMBÉM OBJETO-FINO-LONGO FINCAR,2280,11460
19-07-2024_14-21-57_p0040_s140_b2,2024-07-19 14:21:57,140,PERNAS MEXER-PERNAS,4200,8930
19-06-2024_09-55-11_p0036_s14_b1,2024-06-19 09:55:11,14,DOR PERNA ATRÁS,2980,8170
16-05-2024_14-42-45_p0034_s118_b2,2024-05-16 14:42:45,118,OLHOS-LACRIMEJAR,1700,5220
28-02-2024_16-25-58_p0011_s111_b2,2024-02-28 16:25:58,111,DOR PESO,1470,6580
26-08-2024_15-50-05_p0019_s78_b1,2024-08-26 15:50:05,78,CALADO DEITADO,3180,6640
02-04-2024_15-03-11_p0021_s160_b3,2024-04-02 15:03:11,160,PLANO ANDAR CORPO PIOR,2300,10090
20-05-2024_15-54-17_p0023_s142_b2,2024-05-20 15:54:17,142,MOVIMENTAR-CORPO DOR PIORAR,2050,7950
20-05-2024_11-54-23_p0034_s72_b1,2024-05-20 11:54:23,72,2-MÊS,2200,5450
20-05-2024_15-47-11_p0023_s128_b2,2024-05-20 15:47:11,128,LOCAIS BARULHO,2510,5550
11-03-2024_16-05-07_p0020_s196_b3,2024-03-11 16:05:07,196,TOSSE CATARRO COLA,1990,5340
28-06-2024_14-12-00_p0035_s16_b1,2024-06-28 14:12:00,16,RESPIRAR FALTAR,1440,4850
26-04-2024_15-12-11_p0028_s77_b1,2024-04-26 15:12:11,77,EXERCÍCIO-FÍSICO,2070,5970
26-02-2024_16-00-11_p0019_s254_b4,2024-02-26 16:00:11,254,ALERGIA COMER CATEGORIA ÁGUA-MAR,1820,7930
23-05-2024_15-21-29_p0035_s206_b3,2024-05-23 15:21:29,206,QUATRO VACINA,2430,4710
23-05-2024_14-44-56_p0035,2024-05-23 14:44:56,P9.5,DEITAR CALMA PIOR,3840,7050
12-06-2024_16-59-33_p0038_s198_b3,2024-06-12 16:59:33,198,CATARRO COLA BRANCO,2110,6690
27-03-2024_15-27-55_p0015_s132_b2,2024-03-27 15:27:55,132,NARIZ ESPIRRAR,1700,4670
30-01-2024_15-01-52_p12,2024-01-30 15:01:52,148.7,G,3280,4380
06-05-2024_15-14-40_p0032_s210_b4,2024-05-06 15:14:40,210,MOLE,3590,6050
06-05-2024_15-15-03_p0032_s211_b4,2024-05-06 15:15:03,211,FRAGMENTOS MISTURAR MOLE,2690,7150
18-06-2024_15-04-46_p0028_s107_b2,2024-06-18 15:04:46,107,DOR PROFUNDO,2100,4220
03-05-2024_18-25-54_p0031_s160_b3,2024-05-03 18:25:54,160,PLANO ANDAR CORPO PIOR,1720,7850
03-04-2024_15-49-45_p0023_s233_b4,2024-04-03 15:49:45,233,A V C,1600,3120
10-05-2024_16-08-31_p0033_s274_b4,2024-05-10 16:08:31,274,DOIS LATAS DUAS-VEZES SEMANA,2140,5970
22-02-2024_13-50-54_p0018_s77_b1,2024-02-22 13:50:54,77,EXERCÍCIO-FÍSICO,2560,5010
27-05-2024_17-01-00_p0032_s71_b1,2024-05-27 17:01:00,71,2-HORA,2110,5530
28-06-2024_14-16-05_p0035_s27_b1,2024-06-28 14:16:05,27,CATARRO GRIPE,1550,5070
02-05-2024_15-23-38_p0026_s207_b3,2024-05-02 15:23:38,207,NÃO VACINAR GRIPE,1210,5120
08-04-2024_15-51-43_p0021_s127_b2,2024-04-08 15:51:43,127,COMER COISAS ÓLEO,1900,5610
25-03-2024_16-39-22_p0020,2024-03-25 16:39:22,148.12,L,1130,4030
27-03-2024_15-36-08_p0015,2024-03-27 15:36:08,148.6,F,1310,3850
16-07-2024_16-18-08_p0039_s213_b4,2024-07-16 16:18:08,213,CLARO,2990,6000
03-05-2024_14-15-36_p0027_s126_b2,2024-05-03 14:15:36,126,BEBER ÁLCOOL,1540,5140
29-04-2024_11-26-11_p0029_s86_b2,2024-04-29 11:26:11,86,UM MÊS,2190,4790
20-05-2024_11-48-43_p0034_s61_b1,2024-05-20 11:48:43,61,PELE QUEIMAR,2770,6170
16-04-2024_16-07-38_p0016,2024-04-16 16:07:38,P21.2,USAR REMÉDIO,2040,5240
18-04-2024_15-47-10_p0026,2024-04-18 15:47:10,148.9,I,1670,3980
17-06-2024_15-21-19_p0019_s133_b2,2024-06-17 15:21:19,133,MASTIGAR,2120,5990
29-04-2024_15-16-08_p0024_s158_b3,2024-04-29 15:16:08,158,SUBIR-MORRO FÍSICO PIOR,3380,9320
10-05-2024_08-54-30_p0030_s189_b3,2024-05-10 08:54:30,189,DOR PERNAS-ESPALHAR APONTAR-PERNA,2500,7070
07-05-2024_15-06-54_p0027_s43_b1,2024-05-07 15:06:54,43,ESCORPIÃO PICAR,1760,5530
03-04-2024_15-50-48_p0023_s236_b4,2024-04-03 15:50:48,236,FÍGADO INFLAMADO,320,1920
11-06-2024_14-04-32_p0035_s100_b2,2024-06-11 14:04:32,100,DOR VIRILHA,1120,5460
29-04-2024_11-25-37_p0029_s84_b2,2024-04-29 11:25:37,84,TRÊS-DIAS,3060,5430
15-05-2024_16-05-30_p0032_s132_b2,2024-05-15 16:05:30,132,NARIZ ESPIRRAR,2050,6680
10-05-2024_09-42-36_p0030_s224_b4,2024-05-10 09:42:36,224,INFARTO,2300,4780
13-05-2024_16-00-54_p0028_s175_b3,2024-05-13 16:00:54,175,DOIS SEMANA,3650,6990
20-02-2024_16-37-42_p0015_s232_b4,2024-02-20 16:37:42,232,ANSIEDADE,1380,6420
10-05-2024_16-35-01_p0033_s30_b1,2024-05-10 16:35:01,30,FERIR PELE,1690,4650
27-03-2024_16-06-43_p0015_s20_b1,2024-03-27 16:06:43,20,TONTURA CAIR-PESSOA,1590,6000
24-01-2024_17-09-17_p10,2024-01-24 17:09:17,223,DIABETES,2200,4860
05-06-2024_10-18-14_p0036_s255_b4,2024-06-05 10:18:14,255,ALERGIA CATEGORIA T R I G O FARINHA,2170,11940
08-05-2024_16-16-04_p0033_s198_b3,2024-05-08 16:16:04,198,CATARRO COLA BRANCO,2900,6270
26-04-2024_14-56-21_p0028_s48_b1,2024-04-26 14:56:21,48,XIXI VAZAR,5110,8850
22-02-2024_13-36-28_p0018_s44_b1,2024-02-22 13:36:28,44,PRESSÃO-ARTERIAL ALTO-BAIXO,2970,6760
08-06-2024_10-28-30_p0031_s28_b1,2024-06-08 10:28:30,28,NARIZ-LADOS FECHAR,1980,3760
09-05-2024_15-15-47_p0033_s149_b2,2024-05-09 15:15:47,149,DEVAGAR,2380,4580
23-04-2024_11-49-20_p0024_s278_b4,2024-04-23 11:49:20,278,UMA-DOSE TOMAR TODO-DIA,1690,5830
27-05-2024_16-06-56_p0032_s208_b3,2024-05-27 16:06:56,208,NÃO TRAZER CARTÃO-DE-VACINA NENHUM,1450,7600
29-04-2024_16-42-18_p0024_s28_b1,2024-04-29 16:42:18,28,NARIZ-LADOS FECHAR,2420,6830
24-05-2024_19-05-40_p0031,2024-05-24 19:05:40,148.5,E,2860,5260
02-05-2024_15-01-46_p0026_s178_b3,2024-05-02 15:01:46,178,CINCO ANO,3030,5780
03-04-2024_15-33-01_p0023_s213_b4,2024-04-03 15:33:01,213,CLARO,2550,4040
29-04-2024_11-41-10_p0029,2024-04-29 11:41:10,P6.5,DOR IGUAL FINCADA,1780,6510
22-02-2024_14-12-52_p0018_s116_b2,2024-02-22 14:12:52,116,DOR APERTAR PONTADA,1480,8810
03-04-2024_16-14-40_p0023_s282_b4,2024-04-03 16:14:40,282,UM COPO CHEIO TODO-DIA,2600,6520
24-05-2024_18-43-32_p0031_s113_b2,2024-05-24 18:43:32,113,DOR PONTADA,2390,6290
20-05-2024_11-55-17_p0034_s73_b1,2024-05-20 11:55:17,73,COMER,2340,4810
11-06-2024_14-26-01_p0035_s132_b2,2024-06-11 14:26:01,132,NARIZ ESPIRRAR,2420,5650
24-07-2024_14-28-51_p0041_s54_b1,2024-07-24 14:28:51,54,VERMELHO SANGRAR-BOCA,1630,6200
20-05-2024_12-20-48_p0034_s252_b4,2024-05-20 12:20:48,252,ALERGIA LEITE,2380,6060
12-06-2024_10-32-31_p0036_s152_b2,2024-06-12 10:32:31,152,OBRIGADO,1730,4110
17-06-2024_15-08-42_p0019_s115_b2,2024-06-17 15:08:42,115,DOR VERMELHO SANGRAR APERTAR,2140,9590
18-03-2024_15-18-03_p0020_s17_b1,2024-03-18 15:18:03,17,CHIAR,1650,5440
19-06-2024_16-25-19_p0023_s19_b1,2024-06-19 16:25:19,19,PALPITAÇÃO,3190,6120
26-04-2024_15-02-36_p0028_s62_b1,2024-04-26 15:02:36,62,MATERIAL GRUPO CORTAR TAMBÉM OBJETO-FINO-LONGO FINCAR,4020,13280
29-04-2024_16-57-01_p0024_s61_b1,2024-04-29 16:57:01,61,PELE QUEIMAR,2200,5550
02-05-2024_15-23-00_p0026_s206_b3,2024-05-02 15:23:00,206,QUATRO VACINA,1370,4290
03-04-2024_16-07-53_p0023_s269_b4,2024-04-03 16:07:53,269,CACHAÇA,1390,2710
20-05-2024_16-03-44_p0023,2024-05-20 16:03:44,148.7,G,1420,3000
18-06-2024_15-14-20_p0028_s120_b2,2024-06-18 15:14:20,120,VER DOBRADO,1810,4490
23-04-2024_15-34-25_p0026_s76_b1,2024-04-23 15:34:25,76,LIMPAR CASA,2760,5300
31-01-2024_15-13-21_p13,2024-01-31 15:13:21,241,TRAZER RECEITA REMÉDIO,1760,7080
22-02-2024_14-17-04_p0018_s118_b2,2024-02-22 14:17:04,118,OLHOS-LACRIMEJAR,1010,5560
11-03-2024_15-40-52_p0020,2024-03-11 15:40:52,P11.1,SENTIR DOR DEPOIS SUMIR OUTRA-VEZ SENTIR DOR SUMIR VOLTAR SUMIR,2200,12780
22-02-2024_15-29-39_p0014,2024-02-22 15:29:39,170.2,2,2710,4830
02-04-2024_15-20-55_p0021_s171_b3,2024-04-02 15:20:55,171,UMA-VEZ,2580,5520
02-04-2024_15-40-04_p0021,2024-04-02 15:40:04,P13.2,MOMENTO FICAR-EM-PÉ SENTAR DEITAR DOR PIORAR,2310,11790
12-06-2024_10-33-46_p0036_s156_b2,2024-06-12 10:33:46,156,NÃO-ENTENDER,2010,4670
26-03-2024_15-26-33_p0022_s184_b3,2024-03-26 15:26:33,184,DOR BRAÇO-ESPALHAR,3800,8060
02-05-2024_16-05-51_p0026_s260_b4,2024-05-02 16:05:51,260,NÃO FUMAR,1530,3830
18-03-2024_11-37-24_p0013_s264_b4,2024-03-18 11:37:24,264,CERVEJA,1630,4310
13-03-2024_14-48-46_p0014_s83_b2,2024-03-13 14:48:46,83,UM-DIA,3580,4570
26-03-2024_16-34-09_p0022,2024-03-26 16:34:09,P24.3,QUANTOS BEBIDA,3800,6590
23-04-2024_11-46-10_p0024_s271_b4,2024-04-23 11:46:10,271,CHAMPANHE,1300,5230
10-05-2024_09-38-15_p0030_s219_b4,2024-05-10 09:38:15,219,FEZES-LÍQUIDAS RESTOS COMIDA,2100,6110
18-03-2024_11-49-28_p0013_s280_b4,2024-03-18 11:49:28,280,TAÇA TOMAR VINHO UMA-VEZ SEMANA,2020,12150
08-04-2024_15-41-25_p0021_s110_b2,2024-04-08 15:41:25,110,DOR APERTAR,1530,4930
12-06-2024_10-33-22_p0036_s155_b2,2024-06-12 10:33:22,155,PARAR,1750,4150
07-05-2024_14-58-38_p0027_s18_b1,2024-05-07 14:58:38,18,DIFÍCIL RESPIRAR,2020,6670
18-04-2024_15-49-09_p0026,2024-04-18 15:49:09,148.16,P,1680,4070
26-03-2024_15-26-09_p0022_s183_b3,2024-03-26 15:26:09,183,DOR ESPALHAR OMBRO,1700,7450
23-04-2024_11-43-18_p0024_s266_b4,2024-04-23 11:43:18,266,DOSE ÁLCOOL,1360,4450
06-05-2024_15-27-28_p0032_s224_b4,2024-05-06 15:27:28,224,INFARTO,2050,4990
07-05-2024_14-59-00_p0027_s19_b1,2024-05-07 14:59:00,19,PALPITAÇÃO,1590,4870
17-06-2024_15-33-03_p0019,2024-06-17 15:33:03,148.8,H,2210,5630
07-03-2024_13-54-27_p0010,2024-03-07 13:54:27,P6.6,DOR IGUAL SENTIR CHOQUE,1540,4810
22-02-2024_10-37-08_p0017_s158_b3,2024-02-22 10:37:08,158,SUBIR-MORRO FÍSICO PIOR,2870,7520
20-05-2024_11-33-15_p0034_s30_b1,2024-05-20 11:33:15,30,FERIR PELE,3100,6890
16-04-2024_15-24-33_p0016_s167_b3,2024-04-16 15:24:33,167,SUBIR-ESCADA CORPO PIOR NÃO,1570,6620
12-06-2024_17-09-09_p0038_s241_b3,2024-06-12 17:09:09,241,TRAZER RECEITA REMÉDIO,2360,5380
06-05-2024_16-02-36_p0032_s268_b4,2024-05-06 16:02:36,268,UÍSQUE,3680,6840
03-05-2024_18-31-17_p0031_s168_b3,2024-05-03 18:31:17,168,REMÉDIO CURAR,1180,4660
19-07-2024_14-20-01_p0040_s136_b2,2024-07-19 14:20:01,136,ANDAR,4380,7210
26-04-2024_14-52-41_p0028_s42_b1,2024-04-26 14:52:41,42,COBRA PICAR,3750,7240
22-02-2024_11-47-10_p0017_s247_b4,2024-02-22 11:47:10,247,ALERGIA FLOR PÓLEN,1690,6060
07-03-2024_14-14-01_p0010,2024-03-07 14:14:01,148.21,U,1400,2020
03-05-2024_08-32-36_p0030_s16_b1,2024-05-03 08:32:36,16,RESPIRAR FALTAR,1910,4840
22-02-2024_14-06-14_p0018_s97_b2,2024-02-22 14:06:14,97,DOR LADOS-BARRIGA,3090,9500
13-03-2024_16-05-04_p0014_s256_b4,2024-03-13 16:05:04,256,ALERGIA AMENDOIM,2120,6190
19-06-2024_10-14-11_p0036_s53_b1,2024-06-19 10:14:11,53,XIXI VERMELHO,3920,7340
16-07-2024_16-32-31_p0039_s236_b4,2024-07-16 16:32:31,236,FÍGADO INFLAMADO,2420,5710
30-04-2024_13-15-51_p0024_s107_b2,2024-04-30 13:15:51,107,DOR PROFUNDO,2650,6660
16-04-2024_10-37-24_p0025_s239_b4,2024-04-16 10:37:24,239,VÍCIO BEBER ÁLCOOL,2590,5530
29-02-2024_13-42-52_p0010_s13_b1,2024-02-29 13:42:52,13,DOR PERNA,1860,4600
10-05-2024_16-45-11_p0033_s56_b1,2024-05-10 16:45:11,56,VERMELHO FEZES,1630,4230
24-01-2024_17-30-27_p10,2024-01-24 17:30:27,264,CERVEJA,3210,5040
23-04-2024_11-48-58_p0024_s277_b4,2024-04-23 11:48:58,277,DOIS GARRAFAS DUAS-VEZES SEMANA,2350,6600
23-04-2024_11-30-35_p0024_s245_b4,2024-04-23 11:30:35,245,ÁCARO ALERGIA,2130,6520
28-06-2024_14-32-17_p0035_s64_b1,2024-06-28 14:32:17,64,QUASE CABEÇA-SAIR NASCER,2010,5410
11-06-2024_14-40-54_p0035,2024-06-11 14:40:54,148.20,T,1890,4920
12-03-2024_10-17-55_p0021_s217_b4,2024-03-12 10:17:55,217,FEZES-LÍQUIDAS BRANCO,2370,5430
09-05-2024_15-10-48_p0033,2024-05-09 15:10:48,148.15,O,1770,4130
09-05-2024_15-02-49_p0033_s146_b2,2024-05-09 15:02:49,146,REMÉDIO,6190,8730
18-03-2024_15-15-53_p0020_s10_b1,2024-03-18 15:15:53,10,DOR BARRIGA,1570,4990
28-06-2024_15-49-23_p0035_s281_b4,2024-06-28 15:49:23,281,TAÇA TOMAR VINHO TODO-DIA,1610,9120
13-03-2024_15-12-14_p0014_s124_b2,2024-03-13 15:12:14,124,GASES,3490,5650
24-05-2024_19-14-10_p0031_s150_b2,2024-05-24 19:14:10,150,ENTENDER,1750,3940
18-06-2024_16-43-47_p0028,2024-06-18 16:43:47,P22.3,QUAL MEDICAMENTO,1970,4730
02-04-2024_15-27-51_p0021_s178_b3,2024-04-02 15:27:51,178,CINCO ANO,1560,4630
03-04-2024_16-03-48_p0023,2024-04-03 16:03:48,P23.2,TOTAL TEMPO QUANTO,1950,5130
22-02-2024_13-35-42_p0018_s41_b1,2024-02-22 13:35:42,41,GATO MORDER,1810,4580
23-05-2024_14-57-58_p0035_s171_b3,2024-05-23 14:57:58,171,UMA-VEZ,3050,6030
29-04-2024_11-25-21_p0029_s83_b2,2024-04-29 11:25:21,83,UM-DIA,2110,4460
13-03-2024_15-50-45_p0014,2024-03-13 15:50:45,P19.1,VOCÊ JÁ FAZER TRATAMENTO ALGUM DOENÇA ENTÃO,2920,11740
22-02-2024_11-48-43_p0017_s253_b4,2024-02-22 11:48:43,253,ALERGIA O V O OVO,2730,6010
10-05-2024_15-48-05_p0033_s266_b4,2024-05-10 15:48:05,266,DOSE ÁLCOOL,2120,4070
16-04-2024_10-55-38_p0025_s271_b4,2024-04-16 10:55:38,271,CHAMPANHE,2570,4280
08-05-2024_15-37-51_p0033_s174_b3,2024-05-08 15:37:51,174,TRÊS-VEZES DIA,2340,4640
22-04-2024_09-43-12_p0025_s203_b3,2024-04-22 09:43:12,203,NÃO VACINAR COVID-19,2630,5560
27-05-2024_16-49-26_p0032_s43_b1,2024-05-27 16:49:26,43,ESCORPIÃO PICAR,1930,4300
26-04-2024_15-00-35_p0028_s57_b1,2024-04-26 15:00:35,57,TONTEIRA,1970,6460
19-06-2024_16-38-39_p0023_s49_b1,2024-06-19 16:38:39,49,XIXI POUCO,1800,4450
08-04-2024_15-32-04_p0021_s96_b2,2024-04-08 15:32:04,96,DOR MEIO-BARRIGA,1880,6110
26-03-2024_15-25-45_p0022_s182_b3,2024-03-26 15:25:45,182,QUEIXO DOR ESPALHAR,1430,6900
15-05-2024_15-38-15_p0032_s110_b2,2024-05-15 15:38:15,110,DOR APERTAR,2510,8470
08-05-2024_09-56-21_p0030,2024-05-08 09:56:21,148.1,A,1790,2820
07-05-2024_15-11-39_p0027_s57_b1,2024-05-07 15:11:39,57,TONTEIRA,1650,6350
24-07-2024_14-10-38_p0041_s10_b1,2024-07-24 14:10:38,10,DOR BARRIGA,1630,5750
27-03-2024_15-41-07_p0015,2024-03-27 15:41:07,148.23,W,1920,4630
20-03-2024_15-02-29_p0015,2024-03-20 15:02:29,170.6,6,4840,6060
20-05-2024_12-30-03_p0034,2024-05-20 12:30:03,P24.2,BEBIDA QUAL,2980,5790
29-04-2024_15-41-09_p0024_s178_b3,2024-04-29 15:41:09,178,CINCO ANO,3010,5570
10-05-2024_10-02-54_p0030_s269_b4,2024-05-10 10:02:54,269,CACHAÇA,2370,5430
03-05-2024_08-55-34_p0030_s71_b1,2024-05-03 08:55:34,71,2-HORA,2170,4400
06-05-2024_16-03-00_p0032_s269_b4,2024-05-06 16:03:00,269,CACHAÇA,2590,5750
07-05-2024_14-29-51_p0027_s259_b4,2024-05-07 14:29:51,259,TER FUMAR SIM,1830,4560
12-07-2024_15-00-12_p0040_s174_b3,2024-07-12 15:00:12,174,TRÊS-VEZES DIA,1290,3880
20-05-2024_12-15-53_p0034_s239_b4,2024-05-20 12:15:53,239,VÍCIO BEBER ÁLCOOL,2530,6620
27-03-2024_15-40-51_p0015,2024-03-27 15:40:51,148.22,V,1010,3750
29-02-2024_14-01-06_p0010_s36_b1,2024-02-29 14:01:06,36,SUAR SUAR SUAR,2060,3950
30-04-2024_13-31-28_p0024_s130_b2,2024-04-30 13:31:28,130,CORPO ESFORÇAR,3590,6060
07-05-2024_14-33-10_p0027,2024-05-07 14:33:10,P24.2,BEBIDA QUAL,1940,3950
15-05-2024_15-40-40_p0032_s114_b2,2024-05-15 15:40:40,114,DOR CHOQUE,2680,7740
10-05-2024_16-24-56_p0033_s5_b1,2024-05-10 16:24:56,5,CABEÇA DOR,1270,4900
30-01-2024_14-55-43_p12,2024-01-30 14:55:43,145,ÁGUA QUENTE COLOCAR-BRAÇO,1400,5220
09-05-2024_14-51-21_p0033_s132_b2,2024-05-09 14:51:21,132,NARIZ ESPIRRAR,2680,5740
17-07-2024_14-29-44_p0041_s119_b2,2024-07-17 14:29:44,119,SENTIR MAL,2110,5610
22-02-2024_13-21-18_p0018_s12_b1,2024-02-22 13:21:18,12,DOR BRAÇO,1750,5730
29-04-2024_16-43-47_p0024_s31_b1,2024-04-29 16:43:47,31,MANCHAS-PELE,2170,6240
20-05-2024_15-20-06_p0023_s96_b2,2024-05-20 15:20:06,96,DOR MEIO-BARRIGA,3370,6410
13-03-2024_15-27-57_p0014,2024-03-13 15:27:57,148.16,P,2020,3750
03-05-2024_18-35-16_p0031,2024-05-03 18:35:16,170.5,5,1390,4280
17-06-2024_15-22-24_p0019_s135_b2,2024-06-17 15:22:24,135,ENGOLIR,2030,6490
03-05-2024_18-45-52_p0031_sP12_b3,2024-05-03 18:45:52,P12,DOR EXEMPLO AQUI LUGAR MESMO O U ESPALHAR AQUI LUGARES ENTÃO,3220,14490
07-05-2024_14-53-54_p0027_s4_b1,2024-05-07 14:53:54,4,CONVULSÃO ENROLAR-LÍNGUA,1710,5410
27-03-2024_16-16-08_p0015_s42_b1,2024-03-27 16:16:08,42,COBRA PICAR,1950,4640
24-05-2024_19-13-01_p0031,2024-05-24 19:13:01,148.24,X,1500,3540
29-04-2024_16-07-28_p0024,2024-04-29 16:07:28,P17.3,VOCÊ JÁ VACINAR GRIPE,2510,6620
10-05-2024_10-01-07_p0030_s265_b4,2024-05-10 10:01:07,265,VINHO,2020,5120
15-05-2024_16-00-38_p0032_s125_b2,2024-05-15 16:00:38,125,COMER CATEGORIA ÁCIDO MAIS APIMENTADO,3500,11960
07-05-2024_15-02-12_p0027_s29_b1,2024-05-07 15:02:12,29,INCHAR,2060,5410
08-04-2024_16-31-51_p0021_s7_b1,2024-04-08 16:31:51,7,DOR PEITO,1690,4060
17-07-2024_14-35-17_p0041_s133_b2,2024-07-17 14:35:17,133,MASTIGAR,2130,5160
03-05-2024_18-30-40_p0031,2024-05-03 18:30:40,P9.7,TOMAR-REMÉDIO AJUDAR CURAR PEITO DOR O U FALTAR A R ENTÃO,1910,10330
10-05-2024_16-51-33_p0033_s75_b1,2024-05-10 16:51:33,75,TOSSIR,1400,3630
03-05-2024_08-57-33_p0030_s75_b1,2024-05-03 08:57:33,75,TOSSIR,2460,4150
15-05-2024_15-28-06_p0032_s95_b2,2024-05-15 15:28:06,95,DOR OLHOS,3150,8410
25-03-2024_15-56-48_p0020,2024-03-25 15:56:48,P24.3,QUANTOS BEBIDA,2140,4530
03-05-2024_08-46-01_p0030_s47_b1,2024-05-03 08:46:01,47,XIXI SENTIR IGUAL QUENTE,1710,5540
18-04-2024_10-33-30_p0025_s64_b1,2024-04-18 10:33:30,64,QUASE CABEÇA-SAIR NASCER,2100,6550
23-04-2024_15-06-32_p0026_s14_b1,2024-04-23 15:06:32,14,DOR PERNA ATRÁS,2120,6240
29-04-2024_16-01-31_p0024_s199_b3,2024-04-29 16:01:31,199,CATARRO COLA AMARELO,3040,7950
23-04-2024_11-22-31_p0024_s222_b4,2024-04-23 11:22:31,222,DOR-BARRIGA NENHUM,1700,4960
26-03-2024_15-45-17_p0022,2024-03-26 15:45:17,P17.1,VOCÊ JÁ VACINAR COVID-19,2680,7250
29-04-2024_16-25-02_p0024_s2_b1,2024-04-29 16:25:02,2,CONFUSÃO,1810,5420
27-05-2024_16-31-52_p0032_s6_b1,2024-05-27 16:31:52,6,DOR PESCOÇO,2130,4950
24-07-2024_14-31-49_p0041_s62_b1,2024-07-24 14:31:49,62,MATERIAL GRUPO CORTAR TAMBÉM OBJETO-FINO-LONGO FINCAR,2070,11900
16-05-2024_15-12-34_p0034,2024-05-16 15:12:34,148.24,X,3080,4980
03-05-2024_14-17-05_p0027_s132_b2,2024-05-03 14:17:05,132,NARIZ ESPIRRAR,1690,5410
02-05-2024_16-04-55_p0026,2024-05-02 16:04:55,P22.3,QUAL MEDICAMENTO,1150,4650
05-06-2024_10-01-11_p0036_s224_b4,2024-06-05 10:01:11,224,INFARTO,2950,6290
11-06-2024_14-09-14_p0035_s106_b2,2024-06-11 14:09:14,106,DOR PULSAR,2340,7830
27-03-2024_15-23-13_p0015_s124_b2,2024-03-27 15:23:13,124,GASES,1760,4880
26-08-2024_15-26-28_p0019_s31_b1,2024-08-26 15:26:28,31,MANCHAS-PELE,2930,5300
28-06-2024_14-15-08_p0035_s24_b1,2024-06-28 14:15:08,24,VOMITAR,1600,3040
24-07-2024_14-18-30_p0041_s28_b1,2024-07-24 14:18:30,28,NARIZ-LADOS FECHAR,2050,5230
20-05-2024_15-33-27_p0023_s109_b2,2024-05-20 15:33:27,109,DOR MUITO-FORTE,1620,5910
22-02-2024_10-43-08_p0017_s166_b3,2024-02-22 10:43:08,166,SUBIR-ESCADA CORPO PIOR,4580,8700
07-05-2024_14-24-43_p0027_s252_b4,2024-05-07 14:24:43,252,ALERGIA LEITE,2170,4670
17-06-2024_14-59-44_p0019_s103_b2,2024-06-17 14:59:44,103,DOR JOELHO-DIREITO JOELHO-ESQUERDO,3470,9140
27-05-2024_16-58-23_p0032_s65_b1,2024-05-27 16:58:23,65,NASCER VIVO,1540,5480
12-03-2024_10-32-35_p0021_s237_b4,2024-03-12 10:32:35,237,RINS FRACO,1940,5390
20-05-2024_11-36-58_p0034_s38_b1,2024-05-20 11:36:58,38,TENTAR SUICIDAR,2220,6350
18-04-2024_15-38-59_p0026_s131_b2,2024-04-18 15:38:59,131,PERÍODO MENSTRUAR,1880,4990
24-07-2024_14-33-18_p0041_s65_b1,2024-07-24 14:33:18,65,NASCER VIVO,2010,6590
27-03-2024_16-20-09_p0015_s53_b1,2024-03-27 16:20:09,53,XIXI VERMELHO,1470,4280
18-03-2024_11-48-34_p0013_s279_b4,2024-03-18 11:48:34,279,DUAS-DOSES TOMAR DUAS-VEZES SEMANA,2120,6770
11-03-2024_15-29-04_p0020_s162_b3,2024-03-11 15:29:04,162,TOMAR-BANHO CORPO PIOR,3910,8510
17-06-2024_15-00-18_p0019_s104_b2,2024-06-17 15:00:18,104,DOR PERNA-DIREITA PERNA-ESQUERDA,2220,7180
22-02-2024_13-21-45_p0018_s14_b1,2024-02-22 13:21:45,14,DOR PERNA ATRÁS,4160,10090
18-03-2024_11-17-25_p0013,2024-03-18 11:17:25,P18.5,VOCÊ BARRIGA DOR ENTÃO,1610,6590
22-04-2024_09-40-21_p0025_s199_b3,2024-04-22 09:40:21,199,CATARRO COLA AMARELO,1630,5140
03-05-2024_08-35-25_p0030_s23_b1,2024-05-03 08:35:25,23,TONTURA-ENJOO,1720,5030
08-05-2024_16-23-26_p0033_s207_b3,2024-05-08 16:23:26,207,NÃO VACINAR GRIPE,4180,7850
09-05-2024_14-29-31_p0033_s106_b2,2024-05-09 14:29:31,106,DOR PULSAR,3200,7220
20-05-2024_11-28-58_p0034_s21_b1,2024-05-20 11:28:58,21,EVACUAR-ESPALHAR,2670,6160
09-05-2024_14-40-02_p0033_sP07_b2,2024-05-09 14:40:02,P7,SENTIR JUNTO ITENS MAIS TER,2620,10020
10-05-2024_09-10-56_p0030_s207_b3,2024-05-10 09:10:56,207,NÃO VACINAR GRIPE,2050,5340
22-02-2024_10-36-45_p0017,2024-02-22 10:36:45,P9.2,SUBIR-MORRO FÍSICO PIOR,3840,9960
24-07-2024_14-38-02_p0041_s75_b1,2024-07-24 14:38:02,75,TOSSIR,1740,5130
09-05-2024_15-16-35_p0033_s151_b2,2024-05-09 15:16:35,151,OBRIGADO,1910,4360
03-05-2024_08-27-04_p0030_s1_b1,2024-05-03 08:27:04,1,CONFUSÃO-MENTAL PERCEPÇÃO ESQUECER,2910,6080
17-06-2024_15-20-55_p0019_s132_b2,2024-06-17 15:20:55,132,NARIZ ESPIRRAR,2190,6150
07-05-2024_14-31-07_p0027_s262_b4,2024-05-07 14:31:07,262,DOIS ANO,2340,4050
20-02-2024_16-43-48_p0015_s249_b4,2024-02-20 16:43:48,249,ALERGIA GATO,1630,5970
10-05-2024_15-10-43_p0033_s220_b4,2024-05-10 15:10:43,220,TER M U C O COLA,2250,5290
28-02-2024_17-04-02_p0011_s154_b2,2024-02-28 17:04:02,154,PARAR,1260,4220
23-04-2024_11-28-55_p0024_s237_b4,2024-04-23 11:28:55,237,RINS FRACO,1820,5470
20-02-2024_16-20-37_p0015_s220_b4,2024-02-20 16:20:37,220,TER M U C O COLA,1310,5920
08-05-2024_15-31-04_p0033,2024-05-08 15:31:04,170.5,5,2780,4650
19-03-2024_15-15-27_p0022,2024-03-19 15:15:27,P6.6,DOR IGUAL SENTIR CHOQUE,2750,8440
30-04-2024_13-19-00_p0024_s114_b2,2024-04-30 13:19:00,114,DOR CHOQUE,3100,6100
21-02-2024_15-54-15_p0016_s137_b2,2024-02-21 15:54:15,137,ESTRESSE,1420,4180
24-05-2024_19-14-26_p0031_s151_b2,2024-05-24 19:14:26,151,OBRIGADO,1720,3470
12-06-2024_17-04-33_p0038_s204_b3,2024-06-12 17:04:33,204,DOIS VACINA,2190,4550
15-05-2024_16-41-05_p0032,2024-05-15 16:41:05,148.4,D,2900,6330
06-05-2024_16-11-19_p0032_s282_b4,2024-05-06 16:11:19,282,UM COPO CHEIO TODO-DIA,3700,9420
03-05-2024_18-34-23_p0031,2024-05-03 18:34:23,170.2,2,1800,4580
24-07-2024_14-16-34_p0041_s25_b1,2024-07-24 14:16:34,25,FEZES ESCURO,1940,6010
09-05-2024_14-25-45_p0033_s104_b2,2024-05-09 14:25:45,104,DOR PERNA-DIREITA PERNA-ESQUERDA,2590,6960
26-04-2024_14-52-04_p0028_s40_b1,2024-04-26 14:52:04,40,CACHORRO MORDER,2080,5510
12-07-2024_14-56-13_p0040,2024-07-12 14:56:13,170.8,8,1010,3320
22-02-2024_13-26-37_p0018_s24_b1,2024-02-22 13:26:37,24,VOMITAR,6230,8490
08-06-2024_10-46-08_p0031_s67_b1,2024-06-08 10:46:08,67,VOMITAR TER VERMELHO,2570,4910
27-05-2024_17-04-32_p0032_s80_b1,2024-05-27 17:04:32,80,SENTADO EM-PÉ,1480,5620
03-04-2024_16-07-36_p0023_s268_b4,2024-04-03 16:07:36,268,UÍSQUE,1780,3700
07-03-2024_14-15-36_p0010_s150_b2,2024-03-07 14:15:36,150,ENTENDER,1370,2750
21-02-2024_12-04-20_p0013_s72_b1,2024-02-21 12:04:20,72,2-MÊS,3230,4710
24-07-2024_14-30-03_p0041_s57_b1,2024-07-24 14:30:03,57,TONTEIRA,1400,7260
30-01-2024_11-13-26_p11,2024-01-30 11:13:26,39,MORDER,960,4810
18-06-2024_15-33-21_p0028,2024-06-18 15:33:21,148.2,B,2130,3650
08-05-2024_15-22-36_p0033,2024-05-08 15:22:36,P9.7,TOMAR-REMÉDIO AJUDAR CURAR PEITO DOR O U FALTAR A R ENTÃO,2880,10490
27-03-2024_15-34-32_p0015,2024-03-27 15:34:32,148.1,A,1750,3890
30-04-2024_13-20-52_p0024,2024-04-30 13:20:52,P6.4,DOR IGUAL QUEIMAR,2540,6770
25-03-2024_16-37-26_p0020,2024-03-25 16:37:26,148.5,E,1220,4510
11-05-2024_09-54-42_p0034_s189_b3,2024-05-11 09:54:42,189,DOR PERNAS-ESPALHAR APONTAR-PERNA,3350,7410
15-05-2024_16-07-48_p0032_s136_b2,2024-05-15 16:07:48,136,ANDAR,2690,6930
31-01-2024_15-14-06_p13,2024-01-31 15:14:06,242,EU USAR REMÉDIO,1540,5220
11-06-2024_14-37-25_p0035,2024-06-11 14:37:25,148.11,K,1750,4760
10-05-2024_10-08-59_p0030_s282_b4,2024-05-10 10:08:59,282,UM COPO CHEIO TODO-DIA,2170,7070
16-07-2024_16-25-34_p0039,2024-07-16 16:25:34,P18.5,VOCÊ BARRIGA DOR ENTÃO,1770,6820
13-03-2024_15-27-09_p0014,2024-03-13 15:27:09,148.13,M,1450,2850
07-03-2024_14-13-41_p0010,2024-03-07 14:13:41,148.19,S,1480,2130
21-02-2024_11-54-02_p0013_s62_b1,2024-02-21 11:54:02,62,MATERIAL GRUPO CORTAR TAMBÉM OBJETO-FINO-LONGO FINCAR,2970,11320
12-03-2024_10-24-41_p0021_s226_b4,2024-03-12 10:24:41,226,PRESSÃO ALTO,2550,4960
21-02-2024_11-36-36_p0013_s25_b1,2024-02-21 11:36:36,25,FEZES ESCURO,3290,5820
10-05-2024_09-56-18_p0030_s257_b4,2024-05-10 09:56:18,257,ALERGIA REMÉDIO NÃO-TER,2240,6310
16-07-2024_16-44-55_p0039_s260_b4,2024-07-16 16:44:55,260,NÃO FUMAR,3440,5870
27-05-2024_16-03-04_p0032,2024-05-27 16:03:04,P17.1,VOCÊ JÁ VACINAR COVID-19,1760,7520
03-05-2024_08-36-27_p0030_s26_b1,2024-05-03 08:36:27,26,TOSSIR,2070,4050
29-04-2024_16-26-18_p0024_s5_b1,2024-04-29 16:26:18,5,CABEÇA DOR,3080,6950
30-04-2024_13-23-49_p0024_s117_b2,2024-04-30 13:23:49,117,SUAR SUAR SUAR,2490,5000
27-03-2024_15-39-11_p0015,2024-03-27 15:39:11,148.17,Q,1390,4330
28-02-2024_17-00-30_p0011,2024-02-28 17:00:30,148.26,Z,1310,4570
22-04-2024_09-19-51_p0025,2024-04-22 09:19:51,170.8,8,1450,3590
27-03-2024_15-04-46_p0015_sP05_b2,2024-03-27 15:04:46,P5,POR-QUE PROCURAR VIR HOJE TER PIORAR,3720,13310
05-06-2024_09-41-04_p0036,2024-06-05 09:41:04,P18.1,ENJOAR O U VOMITAR,3700,8220
08-04-2024_15-57-42_p0021_s140_b2,2024-04-08 15:57:42,140,PERNAS MEXER-PERNAS,1740,5490
08-05-2024_09-45-19_p0030_s118_b2,2024-05-08 09:45:19,118,OLHOS-LACRIMEJAR,1750,4160
11-05-2024_09-45-29_p0034_s175_b3,2024-05-11 09:45:29,175,DOIS SEMANA,4300,6380
18-04-2024_15-44-37_p0026_s147_b2,2024-04-18 15:44:37,147,JEJUM,1950,5290
28-06-2024_14-07-27_p0035_s4_b1,2024-06-28 14:07:27,4,CONVULSÃO ENROLAR-LÍNGUA,1760,3880
12-03-2024_10-25-53_p0021_s231_b4,2024-03-12 10:25:53,231,DEPRESSÃO,2660,5720
05-03-2024_10-37-05_p0014_s47_b1,2024-03-05 10:37:05,47,XIXI SENTIR IGUAL QUENTE,2840,8900
03-04-2024_16-01-19_p0023,2024-04-03 16:01:19,P22.3,QUAL MEDICAMENTO,1510,3210
29-04-2024_16-52-20_p0024_s49_b1,2024-04-29 16:52:20,49,XIXI POUCO,2650,6240
26-03-2024_16-29-22_p0022_s261_b4,2024-03-26 16:29:22,261,UM ANO,2480,4790
30-01-2024_11-03-39_p11,2024-01-30 11:03:39,8,DOR COSTAS,1360,6250
21-02-2024_15-24-58_p0016_s101_b2,2024-02-21 15:24:58,101,DOR OMBROS,1870,6370
11-03-2024_15-36-59_p0020,2024-03-11 15:36:59,170.0,0,1440,2210
05-06-2024_10-30-55_p0036_s271_b4,2024-06-05 10:30:55,271,CHAMPANHE,1320,4540
23-04-2024_15-17-43_p0026_s34_b1,2024-04-23 15:17:43,34,FEBRE,1980,3930
16-05-2024_14-30-31_p0034_s102_b2,2024-05-16 14:30:31,102,DOR BRAÇO-DIREITO BRAÇO-ESQUERDO,4140,7920
09-05-2024_14-43-00_p0033_s121_b2,2024-05-09 14:43:00,121,VER MANCHAS,2690,5590
26-02-2024_16-01-56_p0019_s258_b4,2024-02-26 16:01:56,258,ALERGIA NENHUM,2290,6170
24-05-2024_18-31-31_p0031_s84_b2,2024-05-24 18:31:31,84,TRÊS-DIAS,3250,4540
31-01-2024_14-56-17_p13,2024-01-31 14:56:17,P11.4,AO-LONGO-DO-TEMPO DOR COMO AUMENTAR O U DIMINUIR,2730,12970
05-06-2024_09-59-42_p0036,2024-06-05 09:59:42,P19.1,VOCÊ JÁ FAZER TRATAMENTO ALGUM DOENÇA ENTÃO,3630,15830
08-06-2024_10-39-31_p0031_s55_b1,2024-06-08 10:39:31,55,VERMELHO NARIZ-SANGRAR GRIPE,1740,4830
11-06-2024_14-36-45_p0035,2024-06-11 14:36:45,148.9,I,1540,4410
23-04-2024_11-18-20_p0024_s217_b4,2024-04-23 11:18:20,217,FEZES-LÍQUIDAS BRANCO,2840,4720
13-03-2024_15-31-25_p0014_s149_b2,2024-03-13 15:31:25,149,DEVAGAR,2730,4620
08-04-2024_16-46-12_p0021_s39_b1,2024-04-08 16:46:12,39,MORDER,1300,3610
19-07-2024_14-33-55_p0040,2024-07-19 14:33:55,148.18,R,2120,3610
30-04-2024_13-34-01_p0024_s137_b2,2024-04-30 13:34:01,137,ESTRESSE,2160,4440
30-04-2024_13-26-30_p0024_s121_b2,2024-04-30 13:26:30,121,VER MANCHAS,3130,6120
16-05-2024_14-20-07_p0034_s83_b2,2024-05-16 14:20:07,83,UM-DIA,3240,4790
03-05-2024_18-52-20_p0031_s190_b3,2024-05-03 18:52:20,190,SIM APERTAR-BRAÇO DOER,2130,6720
27-03-2024_16-18-51_p0015_s49_b1,2024-03-27 16:18:51,49,XIXI POUCO,1650,4920
17-06-2024_15-36-07_p0019,2024-06-17 15:36:07,148.17,Q,1920,5170
26-03-2024_15-15-09_p0022,2024-03-26 15:15:09,170.6,6,2330,4930
30-04-2024_13-30-33_p0024_s127_b2,2024-04-30 13:30:33,127,COMER COISAS ÓLEO,1600,4340
22-04-2024_09-46-08_p0025_s208_b3,2024-04-22 09:46:08,208,NÃO TRAZER CARTÃO-DE-VACINA NENHUM,1920,6340
02-05-2024_16-18-39_p0026_s283_b4,2024-05-02 16:18:39,283,UM COPO UMA-VEZ SEMANA,1350,5890
20-05-2024_15-43-17_p0023,2024-05-20 15:43:17,P8.1,S I FAZER COISAS SENTIR DOR PIORAR,2480,10680
30-04-2024_13-03-42_p0024_sP05_b2,2024-04-30 13:03:42,P5,POR-QUE PROCURAR VIR HOJE TER PIORAR,4850,13120
19-06-2024_16-18-59_p0023_s7_b1,2024-06-19 16:18:59,7,DOR PEITO,5270,7900
19-06-2024_09-59-38_p0036_s23_b1,2024-06-19 09:59:38,23,TONTURA-ENJOO,2580,7960
22-02-2024_14-14-26_p0018,2024-02-22 14:14:26,P6.6,DOR IGUAL SENTIR CHOQUE,1340,8350
08-05-2024_15-12-38_p0033_s158_b3,2024-05-08 15:12:38,158,SUBIR-MORRO FÍSICO PIOR,3850,8170
03-05-2024_14-19-44_p0027_s142_b2,2024-05-03 14:19:44,142,MOVIMENTAR-CORPO DOR PIORAR,1530,6490
09-05-2024_14-17-10_p0033_s88_b2,2024-05-09 14:17:10,88,NÃO,2910,5150
22-02-2024_13-51-33_p0018_s80_b1,2024-02-22 13:51:33,80,SENTADO EM-PÉ,2230,6050
19-07-2024_15-49-12_p0040_s69_b1,2024-07-19 15:49:12,69,30 MINUTO,2250,5580
08-05-2024_09-42-57_p0030,2024-05-08 09:42:57,P6.3,DOR IGUAL PESO,1900,4770
22-02-2024_11-56-00_p0017_s272_b4,2024-02-22 11:56:00,272,UM LATA TODO-DIA,1250,4360
28-06-2024_15-05-58_p0035,2024-06-28 15:05:58,P18.3,COMO FEZES COMO,2210,7150
26-04-2024_14-38-48_p0028_s19_b1,2024-04-26 14:38:48,19,PALPITAÇÃO,3210,6330
09-05-2024_14-26-10_p0033_s105_b2,2024-05-09 14:26:10,105,DOR TESTÍCULOS,2540,7180
10-05-2024_16-07-01_p0033_s273_b4,2024-05-10 16:07:01,273,UM LATA UMA-VEZ SEMANA,2660,6320
29-04-2024_11-53-11_p0029,2024-04-29 11:53:11,P8.2,SENTIR DOR DEPOIS DESAPARECER ENTÃO,1870,7800
08-05-2024_16-05-34_p0033,2024-05-08 16:05:34,P13.2,MOMENTO FICAR-EM-PÉ SENTAR DEITAR DOR PIORAR,3090,9880
18-04-2024_10-18-17_p0025_s27_b1,2024-04-18 10:18:17,27,CATARRO GRIPE,2520,7300
29-02-2024_13-34-45_p0010_s1_b1,2024-02-29 13:34:45,1,CONFUSÃO-MENTAL PERCEPÇÃO ESQUECER,5390,9090
20-05-2024_15-33-01_p0023_s108_b2,2024-05-20 15:33:01,108,DOR LEVE,1470,7350
19-06-2024_16-27-57_p0023_s23_b1,2024-06-19 16:27:57,23,TONTURA-ENJOO,1910,5900
17-07-2024_14-31-28_p0041_s124_b2,2024-07-17 14:31:28,124,GASES,2440,4990
12-03-2024_14-48-48_p0022_s80_b1,2024-03-12 14:48:48,80,SENTADO EM-PÉ,2930,7120
20-05-2024_15-33-56_p0023_s110_b2,2024-05-20 15:33:56,110,DOR APERTAR,1320,6220
10-05-2024_09-36-25_p0030_s214_b4,2024-05-10 09:36:25,214,FEZES-LÍQUIDAS BRILHANTE,1870,5330
19-03-2024_15-22-52_p0022_s127_b2,2024-03-19 15:22:52,127,COMER COISAS ÓLEO,4180,8910
22-02-2024_15-36-24_p0014,2024-02-22 15:36:24,P11.5,PERÍODO DOR TER AUMENTAR,2610,7710
23-04-2024_11-36-30_p0024_s258_b4,2024-04-23 11:36:30,258,ALERGIA NENHUM,1610,5550
19-06-2024_16-31-06_p0023_s31_b1,2024-06-19 16:31:06,31,MANCHAS-PELE,2300,4440
24-07-2024_14-35-11_p0041_s68_b1,2024-07-24 14:35:11,68,15 MINUTO,1350,5740
19-07-2024_14-35-12_p0040,2024-07-19 14:35:12,148.22,V,1640,3440
26-03-2024_16-19-51_p0022,2024-03-26 16:19:51,P22.1,VOCÊ TER ALERGIA ENTÃO,3560,6800
10-05-2024_09-50-00_p0030_s246_b4,2024-05-10 09:50:00,246,F U N G O S SINAL FUNGO,2290,10340
19-03-2024_15-37-49_p0022_s147_b2,2024-03-19 15:37:49,147,JEJUM,4340,6840
18-06-2024_16-28-03_p0028_s227_b4,2024-06-18 16:28:03,227,ASMA,1580,4600
12-03-2024_10-46-11_p0021_s262_b4,2024-03-12 10:46:11,262,DOIS ANO,1980,3630
18-06-2024_14-51-59_p0028_s84_b2,2024-06-18 14:51:59,84,TRÊS-DIAS,1770,3480
08-04-2024_16-12-07_p0021,2024-04-08 16:12:07,148.15,O,1530,3550
17-06-2024_15-59-51_p0019_s152_b2,2024-06-17 15:59:51,152,OBRIGADO,2040,4850
23-04-2024_15-23-06_p0026_s49_b1,2024-04-23 15:23:06,49,XIXI POUCO,1890,3940
08-06-2024_10-23-00_p0031_s12_b1,2024-06-08 10:23:00,12,DOR BRAÇO,1690,4010
03-05-2024_08-53-50_p0030_s67_b1,2024-05-03 08:53:50,67,VOMITAR TER VERMELHO,1580,4440
17-06-2024_16-02-12_p0019_s157_b2,2024-06-17 16:02:12,157,CONTINUAR,1740,4260
19-07-2024_15-35-49_p0040_s46_b1,2024-07-19 15:35:49,46,PROBLEMA OUVIDOS,3590,7000
19-06-2024_10-12-47_p0036_s50_b1,2024-06-19 10:12:47,50,TODA-HORA URINAR,1830,5310
05-06-2024_09-50-12_p0036_s217_b4,2024-06-05 09:50:12,217,FEZES-LÍQUIDAS BRANCO,2840,7580
21-02-2024_15-16-33_p0016_s83_b2,2024-02-21 15:16:33,83,UM-DIA,1570,4130
17-06-2024_14-56-57_p0019_s97_b2,2024-06-17 14:56:57,97,DOR LADOS-BARRIGA,2450,7630
03-04-2024_15-53-58_p0023_s246_b4,2024-04-03 15:53:58,246,F U N G O S SINAL FUNGO,3860,12550
19-07-2024_14-35-26_p0040,2024-07-19 14:35:26,148.23,W,2360,3880
11-05-2024_10-01-47_p0034_s196_b3,2024-05-11 10:01:47,196,TOSSE CATARRO COLA,2950,6320
27-03-2024_15-18-09_p0015,2024-03-27 15:18:09,P6.3,DOR IGUAL PESO,2220,7110
17-06-2024_15-34-09_p0019,2024-06-17 15:34:09,148.11,K,2360,5160
22-02-2024_14-22-16_p0018_s126_b2,2024-02-22 14:22:16,126,BEBER ÁLCOOL,4610,9040
03-05-2024_18-59-25_p0031_s199_b3,2024-05-03 18:59:25,199,CATARRO COLA AMARELO,1390,6000
07-03-2024_14-10-52_p0010,2024-03-07 14:10:52,148.7,G,1700,2080
26-02-2024_16-16-45_p0019_s274_b4,2024-02-26 16:16:45,274,DOIS LATAS DUAS-VEZES SEMANA,2250,6780
20-02-2024_16-58-07_p0015_s266_b4,2024-02-20 16:58:07,266,DOSE ÁLCOOL,1640,5740
08-06-2024_10-35-48_p0031_s46_b1,2024-06-08 10:35:48,46,PROBLEMA OUVIDOS,1880,3870
18-04-2024_10-40-32_p0025_s78_b1,2024-04-18 10:40:32,78,CALADO DEITADO,1510,5820
19-03-2024_14-53-36_p0022_s84_b2,2024-03-19 14:53:36,84,TRÊS-DIAS,2100,4670
03-05-2024_08-57-56_p0030_s76_b1,2024-05-03 08:57:56,76,LIMPAR CASA,2290,4580
24-05-2024_18-36-39_p0031_s95_b2,2024-05-24 18:36:39,95,DOR OLHOS,2840,4840
30-01-2024_11-25-55_p11,2024-01-30 11:25:55,69,30 MINUTO,960,4890
11-06-2024_14-44-29_p0035_s151_b2,2024-06-11 14:44:29,151,OBRIGADO,1680,4370
19-06-2024_09-51-10_p0036_s6_b1,2024-06-19 09:51:10,6,DOR PESCOÇO,2340,5820
24-05-2024_18-40-46_p0031,2024-05-24 18:40:46,P6.2,COMO DOR,1700,4640
22-04-2024_09-08-11_p0025_s159_b3,2024-04-22 09:08:11,159,SUBIR-MORRO CORPO PIOR NÃO,1730,8400
10-05-2024_09-07-39_p0030_s203_b3,2024-05-10 09:07:39,203,NÃO VACINAR COVID-19,3890,7020
19-06-2024_16-18-08_p0023_s5_b1,2024-06-19 16:18:08,5,CABEÇA DOR,2210,5480
09-05-2024_14-58-04_p0033,2024-05-09 14:58:04,P8.2,SENTIR DOR DEPOIS DESAPARECER ENTÃO,2960,8070
29-04-2024_15-32-57_p0024,2024-04-29 15:32:57,170.5,5,2350,3630
03-04-2024_15-57-19_p0023_s253_b4,2024-04-03 15:57:19,253,ALERGIA O V O OVO,4710,6760
02-05-2024_14-44-03_p0026_s161_b3,2024-05-02 14:44:03,161,PLANO ANDAR FÍSICO PIOR NÃO,3940,11650
06-05-2024_15-26-37_p0032_s223_b4,2024-05-06 15:26:37,223,DIABETES,2410,5180
09-05-2024_15-13-48_p0033,2024-05-09 15:13:48,148.23,W,2180,4770
26-08-2024_15-43-17_p0019_s63_b1,2024-08-26 15:43:17,63,TIRO FURAR-BARRIGA,4070,6680
22-04-2024_09-11-41_p0025,2024-04-22 09:11:41,P9.5,DEITAR CALMA PIOR,1930,5570
19-07-2024_15-51-49_p0040_s74_b1,2024-07-19 15:51:49,74,BEBER,1870,4770
03-05-2024_08-39-17_p0030_s34_b1,2024-05-03 08:39:17,34,FEBRE,2820,4250
17-06-2024_16-01-01_p0019_s155_b2,2024-06-17 16:01:01,155,PARAR,1770,4520
19-06-2024_10-08-26_p0036_s41_b1,2024-06-19 10:08:26,41,GATO MORDER,1360,4850
18-03-2024_15-18-20_p0020_s18_b1,2024-03-18 15:18:20,18,DIFÍCIL RESPIRAR,1000,5860
09-05-2024_14-21-09_p0033_s95_b2,2024-05-09 14:21:09,95,DOR OLHOS,2720,6300
05-06-2024_10-11-44_p0036_s246_b4,2024-06-05 10:11:44,246,F U N G O S SINAL FUNGO,1500,14920
26-03-2024_15-16-53_p0022,2024-03-26 15:16:53,P11.1,SENTIR DOR DEPOIS SUMIR OUTRA-VEZ SENTIR DOR SUMIR VOLTAR SUMIR,2240,13590
27-03-2024_15-41-36_p0015,2024-03-27 15:41:36,148.24,X,1460,4560
18-04-2024_10-11-52_p0025_s12_b1,2024-04-18 10:11:52,12,DOR BRAÇO,2760,6710
15-05-2024_15-13-58_p0032_s82_b2,2024-05-15 15:13:58,82,SEIS HORAS,2980,6100
15-05-2024_15-40-01_p0032_s113_b2,2024-05-15 15:40:01,113,DOR PONTADA,2470,8280
03-05-2024_08-37-16_p0030_s28_b1,2024-05-03 08:37:16,28,NARIZ-LADOS FECHAR,1970,4560
21-02-2024_16-07-23_p0016,2024-02-21 16:07:23,148.14,N,1650,4100
15-05-2024_16-44-43_p0032,2024-05-15 16:44:43,148.12,L,2260,5590
18-03-2024_15-33-36_p0020_s51_b1,2024-03-18 15:33:36,51,XIXI ESCURO,1380,4610
02-05-2024_14-41-12_p0026_s158_b3,2024-05-02 14:41:12,158,SUBIR-MORRO FÍSICO PIOR,2560,7610
10-05-2024_15-09-57_p0033_s218_b4,2024-05-10 15:09:57,218,FEZES-LÍQUIDAS ESCURO,2080,4150
16-07-2024_16-38-38_p0039_s248_b4,2024-07-16 16:38:38,248,ALERGIA CACHORRO,2080,5300
20-05-2024_16-02-11_p0023,2024-05-20 16:02:11,148.2,B,1930,4230
22-02-2024_13-45-49_p0018_s62_b1,2024-02-22 13:45:49,62,MATERIAL GRUPO CORTAR TAMBÉM OBJETO-FINO-LONGO FINCAR,4180,12980
07-05-2024_15-16-39_p0027_s68_b1,2024-05-07 15:16:39,68,15 MINUTO,1480,5000
20-03-2024_14-56-18_p0015_s167_b3,2024-03-20 14:56:18,167,SUBIR-ESCADA CORPO PIOR NÃO,3070,9080
19-03-2024_15-40-51_p0022,2024-03-19 15:40:51,148.5,E,1690,3930
27-03-2024_16-19-32_p0015_s51_b1,2024-03-27 16:19:32,51,XIXI ESCURO,1640,4940
27-03-2024_15-24-45_p0015_s125_b2,2024-03-27 15:24:45,125,COMER CATEGORIA ÁCIDO MAIS APIMENTADO,4420,12260
07-03-2024_13-50-32_p0010_s106_b2,2024-03-07 13:50:32,106,DOR PULSAR,1240,3490
21-02-2024_16-09-18_p0016,2024-02-21 16:09:18,148.22,V,1200,4090
27-05-2024_16-33-03_p0032_s9_b1,2024-05-27 16:33:03,9,DOR LOMBAR,3080,5720
18-06-2024_15-13-17_p0028_s119_b2,2024-06-18 15:13:17,119,SENTIR MAL,2120,4150
11-03-2024_15-39-59_p0020,2024-03-11 15:39:59,170.9,9,1500,2930
22-02-2024_13-23-15_p0018_s19_b1,2024-02-22 13:23:15,19,PALPITAÇÃO,2690,6020
19-03-2024_15-09-13_p0022_s106_b2,2024-03-19 15:09:13,106,DOR PULSAR,2800,7620
10-05-2024_15-34-31_p0033_s251_b4,2024-05-10 15:34:31,251,ALERGIA GRUPO BORRACHA,1920,5150
12-06-2024_17-06-23_p0038_s208_b3,2024-06-12 17:06:23,208,NÃO TRAZER CARTÃO-DE-VACINA NENHUM,1480,5150
28-06-2024_15-36-34_p0035_s257_b4,2024-06-28 15:36:34,257,ALERGIA REMÉDIO NÃO-TER,1970,6030
07-03-2024_14-02-43_p0010_s134_b2,2024-03-07 14:02:43,134,MASTIGAR,890,2700
18-03-2024_11-11-20_p0013_s212_b4,2024-03-18 11:11:20,212,FEZES-LÍQUIDAS,1660,4660
05-06-2024_15-27-42_p0037_s257_b4,2024-06-05 15:27:42,257,ALERGIA REMÉDIO NÃO-TER,1860,6280
26-08-2024_15-19-28_p0019_s13_b1,2024-08-26 15:19:28,13,DOR PERNA,2490,6090
06-05-2024_15-19-21_p0032_s220_b4,2024-05-06 15:19:21,220,TER M U C O COLA,2220,7210
20-05-2024_11-50-40_p0034_s65_b1,2024-05-20 11:50:40,65,NASCER VIVO,2690,6490
07-03-2024_13-52-14_p0010_s112_b2,2024-03-07 13:52:14,112,DOR QUEIMAR,1470,3700
02-05-2024_15-17-51_p0026,2024-05-02 15:17:51,P15.4,CATARRO COLA COR QUAL,1500,6720
08-06-2024_10-38-04_p0031_s52_b1,2024-06-08 10:38:04,52,XIXI ESPUMAR,1900,3510
22-01-2024_16-39-58_p9,2024-01-22 16:39:58,170.3,3,1930,3770
27-05-2024_15-08-16_p0032,2024-05-27 15:08:16,P9.2,SUBIR-MORRO FÍSICO PIOR,2280,9730
27-03-2024_16-26-42_p0015_s69_b1,2024-03-27 16:26:42,69,30 MINUTO,1660,4630
18-06-2024_16-44-13_p0028,2024-06-18 16:44:13,P23.1,VOCÊ FUMAR,1610,3950
23-05-2024_14-56-28_p0035,2024-05-23 14:56:28,170.10,10,1640,3280
20-05-2024_15-30-05_p0023_s103_b2,2024-05-20 15:30:05,103,DOR JOELHO-DIREITO JOELHO-ESQUERDO,1400,6240
17-07-2024_14-47-08_p0041,2024-07-17 14:47:08,148.4,D,1240,3830
30-01-2024_15-02-05_p12,2024-01-30 15:02:05,148.8,H,3510,5100
17-06-2024_15-30-20_p0019,2024-06-17 15:30:20,148.1,A,1810,3610
18-04-2024_15-28-01_p0026_s104_b2,2024-04-18 15:28:01,104,DOR PERNA-DIREITA PERNA-ESQUERDA,1330,6720
22-02-2024_10-57-03_p0017,2024-02-22 10:57:03,170.7,7,4330,6540
19-07-2024_14-24-34_p0040_s144_b2,2024-07-19 14:24:34,144,ÁGUA FRIO COLOCAR-BRAÇO,2360,7980
22-02-2024_14-09-03_p0018_s104_b2,2024-02-22 14:09:03,104,DOR PERNA-DIREITA PERNA-ESQUERDA,1000,7090
20-05-2024_12-32-50_p0034_s269_b4,2024-05-20 12:32:50,269,CACHAÇA,2390,4990
27-05-2024_15-36-49_p0032_s178_b3,2024-05-27 15:36:49,178,CINCO ANO,1740,5580
27-03-2024_16-16-31_p0015_s43_b1,2024-03-27 16:16:31,43,ESCORPIÃO PICAR,1760,5000
26-03-2024_16-29-57_p0022_s263_b4,2024-03-26 16:29:57,263,DEZ ANO,2650,5210
20-05-2024_16-04-55_p0023,2024-05-20 16:04:55,148.10,J,1540,3510
17-06-2024_15-09-17_p0019_s116_b2,2024-06-17 15:09:17,116,DOR APERTAR PONTADA,1740,7240
08-04-2024_15-58-06_p0021_s141_b2,2024-04-08 15:58:06,141,MEXER-PESCOÇO,1270,3570
03-05-2024_14-10-44_p0027_s114_b2,2024-05-03 14:10:44,114,DOR CHOQUE,1380,4860
22-02-2024_15-45-54_p0014_s194_b3,2024-02-22 15:45:54,194,TOSSE SECO,1480,5050
19-03-2024_15-40-34_p0022,2024-03-19 15:40:34,148.4,D,1560,4170
07-03-2024_14-15-12_p0010,2024-03-07 14:15:12,148.26,Z,1850,2790
13-05-2024_16-28-45_p0028_s200_b3,2024-05-13 16:28:45,200,CATARRO COLA VERDE,1610,5300
25-03-2024_16-09-38_p0020_s90_b2,2024-03-25 16:09:38,90,DOR OUVIDO,960,4210
20-05-2024_11-56-53_p0034_s77_b1,2024-05-20 11:56:53,77,EXERCÍCIO-FÍSICO,2610,5700
18-04-2024_15-21-43_p0026_s86_b2,2024-04-18 15:21:43,86,UM MÊS,1500,4790
18-06-2024_16-19-38_p0028_s222_b4,2024-06-18 16:19:38,222,DOR-BARRIGA NENHUM,1740,5980
11-05-2024_10-06-36_p0034_s203_b3,2024-05-11 10:06:36,203,NÃO VACINAR COVID-19,3250,6970
26-03-2024_15-49-06_p0022_sP20_b3,2024-03-26 15:49:06,P20,VOCÊ TER RELATÓRIO AO-LONGO-DO-TEMPO,1660,6530
19-03-2024_15-10-04_p0022_s108_b2,2024-03-19 15:10:04,108,DOR LEVE,2690,8480
30-04-2024_13-27-21_p0024_s123_b2,2024-04-30 13:27:21,123,ZUMBIDO OUVIDO,2480,4760
18-04-2024_10-35-29_p0025_s68_b1,2024-04-18 10:35:29,68,15 MINUTO,3090,7450
16-04-2024_15-31-22_p0016,2024-04-16 15:31:22,170.3,3,1200,4200
30-01-2024_14-28-00_p12,2024-01-30 14:28:00,97,DOR LADOS-BARRIGA,2180,5370
17-06-2024_16-01-20_p0019_s156_b2,2024-06-17 16:01:20,156,NÃO-ENTENDER,1570,4480
22-01-2024_17-21-41_p9,2024-01-22 17:21:41,P17.1,VOCÊ JÁ VACINAR COVID-19,4260,9430
22-04-2024_09-31-30_p0025_s188_b3,2024-04-22 09:31:30,188,DOR PERNAS-ESPALHAR APONTAR-COXA,3340,8410
30-01-2024_15-07-24_p12,2024-01-30 15:07:24,148.22,V,2740,3920
19-07-2024_14-31-45_p0040,2024-07-19 14:31:45,148.11,K,2880,5430
13-03-2024_15-07-44_p0014_sP07_b2,2024-03-13 15:07:44,P7,SENTIR JUNTO ITENS MAIS TER,1730,8020
05-06-2024_10-11-03_p0036_s245_b4,2024-06-05 10:11:03,245,ÁCARO ALERGIA,2540,8820
29-04-2024_11-49-31_p0029_s132_b2,2024-04-29 11:49:31,132,NARIZ ESPIRRAR,1840,4560
18-06-2024_15-05-10_p0028_s108_b2,2024-06-18 15:05:10,108,DOR LEVE,1880,4380
26-03-2024_16-21-16_p0022_s246_b4,2024-03-26 16:21:16,246,F U N G O S SINAL FUNGO,2920,12120
02-05-2024_15-46-25_p0026_s213_b4,2024-05-02 15:46:25,213,CLARO,1150,3710
28-06-2024_14-24-08_p0035_s48_b1,2024-06-28 14:24:08,48,XIXI VAZAR,4460,8270
15-05-2024_16-48-43_p0032,2024-05-15 16:48:43,148.21,U,1940,5310
16-05-2024_14-27-32_p0034_s95_b2,2024-05-16 14:27:32,95,DOR OLHOS,2030,5670
18-06-2024_15-30-53_p0028_s143_b2,2024-06-18 15:30:53,143,DEITAR,2760,4280
12-03-2024_14-31-13_p0022_s39_b1,2024-03-12 14:31:13,39,MORDER,4120,7200
28-06-2024_15-41-24_p0035,2024-06-28 15:41:24,P24.2,BEBIDA QUAL,1450,4840
22-02-2024_11-58-34_p0017_s280_b4,2024-02-22 11:58:34,280,TAÇA TOMAR VINHO UMA-VEZ SEMANA,1290,10430
24-07-2024_14-09-40_p0041_s7_b1,2024-07-24 14:09:40,7,DOR PEITO,1460,5310
20-05-2024_12-07-54_p0034_s222_b4,2024-05-20 12:07:54,222,DOR-BARRIGA NENHUM,2450,6340
29-04-2024_11-53-36_p0029_s143_b2,2024-04-29 11:53:36,143,DEITAR,1830,4420
18-06-2024_15-03-27_p0028_s105_b2,2024-06-18 15:03:27,105,DOR TESTÍCULOS,1610,3920
15-05-2024_16-15-53_p0032_s143_b2,2024-05-15 16:15:53,143,DEITAR,2250,6900
21-02-2024_15-23-55_p0016_s97_b2,2024-02-21 15:23:55,97,DOR LADOS-BARRIGA,1780,6600
16-05-2024_15-16-33_p0034_s156_b2,2024-05-16 15:16:33,156,NÃO-ENTENDER,3500,6070
29-04-2024_11-48-46_p0029_s130_b2,2024-04-29 11:48:46,130,CORPO ESFORÇAR,1790,5700
27-05-2024_17-00-21_p0032_s69_b1,2024-05-27 17:00:21,69,30 MINUTO,1390,4410
26-03-2024_15-41-38_p0022_s196_b3,2024-03-26 15:41:38,196,TOSSE CATARRO COLA,1810,5840
08-04-2024_16-00-10_p0021_s145_b2,2024-04-08 16:00:10,145,ÁGUA QUENTE COLOCAR-BRAÇO,2170,6250
20-03-2024_14-50-00_p0015_s159_b3,2024-03-20 14:50:00,159,SUBIR-MORRO CORPO PIOR NÃO,2620,8760
30-01-2024_11-11-02_p11,2024-01-30 11:11:02,30,FERIR PELE,1370,6380
18-06-2024_15-33-45_p0028,2024-06-18 15:33:45,148.3,C,1900,3100
07-03-2024_13-47-02_p0010_s97_b2,2024-03-07 13:47:02,97,DOR LADOS-BARRIGA,4290,6290
13-03-2024_14-54-20_p0014_s92_b2,2024-03-13 14:54:20,92,DOR TESTA,2960,6860
02-05-2024_15-21-11_p0026,2024-05-02 15:21:11,P17.1,VOCÊ JÁ VACINAR COVID-19,1420,6470
02-04-2024_15-05-09_p0021_s162_b3,2024-04-02 15:05:09,162,TOMAR-BANHO CORPO PIOR,3540,8470
18-06-2024_15-16-34_p0028_s124_b2,2024-06-18 15:16:34,124,GASES,2570,4350
30-04-2024_13-07-35_p0024_s91_b2,2024-04-30 13:07:35,91,DOR LADO-CABEÇA LADO-CABEÇA,2670,7080
27-05-2024_15-55-30_p0032,2024-05-27 15:55:30,P15.1,TER TOSSE,1980,6530
25-03-2024_16-40-26_p0020,2024-03-25 16:40:26,148.15,O,1430,4510
28-06-2024_15-06-44_p0035_s211_b4,2024-06-28 15:06:44,211,FRAGMENTOS MISTURAR MOLE,1730,8080
03-05-2024_08-41-40_p0030_s40_b1,2024-05-03 08:41:40,40,CACHORRO MORDER,1640,4370
20-05-2024_12-25-20_p0034,2024-05-20 12:25:20,P22.3,QUAL MEDICAMENTO,3250,6020
15-05-2024_15-15-24_p0032_s85_b2,2024-05-15 15:15:24,85,UM SEMANA,2870,6650
22-02-2024_14-04-44_p0018_s92_b2,2024-02-22 14:04:44,92,DOR TESTA,1060,5480
08-05-2024_15-45-29_p0033,2024-05-08 15:45:29,P11.5,PERÍODO DOR TER AUMENTAR,2500,7440
03-05-2024_08-28-37_p0030_s5_b1,2024-05-03 08:28:37,5,CABEÇA DOR,1810,3840
22-02-2024_11-38-13_p0017_s218_b4,2024-02-22 11:38:13,218,FEZES-LÍQUIDAS ESCURO,1350,4320
23-04-2024_15-19-29_p0026_s39_b1,2024-04-23 15:19:29,39,MORDER,2090,3960
27-05-2024_15-21-13_p0032_s169_b3,2024-05-27 15:21:13,169,REMÉDIO CURAR-NÃO,3590,7770
26-04-2024_14-53-45_p0028_s45_b1,2024-04-26 14:53:45,45,PROBLEMA OLHOS,2700,6260
17-06-2024_15-38-27_p0019,2024-06-17 15:38:27,148.23,W,1750,4310
29-04-2024_16-47-53_p0024_s38_b1,2024-04-29 16:47:53,38,TENTAR SUICIDAR,2520,6060
22-02-2024_14-09-46_p0018_s106_b2,2024-02-22 14:09:46,106,DOR PULSAR,3010,8540
05-03-2024_10-24-18_p0014_s10_b1,2024-03-05 10:24:18,10,DOR BARRIGA,1800,5330
10-05-2024_16-27-19_p0033_s13_b1,2024-05-10 16:27:19,13,DOR PERNA,1590,4850
24-05-2024_18-42-52_p0031_s111_b2,2024-05-24 18:42:52,111,DOR PESO,1590,5370
24-07-2024_14-36-12_p0041_s71_b1,2024-07-24 14:36:12,71,2-HORA,1370,4540
19-06-2024_09-48-24_p0036_s1_b1,2024-06-19 09:48:24,1,CONFUSÃO-MENTAL PERCEPÇÃO ESQUECER,2060,7440
18-06-2024_15-43-56_p0028_s151_b2,2024-06-18 15:43:56,151,OBRIGADO,1570,3240
17-06-2024_15-35-08_p0019,2024-06-17 15:35:08,148.14,N,1540,4680
30-04-2024_13-06-38_p0024_s89_b2,2024-04-30 13:06:38,89,DOR LADO-CABEÇA,2310,5530
27-05-2024_16-31-09_p0032_s4_b1,2024-05-27 16:31:09,4,CONVULSÃO ENROLAR-LÍNGUA,1420,4630
08-04-2024_16-58-53_p0021_sP02_b1,2024-04-08 16:58:53,P2,QUANDO COMEÇAR ENTÃO,1430,4470
03-05-2024_18-41-04_p0031_s174_b3,2024-05-03 18:41:04,174,TRÊS-VEZES DIA,1240,4800
26-08-2024_15-36-03_p0019_s52_b1,2024-08-26 15:36:03,52,XIXI ESPUMAR,4340,7650
16-04-2024_15-43-05_p0016_s185_b3,2024-04-16 15:43:05,185,DOR BARRIGA-ESPALHAR BARRIGA,1250,5870
26-03-2024_16-19-30_p0022_s240_b4,2024-03-26 16:19:30,240,VÍCIO FUMAR,2660,5200
18-04-2024_10-09-08_p0025_s5_b1,2024-04-18 10:09:08,5,CABEÇA DOR,1820,5880
10-05-2024_16-49-36_p0033_s68_b1,2024-05-10 16:49:36,68,15 MINUTO,1720,4720
20-05-2024_16-11-37_p0023_s156_b2,2024-05-20 16:11:37,156,NÃO-ENTENDER,1330,4090
16-05-2024_14-35-25_p0034_s110_b2,2024-05-16 14:35:25,110,DOR APERTAR,2440,6230
09-05-2024_14-53-14_p0033_s136_b2,2024-05-09 14:53:14,136,ANDAR,2480,5050
06-05-2024_16-07-34_p0032_s276_b4,2024-05-06 16:07:34,276,GARRAFA UMA-VEZ SEMANA,3350,8070
30-01-2024_15-05-57_p12,2024-01-30 15:05:57,148.16,P,2810,4020
28-06-2024_15-20-55_p0035_s237_b4,2024-06-28 15:20:55,237,RINS FRACO,1600,5850
29-02-2024_14-18-12_p0010_s74_b1,2024-02-29 14:18:12,74,BEBER,1810,2740
18-03-2024_15-13-25_p0020_s3_b1,2024-03-18 15:13:25,3,MUDAR COMPORTAMENTO,1830,6010
19-07-2024_14-35-41_p0040,2024-07-19 14:35:41,148.24,X,1700,3260
19-06-2024_16-41-30_p0023_s56_b1,2024-06-19 16:41:30,56,VERMELHO FEZES,1730,4600
22-02-2024_15-44-03_p0014_s192_b3,2024-02-22 15:44:03,192,FICAR-EM-PÉ SENTAR DEITAR DOR PIORAR SIM,2630,9480
18-06-2024_16-29-18_p0028_s231_b4,2024-06-18 16:29:18,231,DEPRESSÃO,1520,4160
12-06-2024_10-23-24_p0036,2024-06-12 10:23:24,148.16,P,1640,3920
05-06-2024_15-10-18_p0037,2024-06-05 15:10:18,P19.1,VOCÊ JÁ FAZER TRATAMENTO ALGUM DOENÇA ENTÃO,3090,11750
19-07-2024_15-41-34_p0040_s56_b1,2024-07-19 15:41:34,56,VERMELHO FEZES,1990,5650
17-06-2024_14-48-44_p0019_s82_b2,2024-06-17 14:48:44,82,SEIS HORAS,3110,6980
20-03-2024_15-29-19_p0015,2024-03-20 15:29:19,P17.4,VOCÊ TRAZER CARTÃO-DE-VACINA,2690,6310
03-04-2024_16-08-07_p0023_s270_b4,2024-04-03 16:08:07,270,G-I-N,1690,3300
18-04-2024_15-46-09_p0026,2024-04-18 15:46:09,148.4,D,1620,3900
26-03-2024_16-12-42_p0022_s223_b4,2024-03-26 16:12:42,223,DIABETES,2530,4310
29-04-2024_15-43-17_p0024,2024-04-29 15:43:17,P11.5,PERÍODO DOR TER AUMENTAR,4120,9360
11-03-2024_15-49-55_p0020_s181_b3,2024-03-11 15:49:55,181,PESCOÇO DOR ESPALHAR,2840,7670
09-05-2024_15-04-35_p0033,2024-05-09 15:04:35,148.1,A,2710,4970
25-03-2024_15-55-26_p0020_s269_b4,2024-03-25 15:55:26,269,CACHAÇA,1970,2820
25-03-2024_16-30-13_p0020_s132_b2,2024-03-25 16:30:13,132,NARIZ ESPIRRAR,1230,3650
20-02-2024_16-38-00_p0015_s233_b4,2024-02-20 16:38:00,233,A V C,1580,6240
27-05-2024_16-43-32_p0032_s31_b1,2024-05-27 16:43:32,31,MANCHAS-PELE,2190,4680
29-04-2024_15-25-55_p0024_s167_b3,2024-04-29 15:25:55,167,SUBIR-ESCADA CORPO PIOR NÃO,3050,10460
13-05-2024_16-05-53_p0028_s180_b3,2024-05-13 16:05:53,180,NUCA DOR ESPALHAR,1450,5150
07-05-2024_14-16-09_p0027_s225_b4,2024-05-07 14:16:09,225,ARRITMIA,2150,5320
29-02-2024_14-17-04_p0010_s72_b1,2024-02-29 14:17:04,72,2-MÊS,800,2260
23-04-2024_11-46-46_p0024_s272_b4,2024-04-23 11:46:46,272,UM LATA TODO-DIA,1790,5440
20-02-2024_16-38-43_p0015_s235_b4,2024-02-20 16:38:43,235,OBESIDADE,1830,6190
02-05-2024_15-51-25_p0026_s223_b4,2024-05-02 15:51:25,223,DIABETES,1290,4050
10-05-2024_09-02-03_p0030_s195_b3,2024-05-10 09:02:03,195,CATARRO COLA NENHUM,3500,6660
30-01-2024_11-12-07_p11,2024-01-30 11:12:07,34,FEBRE,960,4880
19-06-2024_16-27-34_p0023_s22_b1,2024-06-19 16:27:34,22,EVACUAR MOLE VERMELHO,2810,6510
28-02-2024_16-11-51_p0011,2024-02-28 16:11:51,P6.1,ONDE DOR,4180,8200
25-03-2024_15-35-40_p0020_s225_b4,2024-03-25 15:35:40,225,ARRITMIA,1630,5520
17-07-2024_14-34-18_p0041_s130_b2,2024-07-17 14:34:18,130,CORPO ESFORÇAR,2950,5880
10-05-2024_09-53-19_p0030_s253_b4,2024-05-10 09:53:19,253,ALERGIA O V O OVO,2280,6640
24-04-2024_15-28-01_p0027_s169_b3,2024-04-24 15:28:01,169,REMÉDIO CURAR-NÃO,4300,6790
22-04-2024_09-30-22_p0025_s186_b3,2024-04-22 09:30:22,186,COSTAS DOR ESPALHAR,1350,6140
16-04-2024_10-30-17_p0025_s224_b4,2024-04-16 10:30:17,224,INFARTO,2140,3700
23-05-2024_15-10-31_p0035_s190_b3,2024-05-23 15:10:31,190,SIM APERTAR-BRAÇO DOER,3610,7470
27-03-2024_15-34-47_p0015,2024-03-27 15:34:47,148.2,B,1570,3550
05-06-2024_15-22-01_p0037_s251_b4,2024-06-05 15:22:01,251,ALERGIA GRUPO BORRACHA,1660,5950
29-04-2024_15-45-16_p0024_s180_b3,2024-04-29 15:45:16,180,NUCA DOR ESPALHAR,2880,6620
19-06-2024_16-25-41_p0023_s20_b1,2024-06-19 16:25:41,20,TONTURA CAIR-PESSOA,2280,7440
24-07-2024_14-40-15_p0041_s81_b1,2024-07-24 14:40:15,81,NÃO-LEMBRAR,2080,5930
16-05-2024_15-10-17_p0034,2024-05-16 15:10:17,148.18,R,3080,4950
29-04-2024_16-04-20_p0024,2024-04-29 16:04:20,P17.1,VOCÊ JÁ VACINAR COVID-19,2280,6280
23-04-2024_15-35-10_p0026_s78_b1,2024-04-23 15:35:10,78,CALADO DEITADO,3080,5560
29-02-2024_14-08-56_p0010_s55_b1,2024-02-29 14:08:56,55,VERMELHO NARIZ-SANGRAR GRIPE,870,3740
15-05-2024_15-38-51_p0032_s111_b2,2024-05-15 15:38:51,111,DOR PESO,2380,9000
24-04-2024_15-25-50_p0027_s167_b3,2024-04-24 15:25:50,167,SUBIR-ESCADA CORPO PIOR NÃO,4070,9170
24-07-2024_15-25-01_p0041_s270_b4,2024-07-24 15:25:01,270,G-I-N,2520,5360
13-05-2024_16-34-49_p0028,2024-05-13 16:34:49,P17.4,VOCÊ TRAZER CARTÃO-DE-VACINA,1690,5890
08-04-2024_15-54-02_p0021_s131_b2,2024-04-08 15:54:02,131,PERÍODO MENSTRUAR,1750,5060
18-03-2024_15-13-47_p0020_s4_b1,2024-03-18 15:13:47,4,CONVULSÃO ENROLAR-LÍNGUA,1550,4800
27-05-2024_15-08-46_p0032_s158_b3,2024-05-27 15:08:46,158,SUBIR-MORRO FÍSICO PIOR,2330,8930
29-04-2024_16-36-03_p0024_s17_b1,2024-04-29 16:36:03,17,CHIAR,2130,7270
06-05-2024_15-55-22_p0032,2024-05-06 15:55:22,P22.3,QUAL MEDICAMENTO,4070,6740
02-05-2024_15-22-43_p0026_s205_b3,2024-05-02 15:22:43,205,TRÊS VACINA,1310,4350
29-02-2024_14-06-23_p0010_s49_b1,2024-02-29 14:06:23,49,XIXI POUCO,1540,3440
17-07-2024_14-43-40_p0041_s152_b2,2024-07-17 14:43:40,152,OBRIGADO,2140,4350
20-05-2024_15-16-40_p0023,2024-05-20 15:16:40,P6.1,ONDE DOR,2020,4800
29-04-2024_11-57-56_p0029,2024-04-29 11:57:56,148.6,F,1960,3940
22-02-2024_14-34-35_p0018,2024-02-22 14:34:35,148.17,Q,870,3640
10-05-2024_08-44-28_p0030_s176_b3,2024-05-10 08:44:28,176,TRÊS-MESES,2840,4960
16-04-2024_15-51-15_p0016_s193_b3,2024-04-16 15:51:15,193,FICAR-EM-PÉ SENTAR DEITAR DOR PIORAR NÃO,1590,9000
08-04-2024_15-46-19_p0021_sP07_b2,2024-04-08 15:46:19,P7,SENTIR JUNTO ITENS MAIS TER,3350,10850
22-02-2024_14-10-01_p0018_s107_b2,2024-02-22 14:10:01,107,DOR PROFUNDO,1570,6480
15-05-2024_15-32-02_p0032_s101_b2,2024-05-15 15:32:02,101,DOR OMBROS,2150,7100
20-05-2024_15-52-40_p0023_s139_b2,2024-05-20 15:52:40,139,BRAÇO MEXER-BRAÇO,1700,6860
29-04-2024_17-05-09_p0024_s75_b1,2024-04-29 17:05:09,75,TOSSIR,2620,5310
29-04-2024_11-30-00_p0029_s92_b2,2024-04-29 11:30:00,92,DOR TESTA,1690,4920
07-03-2024_13-53-26_p0010_s116_b2,2024-03-07 13:53:26,116,DOR APERTAR PONTADA,1430,4940
26-03-2024_16-08-21_p0022_s217_b4,2024-03-26 16:08:21,217,FEZES-LÍQUIDAS BRANCO,2900,5850
22-04-2024_09-09-38_p0025_s161_b3,2024-04-22 09:09:38,161,PLANO ANDAR FÍSICO PIOR NÃO,2150,10240
24-07-2024_14-38-20_p0041_s76_b1,2024-07-24 14:38:20,76,LIMPAR CASA,1960,6610
28-02-2024_16-30-04_p0011,2024-02-28 16:30:04,P6.3,DOR IGUAL PESO,1650,7620
02-04-2024_15-51-11_p0021_s203_b3,2024-04-02 15:51:11,203,NÃO VACINAR COVID-19,1800,6540
02-05-2024_16-00-37_p0026_s249_b4,2024-05-02 16:00:37,249,ALERGIA GATO,1420,5140
08-04-2024_16-55-22_p0021_s63_b1,2024-04-08 16:55:22,63,TIRO FURAR-BARRIGA,1550,3850
03-05-2024_14-23-21_p0027,2024-05-03 14:23:21,148.4,D,1680,4290
18-04-2024_15-50-44_p0026,2024-04-18 15:50:44,148.21,U,2050,4420
19-03-2024_15-25-19_p0022_s132_b2,2024-03-19 15:25:19,132,NARIZ ESPIRRAR,5330,8150
16-04-2024_15-31-54_p0016,2024-04-16 15:31:54,170.5,5,1460,3980
08-04-2024_17-01-32_p0021_s74_b1,2024-04-08 17:01:32,74,BEBER,1370,3100
02-05-2024_15-53-27_p0026_s229_b4,2024-05-02 15:53:27,229,CÂNCER,1230,3810
30-01-2024_14-34-34_p12,2024-01-30 14:34:34,114,DOR CHOQUE,2150,4820
18-06-2024_14-54-14_p0028_s87_b2,2024-06-18 14:54:14,87,SIM,2110,3140
29-04-2024_17-04-30_p0024_s73_b1,2024-04-29 17:04:30,73,COMER,1970,4470
03-04-2024_16-04-32_p0023_s262_b4,2024-04-03 16:04:32,262,DOIS ANO,1470,3050
22-02-2024_14-24-03_p0018_s132_b2,2024-02-22 14:24:03,132,NARIZ ESPIRRAR,2250,5560
02-05-2024_14-45-09_p0026_s162_b3,2024-05-02 14:45:09,162,TOMAR-BANHO CORPO PIOR,2770,8060
25-03-2024_15-34-09_p0020_s222_b4,2024-03-25 15:34:09,222,DOR-BARRIGA NENHUM,2430,5890
15-05-2024_16-45-05_p0032,2024-05-15 16:45:05,148.13,M,1630,5190
02-04-2024_15-17-57_p0021,2024-04-02 15:17:57,170.5,5,2190,5040
10-05-2024_16-26-24_p0033_s10_b1,2024-05-10 16:26:24,10,DOR BARRIGA,2330,5380
30-01-2024_11-03-23_p11,2024-01-30 11:03:23,7,DOR PEITO,930,4960
18-04-2024_15-34-32_p0026_s119_b2,2024-04-18 15:34:32,119,SENTIR MAL,1850,5190
27-05-2024_16-36-25_p0032_s17_b1,2024-05-27 16:36:25,17,CHIAR,2230,5790
22-04-2024_09-27-53_p0025_s180_b3,2024-04-22 09:27:53,180,NUCA DOR ESPALHAR,1510,6240
24-05-2024_19-01-14_p0031_s142_b2,2024-05-24 19:01:14,142,MOVIMENTAR-CORPO DOR PIORAR,1330,6920
08-04-2024_15-55-39_p0021_s136_b2,2024-04-08 15:55:39,136,ANDAR,2010,5160
03-05-2024_08-53-30_p0030_s66_b1,2024-05-03 08:53:30,66,VAGINA VERMELHO SANGRAR,1680,5080
10-05-2024_09-37-53_p0030_s218_b4,2024-05-10 09:37:53,218,FEZES-LÍQUIDAS ESCURO,2250,6110
23-04-2024_11-32-49_p0024_s249_b4,2024-04-23 11:32:49,249,ALERGIA GATO,1580,5360
27-05-2024_16-03-34_p0032_s203_b3,2024-05-27 16:03:34,203,NÃO VACINAR COVID-19,1510,7000
13-03-2024_15-04-32_p0014_s113_b2,2024-03-13 15:04:32,113,DOR PONTADA,2450,6370
08-04-2024_16-41-04_p0021_s23_b1,2024-04-08 16:41:04,23,TONTURA-ENJOO,2930,5100
08-05-2024_09-41-15_p0030_s112_b2,2024-05-08 09:41:15,112,DOR QUEIMAR,1610,4750
29-04-2024_12-01-53_p0029,2024-04-29 12:01:53,148.21,U,1810,3940
10-05-2024_08-56-55_p0030,2024-05-10 08:56:55,P13.2,MOMENTO FICAR-EM-PÉ SENTAR DEITAR DOR PIORAR,3140,9990
18-03-2024_15-18-53_p0020_s20_b1,2024-03-18 15:18:53,20,TONTURA CAIR-PESSOA,1620,5650
08-04-2024_16-34-35_p0021_s10_b1,2024-04-08 16:34:35,10,DOR BARRIGA,1570,4170
11-05-2024_09-46-02_p0034_s176_b3,2024-05-11 09:46:02,176,TRÊS-MESES,3790,5500
23-04-2024_11-23-34_p0024_s224_b4,2024-04-23 11:23:34,224,INFARTO,1560,3930
18-06-2024_14-52-37_p0028_s86_b2,2024-06-18 14:52:37,86,UM MÊS,1160,3010
10-05-2024_15-07-32_p0033_s212_b4,2024-05-10 15:07:32,212,FEZES-LÍQUIDAS,2210,2650
24-07-2024_14-27-04_p0041_s49_b1,2024-07-24 14:27:04,49,XIXI POUCO,1810,6580
26-03-2024_16-13-00_p0022_s224_b4,2024-03-26 16:13:00,224,INFARTO,3170,5720
24-07-2024_14-07-25_p0041_s1_b1,2024-07-24 14:07:25,1,CONFUSÃO-MENTAL PERCEPÇÃO ESQUECER,2300,8440
25-03-2024_16-36-51_p0020,2024-03-25 16:36:51,148.3,C,1170,3590
03-05-2024_18-28-32_p0031_s165_b3,2024-05-03 18:28:32,165,DEITAR CALMA PIOR NÃO,1750,5910
30-01-2024_15-08-57_p12,2024-01-30 15:08:57,149,DEVAGAR,2320,3930
23-04-2024_11-11-35_p0024,2024-04-23 11:11:35,P18.1,ENJOAR O U VOMITAR,330,5560
18-06-2024_15-12-50_p0028_s118_b2,2024-06-18 15:12:50,118,OLHOS-LACRIMEJAR,2540,5110
21-02-2024_15-53-38_p0016_s135_b2,2024-02-21 15:53:38,135,ENGOLIR,1250,4150
10-05-2024_16-45-24_p0033_s57_b1,2024-05-10 16:45:24,57,TONTEIRA,1430,5030
21-02-2024_15-27-42_p0016_s110_b2,2024-02-21 15:27:42,110,DOR APERTAR,1320,5290
30-04-2024_13-53-37_p0024_s154_b2,2024-04-30 13:53:37,154,PARAR,2530,3240
22-04-2024_09-17-37_p0025,2024-04-22 09:17:37,170.0,0,1910,4640
06-05-2024_16-00-10_p0032_s264_b4,2024-05-06 16:00:10,264,CERVEJA,3040,5920
22-02-2024_14-12-10_p0018_s114_b2,2024-02-22 14:12:10,114,DOR CHOQUE,1130,6300
30-01-2024_11-06-54_p11,2024-01-30 11:06:54,19,PALPITAÇÃO,960,4650
08-06-2024_10-20-58_p0031_s6_b1,2024-06-08 10:20:58,6,DOR PESCOÇO,1770,4330
02-05-2024_16-11-52_p0026_s266_b4,2024-05-02 16:11:52,266,DOSE ÁLCOOL,970,4710
27-03-2024_15-28-51_p0015_s135_b2,2024-03-27 15:28:51,135,ENGOLIR,1300,6390
28-06-2024_14-28-51_p0035_s56_b1,2024-06-28 14:28:51,56,VERMELHO FEZES,1550,4730
19-07-2024_15-41-00_p0040_s55_b1,2024-07-19 15:41:00,55,VERMELHO NARIZ-SANGRAR GRIPE,4130,10150
19-03-2024_15-44-38_p0022,2024-03-19 15:44:38,148.17,Q,1510,4370
05-06-2024_10-00-47_p0036_s223_b4,2024-06-05 10:00:47,223,DIABETES,3340,6780
07-05-2024_15-20-51_p0027_s80_b1,2024-05-07 15:20:51,80,SENTADO EM-PÉ,2250,6450
29-04-2024_15-19-40_p0024_s162_b3,2024-04-29 15:19:40,162,TOMAR-BANHO CORPO PIOR,3240,7780
20-05-2024_11-31-29_p0034_s27_b1,2024-05-20 11:31:29,27,CATARRO GRIPE,2710,5320
12-03-2024_10-46-23_p0021_s263_b4,2024-03-12 10:46:23,263,DEZ ANO,2040,4600
03-05-2024_14-21-14_p0027_s147_b2,2024-05-03 14:21:14,147,JEJUM,1160,4330
26-03-2024_15-15-43_p0022,2024-03-26 15:15:43,170.8,8,2340,5190
11-06-2024_14-33-50_p0035,2024-06-11 14:33:50,148.1,A,1600,4950
16-07-2024_16-17-27_p0039_s211_b4,2024-07-16 16:17:27,211,FRAGMENTOS MISTURAR MOLE,1960,6270
07-05-2024_15-05-27_p0027_s39_b1,2024-05-07 15:05:27,39,MORDER,1490,4460
20-05-2024_15-51-54_p0023_s138_b2,2024-05-20 15:51:54,138,APERTAR,1640,4760
11-06-2024_14-41-38_p0035,2024-06-11 14:41:38,148.22,V,1450,4300
19-07-2024_15-53-58_p0040_s78_b1,2024-07-19 15:53:58,78,CALADO DEITADO,2720,6500
26-03-2024_15-01-35_p0022_s159_b3,2024-03-26 15:01:35,159,SUBIR-MORRO CORPO PIOR NÃO,2150,8520
27-03-2024_16-11-16_p0015_s34_b1,2024-03-27 16:11:16,34,FEBRE,1190,3920
26-03-2024_16-39-16_p0022_s283_b4,2024-03-26 16:39:16,283,UM COPO UMA-VEZ SEMANA,2910,6630
21-02-2024_11-52-48_p0013_s59_b1,2024-02-21 11:52:48,59,TRAUMA,2480,4720
26-08-2024_15-50-53_p0019_s80_b1,2024-08-26 15:50:53,80,SENTADO EM-PÉ,3940,7210
23-05-2024_14-45-43_p0035_s164_b3,2024-05-23 14:45:43,164,DEITAR CALMA PIOR,2320,5870
29-04-2024_16-51-23_p0024_s47_b1,2024-04-29 16:51:23,47,XIXI SENTIR IGUAL QUENTE,2300,7800
18-06-2024_16-29-49_p0028_s232_b4,2024-06-18 16:29:49,232,ANSIEDADE,1600,6440
11-06-2024_14-02-20_p0035_s97_b2,2024-06-11 14:02:20,97,DOR LADOS-BARRIGA,2420,6900
22-04-2024_09-20-21_p0025,2024-04-22 09:20:21,170.10,10,2070,4880
22-02-2024_11-45-42_p0017_s245_b4,2024-02-22 11:45:42,245,ÁCARO ALERGIA,3870,7100
12-06-2024_17-10-03_p0038,2024-06-12 17:10:03,P21.2,USAR REMÉDIO,1850,4120
11-03-2024_15-38-41_p0020,2024-03-11 15:38:41,170.3,3,1510,2410
23-05-2024_14-48-41_p0035,2024-05-23 14:48:41,P9.7,TOMAR-REMÉDIO AJUDAR CURAR PEITO DOR O U FALTAR A R ENTÃO,4330,12500
11-03-2024_16-15-40_p0020_s207_b3,2024-03-11 16:15:40,207,NÃO VACINAR GRIPE,2920,6400
29-04-2024_16-48-18_p0024_s39_b1,2024-04-29 16:48:18,39,MORDER,2820,6220
20-05-2024_11-21-25_p0034_s5_b1,2024-05-20 11:21:25,5,CABEÇA DOR,2800,5630
12-03-2024_14-40-19_p0022_s59_b1,2024-03-12 14:40:19,59,TRAUMA,3170,6320
23-05-2024_15-15-48_p0035_s196_b3,2024-05-23 15:15:48,196,TOSSE CATARRO COLA,2740,6350
03-04-2024_16-15-05_p0023_s283_b4,2024-04-03 16:15:05,283,UM COPO UMA-VEZ SEMANA,2590,6770
20-05-2024_12-24-53_p0034_s257_b4,2024-05-20 12:24:53,257,ALERGIA REMÉDIO NÃO-TER,2620,6970
22-01-2024_16-40-24_p9,2024-01-22 16:40:24,170.5,5,1680,4040
29-04-2024_12-05-40_p0029_s156_b2,2024-04-29 12:05:40,156,NÃO-ENTENDER,1780,4400
19-06-2024_16-30-15_p0023_s29_b1,2024-06-19 16:30:15,29,INCHAR,3150,5070
26-03-2024_15-14-01_p0022,2024-03-26 15:14:01,170.2,2,1730,4110
17-07-2024_14-33-33_p0041_s128_b2,2024-07-17 14:33:33,128,LOCAIS BARULHO,4520,6640
28-06-2024_14-13-31_p0035_s20_b1,2024-06-28 14:13:31,20,TONTURA CAIR-PESSOA,2500,5660
18-06-2024_16-11-21_p0028_s216_b4,2024-06-18 16:11:21,216,FEZES-LÍQUIDAS-EXPLODIR,1680,4390
06-05-2024_15-31-57_p0032_s235_b4,2024-05-06 15:31:57,235,OBESIDADE,3490,6900
26-04-2024_15-01-58_p0028_s61_b1,2024-04-26 15:01:58,61,PELE QUEIMAR,1910,6260
22-02-2024_14-27-22_p0018_s140_b2,2024-02-22 14:27:22,140,PERNAS MEXER-PERNAS,1740,7110
22-04-2024_09-29-01_p0025_s183_b3,2024-04-22 09:29:01,183,DOR ESPALHAR OMBRO,1890,6380
25-03-2024_16-13-24_p0020_s99_b2,2024-03-25 16:13:24,99,DOR BAIXO-VENTRE,2060,6090
19-07-2024_15-53-36_p0040_s77_b1,2024-07-19 15:53:36,77,EXERCÍCIO-FÍSICO,2310,5590
26-08-2024_15-18-07_p0019_s10_b1,2024-08-26 15:18:07,10,DOR BARRIGA,2030,5050
13-03-2024_15-20-56_p0014_s143_b2,2024-03-13 15:20:56,143,DEITAR,2180,6400
27-05-2024_16-04-47_p0032_s205_b3,2024-05-27 16:04:47,205,TRÊS VACINA,1500,5710
27-05-2024_16-39-02_p0032_s20_b1,2024-05-27 16:39:02,20,TONTURA CAIR-PESSOA,2060,6330
05-06-2024_15-41-56_p0037_s280_b4,2024-06-05 15:41:56,280,TAÇA TOMAR VINHO UMA-VEZ SEMANA,1790,10830
11-03-2024_15-45-31_p0020_s178_b3,2024-03-11 15:45:31,178,CINCO ANO,2850,4920
09-05-2024_15-11-52_p0033,2024-05-09 15:11:52,148.18,R,2460,5200
17-06-2024_15-27-39_p0019_s143_b2,2024-06-17 15:27:39,143,DEITAR,1910,5720
23-04-2024_11-31-21_p0024_s246_b4,2024-04-23 11:31:21,246,F U N G O S SINAL FUNGO,2030,11700
30-04-2024_13-44-29_p0024,2024-04-30 13:44:29,148.4,D,3040,3420
28-06-2024_15-26-31_p0035_s248_b4,2024-06-28 15:26:31,248,ALERGIA CACHORRO,1540,5860
08-05-2024_15-47-48_p0033_s180_b3,2024-05-08 15:47:48,180,NUCA DOR ESPALHAR,3300,8090
10-05-2024_09-37-11_p0030_s216_b4,2024-05-10 09:37:11,216,FEZES-LÍQUIDAS-EXPLODIR,2230,5400
10-05-2024_08-41-30_p0030_s173_b3,2024-05-10 08:41:30,173,SEMPRE SEMPRE,2960,5310
26-04-2024_14-54-05_p0028_s46_b1,2024-04-26 14:54:05,46,PROBLEMA OUVIDOS,2080,5980
13-03-2024_16-04-32_p0014_s255_b4,2024-03-13 16:04:32,255,ALERGIA CATEGORIA T R I G O FARINHA,2150,9080
18-04-2024_10-19-22_p0025_s30_b1,2024-04-18 10:19:22,30,FERIR PELE,2520,7450
10-05-2024_08-44-09_p0030_s175_b3,2024-05-10 08:44:09,175,DOIS SEMANA,2790,4580
19-06-2024_10-11-45_p0036_s48_b1,2024-06-19 10:11:45,48,XIXI VAZAR,2970,6940
20-03-2024_15-04-48_p0015_s171_b3,2024-03-20 15:04:48,171,UMA-VEZ,5060,6320
26-02-2024_16-15-01_p0019_s271_b4,2024-02-26 16:15:01,271,CHAMPANHE,2330,4920
07-05-2024_15-09-09_p0027_s50_b1,2024-05-07 15:09:09,50,TODA-HORA URINAR,1250,5250
17-06-2024_15-59-30_p0019_s151_b2,2024-06-17 15:59:30,151,OBRIGADO,1670,4010
24-05-2024_18-39-59_p0031_s104_b2,2024-05-24 18:39:59,104,DOR PERNA-DIREITA PERNA-ESQUERDA,2210,6040
18-06-2024_15-18-35_p0028_s125_b2,2024-06-18 15:18:35,125,COMER CATEGORIA ÁCIDO MAIS APIMENTADO,2360,6640
11-03-2024_15-44-35_p0020_s175_b3,2024-03-11 15:44:35,175,DOIS SEMANA,3000,5400
22-02-2024_15-30-16_p0014,2024-02-22 15:30:16,170.5,5,900,4360
07-05-2024_14-11-21_p0027_s218_b4,2024-05-07 14:11:21,218,FEZES-LÍQUIDAS ESCURO,2330,4790
28-06-2024_14-35-32_p0035_s69_b1,2024-06-28 14:35:32,69,30 MINUTO,1990,4520
13-03-2024_16-01-25_p0014_s249_b4,2024-03-13 16:01:25,249,ALERGIA GATO,1540,5160
17-07-2024_14-46-33_p0041,2024-07-17 14:46:33,148.3,C,1640,3770
09-05-2024_14-17-31_p0033,2024-05-09 14:17:31,P6.1,ONDE DOR,2780,5850
17-07-2024_14-38-48_p0041_s140_b2,2024-07-17 14:38:48,140,PERNAS MEXER-PERNAS,2700,6820
22-02-2024_10-55-43_p0017,2024-02-22 10:55:43,170.6,6,1820,4070
15-05-2024_16-11-14_p0032_s138_b2,2024-05-15 16:11:14,138,APERTAR,4090,8720
27-03-2024_16-15-04_p0015_s39_b1,2024-03-27 16:15:04,39,MORDER,2620,5370
29-02-2024_13-43-10_p0010_s14_b1,2024-02-29 13:43:10,14,DOR PERNA ATRÁS,1690,5290
25-03-2024_16-15-45_p0020,2024-03-25 16:15:45,P6.2,COMO DOR,1090,5290
28-02-2024_16-27-28_p0011_s113_b2,2024-02-28 16:27:28,113,DOR PONTADA,1030,6980
26-03-2024_16-19-02_p0022_s239_b4,2024-03-26 16:19:02,239,VÍCIO BEBER ÁLCOOL,2390,6160
27-05-2024_16-39-27_p0032_s21_b1,2024-05-27 16:39:27,21,EVACUAR-ESPALHAR,2080,6030
23-05-2024_15-00-29_p0035,2024-05-23 15:00:29,P11.3,NO-DECORRER-DO-TEMPO SENTIR DOR NO-TOTAL QUANTOS,3500,11710
16-04-2024_10-45-08_p0025_s256_b4,2024-04-16 10:45:08,256,ALERGIA AMENDOIM,2220,5080
24-07-2024_14-26-10_p0041_s47_b1,2024-07-24 14:26:10,47,XIXI SENTIR IGUAL QUENTE,1980,8560
20-05-2024_15-38-28_p0023,2024-05-20 15:38:28,P6.6,DOR IGUAL SENTIR CHOQUE,1580,7800
16-07-2024_16-57-49_p0039_s278_b4,2024-07-16 16:57:49,278,UMA-DOSE TOMAR TODO-DIA,2500,6880
25-03-2024_16-42-47_p0020,2024-03-25 16:42:47,148.24,X,830,3750
19-06-2024_16-52-05_p0023_s80_b1,2024-06-19 16:52:05,80,SENTADO EM-PÉ,1410,4580
20-05-2024_11-36-19_p0034_s37_b1,2024-05-20 11:36:19,37,VERMELHO SANGUE DOCE BAIXO-ALTO,4920,11710
19-07-2024_15-50-08_p0040_s71_b1,2024-07-19 15:50:08,71,2-HORA,1480,4600
03-05-2024_14-03-42_p0027_s92_b2,2024-05-03 14:03:42,92,DOR TESTA,1640,5180
26-03-2024_15-40-00_p0022,2024-03-26 15:40:00,P15.2,TOSSE COMO,2380,5800
15-05-2024_15-23-57_p0032_s88_b2,2024-05-15 15:23:57,88,NÃO,3040,5890
18-06-2024_15-22-08_p0028_s132_b2,2024-06-18 15:22:08,132,NARIZ ESPIRRAR,2510,5120
27-05-2024_16-55-47_p0032_s59_b1,2024-05-27 16:55:47,59,TRAUMA,1680,4440
07-05-2024_14-43-39_p0027_s283_b4,2024-05-07 14:43:39,283,UM COPO UMA-VEZ SEMANA,2610,6490
26-04-2024_14-40-14_p0028_s23_b1,2024-04-26 14:40:14,23,TONTURA-ENJOO,1500,5070
29-04-2024_12-04-49_p0029_s153_b2,2024-04-29 12:04:49,153,REPETIR POR-FAVOR,2260,5420
15-05-2024_15-36-20_p0032_s107_b2,2024-05-15 15:36:20,107,DOR PROFUNDO,2610,8180
08-04-2024_16-00-34_p0021_s146_b2,2024-04-08 16:00:34,146,REMÉDIO,1840,4170
08-06-2024_10-22-42_p0031_s11_b1,2024-06-08 10:22:42,11,DOR GARGANTA,1380,4250
13-03-2024_15-01-21_p0014,2024-03-13 15:01:21,P6.2,COMO DOR,4440,7820
19-06-2024_16-21-00_p0023_s10_b1,2024-06-19 16:21:00,10,DOR BARRIGA,2060,5410
26-03-2024_15-42-48_p0022_s198_b3,2024-03-26 15:42:48,198,CATARRO COLA BRANCO,2040,6680
05-03-2024_10-43-08_p0014_s66_b1,2024-03-05 10:43:08,66,VAGINA VERMELHO SANGRAR,6030,9670
20-05-2024_15-20-33_p0023_s97_b2,2024-05-20 15:20:33,97,DOR LADOS-BARRIGA,1920,5980
22-04-2024_09-23-50_p0025_s175_b3,2024-04-22 09:23:50,175,DOIS SEMANA,1700,4650
23-05-2024_15-16-54_p0035_s198_b3,2024-05-23 15:16:54,198,CATARRO COLA BRANCO,3430,7390
10-05-2024_16-46-10_p0033_s60_b1,2024-05-10 16:46:10,60,AGREDIR,1120,3490
17-06-2024_15-19-09_p0019_s129_b2,2024-06-17 15:19:09,129,LOCAIS LUZ-FORTE,2140,7240
22-02-2024_15-39-56_p0014_s184_b3,2024-02-22 15:39:56,184,DOR BRAÇO-ESPALHAR,4180,8970
22-02-2024_15-49-47_p0014,2024-02-22 15:49:47,P17.1,VOCÊ JÁ VACINAR COVID-19,3280,7020
22-01-2024_16-39-24_p9,2024-01-22 16:39:24,170.0,0,3560,6230
29-04-2024_15-18-30_p0024_s161_b3,2024-04-29 15:18:30,161,PLANO ANDAR FÍSICO PIOR NÃO,3000,9830
19-07-2024_15-50-28_p0040_s72_b1,2024-07-19 15:50:28,72,2-MÊS,2610,6050
08-05-2024_10-05-27_p0030_s155_b2,2024-05-08 10:05:27,155,PARAR,2100,3040
20-03-2024_15-21-43_p0015_s195_b3,2024-03-20 15:21:43,195,CATARRO COLA NENHUM,2260,5670
24-05-2024_19-10-52_p0031,2024-05-24 19:10:52,148.17,Q,200,4040
30-04-2024_13-47-06_p0024,2024-04-30 13:47:06,148.13,M,2560,3230
19-07-2024_14-22-27_p0040_s141_b2,2024-07-19 14:22:27,141,MEXER-PESCOÇO,2540,6820
16-05-2024_14-46-53_p0034_s123_b2,2024-05-16 14:46:53,123,ZUMBIDO OUVIDO,3600,6210
26-08-2024_15-35-15_p0019_s50_b1,2024-08-26 15:35:15,50,TODA-HORA URINAR,2380,5510
26-04-2024_14-36-51_p0028_s15_b1,2024-04-26 14:36:51,15,DOR PÉ P E,3680,7820
03-05-2024_08-50-48_p0030_s61_b1,2024-05-03 08:50:48,61,PELE QUEIMAR,2420,4740
02-05-2024_16-03-18_p0026_s256_b4,2024-05-02 16:03:18,256,ALERGIA AMENDOIM,1510,5280
13-03-2024_16-13-33_p0014_s271_b4,2024-03-13 16:13:33,271,CHAMPANHE,2960,5500
10-05-2024_10-08-29_p0030_s281_b4,2024-05-10 10:08:29,281,TAÇA TOMAR VINHO TODO-DIA,2340,9150
11-06-2024_14-26-24_p0035_s133_b2,2024-06-11 14:26:24,133,MASTIGAR,1920,6660
28-02-2024_16-16-41_p0011_s97_b2,2024-02-28 16:16:41,97,DOR LADOS-BARRIGA,1690,8090
09-05-2024_14-18-52_p0033_s90_b2,2024-05-09 14:18:52,90,DOR OUVIDO,6230,9390
22-02-2024_11-10-17_p0017,2024-02-22 11:10:17,P15.1,TER TOSSE,3100,5040
16-04-2024_10-36-24_p0025_s237_b4,2024-04-16 10:36:24,237,RINS FRACO,1650,4130
16-04-2024_15-53-41_p0016,2024-04-16 15:53:41,P15.3,CATARRO TER O U TER-NÃO,1290,6420
25-03-2024_16-16-39_p0020_s108_b2,2024-03-25 16:16:39,108,DOR LEVE,1170,4510
08-06-2024_10-51-27_p0031_s78_b1,2024-06-08 10:51:27,78,CALADO DEITADO,1920,3780
29-02-2024_13-59-36_p0010_s33_b1,2024-02-29 13:59:36,33,COÇAR,2250,4230
02-05-2024_16-02-09_p0026_s253_b4,2024-05-02 16:02:09,253,ALERGIA O V O OVO,1520,5590
30-04-2024_13-29-50_p0024_s125_b2,2024-04-30 13:29:50,125,COMER CATEGORIA ÁCIDO MAIS APIMENTADO,1730,7140
25-03-2024_15-26-55_p0020_s210_b4,2024-03-25 15:26:55,210,MOLE,2690,3770
08-05-2024_09-40-59_p0030_s111_b2,2024-05-08 09:40:59,111,DOR PESO,1180,3970
07-03-2024_13-44-34_p0010_s91_b2,2024-03-07 13:44:34,91,DOR LADO-CABEÇA LADO-CABEÇA,1280,5920
18-03-2024_11-19-41_p0013_s226_b4,2024-03-18 11:19:41,226,PRESSÃO ALTO,1850,5820
03-05-2024_19-00-35_p0031_s201_b3,2024-05-03 19:00:35,201,CATARRO COLA VERMELHO,1300,5420
27-03-2024_15-23-38_p0015,2024-03-27 15:23:38,P8.1,S I FAZER COISAS SENTIR DOR PIORAR,2450,11560
29-04-2024_15-37-18_p0024_s172_b3,2024-04-29 15:37:18,172,VÁRIAS-VEZES,8730,11150
27-05-2024_15-53-07_p0032_s193_b3,2024-05-27 15:53:07,193,FICAR-EM-PÉ SENTAR DEITAR DOR PIORAR NÃO,1830,10100
23-04-2024_11-45-55_p0024_s270_b4,2024-04-23 11:45:55,270,G-I-N,2000,3540
20-05-2024_12-34-56_p0034_s273_b4,2024-05-20 12:34:56,273,UM LATA UMA-VEZ SEMANA,2620,6380
08-05-2024_09-28-28_p0030_s84_b2,2024-05-08 09:28:28,84,TRÊS-DIAS,2640,4000
10-05-2024_09-05-20_p0030_s201_b3,2024-05-10 09:05:20,201,CATARRO COLA VERMELHO,2650,5200
18-04-2024_15-29-28_p0026_s107_b2,2024-04-18 15:29:28,107,DOR PROFUNDO,1250,4920
30-01-2024_15-03-17_p12,2024-01-30 15:03:17,148.13,M,2690,4250
29-02-2024_13-53-25_p0010_s29_b1,2024-02-29 13:53:25,29,INCHAR,1710,3680
29-02-2024_14-13-24_p0010_s65_b1,2024-02-29 14:13:24,65,NASCER VIVO,1260,3460
07-05-2024_15-03-49_p0027_s34_b1,2024-05-07 15:03:49,34,FEBRE,1380,4530
15-05-2024_15-35-48_p0032_s106_b2,2024-05-15 15:35:48,106,DOR PULSAR,2330,8810
25-03-2024_15-42-47_p0020_s245_b4,2024-03-25 15:42:47,245,ÁCARO ALERGIA,1830,5370
30-01-2024_14-55-14_p12,2024-01-30 14:55:14,143,DEITAR,2090,4020
12-06-2024_16-59-56_p0038_s199_b3,2024-06-12 16:59:56,199,CATARRO COLA AMARELO,2270,5660
22-02-2024_14-04-29_p0018_s91_b2,2024-02-22 14:04:29,91,DOR LADO-CABEÇA LADO-CABEÇA,1720,7830
08-05-2024_16-04-56_p0033_s191_b3,2024-05-08 16:04:56,191,MOMENTO APERTAR-BRAÇO DOR PIORAR NÃO,3340,8980
20-05-2024_12-04-43_p0034_s218_b4,2024-05-20 12:04:43,218,FEZES-LÍQUIDAS ESCURO,3030,6000
03-05-2024_14-08-56_p0027_s110_b2,2024-05-03 14:08:56,110,DOR APERTAR,1160,4910
16-04-2024_10-25-30_p0025_s220_b4,2024-04-16 10:25:30,220,TER M U C O COLA,1770,4650
26-02-2024_16-21-08_p0019_s281_b4,2024-02-26 16:21:08,281,TAÇA TOMAR VINHO TODO-DIA,2530,10310
08-06-2024_10-31-10_p0031_s36_b1,2024-06-08 10:31:10,36,SUAR SUAR SUAR,1510,3720
03-05-2024_08-31-44_p0030_s14_b1,2024-05-03 08:31:44,14,DOR PERNA ATRÁS,2280,5600
19-03-2024_15-01-09_p0022_s95_b2,2024-03-19 15:01:09,95,DOR OLHOS,3120,6880
22-04-2024_09-21-26_p0025_s171_b3,2024-04-22 09:21:26,171,UMA-VEZ,1680,4110
28-06-2024_14-09-03_p0035_s8_b1,2024-06-28 14:09:03,8,DOR COSTAS,1680,3990
03-04-2024_16-02-26_p0023_s259_b4,2024-04-03 16:02:26,259,TER FUMAR SIM,3490,5460
16-04-2024_10-43-19_p0025_s252_b4,2024-04-16 10:43:19,252,ALERGIA LEITE,1680,4830
25-03-2024_15-57-23_p0020_s273_b4,2024-03-25 15:57:23,273,UM LATA UMA-VEZ SEMANA,1790,5850
17-06-2024_15-39-26_p0019,2024-06-17 15:39:26,148.25,Y,1790,4570
17-06-2024_15-14-22_p0019_s120_b2,2024-06-17 15:14:22,120,VER DOBRADO,2040,5840
16-04-2024_10-51-05_p0025_s262_b4,2024-04-16 10:51:05,262,DOIS ANO,1460,3300
30-04-2024_13-09-52_p0024_s96_b2,2024-04-30 13:09:52,96,DOR MEIO-BARRIGA,2760,5910
26-04-2024_15-09-27_p0028_s73_b1,2024-04-26 15:09:27,73,COMER,2100,5840
20-05-2024_12-17-18_p0034_s245_b4,2024-05-20 12:17:18,245,ÁCARO ALERGIA,2280,5710
30-04-2024_13-43-55_p0024,2024-04-30 13:43:55,148.2,B,2430,3060
22-02-2024_11-56-28_p0017_s274_b4,2024-02-22 11:56:28,274,DOIS LATAS DUAS-VEZES SEMANA,1870,6750
22-02-2024_11-52-52_p0017_s263_b4,2024-02-22 11:52:52,263,DEZ ANO,2560,4510
29-04-2024_12-01-22_p0029,2024-04-29 12:01:22,148.19,S,2070,3790
13-05-2024_15-50-27_p0028,2024-05-13 15:50:27,170.0,0,1660,3930
25-03-2024_16-41-16_p0020,2024-03-25 16:41:16,148.18,R,1260,4460
08-04-2024_15-30-50_p0021_s93_b2,2024-04-08 15:30:50,93,DOR NUCA,1980,6280
18-04-2024_15-22-47_p0026_s87_b2,2024-04-18 15:22:47,87,SIM,1810,4280
19-07-2024_15-39-09_p0040_s51_b1,2024-07-19 15:39:09,51,XIXI ESCURO,4600,8980
17-07-2024_14-53-25_p0041,2024-07-17 14:53:25,148.22,V,2880,5680
20-05-2024_12-39-48_p0034_s282_b4,2024-05-20 12:39:48,282,UM COPO CHEIO TODO-DIA,2460,8040
20-05-2024_15-40-51_p0023_s119_b2,2024-05-20 15:40:51,119,SENTIR MAL,1390,4020
30-01-2024_15-07-36_p12,2024-01-30 15:07:36,148.23,W,3830,4760
19-06-2024_16-16-45_p0023_s2_b1,2024-06-19 16:16:45,2,CONFUSÃO,1920,4820
16-07-2024_16-42-15_p0039_s258_b4,2024-07-16 16:42:15,258,ALERGIA NENHUM,2290,5740
10-05-2024_09-14-54_p0030_s243_b3,2024-05-10 09:14:54,243,NÃO TRAZER RECEITA REMÉDIO NENHUM,2840,6880
17-06-2024_14-54-51_p0019_s93_b2,2024-06-17 14:54:51,93,DOR NUCA,2440,6740
11-06-2024_14-33-26_p0035_s147_b2,2024-06-11 14:33:26,147,JEJUM,1810,5550
26-03-2024_15-43-44_p0022_s200_b3,2024-03-26 15:43:44,200,CATARRO COLA VERDE,2070,5980
11-05-2024_09-29-18_p0034,2024-05-11 09:29:18,P9.5,DEITAR CALMA PIOR,3940,7950
09-05-2024_15-12-42_p0033,2024-05-09 15:12:42,148.20,T,4070,6560
19-03-2024_15-15-54_p0022_sP07_b2,2024-03-19 15:15:54,P7,SENTIR JUNTO ITENS MAIS TER,2800,10040
24-07-2024_15-24-22_p0041_s268_b4,2024-07-24 15:24:22,268,UÍSQUE,2490,4630
24-04-2024_15-47-44_p0027_s181_b3,2024-04-24 15:47:44,181,PESCOÇO DOR ESPALHAR,4370,9670
26-08-2024_15-37-03_p0019_s54_b1,2024-08-26 15:37:03,54,VERMELHO SANGRAR-BOCA,2140,5130
30-01-2024_15-03-30_p12,2024-01-30 15:03:30,148.14,N,2370,4240
29-04-2024_16-06-06_p0024_s204_b3,2024-04-29 16:06:06,204,DOIS VACINA,3160,4840
26-03-2024_16-06-12_p0022_s212_b4,2024-03-26 16:06:12,212,FEZES-LÍQUIDAS,160,4940
22-02-2024_13-18-54_p0018_s2_b1,2024-02-22 13:18:54,2,CONFUSÃO,2240,4160
07-03-2024_14-01-32_p0010_s130_b2,2024-03-07 14:01:32,130,CORPO ESFORÇAR,1730,4200
23-05-2024_15-25-20_p0035,2024-05-23 15:25:20,P21.2,USAR REMÉDIO,1820,3870
06-05-2024_16-00-54_p0032_s266_b4,2024-05-06 16:00:54,266,DOSE ÁLCOOL,2910,6920
13-03-2024_15-54-59_p0014_s231_b4,2024-03-13 15:54:59,231,DEPRESSÃO,2210,5530
19-06-2024_09-59-07_p0036_s22_b1,2024-06-19 09:59:07,22,EVACUAR MOLE VERMELHO,2340,7210
12-03-2024_14-12-31_p0022_s1_b1,2024-03-12 14:12:31,1,CONFUSÃO-MENTAL PERCEPÇÃO ESQUECER,4510,10950
20-05-2024_15-19-46_p0023_s95_b2,2024-05-20 15:19:46,95,DOR OLHOS,1340,3740
22-02-2024_13-21-04_p0018_s11_b1,2024-02-22 13:21:04,11,DOR GARGANTA,2010,6500
03-04-2024_16-07-19_p0023_s267_b4,2024-04-03 16:07:19,267,VODCA,1810,3400
18-04-2024_15-40-25_p0026_s137_b2,2024-04-18 15:40:25,137,ESTRESSE,1600,4710
03-05-2024_19-04-02_p0031,2024-05-03 19:04:02,P17.3,VOCÊ JÁ VACINAR GRIPE,1460,6210
08-06-2024_10-44-02_p0031_s62_b1,2024-06-08 10:44:02,62,MATERIAL GRUPO CORTAR TAMBÉM OBJETO-FINO-LONGO FINCAR,2210,8310
02-04-2024_15-18-55_p0021,2024-04-02 15:18:55,170.8,8,1730,4760
05-06-2024_15-34-54_p0037_s267_b4,2024-06-05 15:34:54,267,VODCA,1770,4140
19-06-2024_16-50-01_p0023_s74_b1,2024-06-19 16:50:01,74,BEBER,1390,3260
22-02-2024_15-31-34_p0014,2024-02-22 15:31:34,170.9,9,1450,3510
20-05-2024_16-02-50_p0023,2024-05-20 16:02:50,148.4,D,1440,3150
16-05-2024_14-57-22_p0034_s135_b2,2024-05-16 14:57:22,135,ENGOLIR,4260,6260
16-04-2024_15-53-00_p0016,2024-04-16 15:53:00,P15.2,TOSSE COMO,1340,4770
02-05-2024_15-15-37_p0026,2024-05-02 15:15:37,P15.2,TOSSE COMO,1970,5330
19-03-2024_15-52-29_p0022_s150_b2,2024-03-19 15:52:29,150,ENTENDER,2460,5280
28-06-2024_15-07-13_p0035_s212_b4,2024-06-28 15:07:13,212,FEZES-LÍQUIDAS,3390,7680
23-04-2024_15-33-49_p0026_s74_b1,2024-04-23 15:33:49,74,BEBER,2040,3820
29-04-2024_15-58-15_p0024_s195_b3,2024-04-29 15:58:15,195,CATARRO COLA NENHUM,2510,8270
28-02-2024_16-57-34_p0011,2024-02-28 16:57:34,148.16,P,950,4110
12-07-2024_14-56-45_p0040,2024-07-12 14:56:45,170.10,10,1050,3130
27-05-2024_15-59-32_p0032,2024-05-27 15:59:32,P15.4,CATARRO COLA COR QUAL,1460,8050
11-06-2024_14-24-18_p0035_s128_b2,2024-06-11 14:24:18,128,LOCAIS BARULHO,1720,5760
06-05-2024_15-59-39_p0032,2024-05-06 15:59:39,P24.2,BEBIDA QUAL,4300,7260
29-04-2024_17-02-58_p0024_s70_b1,2024-04-29 17:02:58,70,1-HORA,2250,4860
18-06-2024_15-25-13_p0028_s134_b2,2024-06-18 15:25:13,134,MASTIGAR,1340,4110
22-02-2024_11-41-21_p0017_s225_b4,2024-02-22 11:41:21,225,ARRITMIA,2200,6620
24-07-2024_14-39-01_p0041_s78_b1,2024-07-24 14:39:01,78,CALADO DEITADO,1910,6900
18-03-2024_15-27-00_p0020_s29_b1,2024-03-18 15:27:00,29,INCHAR,1940,4780
24-05-2024_19-05-14_p0031,2024-05-24 19:05:14,148.4,D,5070,6350
22-02-2024_11-54-51_p0017_s268_b4,2024-02-22 11:54:51,268,UÍSQUE,2480,4130
20-02-2024_16-58-57_p0015_s269_b4,2024-02-20 16:58:57,269,CACHAÇA,1400,4500
12-03-2024_14-29-30_p0022_s34_b1,2024-03-12 14:29:30,34,FEBRE,1700,5240
19-03-2024_14-58-58_p0022_s91_b2,2024-03-19 14:58:58,91,DOR LADO-CABEÇA LADO-CABEÇA,2260,8600
13-03-2024_16-08-58_p0014_s262_b4,2024-03-13 16:08:58,262,DOIS ANO,2390,5030
22-04-2024_09-48-10_p0025,2024-04-22 09:48:10,P21.2,USAR REMÉDIO,1500,3950
03-05-2024_08-48-18_p0030_s54_b1,2024-05-03 08:48:18,54,VERMELHO SANGRAR-BOCA,1930,4870
08-05-2024_16-21-13_p0033,2024-05-08 16:21:13,P17.2,QUANTOS VACINAR,3000,5410
24-04-2024_15-24-12_p0027,2024-04-24 15:24:12,P9.6,SUBIR-ESCADA FÍSICO PIOR,9150,13410
28-02-2024_16-43-37_p0011_s131_b2,2024-02-28 16:43:37,131,PERÍODO MENSTRUAR,3040,7450
19-06-2024_16-42-54_p0023_s60_b1,2024-06-19 16:42:54,60,AGREDIR,1690,4030
26-04-2024_15-01-13_p0028_s59_b1,2024-04-26 15:01:13,59,TRAUMA,4180,7280
18-03-2024_11-40-50_p0013_s273_b4,2024-03-18 11:40:50,273,UM LATA UMA-VEZ SEMANA,2520,7100
29-04-2024_16-24-35_p0024_s1_b1,2024-04-29 16:24:35,1,CONFUSÃO-MENTAL PERCEPÇÃO ESQUECER,2270,7280
20-05-2024_11-48-19_p0034_s60_b1,2024-05-20 11:48:19,60,AGREDIR,3010,5860
16-05-2024_15-09-26_p0034,2024-05-16 15:09:26,148.16,P,2490,5210
29-04-2024_17-05-51_p0024_s77_b1,2024-04-29 17:05:51,77,EXERCÍCIO-FÍSICO,2010,5470
08-04-2024_17-01-14_p0021_s73_b1,2024-04-08 17:01:14,73,COMER,2140,3590
02-05-2024_15-22-20_p0026_s204_b3,2024-05-02 15:22:20,204,DOIS VACINA,1360,4610
19-03-2024_15-46-49_p0022,2024-03-19 15:46:49,148.23,W,1900,4670
17-07-2024_14-49-24_p0041,2024-07-17 14:49:24,148.10,J,1570,4800
13-03-2024_15-54-37_p0014_s230_b4,2024-03-13 15:54:37,230,DEPRESSÃO,1700,4800
08-05-2024_16-22-58_p0033,2024-05-08 16:22:58,P17.3,VOCÊ JÁ VACINAR GRIPE,3620,7610
27-05-2024_15-30-56_p0032,2024-05-27 15:30:56,170.9,9,1720,5670
16-07-2024_16-39-46_p0039_s251_b4,2024-07-16 16:39:46,251,ALERGIA GRUPO BORRACHA,1910,6150
02-05-2024_14-42-23_p0026_s159_b3,2024-05-02 14:42:23,159,SUBIR-MORRO CORPO PIOR NÃO,2410,8570
30-04-2024_13-54-32_p0024_s157_b2,2024-04-30 13:54:32,157,CONTINUAR,2230,4110
29-04-2024_15-33-59_p0024,2024-04-29 15:33:59,170.8,8,2660,4070
18-03-2024_15-42-22_p0020_s66_b1,2024-03-18 15:42:22,66,VAGINA VERMELHO SANGRAR,1040,6530
20-05-2024_11-43-41_p0034_s51_b1,2024-05-20 11:43:41,51,XIXI ESCURO,2470,6190
20-05-2024_16-09-32_p0023_s149_b2,2024-05-20 16:09:32,149,DEVAGAR,1580,3570
20-02-2024_16-40-57_p0015,2024-02-20 16:40:57,P22.1,VOCÊ TER ALERGIA ENTÃO,1490,6270
20-05-2024_16-10-19_p0023_s152_b2,2024-05-20 16:10:19,152,OBRIGADO,510,4290
07-03-2024_14-11-17_p0010,2024-03-07 14:11:17,148.9,I,1470,2410
23-05-2024_15-24-18_p0035_s241_b3,2024-05-23 15:24:18,241,TRAZER RECEITA REMÉDIO,4260,8040
20-05-2024_12-39-11_p0034_s281_b4,2024-05-20 12:39:11,281,TAÇA TOMAR VINHO TODO-DIA,2760,9220
23-04-2024_15-09-16_p0026_s20_b1,2024-04-23 15:09:16,20,TONTURA CAIR-PESSOA,2590,4840
19-06-2024_16-20-30_p0023_s9_b1,2024-06-19 16:20:30,9,DOR LOMBAR,3090,6760
02-04-2024_15-48-46_p0021_s200_b3,2024-04-02 15:48:46,200,CATARRO COLA VERDE,1730,6290
16-05-2024_15-06-31_p0034,2024-05-16 15:06:31,148.8,H,2640,4580
27-03-2024_15-59-46_p0015_s5_b1,2024-03-27 15:59:46,5,CABEÇA DOR,1670,4830
18-04-2024_15-51-57_p0026,2024-04-18 15:51:57,148.26,Z,2320,4100
12-03-2024_14-25-40_p0022_s23_b1,2024-03-12 14:25:40,23,TONTURA-ENJOO,2130,7890
29-04-2024_11-40-47_p0029,2024-04-29 11:40:47,P6.4,DOR IGUAL QUEIMAR,1780,6120
16-05-2024_14-21-19_p0034_s85_b2,2024-05-16 14:21:19,85,UM SEMANA,3230,5460
05-06-2024_15-14-26_p0037_s232_b4,2024-06-05 15:14:26,232,ANSIEDADE,1480,5350
22-02-2024_14-33-34_p0018,2024-02-22 14:33:34,148.12,L,1270,3620
16-04-2024_10-42-11_p0025_s249_b4,2024-04-16 10:42:11,249,ALERGIA GATO,1640,4260
30-01-2024_14-46-29_p12,2024-01-30 14:46:29,132,NARIZ ESPIRRAR,2820,4310
26-03-2024_16-13-20_p0022_s225_b4,2024-03-26 16:13:20,225,ARRITMIA,2360,8170
08-04-2024_17-00-29_p0021_s72_b1,2024-04-08 17:00:29,72,2-MÊS,1680,4170
30-01-2024_14-45-30_p12,2024-01-30 14:45:30,128,LOCAIS BARULHO,2700,5300
03-05-2024_08-49-06_p0030_s56_b1,2024-05-03 08:49:06,56,VERMELHO FEZES,1660,4670
19-06-2024_16-39-40_p0023_s51_b1,2024-06-19 16:39:40,51,XIXI ESCURO,1750,4360
08-05-2024_15-31-26_p0033,2024-05-08 15:31:26,170.6,6,3000,4820
26-03-2024_15-21-17_p0022_s177_b3,2024-03-26 15:21:17,177,UM ANO,1720,4500
05-06-2024_15-16-27_p0037_s237_b4,2024-06-05 15:16:27,237,RINS FRACO,1680,5830
19-06-2024_16-50-19_p0023_s75_b1,2024-06-19 16:50:19,75,TOSSIR,1380,3460
24-05-2024_19-08-29_p0031,2024-05-24 19:08:29,148.9,I,1690,3780
16-05-2024_14-40-29_p0034,2024-05-16 14:40:29,P6.5,DOR IGUAL FINCADA,1970,6760
10-05-2024_16-46-44_p0033_s62_b1,2024-05-10 16:46:44,62,MATERIAL GRUPO CORTAR TAMBÉM OBJETO-FINO-LONGO FINCAR,2210,11790
19-06-2024_16-21-43_p0023_s12_b1,2024-06-19 16:21:43,12,DOR BRAÇO,2030,5030
31-01-2024_14-35-48_p13,2024-01-31 14:35:48,158,SUBIR-MORRO FÍSICO PIOR,6722,12522
19-03-2024_15-19-56_p0022_s123_b2,2024-03-19 15:19:56,123,ZUMBIDO OUVIDO,3450,7030
19-06-2024_09-55-41_p0036_s15_b1,2024-06-19 09:55:41,15,DOR PÉ P E,1810,5840
08-05-2024_15-14-10_p0033,2024-05-08 15:14:10,P9.3,PLANO ANDAR FÍSICO PIOR,3590,8760
30-01-2024_11-15-30_p11,2024-01-30 11:15:30,46,PROBLEMA OUVIDOS,1760,5830
25-03-2024_16-14-41_p0020_s103_b2,2024-03-25 16:14:41,103,DOR JOELHO-DIREITO JOELHO-ESQUERDO,1150,4950
19-07-2024_14-26-12_p0040_s147_b2,2024-07-19 14:26:12,147,JEJUM,4020,8690
26-08-2024_15-14-31_p0019_s1_b1,2024-08-26 15:14:31,1,CONFUSÃO-MENTAL PERCEPÇÃO ESQUECER,1960,6050
16-07-2024_16-28-51_p0039_s226_b4,2024-07-16 16:28:51,226,PRESSÃO ALTO,2160,5600
07-03-2024_14-12-23_p0010,2024-03-07 14:12:23,148.14,N,1400,2060
23-04-2024_11-29-57_p0024_s240_b4,2024-04-23 11:29:57,240,VÍCIO FUMAR,1660,5450
03-05-2024_08-52-23_p0030_s63_b1,2024-05-03 08:52:23,63,TIRO FURAR-BARRIGA,2230,4820
08-05-2024_15-24-57_p0033_s169_b3,2024-05-08 15:24:57,169,REMÉDIO CURAR-NÃO,2900,4980
07-05-2024_14-39-23_p0027_s277_b4,2024-05-07 14:39:23,277,DOIS GARRAFAS DUAS-VEZES SEMANA,2000,6960
05-06-2024_10-26-28_p0036,2024-06-05 10:26:28,P24.2,BEBIDA QUAL,2710,6780
26-03-2024_15-41-16_p0022_s195_b3,2024-03-26 15:41:16,195,CATARRO COLA NENHUM,2220,6790
29-04-2024_11-43-31_p0029_s120_b2,2024-04-29 11:43:31,120,VER DOBRADO,2110,5650
05-06-2024_15-06-05_p0037_s218_b4,2024-06-05 15:06:05,218,FEZES-LÍQUIDAS ESCURO,1840,5440
12-03-2024_10-25-38_p0021_s230_b4,2024-03-12 10:25:38,230,DEPRESSÃO,1830,5090
23-05-2024_14-48-10_p0035_s167_b3,2024-05-23 14:48:10,167,SUBIR-ESCADA CORPO PIOR NÃO,2510,8100
25-03-2024_16-20-26_p0020,2024-03-25 16:20:26,P6.3,DOR IGUAL PESO,970,6770
09-05-2024_14-50-08_p0033_s130_b2,2024-05-09 14:50:08,130,CORPO ESFORÇAR,2700,6290
08-05-2024_16-27-37_p0033_s243_b3,2024-05-08 16:27:37,243,NÃO TRAZER RECEITA REMÉDIO NENHUM,4260,8840
08-04-2024_16-17-48_p0021_s152_b2,2024-04-08 16:17:48,152,OBRIGADO,1570,4060
02-05-2024_14-56-28_p0026,2024-05-02 14:56:28,170.9,9,1840,4310
08-05-2024_10-05-06_p0030_s154_b2,2024-05-08 10:05:06,154,PARAR,2670,3740
18-03-2024_11-50-55_p0013_s283_b4,2024-03-18 11:50:55,283,UM COPO UMA-VEZ SEMANA,1430,6660
23-04-2024_11-26-57_p0024_s231_b4,2024-04-23 11:26:57,231,DEPRESSÃO,2120,5400
05-06-2024_10-07-40_p0036_s235_b4,2024-06-05 10:07:40,235,OBESIDADE,2290,5330
28-02-2024_16-48-32_p0011_s140_b2,2024-02-28 16:48:32,140,PERNAS MEXER-PERNAS,1730,8210
29-02-2024_14-16-08_p0010_s70_b1,2024-02-29 14:16:08,70,1-HORA,1820,3050
26-03-2024_16-37-41_p0022_s280_b4,2024-03-26 16:37:41,280,TAÇA TOMAR VINHO UMA-VEZ SEMANA,2370,11380
26-04-2024_14-35-40_p0028_s12_b1,2024-04-26 14:35:40,12,DOR BRAÇO,2240,5980
10-05-2024_15-36-43_p0033_s256_b4,2024-05-10 15:36:43,256,ALERGIA AMENDOIM,2050,3830
15-05-2024_15-55-01_p0032_s123_b2,2024-05-15 15:55:01,123,ZUMBIDO OUVIDO,2660,7570
06-05-2024_15-17-30_p0032_s217_b4,2024-05-06 15:17:30,217,FEZES-LÍQUIDAS BRANCO,3230,6820
07-05-2024_14-18-42_p0027_s233_b4,2024-05-07 14:18:42,233,A V C,2590,4130
10-05-2024_09-03-29_p0030_s197_b3,2024-05-10 09:03:29,197,CATARRO COLA CLARO,2100,5770
28-02-2024_16-46-20_p0011_s136_b2,2024-02-28 16:46:20,136,ANDAR,1200,6230
26-04-2024_14-39-33_p0028_s21_b1,2024-04-26 14:39:33,21,EVACUAR-ESPALHAR,3770,7290
18-03-2024_15-31-46_p0020_s45_b1,2024-03-18 15:31:46,45,PROBLEMA OLHOS,1640,5240
29-04-2024_12-02-38_p0029,2024-04-29 12:02:38,148.24,X,2100,4370
20-05-2024_12-15-00_p0034_s237_b4,2024-05-20 12:15:00,237,RINS FRACO,2900,5930
29-02-2024_14-09-23_p0010_s56_b1,2024-02-29 14:09:23,56,VERMELHO FEZES,2850,5170
24-05-2024_18-32-10_p0031_s86_b2,2024-05-24 18:32:10,86,UM MÊS,2300,4360
06-05-2024_15-24-34_p0032,2024-05-06 15:24:34,P18.5,VOCÊ BARRIGA DOR ENTÃO,2770,7780
27-03-2024_16-10-40_p0015_s32_b1,2024-03-27 16:10:40,32,MANCHAS-PELE VERMELHO,1510,4510
19-07-2024_14-32-56_p0040,2024-07-19 14:32:56,148.15,O,1660,3570
22-04-2024_09-40-42_p0025_s200_b3,2024-04-22 09:40:42,200,CATARRO COLA VERDE,1590,5950
10-05-2024_15-39-23_p0033_s257_b4,2024-05-10 15:39:23,257,ALERGIA REMÉDIO NÃO-TER,2320,4850
05-06-2024_15-05-43_p0037_s217_b4,2024-06-05 15:05:43,217,FEZES-LÍQUIDAS BRANCO,2170,5670
01-08-2024_16-44-11_p0042_s188_b3,2024-08-01 16:44:11,188,DOR PERNAS-ESPALHAR APONTAR-COXA,2500,8310
16-07-2024_16-37-24_p0039_s246_b4,2024-07-16 16:37:24,246,F U N G O S SINAL FUNGO,2440,12920
09-05-2024_14-23-39_p0033_s100_b2,2024-05-09 14:23:39,100,DOR VIRILHA,2850,6140
16-04-2024_15-55-50_p0016_s199_b3,2024-04-16 15:55:50,199,CATARRO COLA AMARELO,1530,5550
03-05-2024_14-09-10_p0027_s111_b2,2024-05-03 14:09:10,111,DOR PESO,1380,5190
10-05-2024_15-25-42_p0033_s231_b4,2024-05-10 15:25:42,231,DEPRESSÃO,3000,4680
27-03-2024_15-44-15_p0015_s154_b2,2024-03-27 15:44:15,154,PARAR,1770,4890
26-03-2024_15-48-09_p0022,2024-03-26 15:48:09,P17.4,VOCÊ TRAZER CARTÃO-DE-VACINA,1950,6470
31-01-2024_14-51-56_p13,2024-01-31 14:51:56,170.9,9,2190,4110
05-06-2024_15-39-33_p0037_s277_b4,2024-06-05 15:39:33,277,DOIS GARRAFAS DUAS-VEZES SEMANA,1990,6820
03-05-2024_14-29-23_p0027_s151_b2,2024-05-03 14:29:23,151,OBRIGADO,1310,4280
22-02-2024_15-10-18_p0014,2024-02-22 15:10:18,P9.2,SUBIR-MORRO FÍSICO PIOR,2970,6370
29-04-2024_11-51-27_p0029_s138_b2,2024-04-29 11:51:27,138,APERTAR,1650,4350
08-06-2024_10-25-49_p0031_s20_b1,2024-06-08 10:25:49,20,TONTURA CAIR-PESSOA,2090,4520
27-03-2024_15-04-01_p0015_s85_b2,2024-03-27 15:04:01,85,UM SEMANA,2210,4810
22-02-2024_11-06-34_p0017_s186_b3,2024-02-22 11:06:34,186,COSTAS DOR ESPALHAR,2250,6280
11-05-2024_10-00-11_p0034,2024-05-11 10:00:11,P15.2,TOSSE COMO,3200,6410
24-07-2024_14-17-14_p0041_s27_b1,2024-07-24 14:17:14,27,CATARRO GRIPE,3400,7130
18-06-2024_15-11-42_p0028_sP07_b2,2024-06-18 15:11:42,P7,SENTIR JUNTO ITENS MAIS TER,3660,9450
16-04-2024_10-30-38_p0025_s225_b4,2024-04-16 10:30:38,225,ARRITMIA,1230,6070
20-05-2024_15-14-42_p0023_sP05_b2,2024-05-20 15:14:42,P5,POR-QUE PROCURAR VIR HOJE TER PIORAR,1940,11300
28-06-2024_15-42-15_p0035_s266_b4,2024-06-28 15:42:15,266,DOSE ÁLCOOL,1310,5260
22-02-2024_14-24-39_p0018_s134_b2,2024-02-22 14:24:39,134,MASTIGAR,4230,7790
02-05-2024_15-51-42_p0026_s224_b4,2024-05-02 15:51:42,224,INFARTO,1290,3780
11-06-2024_14-31-23_p0035_s143_b2,2024-06-11 14:31:23,143,DEITAR,1620,5520
07-05-2024_14-12-44_p0027_s221_b4,2024-05-07 14:12:44,221,TER P U S MISTURAR AMARELO BRANCO MISTURAR,2270,9060
12-07-2024_14-56-29_p0040,2024-07-12 14:56:29,170.9,9,780,3100
05-06-2024_10-04-24_p0036_s229_b4,2024-06-05 10:04:24,229,CÂNCER,2150,4830
10-05-2024_16-27-29_p0033_s14_b1,2024-05-10 16:27:29,14,DOR PERNA ATRÁS,1970,6170
10-05-2024_16-16-23_p0033_s283_b4,2024-05-10 16:16:23,283,UM COPO UMA-VEZ SEMANA,3370,7190
22-02-2024_11-35-50_p0017,2024-02-22 11:35:50,P18.3,COMO FEZES COMO,1460,4840
21-02-2024_11-31-00_p0013_s8_b1,2024-02-21 11:31:00,8,DOR COSTAS,2020,4570
22-01-2024_17-20-01_p9,2024-01-22 17:20:01,201,CATARRO COLA VERMELHO,3020,7910
03-05-2024_14-25-35_p0027,2024-05-03 14:25:35,148.13,M,1420,4250
20-05-2024_15-32-04_p0023_s106_b2,2024-05-20 15:32:04,106,DOR PULSAR,1790,6600
08-05-2024_15-21-27_p0033_s166_b3,2024-05-08 15:21:27,166,SUBIR-ESCADA CORPO PIOR,4090,9190
24-04-2024_15-38-11_p0027_s171_b3,2024-04-24 15:38:11,171,UMA-VEZ,4920,7300
30-01-2024_14-53-41_p12,2024-01-30 14:53:41,139,BRAÇO MEXER-BRAÇO,2930,5940
10-05-2024_16-46-21_p0033_s61_b1,2024-05-10 16:46:21,61,PELE QUEIMAR,1670,4480
29-04-2024_11-57-42_p0029,2024-04-29 11:57:42,148.5,E,1900,3800
22-02-2024_11-51-00_p0017,2024-02-22 11:51:00,P22.3,QUAL MEDICAMENTO,3920,6320
03-05-2024_18-29-13_p0031_s166_b3,2024-05-03 18:29:13,166,SUBIR-ESCADA CORPO PIOR,1590,5570
08-05-2024_15-22-00_p0033_s167_b3,2024-05-08 15:22:00,167,SUBIR-ESCADA CORPO PIOR NÃO,2380,7810
22-02-2024_15-47-57_p0014_s198_b3,2024-02-22 15:47:57,198,CATARRO COLA BRANCO,2730,7050
22-02-2024_14-31-57_p0018,2024-02-22 14:31:57,148.4,D,1820,4760
24-05-2024_19-11-50_p0031,2024-05-24 19:11:50,148.20,T,2120,4020
16-05-2024_14-46-25_p0034_s122_b2,2024-05-16 14:46:25,122,TODA-HORA URINAR,3040,5880
19-06-2024_10-04-11_p0036_s33_b1,2024-06-19 10:04:11,33,COÇAR,5420,9220
18-06-2024_15-08-23_p0028_s115_b2,2024-06-18 15:08:23,115,DOR VERMELHO SANGRAR APERTAR,2070,5810
27-05-2024_16-53-08_p0032_s52_b1,2024-05-27 16:53:08,52,XIXI ESPUMAR,2000,4570
11-05-2024_10-13-07_p0034_s244_b3,2024-05-11 10:13:07,244,NÃO USAR MEDICAMENTO NÃO,5020,7610
28-02-2024_16-18-30_p0011_s100_b2,2024-02-28 16:18:30,100,DOR VIRILHA,1860,6910
16-04-2024_15-43-25_p0016_s186_b3,2024-04-16 15:43:25,186,COSTAS DOR ESPALHAR,1360,6620
18-04-2024_10-22-58_p0025_s39_b1,2024-04-18 10:22:58,39,MORDER,1600,4500
24-05-2024_18-49-49_p0031_s124_b2,2024-05-24 18:49:49,124,GASES,2760,5180
12-03-2024_10-53-54_p0021_s283_b4,2024-03-12 10:53:54,283,UM COPO UMA-VEZ SEMANA,2260,6780
08-08-2024_14-41-40_p0042_s89_b2,2024-08-08 14:41:40,89,DOR LADO-CABEÇA,2000,6760
20-02-2024_16-40-21_p0015_s240_b4,2024-02-20 16:40:21,240,VÍCIO FUMAR,1360,5510
17-06-2024_15-05-17_p0019_s109_b2,2024-06-17 15:05:17,109,DOR MUITO-FORTE,4000,8840
31-01-2024_14-54-49_p13,2024-01-31 14:54:49,P11.3,NO-DECORRER-DO-TEMPO SENTIR DOR NO-TOTAL QUANTOS,2560,10430
05-03-2024_10-28-25_p0014_s23_b1,2024-03-05 10:28:25,23,TONTURA-ENJOO,2290,6530
08-04-2024_15-23-49_p0021_s84_b2,2024-04-08 15:23:49,84,TRÊS-DIAS,2070,4300
18-06-2024_16-35-26_p0028_s246_b4,2024-06-18 16:35:26,246,F U N G O S SINAL FUNGO,2150,12270
27-03-2024_15-43-22_p0015_s151_b2,2024-03-27 15:43:22,151,OBRIGADO,1450,4040
22-02-2024_13-21-31_p0018_s13_b1,2024-02-22 13:21:31,13,DOR PERNA,2190,6450
18-04-2024_10-33-54_p0025_s65_b1,2024-04-18 10:33:54,65,NASCER VIVO,1450,5140
03-05-2024_14-29-46_p0027_s153_b2,2024-05-03 14:29:46,153,REPETIR POR-FAVOR,1260,5020
08-05-2024_09-31-03_p0030_s89_b2,2024-05-08 09:31:03,89,DOR LADO-CABEÇA,2290,4930
30-01-2024_11-04-29_p11,2024-01-30 11:04:29,10,DOR BARRIGA,1460,6600
07-03-2024_13-56-33_p0010_s118_b2,2024-03-07 13:56:33,118,OLHOS-LACRIMEJAR,1660,4460
16-05-2024_15-09-53_p0034,2024-05-16 15:09:53,148.17,Q,2100,4890
16-05-2024_15-11-25_p0034,2024-05-16 15:11:25,148.21,U,2850,5040
09-05-2024_15-14-18_p0033,2024-05-09 15:14:18,148.24,X,2690,5010
24-05-2024_19-03-55_p0031,2024-05-24 19:03:55,148.1,A,2400,3890
20-05-2024_16-10-02_p0023_s151_b2,2024-05-20 16:10:02,151,OBRIGADO,1310,3510
22-01-2024_16-28-10_p9,2024-01-22 16:28:10,158,SUBIR-MORRO FÍSICO PIOR,3540,9950
26-04-2024_14-36-24_p0028_s14_b1,2024-04-26 14:36:24,14,DOR PERNA ATRÁS,3330,9360
23-04-2024_11-27-40_p0024_s233_b4,2024-04-23 11:27:40,233,A V C,2000,3810
12-03-2024_10-33-05_p0021_s239_b4,2024-03-12 10:33:05,239,VÍCIO BEBER ÁLCOOL,2070,5800
09-05-2024_14-20-20_p0033_s93_b2,2024-05-09 14:20:20,93,DOR NUCA,2830,5850
23-05-2024_15-08-47_p0035_s188_b3,2024-05-23 15:08:47,188,DOR PERNAS-ESPALHAR APONTAR-COXA,2400,6430
26-03-2024_15-50-33_p0022_s241_b3,2024-03-26 15:50:33,241,TRAZER RECEITA REMÉDIO,2460,7290
11-06-2024_14-41-59_p0035,2024-06-11 14:41:59,148.23,W,2340,5470
08-05-2024_09-58-40_p0030,2024-05-08 09:58:40,148.9,I,1990,3130
28-06-2024_14-18-01_p0035_s32_b1,2024-06-28 14:18:01,32,MANCHAS-PELE VERMELHO,2070,4470
19-07-2024_15-34-56_p0040_s44_b1,2024-07-19 15:34:56,44,PRESSÃO-ARTERIAL ALTO-BAIXO,4550,9030
18-04-2024_10-38-16_p0025_s73_b1,2024-04-18 10:38:16,73,COMER,3840,6320
18-06-2024_16-40-41_p0028_s255_b4,2024-06-18 16:40:41,255,ALERGIA CATEGORIA T R I G O FARINHA,1720,8580
28-06-2024_14-23-45_p0035_s47_b1,2024-06-28 14:23:45,47,XIXI SENTIR IGUAL QUENTE,1670,6340
19-06-2024_10-09-38_p0036_s44_b1,2024-06-19 10:09:38,44,PRESSÃO-ARTERIAL ALTO-BAIXO,3170,8600
18-06-2024_16-54-49_p0028_s273_b4,2024-06-18 16:54:49,273,UM LATA UMA-VEZ SEMANA,1600,5760
02-05-2024_16-15-00_p0026_s273_b4,2024-05-02 16:15:00,273,UM LATA UMA-VEZ SEMANA,1580,6140
19-06-2024_10-07-59_p0036_s40_b1,2024-06-19 10:07:59,40,CACHORRO MORDER,1860,5350
17-06-2024_15-26-36_p0019_s142_b2,2024-06-17 15:26:36,142,MOVIMENTAR-CORPO DOR PIORAR,1810,7500
20-03-2024_14-55-18_p0015,2024-03-20 14:55:18,P9.6,SUBIR-ESCADA FÍSICO PIOR,5300,10270
26-02-2024_16-12-40_p0019_s267_b4,2024-02-26 16:12:40,267,VODCA,6610,8760
30-01-2024_14-14-31_p12,2024-01-30 14:14:31,88,NÃO,2190,3190
10-05-2024_16-41-27_p0033_s44_b1,2024-05-10 16:41:27,44,PRESSÃO-ARTERIAL ALTO-BAIXO,1300,4350
22-02-2024_14-38-23_p0018,2024-02-22 14:38:23,148.26,Z,1330,3530
20-05-2024_12-08-21_p0034,2024-05-20 12:08:21,P19.1,VOCÊ JÁ FAZER TRATAMENTO ALGUM DOENÇA ENTÃO,2930,10320
29-04-2024_11-56-26_p0029,2024-04-29 11:56:26,148.1,A,2700,4760
07-05-2024_15-05-44_p0027_s40_b1,2024-05-07 15:05:44,40,CACHORRO MORDER,1340,5130
18-04-2024_15-29-43_p0026_s108_b2,2024-04-18 15:29:43,108,DOR LEVE,2030,7670
30-01-2024_15-06-41_p12,2024-01-30 15:06:41,148.19,S,3160,4510
07-03-2024_13-40-41_p0010_s84_b2,2024-03-07 13:40:41,84,TRÊS-DIAS,3240,4600
10-05-2024_09-09-27_p0030_s205_b3,2024-05-10 09:09:27,205,TRÊS VACINA,2120,4150
02-05-2024_15-03-03_p0026,2024-05-02 15:03:03,P11.5,PERÍODO DOR TER AUMENTAR,1770,7370
02-05-2024_14-58-13_p0026_s172_b3,2024-05-02 14:58:13,172,VÁRIAS-VEZES,1400,3900
08-05-2024_16-28-24_p0033,2024-05-08 16:28:24,P21.2,USAR REMÉDIO,2700,4820
29-04-2024_16-41-04_p0024_s26_b1,2024-04-29 16:41:04,26,TOSSIR,2830,6010
24-07-2024_14-27-46_p0041_s51_b1,2024-07-24 14:27:46,51,XIXI ESCURO,1710,5810
27-03-2024_15-21-57_p0015_s121_b2,2024-03-27 15:21:57,121,VER MANCHAS,1890,6000
05-06-2024_10-21-16_p0036,2024-06-05 10:21:16,P22.3,QUAL MEDICAMENTO,2590,6220
16-04-2024_15-37-29_p0016_s175_b3,2024-04-16 15:37:29,175,DOIS SEMANA,1620,4930
22-02-2024_15-29-12_p0014,2024-02-22 15:29:12,170.1,1,2240,3590
08-05-2024_09-32-31_p0030_s93_b2,2024-05-08 09:32:31,93,DOR NUCA,2010,4080
28-06-2024_14-10-03_p0035_s11_b1,2024-06-28 14:10:03,11,DOR GARGANTA,1370,4900
08-05-2024_09-35-32_p0030_s97_b2,2024-05-08 09:35:32,97,DOR LADOS-BARRIGA,1660,4780
30-04-2024_13-12-12_p0024_s101_b2,2024-04-30 13:12:12,101,DOR OMBROS,3370,7260
03-05-2024_14-04-57_p0027_s97_b2,2024-05-03 14:04:57,97,DOR LADOS-BARRIGA,1480,5610
22-04-2024_09-05-45_p0025,2024-04-22 09:05:45,P9.1,PEITO DOR O U FALTAR A R INSPIRAR PIORAR MOMENTO FÍSICO ESFORÇAR,2070,17250
28-02-2024_16-02-30_p0011_sP04_b2,2024-02-28 16:02:30,P4,TEMPO QUAL HORAS-DURAÇÃO TEMPO,5380,10840
22-02-2024_14-03-47_p0018,2024-02-22 14:03:47,P6.1,ONDE DOR,990,4880
02-04-2024_15-43-25_p0021_s194_b3,2024-04-02 15:43:25,194,TOSSE SECO,2060,6000
29-04-2024_16-30-02_p0024_s12_b1,2024-04-29 16:30:02,12,DOR BRAÇO,2350,6670
30-04-2024_13-01-43_p0024_s83_b2,2024-04-30 13:01:43,83,UM-DIA,2100,3510
11-06-2024_14-42-20_p0035,2024-06-11 14:42:20,148.24,X,1770,5210
15-05-2024_15-55-32_p0032_s124_b2,2024-05-15 15:55:32,124,GASES,1760,6380
02-04-2024_15-32-59_p0021_s182_b3,2024-04-02 15:32:59,182,QUEIXO DOR ESPALHAR,2180,7920
29-04-2024_16-00-27_p0024_s198_b3,2024-04-29 16:00:27,198,CATARRO COLA BRANCO,2730,7320
16-07-2024_16-35-07_p0039_s238_b4,2024-07-16 16:35:07,238,SUAR TIREÓIDE DIMINUIR,3060,7480
05-06-2024_15-04-30_p0037_s214_b4,2024-06-05 15:04:30,214,FEZES-LÍQUIDAS BRILHANTE,1810,5630
02-04-2024_15-17-17_p0021,2024-04-02 15:17:17,170.3,3,1920,4580
18-06-2024_15-37-21_p0028,2024-06-18 15:37:21,148.13,M,3650,4860
22-04-2024_09-28-15_p0025_s181_b3,2024-04-22 09:28:15,181,PESCOÇO DOR ESPALHAR,1600,6800
19-06-2024_16-33-24_p0023_s38_b1,2024-06-19 16:33:24,38,TENTAR SUICIDAR,2430,4950
20-02-2024_16-57-27_p0015,2024-02-20 16:57:27,P24.2,BEBIDA QUAL,3270,6820
18-06-2024_15-19-54_p0028_s127_b2,2024-06-18 15:19:54,127,COMER COISAS ÓLEO,2900,6200
05-03-2024_10-46-24_p0014_s75_b1,2024-03-05 10:46:24,75,TOSSIR,2700,4820
27-05-2024_16-57-33_p0032_s63_b1,2024-05-27 16:57:33,63,TIRO FURAR-BARRIGA,2070,5340
17-07-2024_14-48-52_p0041,2024-07-17 14:48:52,148.8,H,1340,3980
18-03-2024_11-19-16_p0013_s225_b4,2024-03-18 11:19:16,225,ARRITMIA,980,7720
11-06-2024_14-20-09_p0035_s122_b2,2024-06-11 14:20:09,122,TODA-HORA URINAR,2320,5960
08-04-2024_16-11-50_p0021,2024-04-08 16:11:50,148.14,N,1590,3940
19-06-2024_10-17-27_p0036_s60_b1,2024-06-19 10:17:27,60,AGREDIR,2610,5770
02-05-2024_14-54-25_p0026,2024-05-02 14:54:25,170.3,3,1590,3740
08-05-2024_15-39-46_p0033_s176_b3,2024-05-08 15:39:46,176,TRÊS-MESES,3190,5560
26-03-2024_16-33-26_p0022_s270_b4,2024-03-26 16:33:26,270,G-I-N,3840,6090
30-04-2024_13-09-30_p0024_s95_b2,2024-04-30 13:09:30,95,DOR OLHOS,2300,5510
02-05-2024_15-58-54_p0026_s245_b4,2024-05-02 15:58:54,245,ÁCARO ALERGIA,1630,5810
20-02-2024_16-51-22_p0015,2024-02-20 16:51:22,P23.1,VOCÊ FUMAR,2000,4530
18-04-2024_10-36-38_p0025_s71_b1,2024-04-18 10:36:38,71,2-HORA,2430,5580
17-07-2024_14-50-18_p0041,2024-07-17 14:50:18,148.13,M,1350,4190
22-04-2024_09-10-10_p0025,2024-04-22 09:10:10,P9.4,TOMAR-BANHO FÍSICO PIOR,2610,7220
12-03-2024_10-24-08_p0021_s224_b4,2024-03-12 10:24:08,224,INFARTO,2780,4980
27-05-2024_16-51-57_p0032_s49_b1,2024-05-27 16:51:57,49,XIXI POUCO,2090,5140
19-03-2024_15-44-57_p0022,2024-03-19 15:44:57,148.18,R,1800,4320
20-05-2024_12-36-47_p0034_s277_b4,2024-05-20 12:36:47,277,DOIS GARRAFAS DUAS-VEZES SEMANA,2210,6920
12-03-2024_14-45-07_p0022_s69_b1,2024-03-12 14:45:07,69,30 MINUTO,3160,6540
24-04-2024_15-26-44_p0027,2024-04-24 15:26:44,P9.7,TOMAR-REMÉDIO AJUDAR CURAR PEITO DOR O U FALTAR A R ENTÃO,3920,11160
02-05-2024_15-52-21_p0026_s226_b4,2024-05-02 15:52:21,226,PRESSÃO ALTO,1280,4170
30-01-2024_11-08-24_p11,2024-01-30 11:08:24,23,TONTURA-ENJOO,1360,6660
13-03-2024_16-12-54_p0014_s269_b4,2024-03-13 16:12:54,269,CACHAÇA,3040,5460
20-02-2024_16-43-12_p0015_s247_b4,2024-02-20 16:43:12,247,ALERGIA FLOR PÓLEN,1780,6700
19-06-2024_16-40-23_p0023_s53_b1,2024-06-19 16:40:23,53,XIXI VERMELHO,1710,4440
12-06-2024_10-32-14_p0036_s151_b2,2024-06-12 10:32:14,151,OBRIGADO,1850,4020
25-03-2024_15-38-23_p0020_s230_b4,2024-03-25 15:38:23,230,DEPRESSÃO,1860,3870
22-02-2024_14-40-07_p0018_s157_b2,2024-02-22 14:40:07,157,CONTINUAR,1320,3970
26-03-2024_16-18-18_p0022_s237_b4,2024-03-26 16:18:18,237,RINS FRACO,1780,5530
31-01-2024_14-53-02_p13,2024-01-31 14:53:02,171,UMA-VEZ,1490,2960
03-05-2024_18-31-34_p0031_s169_b3,2024-05-03 18:31:34,169,REMÉDIO CURAR-NÃO,1210,3980
03-04-2024_16-06-41_p0023_s265_b4,2024-04-03 16:06:41,265,VINHO,1630,3310
26-02-2024_15-29-53_p0019_s214_b4,2024-02-26 15:29:53,214,FEZES-LÍQUIDAS BRILHANTE,2260,5820
20-02-2024_16-21-45_p0015_s221_b4,2024-02-20 16:21:45,221,TER P U S MISTURAR AMARELO BRANCO MISTURAR,2820,10720
15-05-2024_15-24-26_p0032,2024-05-15 15:24:26,P6.1,ONDE DOR,2550,7180
27-05-2024_16-05-55_p0032_s207_b3,2024-05-27 16:05:55,207,NÃO VACINAR GRIPE,1640,6990
24-05-2024_18-58-28_p0031_s134_b2,2024-05-24 18:58:28,134,MASTIGAR,2100,4630
20-05-2024_15-41-53_p0023_s122_b2,2024-05-20 15:41:53,122,TODA-HORA URINAR,1640,5090
26-03-2024_16-27-58_p0022_s259_b4,2024-03-26 16:27:58,259,TER FUMAR SIM,5260,7810
19-07-2024_14-36-34_p0040,2024-07-19 14:36:34,148.25,Y,2610,4770
09-05-2024_14-43-30_p0033_s122_b2,2024-05-09 14:43:30,122,TODA-HORA URINAR,3110,6390
12-03-2024_10-42-26_p0021,2024-03-12 10:42:26,P23.1,VOCÊ FUMAR,2520,4320
30-01-2024_14-12-50_p12,2024-01-30 14:12:50,84,TRÊS-DIAS,2090,3550
30-01-2024_11-28-53_p11,2024-01-30 11:28:53,77,EXERCÍCIO-FÍSICO,963,3998
28-06-2024_14-30-11_p0035_s59_b1,2024-06-28 14:30:11,59,TRAUMA,1730,2940
22-02-2024_14-04-17_p0018_s90_b2,2024-02-22 14:04:17,90,DOR OUVIDO,1130,4870
08-05-2024_09-30-33_p0030_s88_b2,2024-05-08 09:30:33,88,NÃO,1860,3050
19-03-2024_15-44-22_p0022,2024-03-19 15:44:22,148.16,P,1630,4350
03-05-2024_08-41-22_p0030_s39_b1,2024-05-03 08:41:22,39,MORDER,2460,3840
07-03-2024_13-57-36_p0010_s119_b2,2024-03-07 13:57:36,119,SENTIR MAL,3520,5290
19-07-2024_15-40-06_p0040_s53_b1,2024-07-19 15:40:06,53,XIXI VERMELHO,6030,9480
22-02-2024_15-45-35_p0014,2024-02-22 15:45:35,P15.2,TOSSE COMO,5310,8730
18-04-2024_15-52-43_p0026_s150_b2,2024-04-18 15:52:43,150,ENTENDER,1790,4140
27-03-2024_15-35-43_p0015,2024-03-27 15:35:43,148.5,E,1480,3860
29-04-2024_15-47-11_p0024_s183_b3,2024-04-29 15:47:11,183,DOR ESPALHAR OMBRO,3410,7530
15-05-2024_16-25-04_p0032,2024-05-15 16:25:04,148.1,A,2440,4900
03-04-2024_15-36-02_p0023_s220_b4,2024-04-03 15:36:02,220,TER M U C O COLA,2160,6100
20-02-2024_16-16-47_p0015_s212_b4,2024-02-20 16:16:47,212,FEZES-LÍQUIDAS,1320,4560
24-01-2024_17-01-01_p10,2024-01-24 17:01:01,210,MOLE,3190,5000
03-05-2024_08-33-23_p0030_s18_b1,2024-05-03 08:33:23,18,DIFÍCIL RESPIRAR,2050,5210
21-02-2024_15-43-12_p0016_s122_b2,2024-02-21 15:43:12,122,TODA-HORA URINAR,1750,5700
17-07-2024_14-45-20_p0041_s157_b2,2024-07-17 14:45:20,157,CONTINUAR,2070,4200
07-05-2024_14-19-22_p0027_s235_b4,2024-05-07 14:19:22,235,OBESIDADE,2200,3910
24-04-2024_16-21-11_p0027_s241_b3,2024-04-24 16:21:11,241,TRAZER RECEITA REMÉDIO,2990,6800
19-07-2024_15-47-07_p0040_s66_b1,2024-07-19 15:47:07,66,VAGINA VERMELHO SANGRAR,6550,11310
20-05-2024_12-31-23_p0034_s266_b4,2024-05-20 12:31:23,266,DOSE ÁLCOOL,2680,5300
23-05-2024_14-46-48_p0035,2024-05-23 14:46:48,P9.6,SUBIR-ESCADA FÍSICO PIOR,6750,11760
29-04-2024_16-06-37_p0024_s205_b3,2024-04-29 16:06:37,205,TRÊS VACINA,2950,5620
08-06-2024_10-24-52_p0031_s17_b1,2024-06-08 10:24:52,17,CHIAR,1660,4620
19-03-2024_15-40-18_p0022,2024-03-19 15:40:18,148.3,C,1650,4130
29-02-2024_14-13-48_p0010_s66_b1,2024-02-29 14:13:48,66,VAGINA VERMELHO SANGRAR,1150,3730
24-07-2024_14-17-59_p0041_s28_b1,2024-07-24 14:17:59,28,NARIZ-LADOS FECHAR,1580,5800
07-03-2024_13-59-03_p0010_s124_b2,2024-03-07 13:59:03,124,GASES,1940,3200
18-04-2024_15-39-58_p0026_s135_b2,2024-04-18 15:39:58,135,ENGOLIR,1940,5510
22-02-2024_15-32-52_p0014_s172_b3,2024-02-22 15:32:52,172,VÁRIAS-VEZES,1580,4190
28-02-2024_16-41-46_p0011_s128_b2,2024-02-28 16:41:46,128,LOCAIS BARULHO,2190,8080
02-04-2024_15-31-43_p0021_s181_b3,2024-04-02 15:31:43,181,PESCOÇO DOR ESPALHAR,2270,8480
23-05-2024_15-09-16_p0035_s189_b3,2024-05-23 15:09:16,189,DOR PERNAS-ESPALHAR APONTAR-PERNA,2580,6820
07-05-2024_15-17-54_p0027_s72_b1,2024-05-07 15:17:54,72,2-MÊS,1590,4970
02-05-2024_15-58-31_p0026,2024-05-02 15:58:31,P22.1,VOCÊ TER ALERGIA ENTÃO,1380,6260
24-05-2024_18-35-58_p0031_s93_b2,2024-05-24 18:35:58,93,DOR NUCA,1650,4150
27-05-2024_15-36-29_p0032_s177_b3,2024-05-27 15:36:29,177,UM ANO,1810,5430
18-03-2024_15-45-42_p0020_s76_b1,2024-03-18 15:45:42,76,LIMPAR CASA,1260,4860
20-05-2024_11-49-07_p0034_s62_b1,2024-05-20 11:49:07,62,MATERIAL GRUPO CORTAR TAMBÉM OBJETO-FINO-LONGO FINCAR,2760,11820
19-07-2024_14-26-48_p0040,2024-07-19 14:26:48,148.1,A,920,4190
11-06-2024_14-13-57_p0035_s114_b2,2024-06-11 14:13:57,114,DOR CHOQUE,2110,6960
22-02-2024_14-03-01_p0018_sP05_b2,2024-02-22 14:03:01,P5,POR-QUE PROCURAR VIR HOJE TER PIORAR,3820,13720
26-02-2024_16-01-10_p0019_s256_b4,2024-02-26 16:01:10,256,ALERGIA AMENDOIM,3020,7280
30-01-2024_14-42-22_p12,2024-01-30 14:42:22,119,SENTIR MAL,2310,4250
16-04-2024_15-18-52_p0016_s158_b3,2024-04-16 15:18:52,158,SUBIR-MORRO FÍSICO PIOR,1920,7550
16-04-2024_10-49-03_p0025,2024-04-16 10:49:03,P23.1,VOCÊ FUMAR,1570,3430
16-05-2024_14-51-31_p0034_s128_b2,2024-05-16 14:51:31,128,LOCAIS BARULHO,5810,8360
13-03-2024_15-58-00_p0014_s239_b4,2024-03-13 15:58:00,239,VÍCIO BEBER ÁLCOOL,1760,6170
19-06-2024_10-28-30_p0036_s77_b1,2024-06-19 10:28:30,77,EXERCÍCIO-FÍSICO,2170,5050
03-05-2024_08-38-57_p0030_s33_b1,2024-05-03 08:38:57,33,COÇAR,1990,4950
28-02-2024_16-49-13_p0011_s141_b2,2024-02-28 16:49:13,141,MEXER-PESCOÇO,1680,5710
16-05-2024_14-19-27_p0034_s82_b2,2024-05-16 14:19:27,82,SEIS HORAS,6510,8800
07-05-2024_14-08-53_p0027_s211_b4,2024-05-07 14:08:53,211,FRAGMENTOS MISTURAR MOLE,2270,5090
20-03-2024_15-23-32_p0015_s197_b3,2024-03-20 15:23:32,197,CATARRO COLA CLARO,2680,6350
18-03-2024_11-18-39_p0013_s223_b4,2024-03-18 11:18:39,223,DIABETES,1270,4290
16-07-2024_16-52-12_p0039_s265_b4,2024-07-16 16:52:12,265,VINHO,2160,4540
07-03-2024_14-16-00_p0010_s152_b2,2024-03-07 14:16:00,152,OBRIGADO,1200,2490
11-06-2024_13-52-52_p0035_s82_b2,2024-06-11 13:52:52,82,SEIS HORAS,2590,5750
28-06-2024_15-48-50_p0035_s280_b4,2024-06-28 15:48:50,280,TAÇA TOMAR VINHO UMA-VEZ SEMANA,1640,11710
23-05-2024_14-55-31_p0035,2024-05-23 14:55:31,170.7,7,1780,2740
19-03-2024_15-03-27_p0022_s99_b2,2024-03-19 15:03:27,99,DOR BAIXO-VENTRE,2830,7540
05-03-2024_10-22-33_p0014_s4_b1,2024-03-05 10:22:33,4,CONVULSÃO ENROLAR-LÍNGUA,1880,4670
16-05-2024_14-59-31_p0034_s140_b2,2024-05-16 14:59:31,140,PERNAS MEXER-PERNAS,4710,8500
22-02-2024_14-38-38_p0018_s149_b2,2024-02-22 14:38:38,149,DEVAGAR,1660,4300
25-03-2024_16-34-19_p0020_s143_b2,2024-03-25 16:34:19,143,DEITAR,1090,4050
24-05-2024_18-43-11_p0031_s112_b2,2024-05-24 18:43:11,112,DOR QUEIMAR,2330,5360
26-03-2024_16-09-49_p0022_s221_b4,2024-03-26 16:09:49,221,TER P U S MISTURAR AMARELO BRANCO MISTURAR,2710,9000
20-02-2024_16-59-22_p0015_s271_b4,2024-02-20 16:59:22,271,CHAMPANHE,1210,4550
12-03-2024_10-35-52_p0021_s246_b4,2024-03-12 10:35:52,246,F U N G O S SINAL FUNGO,2590,11550
23-04-2024_11-48-30_p0024_s276_b4,2024-04-23 11:48:30,276,GARRAFA UMA-VEZ SEMANA,3750,6280
10-05-2024_08-47-46_p0030_sP12_b3,2024-05-10 08:47:46,P12,DOR EXEMPLO AQUI LUGAR MESMO O U ESPALHAR AQUI LUGARES ENTÃO,2060,12660
22-01-2024_16-27-27_p9,2024-01-22 16:27:27,P9.2,SUBIR-MORRO FÍSICO PIOR,6370,12420
24-01-2024_17-21-26_p10,2024-01-24 17:21:26,247,ALERGIA FLOR PÓLEN,2320,8620
28-02-2024_17-00-02_p0011,2024-02-28 17:00:02,148.24,X,1330,4260
24-05-2024_18-40-20_p0031_s105_b2,2024-05-24 18:40:20,105,DOR TESTÍCULOS,1350,5500
10-05-2024_15-28-00_p0033_s235_b4,2024-05-10 15:28:00,235,OBESIDADE,2320,3990
08-04-2024_16-04-25_p0021,2024-04-08 16:04:25,148.3,C,2440,4730
30-01-2024_11-11-50_p11,2024-01-30 11:11:50,33,COÇAR,910,5660
05-03-2024_10-26-39_p0014_s17_b1,2024-03-05 10:26:39,17,CHIAR,1740,6650
03-04-2024_15-39-46_p0023_s222_b4,2024-04-03 15:39:46,222,DOR-BARRIGA NENHUM,3110,5520
24-07-2024_14-10-18_p0041_s9_b1,2024-07-24 14:10:18,9,DOR LOMBAR,1570,6320
10-05-2024_15-32-24_p0033_s247_b4,2024-05-10 15:32:24,247,ALERGIA FLOR PÓLEN,3160,6350
17-06-2024_15-16-37_p0019,2024-06-17 15:16:37,P8.1,S I FAZER COISAS SENTIR DOR PIORAR,2230,9550
05-06-2024_15-36-20_p0037_s271_b4,2024-06-05 15:36:20,271,CHAMPANHE,1370,4480
27-05-2024_15-17-19_p0032_s166_b3,2024-05-27 15:17:19,166,SUBIR-ESCADA CORPO PIOR,2080,9370
27-03-2024_15-28-32_p0015_s134_b2,2024-03-27 15:28:32,134,MASTIGAR,1710,4980
03-05-2024_08-58-53_p0030_s79_b1,2024-05-03 08:58:53,79,SENTADO,2000,3890
20-05-2024_11-34-52_p0034_s34_b1,2024-05-20 11:34:52,34,FEBRE,2710,5320
19-06-2024_10-28-06_p0036_s76_b1,2024-06-19 10:28:06,76,LIMPAR CASA,2460,6320
16-05-2024_14-44-24_p0034_s121_b2,2024-05-16 14:44:24,121,VER MANCHAS,7400,9910
02-04-2024_15-31-02_p0021_s180_b3,2024-04-02 15:31:02,180,NUCA DOR ESPALHAR,2710,8350
16-04-2024_10-41-19_p0025_s247_b4,2024-04-16 10:41:19,247,ALERGIA FLOR PÓLEN,1550,6040
27-05-2024_16-41-21_p0032_s25_b1,2024-05-27 16:41:21,25,FEZES ESCURO,2100,5370
12-03-2024_10-38-26_p0021_s254_b4,2024-03-12 10:38:26,254,ALERGIA COMER CATEGORIA ÁGUA-MAR,1540,6680
19-06-2024_10-11-07_p0036_s47_b1,2024-06-19 10:11:07,47,XIXI SENTIR IGUAL QUENTE,1660,9980
10-05-2024_15-08-12_p0033_s214_b4,2024-05-10 15:08:12,214,FEZES-LÍQUIDAS BRILHANTE,2560,4790
25-03-2024_15-36-37_p0020_s227_b4,2024-03-25 15:36:37,227,ASMA,2250,4050
29-04-2024_12-00-33_p0029,2024-04-29 12:00:33,148.16,P,1830,4140
19-03-2024_15-29-03_p0022_s137_b2,2024-03-19 15:29:03,137,ESTRESSE,3110,6680
19-06-2024_10-25-45_p0036_s72_b1,2024-06-19 10:25:45,72,2-MÊS,1920,5090
30-01-2024_11-08-05_p11,2024-01-30 11:08:05,22,EVACUAR MOLE VERMELHO,3430,9210
10-05-2024_15-19-42_p0033_s226_b4,2024-05-10 15:19:42,226,PRESSÃO ALTO,1890,3500
31-01-2024_14-50-39_p13,2024-01-31 14:50:39,170.3,3,2220,3530
06-05-2024_16-02-05_p0032_s267_b4,2024-05-06 16:02:05,267,VODCA,2470,4800
11-05-2024_09-42-11_p0034_s171_b3,2024-05-11 09:42:11,171,UMA-VEZ,6160,7930
08-05-2024_16-22-09_p0033_s205_b3,2024-05-08 16:22:09,205,TRÊS VACINA,3120,5000
03-05-2024_14-01-01_p0027_s86_b2,2024-05-03 14:01:01,86,UM MÊS,1520,4490
05-06-2024_15-14-54_p0037_s233_b4,2024-06-05 15:14:54,233,A V C,1730,4090
08-04-2024_16-15-06_p0021,2024-04-08 16:15:06,148.21,U,2100,4680
03-04-2024_16-08-59_p0023_s272_b4,2024-04-03 16:08:59,272,UM LATA TODO-DIA,2230,4260
22-02-2024_14-38-49_p0018_s150_b2,2024-02-22 14:38:49,150,ENTENDER,1360,4250
08-04-2024_15-49-11_p0021_s123_b2,2024-04-08 15:49:11,123,ZUMBIDO OUVIDO,2030,5110
22-04-2024_09-35-50_p0025_s193_b3,2024-04-22 09:35:50,193,FICAR-EM-PÉ SENTAR DEITAR DOR PIORAR NÃO,1340,8390
20-05-2024_15-31-32_p0023,2024-05-20 15:31:32,P6.2,COMO DOR,2590,6270
18-04-2024_10-08-21_p0025_s3_b1,2024-04-18 10:08:21,3,MUDAR COMPORTAMENTO,1780,5440
08-05-2024_09-57-27_p0030,2024-05-08 09:57:27,148.5,E,1760,2750
03-05-2024_18-33-58_p0031,2024-05-03 18:33:58,170.1,1,1720,4760
30-01-2024_14-33-47_p12,2024-01-30 14:33:47,111,DOR PESO,3530,6230
24-07-2024_14-35-52_p0041_s70_b1,2024-07-24 14:35:52,70,1-HORA,1800,5620
10-05-2024_09-57-22_p0030_s259_b4,2024-05-10 09:57:22,259,TER FUMAR SIM,1610,5350
02-05-2024_14-56-45_p0026,2024-05-02 14:56:45,170.10,10,1330,3670
28-06-2024_14-12-20_p0035_s17_b1,2024-06-28 14:12:20,17,CHIAR,1630,6160
26-08-2024_15-25-20_p0019_s28_b1,2024-08-26 15:25:20,28,NARIZ-LADOS FECHAR,2900,5660
22-04-2024_09-09-09_p0025_s160_b3,2024-04-22 09:09:09,160,PLANO ANDAR CORPO PIOR,1410,9230
26-08-2024_15-16-02_p0019_s5_b1,2024-08-26 15:16:02,5,CABEÇA DOR,3230,6120
11-05-2024_09-32-09_p0034_s167_b3,2024-05-11 09:32:09,167,SUBIR-ESCADA CORPO PIOR NÃO,2930,7910
23-05-2024_15-01-41_p0035_s176_b3,2024-05-23 15:01:41,176,TRÊS-MESES,2050,4300
25-03-2024_15-45-37_p0020_s249_b4,2024-03-25 15:45:37,249,ALERGIA GATO,1740,5230
15-05-2024_16-42-43_p0032,2024-05-15 16:42:43,148.7,G,1590,4970
25-03-2024_15-27-39_p0020_s212_b4,2024-03-25 15:27:39,212,FEZES-LÍQUIDAS,2060,4630
09-05-2024_14-58-35_p0033_s143_b2,2024-05-09 14:58:35,143,DEITAR,2410,4920
08-04-2024_15-50-02_p0021,2024-04-08 15:50:02,P8.1,S I FAZER COISAS SENTIR DOR PIORAR,2730,11490
08-05-2024_09-52-13_p0030_s139_b2,2024-05-08 09:52:13,139,BRAÇO MEXER-BRAÇO,1650,4830
27-05-2024_16-51-07_p0032_s47_b1,2024-05-27 16:51:07,47,XIXI SENTIR IGUAL QUENTE,2120,7070
24-01-2024_17-28-19_p10,2024-01-24 17:28:19,261,UM ANO,2650,4640
12-03-2024_10-32-19_p0021_s236_b4,2024-03-12 10:32:19,236,FÍGADO INFLAMADO,2100,4890
27-03-2024_15-30-56_p0015_s141_b2,2024-03-27 15:30:56,141,MEXER-PESCOÇO,1470,5540
23-04-2024_15-21-14_p0026_s44_b1,2024-04-23 15:21:14,44,PRESSÃO-ARTERIAL ALTO-BAIXO,3020,5720
03-05-2024_19-06-13_p0031_s241_b3,2024-05-03 19:06:13,241,TRAZER RECEITA REMÉDIO,1910,6590
02-05-2024_16-11-32_p0026_s265_b4,2024-05-02 16:11:32,265,VINHO,1060,3740
10-05-2024_10-09-24_p0030_s283_b4,2024-05-10 10:09:24,283,UM COPO UMA-VEZ SEMANA,2430,7490
18-03-2024_11-50-31_p0013_s282_b4,2024-03-18 11:50:31,282,UM COPO CHEIO TODO-DIA,1890,7760
30-04-2024_13-54-13_p0024_s156_b2,2024-04-30 13:54:13,156,NÃO-ENTENDER,2810,4510
10-05-2024_16-50-14_p0033_s71_b1,2024-05-10 16:50:14,71,2-HORA,1440,3970
17-07-2024_14-25-27_p0041_s113_b2,2024-07-17 14:25:27,113,DOR PONTADA,1590,5210
20-05-2024_12-13-17_p0034_s233_b4,2024-05-20 12:13:17,233,A V C,2310,4640
20-05-2024_16-06-50_p0023,2024-05-20 16:06:50,148.17,Q,1500,3660
29-04-2024_11-57-15_p0029,2024-04-29 11:57:15,148.3,C,1570,3080
18-06-2024_15-01-51_p0028_s101_b2,2024-06-18 15:01:51,101,DOR OMBROS,1940,3970
27-05-2024_16-36-50_p0032_s18_b1,2024-05-27 16:36:50,18,DIFÍCIL RESPIRAR,2010,5590
20-05-2024_15-18-44_p0023_s92_b2,2024-05-20 15:18:44,92,DOR TESTA,1650,5100
22-02-2024_13-49-43_p0018_s73_b1,2024-02-22 13:49:43,73,COMER,1760,4350
02-05-2024_14-54-10_p0026,2024-05-02 14:54:10,170.2,2,1590,3500
24-01-2024_17-26-53_p10,2024-01-24 17:26:53,P23.1,VOCÊ FUMAR,3320,5350
07-03-2024_14-16-29_p0010_s155_b2,2024-03-07 14:16:29,155,PARAR,1560,2430
28-06-2024_14-36-53_p0035_s72_b1,2024-06-28 14:36:53,72,2-MÊS,1570,3520
11-06-2024_14-37-44_p0035,2024-06-11 14:37:44,148.12,L,1180,3840
07-03-2024_13-49-31_p0010_s104_b2,2024-03-07 13:49:31,104,DOR PERNA-DIREITA PERNA-ESQUERDA,1440,4290
17-06-2024_15-32-20_p0019,2024-06-17 15:32:20,148.6,F,2320,5270
27-05-2024_15-33-30_p0032_s173_b3,2024-05-27 15:33:30,173,SEMPRE SEMPRE,1690,6460
19-06-2024_10-14-41_p0036_s54_b1,2024-06-19 10:14:41,54,VERMELHO SANGRAR-BOCA,3860,7650
16-07-2024_16-31-05_p0039_s232_b4,2024-07-16 16:31:05,232,ANSIEDADE,2330,7270
10-05-2024_15-35-15_p0033_s253_b4,2024-05-10 15:35:15,253,ALERGIA O V O OVO,1920,4600
22-02-2024_11-13-18_p0017_s200_b3,2024-02-22 11:13:18,200,CATARRO COLA VERDE,2000,4730
16-07-2024_16-19-24_p0039_s216_b4,2024-07-16 16:19:24,216,FEZES-LÍQUIDAS-EXPLODIR,2070,4730
06-05-2024_15-57-51_p0032_s262_b4,2024-05-06 15:57:51,262,DOIS ANO,3300,5800
18-03-2024_11-26-37_p0013_s246_b4,2024-03-18 11:26:37,246,F U N G O S SINAL FUNGO,1480,11730
22-02-2024_14-34-12_p0018,2024-02-22 14:34:12,148.15,O,870,3650
29-04-2024_15-20-14_p0024_s163_b3,2024-04-29 15:20:14,163,TOMAR-BANHO CORPO PIOR NÃO,4030,8950
20-05-2024_15-43-56_p0023_s125_b2,2024-05-20 15:43:56,125,COMER CATEGORIA ÁCIDO MAIS APIMENTADO,2270,9090
18-04-2024_15-34-50_p0026_s120_b2,2024-04-18 15:34:50,120,VER DOBRADO,1650,6310
25-03-2024_16-45-24_p0020_s156_b2,2024-03-25 16:45:24,156,NÃO-ENTENDER,1020,3450
07-05-2024_15-19-57_p0027_s77_b1,2024-05-07 15:19:57,77,EXERCÍCIO-FÍSICO,1250,4550
20-05-2024_15-59-28_p0023_s147_b2,2024-05-20 15:59:28,147,JEJUM,1550,4580
22-02-2024_11-17-34_p0017_s207_b3,2024-02-22 11:17:34,207,NÃO VACINAR GRIPE,2760,5850
16-07-2024_16-21-25_p0039_s221_b4,2024-07-16 16:21:25,221,TER P U S MISTURAR AMARELO BRANCO MISTURAR,1440,8570
28-02-2024_17-05-30_p0011_s157_b2,2024-02-28 17:05:30,157,CONTINUAR,1390,4130
16-07-2024_16-58-25_p0039_s279_b4,2024-07-16 16:58:25,279,DUAS-DOSES TOMAR DUAS-VEZES SEMANA,2080,7480
21-02-2024_15-24-44_p0016_s100_b2,2024-02-21 15:24:44,100,DOR VIRILHA,2100,6540
09-05-2024_14-25-12_p0033_s103_b2,2024-05-09 14:25:12,103,DOR JOELHO-DIREITO JOELHO-ESQUERDO,4720,8740
08-04-2024_16-30-53_p0021_s4_b1,2024-04-08 16:30:53,4,CONVULSÃO ENROLAR-LÍNGUA,2480,4080
26-08-2024_15-46-40_p0019_s70_b1,2024-08-26 15:46:40,70,1-HORA,3510,6000
30-04-2024_13-02-00_p0024_s84_b2,2024-04-30 13:02:00,84,TRÊS-DIAS,2150,3600
10-05-2024_10-03-15_p0030_s270_b4,2024-05-10 10:03:15,270,G-I-N,2150,4760
07-05-2024_14-56-49_p0027_s13_b1,2024-05-07 14:56:49,13,DOR PERNA,1970,6200
18-06-2024_15-01-08_p0028_s99_b2,2024-06-18 15:01:08,99,DOR BAIXO-VENTRE,2180,4940
09-05-2024_14-38-54_p0033,2024-05-09 14:38:54,P6.5,DOR IGUAL FINCADA,2880,7020
13-03-2024_15-57-16_p0014_s237_b4,2024-03-13 15:57:16,237,RINS FRACO,1960,6180
21-02-2024_15-26-19_p0016,2024-02-21 15:26:19,P6.2,COMO DOR,1310,4850
28-06-2024_15-47-39_p0035_s278_b4,2024-06-28 15:47:39,278,UMA-DOSE TOMAR TODO-DIA,2160,6950
26-08-2024_15-43-42_p0019_s64_b1,2024-08-26 15:43:42,64,QUASE CABEÇA-SAIR NASCER,4880,8660
10-05-2024_16-51-22_p0033_s74_b1,2024-05-10 16:51:22,74,BEBER,1380,3610
03-05-2024_08-35-50_p0030_s24_b1,2024-05-03 08:35:50,24,VOMITAR,2470,3550
22-02-2024_15-32-32_p0014_s171_b3,2024-02-22 15:32:32,171,UMA-VEZ,2710,4900
21-02-2024_11-49-50_p0013_s48_b1,2024-02-21 11:49:50,48,XIXI VAZAR,2650,5890
26-04-2024_15-13-31_p0028_s79_b1,2024-04-26 15:13:31,79,SENTADO,1780,5540
23-04-2024_11-14-14_p0024,2024-04-23 11:14:14,P18.3,COMO FEZES COMO,1540,4370
20-03-2024_15-05-33_p0015_s173_b3,2024-03-20 15:05:33,173,SEMPRE SEMPRE,1950,5160
24-05-2024_18-57-33_p0031_s131_b2,2024-05-24 18:57:33,131,PERÍODO MENSTRUAR,2490,4560
05-03-2024_10-45-05_p0014_s72_b1,2024-03-05 10:45:05,72,2-MÊS,1870,4640
07-03-2024_13-48-21_p0010_s100_b2,2024-03-07 13:48:21,100,DOR VIRILHA,1100,3250
26-03-2024_15-47-47_p0022_s207_b3,2024-03-26 15:47:47,207,NÃO VACINAR GRIPE,2220,6820
24-07-2024_14-22-14_p0041_s37_b1,2024-07-24 14:22:14,37,VERMELHO SANGUE DOCE BAIXO-ALTO,1740,8640
19-06-2024_16-41-52_p0023_s57_b1,2024-06-19 16:41:52,57,TONTEIRA,1930,4930
07-03-2024_14-10-42_p0010,2024-03-07 14:10:42,148.6,F,1770,2420
24-05-2024_18-59-31_p0031_s137_b2,2024-05-24 18:59:31,137,ESTRESSE,1600,4320
20-05-2024_15-13-38_p0023_s84_b2,2024-05-20 15:13:38,84,TRÊS-DIAS,2310,4800
25-03-2024_15-48-58_p0020_s258_b4,2024-03-25 15:48:58,258,ALERGIA NENHUM,3020,5480
17-07-2024_14-26-47_p0041,2024-07-17 14:26:47,P6.3,DOR IGUAL PESO,1980,6160
29-04-2024_15-38-18_p0024,2024-04-29 15:38:18,P11.2,SENTIR DOR OUTRAS-VEZES DIVERSAS-VEZES ENTÃO,3980,8870
12-06-2024_10-31-58_p0036_s150_b2,2024-06-12 10:31:58,150,ENTENDER,1710,3950
22-01-2024_16-39-37_p9,2024-01-22 16:39:37,170.1,1,1770,3910
03-05-2024_08-54-30_p0030_s68_b1,2024-05-03 08:54:30,68,15 MINUTO,2300,4360
16-07-2024_16-55-31_p0039_s273_b4,2024-07-16 16:55:31,273,UM LATA UMA-VEZ SEMANA,4270,8880
03-05-2024_08-30-02_p0030_s9_b1,2024-05-03 08:30:02,9,DOR LOMBAR,2020,4660
26-08-2024_15-38-25_p0019_s57_b1,2024-08-26 15:38:25,57,TONTEIRA,2990,7370
17-07-2024_14-43-22_p0041_s151_b2,2024-07-17 14:43:22,151,OBRIGADO,2890,4770
17-07-2024_14-42-42_p0041_s149_b2,2024-07-17 14:42:42,149,DEVAGAR,2560,4490
03-05-2024_18-44-24_p0031,2024-05-03 18:44:24,P11.4,AO-LONGO-DO-TEMPO DOR COMO AUMENTAR O U DIMINUIR,2070,14020
11-05-2024_10-08-35_p0034,2024-05-11 10:08:35,P17.3,VOCÊ JÁ VACINAR GRIPE,4130,8330
15-05-2024_15-48-58_p0032_sP07_b2,2024-05-15 15:48:58,P7,SENTIR JUNTO ITENS MAIS TER,3810,12210
30-01-2024_11-12-21_p11,2024-01-30 11:12:21,35,ARREPIAR FRIO,940,6130
27-03-2024_16-32-59_p0015_s80_b1,2024-03-27 16:32:59,80,SENTADO EM-PÉ,1640,6850
22-02-2024_13-51-06_p0018_s78_b1,2024-02-22 13:51:06,78,CALADO DEITADO,2060,5350
19-03-2024_15-41-07_p0022,2024-03-19 15:41:07,148.6,F,1550,3930
19-07-2024_15-36-46_p0040_s48_b1,2024-07-19 15:36:46,48,XIXI VAZAR,3840,7950
28-06-2024_14-32-41_p0035_s65_b1,2024-06-28 14:32:41,65,NASCER VIVO,1630,3980
03-05-2024_18-56-16_p0031,2024-05-03 18:56:16,P15.1,TER TOSSE,1690,5350
26-08-2024_15-26-04_p0019_s30_b1,2024-08-26 15:26:04,30,FERIR PELE,3410,6690
26-08-2024_15-37-35_p0019_s55_b1,2024-08-26 15:37:35,55,VERMELHO NARIZ-SANGRAR GRIPE,3190,8230
08-04-2024_16-43-16_p0021_s30_b1,2024-04-08 16:43:16,30,FERIR PELE,2010,4090
29-04-2024_16-59-14_p0024_s64_b1,2024-04-29 16:59:14,64,QUASE CABEÇA-SAIR NASCER,3310,7700
29-04-2024_16-57-26_p0024_s62_b1,2024-04-29 16:57:26,62,MATERIAL GRUPO CORTAR TAMBÉM OBJETO-FINO-LONGO FINCAR,3490,13120
02-05-2024_14-45-37_p0026_s163_b3,2024-05-02 14:45:37,163,TOMAR-BANHO CORPO PIOR NÃO,1920,7670
08-06-2024_10-49-05_p0031_s73_b1,2024-06-08 10:49:05,73,COMER,1410,3040
07-03-2024_14-16-19_p0010_s154_b2,2024-03-07 14:16:19,154,PARAR,1200,2630
03-05-2024_14-06-52_p0027_s104_b2,2024-05-03 14:06:52,104,DOR PERNA-DIREITA PERNA-ESQUERDA,1480,6080
20-05-2024_12-12-24_p0034_s231_b4,2024-05-20 12:12:24,231,DEPRESSÃO,2430,4690
13-03-2024_15-03-48_p0014_s111_b2,2024-03-13 15:03:48,111,DOR PESO,3260,5760
09-05-2024_15-05-49_p0033,2024-05-09 15:05:49,148.4,D,1960,4720
05-06-2024_10-26-55_p0036_s264_b4,2024-06-05 10:26:55,264,CERVEJA,2960,5980
18-04-2024_15-39-13_p0026_s132_b2,2024-04-18 15:39:13,132,NARIZ ESPIRRAR,1450,4560
27-05-2024_15-39-49_p0032,2024-05-27 15:39:49,P11.4,AO-LONGO-DO-TEMPO DOR COMO AUMENTAR O U DIMINUIR,1700,13440
05-03-2024_10-31-07_p0014_s28_b1,2024-03-05 10:31:07,28,NARIZ-LADOS FECHAR,2400,4930
28-06-2024_14-37-57_p0035_s74_b1,2024-06-28 14:37:57,74,BEBER,1900,3500
17-06-2024_15-29-10_p0019_s146_b2,2024-06-17 15:29:10,146,REMÉDIO,2070,5290
10-05-2024_09-14-32_p0030_s241_b3,2024-05-10 09:14:32,241,TRAZER RECEITA REMÉDIO,2390,5330
24-04-2024_15-27-24_p0027_s168_b3,2024-04-24 15:27:24,168,REMÉDIO CURAR,4070,6500
16-05-2024_14-57-50_p0034_s136_b2,2024-05-16 14:57:50,136,ANDAR,4370,6210
24-04-2024_15-35-49_p0027,2024-04-24 15:35:49,170.9,9,2880,4910
07-05-2024_14-30-50_p0027_s261_b4,2024-05-07 14:30:50,261,UM ANO,2230,4080
02-04-2024_14-59-30_p0021,2024-04-02 14:59:30,P9.1,PEITO DOR O U FALTAR A R INSPIRAR PIORAR MOMENTO FÍSICO ESFORÇAR,2410,17150
24-05-2024_18-49-30_p0031_s123_b2,2024-05-24 18:49:30,123,ZUMBIDO OUVIDO,1320,4030
13-03-2024_15-06-54_p0014,2024-03-13 15:06:54,P6.5,DOR IGUAL FINCADA,2220,7280
10-05-2024_09-48-28_p0030_s239_b4,2024-05-10 09:48:28,239,VÍCIO BEBER ÁLCOOL,2680,6880
22-02-2024_10-59-50_p0017_s171_b3,2024-02-22 10:59:50,171,UMA-VEZ,3610,5710
11-06-2024_14-13-34_p0035_s113_b2,2024-06-11 14:13:34,113,DOR PONTADA,2370,5950
25-03-2024_16-09-19_p0020_s89_b2,2024-03-25 16:09:19,89,DOR LADO-CABEÇA,870,5180
19-03-2024_15-26-32_p0022_s134_b2,2024-03-19 15:26:32,134,MASTIGAR,4010,6780
08-05-2024_09-38-40_p0030_s106_b2,2024-05-08 09:38:40,106,DOR PULSAR,1520,4570
18-03-2024_15-33-05_p0020_s49_b1,2024-03-18 15:33:05,49,XIXI POUCO,1240,4960
25-03-2024_16-43-52_p0020_s150_b2,2024-03-25 16:43:52,150,ENTENDER,900,3440
29-04-2024_16-52-42_p0024_s50_b1,2024-04-29 16:52:42,50,TODA-HORA URINAR,2700,6540
20-05-2024_12-23-32_p0034_s258_b4,2024-05-20 12:23:32,258,ALERGIA NENHUM,2870,5750
18-03-2024_15-46-26_p0020_s79_b1,2024-03-18 15:46:26,79,SENTADO,1130,4420
23-04-2024_11-12-52_p0024,2024-04-23 11:12:52,P18.1,ENJOAR O U VOMITAR,1880,6680
16-04-2024_15-39-27_p0016,2024-04-16 15:39:27,P11.5,PERÍODO DOR TER AUMENTAR,1500,7920
08-04-2024_16-38-46_p0021_s19_b1,2024-04-08 16:38:46,19,PALPITAÇÃO,1660,3660
30-01-2024_11-14-21_p11,2024-01-30 11:14:21,42,COBRA PICAR,2190,5850
08-06-2024_10-46-50_p0031_s68_b1,2024-06-08 10:46:50,68,15 MINUTO,1170,3650
21-02-2024_16-07-11_p0016,2024-02-21 16:07:11,148.13,M,1390,4130
27-05-2024_15-10-58_p0032_s160_b3,2024-05-27 15:10:58,160,PLANO ANDAR CORPO PIOR,2350,9210
08-04-2024_15-48-49_p0021_s122_b2,2024-04-08 15:48:49,122,TODA-HORA URINAR,1920,5260
11-03-2024_15-42-26_p0020_s172_b3,2024-03-11 15:42:26,172,VÁRIAS-VEZES,2380,5220
08-06-2024_10-31-42_p0031_s37_b1,2024-06-08 10:31:42,37,VERMELHO SANGUE DOCE BAIXO-ALTO,1930,6070
07-05-2024_14-56-10_p0027_s11_b1,2024-05-07 14:56:10,11,DOR GARGANTA,1370,5520
29-04-2024_12-00-48_p0029,2024-04-29 12:00:48,148.17,Q,2010,4160
11-03-2024_15-27-18_p0020,2024-03-11 15:27:18,P9.3,PLANO ANDAR FÍSICO PIOR,1800,7730
21-02-2024_11-50-04_p0013_s49_b1,2024-02-21 11:50:04,49,XIXI POUCO,3420,6710
11-06-2024_14-28-10_p0035_s137_b2,2024-06-11 14:28:10,137,ESTRESSE,2450,5320
28-06-2024_14-15-27_p0035_s25_b1,2024-06-28 14:15:27,25,FEZES ESCURO,1570,4000
22-02-2024_15-39-14_p0014_s182_b3,2024-02-22 15:39:14,182,QUEIXO DOR ESPALHAR,2730,7730
11-06-2024_13-58-01_p0035_s89_b2,2024-06-11 13:58:01,89,DOR LADO-CABEÇA,1350,5370
20-03-2024_15-08-09_p0015_s177_b3,2024-03-20 15:08:09,177,UM ANO,2740,4930
12-06-2024_10-31-05_p0036,2024-06-12 10:31:05,148.26,Z,1630,4540
05-06-2024_10-23-39_p0036_s261_b4,2024-06-05 10:23:39,261,UM ANO,1550,4640
29-04-2024_15-32-38_p0024,2024-04-29 15:32:38,170.4,4,2450,3310
17-07-2024_14-29-22_p0041_s118_b2,2024-07-17 14:29:22,118,OLHOS-LACRIMEJAR,1770,5150
13-03-2024_15-27-41_p0014,2024-03-13 15:27:41,148.15,O,1490,3420
08-05-2024_15-34-42_p0033_s171_b3,2024-05-08 15:34:42,171,UMA-VEZ,5390,7210
08-06-2024_10-27-55_p0031_s26_b1,2024-06-08 10:27:55,26,TOSSIR,1930,2990
07-05-2024_14-43-15_p0027_s282_b4,2024-05-07 14:43:15,282,UM COPO CHEIO TODO-DIA,2150,6670
30-04-2024_13-25-19_p0024_s120_b2,2024-04-30 13:25:19,120,VER DOBRADO,2060,6070
11-05-2024_09-46-29_p0034_s177_b3,2024-05-11 09:46:29,177,UM ANO,3110,5750
12-03-2024_14-33-08_p0022_s44_b1,2024-03-12 14:33:08,44,PRESSÃO-ARTERIAL ALTO-BAIXO,3550,8390
21-02-2024_11-29-09_p0013_s1_b1,2024-02-21 11:29:09,1,CONFUSÃO-MENTAL PERCEPÇÃO ESQUECER,3680,6490
26-08-2024_15-26-49_p0019_s32_b1,2024-08-26 15:26:49,32,MANCHAS-PELE VERMELHO,4030,6990
21-02-2024_15-56-13_p0016_s144_b2,2024-02-21 15:56:13,144,ÁGUA FRIO COLOCAR-BRAÇO,1030,6090
18-04-2024_15-49-40_p0026,2024-04-18 15:49:40,148.17,Q,2470,4970
29-04-2024_11-41-33_p0029,2024-04-29 11:41:33,P6.6,DOR IGUAL SENTIR CHOQUE,1850,6800
22-04-2024_09-41-39_p0025_s202_b3,2024-04-22 09:41:39,202,CATARRO COLA SANGUE PONTOS,1810,6930
05-06-2024_10-27-24_p0036_s265_b4,2024-06-05 10:27:24,265,VINHO,2310,5320
02-05-2024_14-58-30_p0026_s173_b3,2024-05-02 14:58:30,173,SEMPRE SEMPRE,1520,5020
08-05-2024_09-58-54_p0030,2024-05-08 09:58:54,148.10,J,2280,3790
30-01-2024_14-53-15_p12,2024-01-30 14:53:15,137,ESTRESSE,1810,3970
13-03-2024_15-51-28_p0014_s223_b4,2024-03-13 15:51:28,223,DIABETES,2290,4870
26-02-2024_15-53-06_p0019_s245_b4,2024-02-26 15:53:06,245,ÁCARO ALERGIA,3810,9380
07-05-2024_15-01-35_p0027_s27_b1,2024-05-07 15:01:35,27,CATARRO GRIPE,1440,5590
29-04-2024_15-31-09_p0024,2024-04-29 15:31:09,170.1,1,5020,5920
18-06-2024_16-52-13_p0028_s269_b4,2024-06-18 16:52:13,269,CACHAÇA,2580,4590
12-06-2024_17-05-45_p0038_s207_b3,2024-06-12 17:05:45,207,NÃO VACINAR GRIPE,1900,4930
30-01-2024_14-39-18_p12,2024-01-30 14:39:18,P6.4,DOR IGUAL QUEIMAR,2050,5550
26-02-2024_15-39-09_p0019_s225_b4,2024-02-26 15:39:09,225,ARRITMIA,2040,6950
02-05-2024_15-06-40_p0026_s185_b3,2024-05-02 15:06:40,185,DOR BARRIGA-ESPALHAR BARRIGA,2490,7660
19-03-2024_14-53-57_p0022_s85_b2,2024-03-19 14:53:57,85,UM SEMANA,3660,5880
18-04-2024_10-21-30_p0025_s36_b1,2024-04-18 10:21:30,36,SUAR SUAR SUAR,1650,6220
21-02-2024_15-45-41_p0016_s128_b2,2024-02-21 15:45:41,128,LOCAIS BARULHO,1120,5920
19-03-2024_15-04-41_p0022_s101_b2,2024-03-19 15:04:41,101,DOR OMBROS,2650,6120
21-02-2024_11-34-10_p0013_s18_b1,2024-02-21 11:34:10,18,DIFÍCIL RESPIRAR,2850,7910
22-02-2024_10-55-10_p0017,2024-02-22 10:55:10,170.4,4,1840,3480
11-06-2024_14-27-44_p0035_s136_b2,2024-06-11 14:27:44,136,ANDAR,2460,6280
07-03-2024_14-12-41_p0010,2024-03-07 14:12:41,148.16,P,1450,2260
22-02-2024_14-03-35_p0018_s88_b2,2024-02-22 14:03:35,88,NÃO,2020,4310
06-05-2024_15-17-59_p0032_s218_b4,2024-05-06 15:17:59,218,FEZES-LÍQUIDAS ESCURO,2650,6670
28-06-2024_15-09-17_p0035_s216_b4,2024-06-28 15:09:17,216,FEZES-LÍQUIDAS-EXPLODIR,2100,5660
02-05-2024_15-53-43_p0026_s230_b4,2024-05-02 15:53:43,230,DEPRESSÃO,1560,5040
20-05-2024_15-47-32_p0023_s129_b2,2024-05-20 15:47:32,129,LOCAIS LUZ-FORTE,1940,5450
13-03-2024_15-24-43_p0014,2024-03-13 15:24:43,148.5,E,1640,3910
29-04-2024_11-44-10_p0029_s122_b2,2024-04-29 11:44:10,122,TODA-HORA URINAR,1860,5680
05-06-2024_15-14-01_p0037_s231_b4,2024-06-05 15:14:01,231,DEPRESSÃO,1740,5240
16-05-2024_15-04-09_p0034,2024-05-16 15:04:09,148.2,B,3540,4650
08-04-2024_16-44-49_p0021_s35_b1,2024-04-08 16:44:49,35,ARREPIAR FRIO,1020,3750
26-04-2024_15-11-43_p0028_s76_b1,2024-04-26 15:11:43,76,LIMPAR CASA,1650,6400
19-07-2024_14-32-41_p0040,2024-07-19 14:32:41,148.14,N,1760,3340
26-04-2024_15-10-27_p0028_s75_b1,2024-04-26 15:10:27,75,TOSSIR,3660,6930
18-04-2024_10-28-20_p0025_s52_b1,2024-04-18 10:28:20,52,XIXI ESPUMAR,2940,7360
28-02-2024_16-53-34_p0011,2024-02-28 16:53:34,148.2,B,1410,5150
28-06-2024_15-15-01_p0035_s223_b4,2024-06-28 15:15:01,223,DIABETES,1890,5430
11-06-2024_14-09-41_p0035_s107_b2,2024-06-11 14:09:41,107,DOR PROFUNDO,2640,6810
26-04-2024_14-47-10_p0028_s35_b1,2024-04-26 14:47:10,35,ARREPIAR FRIO,3010,6310
16-05-2024_15-08-20_p0034,2024-05-16 15:08:20,148.13,M,2730,4350
08-05-2024_09-27-56_p0030_s82_b2,2024-05-08 09:27:56,82,SEIS HORAS,1800,4470
08-05-2024_15-40-15_p0033_s177_b3,2024-05-08 15:40:15,177,UM ANO,3340,5600
03-04-2024_15-32-13_p0023_s211_b4,2024-04-03 15:32:13,211,FRAGMENTOS MISTURAR MOLE,2830,5560
08-04-2024_16-45-53_p0021_s38_b1,2024-04-08 16:45:53,38,TENTAR SUICIDAR,1410,4410
22-02-2024_14-38-08_p0018,2024-02-22 14:38:08,148.25,Y,2180,4270
16-04-2024_10-57-48_p0025_s274_b4,2024-04-16 10:57:48,274,DOIS LATAS DUAS-VEZES SEMANA,2220,5700
16-05-2024_14-44-00_p0034_s120_b2,2024-05-16 14:44:00,120,VER DOBRADO,3760,6620
20-05-2024_16-04-05_p0023,2024-05-20 16:04:05,148.8,H,1310,3490
24-04-2024_15-21-54_p0027,2024-04-24 15:21:54,P9.5,DEITAR CALMA PIOR,6070,9120
10-05-2024_16-32-17_p0033_s24_b1,2024-05-10 16:32:17,24,VOMITAR,1130,3860
11-05-2024_09-57-44_p0034_s192_b3,2024-05-11 09:57:44,192,FICAR-EM-PÉ SENTAR DEITAR DOR PIORAR SIM,3540,9940
22-01-2024_16-54-02_p9,2024-01-22 16:54:02,181,PESCOÇO DOR ESPALHAR,2330,7340
18-06-2024_15-01-29_p0028_s100_b2,2024-06-18 15:01:29,100,DOR VIRILHA,1740,4520
11-06-2024_14-46-34_p0035_s157_b2,2024-06-11 14:46:34,157,CONTINUAR,2330,5130
12-03-2024_14-20-07_p0022_s10_b1,2024-03-12 14:20:07,10,DOR BARRIGA,2750,6810
29-04-2024_15-19-09_p0024,2024-04-29 15:19:09,P9.4,TOMAR-BANHO FÍSICO PIOR,3670,8510
18-04-2024_15-30-16_p0026_s110_b2,2024-04-18 15:30:16,110,DOR APERTAR,1570,5460
18-03-2024_11-34-52_p0013,2024-03-18 11:34:52,P23.2,TOTAL TEMPO QUANTO,1380,6370
03-05-2024_14-11-34_p0027,2024-05-03 14:11:34,P6.3,DOR IGUAL PESO,2100,6560
22-02-2024_14-09-17_p0018_s105_b2,2024-02-22 14:09:17,105,DOR TESTÍCULOS,1230,7170
18-03-2024_15-35-42_p0020_s57_b1,2024-03-18 15:35:42,57,TONTEIRA,1180,5170
11-06-2024_14-25-37_p0035_s131_b2,2024-06-11 14:25:37,131,PERÍODO MENSTRUAR,2320,7070
16-05-2024_15-14-22_p0034_s150_b2,2024-05-16 15:14:22,150,ENTENDER,3250,5830
22-02-2024_14-21-32_p0018,2024-02-22 14:21:32,P8.1,S I FAZER COISAS SENTIR DOR PIORAR,2210,11880
12-03-2024_10-45-12_p0021_s259_b4,2024-03-12 10:45:12,259,TER FUMAR SIM,2920,6490
17-07-2024_14-31-46_p0041,2024-07-17 14:31:46,P8.1,S I FAZER COISAS SENTIR DOR PIORAR,2830,9280
20-02-2024_16-44-40_p0015_s251_b4,2024-02-20 16:44:40,251,ALERGIA GRUPO BORRACHA,1540,6290
22-01-2024_16-39-47_p9,2024-01-22 16:39:47,170.2,2,1250,3940
10-05-2024_09-40-51_p0030,2024-05-10 09:40:51,P18.5,VOCÊ BARRIGA DOR ENTÃO,1970,6190
20-03-2024_15-05-13_p0015_s172_b3,2024-03-20 15:05:13,172,VÁRIAS-VEZES,1880,4320
18-03-2024_11-10-53_p0013_s211_b4,2024-03-18 11:10:53,211,FRAGMENTOS MISTURAR MOLE,1270,6680
08-06-2024_10-26-33_p0031_s22_b1,2024-06-08 10:26:33,22,EVACUAR MOLE VERMELHO,1630,4410
10-05-2024_09-59-09_p0030_s263_b4,2024-05-10 09:59:09,263,DEZ ANO,2390,5830
11-06-2024_14-34-52_p0035,2024-06-11 14:34:52,148.3,C,1080,3580
09-05-2024_14-41-03_p0033_s118_b2,2024-05-09 14:41:03,118,OLHOS-LACRIMEJAR,2530,5040
13-03-2024_15-15-28_p0014_s130_b2,2024-03-13 15:15:28,130,CORPO ESFORÇAR,4310,6880
20-02-2024_17-03-35_p0015_s280_b4,2024-02-20 17:03:35,280,TAÇA TOMAR VINHO UMA-VEZ SEMANA,2370,12630
10-05-2024_08-50-44_p0030_s184_b3,2024-05-10 08:50:44,184,DOR BRAÇO-ESPALHAR,2780,6450
07-03-2024_14-10-23_p0010,2024-03-07 14:10:23,148.4,D,1380,2330
18-04-2024_15-53-33_p0026_s154_b2,2024-04-18 15:53:33,154,PARAR,1730,4310
30-01-2024_14-43-38_p12,2024-01-30 14:43:38,124,GASES,2180,4990
22-04-2024_09-48-28_p0025_s242_b3,2024-04-22 09:48:28,242,EU USAR REMÉDIO,1500,4680
07-05-2024_14-53-33_p0027_s3_b1,2024-05-07 14:53:33,3,MUDAR COMPORTAMENTO,1760,5780
26-08-2024_15-29-54_p0019_s38_b1,2024-08-26 15:29:54,38,TENTAR SUICIDAR,3590,7470
17-07-2024_14-41-09_p0041_s145_b2,2024-07-17 14:41:09,145,ÁGUA QUENTE COLOCAR-BRAÇO,2230,7370
19-03-2024_15-33-11_p0022_s141_b2,2024-03-19 15:33:11,141,MEXER-PESCOÇO,3210,6580
16-04-2024_15-34-40_p0016_s171_b3,2024-04-16 15:34:40,171,UMA-VEZ,1350,4210
12-03-2024_10-36-36_p0021_s248_b4,2024-03-12 10:36:36,248,ALERGIA CACHORRO,2080,5050
18-04-2024_10-19-03_p0025_s29_b1,2024-04-18 10:19:03,29,INCHAR,1580,4500
07-05-2024_15-00-59_p0027_s25_b1,2024-05-07 15:00:59,25,FEZES ESCURO,1700,5480
10-05-2024_16-37-57_p0033_s37_b1,2024-05-10 16:37:57,37,VERMELHO SANGUE DOCE BAIXO-ALTO,1820,8390
26-03-2024_16-37-18_p0022_s279_b4,2024-03-26 16:37:18,279,DUAS-DOSES TOMAR DUAS-VEZES SEMANA,2080,6770
12-07-2024_14-55-36_p0040,2024-07-12 14:55:36,170.6,6,1050,3430
25-03-2024_16-41-48_p0020,2024-03-25 16:41:48,148.20,T,1100,4250
20-03-2024_14-51-19_p0015_s161_b3,2024-03-20 14:51:19,161,PLANO ANDAR FÍSICO PIOR NÃO,4260,11080
15-05-2024_16-13-20_p0032_s141_b2,2024-05-15 16:13:20,141,MEXER-PESCOÇO,2670,8170
08-05-2024_15-44-22_p0033,2024-05-08 15:44:22,P11.4,AO-LONGO-DO-TEMPO DOR COMO AUMENTAR O U DIMINUIR,3760,14450
30-01-2024_15-02-33_p12,2024-01-30 15:02:33,148.10,J,3400,4650
24-04-2024_16-02-25_p0027,2024-04-24 16:02:25,P15.4,CATARRO COLA COR QUAL,3580,8830
26-04-2024_14-39-54_p0028_s22_b1,2024-04-26 14:39:54,22,EVACUAR MOLE VERMELHO,2080,7240
16-04-2024_15-21-33_p0016,2024-04-16 15:21:33,P9.4,TOMAR-BANHO FÍSICO PIOR,2120,6320
23-05-2024_14-47-34_p0035_s166_b3,2024-05-23 14:47:34,166,SUBIR-ESCADA CORPO PIOR,3970,7920
23-05-2024_15-23-56_p0035,2024-05-23 15:23:56,P21.1,DOCUMENTO REMÉDIO VOCÊ TRAZER,1770,5380
08-05-2024_16-17-45_p0033_s201_b3,2024-05-08 16:17:45,201,CATARRO COLA VERMELHO,2900,5680
15-05-2024_16-47-31_p0032,2024-05-15 16:47:31,148.18,R,1690,5330
19-06-2024_16-35-38_p0023_s42_b1,2024-06-19 16:35:38,42,COBRA PICAR,3980,6880
02-05-2024_16-18-17_p0026_s282_b4,2024-05-02 16:18:17,282,UM COPO CHEIO TODO-DIA,1590,6110
08-04-2024_16-12-57_p0021,2024-04-08 16:12:57,148.18,R,1380,3970
23-05-2024_15-06-55_p0035_s184_b3,2024-05-23 15:06:55,184,DOR BRAÇO-ESPALHAR,3760,6930
02-04-2024_15-15-45_p0021,2024-04-02 15:15:45,170.0,0,1670,6650
08-04-2024_16-17-29_p0021_s151_b2,2024-04-08 16:17:29,151,OBRIGADO,1820,4550
21-02-2024_11-54-45_p0013_s64_b1,2024-02-21 11:54:45,64,QUASE CABEÇA-SAIR NASCER,4090,7730
13-03-2024_15-43-08_p0014_s215_b4,2024-03-13 15:43:08,215,FEZES-LÍQUIDAS BORBULHAR,2380,5320
18-03-2024_11-29-24_p0013_s252_b4,2024-03-18 11:29:24,252,ALERGIA LEITE,1490,5250
07-03-2024_13-43-07_p0010_s88_b2,2024-03-07 13:43:07,88,NÃO,1340,2670
03-05-2024_08-55-16_p0030_s70_b1,2024-05-03 08:55:16,70,1-HORA,1870,3810
28-06-2024_14-23-03_p0035_s45_b1,2024-06-28 14:23:03,45,PROBLEMA OLHOS,1640,5800
22-04-2024_09-17-56_p0025,2024-04-22 09:17:56,170.1,1,1930,4240
11-05-2024_09-22-24_p0034,2024-05-11 09:22:24,P9.2,SUBIR-MORRO FÍSICO PIOR,5430,10730
29-02-2024_14-04-39_p0010_s46_b1,2024-02-29 14:04:39,46,PROBLEMA OUVIDOS,1310,3490
25-03-2024_15-57-43_p0020_s274_b4,2024-03-25 15:57:43,274,DOIS LATAS DUAS-VEZES SEMANA,1550,5810
24-04-2024_15-43-07_p0027_s177_b3,2024-04-24 15:43:07,177,UM ANO,4180,6790
22-02-2024_15-22-12_p0014_s162_b3,2024-02-22 15:22:12,162,TOMAR-BANHO CORPO PIOR,3790,7350
21-02-2024_16-05-58_p0016,2024-02-21 16:05:58,148.5,E,1580,3590
18-03-2024_11-12-37_p0013_s215_b4,2024-03-18 11:12:37,215,FEZES-LÍQUIDAS BORBULHAR,1500,5910
08-04-2024_16-39-44_p0021_s22_b1,2024-04-08 16:39:44,22,EVACUAR MOLE VERMELHO,1930,4900
22-04-2024_09-13-39_p0025_s166_b3,2024-04-22 09:13:39,166,SUBIR-ESCADA CORPO PIOR,1500,6510
02-04-2024_15-16-59_p0021,2024-04-02 15:16:59,170.2,2,2210,4540
08-05-2024_09-32-51_p0030_s94_b2,2024-05-08 09:32:51,94,DOR OUVIDO-DIREITO OUVIDO-ESQUERDO,1810,4950
03-05-2024_14-16-18_p0027_s129_b2,2024-05-03 14:16:18,129,LOCAIS LUZ-FORTE,1750,5900
22-01-2024_17-40-26_p9,2024-01-22 17:40:26,243,NÃO TRAZER RECEITA REMÉDIO NENHUM,5960,14020
25-03-2024_16-20-04_p0020_s116_b2,2024-03-25 16:20:04,116,DOR APERTAR PONTADA,1010,6980
22-01-2024_16-40-36_p9,2024-01-22 16:40:36,170.6,6,1650,4580
20-05-2024_11-52-30_p0034_s68_b1,2024-05-20 11:52:30,68,15 MINUTO,2860,6820
22-04-2024_09-39-04_p0025,2024-04-22 09:39:04,P15.4,CATARRO COLA COR QUAL,1530,7180
18-06-2024_15-44-14_p0028_s152_b2,2024-06-18 15:44:14,152,OBRIGADO,2130,3430
29-04-2024_17-00-04_p0024_s66_b1,2024-04-29 17:00:04,66,VAGINA VERMELHO SANGRAR,2500,7440
16-04-2024_10-33-37_p0025_s232_b4,2024-04-16 10:33:37,232,ANSIEDADE,1520,5880
30-01-2024_15-12-23_p12,2024-01-30 15:12:23,156,NÃO-ENTENDER,3450,5200
23-04-2024_15-23-25_p0026_s50_b1,2024-04-23 15:23:25,50,TODA-HORA URINAR,2740,4880
28-06-2024_14-22-02_p0035_s43_b1,2024-06-28 14:22:02,43,ESCORPIÃO PICAR,2250,4690
13-03-2024_15-38-59_p0014_s209_b4,2024-03-13 15:38:59,209,NENHUM VONTADE NADA VOMITAR,3370,8970
03-05-2024_14-16-34_p0027_s130_b2,2024-05-03 14:16:34,130,CORPO ESFORÇAR,1510,5770
20-05-2024_12-05-32_p0034_s220_b4,2024-05-20 12:05:32,220,TER M U C O COLA,1570,5970
03-04-2024_15-58-31_p0023_s255_b4,2024-04-03 15:58:31,255,ALERGIA CATEGORIA T R I G O FARINHA,2580,6780
16-04-2024_15-54-02_p0016_s195_b3,2024-04-16 15:54:02,195,CATARRO COLA NENHUM,1360,5780
05-03-2024_10-42-50_p0014_s65_b1,2024-03-05 10:42:50,65,NASCER VIVO,4200,7860
21-02-2024_11-52-20_p0013_s57_b1,2024-02-21 11:52:20,57,TONTEIRA,3210,6530
13-05-2024_16-24-28_p0028_s196_b3,2024-05-13 16:24:28,196,TOSSE CATARRO COLA,2610,6010
13-03-2024_15-38-18_p0014,2024-03-13 15:38:18,P18.1,ENJOAR O U VOMITAR,4490,9760
21-02-2024_15-57-47_p0016,2024-02-21 15:57:47,148.2,B,5290,8780
13-03-2024_15-24-00_p0014,2024-03-13 15:24:00,148.3,C,820,2960
03-05-2024_08-47-19_p0030_s51_b1,2024-05-03 08:47:19,51,XIXI ESCURO,2280,4390
22-02-2024_13-47-24_p0018_s65_b1,2024-02-22 13:47:24,65,NASCER VIVO,2720,5700
08-04-2024_15-31-40_p0021_s95_b2,2024-04-08 15:31:40,95,DOR OLHOS,2480,5610
13-03-2024_15-47-08_p0014_s218_b4,2024-03-13 15:47:08,218,FEZES-LÍQUIDAS ESCURO,2500,4900
08-04-2024_16-42-57_p0021_s29_b1,2024-04-08 16:42:57,29,INCHAR,1830,3800
13-03-2024_15-32-00_p0014_s151_b2,2024-03-13 15:32:00,151,OBRIGADO,1940,3600
01-08-2024_17-02-46_p0042_s241_b3,2024-08-01 17:02:46,241,TRAZER RECEITA REMÉDIO,1090,5220
13-03-2024_14-59-53_p0014_s104_b2,2024-03-13 14:59:53,104,DOR PERNA-DIREITA PERNA-ESQUERDA,1790,6080
19-07-2024_15-51-23_p0040_s73_b1,2024-07-19 15:51:23,73,COMER,4620,6950
26-03-2024_15-05-02_p0022_s163_b3,2024-03-26 15:05:02,163,TOMAR-BANHO CORPO PIOR NÃO,4310,10430
18-06-2024_15-38-23_p0028,2024-06-18 15:38:23,148.16,P,1960,3150
20-05-2024_11-32-30_p0034_s29_b1,2024-05-20 11:32:30,29,INCHAR,2930,6180
07-05-2024_15-08-31_p0027_s48_b1,2024-05-07 15:08:31,48,XIXI VAZAR,1390,5720
23-05-2024_15-20-20_p0035,2024-05-23 15:20:20,P17.2,QUANTOS VACINAR,2590,4740
03-05-2024_14-20-20_p0027_s143_b2,2024-05-03 14:20:20,143,DEITAR,1790,4870
19-06-2024_10-00-50_p0036_s26_b1,2024-06-19 10:00:50,26,TOSSIR,2030,5190
19-03-2024_15-53-08_p0022_s152_b2,2024-03-19 15:53:08,152,OBRIGADO,2560,4690
23-05-2024_14-43-17_p0035,2024-05-23 14:43:17,P9.4,TOMAR-BANHO FÍSICO PIOR,3420,6850
23-05-2024_15-24-45_p0035_s243_b3,2024-05-23 15:24:45,243,NÃO TRAZER RECEITA REMÉDIO NENHUM,5640,11630
08-08-2024_14-42-48_p0042_s92_b2,2024-08-08 14:42:48,92,DOR TESTA,1810,4720
19-03-2024_15-46-31_p0022,2024-03-19 15:46:31,148.22,V,1880,4820
17-06-2024_15-18-12_p0019_s127_b2,2024-06-17 15:18:12,127,COMER COISAS ÓLEO,2400,7060
08-04-2024_15-53-07_p0021_s130_b2,2024-04-08 15:53:07,130,CORPO ESFORÇAR,2480,6240
27-05-2024_15-30-36_p0032,2024-05-27 15:30:36,170.8,8,1690,5370
22-02-2024_14-07-25_p0018_s98_b2,2024-02-22 14:07:25,98,DOR BEXIGA,1360,5680
16-04-2024_11-02-13_p0025_s282_b4,2024-04-16 11:02:13,282,UM COPO CHEIO TODO-DIA,1770,5520
30-01-2024_14-15-07_p12,2024-01-30 14:15:07,89,DOR LADO-CABEÇA,2420,4570
30-04-2024_13-33-44_p0024_s136_b2,2024-04-30 13:33:44,136,ANDAR,1550,3510
30-04-2024_13-20-27_p0024,2024-04-30 13:20:27,P6.3,DOR IGUAL PESO,1790,6760
03-05-2024_14-30-00_p0027_s154_b2,2024-05-03 14:30:00,154,PARAR,1280,3870
03-05-2024_08-30-23_p0030_s10_b1,2024-05-03 08:30:23,10,DOR BARRIGA,1710,3910
30-04-2024_13-17-07_p0024_s110_b2,2024-04-30 13:17:07,110,DOR APERTAR,2420,5470
24-01-2024_17-16-57_p10,2024-01-24 17:16:57,239,VÍCIO BEBER ÁLCOOL,2900,6100
19-06-2024_16-16-12_p0023_s1_b1,2024-06-19 16:16:12,1,CONFUSÃO-MENTAL PERCEPÇÃO ESQUECER,3060,7300
27-05-2024_16-04-25_p0032_s204_b3,2024-05-27 16:04:25,204,DOIS VACINA,1660,6020
10-05-2024_16-37-07_p0033_s34_b1,2024-05-10 16:37:07,34,FEBRE,1420,3900
19-06-2024_10-13-09_p0036_s51_b1,2024-06-19 10:13:09,51,XIXI ESCURO,1920,5490
22-02-2024_14-21-07_p0018_s124_b2,2024-02-22 14:21:07,124,GASES,810,4920
20-03-2024_15-03-48_p0015,2024-03-20 15:03:48,170.10,10,2430,3660
30-01-2024_14-38-14_p12,2024-01-30 14:38:14,116,DOR APERTAR PONTADA,1850,4980
24-05-2024_19-15-52_p0031_s156_b2,2024-05-24 19:15:52,156,NÃO-ENTENDER,1990,3970
08-04-2024_15-38-36_p0021_s105_b2,2024-04-08 15:38:36,105,DOR TESTÍCULOS,2810,7180
29-04-2024_15-36-51_p0024_s171_b3,2024-04-29 15:36:51,171,UMA-VEZ,5890,6930
29-04-2024_17-01-52_p0024_s69_b1,2024-04-29 17:01:52,69,30 MINUTO,1990,5480
26-03-2024_15-15-26_p0022,2024-03-26 15:15:26,170.7,7,2190,5000
30-01-2024_11-02-35_p11,2024-01-30 11:02:35,4,CONVULSÃO ENROLAR-LÍNGUA,1290,5469
20-05-2024_16-07-41_p0023,2024-05-20 16:07:41,148.20,T,1340,3630
26-08-2024_15-15-41_p0019_s4_b1,2024-08-26 15:15:41,4,CONVULSÃO ENROLAR-LÍNGUA,3130,5810
02-04-2024_15-56-43_p0021,2024-04-02 15:56:43,P21.1,DOCUMENTO REMÉDIO VOCÊ TRAZER,1390,5710
06-05-2024_16-11-50_p0032_s283_b4,2024-05-06 16:11:50,283,UM COPO UMA-VEZ SEMANA,3440,9490
05-06-2024_10-31-58_p0036_s272_b4,2024-06-05 10:31:58,272,UM LATA TODO-DIA,4430,8340
21-02-2024_15-20-57_p0016_s91_b2,2024-02-21 15:20:57,91,DOR LADO-CABEÇA LADO-CABEÇA,1620,5860
28-06-2024_15-43-47_p0035_s271_b4,2024-06-28 15:43:47,271,CHAMPANHE,2420,5270
16-05-2024_15-06-08_p0034,2024-05-16 15:06:08,148.7,G,2800,4290
16-05-2024_15-13-59_p0034_s149_b2,2024-05-16 15:13:59,149,DEVAGAR,2960,5520
13-05-2024_15-35-32_p0028_s163_b3,2024-05-13 15:35:32,163,TOMAR-BANHO CORPO PIOR NÃO,4210,9720
10-05-2024_09-15-21_p0030,2024-05-10 09:15:21,P21.2,USAR REMÉDIO,2470,4890
18-04-2024_15-49-53_p0026,2024-04-18 15:49:53,148.18,R,2420,4780
17-07-2024_14-36-18_p0041_s135_b2,2024-07-17 14:36:18,135,ENGOLIR,3150,5710
15-05-2024_16-08-35_p0032_s137_b2,2024-05-15 16:08:35,137,ESTRESSE,2470,7490
16-07-2024_16-41-54_p0039_s256_b4,2024-07-16 16:41:54,256,ALERGIA AMENDOIM,2740,6610
03-05-2024_08-50-29_p0030_s60_b1,2024-05-03 08:50:29,60,AGREDIR,2390,4180
20-05-2024_11-51-05_p0034_s66_b1,2024-05-20 11:51:05,66,VAGINA VERMELHO SANGRAR,2640,6690
23-05-2024_14-56-10_p0035,2024-05-23 14:56:10,170.9,9,1620,2710
29-04-2024_11-28-26_p0029_s88_b2,2024-04-29 11:28:26,88,NÃO,2470,4180
08-05-2024_10-02-02_p0030,2024-05-08 10:02:02,148.21,U,1590,2940
20-05-2024_12-16-21_p0034_s240_b4,2024-05-20 12:16:21,240,VÍCIO FUMAR,2130,5090
02-04-2024_15-43-02_p0021,2024-04-02 15:43:02,P15.2,TOSSE COMO,1900,6400
20-03-2024_15-02-11_p0015,2024-03-20 15:02:11,170.5,5,2590,3440
11-06-2024_14-39-53_p0035,2024-06-11 14:39:53,148.17,Q,1290,3990
02-05-2024_15-25-25_p0026_s241_b3,2024-05-02 15:25:25,241,TRAZER RECEITA REMÉDIO,1390,5000
22-04-2024_09-48-47_p0025_s244_b3,2024-04-22 09:48:47,244,NÃO USAR MEDICAMENTO NÃO,1610,5120
02-05-2024_15-04-33_p0026_s180_b3,2024-05-02 15:04:33,180,NUCA DOR ESPALHAR,1550,6390
16-05-2024_14-49-46_p0034_s125_b2,2024-05-16 14:49:46,125,COMER CATEGORIA ÁCIDO MAIS APIMENTADO,3040,9430
03-05-2024_14-19-30_p0027_s141_b2,2024-05-03 14:19:30,141,MEXER-PESCOÇO,1590,5600
23-04-2024_15-18-03_p0026_s35_b1,2024-04-23 15:18:03,35,ARREPIAR FRIO,2220,4780
03-05-2024_18-39-38_p0031_s172_b3,2024-05-03 18:39:38,172,VÁRIAS-VEZES,1310,3980
30-01-2024_15-02-51_p12,2024-01-30 15:02:51,148.11,K,3420,4850
27-05-2024_16-48-40_p0032_s41_b1,2024-05-27 16:48:40,41,GATO MORDER,2040,4890
22-02-2024_11-47-41_p0017_s249_b4,2024-02-22 11:47:41,249,ALERGIA GATO,1640,4650
08-06-2024_10-45-47_p0031_s66_b1,2024-06-08 10:45:47,66,VAGINA VERMELHO SANGRAR,2010,4590
17-06-2024_16-00-38_p0019_s154_b2,2024-06-17 16:00:38,154,PARAR,1850,4250
18-04-2024_10-34-13_p0025_s66_b1,2024-04-18 10:34:13,66,VAGINA VERMELHO SANGRAR,2020,7110
28-06-2024_14-29-11_p0035_s57_b1,2024-06-28 14:29:11,57,TONTEIRA,1210,5280
29-02-2024_14-18-37_p0010_s76_b1,2024-02-29 14:18:37,76,LIMPAR CASA,910,3060
18-03-2024_15-44-10_p0020_s71_b1,2024-03-18 15:44:10,71,2-HORA,1250,4850
17-07-2024_14-43-02_p0041_s150_b2,2024-07-17 14:43:02,150,ENTENDER,2130,5030
16-04-2024_10-49-46_p0025_s260_b4,2024-04-16 10:49:46,260,NÃO FUMAR,1160,3680
29-04-2024_11-29-07_p0029_s89_b2,2024-04-29 11:29:07,89,DOR LADO-CABEÇA,1910,5110
18-06-2024_15-15-14_p0028_s121_b2,2024-06-18 15:15:14,121,VER MANCHAS,1960,5110
15-05-2024_16-43-27_p0032,2024-05-15 16:43:27,148.9,I,2150,5860
22-01-2024_17-43-34_p9,2024-01-22 17:43:34,242,EU USAR REMÉDIO,2400,8790
03-05-2024_18-55-01_p0031_s193_b3,2024-05-03 18:55:01,193,FICAR-EM-PÉ SENTAR DEITAR DOR PIORAR NÃO,2400,9490
22-02-2024_10-58-55_p0017,2024-02-22 10:58:55,170.10,10,5160,7240
10-05-2024_08-42-27_p0030,2024-05-10 08:42:27,P11.2,SENTIR DOR OUTRAS-VEZES DIVERSAS-VEZES ENTÃO,2440,6460
18-04-2024_15-22-59_p0026_s88_b2,2024-04-18 15:22:59,88,NÃO,1550,3850
19-03-2024_15-02-21_p0022_s97_b2,2024-03-19 15:02:21,97,DOR LADOS-BARRIGA,4750,9570
16-04-2024_15-46-57_p0016_s188_b3,2024-04-16 15:46:57,188,DOR PERNAS-ESPALHAR APONTAR-COXA,2490,10230
22-02-2024_11-37-30_p0017_s215_b4,2024-02-22 11:37:30,215,FEZES-LÍQUIDAS BORBULHAR,2760,5570
20-02-2024_16-15-18_p0015_s210_b4,2024-02-20 16:15:18,210,MOLE,2340,5780
10-05-2024_09-34-47_p0030_s211_b4,2024-05-10 09:34:47,211,FRAGMENTOS MISTURAR MOLE,2430,6560
12-03-2024_10-45-58_p0021_s261_b4,2024-03-12 10:45:58,261,UM ANO,2340,4490
05-03-2024_10-33-16_p0014_s36_b1,2024-03-05 10:33:16,36,SUAR SUAR SUAR,4000,6700
22-04-2024_09-22-49_p0025_s174_b3,2024-04-22 09:22:49,174,TRÊS-VEZES DIA,1570,4670
25-03-2024_16-37-58_p0020,2024-03-25 16:37:58,148.7,G,950,4190
07-05-2024_14-24-21_p0027_s251_b4,2024-05-07 14:24:21,251,ALERGIA GRUPO BORRACHA,2260,5640
10-05-2024_16-49-47_p0033_s69_b1,2024-05-10 16:49:47,69,30 MINUTO,1820,4770
22-04-2024_09-32-52_p0025_s190_b3,2024-04-22 09:32:52,190,SIM APERTAR-BRAÇO DOER,1640,6150
22-02-2024_13-36-43_p0018_s45_b1,2024-02-22 13:36:43,45,PROBLEMA OLHOS,1920,5430
26-03-2024_15-40-53_p0022,2024-03-26 15:40:53,P15.3,CATARRO TER O U TER-NÃO,1810,6240
02-05-2024_15-57-06_p0026_s237_b4,2024-05-02 15:57:06,237,RINS FRACO,1440,5290
18-03-2024_15-20-03_p0020_s24_b1,2024-03-18 15:20:03,24,VOMITAR,1360,4430
18-06-2024_15-37-43_p0028,2024-06-18 15:37:43,148.14,N,1770,3430
27-03-2024_16-24-59_p0015_s65_b1,2024-03-27 16:24:59,65,NASCER VIVO,1680,5590
28-02-2024_16-12-47_p0011_s90_b2,2024-02-28 16:12:47,90,DOR OUVIDO,1600,6450
24-07-2024_14-15-43_p0041_s23_b1,2024-07-24 14:15:43,23,TONTURA-ENJOO,1910,7020
15-05-2024_15-51-45_p0032_s118_b2,2024-05-15 15:51:45,118,OLHOS-LACRIMEJAR,2180,7050
22-02-2024_14-28-42_p0018_s143_b2,2024-02-22 14:28:42,143,DEITAR,950,4160
11-06-2024_14-05-58_p0035_s101_b2,2024-06-11 14:05:58,101,DOR OMBROS,3900,7590
16-07-2024_16-51-35_p0039,2024-07-16 16:51:35,P24.2,BEBIDA QUAL,3150,5910
03-05-2024_18-57-39_p0031_s195_b3,2024-05-03 18:57:39,195,CATARRO COLA NENHUM,1830,6130
18-06-2024_16-41-36_p0028_s258_b4,2024-06-18 16:41:36,258,ALERGIA NENHUM,1750,5080
26-02-2024_15-56-28_p0019_s251_b4,2024-02-26 15:56:28,251,ALERGIA GRUPO BORRACHA,1910,6360
13-03-2024_14-59-26_p0014_s103_b2,2024-03-13 14:59:26,103,DOR JOELHO-DIREITO JOELHO-ESQUERDO,2200,7330
27-03-2024_15-38-20_p0015,2024-03-27 15:38:20,148.14,N,1380,4110
24-05-2024_19-13-51_p0031_s149_b2,2024-05-24 19:13:51,149,DEVAGAR,1920,3820
29-04-2024_15-17-53_p0024_s160_b3,2024-04-29 15:17:53,160,PLANO ANDAR CORPO PIOR,3350,10240
26-03-2024_16-29-40_p0022_s262_b4,2024-03-26 16:29:40,262,DOIS ANO,2090,4590
06-05-2024_15-31-05_p0032_s233_b4,2024-05-06 15:31:05,233,A V C,2360,5490
27-05-2024_15-50-44_p0032_s191_b3,2024-05-27 15:50:44,191,MOMENTO APERTAR-BRAÇO DOR PIORAR NÃO,1760,9070
08-05-2024_16-28-51_p0033_s242_b3,2024-05-08 16:28:51,242,EU USAR REMÉDIO,3660,5670
19-03-2024_15-08-15_p0022_s105_b2,2024-03-19 15:08:15,105,DOR TESTÍCULOS,4500,9900
27-05-2024_16-41-42_p0032_s26_b1,2024-05-27 16:41:42,26,TOSSIR,1950,4110
16-04-2024_15-21-55_p0016_s162_b3,2024-04-16 15:21:55,162,TOMAR-BANHO CORPO PIOR,1790,6930
23-05-2024_14-54-18_p0035,2024-05-23 14:54:18,170.3,3,2310,2990
19-07-2024_15-43-58_p0040_s61_b1,2024-07-19 15:43:58,61,PELE QUEIMAR,3340,7420
25-03-2024_15-44-56_p0020_s247_b4,2024-03-25 15:44:56,247,ALERGIA FLOR PÓLEN,2170,5710
20-03-2024_15-07-49_p0015_s176_b3,2024-03-20 15:07:49,176,TRÊS-MESES,2940,5160
08-05-2024_09-29-54_p0030_sP05_b2,2024-05-08 09:29:54,P5,POR-QUE PROCURAR VIR HOJE TER PIORAR,1980,7360
28-06-2024_14-40-31_p0035_s79_b1,2024-06-28 14:40:31,79,SENTADO,2390,3310
11-05-2024_09-52-32_p0034_s185_b3,2024-05-11 09:52:32,185,DOR BARRIGA-ESPALHAR BARRIGA,2590,6670
26-03-2024_15-46-21_p0022_s204_b3,2024-03-26 15:46:21,204,DOIS VACINA,2970,6230
26-02-2024_15-49-44_p0019_s237_b4,2024-02-26 15:49:44,237,RINS FRACO,2970,6530
22-02-2024_14-32-39_p0018,2024-02-22 14:32:39,148.8,H,970,4060
26-08-2024_15-20-44_p0019_s16_b1,2024-08-26 15:20:44,16,RESPIRAR FALTAR,3130,6930
22-04-2024_09-18-26_p0025,2024-04-22 09:18:26,170.3,3,1320,3680
16-07-2024_16-33-06_p0039_s237_b4,2024-07-16 16:33:06,237,RINS FRACO,1960,5560
08-04-2024_16-15-59_p0021,2024-04-08 16:15:59,148.24,X,1590,4170
05-06-2024_15-36-00_p0037_s270_b4,2024-06-05 15:36:00,270,G-I-N,1880,3840
27-05-2024_16-09-21_p0032,2024-05-27 16:09:21,P21.2,USAR REMÉDIO,1450,5470
16-07-2024_16-40-49_p0039_s254_b4,2024-07-16 16:40:49,254,ALERGIA COMER CATEGORIA ÁGUA-MAR,2330,8860
10-05-2024_10-06-35_p0030_s277_b4,2024-05-10 10:06:35,277,DOIS GARRAFAS DUAS-VEZES SEMANA,2060,7660
08-06-2024_10-49-30_p0031_s74_b1,2024-06-08 10:49:30,74,BEBER,2100,3550
11-06-2024_14-20-33_p0035_s123_b2,2024-06-11 14:20:33,123,ZUMBIDO OUVIDO,1880,5940
07-05-2024_15-00-20_p0027_s23_b1,2024-05-07 15:00:20,23,TONTURA-ENJOO,1390,5930
27-05-2024_15-33-08_p0032_s172_b3,2024-05-27 15:33:08,172,VÁRIAS-VEZES,1630,5700
22-02-2024_10-39-03_p0017,2024-02-22 10:39:03,P9.4,TOMAR-BANHO FÍSICO PIOR,2130,5910
30-01-2024_15-07-49_p12,2024-01-30 15:07:49,148.24,X,2770,4440
16-07-2024_16-30-19_p0039_s230_b4,2024-07-16 16:30:19,230,DEPRESSÃO,1810,6000
18-04-2024_15-50-16_p0026,2024-04-18 15:50:16,148.19,S,2030,3610
03-04-2024_15-57-43_p0023_s254_b4,2024-04-03 15:57:43,254,ALERGIA COMER CATEGORIA ÁGUA-MAR,470,4620
11-05-2024_10-02-44_p0034_s197_b3,2024-05-11 10:02:44,197,CATARRO COLA CLARO,3160,6810
20-05-2024_15-34-48_p0023_s112_b2,2024-05-20 15:34:48,112,DOR QUEIMAR,1400,5560
30-01-2024_14-16-03_p12,2024-01-30 14:16:03,93,DOR NUCA,2400,4840
24-07-2024_14-29-41_p0041_s56_b1,2024-07-24 14:29:41,56,VERMELHO FEZES,1530,6580
29-02-2024_14-10-29_p0010_s59_b1,2024-02-29 14:10:29,59,TRAUMA,1220,2670
25-03-2024_16-34-36_p0020_s144_b2,2024-03-25 16:34:36,144,ÁGUA FRIO COLOCAR-BRAÇO,1220,6090
21-02-2024_11-33-35_p0013_s16_b1,2024-02-21 11:33:35,16,RESPIRAR FALTAR,2370,6290
23-05-2024_15-12-39_p0035_s193_b3,2024-05-23 15:12:39,193,FICAR-EM-PÉ SENTAR DEITAR DOR PIORAR NÃO,2960,7840
24-04-2024_15-35-00_p0027,2024-04-24 15:35:00,170.7,7,3500,5620
12-03-2024_10-25-12_p0021_s228_b4,2024-03-12 10:25:12,228,AIDS,2040,4100
24-04-2024_15-19-19_p0027,2024-04-24 15:19:19,P9.4,TOMAR-BANHO FÍSICO PIOR,13540,17260
26-03-2024_16-02-12_p0022,2024-03-26 16:02:12,P18.2,VOCÊ FEZES MOLE,3710,6660
24-05-2024_18-38-16_p0031_s99_b2,2024-05-24 18:38:16,99,DOR BAIXO-VENTRE,2340,5180
29-04-2024_11-43-14_p0029_s119_b2,2024-04-29 11:43:14,119,SENTIR MAL,1910,4850
15-05-2024_16-23-13_p0032_s146_b2,2024-05-15 16:23:13,146,REMÉDIO,2040,5930
29-04-2024_11-33-38_p0029_s99_b2,2024-04-29 11:33:38,99,DOR BAIXO-VENTRE,1570,5000
17-06-2024_15-07-57_p0019_s113_b2,2024-06-17 15:07:57,113,DOR PONTADA,1740,6450
22-02-2024_15-29-02_p0014,2024-02-22 15:29:02,170.0,0,1410,3180
25-03-2024_15-54-51_p0020_s267_b4,2024-03-25 15:54:51,267,VODCA,4190,5370
19-06-2024_10-01-17_p0036_s27_b1,2024-06-19 10:01:17,27,CATARRO GRIPE,3910,7750
23-04-2024_11-42-46_p0024_s264_b4,2024-04-23 11:42:46,264,CERVEJA,1690,3810
18-04-2024_15-51-19_p0026,2024-04-18 15:51:19,148.23,W,1910,4160
08-05-2024_10-03-22_p0030,2024-05-08 10:03:22,148.26,Z,1900,4090
02-04-2024_15-34-39_p0021_s185_b3,2024-04-02 15:34:39,185,DOR BARRIGA-ESPALHAR BARRIGA,2060,6940
22-02-2024_13-34-42_p0018_s39_b1,2024-02-22 13:34:42,39,MORDER,3000,5050
11-03-2024_16-01-43_p0020,2024-03-11 16:01:43,P15.1,TER TOSSE,6530,8280
12-06-2024_10-28-56_p0036,2024-06-12 10:28:56,148.20,T,1580,4180
08-05-2024_09-55-03_p0030_s145_b2,2024-05-08 09:55:03,145,ÁGUA QUENTE COLOCAR-BRAÇO,1640,4910
19-06-2024_16-40-44_p0023_s54_b1,2024-06-19 16:40:44,54,VERMELHO SANGRAR-BOCA,2050,4870
26-03-2024_16-11-16_p0022,2024-03-26 16:11:16,P18.5,VOCÊ BARRIGA DOR ENTÃO,2560,6690
06-05-2024_15-37-25_p0032_s247_b4,2024-05-06 15:37:25,247,ALERGIA FLOR PÓLEN,3410,8110
12-03-2024_14-19-41_p0022_s9_b1,2024-03-12 14:19:41,9,DOR LOMBAR,2900,7930
19-06-2024_09-48-55_p0036_s2_b1,2024-06-19 09:48:55,2,CONFUSÃO,4180,7700
26-02-2024_15-42-48_p0019_s230_b4,2024-02-26 15:42:48,230,DEPRESSÃO,2280,5590
26-03-2024_16-15-51_p0022_s231_b4,2024-03-26 16:15:51,231,DEPRESSÃO,2740,5760
26-03-2024_15-38-33_p0022_s193_b3,2024-03-26 15:38:33,193,FICAR-EM-PÉ SENTAR DEITAR DOR PIORAR NÃO,1730,8650
19-06-2024_16-32-15_p0023_s35_b1,2024-06-19 16:32:15,35,ARREPIAR FRIO,1450,4100
02-05-2024_16-03-38_p0026_s258_b4,2024-05-02 16:03:38,258,ALERGIA NENHUM,1490,5090
16-05-2024_14-59-04_p0034_s139_b2,2024-05-16 14:59:04,139,BRAÇO MEXER-BRAÇO,3610,7150
22-02-2024_15-45-19_p0014,2024-02-22 15:45:19,P15.1,TER TOSSE,2170,5240
20-05-2024_15-17-52_p0023_s90_b2,2024-05-20 15:17:52,90,DOR OUVIDO,1830,4400
19-07-2024_14-31-15_p0040,2024-07-19 14:31:15,148.9,I,1640,3940
28-06-2024_15-23-34_p0035_s246_b4,2024-06-28 15:23:34,246,F U N G O S SINAL FUNGO,1080,10950
17-07-2024_14-28-43_p0041_sP07_b2,2024-07-17 14:28:43,P7,SENTIR JUNTO ITENS MAIS TER,1490,7220
07-03-2024_13-39-54_p0010_s82_b2,2024-03-07 13:39:54,82,SEIS HORAS,1830,3810
25-03-2024_16-10-40_p0020_s93_b2,2024-03-25 16:10:40,93,DOR NUCA,1010,4320
06-05-2024_15-29-26_p0032_s229_b4,2024-05-06 15:29:26,229,CÂNCER,2080,5000
17-06-2024_14-52-41_p0019,2024-06-17 14:52:41,P6.1,ONDE DOR,2180,5640
09-05-2024_14-18-00_p0033_s89_b2,2024-05-09 14:18:00,89,DOR LADO-CABEÇA,7080,10990
17-06-2024_14-53-34_p0019_s90_b2,2024-06-17 14:53:34,90,DOR OUVIDO,2140,6220
17-07-2024_14-52-24_p0041,2024-07-17 14:52:24,148.20,T,2040,5470
08-05-2024_16-07-10_p0033,2024-05-08 16:07:10,P13.2,MOMENTO FICAR-EM-PÉ SENTAR DEITAR DOR PIORAR,2360,9370
27-05-2024_17-02-06_p0032_s73_b1,2024-05-27 17:02:06,73,COMER,1900,3720
24-01-2024_17-04-03_p10,2024-01-24 17:04:03,218,FEZES-LÍQUIDAS ESCURO,3500,6720
30-04-2024_13-05-06_p0024_s88_b2,2024-04-30 13:05:06,88,NÃO,1880,3180
08-04-2024_15-25-46_p0021_s87_b2,2024-04-08 15:25:46,87,SIM,1880,3620
05-03-2024_10-40-28_p0014_s59_b1,2024-03-05 10:40:28,59,TRAUMA,3750,5480
30-01-2024_15-06-28_p12,2024-01-30 15:06:28,148.18,R,3020,4310
30-01-2024_15-08-05_p12,2024-01-30 15:08:05,148.25,Y,3130,4370
28-02-2024_16-44-00_p0011_s132_b2,2024-02-28 16:44:00,132,NARIZ ESPIRRAR,2050,6910
08-05-2024_16-16-30_p0033_s199_b3,2024-05-08 16:16:30,199,CATARRO COLA AMARELO,3650,7260
16-04-2024_15-44-33_p0016_s188_b3,2024-04-16 15:44:33,188,DOR PERNAS-ESPALHAR APONTAR-COXA,1340,6660
11-06-2024_14-32-15_p0035_s145_b2,2024-06-11 14:32:15,145,ÁGUA QUENTE COLOCAR-BRAÇO,2360,10130
05-03-2024_10-29-00_p0014_s25_b1,2024-03-05 10:29:00,25,FEZES ESCURO,2520,4910
24-05-2024_19-02-00_p0031_s143_b2,2024-05-24 19:02:00,143,DEITAR,1660,4040
28-06-2024_15-08-22_p0035_s214_b4,2024-06-28 15:08:22,214,FEZES-LÍQUIDAS BRILHANTE,2800,7350
20-05-2024_11-21-51_p0034_s6_b1,2024-05-20 11:21:51,6,DOR PESCOÇO,2670,6290
29-04-2024_11-59-13_p0029,2024-04-29 11:59:13,148.11,K,2040,4150
05-06-2024_15-24-37_p0037_s255_b4,2024-06-05 15:24:37,255,ALERGIA CATEGORIA T R I G O FARINHA,2040,8500
30-01-2024_11-29-31_p11,2024-01-30 11:29:31,79,SENTADO,970,3980
29-04-2024_12-04-22_p0029_s152_b2,2024-04-29 12:04:22,152,OBRIGADO,3660,6330
09-05-2024_14-46-08_p0033_s125_b2,2024-05-09 14:46:08,125,COMER CATEGORIA ÁCIDO MAIS APIMENTADO,3800,11090
12-03-2024_14-21-37_p0022_s14_b1,2024-03-12 14:21:37,14,DOR PERNA ATRÁS,2690,8830
18-03-2024_11-35-47_p0013_s263_b4,2024-03-18 11:35:47,263,DEZ ANO,1280,4980
24-07-2024_14-08-36_p0041_s4_b1,2024-07-24 14:08:36,4,CONVULSÃO ENROLAR-LÍNGUA,1490,4910
30-01-2024_14-33-31_p12,2024-01-30 14:33:31,110,DOR APERTAR,2840,5530
18-03-2024_11-20-02_p0013_s227_b4,2024-03-18 11:20:02,227,ASMA,1140,5510
28-06-2024_15-41-59_p0035_s265_b4,2024-06-28 15:41:59,265,VINHO,1430,4480
10-05-2024_15-10-22_p0033_s219_b4,2024-05-10 15:10:22,219,FEZES-LÍQUIDAS RESTOS COMIDA,2200,4310
16-05-2024_14-23-22_p0034_s87_b2,2024-05-16 14:23:22,87,SIM,1960,3420
30-04-2024_13-32-13_p0024_s132_b2,2024-04-30 13:32:13,132,NARIZ ESPIRRAR,2230,4620
10-05-2024_10-04-46_p0030_s273_b4,2024-05-10 10:04:46,273,UM LATA UMA-VEZ SEMANA,2220,7290
11-06-2024_14-21-26_p0035,2024-06-11 14:21:26,P8.1,S I FAZER COISAS SENTIR DOR PIORAR,3730,11590
20-05-2024_16-05-31_p0023,2024-05-20 16:05:31,148.12,L,1270,2780
26-03-2024_15-20-39_p0022_s175_b3,2024-03-26 15:20:39,175,DOIS SEMANA,3100,6070
18-06-2024_14-58-01_p0028_s91_b2,2024-06-18 14:58:01,91,DOR LADO-CABEÇA LADO-CABEÇA,1940,5410
22-02-2024_14-27-36_p0018_s141_b2,2024-02-22 14:27:36,141,MEXER-PESCOÇO,1350,6230
17-06-2024_15-39-04_p0019,2024-06-17 15:39:04,148.24,X,3310,5270
02-04-2024_15-35-04_p0021_s186_b3,2024-04-02 15:35:04,186,COSTAS DOR ESPALHAR,2270,8070
28-02-2024_16-29-20_p0011_s116_b2,2024-02-28 16:29:20,116,DOR APERTAR PONTADA,2180,9360
24-05-2024_18-36-17_p0031_s94_b2,2024-05-24 18:36:17,94,DOR OUVIDO-DIREITO OUVIDO-ESQUERDO,1750,6170
08-06-2024_10-41-17_p0031_s60_b1,2024-06-08 10:41:17,60,AGREDIR,1890,3510
02-05-2024_15-12-39_p0026_s192_b3,2024-05-02 15:12:39,192,FICAR-EM-PÉ SENTAR DEITAR DOR PIORAR SIM,1580,10400
17-06-2024_15-23-24_p0019_s137_b2,2024-06-17 15:23:24,137,ESTRESSE,1700,5460
05-06-2024_15-03-12_p0037_s212_b4,2024-06-05 15:03:12,212,FEZES-LÍQUIDAS,2290,4880
09-05-2024_14-21-34_p0033_s96_b2,2024-05-09 14:21:34,96,DOR MEIO-BARRIGA,2680,6810
28-06-2024_14-08-43_p0035_s7_b1,2024-06-28 14:08:43,7,DOR PEITO,1590,4390
08-05-2024_09-47-54_p0030_s125_b2,2024-05-08 09:47:54,125,COMER CATEGORIA ÁCIDO MAIS APIMENTADO,1470,6240
28-02-2024_16-55-00_p0011,2024-02-28 16:55:00,148.7,G,1300,4160
27-05-2024_16-44-12_p0032_s33_b1,2024-05-27 16:44:12,33,COÇAR,2010,5360
16-04-2024_10-55-14_p0025_s270_b4,2024-04-16 10:55:14,270,G-I-N,3710,4960
22-02-2024_11-42-04_p0017_s228_b4,2024-02-22 11:42:04,228,AIDS,1750,2810
03-05-2024_14-03-56_p0027_s93_b2,2024-05-03 14:03:56,93,DOR NUCA,1650,5630
27-03-2024_15-58-34_p0015_s2_b1,2024-03-27 15:58:34,2,CONFUSÃO,1550,4410
20-05-2024_16-08-29_p0023,2024-05-20 16:08:29,148.23,W,1350,3740
23-05-2024_15-14-45_p0035_s194_b3,2024-05-23 15:14:45,194,TOSSE SECO,2870,5350
24-05-2024_18-48-09_p0031_s119_b2,2024-05-24 18:48:09,119,SENTIR MAL,1930,4330
13-03-2024_16-12-18_p0014_s267_b4,2024-03-13 16:12:18,267,VODCA,2160,5020
02-05-2024_16-05-18_p0026,2024-05-02 16:05:18,P23.1,VOCÊ FUMAR,1450,4140
03-04-2024_16-06-05_p0023,2024-04-03 16:06:05,P24.2,BEBIDA QUAL,2270,4200
26-03-2024_16-36-32_p0022_s277_b4,2024-03-26 16:36:32,277,DOIS GARRAFAS DUAS-VEZES SEMANA,2510,7050
16-07-2024_16-43-23_p0039_s257_b4,2024-07-16 16:43:23,257,ALERGIA REMÉDIO NÃO-TER,2890,6270
13-03-2024_14-55-38_p0014_s95_b2,2024-03-13 14:55:38,95,DOR OLHOS,2770,5890
13-05-2024_16-26-14_p0028_s199_b3,2024-05-13 16:26:14,199,CATARRO COLA AMARELO,1550,5610
26-08-2024_15-41-51_p0019_s60_b1,2024-08-26 15:41:51,60,AGREDIR,2740,6430
17-07-2024_14-22-34_p0041_s106_b2,2024-07-17 14:22:34,106,DOR PULSAR,1870,5900
24-05-2024_18-45-32_p0031,2024-05-24 18:45:32,P6.4,DOR IGUAL QUEIMAR,2310,5890
02-05-2024_14-53-28_p0026,2024-05-02 14:53:28,170.0,0,1650,4120
20-02-2024_16-23-08_p0015,2024-02-20 16:23:08,P18.5,VOCÊ BARRIGA DOR ENTÃO,1280,7540
13-03-2024_15-05-42_p0014_s116_b2,2024-03-13 15:05:42,116,DOR APERTAR PONTADA,2500,7930
07-03-2024_14-14-11_p0010,2024-03-07 14:14:11,148.22,V,1730,2120
16-04-2024_15-38-06_p0016_s177_b3,2024-04-16 15:38:06,177,UM ANO,1350,4440
07-03-2024_13-46-38_p0010_s96_b2,2024-03-07 13:46:38,96,DOR MEIO-BARRIGA,2560,5490
26-02-2024_15-55-04_p0019_s248_b4,2024-02-26 15:55:04,248,ALERGIA CACHORRO,3050,7010
30-01-2024_14-29-35_p12,2024-01-30 14:29:35,100,DOR VIRILHA,2910,5470
19-06-2024_09-54-40_p0036_s13_b1,2024-06-19 09:54:40,13,DOR PERNA,2070,6690
20-03-2024_15-23-54_p0015_s198_b3,2024-03-20 15:23:54,198,CATARRO COLA BRANCO,2420,6100
22-01-2024_16-49-29_p9,2024-01-22 16:49:29,175,DOIS SEMANA,2210,5350
18-06-2024_15-43-34_p0028_s150_b2,2024-06-18 15:43:34,150,ENTENDER,2050,3530
16-04-2024_10-41-48_p0025_s248_b4,2024-04-16 10:41:48,248,ALERGIA CACHORRO,1830,4670
22-04-2024_09-44-50_p0025,2024-04-22 09:44:50,P17.3,VOCÊ JÁ VACINAR GRIPE,1760,5950
26-03-2024_15-42-24_p0022_s197_b3,2024-03-26 15:42:24,197,CATARRO COLA CLARO,2830,7630
28-02-2024_16-57-08_p0011,2024-02-28 16:57:08,148.14,N,1120,3930
28-06-2024_15-14-25_p0035,2024-06-28 15:14:25,P19.1,VOCÊ JÁ FAZER TRATAMENTO ALGUM DOENÇA ENTÃO,2490,12070
26-03-2024_15-14-51_p0022,2024-03-26 15:14:51,170.5,5,2250,5130
10-05-2024_16-33-37_p0033_s27_b1,2024-05-10 16:33:37,27,CATARRO GRIPE,1970,4760
24-05-2024_19-11-29_p0031,2024-05-24 19:11:29,148.19,S,2260,4830
28-06-2024_15-19-42_p0035_s234_b4,2024-06-28 15:19:42,234,TOSSIR CATARRO VERMELHO,1500,6450
11-06-2024_14-14-23_p0035_s115_b2,2024-06-11 14:14:23,115,DOR VERMELHO SANGRAR APERTAR,3650,9930
18-06-2024_16-10-08_p0028_s213_b4,2024-06-18 16:10:08,213,CLARO,2850,5380
18-06-2024_16-28-56_p0028_s230_b4,2024-06-18 16:28:56,230,DEPRESSÃO,1640,4990
31-01-2024_14-39-18_p13,2024-01-31 14:39:18,P9.4,TOMAR-BANHO FÍSICO PIOR,1980,6170
16-04-2024_15-33-19_p0016,2024-04-16 15:33:19,170.9,9,1140,4010
26-02-2024_15-41-57_p0019_s228_b4,2024-02-26 15:41:57,228,AIDS,2220,4200
29-04-2024_15-42-42_p0024,2024-04-29 15:42:42,P11.4,AO-LONGO-DO-TEMPO DOR COMO AUMENTAR O U DIMINUIR,3040,10720
18-04-2024_10-35-55_p0025_s69_b1,2024-04-18 10:35:55,69,30 MINUTO,2050,5830
19-06-2024_09-57-13_p0036_s18_b1,2024-06-19 09:57:13,18,DIFÍCIL RESPIRAR,2850,7950
29-04-2024_11-47-02_p0029_s125_b2,2024-04-29 11:47:02,125,COMER CATEGORIA ÁCIDO MAIS APIMENTADO,2090,7010
03-05-2024_14-16-49_p0027_s131_b2,2024-05-03 14:16:49,131,PERÍODO MENSTRUAR,1640,5690
28-02-2024_16-11-07_p0011_s88_b2,2024-02-28 16:11:07,88,NÃO,1440,4410
18-03-2024_11-22-28_p0013_s234_b4,2024-03-18 11:22:28,234,TOSSIR CATARRO VERMELHO,1810,6940
18-06-2024_15-45-09_p0028_s155_b2,2024-06-18 15:45:09,155,PARAR,1880,3490
22-02-2024_11-45-25_p0017,2024-02-22 11:45:25,P22.1,VOCÊ TER ALERGIA ENTÃO,2970,6460
22-02-2024_11-12-33_p0017_s197_b3,2024-02-22 11:12:33,197,CATARRO COLA CLARO,2320,5330
29-04-2024_11-49-09_p0029_s131_b2,2024-04-29 11:49:09,131,PERÍODO MENSTRUAR,2680,5780
08-04-2024_16-51-01_p0021_s53_b1,2024-04-08 16:51:01,53,XIXI VERMELHO,1510,3660
27-03-2024_15-03-45_p0015_s84_b2,2024-03-27 15:03:45,84,TRÊS-DIAS,1870,4130
06-05-2024_15-56-10_p0032_s259_b4,2024-05-06 15:56:10,259,TER FUMAR SIM,2650,7570
15-05-2024_15-24-56_p0032_s89_b2,2024-05-15 15:24:56,89,DOR LADO-CABEÇA,3340,8010
19-03-2024_15-51-15_p0022,2024-03-19 15:51:15,148.25,Y,1940,4290
11-06-2024_14-45-30_p0035_s154_b2,2024-06-11 14:45:30,154,PARAR,2060,4600
21-02-2024_11-55-19_p0013_s66_b1,2024-02-21 11:55:19,66,VAGINA VERMELHO SANGRAR,2820,7680
19-03-2024_15-39-24_p0022,2024-03-19 15:39:24,148.1,A,2250,4110
16-04-2024_15-18-23_p0016,2024-04-16 15:18:23,P9.2,SUBIR-MORRO FÍSICO PIOR,2570,9190
29-02-2024_14-05-33_p0010_s47_b1,2024-02-29 14:05:33,47,XIXI SENTIR IGUAL QUENTE,2400,7600
16-04-2024_10-24-07_p0025_s217_b4,2024-04-16 10:24:07,217,FEZES-LÍQUIDAS BRANCO,2160,4310
20-05-2024_15-13-18_p0023_s83_b2,2024-05-20 15:13:18,83,UM-DIA,2110,4250
12-06-2024_10-22-14_p0036,2024-06-12 10:22:14,148.14,N,2220,4940
02-05-2024_15-59-15_p0026_s246_b4,2024-05-02 15:59:15,246,F U N G O S SINAL FUNGO,1270,13110
08-04-2024_16-53-39_p0021_s61_b1,2024-04-08 16:53:39,61,PELE QUEIMAR,2070,4910
30-04-2024_13-46-33_p0024,2024-04-30 13:46:33,148.11,K,2560,3410
10-05-2024_09-41-49_p0030,2024-05-10 09:41:49,P19.1,VOCÊ JÁ FAZER TRATAMENTO ALGUM DOENÇA ENTÃO,2040,8420
24-04-2024_15-57-08_p0027_s193_b3,2024-04-24 15:57:08,193,FICAR-EM-PÉ SENTAR DEITAR DOR PIORAR NÃO,4260,10330
08-04-2024_16-12-23_p0021,2024-04-08 16:12:23,148.16,P,1620,3980
16-04-2024_15-58-33_p0016_s203_b3,2024-04-16 15:58:33,203,NÃO VACINAR COVID-19,1270,4650
12-03-2024_14-25-15_p0022_s22_b1,2024-03-12 14:25:15,22,EVACUAR MOLE VERMELHO,2460,7600
28-06-2024_14-36-10_p0035_s70_b1,2024-06-28 14:36:10,70,1-HORA,1590,3500
10-05-2024_09-58-44_p0030_s262_b4,2024-05-10 09:58:44,262,DOIS ANO,2630,5550
13-03-2024_15-21-20_p0014_s144_b2,2024-03-13 15:21:20,144,ÁGUA FRIO COLOCAR-BRAÇO,2630,7550
05-03-2024_10-23-11_p0014_s6_b1,2024-03-05 10:23:11,6,DOR PESCOÇO,3410,6570
22-02-2024_13-35-55_p0018_s42_b1,2024-02-22 13:35:55,42,COBRA PICAR,3400,6160
08-05-2024_09-31-22_p0030_s90_b2,2024-05-08 09:31:22,90,DOR OUVIDO,2010,4130
06-05-2024_16-04-35_p0032_s271_b4,2024-05-06 16:04:35,271,CHAMPANHE,2870,5580
24-01-2024_17-10-41_p10,2024-01-24 17:10:41,228,AIDS,1900,4780
24-07-2024_14-20-19_p0041_s33_b1,2024-07-24 14:20:19,33,COÇAR,2470,7320
18-03-2024_11-18-57_p0013_s224_b4,2024-03-18 11:18:57,224,INFARTO,1060,3900
19-07-2024_14-27-30_p0040,2024-07-19 14:27:30,148.3,C,1280,2970
20-03-2024_15-29-48_p0015_s208_b3,2024-03-20 15:29:48,208,NÃO TRAZER CARTÃO-DE-VACINA NENHUM,1920,6360
23-04-2024_15-10-54_p0026_s24_b1,2024-04-23 15:10:54,24,VOMITAR,2080,4370
22-02-2024_11-41-50_p0017_s227_b4,2024-02-22 11:41:50,227,ASMA,1410,4320
28-02-2024_16-50-03_p0011,2024-02-28 16:50:03,P8.2,SENTIR DOR DEPOIS DESAPARECER ENTÃO,4220,10110
25-03-2024_16-18-38_p0020_s114_b2,2024-03-25 16:18:38,114,DOR CHOQUE,1000,4790
29-04-2024_15-50-01_p0024_s188_b3,2024-04-29 15:50:01,188,DOR PERNAS-ESPALHAR APONTAR-COXA,2980,9080
03-05-2024_18-42-54_p0031_s177_b3,2024-05-03 18:42:54,177,UM ANO,1490,4860
22-02-2024_14-31-20_p0018,2024-02-22 14:31:20,148.1,A,3890,6010
28-06-2024_14-19-30_p0035_s36_b1,2024-06-28 14:19:30,36,SUAR SUAR SUAR,1350,4030
21-02-2024_16-14-42_p0016_s156_b2,2024-02-21 16:14:42,156,NÃO-ENTENDER,3000,6590
25-03-2024_16-20-48_p0020,2024-03-25 16:20:48,P6.4,DOR IGUAL QUEIMAR,1020,6470
25-03-2024_16-22-58_p0020_s119_b2,2024-03-25 16:22:58,119,SENTIR MAL,1080,4540
07-05-2024_14-36-53_p0027_s271_b4,2024-05-07 14:36:53,271,CHAMPANHE,1820,3760
28-06-2024_14-19-12_p0035_s35_b1,2024-06-28 14:19:12,35,ARREPIAR FRIO,1580,3930
20-02-2024_16-48-32_p0015_s255_b4,2024-02-20 16:48:32,255,ALERGIA CATEGORIA T R I G O FARINHA,2530,9280
26-08-2024_15-23-04_p0019_s22_b1,2024-08-26 15:23:04,22,EVACUAR MOLE VERMELHO,2550,6700
18-03-2024_15-14-39_p0020_s7_b1,2024-03-18 15:14:39,7,DOR PEITO,1600,4980
23-05-2024_14-44-17_p0035_s163_b3,2024-05-23 14:44:17,163,TOMAR-BANHO CORPO PIOR NÃO,4960,9800
03-05-2024_14-14-16_p0027_s122_b2,2024-05-03 14:14:16,122,TODA-HORA URINAR,1550,5480
02-05-2024_16-12-49_p0026_s268_b4,2024-05-02 16:12:49,268,UÍSQUE,1160,3540
23-04-2024_15-26-13_p0026_s57_b1,2024-04-23 15:26:13,57,TONTEIRA,2540,5020
13-03-2024_14-58-14_p0014_s100_b2,2024-03-13 14:58:14,100,DOR VIRILHA,2200,5520
22-04-2024_09-37-57_p0025,2024-04-22 09:37:57,P15.3,CATARRO TER O U TER-NÃO,1580,6690
31-01-2024_14-39-36_p13,2024-01-31 14:39:36,162,TOMAR-BANHO CORPO PIOR,1330,6770
18-06-2024_15-03-50_p0028,2024-06-18 15:03:50,P6.2,COMO DOR,1930,4050
30-04-2024_13-33-03_p0024_s134_b2,2024-04-30 13:33:03,134,MASTIGAR,1730,3770
10-05-2024_16-21-50_p0033_s1_b1,2024-05-10 16:21:50,1,CONFUSÃO-MENTAL PERCEPÇÃO ESQUECER,2000,7250
05-06-2024_10-30-04_p0036_s270_b4,2024-06-05 10:30:04,270,G-I-N,1840,4560
03-04-2024_15-52-52_p0023,2024-04-03 15:52:52,P22.1,VOCÊ TER ALERGIA ENTÃO,1810,4820
30-01-2024_11-22-13_p11,2024-01-30 11:22:13,59,TRAUMA,920,4280
16-05-2024_15-03-51_p0034,2024-05-16 15:03:51,148.1,A,2450,3390
12-03-2024_14-21-03_p0022_s13_b1,2024-03-12 14:21:03,13,DOR PERNA,3180,7550
30-04-2024_13-17-32_p0024_s111_b2,2024-04-30 13:17:32,111,DOR PESO,2350,5410
29-04-2024_11-30-38_p0029_s94_b2,2024-04-29 11:30:38,94,DOR OUVIDO-DIREITO OUVIDO-ESQUERDO,1520,4920
16-05-2024_15-16-09_p0034_s155_b2,2024-05-16 15:16:09,155,PARAR,3700,6010
16-04-2024_10-48-44_p0025,2024-04-16 10:48:44,P22.3,QUAL MEDICAMENTO,1600,3140
11-06-2024_14-23-03_p0035_s127_b2,2024-06-11 14:23:03,127,COMER COISAS ÓLEO,2340,6440
18-03-2024_11-24-16_p0013_s239_b4,2024-03-18 11:24:16,239,VÍCIO BEBER ÁLCOOL,1470,7690
08-05-2024_09-28-14_p0030_s83_b2,2024-05-08 09:28:14,83,UM-DIA,2380,3410
20-05-2024_15-53-35_p0023_s141_b2,2024-05-20 15:53:35,141,MEXER-PESCOÇO,1680,5510
19-06-2024_09-56-09_p0036_s16_b1,2024-06-19 09:56:09,16,RESPIRAR FALTAR,2400,7080
03-05-2024_08-27-53_p0030_s3_b1,2024-05-03 08:27:53,3,MUDAR COMPORTAMENTO,2390,4760
26-08-2024_15-42-16_p0019_s61_b1,2024-08-26 15:42:16,61,PELE QUEIMAR,3380,6690
30-04-2024_13-17-52_p0024_s112_b2,2024-04-30 13:17:52,112,DOR QUEIMAR,2640,5760
16-05-2024_15-14-46_p0034_s151_b2,2024-05-16 15:14:46,151,OBRIGADO,2920,5240
18-06-2024_16-48-59_p0028,2024-06-18 16:48:59,P24.2,BEBIDA QUAL,1890,4900
05-06-2024_15-09-03_p0037,2024-06-05 15:09:03,P18.5,VOCÊ BARRIGA DOR ENTÃO,1820,5520
30-01-2024_11-06-33_p11,2024-01-30 11:06:33,18,DIFÍCIL RESPIRAR,930,7080
21-02-2024_15-33-06_p0016,2024-02-21 15:33:06,P6.4,DOR IGUAL QUEIMAR,1480,6190
24-07-2024_14-18-51_p0041_s29_b1,2024-07-24 14:18:51,29,INCHAR,2670,5840
08-04-2024_15-49-32_p0021_s124_b2,2024-04-08 15:49:32,124,GASES,1610,4370
24-01-2024_17-31-50_p10,2024-01-24 17:31:50,270,G-I-N,2940,4750
10-05-2024_08-51-47_p0030_s185_b3,2024-05-10 08:51:47,185,DOR BARRIGA-ESPALHAR BARRIGA,2950,6120
10-05-2024_15-06-49_p0033_s212_b4,2024-05-10 15:06:49,212,FEZES-LÍQUIDAS,2780,4200
17-06-2024_14-50-03_p0019_s85_b2,2024-06-17 14:50:03,85,UM SEMANA,1340,4640
21-02-2024_11-51-17_p0013_s53_b1,2024-02-21 11:51:17,53,XIXI VERMELHO,3450,7010
21-02-2024_11-29-30_p0013_s2_b1,2024-02-21 11:29:30,2,CONFUSÃO,1650,3730
24-07-2024_15-23-42_p0041_s266_b4,2024-07-24 15:23:42,266,DOSE ÁLCOOL,1810,5130
24-05-2024_19-12-08_p0031,2024-05-24 19:12:08,148.21,U,2240,4690
01-08-2024_16-36-41_p0042_s178_b3,2024-08-01 16:36:41,178,CINCO ANO,1250,4280
29-02-2024_13-49-46_p0010_s23_b1,2024-02-29 13:49:46,23,TONTURA-ENJOO,1750,4630
22-02-2024_14-23-15_p0018_s130_b2,2024-02-22 14:23:15,130,CORPO ESFORÇAR,1370,6130
17-07-2024_14-22-15_p0041,2024-07-17 14:22:15,P6.2,COMO DOR,2110,5540
19-06-2024_16-51-45_p0023_s79_b1,2024-06-19 16:51:45,79,SENTADO,1530,4070
29-04-2024_17-00-31_p0024_s67_b1,2024-04-29 17:00:31,67,VOMITAR TER VERMELHO,2060,6760
08-04-2024_16-41-41_p0021_s25_b1,2024-04-08 16:41:41,25,FEZES ESCURO,1260,3950
24-07-2024_14-31-07_p0041_s60_b1,2024-07-24 14:31:07,60,AGREDIR,1300,4880
09-05-2024_14-54-31_p0033_s138_b2,2024-05-09 14:54:31,138,APERTAR,2310,4720
07-03-2024_14-01-57_p0010_s132_b2,2024-03-07 14:01:57,132,NARIZ ESPIRRAR,1640,3210
10-05-2024_16-43-26_p0033_s52_b1,2024-05-10 16:43:26,52,XIXI ESPUMAR,1760,5180
29-02-2024_14-07-15_p0010_s51_b1,2024-02-29 14:07:15,51,XIXI ESCURO,1100,3080
26-04-2024_14-40-35_p0028_s24_b1,2024-04-26 14:40:35,24,VOMITAR,5640,10110
21-02-2024_15-56-01_p0016_s143_b2,2024-02-21 15:56:01,143,DEITAR,1520,4520
27-03-2024_16-09-41_p0015_s29_b1,2024-03-27 16:09:41,29,INCHAR,1920,4630
22-02-2024_14-22-46_p0018_s128_b2,2024-02-22 14:22:46,128,LOCAIS BARULHO,1620,5700
22-02-2024_14-10-59_p0018_s111_b2,2024-02-22 14:10:59,111,DOR PESO,1330,6450
02-04-2024_15-24-22_p0021_s173_b3,2024-04-02 15:24:22,173,SEMPRE SEMPRE,1610,5450
29-04-2024_16-41-49_p0024_s27_b1,2024-04-29 16:41:49,27,CATARRO GRIPE,2480,7570
20-05-2024_16-11-05_p0023_s154_b2,2024-05-20 16:11:05,154,PARAR,1730,3580
29-02-2024_13-38-57_p0010_s6_b1,2024-02-29 13:38:57,6,DOR PESCOÇO,2090,5060
21-02-2024_15-42-59_p0016_s121_b2,2024-02-21 15:42:59,121,VER MANCHAS,1470,5860
23-05-2024_15-17-41_p0035_s200_b3,2024-05-23 15:17:41,200,CATARRO COLA VERDE,1940,5440
08-06-2024_10-47-08_p0031_s69_b1,2024-06-08 10:47:08,69,30 MINUTO,1260,3590
10-05-2024_08-55-11_p0030,2024-05-10 08:55:11,P13.1,MOMENTO EXEMPLO AQUI APERTAR VOCÊ SENTIR DOR PIORAR ENTÃO,2720,10670
27-03-2024_15-45-00_p0015_s156_b2,2024-03-27 15:45:00,156,NÃO-ENTENDER,1520,4380
11-05-2024_10-07-49_p0034_s205_b3,2024-05-11 10:07:49,205,TRÊS VACINA,2490,4920
22-04-2024_09-42-33_p0025,2024-04-22 09:42:33,P17.1,VOCÊ JÁ VACINAR COVID-19,2390,6480
28-06-2024_14-16-26_p0035_s28_b1,2024-06-28 14:16:26,28,NARIZ-LADOS FECHAR,2070,5300
29-04-2024_11-27-35_p0029_sP05_b2,2024-04-29 11:27:35,P5,POR-QUE PROCURAR VIR HOJE TER PIORAR,5870,12880
31-01-2024_15-05-22_p13,2024-01-31 15:05:22,194,TOSSE SECO,1580,5780
01-08-2024_16-36-24_p0042_s177_b3,2024-08-01 16:36:24,177,UM ANO,1730,4300
13-03-2024_14-54-45_p0014_s93_b2,2024-03-13 14:54:45,93,DOR NUCA,2840,7300
12-06-2024_16-55-53_p0038,2024-06-12 16:55:53,P15.3,CATARRO TER O U TER-NÃO,2760,6980
05-06-2024_15-35-39_p0037_s269_b4,2024-06-05 15:35:39,269,CACHAÇA,1460,4260
12-06-2024_16-59-11_p0038_s197_b3,2024-06-12 16:59:11,197,CATARRO COLA CLARO,2070,5990
21-02-2024_11-30-04_p0013_s4_b1,2024-02-21 11:30:04,4,CONVULSÃO ENROLAR-LÍNGUA,1680,4800
11-03-2024_16-04-14_p0020_s195_b3,2024-03-11 16:04:14,195,CATARRO COLA NENHUM,3100,6150
27-05-2024_15-12-15_p0032,2024-05-27 15:12:15,P9.4,TOMAR-BANHO FÍSICO PIOR,2530,7560
10-05-2024_15-14-25_p0033,2024-05-10 15:14:25,P19.1,VOCÊ JÁ FAZER TRATAMENTO ALGUM DOENÇA ENTÃO,3580,10950
12-03-2024_14-35-59_p0022_s49_b1,2024-03-12 14:35:59,49,XIXI POUCO,2900,6430
07-03-2024_14-05-48_p0010_s145_b2,2024-03-07 14:05:48,145,ÁGUA QUENTE COLOCAR-BRAÇO,1820,4100
07-05-2024_14-18-23_p0027_s232_b4,2024-05-07 14:18:23,232,ANSIEDADE,1800,4920
10-05-2024_16-43-42_p0033_s53_b1,2024-05-10 16:43:42,53,XIXI VERMELHO,1400,5130
18-04-2024_10-27-55_p0025_s51_b1,2024-04-18 10:27:55,51,XIXI ESCURO,2550,6830
28-06-2024_15-44-42_p0035_s273_b4,2024-06-28 15:44:42,273,UM LATA UMA-VEZ SEMANA,1220,6970
26-02-2024_15-44-16_p0019_s233_b4,2024-02-26 15:44:16,233,A V C,2620,4310
22-04-2024_09-24-27_p0025_s177_b3,2024-04-22 09:24:27,177,UM ANO,1300,4700
20-05-2024_12-22-27_p0034_s255_b4,2024-05-20 12:22:27,255,ALERGIA CATEGORIA T R I G O FARINHA,3890,10020
18-04-2024_10-33-06_p0025_s63_b1,2024-04-18 10:33:06,63,TIRO FURAR-BARRIGA,2100,5760
30-04-2024_13-46-50_p0024,2024-04-30 13:46:50,148.12,L,2830,3280
22-02-2024_15-31-17_p0014,2024-02-22 15:31:17,170.8,8,1330,4010
22-02-2024_14-07-38_p0018_s99_b2,2024-02-22 14:07:38,99,DOR BAIXO-VENTRE,2920,8160
09-05-2024_14-53-43_p0033_s137_b2,2024-05-09 14:53:43,137,ESTRESSE,3230,6180
10-05-2024_09-57-04_p0030,2024-05-10 09:57:04,P23.1,VOCÊ FUMAR,1870,4450
13-05-2024_15-34-45_p0028,2024-05-13 15:34:45,P9.4,TOMAR-BANHO FÍSICO PIOR,1890,6200
22-02-2024_10-37-27_p0017_s159_b3,2024-02-22 10:37:27,159,SUBIR-MORRO CORPO PIOR NÃO,2430,8300
13-03-2024_14-57-08_p0014_s99_b2,2024-03-13 14:57:08,99,DOR BAIXO-VENTRE,2120,5920
07-05-2024_15-09-51_p0027_s52_b1,2024-05-07 15:09:51,52,XIXI ESPUMAR,1900,6300
19-07-2024_14-36-52_p0040,2024-07-19 14:36:52,148.26,Z,1680,3600
03-05-2024_08-39-57_p0030_s36_b1,2024-05-03 08:39:57,36,SUAR SUAR SUAR,2280,5360
21-02-2024_16-07-57_p0016,2024-02-21 16:07:57,148.17,Q,1210,4000
20-03-2024_15-25-03_p0015_s201_b3,2024-03-20 15:25:03,201,CATARRO COLA VERMELHO,2340,4990
17-07-2024_14-24-36_p0041_s111_b2,2024-07-17 14:24:36,111,DOR PESO,1650,5630
26-08-2024_15-21-09_p0019_s17_b1,2024-08-26 15:21:09,17,CHIAR,2360,7680
08-05-2024_16-22-34_p0033_s206_b3,2024-05-08 16:22:34,206,QUATRO VACINA,3080,5170
08-04-2024_15-24-28_p0021_s86_b2,2024-04-08 15:24:28,86,UM MÊS,1760,4470
10-05-2024_16-36-53_p0033_s33_b1,2024-05-10 16:36:53,33,COÇAR,1540,4490
15-05-2024_16-11-48_p0032_s139_b2,2024-05-15 16:11:48,139,BRAÇO MEXER-BRAÇO,2550,8020
16-04-2024_10-19-27_p0025,2024-04-16 10:19:27,P18.3,COMO FEZES COMO,1530,5460
19-06-2024_16-19-27_p0023_s8_b1,2024-06-19 16:19:27,8,DOR COSTAS,1890,4650
08-06-2024_10-23-19_p0031_s13_b1,2024-06-08 10:23:19,13,DOR PERNA,1470,3990
28-06-2024_14-35-03_p0035_s68_b1,2024-06-28 14:35:03,68,15 MINUTO,1590,3840
22-02-2024_13-50-17_p0018_s74_b1,2024-02-22 13:50:17,74,BEBER,2540,4800
08-05-2024_09-48-35_p0030_s127_b2,2024-05-08 09:48:35,127,COMER COISAS ÓLEO,1310,4490
08-04-2024_16-00-57_p0021_s147_b2,2024-04-08 16:00:57,147,JEJUM,1710,4410
10-05-2024_15-26-39_p0033_s233_b4,2024-05-10 15:26:39,233,A V C,2460,3470
13-03-2024_15-33-05_p0014_s155_b2,2024-03-13 15:33:05,155,PARAR,2180,4350
05-06-2024_15-04-11_p0037_s213_b4,2024-06-05 15:04:11,213,CLARO,2100,4620
22-02-2024_15-46-44_p0014_s195_b3,2024-02-22 15:46:44,195,CATARRO COLA NENHUM,3840,8000
24-07-2024_15-30-40_p0041_s281_b4,2024-07-24 15:30:40,281,TAÇA TOMAR VINHO TODO-DIA,1750,9300
16-07-2024_17-01-03_p0039_s283_b4,2024-07-16 17:01:03,283,UM COPO UMA-VEZ SEMANA,2510,7710
02-05-2024_14-49-01_p0026_s167_b3,2024-05-02 14:49:01,167,SUBIR-ESCADA CORPO PIOR NÃO,1600,7290
03-04-2024_16-04-16_p0023_s261_b4,2024-04-03 16:04:16,261,UM ANO,1950,3550
08-05-2024_10-05-43_p0030_s156_b2,2024-05-08 10:05:43,156,NÃO-ENTENDER,1940,3740
08-05-2024_15-30-41_p0033,2024-05-08 15:30:41,170.4,4,3070,3970
29-04-2024_11-57-28_p0029,2024-04-29 11:57:28,148.4,D,1790,3620
28-06-2024_15-38-49_p0035,2024-06-28 15:38:49,P23.2,TOTAL TEMPO QUANTO,1400,5970
03-05-2024_18-45-10_p0031,2024-05-03 18:45:10,P11.5,PERÍODO DOR TER AUMENTAR,2450,8600
16-05-2024_14-41-49_p0034_sP07_b2,2024-05-16 14:41:49,P7,SENTIR JUNTO ITENS MAIS TER,3310,9640
16-05-2024_15-01-37_p0034_s143_b2,2024-05-16 15:01:37,143,DEITAR,5230,7500
08-05-2024_09-51-22_p0030_s136_b2,2024-05-08 09:51:22,136,ANDAR,1840,4190
03-05-2024_14-27-57_p0027,2024-05-03 14:27:57,148.23,W,1180,4140
30-04-2024_13-24-39_p0024_s119_b2,2024-04-30 13:24:39,119,SENTIR MAL,3440,6040
07-05-2024_14-58-17_p0027_s17_b1,2024-05-07 14:58:17,17,CHIAR,1870,5870
17-06-2024_15-24-50_p0019_s140_b2,2024-06-17 15:24:50,140,PERNAS MEXER-PERNAS,3110,8000
05-06-2024_10-08-36_p0036_s237_b4,2024-06-05 10:08:36,237,RINS FRACO,2380,7070
18-06-2024_16-44-36_p0028_s259_b4,2024-06-18 16:44:36,259,TER FUMAR SIM,1450,4420
05-06-2024_15-20-13_p0037_s247_b4,2024-06-05 15:20:13,247,ALERGIA FLOR PÓLEN,1950,7350
22-02-2024_13-28-19_p0018_s29_b1,2024-02-22 13:28:19,29,INCHAR,2230,4870
06-05-2024_15-40-00_p0032_s252_b4,2024-05-06 15:40:00,252,ALERGIA LEITE,3250,7630
20-05-2024_12-28-08_p0034_s263_b4,2024-05-20 12:28:08,263,DEZ ANO,2900,5270
11-05-2024_10-06-09_p0034,2024-05-11 10:06:09,P17.1,VOCÊ JÁ VACINAR COVID-19,3750,8310
29-04-2024_15-38-50_p0024_s174_b3,2024-04-29 15:38:50,174,TRÊS-VEZES DIA,3480,6560
07-05-2024_14-21-54_p0027_s245_b4,2024-05-07 14:21:54,245,ÁCARO ALERGIA,2200,4760
26-08-2024_15-27-38_p0019_s34_b1,2024-08-26 15:27:38,34,FEBRE,2210,4880
17-06-2024_14-54-00_p0019_s91_b2,2024-06-17 14:54:00,91,DOR LADO-CABEÇA LADO-CABEÇA,2010,7910
17-07-2024_14-47-57_p0041,2024-07-17 14:47:57,148.6,F,1580,4280
17-06-2024_14-57-56_p0019_s99_b2,2024-06-17 14:57:56,99,DOR BAIXO-VENTRE,2010,6550
28-02-2024_16-52-00_p0011_s146_b2,2024-02-28 16:52:00,146,REMÉDIO,1500,5100
12-06-2024_16-57-31_p0038_s195_b3,2024-06-12 16:57:31,195,CATARRO COLA NENHUM,2750,6000
22-01-2024_16-41-57_p9,2024-01-22 16:41:57,170.10,10,1730,4430
28-06-2024_14-31-51_p0035_s63_b1,2024-06-28 14:31:51,63,TIRO FURAR-BARRIGA,1510,4580
19-07-2024_14-24-09_p0040_s143_b2,2024-07-19 14:24:09,143,DEITAR,4790,7620
03-05-2024_18-50-46_p0031_s188_b3,2024-05-03 18:50:46,188,DOR PERNAS-ESPALHAR APONTAR-COXA,1700,6790
18-04-2024_10-16-38_p0025_s23_b1,2024-04-18 10:16:38,23,TONTURA-ENJOO,2770,7940
27-05-2024_15-45-07_p0032_s186_b3,2024-05-27 15:45:07,186,COSTAS DOR ESPALHAR,1600,7700
27-03-2024_16-26-23_p0015_s68_b1,2024-03-27 16:26:23,68,15 MINUTO,1790,4870
10-05-2024_09-11-26_p0030,2024-05-10 09:11:26,P17.4,VOCÊ TRAZER CARTÃO-DE-VACINA,2070,6010
16-07-2024_16-17-07_p0039_s210_b4,2024-07-16 16:17:07,210,MOLE,2610,5720
28-02-2024_16-34-28_p0011_s121_b2,2024-02-28 16:34:28,121,VER MANCHAS,1700,6500
12-03-2024_10-33-19_p0021_s240_b4,2024-03-12 10:33:19,240,VÍCIO FUMAR,2010,4630
12-03-2024_14-34-31_p0022_s47_b1,2024-03-12 14:34:31,47,XIXI SENTIR IGUAL QUENTE,2390,8750
18-04-2024_15-28-39_p0026,2024-04-18 15:28:39,P6.2,COMO DOR,1360,5210
17-06-2024_14-52-22_p0019_s88_b2,2024-06-17 14:52:22,88,NÃO,2260,4740
09-05-2024_15-09-22_p0033,2024-05-09 15:09:22,148.11,K,1950,4510
30-01-2024_11-26-09_p11,2024-01-30 11:26:09,70,1-HORA,960,4090
06-05-2024_15-31-27_p0032_s234_b4,2024-05-06 15:31:27,234,TOSSIR CATARRO VERMELHO,2760,8560
21-02-2024_11-52-06_p0013_s56_b1,2024-02-21 11:52:06,56,VERMELHO FEZES,2710,5470
09-05-2024_14-41-30_p0033_s118_b2,2024-05-09 14:41:30,118,OLHOS-LACRIMEJAR,2720,5240
29-02-2024_14-06-08_p0010_s48_b1,2024-02-29 14:06:08,48,XIXI VAZAR,1260,3970
02-04-2024_15-07-59_p0021_s166_b3,2024-04-02 15:07:59,166,SUBIR-ESCADA CORPO PIOR,2820,8060
08-05-2024_15-53-07_p0033_s185_b3,2024-05-08 15:53:07,185,DOR BARRIGA-ESPALHAR BARRIGA,2760,5430
08-05-2024_09-48-16_p0030_s126_b2,2024-05-08 09:48:16,126,BEBER ÁLCOOL,1410,4270
22-02-2024_10-43-29_p0017_s167_b3,2024-02-22 10:43:29,167,SUBIR-ESCADA CORPO PIOR NÃO,2100,8000
11-06-2024_14-01-27_p0035_s95_b2,2024-06-11 14:01:27,95,DOR OLHOS,1550,4900
22-02-2024_15-30-05_p0014,2024-02-22 15:30:05,170.4,4,1930,3900
10-05-2024_09-09-51_p0030_s206_b3,2024-05-10 09:09:51,206,QUATRO VACINA,2460,4170
08-05-2024_16-26-40_p0033_s241_b3,2024-05-08 16:26:40,241,TRAZER RECEITA REMÉDIO,2970,7110
22-02-2024_14-07-59_p0018_s100_b2,2024-02-22 14:07:59,100,DOR VIRILHA,2740,8570
22-02-2024_14-20-17_p0018_s121_b2,2024-02-22 14:20:17,121,VER MANCHAS,1570,5690
15-05-2024_15-54-33_p0032_s122_b2,2024-05-15 15:54:33,122,TODA-HORA URINAR,2310,7180
11-05-2024_09-47-31_p0034,2024-05-11 09:47:31,P11.4,AO-LONGO-DO-TEMPO DOR COMO AUMENTAR O U DIMINUIR,2280,12920
26-03-2024_15-02-37_p0022_s160_b3,2024-03-26 15:02:37,160,PLANO ANDAR CORPO PIOR,2550,8360
16-05-2024_14-30-07_p0034_s101_b2,2024-05-16 14:30:07,101,DOR OMBROS,2280,6000
30-04-2024_13-38-21_p0024_s142_b2,2024-04-30 13:38:21,142,MOVIMENTAR-CORPO DOR PIORAR,2480,7230
19-03-2024_15-17-19_p0022_s119_b2,2024-03-19 15:17:19,119,SENTIR MAL,4620,8330
20-05-2024_15-36-27_p0023_s116_b2,2024-05-20 15:36:27,116,DOR APERTAR PONTADA,1570,7210
28-06-2024_14-38-49_p0035_s77_b1,2024-06-28 14:38:49,77,EXERCÍCIO-FÍSICO,2360,5290
20-05-2024_15-35-58_p0023_s115_b2,2024-05-20 15:35:58,115,DOR VERMELHO SANGRAR APERTAR,1990,8350
13-05-2024_16-22-08_p0028,2024-05-13 16:22:08,P15.1,TER TOSSE,2250,5760
03-05-2024_14-28-21_p0027,2024-05-03 14:28:21,148.25,Y,1480,3760
18-06-2024_15-21-42_p0028_s131_b2,2024-06-18 15:21:42,131,PERÍODO MENSTRUAR,2250,5030
20-05-2024_16-07-57_p0023,2024-05-20 16:07:57,148.21,U,1130,3170
13-05-2024_15-52-01_p0028,2024-05-13 15:52:01,170.4,4,1160,3510
28-02-2024_16-50-29_p0011_s143_b2,2024-02-28 16:50:29,143,DEITAR,2640,6270
22-02-2024_13-48-22_p0018_s68_b1,2024-02-22 13:48:22,68,15 MINUTO,2270,4440
24-04-2024_15-22-39_p0027_s164_b3,2024-04-24 15:22:39,164,DEITAR CALMA PIOR,5360,8250
07-05-2024_14-54-14_p0027_s5_b1,2024-05-07 14:54:14,5,CABEÇA DOR,1790,5400
20-02-2024_16-50-24_p0015_s257_b4,2024-02-20 16:50:24,257,ALERGIA REMÉDIO NÃO-TER,1770,6190
05-03-2024_10-46-38_p0014_s76_b1,2024-03-05 10:46:38,76,LIMPAR CASA,2800,6330
26-04-2024_14-42-20_p0028_s28_b1,2024-04-26 14:42:20,28,NARIZ-LADOS FECHAR,4960,7860
26-03-2024_16-14-29_p0022_s228_b4,2024-03-26 16:14:29,228,AIDS,1850,4330
24-04-2024_15-31-26_p0027,2024-04-24 15:31:26,170.0,0,4550,6170
26-04-2024_14-32-45_p0028_s5_b1,2024-04-26 14:32:45,5,CABEÇA DOR,4440,8270
08-04-2024_16-59-30_p0021_s69_b1,2024-04-08 16:59:30,69,30 MINUTO,1730,4570
08-04-2024_16-36-22_p0021_s12_b1,2024-04-08 16:36:22,12,DOR BRAÇO,1460,4650
28-06-2024_15-17-27_p0035_s230_b4,2024-06-28 15:17:27,230,DEPRESSÃO,900,4700
19-06-2024_16-28-37_p0023_s25_b1,2024-06-19 16:28:37,25,FEZES ESCURO,1710,4320
26-02-2024_16-08-42_p0019_s264_b4,2024-02-26 16:08:42,264,CERVEJA,2080,4920
28-06-2024_15-19-24_p0035_s233_b4,2024-06-28 15:19:24,233,A V C,1560,4850
18-06-2024_16-58-31_p0028_s280_b4,2024-06-18 16:58:31,280,TAÇA TOMAR VINHO UMA-VEZ SEMANA,1970,10160
22-02-2024_14-04-56_p0018_s93_b2,2024-02-22 14:04:56,93,DOR NUCA,1440,7160
24-01-2024_17-23-44_p10,2024-01-24 17:23:44,253,ALERGIA O V O OVO,2870,6690
26-08-2024_15-47-56_p0019_sP03_b1,2024-08-26 15:47:56,P3,COMO COMEÇAR QUE VOCÊ FAZER O-QUE,2940,8010
23-05-2024_14-59-57_p0035_s174_b3,2024-05-23 14:59:57,174,TRÊS-VEZES DIA,3080,5730
27-03-2024_15-37-32_p0015,2024-03-27 15:37:32,148.11,K,1350,4240
05-03-2024_10-44-03_p0014_s68_b1,2024-03-05 10:44:03,68,15 MINUTO,3940,6540
27-05-2024_16-40-00_p0032_s22_b1,2024-05-27 16:40:00,22,EVACUAR MOLE VERMELHO,2370,7930
18-03-2024_11-13-29_p0013_s217_b4,2024-03-18 11:13:29,217,FEZES-LÍQUIDAS BRANCO,1920,6320
13-05-2024_16-34-11_p0028,2024-05-13 16:34:11,P17.3,VOCÊ JÁ VACINAR GRIPE,1440,5140
29-04-2024_16-50-36_p0024_s45_b1,2024-04-29 16:50:36,45,PROBLEMA OLHOS,2110,5300
22-02-2024_14-10-16_p0018_s108_b2,2024-02-22 14:10:16,108,DOR LEVE,1820,7090
25-03-2024_16-17-32_p0020_s111_b2,2024-03-25 16:17:32,111,DOR PESO,1170,4980
28-06-2024_14-39-15_p0035_s78_b1,2024-06-28 14:39:15,78,CALADO DEITADO,1900,4960
24-05-2024_18-37-20_p0031_s97_b2,2024-05-24 18:37:20,97,DOR LADOS-BARRIGA,2480,6270
18-06-2024_16-45-54_p0028_s261_b4,2024-06-18 16:45:54,261,UM ANO,1130,3750
11-06-2024_13-53-29_p0035_s83_b2,2024-06-11 13:53:29,83,UM-DIA,1780,3480
08-05-2024_15-23-38_p0033_s168_b3,2024-05-08 15:23:38,168,REMÉDIO CURAR,3840,6250
08-04-2024_16-48-34_p0021_s46_b1,2024-04-08 16:48:34,46,PROBLEMA OUVIDOS,2520,5710
11-05-2024_10-12-43_p0034_s242_b3,2024-05-11 10:12:43,242,EU USAR REMÉDIO,5070,7080
18-06-2024_14-52-16_p0028_s85_b2,2024-06-18 14:52:16,85,UM SEMANA,1960,3350
11-05-2024_09-56-24_p0034_s191_b3,2024-05-11 09:56:24,191,MOMENTO APERTAR-BRAÇO DOR PIORAR NÃO,2580,8500
15-05-2024_16-51-33_p0032_s149_b2,2024-05-15 16:51:33,149,DEVAGAR,1900,5740
09-05-2024_15-19-06_p0033_s155_b2,2024-05-09 15:19:06,155,PARAR,2070,3970
23-04-2024_11-32-31_p0024_s248_b4,2024-04-23 11:32:31,248,ALERGIA CACHORRO,2000,4630
18-06-2024_15-15-37_p0028_s122_b2,2024-06-18 15:15:37,122,TODA-HORA URINAR,4550,7960
09-05-2024_14-47-51_p0033_s127_b2,2024-05-09 14:47:51,127,COMER COISAS ÓLEO,2790,7870
26-03-2024_16-33-47_p0022_s271_b4,2024-03-26 16:33:47,271,CHAMPANHE,4150,6200
24-01-2024_17-18-29_p10,2024-01-24 17:18:29,245,ÁCARO ALERGIA,2260,6670
03-05-2024_14-22-21_p0027,2024-05-03 14:22:21,148.1,A,1380,6280
12-03-2024_10-47-16_p0021,2024-03-12 10:47:16,P24.2,BEBIDA QUAL,2240,4680
30-01-2024_14-45-16_p12,2024-01-30 14:45:16,127,COMER COISAS ÓLEO,2380,5400
23-05-2024_14-46-10_p0035_s165_b3,2024-05-23 14:46:10,165,DEITAR CALMA PIOR NÃO,3120,7570
22-02-2024_15-51-12_p0014,2024-02-22 15:51:12,P17.3,VOCÊ JÁ VACINAR GRIPE,2820,6850
10-05-2024_16-52-37_p0033_s79_b1,2024-05-10 16:52:37,79,SENTADO,2030,4600
22-02-2024_11-57-14_p0017_s277_b4,2024-02-22 11:57:14,277,DOIS GARRAFAS DUAS-VEZES SEMANA,1960,6160
13-03-2024_14-51-26_p0014,2024-03-13 14:51:26,P6.1,ONDE DOR,2300,5130
26-02-2024_15-22-05_p0019,2024-02-26 15:22:05,P18.1,ENJOAR O U VOMITAR,3010,9760
26-08-2024_15-24-52_p0019_s27_b1,2024-08-26 15:24:52,27,CATARRO GRIPE,4190,7870
30-01-2024_11-27-32_p11,2024-01-30 11:27:32,73,COMER,960,3260
18-06-2024_16-11-40_p0028_s217_b4,2024-06-18 16:11:40,217,FEZES-LÍQUIDAS BRANCO,1510,5240
10-05-2024_09-02-43_p0030_s196_b3,2024-05-10 09:02:43,196,TOSSE CATARRO COLA,2770,5770
13-05-2024_15-51-48_p0028,2024-05-13 15:51:48,170.3,3,1110,3190
16-04-2024_11-01-44_p0025_s281_b4,2024-04-16 11:01:44,281,TAÇA TOMAR VINHO TODO-DIA,2330,7710
10-05-2024_09-04-18_p0030_s199_b3,2024-05-10 09:04:18,199,CATARRO COLA AMARELO,2780,6050
08-04-2024_16-03-41_p0021,2024-04-08 16:03:41,148.2,B,1720,4050
16-04-2024_15-32-09_p0016,2024-04-16 15:32:09,170.6,6,1700,4350
07-05-2024_14-57-35_p0027_s15_b1,2024-05-07 14:57:35,15,DOR PÉ P E,1560,6290
16-04-2024_10-16-59_p0025_s209_b4,2024-04-16 10:16:59,209,NENHUM VONTADE NADA VOMITAR,1780,5550
15-05-2024_16-06-38_p0032_s134_b2,2024-05-15 16:06:38,134,MASTIGAR,4810,9120
10-05-2024_09-33-54_p0030_s210_b4,2024-05-10 09:33:54,210,MOLE,2220,4940
18-04-2024_15-31-26_p0026_s114_b2,2024-04-18 15:31:26,114,DOR CHOQUE,2530,6220
20-05-2024_15-58-36_p0023_s145_b2,2024-05-20 15:58:36,145,ÁGUA QUENTE COLOCAR-BRAÇO,2390,8950
22-02-2024_14-25-22_p0018_s136_b2,2024-02-22 14:25:22,136,ANDAR,750,3930
29-04-2024_15-13-51_p0024,2024-04-29 15:13:51,P9.1,PEITO DOR O U FALTAR A R INSPIRAR PIORAR MOMENTO FÍSICO ESFORÇAR,2830,17130
03-05-2024_08-29-16_p0030_s7_b1,2024-05-03 08:29:16,7,DOR PEITO,2150,4710
25-03-2024_16-18-20_p0020_s113_b2,2024-03-25 16:18:20,113,DOR PONTADA,1070,4680
30-04-2024_13-48-01_p0024,2024-04-30 13:48:01,148.16,P,2990,3890
20-02-2024_16-57-42_p0015_s264_b4,2024-02-20 16:57:42,264,CERVEJA,2230,5160
02-04-2024_15-41-14_p0021_s193_b3,2024-04-02 15:41:14,193,FICAR-EM-PÉ SENTAR DEITAR DOR PIORAR NÃO,2020,9170
18-06-2024_14-51-39_p0028_s83_b2,2024-06-18 14:51:39,83,UM-DIA,1740,3030
03-05-2024_18-21-03_p0031,2024-05-03 18:21:03,P9.1,PEITO DOR O U FALTAR A R INSPIRAR PIORAR MOMENTO FÍSICO ESFORÇAR,1810,12730
15-05-2024_15-14-26_p0032_s83_b2,2024-05-15 15:14:26,83,UM-DIA,3170,6230
07-03-2024_14-03-59_p0010_s139_b2,2024-03-07 14:03:59,139,BRAÇO MEXER-BRAÇO,1930,4850
13-03-2024_15-32-31_p0014_s153_b2,2024-03-13 15:32:31,153,REPETIR POR-FAVOR,2190,4960
16-07-2024_16-25-57_p0039_s222_b4,2024-07-16 16:25:57,222,DOR-BARRIGA NENHUM,1820,6260
09-05-2024_14-59-32_p0033_s144_b2,2024-05-09 14:59:32,144,ÁGUA FRIO COLOCAR-BRAÇO,2660,7240
29-04-2024_11-49-49_p0029_s133_b2,2024-04-29 11:49:49,133,MASTIGAR,2510,6070
26-03-2024_16-13-47_p0022_s226_b4,2024-03-26 16:13:47,226,PRESSÃO ALTO,2180,4800
02-05-2024_14-50-25_p0026_s168_b3,2024-05-02 14:50:25,168,REMÉDIO CURAR,1790,4890
05-03-2024_10-30-50_p0014_s27_b1,2024-03-05 10:30:50,27,CATARRO GRIPE,3150,6480
05-06-2024_15-25-15_p0037_s256_b4,2024-06-05 15:25:15,256,ALERGIA AMENDOIM,2260,6300
22-02-2024_14-35-05_p0018,2024-02-22 14:35:05,148.19,S,1810,4770
28-02-2024_16-56-36_p0011,2024-02-28 16:56:36,148.12,L,1380,4380
05-06-2024_15-36-45_p0037,2024-06-05 15:36:45,P24.3,QUANTOS BEBIDA,1770,4970
16-04-2024_10-43-43_p0025_s253_b4,2024-04-16 10:43:43,253,ALERGIA O V O OVO,1480,5230
03-05-2024_08-31-03_p0030_s12_b1,2024-05-03 08:31:03,12,DOR BRAÇO,2010,4440
18-04-2024_10-11-28_p0025_s11_b1,2024-04-18 10:11:28,11,DOR GARGANTA,1450,5730
17-06-2024_14-49-41_p0019_s84_b2,2024-06-17 14:49:41,84,TRÊS-DIAS,1680,4390
28-06-2024_15-08-51_p0035_s215_b4,2024-06-28 15:08:51,215,FEZES-LÍQUIDAS BORBULHAR,990,5570
28-02-2024_16-59-46_p0011,2024-02-28 16:59:46,148.23,W,920,3710
03-05-2024_14-00-32_p0027_s84_b2,2024-05-03 14:00:32,84,TRÊS-DIAS,1990,4920
26-02-2024_16-05-24_p0019,2024-02-26 16:05:24,P23.2,TOTAL TEMPO QUANTO,2880,7320
08-05-2024_09-53-18_p0030_s142_b2,2024-05-08 09:53:18,142,MOVIMENTAR-CORPO DOR PIORAR,1950,5940
13-05-2024_16-25-45_p0028_s198_b3,2024-05-13 16:25:45,198,CATARRO COLA BRANCO,1740,5650
30-04-2024_13-52-24_p0024_s150_b2,2024-04-30 13:52:24,150,ENTENDER,2700,4170
22-02-2024_14-20-55_p0018_s123_b2,2024-02-22 14:20:55,123,ZUMBIDO OUVIDO,1140,4890
05-06-2024_15-13-33_p0037_s230_b4,2024-06-05 15:13:33,230,DEPRESSÃO,1690,5310
17-06-2024_15-39-44_p0019,2024-06-17 15:39:44,148.26,Z,1350,4350
08-04-2024_15-56-58_p0021_s138_b2,2024-04-08 15:56:58,138,APERTAR,2250,4930
22-02-2024_11-42-32_p0017_s230_b4,2024-02-22 11:42:32,230,DEPRESSÃO,2450,5020
02-05-2024_14-54-48_p0026,2024-05-02 14:54:48,170.4,4,1940,4040
08-04-2024_16-50-42_p0021_s52_b1,2024-04-08 16:50:42,52,XIXI ESPUMAR,1750,4230
20-05-2024_12-15-26_p0034_s238_b4,2024-05-20 12:15:26,238,SUAR TIREÓIDE DIMINUIR,2250,6000
28-06-2024_15-36-55_p0035,2024-06-28 15:36:55,P22.3,QUAL MEDICAMENTO,1470,5110
22-01-2024_16-30-17_p9,2024-01-22 16:30:17,P9.4,TOMAR-BANHO FÍSICO PIOR,2190,8590
26-04-2024_14-43-02_p0028_s30_b1,2024-04-26 14:43:02,30,FERIR PELE,3900,8240
21-02-2024_12-03-52_p0013_s70_b1,2024-02-21 12:03:52,70,1-HORA,2580,4270
02-04-2024_15-37-05_p0021,2024-04-02 15:37:05,P13.1,MOMENTO EXEMPLO AQUI APERTAR VOCÊ SENTIR DOR PIORAR ENTÃO,1890,12200
29-04-2024_12-00-00_p0029,2024-04-29 12:00:00,148.14,N,2310,4050
26-08-2024_15-32-58_p0019_s45_b1,2024-08-26 15:32:58,45,PROBLEMA OLHOS,3430,6910
18-04-2024_15-39-32_p0026_s133_b2,2024-04-18 15:39:32,133,MASTIGAR,1530,4910
26-08-2024_15-47-03_p0019_s71_b1,2024-08-26 15:47:03,71,2-HORA,2650,5210
13-05-2024_16-23-15_p0028_s194_b3,2024-05-13 16:23:15,194,TOSSE SECO,1780,5310
27-03-2024_15-13-34_p0015_s106_b2,2024-03-27 15:13:34,106,DOR PULSAR,2680,7760
02-05-2024_15-13-32_p0026_s193_b3,2024-05-02 15:13:32,193,FICAR-EM-PÉ SENTAR DEITAR DOR PIORAR NÃO,1820,8580
05-06-2024_15-30-38_p0037_s262_b4,2024-06-05 15:30:38,262,DOIS ANO,2080,4820
16-07-2024_16-29-22_p0039_s227_b4,2024-07-16 16:29:22,227,ASMA,1630,6050
16-05-2024_15-17-03_p0034_s157_b2,2024-05-16 15:17:03,157,CONTINUAR,2940,4870
26-03-2024_15-18-14_p0022_s173_b3,2024-03-26 15:18:14,173,SEMPRE SEMPRE,2980,6180
08-05-2024_09-55-58_p0030_s147_b2,2024-05-08 09:55:58,147,JEJUM,1320,3530
19-03-2024_15-51-32_p0022,2024-03-19 15:51:32,148.26,Z,1870,4340
12-03-2024_10-51-12_p0021_s276_b4,2024-03-12 10:51:12,276,GARRAFA UMA-VEZ SEMANA,2160,5900
09-05-2024_14-22-08_p0033_s97_b2,2024-05-09 14:22:08,97,DOR LADOS-BARRIGA,2730,6210
26-04-2024_14-57-26_p0028_s50_b1,2024-04-26 14:57:26,50,TODA-HORA URINAR,1710,5450
15-05-2024_15-47-50_p0032,2024-05-15 15:47:50,P6.6,DOR IGUAL SENTIR CHOQUE,3220,9690
28-02-2024_16-45-44_p0011_s135_b2,2024-02-28 16:45:44,135,ENGOLIR,1680,5700
21-02-2024_16-09-29_p0016,2024-02-21 16:09:29,148.23,W,1240,3620
20-05-2024_11-25-48_p0034_s14_b1,2024-05-20 11:25:48,14,DOR PERNA ATRÁS,2320,8260
21-02-2024_16-13-59_p0016_s153_b2,2024-02-21 16:13:59,153,REPETIR POR-FAVOR,1380,4700
02-04-2024_15-38-12_p0021_s191_b3,2024-04-02 15:38:12,191,MOMENTO APERTAR-BRAÇO DOR PIORAR NÃO,1650,9090
18-04-2024_15-48-07_p0026,2024-04-18 15:48:07,148.13,M,2160,4640
28-02-2024_16-31-20_p0011,2024-02-28 16:31:20,P6.6,DOR IGUAL SENTIR CHOQUE,1660,8690
06-05-2024_15-30-40_p0032_s232_b4,2024-05-06 15:30:40,232,ANSIEDADE,2210,6850
19-06-2024_16-31-40_p0023_s33_b1,2024-06-19 16:31:40,33,COÇAR,1570,4620
30-01-2024_11-17-13_p11,2024-01-30 11:17:13,52,XIXI ESPUMAR,1060,6150
19-06-2024_16-50-38_p0023_s76_b1,2024-06-19 16:50:38,76,LIMPAR CASA,1530,4550
29-04-2024_15-40-22_p0024_s176_b3,2024-04-29 15:40:22,176,TRÊS-MESES,3130,6260
10-05-2024_15-50-14_p0033_s271_b4,2024-05-10 15:50:14,271,CHAMPANHE,2390,3160
11-06-2024_14-03-31_p0035_s99_b2,2024-06-11 14:03:31,99,DOR BAIXO-VENTRE,2540,6580
23-05-2024_15-05-37_p0035_s181_b3,2024-05-23 15:05:37,181,PESCOÇO DOR ESPALHAR,2430,6910
24-04-2024_16-03-28_p0027_s198_b3,2024-04-24 16:03:28,198,CATARRO COLA BRANCO,3760,8270
08-04-2024_15-50-42_p0021_s125_b2,2024-04-08 15:50:42,125,COMER CATEGORIA ÁCIDO MAIS APIMENTADO,2810,8890
16-05-2024_15-11-03_p0034,2024-05-16 15:11:03,148.20,T,2730,4490
20-02-2024_16-58-43_p0015_s268_b4,2024-02-20 16:58:43,268,UÍSQUE,1910,5330
26-04-2024_14-31-41_p0028_s2_b1,2024-04-26 14:31:41,2,CONFUSÃO,3700,7170
16-04-2024_15-24-06_p0016_s166_b3,2024-04-16 15:24:06,166,SUBIR-ESCADA CORPO PIOR,1360,6260
15-05-2024_15-29-12_p0032_s97_b2,2024-05-15 15:29:12,97,DOR LADOS-BARRIGA,2550,8230
28-06-2024_15-22-27_p0035,2024-06-28 15:22:27,P22.1,VOCÊ TER ALERGIA ENTÃO,1190,6440
10-05-2024_15-05-33_p0033_s210_b4,2024-05-10 15:05:33,210,MOLE,2380,3340
29-02-2024_14-00-03_p0010_s34_b1,2024-02-29 14:00:03,34,FEBRE,1840,3520
19-06-2024_16-34-22_p0023_s41_b1,2024-06-19 16:34:22,41,GATO MORDER,2430,5170
08-04-2024_15-24-08_p0021_s85_b2,2024-04-08 15:24:08,85,UM SEMANA,1890,5030
22-02-2024_13-23-29_p0018_s20_b1,2024-02-22 13:23:29,20,TONTURA CAIR-PESSOA,3270,6620
30-01-2024_15-00-54_p12,2024-01-30 15:00:54,148.3,C,2620,3500
18-06-2024_14-59-16_p0028_s94_b2,2024-06-18 14:59:16,94,DOR OUVIDO-DIREITO OUVIDO-ESQUERDO,1830,4190
25-03-2024_16-31-02_p0020_s135_b2,2024-03-25 16:31:02,135,ENGOLIR,1160,4190
27-03-2024_15-28-13_p0015_s133_b2,2024-03-27 15:28:13,133,MASTIGAR,1730,5480
13-03-2024_15-18-05_p0014_s137_b2,2024-03-13 15:18:05,137,ESTRESSE,2050,4940
03-05-2024_14-28-33_p0027,2024-05-03 14:28:33,148.26,Z,1200,4180
12-03-2024_10-47-53_p0021_s266_b4,2024-03-12 10:47:53,266,DOSE ÁLCOOL,2390,4710
23-05-2024_15-21-03_p0035_s205_b3,2024-05-23 15:21:03,205,TRÊS VACINA,2190,4230
01-08-2024_16-25-28_p0042_s169_b3,2024-08-01 16:25:28,169,REMÉDIO CURAR-NÃO,5450,8400
08-06-2024_10-36-07_p0031_s47_b1,2024-06-08 10:36:07,47,XIXI SENTIR IGUAL QUENTE,1720,5770
09-05-2024_15-15-03_p0033,2024-05-09 15:15:03,148.26,Z,2460,4810
18-04-2024_10-13-35_p0025_s16_b1,2024-04-18 10:13:35,16,RESPIRAR FALTAR,2870,7880
29-04-2024_11-50-26_p0029_s135_b2,2024-04-29 11:50:26,135,ENGOLIR,1570,4640
12-03-2024_10-16-39_p0021_s213_b4,2024-03-12 10:16:39,213,CLARO,2140,4370
03-05-2024_18-28-12_p0031_s164_b3,2024-05-03 18:28:12,164,DEITAR CALMA PIOR,1450,5770
08-04-2024_15-26-04_p0021_s88_b2,2024-04-08 15:26:04,88,NÃO,1900,4020
29-04-2024_11-42-54_p0029_s118_b2,2024-04-29 11:42:54,118,OLHOS-LACRIMEJAR,1880,6040
17-06-2024_15-18-41_p0019_s128_b2,2024-06-17 15:18:41,128,LOCAIS BARULHO,2150,6640
22-04-2024_09-10-45_p0025_s162_b3,2024-04-22 09:10:45,162,TOMAR-BANHO CORPO PIOR,2440,8880
18-06-2024_16-59-38_p0028_s282_b4,2024-06-18 16:59:38,282,UM COPO CHEIO TODO-DIA,1570,6360
27-03-2024_15-38-05_p0015,2024-03-27 15:38:05,148.13,M,1330,3770
19-03-2024_15-11-28_p0022_s111_b2,2024-03-19 15:11:28,111,DOR PESO,3040,7240
11-06-2024_14-35-29_p0035,2024-06-11 14:35:29,148.5,E,1920,4570
28-06-2024_14-21-18_p0035_s41_b1,2024-06-28 14:21:18,41,GATO MORDER,1540,4270
07-05-2024_15-20-16_p0027_s78_b1,2024-05-07 15:20:16,78,CALADO DEITADO,1510,5330
05-03-2024_10-28-42_p0014_s24_b1,2024-03-05 10:28:42,24,VOMITAR,3670,5410
15-05-2024_16-48-16_p0032,2024-05-15 16:48:16,148.20,T,1530,5650
08-05-2024_15-16-51_p0033_s162_b3,2024-05-08 15:16:51,162,TOMAR-BANHO CORPO PIOR,5310,9070
05-06-2024_15-11-01_p0037_s223_b4,2024-06-05 15:11:01,223,DIABETES,1620,4260
24-07-2024_14-31-26_p0041_s61_b1,2024-07-24 14:31:26,61,PELE QUEIMAR,1510,6140
20-05-2024_11-51-40_p0034_s67_b1,2024-05-20 11:51:40,67,VOMITAR TER VERMELHO,2320,6440
02-04-2024_15-57-19_p0021_s241_b3,2024-04-02 15:57:19,241,TRAZER RECEITA REMÉDIO,1360,6830
18-06-2024_16-31-51_p0028_s235_b4,2024-06-18 16:31:51,235,OBESIDADE,1620,4850
22-02-2024_14-03-59_p0018_s89_b2,2024-02-22 14:03:59,89,DOR LADO-CABEÇA,1380,6580
20-05-2024_12-32-16_p0034_s268_b4,2024-05-20 12:32:16,268,UÍSQUE,2240,4240
20-05-2024_15-50-58_p0023_s135_b2,2024-05-20 15:50:58,135,ENGOLIR,1470,4810
17-06-2024_16-00-10_p0019_s153_b2,2024-06-17 16:00:10,153,REPETIR POR-FAVOR,2760,5780
20-05-2024_15-45-46_p0023_s127_b2,2024-05-20 15:45:46,127,COMER COISAS ÓLEO,5690,10070
22-04-2024_09-41-18_p0025_s201_b3,2024-04-22 09:41:18,201,CATARRO COLA VERMELHO,1650,5560
06-05-2024_15-28-15_p0032_s226_b4,2024-05-06 15:28:15,226,PRESSÃO ALTO,2430,5540
30-01-2024_11-06-18_p11,2024-01-30 11:06:18,17,CHIAR,960,5410
21-02-2024_16-14-55_p0016_s157_b2,2024-02-21 16:14:55,157,CONTINUAR,1580,4370
24-05-2024_19-12-43_p0031,2024-05-24 19:12:43,148.23,W,1890,4460
13-03-2024_15-25-00_p0014,2024-03-13 15:25:00,148.6,F,1860,4170
24-04-2024_16-00-40_p0027,2024-04-24 16:00:40,P15.3,CATARRO TER O U TER-NÃO,4440,9190
03-05-2024_08-38-38_p0030_s32_b1,2024-05-03 08:38:38,32,MANCHAS-PELE VERMELHO,2530,5150
17-06-2024_15-22-00_p0019_s134_b2,2024-06-17 15:22:00,134,MASTIGAR,2320,5930
24-04-2024_16-05-30_p0027_s202_b3,2024-04-24 16:05:30,202,CATARRO COLA SANGUE PONTOS,4620,11310
03-05-2024_08-34-05_p0030_s20_b1,2024-05-03 08:34:05,20,TONTURA CAIR-PESSOA,2210,5460
29-02-2024_14-09-39_p0010_s57_b1,2024-02-29 14:09:39,57,TONTEIRA,1320,3340
03-05-2024_18-47-51_p0031_s182_b3,2024-05-03 18:47:51,182,QUEIXO DOR ESPALHAR,2270,7330
08-04-2024_17-02-30_p0021_s77_b1,2024-04-08 17:02:30,77,EXERCÍCIO-FÍSICO,1300,3240
19-07-2024_14-33-23_p0040,2024-07-19 14:33:23,148.16,P,1390,3290
03-05-2024_18-39-19_p0031_s171_b3,2024-05-03 18:39:19,171,UMA-VEZ,1790,4670
05-03-2024_10-47-07_p0014_s78_b1,2024-03-05 10:47:07,78,CALADO DEITADO,2130,5950
17-07-2024_14-40-47_p0041_s144_b2,2024-07-17 14:40:47,144,ÁGUA FRIO COLOCAR-BRAÇO,2750,7010
10-05-2024_16-52-50_p0033_s80_b1,2024-05-10 16:52:50,80,SENTADO EM-PÉ,1870,5510
26-03-2024_16-16-44_p0022_s233_b4,2024-03-26 16:16:44,233,A V C,2530,4080
16-05-2024_14-43-24_p0034_s119_b2,2024-05-16 14:43:24,119,SENTIR MAL,4790,7470
13-03-2024_16-06-25_p0014_s257_b4,2024-03-13 16:06:25,257,ALERGIA REMÉDIO NÃO-TER,1670,5570
10-05-2024_09-47-01_p0030_s235_b4,2024-05-10 09:47:01,235,OBESIDADE,2250,5330
11-06-2024_14-35-48_p0035,2024-06-11 14:35:48,148.6,F,1060,4220
24-07-2024_14-29-14_p0041_s55_b1,2024-07-24 14:29:14,55,VERMELHO NARIZ-SANGRAR GRIPE,1710,7980
29-04-2024_15-17-16_p0024,2024-04-29 15:17:16,P9.3,PLANO ANDAR FÍSICO PIOR,2760,8490
02-05-2024_14-47-36_p0026_s165_b3,2024-05-02 14:47:36,165,DEITAR CALMA PIOR NÃO,2030,7130
19-07-2024_15-55-05_p0040_s80_b1,2024-07-19 15:55:05,80,SENTADO EM-PÉ,2410,6990
03-05-2024_08-38-18_p0030_s31_b1,2024-05-03 08:38:18,31,MANCHAS-PELE,2440,4830
28-06-2024_15-27-00_p0035_s249_b4,2024-06-28 15:27:00,249,ALERGIA GATO,1620,5810
26-08-2024_15-38-04_p0019_s56_b1,2024-08-26 15:38:04,56,VERMELHO FEZES,2040,5070
22-02-2024_10-39-49_p0017_s162_b3,2024-02-22 10:39:49,162,TOMAR-BANHO CORPO PIOR,3400,7550
15-05-2024_16-49-58_p0032,2024-05-15 16:49:58,148.24,X,1580,6010
20-05-2024_11-35-23_p0034_s35_b1,2024-05-20 11:35:23,35,ARREPIAR FRIO,2810,6390
23-05-2024_14-41-51_p0035_s160_b3,2024-05-23 14:41:51,160,PLANO ANDAR CORPO PIOR,2450,7590
19-07-2024_15-46-06_p0040_s64_b1,2024-07-19 15:46:06,64,QUASE CABEÇA-SAIR NASCER,4910,9770
29-04-2024_16-49-48_p0024_s43_b1,2024-04-29 16:49:48,43,ESCORPIÃO PICAR,1820,6120
10-05-2024_16-25-37_p0033_s8_b1,2024-05-10 16:25:37,8,DOR COSTAS,1250,4240
19-03-2024_15-20-21_p0022_s124_b2,2024-03-19 15:20:21,124,GASES,5200,8030
21-02-2024_11-51-32_p0013_s54_b1,2024-02-21 11:51:32,54,VERMELHO SANGRAR-BOCA,2380,5950
28-06-2024_14-09-44_p0035_s10_b1,2024-06-28 14:09:44,10,DOR BARRIGA,1600,4660
17-06-2024_14-57-27_p0019_s98_b2,2024-06-17 14:57:27,98,DOR BEXIGA,2040,6740
26-08-2024_15-19-55_p0019_s14_b1,2024-08-26 15:19:55,14,DOR PERNA ATRÁS,2260,6730
23-04-2024_14-58-49_p0026_s3_b1,2024-04-23 14:58:49,3,MUDAR COMPORTAMENTO,2370,4910
13-03-2024_14-55-11_p0014_s94_b2,2024-03-13 14:55:11,94,DOR OUVIDO-DIREITO OUVIDO-ESQUERDO,2670,7260
12-03-2024_14-47-32_p0022_s76_b1,2024-03-12 14:47:32,76,LIMPAR CASA,3100,6360
20-02-2024_16-26-38_p0015_s228_b4,2024-02-20 16:26:38,228,AIDS,1640,4600
22-01-2024_16-41-43_p9,2024-01-22 16:41:43,170.9,9,1240,3750
08-05-2024_16-20-09_p0033,2024-05-08 16:20:09,P17.1,VOCÊ JÁ VACINAR COVID-19,4680,7920
11-05-2024_10-11-22_p0034_s241_b3,2024-05-11 10:11:22,241,TRAZER RECEITA REMÉDIO,3960,7620
25-03-2024_16-30-46_p0020_s134_b2,2024-03-25 16:30:46,134,MASTIGAR,920,4290
23-04-2024_11-43-03_p0024_s265_b4,2024-04-23 11:43:03,265,VINHO,1580,3650
27-03-2024_15-29-15_p0015_s136_b2,2024-03-27 15:29:15,136,ANDAR,1750,4770
22-02-2024_11-49-17_p0017_s255_b4,2024-02-22 11:49:17,255,ALERGIA CATEGORIA T R I G O FARINHA,1230,7910
25-03-2024_15-47-54_p0020_s255_b4,2024-03-25 15:47:54,255,ALERGIA CATEGORIA T R I G O FARINHA,1850,6500
16-04-2024_10-21-52_p0025_s214_b4,2024-04-16 10:21:52,214,FEZES-LÍQUIDAS BRILHANTE,2190,5100
08-05-2024_15-19-25_p0033_s164_b3,2024-05-08 15:19:25,164,DEITAR CALMA PIOR,5480,8470
08-04-2024_15-29-13_p0021_s89_b2,2024-04-08 15:29:13,89,DOR LADO-CABEÇA,2030,5250
03-05-2024_18-58-44_p0031_s197_b3,2024-05-03 18:58:44,197,CATARRO COLA CLARO,1470,6310
20-05-2024_15-59-08_p0023_s146_b2,2024-05-20 15:59:08,146,REMÉDIO,1510,4610
19-07-2024_14-30-18_p0040,2024-07-19 14:30:18,148.6,F,1410,3360
10-05-2024_09-48-52_p0030_s240_b4,2024-05-10 09:48:52,240,VÍCIO FUMAR,2030,5760
16-04-2024_15-59-28_p0016_s205_b3,2024-04-16 15:59:28,205,TRÊS VACINA,1580,4610
10-05-2024_16-25-48_p0033_s9_b1,2024-05-10 16:25:48,9,DOR LOMBAR,1220,4250
29-04-2024_15-31-37_p0024,2024-04-29 15:31:37,170.2,2,3000,4320
28-06-2024_14-08-21_p0035_s6_b1,2024-06-28 14:08:21,6,DOR PESCOÇO,1880,5270
13-05-2024_16-36-32_p0028_sP20_b3,2024-05-13 16:36:32,P20,VOCÊ TER RELATÓRIO AO-LONGO-DO-TEMPO,2590,6800
19-06-2024_09-58-44_p0036_s21_b1,2024-06-19 09:58:44,21,EVACUAR-ESPALHAR,2560,5770
18-04-2024_15-46-56_p0026,2024-04-18 15:46:56,148.8,H,2810,4910
02-05-2024_16-13-04_p0026_s269_b4,2024-05-02 16:13:04,269,CACHAÇA,1250,3850
11-05-2024_10-03-08_p0034_s198_b3,2024-05-11 10:03:08,198,CATARRO COLA BRANCO,2190,6790
08-04-2024_16-29-34_p0021_s3_b1,2024-04-08 16:29:34,3,MUDAR COMPORTAMENTO,1440,4840
22-02-2024_15-35-57_p0014,2024-02-22 15:35:57,P11.4,AO-LONGO-DO-TEMPO DOR COMO AUMENTAR O U DIMINUIR,2240,12840
12-03-2024_10-48-36_p0021_s269_b4,2024-03-12 10:48:36,269,CACHAÇA,2180,3940
24-05-2024_19-10-16_p0031,2024-05-24 19:10:16,148.15,O,2370,3640
08-05-2024_10-03-39_p0030_s149_b2,2024-05-08 10:03:39,149,DEVAGAR,2050,3410
12-03-2024_10-31-44_p0021_s235_b4,2024-03-12 10:31:44,235,OBESIDADE,5230,7950
05-03-2024_10-44-20_p0014_s69_b1,2024-03-05 10:44:20,69,30 MINUTO,3700,6540
12-03-2024_14-42-34_p0022_s64_b1,2024-03-12 14:42:34,64,QUASE CABEÇA-SAIR NASCER,2290,6750
24-07-2024_14-16-05_p0041_s24_b1,2024-07-24 14:16:05,24,VOMITAR,3620,6070
29-04-2024_16-40-37_p0024_s25_b1,2024-04-29 16:40:37,25,FEZES ESCURO,2500,6490
03-05-2024_18-59-05_p0031_s198_b3,2024-05-03 18:59:05,198,CATARRO COLA BRANCO,1380,5990
18-06-2024_14-57-02_p0028_s89_b2,2024-06-18 14:57:02,89,DOR LADO-CABEÇA,1980,4210
12-03-2024_14-23-15_p0022_s18_b1,2024-03-12 14:23:15,18,DIFÍCIL RESPIRAR,2580,7360
26-02-2024_15-42-29_p0019_s229_b4,2024-02-26 15:42:29,229,CÂNCER,2050,4180
12-03-2024_14-24-34_p0022_s20_b1,2024-03-12 14:24:34,20,TONTURA CAIR-PESSOA,4240,8030
10-05-2024_15-09-06_p0033_s216_b4,2024-05-10 15:09:06,216,FEZES-LÍQUIDAS-EXPLODIR,2650,3790
05-06-2024_09-46-31_p0036_s211_b4,2024-06-05 09:46:31,211,FRAGMENTOS MISTURAR MOLE,2060,8090
17-07-2024_14-21-56_p0041_s105_b2,2024-07-17 14:21:56,105,DOR TESTÍCULOS,1640,5770
30-04-2024_13-42-15_p0024_s147_b2,2024-04-30 13:42:15,147,JEJUM,3480,5960
28-06-2024_15-50-17_p0035_s281_b4,2024-06-28 15:50:17,281,TAÇA TOMAR VINHO TODO-DIA,1180,8810
22-02-2024_11-04-47_p0017_s181_b3,2024-02-22 11:04:47,181,PESCOÇO DOR ESPALHAR,2200,7490
20-05-2024_15-14-16_p0023_s86_b2,2024-05-20 15:14:16,86,UM MÊS,1280,3860
12-03-2024_10-26-42_p0021_s234_b4,2024-03-12 10:26:42,234,TOSSIR CATARRO VERMELHO,3040,6650
07-03-2024_14-15-02_p0010,2024-03-07 14:15:02,148.25,Y,1620,2850
19-03-2024_15-12-48_p0022_s114_b2,2024-03-19 15:12:48,114,DOR CHOQUE,2130,5870
24-01-2024_17-35-29_p10,2024-01-24 17:35:29,273,UM LATA UMA-VEZ SEMANA,2610,6190
07-03-2024_14-11-27_p0010,2024-03-07 14:11:27,148.10,J,940,1800
08-04-2024_16-37-25_p0021_s15_b1,2024-04-08 16:37:25,15,DOR PÉ P E,1580,5410
16-05-2024_14-37-31_p0034_s114_b2,2024-05-16 14:37:31,114,DOR CHOQUE,3110,6780
13-03-2024_15-08-49_p0014_s119_b2,2024-03-13 15:08:49,119,SENTIR MAL,5140,7580
13-03-2024_16-11-56_p0014_s266_b4,2024-03-13 16:11:56,266,DOSE ÁLCOOL,2390,5950
07-03-2024_13-47-38_p0010_s98_b2,2024-03-07 13:47:38,98,DOR BEXIGA,910,2990
06-05-2024_15-43-11_p0032_s255_b4,2024-05-06 15:43:11,255,ALERGIA CATEGORIA T R I G O FARINHA,2810,8880
16-04-2024_15-23-45_p0016,2024-04-16 15:23:45,P9.6,SUBIR-ESCADA FÍSICO PIOR,1350,6200
18-04-2024_15-53-44_p0026_s155_b2,2024-04-18 15:53:44,155,PARAR,1580,4250
18-04-2024_15-20-49_p0026_s84_b2,2024-04-18 15:20:49,84,TRÊS-DIAS,2100,4740
27-05-2024_16-43-09_p0032_s30_b1,2024-05-27 16:43:09,30,FERIR PELE,1940,5400
30-04-2024_13-52-45_p0024_s151_b2,2024-04-30 13:52:45,151,OBRIGADO,2570,3510
29-04-2024_11-33-22_p0029_s98_b2,2024-04-29 11:33:22,98,DOR BEXIGA,2510,5270
20-05-2024_15-40-22_p0023_s118_b2,2024-05-20 15:40:22,118,OLHOS-LACRIMEJAR,2400,6300
03-05-2024_08-37-35_p0030_s29_b1,2024-05-03 08:37:35,29,INCHAR,2500,4040
07-05-2024_15-04-05_p0027_s35_b1,2024-05-07 15:04:05,35,ARREPIAR FRIO,1870,5660
18-04-2024_15-40-11_p0026_s136_b2,2024-04-18 15:40:11,136,ANDAR,1600,4500
18-03-2024_11-23-09_p0013_s236_b4,2024-03-18 11:23:09,236,FÍGADO INFLAMADO,1810,6120
08-06-2024_10-22-07_p0031_s9_b1,2024-06-08 10:22:07,9,DOR LOMBAR,1810,4160
03-04-2024_15-42-50_p0023_s226_b4,2024-04-03 15:42:50,226,PRESSÃO ALTO,2440,4720
22-02-2024_11-34-43_p0017,2024-02-22 11:34:43,P18.1,ENJOAR O U VOMITAR,2630,7480
18-03-2024_11-38-56_p0013_s269_b4,2024-03-18 11:38:56,269,CACHAÇA,1500,4280
18-04-2024_15-26-40_p0026_s99_b2,2024-04-18 15:26:40,99,DOR BAIXO-VENTRE,1650,6760
03-05-2024_08-34-26_p0030_s21_b1,2024-05-03 08:34:26,21,EVACUAR-ESPALHAR,2230,4320
07-03-2024_14-00-42_p0010_s127_b2,2024-03-07 14:00:42,127,COMER COISAS ÓLEO,1480,4160
11-05-2024_10-10-45_p0034,2024-05-11 10:10:45,P21.1,DOCUMENTO REMÉDIO VOCÊ TRAZER,2980,6250
15-05-2024_16-03-03_p0032_s128_b2,2024-05-15 16:03:03,128,LOCAIS BARULHO,2310,6930
08-05-2024_15-13-35_p0033_s159_b3,2024-05-08 15:13:35,159,SUBIR-MORRO CORPO PIOR NÃO,2900,8440
27-03-2024_16-29-07_p0015_s73_b1,2024-03-27 16:29:07,73,COMER,1880,4450
22-04-2024_09-47-23_p0025_s241_b3,2024-04-22 09:47:23,241,TRAZER RECEITA REMÉDIO,2760,6000
10-05-2024_16-39-54_p0033_s42_b1,2024-05-10 16:39:54,42,COBRA PICAR,1560,4130
21-02-2024_12-03-19_p0013_s68_b1,2024-02-21 12:03:19,68,15 MINUTO,1930,4130
03-05-2024_18-58-20_p0031,2024-05-03 18:58:20,P15.4,CATARRO COLA COR QUAL,970,6820
17-06-2024_15-15-15_p0019_s122_b2,2024-06-17 15:15:15,122,TODA-HORA URINAR,1830,6740
08-05-2024_09-31-38_p0030_s91_b2,2024-05-08 09:31:38,91,DOR LADO-CABEÇA LADO-CABEÇA,2040,6140
02-04-2024_15-20-09_p0021,2024-04-02 15:20:09,P11.1,SENTIR DOR DEPOIS SUMIR OUTRA-VEZ SENTIR DOR SUMIR VOLTAR SUMIR,2240,14630
03-05-2024_08-54-54_p0030_s69_b1,2024-05-03 08:54:54,69,30 MINUTO,2820,4930
19-06-2024_09-52-04_p0036_s8_b1,2024-06-19 09:52:04,8,DOR COSTAS,1600,5110
26-08-2024_15-19-01_p0019_s12_b1,2024-08-26 15:19:01,12,DOR BRAÇO,4220,8020
22-02-2024_13-24-02_p0018_s22_b1,2024-02-22 13:24:02,22,EVACUAR MOLE VERMELHO,3820,8180
18-03-2024_11-27-35_p0013_s248_b4,2024-03-18 11:27:35,248,ALERGIA CACHORRO,1780,5960
24-01-2024_17-29-21_p10,2024-01-24 17:29:21,P23.3,DURANTE-O-DIA FUMAR QUANTOS,3170,7030
30-01-2024_11-12-38_p11,2024-01-30 11:12:38,36,SUAR SUAR SUAR,910,5700
26-08-2024_15-21-59_p0019_s19_b1,2024-08-26 15:21:59,19,PALPITAÇÃO,2530,4700
29-02-2024_13-48-01_p0010_s18_b1,2024-02-29 13:48:01,18,DIFÍCIL RESPIRAR,2100,5150
07-05-2024_14-21-14_p0027_s240_b4,2024-05-07 14:21:14,240,VÍCIO FUMAR,2420,4960
22-04-2024_09-08-39_p0025,2024-04-22 09:08:39,P9.3,PLANO ANDAR FÍSICO PIOR,1900,8500
30-01-2024_14-12-08_p12,2024-01-30 14:12:08,P4,TEMPO QUAL HORAS-DURAÇÃO TEMPO,1440,4020
16-04-2024_10-47-59_p0025_s257_b4,2024-04-16 10:47:59,257,ALERGIA REMÉDIO NÃO-TER,2150,4600
24-04-2024_15-48-24_p0027_s182_b3,2024-04-24 15:48:24,182,QUEIXO DOR ESPALHAR,4380,9520
22-02-2024_15-44-22_p0014_s193_b3,2024-02-22 15:44:22,193,FICAR-EM-PÉ SENTAR DEITAR DOR PIORAR NÃO,4960,11010
15-05-2024_16-54-53_p0032_s156_b2,2024-05-15 16:54:53,156,NÃO-ENTENDER,1540,5890
26-02-2024_16-04-50_p0019_s260_b4,2024-02-26 16:04:50,260,NÃO FUMAR,2540,6820
19-03-2024_14-56-17_p0022_s87_b2,2024-03-19 14:56:17,87,SIM,1830,3470
05-06-2024_09-42-19_p0036_s209_b4,2024-06-05 09:42:19,209,NENHUM VONTADE NADA VOMITAR,2480,7350
16-04-2024_15-38-22_p0016_s178_b3,2024-04-16 15:38:22,178,CINCO ANO,1300,4580
12-03-2024_14-40-58_p0022_s61_b1,2024-03-12 14:40:58,61,PELE QUEIMAR,2390,6980
21-02-2024_15-56-52_p0016_s147_b2,2024-02-21 15:56:52,147,JEJUM,1290,4430
05-06-2024_15-45-27_p0037_s283_b4,2024-06-05 15:45:27,283,UM COPO UMA-VEZ SEMANA,1700,6290
20-05-2024_12-33-19_p0034_s270_b4,2024-05-20 12:33:19,270,G-I-N,3060,5340
23-04-2024_15-29-52_p0026_s65_b1,2024-04-23 15:29:52,65,NASCER VIVO,3530,6250
30-01-2024_11-18-05_p11,2024-01-30 11:18:05,55,VERMELHO NARIZ-SANGRAR GRIPE,1030,7100
22-02-2024_11-44-51_p0017_s239_b4,2024-02-22 11:44:51,239,VÍCIO BEBER ÁLCOOL,2280,5880
07-05-2024_15-19-37_p0027_s76_b1,2024-05-07 15:19:37,76,LIMPAR CASA,1760,5210
13-05-2024_16-22-40_p0028,2024-05-13 16:22:40,P15.2,TOSSE COMO,1530,5110
18-04-2024_10-26-17_p0025_s47_b1,2024-04-18 10:26:17,47,XIXI SENTIR IGUAL QUENTE,1770,7440
23-04-2024_15-08-03_p0026_s17_b1,2024-04-23 15:08:03,17,CHIAR,2910,5080
23-04-2024_11-25-38_p0024_s227_b4,2024-04-23 11:25:38,227,ASMA,1370,4960
27-03-2024_16-08-06_p0015_s24_b1,2024-03-27 16:08:06,24,VOMITAR,1710,4510
08-08-2024_14-41-22_p0042,2024-08-08 14:41:22,P6.1,ONDE DOR,1860,4180
29-02-2024_13-50-53_p0010_s25_b1,2024-02-29 13:50:53,25,FEZES ESCURO,2320,4280
06-05-2024_15-57-29_p0032_s261_b4,2024-05-06 15:57:29,261,UM ANO,2690,5740
08-05-2024_10-01-25_p0030,2024-05-08 10:01:25,148.19,S,2320,3420
21-02-2024_15-16-19_p0016_s82_b2,2024-02-21 15:16:19,82,SEIS HORAS,1710,4230
24-04-2024_15-33-33_p0027,2024-04-24 15:33:33,170.4,4,3080,3900
22-02-2024_14-05-35_p0018_s95_b2,2024-02-22 14:05:35,95,DOR OLHOS,2250,6980
24-04-2024_16-20-44_p0027,2024-04-24 16:20:44,P21.1,DOCUMENTO REMÉDIO VOCÊ TRAZER,3500,7380
25-03-2024_16-17-50_p0020_s112_b2,2024-03-25 16:17:50,112,DOR QUEIMAR,1190,5190
27-03-2024_16-06-21_p0015_s19_b1,2024-03-27 16:06:21,19,PALPITAÇÃO,1720,4580
21-02-2024_16-06-47_p0016,2024-02-21 16:06:47,148.11,K,1160,4160
03-05-2024_14-22-59_p0027,2024-05-03 14:22:59,148.3,C,2650,5390
13-03-2024_15-58-45_p0014,2024-03-13 15:58:45,P22.1,VOCÊ TER ALERGIA ENTÃO,2910,7730
17-07-2024_14-27-31_p0041,2024-07-17 14:27:31,P6.4,DOR IGUAL QUEIMAR,1820,6130
22-02-2024_11-10-48_p0017_s194_b3,2024-02-22 11:10:48,194,TOSSE SECO,2570,4930
16-04-2024_10-31-53_p0025_s228_b4,2024-04-16 10:31:53,228,AIDS,1880,3320
21-02-2024_11-31-54_p0013_s11_b1,2024-02-21 11:31:54,11,DOR GARGANTA,1960,5820
26-04-2024_14-38-25_p0028_s18_b1,2024-04-26 14:38:25,18,DIFÍCIL RESPIRAR,2860,7770
30-01-2024_14-32-41_p12,2024-01-30 14:32:41,107,DOR PROFUNDO,2530,5810
17-06-2024_15-16-02_p0019_s124_b2,2024-06-17 15:16:02,124,GASES,1840,6160
19-03-2024_15-12-20_p0022_s113_b2,2024-03-19 15:12:20,113,DOR PONTADA,3440,8060
26-04-2024_15-04-19_p0028_s64_b1,2024-04-26 15:04:19,64,QUASE CABEÇA-SAIR NASCER,1700,6390
24-04-2024_16-01-13_p0027_s195_b3,2024-04-24 16:01:13,195,CATARRO COLA NENHUM,4570,8510
03-05-2024_14-18-59_p0027_s139_b2,2024-05-03 14:18:59,139,BRAÇO MEXER-BRAÇO,2030,6670
30-04-2024_13-47-43_p0024,2024-04-30 13:47:43,148.15,O,2680,3460
24-07-2024_14-24-26_p0041_s43_b1,2024-07-24 14:24:26,43,ESCORPIÃO PICAR,1750,5530
26-08-2024_15-49-45_p0019_s77_b1,2024-08-26 15:49:45,77,EXERCÍCIO-FÍSICO,2450,4680
03-05-2024_08-57-00_p0030_s73_b1,2024-05-03 08:57:00,73,COMER,2200,3620
08-05-2024_09-56-41_p0030,2024-05-08 09:56:41,148.2,B,2180,2800
17-06-2024_15-17-23_p0019_s125_b2,2024-06-17 15:17:23,125,COMER CATEGORIA ÁCIDO MAIS APIMENTADO,1930,7770
20-05-2024_15-15-25_p0023_s87_b2,2024-05-20 15:15:25,87,SIM,2560,4270
27-03-2024_16-27-54_p0015_s72_b1,2024-03-27 16:27:54,72,2-MÊS,1350,4050
20-05-2024_15-18-20_p0023_s91_b2,2024-05-20 15:18:20,91,DOR LADO-CABEÇA LADO-CABEÇA,1700,6320
15-05-2024_16-49-05_p0032,2024-05-15 16:49:05,148.22,V,2150,5680
18-03-2024_11-33-25_p0013,2024-03-18 11:33:25,P22.3,QUAL MEDICAMENTO,1910,5850
22-02-2024_15-43-35_p0014,2024-02-22 15:43:35,P13.2,MOMENTO FICAR-EM-PÉ SENTAR DEITAR DOR PIORAR,2090,10270
29-02-2024_13-40-16_p0010_s8_b1,2024-02-29 13:40:16,8,DOR COSTAS,2350,4750
06-05-2024_16-04-08_p0032_s270_b4,2024-05-06 16:04:08,270,G-I-N,4500,8060
03-04-2024_15-52-30_p0023_s240_b4,2024-04-03 15:52:30,240,VÍCIO FUMAR,1630,4830
20-02-2024_16-26-57_p0015_s229_b4,2024-02-20 16:26:57,229,CÂNCER,1370,4660
21-02-2024_15-25-27_p0016_s103_b2,2024-02-21 15:25:27,103,DOR JOELHO-DIREITO JOELHO-ESQUERDO,1970,6240
03-04-2024_15-41-15_p0023_s224_b4,2024-04-03 15:41:15,224,INFARTO,3000,4040
17-06-2024_15-00-54_p0019_s105_b2,2024-06-17 15:00:54,105,DOR TESTÍCULOS,6720,11610
22-04-2024_09-43-35_p0025,2024-04-22 09:43:35,P17.2,QUANTOS VACINAR,1570,4240
30-01-2024_14-28-21_p12, 2024-01-30 14:28:21,98.1,DOR BEXIGA,3470,5490